source_index,evid,sncl,label,label_name,snr,mag,dist
1387118,11128594,CI.LMR2.HHZ,0,up,2.1602423191070557,1.599609375,82.875
861627,14135032,CI.WCH.EHZ,0,up,75.28646087646484,3.240234375,75.75
443595,11070765,NC.MMI.EHZ,0,up,55.720252990722656,2.5,100.6875
1892851,13939920,AZ.KNW.HHZ,1,down,13.920507431030273,0.990234375,4.30859375
784435,10182161,CI.JCS.HHZ,0,up,6.504787445068359,1.01953125,62.25
754905,9675817,CI.TOW.EHZ,0,up,1.960418462753296,1.4404296875,21.09375
1268297,14003992,AZ.LVA2.HHZ,1,down,14.365315437316895,1.25,20.8125
1828676,10835789,PB.B093.EHZ,0,up,95.25318145751953,1.8798828125,26.59375
118447,10487205,CI.HOL.EHZ,1,down,10.405146598815918,1.66015625,64.375
726014,9144677,CI.GTM.EHZ,0,up,5.94028902053833,1.759765625,36.90625
2458925,10532037,AZ.CRY.HHZ,1,down,22.135845184326172,1.3896484375,44.5
2344754,14617708,CI.BOR.HHZ,1,down,6.880241394042969,2.26953125,80.4375
597514,9646773,CI.WCH.EHZ,1,down,6.37729024887085,2.2109375,23.0625
1796631,10833845,CI.BAC.EHZ,1,down,37.2384033203125,1.5498046875,57.8125
212980,14923972,NP.5062.HLZ,1,down,4.247605800628662,2.990234375,67.5
644507,10983221,CI.DJJ.HHZ,1,down,9.985050201416016,1.26953125,13.7109375
183984,11022861,CI.EMS.EHZ,0,up,14.424701690673828,2.58984375,67.1875
1221501,9799665,CI.FRK.EHZ,1,down,175.10614013671875,3.0,51.875
1836332,11280602,AZ.BZN.HHZ,1,down,54.18583679199219,1.330078125,19.25
2309950,10083853,CI.FRK.EHZ,1,down,17.77094268798828,1.849609375,24.328125
209506,9674185,CI.CLC.EHZ,0,up,32.82206344604492,2.060546875,33.46875
1096198,14285388,CI.WRC.EHZ,0,up,83.13272857666016,1.9697265625,27.109375
410444,14094976,CI.MCT.HHZ,0,up,3.783210039138794,1.8203125,87.25
385291,10215969,CI.BEL.HHZ,0,up,6.569911003112793,1.1201171875,79.0
1747419,9614153,CI.HMT.EHZ,0,up,3.8132545948028564,2.140625,109.4375
1903545,10378453,EN.YOU.EHZ,1,down,6.672321796417236,1.080078125,9.0078125
1786018,14214112,CI.WRC.EHZ,0,up,12.953228950500488,1.4599609375,37.1875
1509307,13287504,CI.CTW.EHZ,0,up,6.625838279724121,1.98046875,76.75
683308,14324976,CI.WCH.EHZ,1,down,27.18892478942871,2.23046875,30.015625
524672,11210306,CI.MWC.HHZ,0,up,6.574224948883057,2.08984375,75.5625
1269586,14432496,NP.5271.HLZ,1,down,16.273357391357422,3.330078125,4.12890625
716085,9715305,CI.OLY.EHZ,0,up,4.146806716918945,1.400390625,40.3125
1818050,13998144,AZ.YAQ.HHZ,1,down,52.289268493652344,1.01953125,6.53125
1086054,10187013,AZ.FRD.HHZ,0,up,19.486282348632812,0.83984375,16.734375
469214,13945384,CI.SIL.EHZ,1,down,34.283714294433594,1.0595703125,5.0390625
1662211,14957852,CI.SDR.HHZ,1,down,57.67341613769531,1.25,25.734375
2130091,10187409,CI.THC.EHZ,1,down,122.29338836669922,2.599609375,38.09375
758643,14151936,CI.BAC.EHZ,0,up,44.79158401489258,1.5,46.375
448188,14404564,CI.BBR.HHZ,1,down,568.144775390625,3.19921875,28.78125
137800,14557636,CI.HMT.EHZ,1,down,5.053247928619385,0.68994140625,52.125
1753308,10981317,AZ.TRO.HHZ,1,down,21.71226692199707,1.33984375,19.875
2456973,10098517,CI.GAV.EHZ,1,down,7.928102016448975,1.98046875,24.71875
1212860,10147233,CI.BOR.HHZ,0,up,5.564157962799072,1.0400390625,54.46875
414088,10178833,CI.GTM.EHZ,1,down,14.07066535949707,1.259765625,22.953125
585027,9161307,CI.SBK.EHZ,0,up,123.9760513305664,1.849609375,10.0
1044514,10264337,AZ.TRO.HHZ,1,down,5.26942253112793,0.389892578125,4.69921875
1856299,10317961,CI.SDR.HHZ,1,down,2.9538235664367676,1.1298828125,88.4375
153838,14885804,CI.IBP.HHZ,1,down,2.9338278770446777,1.9501953125,25.015625
1297457,11340602,CI.NBS.HHZ,1,down,9.823238372802734,2.58984375,60.71875
1161086,13935784,CI.DNR.HHZ,1,down,2.3996338844299316,1.099609375,9.359375
2038468,12339520,AZ.LVA2.HHZ,0,up,110.68563079833984,1.6796875,11.84375
1229873,10356701,CI.CBK.EHZ,1,down,2.400073528289795,1.599609375,36.71875
2474738,9711977,CI.WBM.EHZ,0,up,2.766101360321045,1.2998046875,25.09375
316460,14342644,AZ.CRY.HHZ,1,down,3.3918042182922363,0.5498046875,26.53125
1094669,14162972,AZ.CRY.HHZ,0,up,23.71683692932129,1.51953125,23.953125
839135,11411962,CI.JVA.HHZ,1,down,79.21564483642578,2.470703125,58.34375
2285115,10378029,PB.B084.EHZ,1,down,7.694762706756592,0.89990234375,50.9375
1192764,10738885,AZ.FRD.HHZ,0,up,10.209701538085938,0.60986328125,13.1875
1707909,10405177,CI.TPC.EHZ,0,up,68.75656127929688,1.48046875,35.125
649737,14187640,CI.CLC.HHZ,0,up,5.8450026512146,0.39990234375,31.40625
378512,9872905,CI.GTM.EHZ,1,down,3.574723482131958,0.7998046875,15.2265625
1600215,14957372,CI.SLR.HHZ,1,down,8.654349327087402,1.66015625,13.421875
7807,11389482,CI.BOR.HHZ,1,down,2.6933746337890625,2.130859375,109.3125
1817320,13998768,CI.YUH.EHZ,0,up,352.549560546875,3.58984375,73.4375
1216211,14177792,CI.WVP.EHZ,1,down,3.6483123302459717,0.39990234375,30.75
395572,14288856,AZ.SND.HHZ,0,up,2.350785493850708,0.6201171875,6.75
1151447,14006936,CI.CRR.EHZ,0,up,8.587327003479004,1.0595703125,42.28125
1848495,10623173,ZY.SHCM.EHZ,1,down,29.507522583007812,1.419921875,11.0703125
1334957,14347288,CI.SGL.EHZ,0,up,13.892967224121094,1.76953125,44.0625
1556142,10069869,CI.JVA.HHZ,0,up,29.61800765991211,1.150390625,13.9921875
1607430,10310889,CI.RMR.EHZ,0,up,7.4434332847595215,1.599609375,67.6875
2070207,10062381,AZ.CRY.HHZ,0,up,6.737682342529297,0.8701171875,23.8125
1092916,14297228,PB.B081.EHZ,1,down,9.16884708404541,0.64990234375,7.33984375
930387,10054025,CI.WMF.EHZ,0,up,70.31148529052734,1.759765625,2.51953125
49575,15156305,CI.RMM.EHZ,1,down,159.84262084960938,2.640625,34.8125
586014,10182313,CI.MCT.HHZ,0,up,4.335672855377197,0.89990234375,48.125
477536,13687876,CI.ISA.HHZ,1,down,4.12360954284668,0.43994140625,18.09375
804311,14166212,CI.CFT.EHZ,0,up,5.530244827270508,1.73046875,13.5234375
575013,14235832,CI.MIR.EHZ,1,down,14.1931734085083,1.6201171875,19.953125
909947,10202129,CI.PEM.EHZ,1,down,31.80506706237793,2.5703125,112.1875
1311381,10226289,AZ.LVA2.HHZ,1,down,10.387152671813965,0.919921875,47.28125
540069,10372593,AZ.BZN.HHZ,1,down,11.033953666687012,1.1103515625,61.6875
1273858,14238464,CI.PLE.EHZ,1,down,17.843692779541016,1.41015625,17.1875
767916,9719389,CI.POB.EHZ,1,down,14.398286819458008,1.4501953125,45.9375
1044254,9132469,CI.RAG.EHZ,0,up,11.950151443481445,1.2998046875,13.4765625
1112577,9991489,AZ.WMC.HHZ,0,up,6.331733703613281,0.7998046875,22.453125
998635,9647609,CI.WWP.EHZ,1,down,6.1074299812316895,1.58984375,36.28125
799767,10929165,PB.B086.EHZ,1,down,15.448938369750977,0.580078125,13.65625
1133434,9719085,AZ.PFO.HHZ,1,down,64.0328369140625,1.91015625,11.59375
2234360,10353761,AZ.WMC.HHZ,1,down,2.2156291007995605,0.81982421875,12.6875
1273983,13843496,CI.WHF.EHZ,1,down,23.853885650634766,0.81005859375,2.580078125
1849898,10630213,CI.ISA.HHZ,1,down,13.399308204650879,1.3203125,36.71875
97587,14240524,CI.CBK.EHZ,1,down,3.8311007022857666,1.4599609375,42.84375
1202304,10099321,CI.WLH.EHZ,0,up,17.795024871826172,2.0,36.5
77493,9155769,CI.BOR.HHZ,0,up,9.841636657714844,1.5703125,12.4375
755512,9877101,CI.TPC.EHZ,0,up,8.298683166503906,1.5703125,77.9375
2082557,9942317,AZ.PFO.HHZ,1,down,7.552958965301514,1.099609375,14.0234375
1460199,14220060,CI.EL2.EHZ,1,down,2.5384113788604736,1.01953125,36.9375
1398847,10546517,CI.TJR.EHZ,0,up,31.307010650634766,1.8701171875,31.953125
1096558,9146115,CI.PLM.HHZ,0,up,7.979631423950195,0.89990234375,27.53125
1344154,15057036,PB.B082.EHZ,1,down,9.778949737548828,0.469970703125,12.28125
67893,13910468,CI.WRC.EHZ,0,up,12.007988929748535,0.66015625,10.7421875
839855,11327530,CI.BAR.HHZ,1,down,4.517997741699219,1.91015625,93.8125
654685,14376460,CI.DPP.HHZ,1,down,4.131920337677002,1.1103515625,83.9375
1977550,14920116,PB.B082.EHZ,1,down,10.779960632324219,1.3095703125,55.6875
414687,9677733,CI.WNM.EHZ,1,down,73.40148162841797,1.6201171875,18.6875
1978541,10352505,EN.LIN.EHZ,0,up,13.844942092895508,1.330078125,4.48828125
10642,14433592,CI.BOM.HHZ,1,down,6.383591651916504,1.0400390625,6.1015625
1298576,10729213,CI.COA.EHZ,1,down,12.31330394744873,2.44921875,80.75
1648714,10910341,AZ.KNW.HHZ,1,down,22.948627471923828,0.919921875,54.1875
1801187,10750957,CI.WSH.EHZ,0,up,30.362213134765625,2.650390625,63.90625
1446790,11371506,AZ.CRY.HHZ,1,down,3.064851760864258,0.52978515625,7.69921875
2011273,14343064,EN.ENG.EHZ,0,up,6.165931701660156,2.099609375,38.90625
179318,9969705,CI.SMM.HHZ,0,up,21.763090133666992,2.669921875,77.6875
417541,10995213,CI.MSC.HHZ,1,down,23.082094192504883,1.7998046875,66.1875
1534541,10185333,AZ.WMC.HHZ,1,down,15.849616050720215,1.7197265625,45.5
2378434,9973685,CI.EW2.EHZ,0,up,9.107924461364746,1.2001953125,29.5625
2112423,14349972,CI.BBR.HHZ,1,down,1.5869098901748657,1.2099609375,44.25
805307,9728673,CI.BAC.EHZ,1,down,29.439725875854492,1.7099609375,46.625
653969,14187484,CI.PLE.EHZ,1,down,104.98002624511719,1.2001953125,8.2578125
1141328,9137089,CI.RAG.EHZ,0,up,5.47769832611084,1.2998046875,30.09375
2194671,13946084,CI.TPM.EHZ,1,down,22.93910026550293,0.9501953125,2.990234375
2408068,14287800,CI.FRK.EHZ,0,up,49.67588424682617,3.560546875,88.0
1864642,14139148,CI.SAL.HHZ,0,up,3.1251261234283447,1.3896484375,31.6875
1222289,13059428,CI.HYS.EHZ,1,down,8.976014137268066,1.0302734375,54.65625
798944,10770021,CI.IBP.HHZ,0,up,10.877313613891602,1.419921875,45.1875
2187175,10434329,AZ.LVA2.HHZ,0,up,48.18730926513672,1.6103515625,42.4375
2127302,14233936,CI.BEL.HHZ,0,up,8.694478988647461,1.650390625,72.3125
1509110,9992089,AZ.YAQ.HHZ,0,up,23.010799407958984,1.580078125,37.625
798557,14066504,CI.SPG.HHZ,1,down,17.167224884033203,1.98046875,84.25
106968,15160057,CI.PMD.HHZ,1,down,2.0365054607391357,0.300048828125,16.09375
121598,9722497,CI.SAL.HHZ,0,up,5.400099754333496,2.1796875,28.109375
2345487,9773953,CI.RAY.EHZ,0,up,2.2752883434295654,1.26953125,66.9375
490144,10370945,CI.HMT.EHZ,0,up,7.749030113220215,0.91015625,38.03125
1180006,14406076,CI.EML.HHZ,1,down,53.04701232910156,2.259765625,64.125
788294,9159916,CI.ALV.EHZ,0,up,35.213104248046875,2.25,46.03125
55080,9996549,CI.ISA.HHZ,0,up,9.832408905029297,1.2998046875,26.65625
1478114,14198660,CI.TPM.EHZ,0,up,3.8729403018951416,1.6201171875,74.5
256218,10317485,CI.TOR.HHZ,0,up,8.881540298461914,0.740234375,22.8125
377908,9758185,CI.OAT.EHZ,0,up,119.06478881835938,2.220703125,6.26171875
2144680,14378188,CI.JEM.HHZ,1,down,10.350396156311035,0.75,47.0
684730,14069464,CI.POB.EHZ,1,down,93.25505065917969,2.5703125,109.75
1895596,11614264,CI.SIL.EHZ,0,up,4.188467025756836,1.740234375,47.9375
373920,10412393,PB.B093.EHZ,0,up,38.4425163269043,0.7900390625,15.1015625
2111014,9830869,CI.LRR.EHZ,0,up,4.85767936706543,1.73046875,80.1875
600651,10236197,PB.B087.EHZ,0,up,17.26215934753418,0.64990234375,16.84375
998922,9941705,CI.DJJ.HHZ,1,down,11.806504249572754,1.75,36.375
556311,14039184,CI.MDA.EHZ,1,down,21.953092575073242,2.55078125,44.03125
1373066,11672140,CI.TOW.EHZ,0,up,11.926432609558105,1.2998046875,26.28125
648470,11079482,AZ.BZN.HHZ,1,down,6.900829315185547,1.6201171875,69.5
611576,14314444,CI.BAC.EHZ,0,up,9.802257537841797,1.4296875,53.625
7097,10961125,CI.CRR.EHZ,0,up,4.251482009887695,1.6103515625,36.625
1858783,9135675,CI.RMR.EHZ,1,down,23.418004989624023,2.44921875,78.75
881507,14333676,CI.LDR.HHZ,1,down,13.391901969909668,1.7802734375,72.625
1517585,10892493,CI.JEM.HHZ,0,up,5.756058692932129,0.580078125,19.046875
701366,10179689,CI.LUC.EHZ,1,down,3.33101749420166,1.2099609375,31.203125
63755,14175916,CI.JCS.HHZ,0,up,3.272451877593994,0.83984375,68.8125
723528,14519724,EN.ELM.EHZ,1,down,6.151286602020264,1.1201171875,3.44921875
1437987,12459140,CI.GRP.EHZ,0,up,5.485021114349365,1.5,90.25
1119315,9811557,CI.POB.EHZ,1,down,4.580595016479492,1.419921875,35.78125
79486,13953024,AZ.FRD.HHZ,0,up,22.572458267211914,1.5595703125,38.6875
844570,14737348,CI.SGL.EHZ,1,down,6.896936416625977,1.9501953125,75.25
1727148,9661037,CI.WNM.EHZ,1,down,9.988311767578125,1.8203125,19.578125
1844855,14386936,CI.LRL.HHZ,1,down,3.444218158721924,1.419921875,33.84375
2493219,9636125,AZ.SND.HHZ,1,down,7.503468036651611,1.599609375,12.640625
1521636,10188774,CI.WES.HHZ,0,up,3.0836238861083984,2.099609375,18.6875
1788226,14385332,CI.LTP.HHZ,1,down,4.22690486907959,2.6796875,42.40625
261484,10412449,CI.PLM.HHZ,1,down,16.855436325073242,1.0595703125,25.796875
2188787,9717205,CI.SKY.EHZ,0,up,8.2523775100708,1.2900390625,29.484375
2020864,10029701,AZ.PFO.HHZ,0,up,14.491973876953125,1.5302734375,35.53125
2472888,10928909,AZ.BZN.HHZ,0,up,10.050597190856934,1.2998046875,22.4375
1747170,9674309,CI.CLC.EHZ,0,up,68.54043579101562,2.19921875,33.09375
1781278,11323658,CI.JEM.HHZ,0,up,55.7312126159668,1.91015625,16.90625
2439447,11333554,CI.CRR.EHZ,0,up,31.11585235595703,1.9404296875,27.421875
381716,14385284,CI.SKY.EHZ,1,down,1.9650285243988037,1.8203125,65.6875
1098902,11392210,EN.ENG.EHZ,0,up,2.5159873962402344,0.7001953125,6.41015625
1754860,10372213,PB.B082.EHZ,1,down,23.105876922607422,1.6298828125,48.8125
1358292,14088160,AZ.LVA2.HHZ,1,down,12.499094009399414,0.7099609375,46.0625
224064,11250650,CI.YUH.EHZ,0,up,31.261552810668945,3.130859375,10.1796875
2434471,9748097,CI.WBM.EHZ,0,up,21.7238712310791,2.099609375,46.59375
1777274,10080573,AZ.CRY.HHZ,1,down,3.6995315551757812,0.56005859375,11.8671875
2373456,11674940,CI.BMT.EHZ,1,down,11.520279884338379,1.6796875,119.5
565826,10368145,CI.WRV.EHZ,0,up,5.342989444732666,0.58984375,6.7109375
1464964,14333676,CI.ALP.HHZ,0,up,2.4332427978515625,1.7802734375,45.8125
1448950,10009333,CI.JRC2.HHZ,0,up,35.697120666503906,1.400390625,18.6875
67301,10928597,AZ.TRO.HHZ,1,down,17.37705421447754,2.080078125,6.55078125
304068,10726509,CI.WES.HHZ,0,up,3.829571485519409,1.3095703125,15.4375
772282,9162156,CI.HDB.EHZ,0,up,48.219879150390625,2.05078125,13.4296875
36605,14003488,AZ.KNW.HHZ,0,up,91.1427230834961,1.6201171875,27.4375
2105009,13575480,CI.BLA.HHZ,0,up,1.5431764125823975,0.72021484375,48.8125
1258870,13279452,CI.SKY.EHZ,1,down,2.39646053314209,0.6201171875,12.0390625
177779,10149805,CI.TPC.EHZ,0,up,4.338598728179932,0.9599609375,55.21875
300206,11415954,CI.BTL.EHZ,0,up,336.4736022949219,2.16015625,11.5078125
2079392,11325162,CI.SLR.HHZ,0,up,24.087553024291992,2.8203125,13.8125
956320,14170572,AZ.WMC.HHZ,0,up,2.5360796451568604,0.68994140625,20.0625
2465249,9976185,CI.MCT.HHZ,0,up,148.54214477539062,2.01953125,43.0
1830816,11418610,CI.TOR.HHZ,0,up,3.2638981342315674,0.58984375,23.953125
295993,11388994,BC.UABX.HHZ,0,up,1.9360694885253906,1.83984375,21.296875
122262,10792261,CI.CLC.HHZ,0,up,35.84817886352539,0.759765625,16.09375
464040,9675793,CI.JRC.HHZ,0,up,30.364280700683594,1.669921875,6.578125
1013505,14387904,PB.B082.EHZ,1,down,390.20794677734375,2.2890625,18.015625
2287820,14563996,EN.RED.EHZ,1,down,17.007200241088867,0.5,1.3603515625
1767447,14197548,CI.PLM.HHZ,0,up,15.4453763961792,1.349609375,45.0625
733248,14097968,CI.LMR2.HHZ,0,up,70.63258361816406,1.2998046875,12.4375
2269244,11129418,CI.WNM.EHZ,0,up,4.44858455657959,1.3896484375,56.6875
843711,13965864,CI.TEJ.EHZ,1,down,9.973593711853027,1.2099609375,39.84375
38257,15195937,AZ.SND.HHZ,1,down,24.851184844970703,1.3701171875,49.4375
569823,10457253,AZ.KNW.HHZ,0,up,21.876379013061523,0.7001953125,16.40625
1275918,14930852,CI.YUH.EHZ,1,down,59.58662796020508,1.9501953125,0.919921875
1821255,14024984,CI.WMF.EHZ,0,up,4.728666305541992,0.7001953125,10.21875
2364241,10276649,AZ.TRO.HHZ,0,up,4.9665398597717285,0.60986328125,2.5703125
1092023,11089890,AZ.TRO.HHZ,1,down,62.88125228881836,1.599609375,57.4375
622529,9721289,AZ.PFO.HHZ,1,down,12.254250526428223,1.4404296875,9.359375
949855,12271432,CI.SKY.EHZ,0,up,17.756046295166016,1.76953125,27.9375
51245,14153908,AZ.SND.HHZ,1,down,16.695650100708008,1.16015625,11.6015625
1163205,14612540,CI.SWS.HHZ,1,down,6.867133617401123,2.91015625,33.40625
1519759,14887612,CI.BAT.EHZ,1,down,4.117684841156006,1.349609375,32.6875
517957,14233092,CI.MIR.EHZ,1,down,6.033776760101318,1.650390625,19.4375
454082,10379909,CI.BFS.HHZ,1,down,20.127113342285156,0.93994140625,14.5234375
85996,9829965,CI.LEO.EHZ,0,up,3.486818790435791,1.7900390625,80.9375
1305413,11083994,AZ.SND.HHZ,0,up,8.957091331481934,1.0302734375,33.21875
387963,11412074,AZ.CRY.HHZ,0,up,5.218423366546631,0.1700439453125,25.71875
164304,14960332,CI.WAS.EHZ,1,down,56.460269927978516,1.599609375,45.65625
2113087,13938276,CI.RMM.EHZ,0,up,19.367273330688477,1.240234375,43.03125
648469,15104284,CI.TOR.HHZ,1,down,60.92610549926758,2.390625,23.796875
360944,10911669,CI.GMR.HHZ,1,down,18.124197006225586,1.330078125,58.46875
2029607,10761821,CI.WRC.EHZ,0,up,15.337369918823242,1.490234375,38.375
672538,10507293,CI.ERR.HHZ,0,up,8.600836753845215,2.23046875,36.59375
2156412,10356985,AZ.LVA2.HHZ,1,down,13.990859985351562,1.48046875,69.5625
1403739,10353441,SB.GVDA.HLZ,0,up,5.584454536437988,0.8798828125,6.37890625
2335839,10749149,CI.COK.EHZ,0,up,2.6761460304260254,0.77978515625,22.53125
1678918,15086892,CI.DNR.HHZ,1,down,19.24138832092285,1.66015625,28.40625
1216930,15201081,CI.SGL.EHZ,1,down,6.217596054077148,2.220703125,37.8125
2068666,14003432,AZ.YAQ.HHZ,1,down,6.618512153625488,0.8701171875,23.578125
345736,10962933,EN.ELM.EHZ,1,down,6.4503374099731445,1.1103515625,3.140625
1716806,14155364,CI.CAP.HHZ,1,down,2.4467151165008545,1.6201171875,75.875
1385487,9636865,CI.GAV.EHZ,0,up,6.8348307609558105,2.740234375,59.4375
279654,10738325,CI.TOR.HHZ,1,down,8.904565811157227,0.93017578125,26.265625
1850760,14133956,CI.HMT.EHZ,0,up,8.658641815185547,1.9501953125,83.8125
1790228,11090394,CI.DPP.HHZ,0,up,30.49791145324707,3.119140625,113.375
2246640,11210514,PB.B084.EHZ,1,down,11.58457088470459,1.1298828125,64.375
551766,13945600,CI.CLC.HHZ,0,up,53.18465805053711,0.830078125,12.7578125
1008071,14886732,CI.DEV.HHZ,1,down,16.349384307861328,2.849609375,27.046875
1290024,9727473,AZ.FRD.HHZ,0,up,190.45126342773438,1.400390625,14.609375
2232333,10068509,CI.CFT.EHZ,1,down,2.827362537384033,1.349609375,32.1875
1742471,14219296,CI.WRC.EHZ,0,up,101.0382080078125,1.6396484375,13.8828125
441787,9167046,CI.EW2.EHZ,1,down,6.121715068817139,1.8203125,50.28125
1947088,9608589,CI.EW2.EHZ,1,down,4.337129592895508,2.990234375,112.9375
1922447,9962081,CI.ISA.HHZ,1,down,7.7985453605651855,1.400390625,23.203125
7802,9158627,CI.BMT.EHZ,1,down,43.830810546875,1.9404296875,44.5
1858339,14377520,CI.YUH.EHZ,1,down,144.4370574951172,3.080078125,85.375
811976,10670757,CI.PDR.HHZ,1,down,2.8754920959472656,1.580078125,7.62109375
1084536,14738964,CI.YUH.EHZ,1,down,66.90538787841797,2.01953125,76.4375
1991223,11284802,CI.PMD.HHZ,1,down,5.846646785736084,0.669921875,34.90625
1115197,14372428,CI.HMT.EHZ,1,down,16.70734405517578,1.5498046875,25.3125
2398255,13960984,CI.CLC.EHZ,1,down,4.443879127502441,1.2197265625,48.0
1613295,9715137,CI.BAR.EHZ,0,up,3.20768404006958,1.5498046875,52.4375
213905,11077834,CI.PLM.HHZ,0,up,11.081449508666992,1.26953125,12.90625
1471866,14688900,ZY.SHCM.EHZ,1,down,80.61720275878906,2.359375,37.15625
463987,10988525,AZ.BZN.HHZ,1,down,8.536811828613281,1.6396484375,57.75
2224992,10902301,EN.OBS.EHZ,1,down,7.610061168670654,0.5,1.3603515625
56680,10208541,CI.CTW.EHZ,1,down,21.444252014160156,2.80078125,59.8125
1979915,9962281,CI.WBM.EHZ,0,up,14.65237045288086,1.4296875,31.46875
2003680,10080213,CI.RMR.EHZ,1,down,15.099202156066895,1.2900390625,59.15625
1047415,10835389,CI.YMD.EHZ,0,up,41.12498092651367,2.8203125,82.25
559210,10397905,CI.SDR.HHZ,1,down,21.56508445739746,1.599609375,57.9375
1851960,9636325,CI.WJP.EHZ,1,down,15.514634132385254,2.630859375,57.78125
2143060,11205346,CI.CFT.EHZ,1,down,7.469577789306641,1.2802734375,10.96875
2005509,10992227,CI.CLC.HHZ,0,up,6.787920951843262,1.73046875,31.609375
2356906,14314680,CI.CAP.HHZ,0,up,28.8786563873291,2.2109375,30.0625
1766129,9677845,CI.WJP.EHZ,1,down,4.538603782653809,1.3896484375,87.625
856599,10999517,BK.SAO.HHZ,0,up,229.13662719726562,2.859375,26.953125
2380974,14277516,CI.PLM.HHZ,0,up,17.37266731262207,1.98046875,41.6875
38969,10229593,CI.BFS.HHZ,0,up,31.58072853088379,1.23046875,8.6015625
1967211,15201961,ZY.COON.EHZ,1,down,5.626805305480957,3.380859375,43.5625
261981,14199156,CI.SLA.HHZ,0,up,3.8359432220458984,0.91015625,37.375
230906,11053029,CI.MPM.HHZ,1,down,20.286958694458008,0.64013671875,25.65625
1779988,9778921,CI.COA.EHZ,1,down,97.95172119140625,2.19921875,42.09375
2305025,10349005,CI.SLA.HHZ,0,up,3.8297204971313477,0.6298828125,38.59375
710205,14088084,CI.MPI.HHZ,0,up,9.906675338745117,1.4296875,9.34375
293034,14552100,CI.PMD.HHZ,1,down,16.277172088623047,0.72021484375,20.265625
1641132,10053913,AZ.SND.HHZ,1,down,236.97265625,2.689453125,12.40625
339286,9852849,CI.WVP.EHZ,0,up,6.757602214813232,1.6201171875,47.0625
937098,10833965,PB.B082.EHZ,1,down,19.097564697265625,1.0498046875,27.078125
62644,15199441,ZY.COON.EHZ,1,down,4.434934616088867,3.029296875,47.59375
137750,10406641,CI.CHF.HHZ,1,down,8.544979095458984,1.58984375,47.59375
817621,10287737,CI.CFT.EHZ,0,up,25.29461669921875,2.640625,35.03125
2065361,9929033,CI.WRV.EHZ,0,up,38.247222900390625,1.5,8.4609375
1821699,11045421,CI.JRC2.HHZ,1,down,11.990952491760254,1.25,44.34375
1433504,11103290,PB.B081.EHZ,0,up,23.548534393310547,0.5,6.01953125
268650,9170387,CI.GTM.EHZ,1,down,10.280013084411621,1.599609375,32.125
93564,10762021,CI.BAT.EHZ,1,down,15.037778854370117,1.4296875,36.78125
223670,11351754,AZ.FRD.HHZ,0,up,73.67584991455078,0.68994140625,13.5078125
95867,10772949,AZ.BZN.HHZ,0,up,1.6894298791885376,0.3798828125,21.125
1395953,13067432,CI.ALV.EHZ,0,up,12.579352378845215,1.6796875,37.8125
2228623,11335938,CI.CTW.EHZ,1,down,58.425838470458984,2.919921875,59.4375
1083780,14003372,CI.CTW.EHZ,1,down,92.97164154052734,3.310546875,60.78125
1133715,14352440,CI.CBK.EHZ,1,down,12.918364524841309,1.580078125,38.5
943142,10188489,CI.WNM.EHZ,1,down,2.79727840423584,0.469970703125,19.515625
2474144,10832877,AZ.RDM.HHZ,0,up,2.1823344230651855,0.39990234375,12.3515625
2191253,14164544,CI.WES.HHZ,0,up,4.6738972663879395,1.7802734375,26.8125
251305,11208970,CI.WVP.EHZ,1,down,36.51161193847656,1.099609375,15.7890625
1890103,12035612,AZ.CRY.HHZ,1,down,37.02020263671875,1.9599609375,19.453125
2336025,10349009,CI.BOR.HHZ,1,down,33.24144744873047,0.93017578125,12.6328125
1536092,10081129,CI.SBPX.HHZ,0,up,2.5783560276031494,1.8095703125,20.296875
358307,11248298,PB.B086.EHZ,0,up,14.21863079071045,2.279296875,40.53125
1317370,13944480,CI.COK.EHZ,0,up,4.059973239898682,1.8203125,40.90625
2267788,14253044,CI.WRV.EHZ,0,up,261.4143371582031,1.4296875,7.37109375
1391176,14121780,CI.WVP.EHZ,0,up,92.27681732177734,2.529296875,63.8125
1297375,9879285,CI.AGA.HHZ,0,up,15.461263656616211,1.7802734375,83.625
1230533,14184644,CI.CCA.EHZ,0,up,5.482488632202148,1.150390625,30.21875
317388,14277848,PB.B087.EHZ,0,up,19.315805435180664,0.77001953125,19.59375
473722,9150544,CI.BTL.EHZ,0,up,7.987441539764404,2.009765625,33.875
533380,10182177,CI.TA2.HHZ,1,down,7.796406269073486,1.419921875,65.4375
253180,15016828,AZ.LVA2.HHZ,1,down,11.082911491394043,0.7900390625,34.28125
1682374,10742589,AZ.TRO.HHZ,0,up,25.874570846557617,1.98046875,7.87890625
1369103,14188708,AZ.RDM.HHZ,1,down,4.909793376922607,1.1298828125,8.8984375
393570,10997453,AZ.LVA2.HHZ,0,up,8.337593078613281,0.64013671875,45.5
151955,10370401,AZ.KNW.HHZ,0,up,15.767507553100586,0.52978515625,5.3203125
2209854,9805813,CI.WLH.EHZ,0,up,323.7535095214844,2.560546875,38.5
1918190,9654229,AZ.TRO.EHZ,0,up,12.995954513549805,1.7001953125,31.953125
1073721,14201168,CI.TPC.EHZ,1,down,16.49151611328125,1.2900390625,46.40625
1673877,9719253,CI.BAC.EHZ,0,up,14.408258438110352,1.4697265625,47.59375
2036867,14441528,CI.SS2.EHZ,1,down,8.72892951965332,1.3095703125,49.21875
222347,10173410,CI.YUH.EHZ,1,down,22.123790740966797,0.830078125,11.2109375
2081532,14551884,CI.MSC.HHZ,1,down,6.6670331954956055,1.6796875,53.21875
2324285,9799645,CI.EL2.EHZ,1,down,5.480015754699707,2.05078125,118.6875
466636,9717961,CI.WNM.EHZ,1,down,5.689260482788086,0.56005859375,57.3125
1802638,10013685,AZ.KNW.HHZ,1,down,25.459125518798828,0.68994140625,37.9375
853445,14419180,CI.BOR.HHZ,1,down,11.327020645141602,0.9501953125,62.34375
965366,13948720,CI.SLR.HHZ,0,up,3.455559015274048,1.7998046875,53.875
1460020,10997789,CI.COA.EHZ,0,up,5.353919506072998,2.359375,67.8125
1723724,10082649,CI.THC.EHZ,0,up,45.51323318481445,1.41015625,11.6171875
1319367,10406769,AZ.LVA2.HHZ,1,down,42.70539855957031,0.9501953125,12.3828125
2474629,9796537,CI.CLC.HHZ,0,up,18.266815185546875,1.150390625,52.59375
1647552,14117288,CI.WMF.EHZ,0,up,1.8783345222473145,0.300048828125,13.4609375
386394,10740013,CI.CRR.EHZ,0,up,5.865505695343018,1.16015625,39.84375
1972712,9166522,CI.SWS.HHZ,0,up,7.724789142608643,2.48046875,74.3125
929166,12475776,CI.SME.EHZ,0,up,15.899077415466309,1.6796875,109.25
1498577,9714437,AZ.LVA2.HHZ,1,down,33.68614196777344,1.490234375,58.90625
1682507,13931828,CI.FRK.EHZ,0,up,19.444793701171875,2.650390625,86.8125
702773,14441928,AZ.HWB.HHZ,1,down,14.161352157592773,2.7890625,95.6875
1701947,11242858,PB.B087.EHZ,1,down,12.969271659851074,1.1796875,49.25
173932,3327345,CI.RMR.EHZ,1,down,2.0710418224334717,0.89990234375,17.140625
640342,14285168,CI.SAL.HHZ,1,down,56.80924606323242,4.41015625,65.625
409880,9136495,CI.BTL.EHZ,0,up,7.730201721191406,1.509765625,46.4375
123585,3327853,CI.HDB.EHZ,0,up,5.185451984405518,1.099609375,13.546875
1131011,12947452,CI.JVA.HHZ,0,up,11.625393867492676,1.2099609375,14.40625
1258176,10760973,CI.SWS.HHZ,1,down,8.989779472351074,3.01953125,87.9375
1461819,10742629,CI.POB.EHZ,1,down,3.1597671508789062,0.5400390625,46.3125
1818356,10439257,CI.SWS.HHZ,0,up,15.916301727294922,1.9599609375,43.28125
2447648,10534221,CI.SVD.HHZ,0,up,2.228729009628296,1.080078125,25.3125
1470150,10620365,ZY.PNTO.EHZ,1,down,938.5830078125,1.2900390625,3.310546875
1142147,11364178,CI.LPC.HHZ,1,down,10.57509708404541,1.150390625,29.8125
1467816,10234913,AZ.LVA2.HHZ,1,down,22.38103675842285,1.150390625,67.875
1429166,10933461,AZ.RDM.HHZ,1,down,18.979087829589844,0.9501953125,10.7265625
429864,10526373,CI.CGO.HHZ,1,down,21.180986404418945,3.220703125,56.8125
908954,12456912,CI.CTC.HHZ,1,down,6.838342666625977,1.83984375,47.8125
2103699,11078298,AZ.BZN.HHZ,0,up,7.752015590667725,0.56982421875,19.453125
918328,13941840,AZ.SND.HHZ,1,down,16.62308692932129,3.009765625,89.0
186762,9739741,CI.RUN.EHZ,0,up,9.023504257202148,1.849609375,47.6875
746797,10284529,CI.HEC.HHZ,0,up,52.03005599975586,1.5400390625,13.0625
490490,15072788,CI.WOR.EHZ,1,down,21.520328521728516,2.810546875,54.375
893457,14421592,CI.MPP.HHZ,1,down,6.923960208892822,3.890625,57.71875
170825,14242872,CI.SLR.HHZ,1,down,5.54530143737793,1.01953125,18.875
21687,14252980,CI.BLK.EHZ,0,up,9.471470832824707,1.2197265625,65.3125
529847,14507084,CI.GAV.EHZ,1,down,10.99878215789795,1.48046875,12.96875
2327069,14332424,CI.SKY.EHZ,1,down,4.22753381729126,1.25,28.640625
2150852,14325696,AZ.BZN.HHZ,0,up,16.415903091430664,2.0703125,112.0625
134074,9985669,CI.WNM.EHZ,1,down,29.419706344604492,1.490234375,26.0625
1807995,10354885,CI.PLM.HHZ,0,up,7.102629661560059,1.1904296875,47.4375
1363892,9648385,CI.WVP.EHZ,0,up,69.1649169921875,1.76953125,11.7109375
1334384,9709917,CI.BMT.EHZ,0,up,2.7212073802948,2.0,116.0
123025,10366113,CI.COA.EHZ,1,down,9.975616455078125,1.6904296875,51.4375
951320,10770325,CI.CCC.HHZ,0,up,3.1837892532348633,0.9599609375,71.625
301366,14064112,CI.RMM.EHZ,0,up,95.14049530029297,1.7001953125,2.529296875
1025795,14439096,CI.POB.EHZ,1,down,11.928409576416016,0.93017578125,36.75
1515092,9149930,CI.WMF.EHZ,0,up,41.73324966430664,1.76953125,30.8125
647952,9992117,AZ.SND.HHZ,0,up,50.52391052246094,1.2998046875,16.390625
2110101,10372249,CI.PMD.HHZ,1,down,24.594030380249023,1.5400390625,67.8125
2357309,10263613,PB.B087.EHZ,0,up,16.84113883972168,1.4501953125,50.25
1119394,10478213,CI.QAL.EHZ,0,up,2.600515127182007,1.0400390625,33.34375
770216,10750437,CI.PMD.HHZ,1,down,5.66977596282959,0.66015625,26.0625
107019,14095736,CI.THC.EHZ,1,down,9.8448486328125,2.01953125,53.0625
928836,11346162,CI.JRC2.HHZ,0,up,3.6104981899261475,0.1199951171875,13.71875
493260,9654241,CI.WHF.EHZ,0,up,14.76514720916748,1.580078125,29.78125
140508,10344837,CI.TA2.HHZ,1,down,305.343994140625,2.19921875,32.21875
1397244,10231433,AZ.KNW.HHZ,0,up,41.82701873779297,1.0,4.37890625
534972,10495437,CI.WMF.EHZ,1,down,21.792688369750977,0.60986328125,31.515625
100854,10266917,CI.BLA.HHZ,0,up,6.907571792602539,1.58984375,50.6875
401395,11871436,CI.SPG.HHZ,0,up,12.597999572753906,1.6796875,78.3125
1864931,11419210,CI.COK2.EHZ,0,up,15.306999206542969,1.3095703125,8.0078125
37078,14158060,CI.CRR.EHZ,1,down,17.949357986450195,1.740234375,87.0
28305,9988993,CI.XTL.EHZ,0,up,6.1634907722473145,1.4296875,84.5
634735,10005421,CI.PDU.HHZ,0,up,7.683594226837158,1.759765625,38.3125
2195975,13978540,CI.POB.EHZ,0,up,13.116462707519531,1.3095703125,69.4375
1852138,14154084,AZ.YAQ.HHZ,1,down,20.63204002380371,1.669921875,41.90625
2027330,10541485,CI.BLA2.HHZ,0,up,116.76785278320312,2.2109375,56.0
1877833,11206730,CI.TJR.EHZ,0,up,21.055143356323242,1.5703125,39.1875
812661,10537045,AZ.BZN.HHZ,1,down,15.796655654907227,0.509765625,15.40625
1122879,14383120,AZ.TRO.HHZ,1,down,23.92909049987793,1.5498046875,19.5625
733287,10633197,AZ.BZN.HHZ,0,up,6.645683288574219,0.60986328125,10.7421875
311070,11335986,AZ.RDM.HHZ,1,down,5.86900520324707,1.48046875,32.21875
1996081,15082660,ZY.COON.EHZ,1,down,3.9465503692626953,1.1298828125,10.640625
1480317,10000337,CI.LUC.EHZ,1,down,4.990887641906738,1.5400390625,31.484375
2278135,9167057,AZ.BZN.HHZ,1,down,7.023102760314941,2.0,80.75
191124,9701273,CI.WHF.EHZ,1,down,3.74348521232605,1.8798828125,53.46875
1443180,15189761,CI.WWC.HHZ,1,down,4.52311897277832,1.419921875,116.3125
700216,11411714,AZ.FRD.HHZ,0,up,38.32292938232422,1.6298828125,49.6875
177891,12458076,CI.HAY.EHZ,1,down,4.666690826416016,2.16015625,45.4375
2055814,10222121,CI.BOR.HHZ,0,up,17.023225784301758,1.6201171875,15.890625
230249,9936021,CI.WBM.EHZ,0,up,5.7286834716796875,1.7197265625,75.0625
1034913,9165400,CI.MPM.HHZ,0,up,7.925503730773926,0.990234375,25.078125
493674,10169778,CI.YMD.EHZ,1,down,3.8545007705688477,2.150390625,75.4375
1794192,14207552,CI.CBK.EHZ,1,down,3.2425382137298584,0.580078125,25.09375
1455076,10225869,AZ.HWB.HHZ,1,down,93.88428497314453,2.6796875,76.375
603956,10054869,CI.SPG.HHZ,1,down,42.2757453918457,2.01953125,81.4375
1377201,9777165,CI.HEC.HHZ,0,up,4.991052150726318,1.3095703125,24.625
1080099,14462608,AZ.LVA2.HHZ,1,down,18.06264305114746,1.0302734375,12.671875
2205950,10546973,CI.SBB2.HHZ,0,up,11.989381790161133,1.759765625,94.5
2048440,11598268,CI.BMT.EHZ,1,down,18.057979583740234,2.619140625,98.875
1830417,10346449,PB.B084.EHZ,0,up,15.305851936340332,2.240234375,116.375
542809,14281932,CI.HOL.EHZ,1,down,24.252395629882812,1.1904296875,32.6875
2359244,10058493,CI.CLC.HHZ,0,up,64.21391296386719,0.85986328125,12.078125
385217,13985532,CI.SLA.HHZ,1,down,1.7666970491409302,1.759765625,58.8125
116024,11421322,AZ.TRO.HHZ,0,up,2.365447521209717,0.429931640625,5.26171875
442567,10174106,CI.WES.HHZ,1,down,3.782931327819824,1.990234375,6.6796875
1401897,11088578,CI.WWC.HHZ,0,up,18.608747482299805,1.2900390625,25.375
2297241,14395664,CI.RXH.HHZ,1,down,11.967381477355957,0.89990234375,5.109375
260059,14313912,AZ.CRY.HHZ,0,up,14.807560920715332,0.6298828125,17.171875
142846,14186944,CI.ALP.HHZ,1,down,2.637460470199585,2.26953125,75.8125
786774,9676757,CI.JRC.HHZ,0,up,6.077296733856201,1.1103515625,8.3203125
2328928,10348457,SB.GVDA.HLZ,1,down,4.395598888397217,0.64013671875,5.44921875
491710,15181409,CI.COK.EHZ,1,down,2.5939528942108154,1.5400390625,29.25
657834,14296824,PB.B084.EHZ,1,down,8.656534194946289,0.81005859375,13.78125
819674,10737285,CI.PLM.HHZ,0,up,4.780053615570068,0.9599609375,38.03125
62285,14201636,CI.COK.EHZ,0,up,3.137284278869629,1.41015625,12.28125
1618390,10146525,CI.PLM.HHZ,0,up,6.04616641998291,1.16015625,62.375
80036,14216292,CI.WMF.EHZ,0,up,10.114958763122559,0.56005859375,25.6875
1479948,14157336,CI.RUN.EHZ,0,up,12.026484489440918,1.7900390625,54.65625
857080,7198124,CI.RMR.EHZ,1,down,13.895873069763184,2.080078125,72.3125
1983070,10187421,CI.DRE.HHZ,0,up,10.939695358276367,1.650390625,57.4375
1300396,11090074,WR.PEC.EHZ,0,up,53.47187805175781,2.9296875,91.5625
1446509,12295432,CI.SWS.HHZ,1,down,3.1401419639587402,1.66015625,41.625
2441179,9998261,CI.BTL.EHZ,1,down,37.834739685058594,1.9697265625,32.28125
1104677,9876989,CI.WS2.EHZ,1,down,4.385294437408447,1.3798828125,80.6875
637554,10860117,NP.5480.EHZ,1,down,5.892467021942139,1.2900390625,38.0
76992,14186832,CI.TEH.HHZ,1,down,6.9142022132873535,1.1298828125,62.625
131245,10604853,ZY.OCCM.EHZ,0,up,15.10997486114502,1.650390625,9.0625
464858,14157792,AZ.WMC.HHZ,0,up,18.377779006958008,1.490234375,27.296875
2304480,9647941,CI.SKY.EHZ,0,up,5.106131553649902,1.7802734375,53.96875
241251,10167285,CI.ERR.HHZ,1,down,2.1652705669403076,1.6904296875,33.1875
1055845,10776789,CI.GLA.HHZ,1,down,3.748771905899048,2.859375,103.9375
489545,10221717,CI.ERP.EHZ,0,up,8.554598808288574,1.76953125,26.8125
841065,10372101,CI.HMT.EHZ,0,up,8.3400297164917,1.5498046875,31.90625
2131573,10320189,CI.TOR.HHZ,1,down,28.289920806884766,2.01953125,26.15625
2471702,14695268,ZY.SHCM.EHZ,1,down,52.26695251464844,2.060546875,13.5625
1402762,14203552,AZ.CRY.HHZ,0,up,6.155320644378662,0.56005859375,34.8125
490533,9811169,CI.RAY.EHZ,1,down,8.189252853393555,1.25,12.46875
2310564,10748085,PB.B082.EHZ,1,down,4.432208061218262,0.4599609375,2.30078125
1363345,9653577,CI.BMT.EHZ,0,up,50.54802322387695,2.7890625,88.1875
36510,9966533,CI.BCH.EHZ,1,down,20.26711082458496,2.970703125,89.5
1800076,11004083,CI.WCS.EHZ,0,up,3.879322052001953,1.7998046875,10.046875
1537544,10234849,CI.WCH.EHZ,0,up,6.049767971038818,1.169921875,27.796875
2408066,15012196,AZ.HWB.HHZ,1,down,8.007553100585938,1.1396484375,45.96875
1396987,10378549,AZ.HWB.HHZ,1,down,10.316890716552734,1.16015625,30.546875
184342,10621877,ZY.GVBC.HHZ,1,down,16.914302825927734,2.3203125,21.453125
2353097,14283116,CI.POB.EHZ,1,down,5.990566253662109,1.830078125,55.25
1306842,13969800,CI.GVR.EHZ,1,down,4.69956111907959,1.490234375,12.3984375
1705859,10222681,AZ.FRD.HHZ,1,down,133.1842803955078,2.130859375,51.75
1231173,10833837,PB.B084.EHZ,0,up,8.88741397857666,1.6298828125,77.6875
1090185,14137288,AZ.CRY.HHZ,1,down,382.2080383300781,1.7099609375,8.2578125
248480,9795149,AZ.PFO.HHZ,1,down,12.615692138671875,0.91015625,13.71875
1110767,14079576,AZ.CRY.HHZ,0,up,29.766651153564453,0.93017578125,19.6875
2251435,9999413,CI.EDW.HHZ,0,up,1.5684608221054077,1.599609375,33.0625
733291,11006101,CI.JEM.HHZ,0,up,10.864541053771973,1.0,22.484375
349387,10179165,CI.CCA.EHZ,1,down,6.923642635345459,1.48046875,71.625
2416507,14096312,CI.CBK.EHZ,1,down,12.511235237121582,1.76953125,69.8125
1716705,11129386,CI.WOR.EHZ,0,up,11.583601951599121,0.580078125,13.2578125
808992,9679365,CI.WOR.EHZ,1,down,5.140707015991211,0.8798828125,50.9375
2134960,14895196,AZ.KNW.HHZ,1,down,2.3498809337615967,1.3798828125,67.3125
2084242,9711521,CI.WMF.EHZ,1,down,2.583991765975952,0.740234375,14.4609375
1633479,10904149,PB.B916.EHZ,0,up,44.76761245727539,1.08984375,14.59375
1128042,14432104,AZ.FRD.HHZ,1,down,7.80972146987915,1.4296875,82.125
2436384,11134242,CI.DTP.EHZ,1,down,11.866301536560059,2.060546875,90.25
774252,14162632,WR.PYR.EHZ,0,up,10.665143013000488,2.73046875,65.0625
1291909,14408368,CI.LUC.EHZ,1,down,38.174591064453125,2.58984375,64.0625
861745,11520059,CI.TOW.EHZ,0,up,7.861397743225098,1.599609375,22.46875
1768353,14155864,AZ.FRD.HHZ,1,down,17.290462493896484,1.740234375,72.875
1900515,14510740,CI.WWC.HHZ,1,down,2.4299933910369873,1.0,44.03125
553737,11104274,CI.PMD.HHZ,1,down,4.046442985534668,1.3095703125,39.15625
1802148,14168084,CI.PLM.HHZ,0,up,9.846134185791016,0.81982421875,32.125
1448607,14610868,CI.FRK.EHZ,1,down,22.071714401245117,3.369140625,79.1875
1745925,9707781,CI.WCS.EHZ,0,up,3.553372383117676,1.6904296875,10.546875
2356716,9706437,CI.SND.EHZ,1,down,8.214560508728027,1.6103515625,28.671875
2044998,10488421,CI.DVT.HHZ,0,up,8.39985179901123,1.76953125,43.8125
1046303,10373829,CI.SGL.EHZ,0,up,15.884037017822266,2.419921875,57.03125
1572085,11274922,AZ.FRD.HHZ,0,up,30.588150024414062,0.52001953125,12.9765625
613294,9629365,CI.LUG.HHZ,1,down,3.526873826980591,2.5390625,103.1875
1543744,14500240,CI.BEL.HHZ,1,down,30.413415908813477,1.0498046875,24.0625
469722,14334988,AZ.PFO.HHZ,0,up,97.00045776367188,2.419921875,86.5625
411247,10327125,AZ.SND.HHZ,1,down,4.725888729095459,0.389892578125,15.421875
1986670,9987761,CI.MDA.EHZ,0,up,27.863954544067383,2.259765625,32.1875
2342277,9721485,CI.SKY.EHZ,1,down,2.8177504539489746,2.30078125,103.5
635926,14257116,CI.BTL.EHZ,1,down,11.241109848022461,2.05078125,73.4375
1959362,10614477,ZY.OYSB.EHZ,1,down,48.1561393737793,1.240234375,7.78125
385245,9167256,AZ.FRD.HHZ,0,up,39.020530700683594,1.0,16.109375
1834168,10972599,CI.XMS.EHZ,0,up,24.22426414489746,2.099609375,75.0
2287933,9166333,CI.HAY.EHZ,0,up,6.192696571350098,2.23046875,46.09375
1932016,10601613,ZY.OYSB.EHZ,1,down,170.3681640625,3.05078125,14.8125
89253,10174258,CI.YUH.EHZ,0,up,4.935906887054443,2.509765625,94.6875
1980863,14000860,CI.WWP.EHZ,1,down,138.5395965576172,1.33984375,20.125
432732,9909093,CI.PNM.EHZ,1,down,63.69461441040039,2.310546875,33.90625
595857,9723713,AZ.WMC.HHZ,1,down,34.026222229003906,1.5400390625,30.015625
104440,13812872,CI.MPM.HHZ,0,up,6.470452308654785,0.77978515625,35.6875
1879274,9715429,CI.POB.EHZ,0,up,13.132845878601074,1.4404296875,37.75
2246644,14473144,CI.MSC.HHZ,1,down,27.802133560180664,1.7998046875,45.0
1616194,9800517,CI.CRR.EHZ,0,up,13.205313682556152,1.2001953125,40.65625
999641,14278028,PB.B087.EHZ,0,up,7.202695369720459,1.1396484375,17.234375
1161468,15196457,CI.WES.HHZ,1,down,7.644518852233887,1.51953125,23.734375
2184592,10930693,AZ.KNW.HHZ,0,up,23.669740676879883,2.330078125,90.5
2055689,10968891,CI.WNM.EHZ,1,down,5.767063140869141,1.740234375,22.6875
1271952,10839005,AZ.LVA2.HHZ,1,down,14.462289810180664,1.0400390625,60.3125
89962,9159355,CI.RMM.EHZ,0,up,9.427824020385742,1.7001953125,31.234375
1585999,11275362,NC.MDPB.HHZ,0,up,88.44775390625,1.5,28.3125
1829527,14311184,CI.SLR.HHZ,0,up,1.9565842151641846,0.68994140625,19.53125
1162434,10507445,CI.MPM.HHZ,0,up,17.43661880493164,0.7001953125,25.234375
2040364,10009217,CI.CLC.EHZ,0,up,4.106523513793945,0.72998046875,18.65625
2201068,14314108,CI.PMD.HHZ,1,down,15.466741561889648,0.489990234375,33.03125
156452,14200752,CI.SKY.EHZ,1,down,3.1056413650512695,1.6103515625,22.71875
331872,10044457,CI.WOF.EHZ,0,up,34.08956527709961,1.2998046875,17.765625
403595,9647453,CI.WNM.EHZ,1,down,10.282145500183105,1.5595703125,19.703125
1433313,10410329,CI.LMR2.HHZ,1,down,5.778271198272705,1.7099609375,87.4375
672249,13656764,AZ.LVA2.HHZ,0,up,17.93941307067871,1.6904296875,72.625
1310526,11377834,AZ.FRD.HHZ,0,up,1.929856777191162,1.1298828125,34.34375
2158404,10369105,CI.HOL.EHZ,1,down,7.132569313049316,1.51953125,59.6875
39694,9160932,CI.WWP.EHZ,0,up,21.852313995361328,1.0595703125,37.8125
2121583,12675444,CI.WRV.EHZ,0,up,65.38325500488281,1.0,1.009765625
577324,10283401,CI.BFS.HHZ,0,up,21.423709869384766,1.0703125,14.3125
1573556,10250813,CI.CHF.HHZ,1,down,5.867685317993164,1.400390625,56.625
8802,14518316,CI.WRC.EHZ,1,down,13.188833236694336,1.6396484375,52.34375
1462368,10043425,AZ.LVA2.HHZ,1,down,54.82323455810547,1.48046875,17.484375
288004,10545541,PB.B086.EHZ,1,down,28.41048812866211,1.3896484375,43.8125
1438432,14480016,AZ.CRY.HHZ,1,down,23.846031188964844,0.2900390625,10.7265625
1677891,15164441,AZ.PFO.HHZ,1,down,4.405490398406982,1.7001953125,66.25
1865497,10023809,AZ.KNW.HHZ,1,down,12.655611038208008,1.5498046875,68.125
177019,9677353,CI.SND.EHZ,1,down,24.57400131225586,2.26953125,103.0
1668840,10904461,CI.JEM.HHZ,1,down,20.721162796020508,1.75,28.90625
1532219,12475748,CI.POB.EHZ,0,up,23.884092330932617,1.26953125,44.5
1956074,10786725,CI.ERR.HHZ,1,down,14.097169876098633,3.44921875,45.9375
538838,14119472,CI.GAV.EHZ,1,down,6.295340061187744,1.2099609375,12.0625
780876,15139001,CI.CHF.HHZ,1,down,74.72084045410156,1.51953125,13.859375
1430036,11672604,CI.WSH.EHZ,0,up,3.2945964336395264,1.0,64.0625
933980,10791629,AZ.RDM.HHZ,0,up,55.285526275634766,2.390625,31.453125
1988728,10481069,PB.B916.EHZ,0,up,8.006458282470703,1.080078125,27.578125
867274,10925621,CI.BAC.EHZ,0,up,8.71469783782959,0.919921875,26.3125
1810294,10348145,PB.B084.EHZ,0,up,4.510058403015137,1.080078125,55.6875
1715825,10319117,CI.CTC.HHZ,1,down,8.576319694519043,2.2109375,17.84375
1740250,14332960,CI.TA2.HHZ,1,down,5.173770904541016,1.5595703125,53.75
2322554,9639805,CI.SME.EHZ,0,up,20.44114875793457,2.08984375,47.71875
1133486,9628369,CI.HOL.EHZ,1,down,204.21304321289062,3.080078125,85.0625
729683,10191250,AZ.FRD.HHZ,0,up,4.655289649963379,0.320068359375,23.453125
2291207,9654337,CI.DPP.HLZ,0,up,3.180649995803833,1.419921875,78.5
627119,9665881,CI.BBR.HHZ,1,down,8.229336738586426,2.439453125,32.53125
757527,9776653,AZ.RDM.HHZ,0,up,2.6427524089813232,0.60009765625,42.90625
1374958,14618484,CI.FRK.EHZ,1,down,7.058984756469727,2.640625,83.4375
1118096,14773916,CI.BLA2.HHZ,1,down,9.948452949523926,0.89990234375,34.84375
1788623,10477869,CI.CLC.HHZ,0,up,9.587573051452637,0.52001953125,40.875
1086067,9172626,CI.SPG.HHZ,1,down,202.38299560546875,3.109375,90.4375
803089,10122125,CI.COK.EHZ,1,down,5.635547161102295,1.2099609375,16.34375
2320437,14873604,AZ.FRD.HHZ,1,down,15.651300430297852,1.7197265625,79.125
1129415,14098520,CI.WNM.EHZ,1,down,44.937740325927734,1.76953125,24.265625
2389600,9161478,CI.HYS.EHZ,0,up,153.96786499023438,2.060546875,21.265625
1436106,14176992,CI.BOR.HHZ,1,down,6.931870460510254,0.97021484375,16.390625
561669,10029065,CI.BAC.EHZ,1,down,2.8472182750701904,0.81982421875,33.375
1425758,14262852,CI.SBB.EHZ,0,up,5.826841354370117,1.75,109.875
2437784,10594045,ZY.MLDN.EHZ,0,up,18.16367530822754,1.9697265625,5.6484375
967,10217105,CI.ISA.HHZ,1,down,170.62014770507812,2.060546875,21.46875
1234752,10321861,CI.POB.EHZ,1,down,5.176168918609619,0.5,46.59375
2033473,9168965,CI.MDA.EHZ,0,up,2.504926919937134,1.599609375,22.453125
1177863,9150566,CI.HEC.HHZ,0,up,36.2702751159668,2.19921875,18.09375
139532,9655029,CI.WIN.EHZ,1,down,11.759284973144531,2.380859375,104.375
95524,10147429,CI.YUH.EHZ,1,down,51.94385528564453,1.7998046875,38.21875
1038047,10166641,CI.HOL.EHZ,0,up,7.296043395996094,1.349609375,75.5625
1761130,11012829,CI.TOW.EHZ,1,down,29.948354721069336,1.8798828125,31.9375
1927955,9966621,CI.BCH.EHZ,0,up,18.859254837036133,3.439453125,77.5625
524182,10000265,CI.RMR.EHZ,1,down,7.5606794357299805,1.23046875,65.25
234580,10862821,CI.SDR.HHZ,0,up,11.081950187683105,2.5390625,117.75
296319,14216820,CI.JRC2.HHZ,1,down,117.76830291748047,0.8798828125,6.0
2260770,14188556,CI.WRC.EHZ,0,up,2.5947718620300293,1.2900390625,97.875
871100,14187108,CI.MWC.HHZ,1,down,3.0351381301879883,0.990234375,30.40625
1723578,10763061,AZ.FRD.HHZ,0,up,62.99778366088867,1.099609375,15.71875
536870,10232409,CI.SBB2.HHZ,0,up,71.08517456054688,1.650390625,60.53125
1963374,10355113,AZ.RDM.HHZ,0,up,2.8033857345581055,1.169921875,37.6875
178011,10229153,CI.HOL.EHZ,1,down,71.2558364868164,2.599609375,76.125
1390732,9141425,CI.GTM.EHZ,0,up,102.46917724609375,1.4697265625,10.703125
2082872,10436009,CI.SLR.HHZ,1,down,39.23689651489258,1.75,18.484375
1361928,14926388,AZ.BZN.HHZ,1,down,26.945096969604492,2.220703125,63.0
636973,11103786,CI.JRC2.HHZ,0,up,3.7193267345428467,1.009765625,27.671875
1606456,10484157,CI.WRC.EHZ,1,down,7.730720520019531,1.490234375,54.0625
1408844,10665821,ZY.PNTO.EHZ,0,up,74.60902404785156,1.25,9.0625
1984933,10004961,CI.WCH.EHZ,1,down,7.287529945373535,1.2998046875,28.453125
1463631,10992151,CI.WOR.EHZ,1,down,20.739137649536133,1.599609375,47.09375
2379707,14329868,PG.EC.EHZ,1,down,35.34120178222656,2.369140625,50.5
2309476,9139272,CI.ALV.EHZ,0,up,8.500306129455566,1.7001953125,37.0
321659,11129010,CI.CLC.HHZ,1,down,1.67500901222229,1.2197265625,35.5625
903426,14170460,CI.WVP.EHZ,0,up,12.894362449645996,1.349609375,32.875
2201170,10544453,CI.VTV.HHZ,0,up,2.2734215259552,2.73046875,62.6875
1076762,9829389,CI.WOF.EHZ,1,down,455.05340576171875,1.8701171875,27.0625
805637,10346333,CI.HMT.EHZ,0,up,2.863075017929077,0.72021484375,34.25
1275719,9141754,CI.XMS.EHZ,1,down,7.363886833190918,1.6298828125,65.1875
188919,14256648,CI.CLC.HHZ,1,down,64.45623779296875,0.93017578125,30.40625
638889,9709401,CI.AGA.HHZ,1,down,51.3799934387207,1.5,16.6875
671931,9888789,CI.DEC.HHZ,0,up,15.658016204833984,1.5400390625,12.40625
1320926,9148721,CI.GTM.EHZ,1,down,8.827920913696289,1.0,12.4765625
1526967,14073296,CI.CLC.HHZ,1,down,20.575166702270508,0.58984375,21.125
2226004,10891349,AZ.CRY.HHZ,1,down,14.127250671386719,1.4404296875,81.5625
1095863,3327226,CI.WMF.EHZ,0,up,1.991239070892334,1.5498046875,27.125
1005510,10480061,CI.MCT.HHZ,0,up,4.268805503845215,1.1103515625,37.65625
839761,9808045,AZ.WMC.HHZ,0,up,31.499248504638672,1.6796875,13.6484375
201420,14190556,CI.HMT.EHZ,0,up,3.215942621231079,0.469970703125,22.984375
666498,14941876,CI.DGR.HHZ,1,down,17.837743759155273,1.4697265625,63.71875
1357177,14212836,CI.SDR.HHZ,0,up,2.6093852519989014,1.5703125,46.375
214988,11361058,CI.MSC.HHZ,0,up,6.622630596160889,1.16015625,81.8125
1830754,9878729,CI.WCS.EHZ,0,up,3.1365394592285156,2.1796875,113.3125
1661209,9820685,AZ.KNW.HHZ,1,down,15.3457670211792,1.2998046875,26.515625
744714,14079784,CI.MCT.HHZ,0,up,32.285953521728516,1.6298828125,44.15625
2076548,9157610,CI.WMF.EHZ,1,down,16.214643478393555,0.5,11.6484375
1357650,10545517,CI.SVD.HHZ,0,up,7.995270252227783,1.7099609375,13.4921875
249314,10905621,CI.VES.HHZ,0,up,4.086148262023926,1.419921875,70.25
921025,10320581,CI.HMT.EHZ,0,up,8.233299255371094,0.66015625,26.203125
1890659,10764373,PB.B086.EHZ,1,down,9.634380340576172,2.33984375,73.375
301465,10288321,AZ.FRD.HHZ,0,up,26.763059616088867,0.509765625,3.599609375
774191,7198528,CI.SRT.EHZ,0,up,2.7216787338256836,0.89990234375,25.234375
1718330,10216285,CI.DTP.EHZ,1,down,223.43869018554688,1.419921875,9.8203125
2487533,10860853,AZ.HWB.HHZ,0,up,5.847909450531006,1.66015625,103.625
430920,14244212,AZ.SND.HHZ,0,up,48.06916809082031,3.310546875,89.625
2282680,12287440,AZ.PFO.HHZ,0,up,5.435568809509277,1.3798828125,28.6875
1896578,10490797,AZ.BZN.HHZ,0,up,17.180444717407227,0.419921875,9.2578125
2435930,10605149,ZY.MLDN.EHZ,0,up,125.251708984375,3.099609375,9.2890625
852756,11048285,CI.TA2.HHZ,1,down,14.818948745727539,1.66015625,60.71875
1331308,10182901,AZ.LVA2.HHZ,1,down,13.34005069732666,1.6201171875,53.65625
1749462,10047097,CI.CHF.HHZ,1,down,331.9556884765625,2.830078125,48.21875
885500,11393114,CI.HMT.EHZ,0,up,14.16635799407959,0.89013671875,33.40625
2118890,12455944,CI.PDE.HHZ,0,up,7.649159908294678,1.8095703125,11.859375
1838309,10261825,AZ.FRD.HHZ,0,up,20.841581344604492,0.8701171875,25.640625
2257314,14172572,AZ.BZN.HHZ,1,down,7.861298561096191,0.89013671875,52.78125
903830,10456037,CI.PMD.HHZ,0,up,23.52653694152832,0.64013671875,19.171875
2141290,10932685,AZ.BZN.HHZ,0,up,45.870323181152344,1.8798828125,28.921875
1051393,11371586,CI.IKP.HHZ,1,down,660.3016967773438,3.7109375,27.046875
1735001,10738941,PB.B086.EHZ,0,up,3.9066970348358154,0.75,6.6015625
1026851,14296840,PB.B087.EHZ,0,up,54.53835678100586,0.990234375,7.12109375
1893826,10184310,CI.CRR.EHZ,1,down,3.8913042545318604,1.8896484375,23.1875
1658284,11394026,CI.TOR.HHZ,1,down,8.077204704284668,1.1396484375,70.375
1633780,10184457,AZ.LVA2.HHZ,1,down,33.968875885009766,1.4501953125,19.078125
514193,10347213,CI.WRC.EHZ,0,up,4.001587867736816,0.64013671875,27.65625
2254706,10001537,CI.JRC2.HHZ,1,down,25.21890640258789,1.2001953125,4.75
1376217,13961628,CI.LJR.HHZ,0,up,4.024888038635254,1.6904296875,20.453125
700948,10258821,CI.DNR.HHZ,1,down,27.317489624023438,1.58984375,41.3125
1526090,14262996,AZ.WMC.HHZ,0,up,36.549808502197266,1.1103515625,13.0703125
2371287,10727781,CI.BOR.HHZ,1,down,25.76198387145996,0.6298828125,13.3671875
1310001,10057957,CI.WRC.EHZ,1,down,3.5589327812194824,1.6796875,57.375
387515,14163620,CI.WVP.EHZ,0,up,28.04842758178711,1.490234375,23.75
1762245,10330397,CI.HMT.EHZ,1,down,5.039695739746094,0.580078125,25.703125
1121431,14162872,CI.TPC.EHZ,1,down,10.87410831451416,1.3896484375,67.5625
1323333,12451588,CI.JRC.HHZ,0,up,14.42215633392334,0.89990234375,8.5625
1872724,10372185,AZ.FRD.HHZ,1,down,15.70572566986084,0.740234375,31.75
528703,14167972,CI.CLI.EHZ,0,up,22.207185745239258,1.509765625,8.890625
393959,15012580,CI.HMT.EHZ,1,down,5.681186199188232,0.81982421875,26.90625
1632733,9916317,CI.DNR.HHZ,1,down,54.790283203125,2.119140625,84.875
2490858,14600428,CI.BOR.HHZ,1,down,7.113947868347168,1.509765625,30.796875
1444227,14472032,CI.DPP.HHZ,1,down,53.40355682373047,1.41015625,50.90625
1423150,9997725,AZ.FRD.HHZ,0,up,51.440086364746094,1.4404296875,52.0
2239391,9167754,CI.EL2.EHZ,0,up,2.427257537841797,1.5,77.1875
910304,9758185,CI.TPO.EHZ,1,down,29.579641342163086,2.220703125,70.4375
2127344,10036493,CI.SGL.EHZ,0,up,8.65853500366211,1.2802734375,28.59375
1276576,10728565,CI.CRR.EHZ,0,up,59.93864822387695,1.75,25.359375
1912767,10353365,CI.EML.HHZ,0,up,104.35173797607422,3.33984375,88.4375
2031255,14325144,PB.B086.EHZ,1,down,30.27415657043457,0.72021484375,9.1171875
898413,10237717,PB.B086.EHZ,1,down,6.0503411293029785,0.830078125,50.125
1582859,10489189,CI.TOR.HHZ,1,down,7.176037788391113,3.009765625,113.8125
1020974,14600004,AZ.TRO.HHZ,1,down,19.609046936035156,1.7900390625,23.265625
161121,10177790,CI.YUH.EHZ,0,up,2.3418490886688232,2.439453125,21.390625
1099901,14161392,AZ.WMC.HHZ,1,down,4.751424789428711,0.489990234375,13.3984375
1908091,12887748,CI.WRV.EHZ,1,down,2.056065559387207,0.58984375,37.28125
1002603,14026160,CI.WMF.EHZ,0,up,114.63689422607422,0.5,2.689453125
1367712,11371074,CI.SKY.EHZ,0,up,9.872329711914062,0.75,41.625
1797359,10398433,AZ.FRD.HHZ,1,down,13.39251708984375,0.5400390625,28.375
2026608,10547173,CI.MSC.HHZ,0,up,9.645343780517578,1.73046875,49.65625
1825478,10236037,CI.STC.HHZ,1,down,43.803741455078125,2.349609375,14.4921875
953202,10747709,CI.BOR.HHZ,1,down,19.722471237182617,0.7099609375,23.59375
617222,10963557,CI.POB.EHZ,1,down,7.175754070281982,0.97021484375,39.59375
1978239,14203448,AZ.KNW.HHZ,0,up,6.4643754959106445,0.990234375,40.03125
773318,14354052,CI.SME.EHZ,1,down,68.91527557373047,1.7900390625,25.1875
1808814,14596772,CI.PMD.HHZ,1,down,5.057503700256348,0.97998046875,38.65625
1037603,14239616,CI.YUH.EHZ,0,up,93.2709732055664,1.2900390625,14.71875
1257317,10025601,CI.MPM.HHZ,0,up,5.830970764160156,1.2998046875,53.75
2474978,9161746,CI.RMM.EHZ,0,up,5.7097883224487305,1.2998046875,35.71875
2238701,14510932,CI.WOF.EHZ,1,down,22.831212997436523,1.7001953125,42.40625
1012165,12943676,AZ.RDM.HHZ,1,down,44.48741149902344,1.7998046875,35.0625
2269992,9135734,CI.RMR.EHZ,1,down,2.871677875518799,1.099609375,38.71875
1261697,9701345,AZ.FRD.HHZ,1,down,356.8183898925781,1.4404296875,6.80859375
1871525,10037273,CI.CHF.HHZ,1,down,14.073983192443848,1.08984375,42.15625
2363546,14883292,CI.DNR.HHZ,1,down,100.63346862792969,2.619140625,64.8125
641996,10150461,CI.JVA.HHZ,1,down,4.134972095489502,1.83984375,18.125
1367397,10062045,CI.SBB.EHZ,1,down,11.631318092346191,1.4404296875,28.84375
1269771,14213704,CI.LRL.HHZ,0,up,3.182749032974243,2.4296875,118.0
1442802,14057768,CI.GVR.EHZ,1,down,73.0895004272461,2.5703125,15.703125
668434,14201228,CI.MCT.HHZ,0,up,1.6070916652679443,1.66015625,64.3125
1435546,10058069,CI.BTL.EHZ,1,down,5.8578877449035645,2.609375,89.9375
1309615,10005181,CI.BLK.EHZ,1,down,4.367885589599609,1.5,101.3125
978424,10055925,CI.BBR.HHZ,0,up,5.707592010498047,0.97021484375,10.6328125
1516702,10633693,ZY.OYSB.EHZ,0,up,68.95101165771484,2.310546875,42.96875
847810,14078104,CI.RUN.EHZ,0,up,5.987985134124756,1.8095703125,62.46875
1836153,9161906,CI.GRP.EHZ,0,up,17.627832412719727,1.400390625,60.40625
2291779,10594621,ZY.OCCM.EHZ,0,up,14.026532173156738,1.16015625,10.6015625
1322319,9165051,CI.TPM.EHZ,1,down,3.974785566329956,1.099609375,35.0625
888469,9166449,CI.SBK.EHZ,0,up,151.76296997070312,1.8603515625,10.15625
362224,10006845,CI.WRC.EHZ,0,up,29.962116241455078,0.60009765625,13.9921875
886798,9775449,CI.BLC.EHZ,1,down,7.806149005889893,1.099609375,15.2734375
2056619,14159516,CI.BTL.EHZ,1,down,17.270933151245117,1.9404296875,95.3125
283697,10329673,AZ.HWB.HHZ,1,down,8.469698905944824,1.4501953125,33.5625
1747185,15009852,PB.B086.EHZ,1,down,23.943044662475586,1.7099609375,55.46875
644142,9688417,CI.WCS.EHZ,0,up,5.561855792999268,1.099609375,19.984375
24096,10298645,CI.TAB.EHZ,1,down,4.863117218017578,0.89013671875,9.25
906577,11386266,PB.B087.EHZ,0,up,26.03217124938965,1.8701171875,42.53125
1888724,15075436,CI.DNR.HHZ,1,down,4.148298740386963,0.83984375,45.5
292783,10922869,CI.BOR.HHZ,1,down,15.596711158752441,1.349609375,30.21875
2357329,14509180,CI.WWP.EHZ,1,down,1.2323377132415771,0.6201171875,44.59375
607897,14120656,AZ.PFO.HHZ,0,up,5.13095760345459,0.83984375,25.015625
855280,14023356,CI.MWC.HHZ,0,up,9.251748085021973,2.009765625,39.46875
469823,12451912,CI.PLM.HHZ,0,up,17.32874870300293,1.9296875,56.875
113644,14187176,CI.BAT.EHZ,0,up,2.3592000007629395,1.4501953125,39.4375
332959,9715577,CI.WRV.EHZ,0,up,28.997573852539062,1.900390625,2.30078125
2092767,10606101,ZY.WAGN.EHZ,0,up,117.45468139648438,2.869140625,16.4375
1520516,10317917,CI.BBR.HHZ,0,up,5.8852009773254395,1.3095703125,45.65625
1603714,14243880,CI.BAL.EHZ,1,down,4.504075050354004,1.580078125,24.484375
254064,10547021,AZ.PFO.HHZ,0,up,5.118557453155518,1.240234375,83.5
2200175,10768165,ZY.MGD.EHZ,0,up,6.736180782318115,0.97021484375,32.8125
1483147,15204513,CI.BC3.HHZ,1,down,2.5160317420959473,1.58984375,71.75
1630359,10961045,AZ.BZN.HHZ,1,down,6.699490547180176,1.2099609375,62.4375
2112502,13997376,WR.CSP.EHZ,1,down,31.586959838867188,1.2998046875,20.140625
74406,14284984,CI.HDB.EHZ,0,up,20.76314353942871,1.25,19.34375
432498,11102906,CI.HMT.EHZ,1,down,3.458519458770752,0.39990234375,17.9375
1670005,10864693,CI.LUC.EHZ,0,up,5.714362144470215,1.650390625,51.28125
1635335,9169433,CI.XTL.EHZ,0,up,33.21551513671875,1.8701171875,68.1875
104587,14003840,AZ.YAQ.HHZ,1,down,9.219489097595215,1.0,26.671875
996431,9660161,CI.WHV.EHZ,0,up,5.016834735870361,1.9501953125,45.6875
1606410,9636093,CI.CFL.EHZ,1,down,4.788212299346924,1.7900390625,65.0625
1521757,13930504,CI.JCS.HHZ,0,up,15.94422721862793,1.599609375,28.625
952573,10380865,AZ.FRD.HHZ,1,down,51.20355224609375,0.7900390625,12.7109375
135779,13958524,WR.CSP.EHZ,1,down,3.408385753631592,1.7998046875,82.3125
769867,10227533,AZ.FRD.HHZ,1,down,6.43021297454834,1.1298828125,63.46875
1317355,11346098,CI.TOW.EHZ,0,up,5.932824611663818,1.2001953125,16.265625
2447189,10365509,CI.PLM.HHZ,1,down,14.710986137390137,0.64990234375,11.890625
1687943,10355109,CI.DVT.HHZ,0,up,45.13019943237305,3.259765625,87.1875
1473379,14926092,PB.B082.EHZ,1,down,7.143372535705566,0.77978515625,40.28125
1346198,10310897,SB.GVDA.HLZ,0,up,10.950760841369629,0.81005859375,1.349609375
2466585,14382056,PB.B084.EHZ,1,down,8.80492115020752,1.4296875,67.5625
372875,11671588,CI.WHF.EHZ,0,up,36.02436447143555,1.099609375,30.03125
465346,9691321,CI.ALV.EHZ,0,up,8.976449012756348,1.16015625,49.125
2360741,9936817,CI.SKY.EHZ,1,down,100.03314971923828,2.4609375,47.34375
1150776,10150793,CI.WHF.EHZ,1,down,5.266698360443115,1.5498046875,43.09375
327498,10183229,CI.SNR.EHZ,0,up,12.039931297302246,1.5400390625,7.51953125
819222,15071756,CI.BOR.HHZ,1,down,61.54573440551758,1.4404296875,14.3203125
844059,11279354,CI.JRC2.HHZ,1,down,10.396718978881836,0.75,9.71875
1749581,9942077,CI.POB.EHZ,0,up,11.055089950561523,0.919921875,20.9375
1670926,9621669,CI.THC.EHZ,0,up,10.339649200439453,1.7099609375,37.3125
121206,15119089,PB.B087.EHZ,1,down,7.321580410003662,0.77978515625,51.875
1223254,14214956,CI.POB.EHZ,0,up,50.288658142089844,1.490234375,17.484375
296542,9166602,CI.RAY.EHZ,0,up,10.64952564239502,1.4501953125,20.0625
278337,3329572,CI.WNM.EHZ,0,up,2.8016159534454346,0.81982421875,26.921875
1661271,14344972,CI.HMT.EHZ,1,down,7.7589030265808105,1.1396484375,40.03125
2484796,15061436,NN.BEN.EHZ,1,down,28.575206756591797,1.3203125,50.25
2071443,10024401,CI.WMF.EHZ,0,up,33.172584533691406,0.7001953125,12.3203125
1843017,14311108,CI.PMD.HHZ,1,down,30.02463150024414,1.2998046875,39.875
1963860,11360066,AZ.FRD.HHZ,1,down,21.66537094116211,1.1201171875,24.296875
504531,10256381,CI.JRC2.HHZ,0,up,46.51551818847656,0.72021484375,13.1328125
1080238,10835141,PB.B093.EHZ,0,up,20.72740936279297,0.830078125,14.453125
269224,14119496,CI.WSH.EHZ,1,down,60.8485221862793,0.759765625,13.859375
1373569,10355397,CI.XTL.EHZ,1,down,27.90868377685547,2.509765625,62.5
1519668,14395620,CI.RMM.EHZ,1,down,12.196606636047363,1.509765625,30.25
1256817,14288956,CI.SBB.EHZ,1,down,4.7559638023376465,2.140625,98.0
262204,11342938,CI.CFT.EHZ,0,up,5.1813459396362305,1.25,17.46875
1883961,10860245,CI.WRV.EHZ,0,up,7.6888346672058105,1.9697265625,35.15625
217498,9990541,CI.WNM.EHZ,1,down,2.417969226837158,0.81982421875,49.4375
950869,10783197,CI.ERR.HHZ,0,up,4.230119228363037,1.509765625,21.4375
2442002,10368485,CI.DRE.HHZ,1,down,7.168537616729736,1.1103515625,3.689453125
1030398,11417794,PB.B087.EHZ,0,up,53.535858154296875,0.990234375,20.671875
1451736,13958004,CI.TOW.EHZ,0,up,24.0316162109375,2.2109375,61.46875
1654702,10367849,AZ.TRO.HHZ,0,up,3.055337905883789,1.330078125,51.46875
2303618,10870509,EN.RED.EHZ,0,up,21.912822723388672,0.7001953125,1.1904296875
2132654,14106748,CI.CCA.EHZ,0,up,11.734029769897461,1.650390625,32.4375
423791,14238832,AZ.SND.HHZ,1,down,24.076171875,1.51953125,33.59375
561412,14152976,AZ.RDM.HHZ,1,down,5.681025505065918,0.97021484375,29.234375
2032735,10529701,PB.B087.EHZ,0,up,27.51890754699707,1.099609375,22.84375
2091119,10999821,CI.CHF.HHZ,1,down,36.843048095703125,1.7802734375,60.28125
2400653,10487453,CI.TOR.HHZ,1,down,4.522710800170898,1.33984375,46.03125
374709,14442984,PG.EC.EHZ,1,down,12.021101951599121,1.8896484375,77.3125
972584,10319261,CI.BFS.HHZ,0,up,401.44000244140625,1.91015625,11.390625
2430863,3324484,CI.BC3.EHZ,1,down,3.7578654289245605,2.830078125,84.6875
1138325,10355505,AZ.PFO.HHZ,1,down,53.80398178100586,1.7998046875,30.015625
2070100,3326696,CI.WMF.EHZ,0,up,52.850730895996094,1.33984375,4.37109375
601236,15061676,CI.BOR.HHZ,1,down,138.02587890625,1.01953125,16.265625
436577,14002960,CI.DNR.HHZ,1,down,70.79624938964844,1.5595703125,19.109375
2185948,10097769,CI.WCH.EHZ,0,up,6.891896724700928,0.85009765625,24.484375
2313535,10170862,CI.SWS.HHZ,1,down,1.9330588579177856,2.890625,34.875
92838,9147133,CI.WCS.EHZ,1,down,23.4084415435791,2.740234375,9.9765625
178121,11360826,PB.B082.EHZ,1,down,20.395111083984375,0.68017578125,15.8515625
694450,9679329,CI.JRC.HHZ,0,up,17.814992904663086,1.349609375,5.30859375
834675,10396617,PB.B918.EHZ,0,up,3.1549928188323975,0.85009765625,15.9921875
1154792,9666517,CI.ELR.EHZ,0,up,6.620352745056152,2.30078125,49.625
2447908,9806721,CI.BTL.EHZ,0,up,5.17953634262085,1.0302734375,22.734375
51975,10262237,CI.SKY.EHZ,0,up,2.116103410720825,1.4501953125,102.3125
1349899,15155137,NC.MCS.EHZ,1,down,86.08897399902344,1.8203125,8.0390625
2043543,10596973,ZY.PNTO.EHZ,0,up,48.73160171508789,2.060546875,2.640625
1243125,9135843,CI.RVR.EHZ,0,up,19.396873474121094,2.640625,66.625
1437229,10184589,CI.TPM.EHZ,1,down,5.256025314331055,1.6796875,35.375
544144,14041632,AZ.KNW.HHZ,0,up,2.611255168914795,1.099609375,27.734375
1716912,14899724,CI.BOR.HHZ,1,down,16.677391052246094,1.4296875,45.9375
126984,14188452,CI.TA2.HHZ,0,up,3.5121397972106934,1.0703125,36.65625
961200,14285316,AZ.MONP.HHZ,1,down,4.24127197265625,1.48046875,41.59375
292997,12458540,CI.WOR.EHZ,1,down,14.633955955505371,1.419921875,54.90625
1767091,14007156,CI.PSP.EHZ,1,down,4.914604187011719,1.5595703125,61.65625
730982,10207669,CI.BLK.EHZ,0,up,5.783924102783203,1.48046875,51.78125
800556,10931141,PB.B093.EHZ,1,down,13.580954551696777,1.2099609375,61.125
573965,14149816,CI.WOR.EHZ,0,up,67.79084014892578,1.7802734375,20.703125
2246892,10262773,CI.MPM.HHZ,1,down,9.318083763122559,1.7197265625,103.875
2408064,9651769,CI.WSH.EHZ,0,up,140.57826232910156,2.73046875,61.53125
136007,9749661,CI.WIN.EHZ,0,up,172.06651306152344,1.91015625,19.796875
2325636,14206612,AZ.KNW.HHZ,0,up,17.480432510375977,1.0,33.84375
1521940,10064177,CI.BOR.HHZ,1,down,8.0481538772583,0.77978515625,27.5625
509039,14736812,CI.MPM.HHZ,1,down,12.824676513671875,0.9599609375,30.421875
2435740,14042332,CI.WMF.EHZ,1,down,4.195348262786865,1.5,28.375
463680,15199785,CI.SGL.EHZ,1,down,14.419951438903809,3.439453125,41.28125
1090363,14003460,CI.JCS.HHZ,1,down,82.4380874633789,2.119140625,35.96875
521216,11332850,CI.PMD.HHZ,1,down,19.943012237548828,0.8798828125,14.4375
345868,13692800,CI.WMF.EHZ,0,up,5.960355758666992,1.2998046875,14.09375
382951,9158120,CI.POB.EHZ,1,down,4.1308794021606445,1.5,73.625
1288336,10064141,CI.WMF.EHZ,0,up,2.3230764865875244,0.25,13.25
576567,9157459,CI.SBB.EHZ,0,up,21.733684539794922,1.76953125,118.25
637058,10665381,CI.PMD.HHZ,1,down,7.421319961547852,0.580078125,29.0625
1664273,10321689,CI.CCA.EHZ,1,down,32.718116760253906,2.19921875,51.53125
238588,14217364,CI.DEV.HHZ,0,up,1.2316511869430542,1.5703125,48.90625
1718811,9154465,CI.RAG.EHZ,1,down,6.216091156005859,1.2001953125,17.5625
963633,10913397,AZ.SND.HHZ,1,down,51.70606994628906,1.6796875,38.59375
1231545,10347597,CI.TOW.EHZ,0,up,13.854235649108887,1.01953125,10.578125
151489,10028741,CI.TUQ.HHZ,1,down,6.173226833343506,2.19921875,85.125
930193,10730349,CI.ARV.HHZ,1,down,105.87490844726562,3.740234375,52.90625
2222604,15079980,CI.PASC.HHZ,1,down,25.45772933959961,2.650390625,54.34375
1048836,10922869,PB.B087.EHZ,1,down,11.030550956726074,1.349609375,59.6875
531350,10228329,CI.POB.EHZ,0,up,2.4534220695495605,0.6298828125,10.203125
41713,13984608,CI.PLS.HHZ,1,down,7.781477451324463,2.060546875,21.828125
462423,14214752,AZ.PFO.HHZ,0,up,4.561235427856445,1.1298828125,33.375
2278641,14189168,AZ.BZN.HHZ,0,up,6.168973922729492,0.330078125,10.359375
432159,9150290,CI.WOF.EHZ,1,down,61.93949508666992,1.5400390625,29.265625
1111415,10215273,CI.DEV.HHZ,0,up,7.815257549285889,2.189453125,30.859375
368915,9158551,CI.RAG.EHZ,0,up,122.01302337646484,2.0703125,8.1875
237465,14462600,CI.WCS.EHZ,1,down,9.924091339111328,2.890625,39.65625
1999669,9148459,CI.TPM.EHZ,0,up,9.281312942504883,1.7001953125,23.5
2437730,11077842,CI.EMS.EHZ,0,up,24.15846824645996,2.58984375,60.28125
730478,14614796,EN.RED.EHZ,1,down,5.465363502502441,3.279296875,63.375
382571,10312757,CI.CLC.HHZ,0,up,14.47546672821045,2.220703125,29.4375
1219487,9923629,AZ.YAQ.HHZ,0,up,11.602298736572266,1.349609375,31.65625
464126,11131218,CI.YUH.EHZ,0,up,8.46696949005127,1.9599609375,91.4375
1825561,10059421,CI.PLM.HHZ,0,up,11.82235050201416,1.009765625,32.09375
1690448,10345109,CI.BAC.EHZ,1,down,10.931011199951172,0.7900390625,23.734375
74988,11066237,AZ.FRD.HHZ,1,down,17.89423370361328,0.669921875,37.15625
249888,14219548,CI.QAL.EHZ,1,down,65.20457458496094,1.4599609375,21.59375
1400315,15013428,PB.B084.EHZ,1,down,20.705869674682617,0.89990234375,17.890625
506771,13974800,CI.IRM.HHZ,0,up,4.314006328582764,1.5400390625,94.1875
2097982,11336114,AZ.FRD.HHZ,0,up,50.591453552246094,0.919921875,14.6015625
1791356,14613252,CI.FRK.EHZ,1,down,8.208589553833008,2.720703125,88.5
1329245,14188576,CI.WMF.EHZ,0,up,6.639721393585205,0.7900390625,12.59375
1747306,10223785,CI.WOF.EHZ,0,up,4.920193672180176,1.1201171875,34.5625
2287061,10864797,CI.SNO.HHZ,1,down,19.35991668701172,1.2099609375,24.34375
1272799,10054037,CI.CHF.HHZ,1,down,321.46331787109375,3.330078125,100.875
2084373,9774485,CI.BAC.EHZ,0,up,9.893141746520996,1.8095703125,65.5625
1878250,13914104,CI.JRC.HHZ,0,up,5.853140354156494,0.669921875,6.26171875
1237207,14982852,AZ.BZN.HHZ,1,down,20.72812843322754,2.08984375,62.40625
1878497,10283461,CI.JRC2.HHZ,0,up,20.985000610351562,1.0,12.109375
2036760,10168721,CI.LRL.HHZ,1,down,1.3261595964431763,1.009765625,41.15625
822071,11284346,AZ.SND.HHZ,0,up,5.093337535858154,0.669921875,16.984375
682129,11672460,CI.LUG.HHZ,0,up,54.100624084472656,2.9609375,35.96875
443204,9928725,CI.WRV.EHZ,0,up,13.955353736877441,0.3701171875,9.578125
2460366,14198540,CI.MPM.HHZ,1,down,4.630287170410156,0.5,27.0625
2402396,9906629,CI.SUN.EHZ,0,up,82.76006317138672,3.279296875,78.125
1487207,11374034,CI.DNR.HHZ,1,down,42.66904067993164,1.4404296875,16.234375
1769096,10439905,PB.B917.EHZ,1,down,2.0953030586242676,1.0,81.75
2197512,14930036,CI.RMM.EHZ,1,down,16.967092514038086,1.8203125,33.625
649325,14378220,CI.SKY.EHZ,1,down,3.1275365352630615,1.58984375,68.375
418716,10226625,CI.YUH.EHZ,1,down,15.905384063720703,2.51953125,118.0
1699833,10352941,CI.PMD.HHZ,1,down,5.0671586990356445,1.0400390625,70.1875
176023,14063740,CI.PDU.HHZ,0,up,6.543308734893799,2.369140625,86.8125
2437657,14039092,CI.HYS.EHZ,1,down,18.49486541748047,2.2890625,85.1875
2394693,11330730,AZ.CPE.HHZ,0,up,9.58087158203125,1.349609375,72.25
2455403,12883748,CI.EML.HHZ,1,down,20.502534866333008,1.5,75.375
2359776,9142732,CI.GRP.EHZ,1,down,4.381623268127441,1.7001953125,64.8125
1581467,10780885,CI.PEM.EHZ,1,down,74.11433410644531,3.099609375,41.75
2197319,13970996,CI.WNM.EHZ,0,up,5.965367794036865,1.2998046875,25.578125
459135,9883697,CI.THC.EHZ,1,down,73.591796875,2.890625,46.59375
2,10622509,ZY.OYSB.EHZ,0,up,94.3373031616211,1.1201171875,6.859375
2043517,14345272,CI.CBK.EHZ,0,up,160.3021697998047,2.849609375,84.625
705719,9153698,CI.POB.EHZ,0,up,21.868330001831055,1.7197265625,103.0625
1337259,9883821,AZ.SND.HHZ,0,up,36.3775520324707,1.2001953125,15.578125
1507844,9874833,CI.TEJ.EHZ,0,up,166.85545349121094,1.8203125,10.7109375
2358545,9161054,CI.GRP.EHZ,0,up,6.869760990142822,1.2001953125,60.53125
910403,11324202,PB.B086.EHZ,0,up,4.623410701751709,0.56982421875,17.78125
2464484,10667973,ZY.WAGN.EHZ,0,up,44.999393463134766,1.6904296875,13.7265625
2002918,10224121,CI.HMT.EHZ,0,up,10.439723014831543,0.85009765625,21.90625
822877,14178180,CI.SWS.HHZ,1,down,129.566650390625,3.619140625,30.15625
1331847,9854217,AZ.PFO.HHZ,1,down,4.131540775299072,1.099609375,15.2265625
1879640,11370114,CI.WOF.EHZ,0,up,50.94078826904297,1.759765625,16.265625
307302,14926388,AZ.PFO.HHZ,1,down,30.855241775512695,2.220703125,69.625
26487,10208589,CI.JNH.EHZ,0,up,15.455962181091309,0.72998046875,20.890625
1055816,9748837,CI.CRR.EHZ,1,down,171.6039276123047,2.390625,38.46875
1879971,10147825,CI.JCS.HHZ,1,down,6.957927227020264,1.509765625,53.46875
1258331,10401393,CI.HYS.EHZ,0,up,11.841327667236328,1.7900390625,22.34375
743567,11274058,AZ.FRD.HHZ,0,up,6.980559825897217,0.35009765625,15.9765625
163395,10997781,AZ.CRY.HHZ,0,up,32.80339431762695,1.2900390625,37.78125
1637975,9140901,CI.HOL.EHZ,1,down,9.661871910095215,1.669921875,46.71875
1589014,11744055,CI.WCS.EHZ,0,up,19.129894256591797,1.7099609375,9.609375
1412625,11132962,CI.BFS.HHZ,1,down,3.9937081336975098,2.01953125,96.0625
2245399,14146884,AZ.RDM.HHZ,1,down,25.8978214263916,1.240234375,13.890625
1118355,14295860,PB.B082.EHZ,0,up,13.13117504119873,0.39990234375,14.5
1624256,9164352,CI.GRP.EHZ,0,up,10.949444770812988,0.9599609375,75.0
1298095,14205704,CI.PSP.EHZ,1,down,6.353683948516846,2.490234375,67.875
415886,10489117,CI.BAC.EHZ,0,up,13.591638565063477,2.150390625,24.140625
1395104,14129568,CI.CBK.EHZ,0,up,4.021933078765869,1.5,29.125
979435,10491005,PB.B916.EHZ,0,up,6.708274841308594,1.16015625,59.75
1798278,10545645,AZ.WMC.HHZ,0,up,9.088386535644531,1.7998046875,67.6875
1109463,9948385,CI.CLC.EHZ,1,down,5.758392333984375,0.8701171875,24.875
50320,14117896,CI.ALP.HHZ,1,down,5.8586530685424805,2.83984375,64.875
730563,12456928,CI.COA.EHZ,0,up,9.489604949951172,2.189453125,63.71875
1364438,10025657,CI.WRV.EHZ,0,up,3.94157338142395,0.7001953125,20.953125
2267740,10366881,CI.CBK.EHZ,1,down,99.50070190429688,2.349609375,95.75
1192017,14217884,CI.COK.EHZ,0,up,28.040071487426758,3.650390625,46.125
2217980,10095609,CI.MPM.HHZ,1,down,65.23030090332031,2.19921875,61.0625
264507,13071476,AZ.PFO.HHZ,0,up,9.182580947875977,1.33984375,57.0
217761,11672920,CI.ISA.HHZ,1,down,111.41909790039062,1.8701171875,65.875
180169,10777853,CI.IBP.HHZ,0,up,5.729055881500244,1.099609375,31.203125
1772423,10762965,CI.NBS.HHZ,1,down,3.026395559310913,2.0390625,56.59375
2223627,14689828,ZY.USG.EHZ,1,down,25.98396110534668,1.4296875,11.5625
1485813,14149068,CI.WLH.EHZ,1,down,14.329926490783691,1.009765625,34.03125
2447020,15010780,CI.DNR.HHZ,1,down,3.0303292274475098,0.47998046875,13.7578125
1195120,13938804,CI.GTM.EHZ,0,up,20.19913101196289,2.400390625,44.625
349163,14571732,PB.B093.EHZ,1,down,483.121826171875,3.119140625,42.59375
196741,13811532,CI.RMM.EHZ,1,down,30.618925094604492,1.490234375,20.5625
1779770,10096265,CI.POB.EHZ,1,down,9.7802734375,0.81005859375,43.8125
2482316,14065040,CI.WRC.EHZ,1,down,7.517168998718262,0.759765625,17.125
1591125,11208914,CI.SDR.HHZ,0,up,3.8450074195861816,1.5595703125,62.4375
96048,14695844,ZY.OCCM.EHZ,1,down,79.14179992675781,1.9296875,6.19140625
920459,9133002,CI.HEC.HHZ,0,up,178.60816955566406,2.1796875,15.796875
540329,10207901,CI.EML.HHZ,0,up,13.127740859985352,1.509765625,78.625
2399271,11247442,CI.WRC.EHZ,1,down,63.56309509277344,1.259765625,13.15625
371900,13843640,CI.GSC.HHZ,0,up,2.550252676010132,1.759765625,80.875
641427,14088712,CI.MPM.HHZ,0,up,8.044285774230957,0.89990234375,37.03125
1468309,10150713,CI.MUR.HHZ,0,up,2.3072781562805176,2.0,31.515625
886032,9149193,CI.PLT.EHZ,1,down,26.425294876098633,3.689453125,75.25
845173,13951060,AZ.WMC.HHZ,1,down,8.452669143676758,1.8203125,69.875
309379,14739948,ZY.WAGN.EHZ,1,down,143.18409729003906,1.73046875,3.0390625
1606348,11610932,CI.SKY.EHZ,0,up,15.154499053955078,1.5595703125,25.1875
1208054,13688064,CI.DEV.HHZ,0,up,1.4899613857269287,1.0400390625,3.849609375
163028,9151327,CI.GRP.EHZ,0,up,15.770552635192871,2.060546875,65.1875
1193231,9992729,CI.AGA.HHZ,1,down,6.447914123535156,2.109375,33.84375
2002512,9674889,CI.WCS.EHZ,0,up,18.649415969848633,2.130859375,10.8125
1805910,14153432,CI.PMD.HHZ,1,down,5.059136390686035,0.7998046875,24.234375
912291,9633021,CI.WWP.EHZ,1,down,3.5927248001098633,1.48046875,80.375
1617943,9849017,CI.RAG.EHZ,0,up,13.936694145202637,2.650390625,79.5
1344630,10234601,AZ.BZN.HHZ,0,up,3.125230550765991,0.300048828125,8.2578125
85193,11331130,PB.B082.EHZ,1,down,12.295639038085938,0.580078125,16.171875
1211890,9793889,AZ.LVA2.HHZ,1,down,13.83212661743164,1.0,62.59375
440794,10610501,ZY.USG.EHZ,0,up,12.483168601989746,1.6103515625,6.6484375
523798,9807433,AZ.CRY.HHZ,0,up,8.09216594696045,0.740234375,8.9375
2363918,10368297,CI.XTL.EHZ,1,down,17.445932388305664,1.0,21.671875
950925,11011245,CI.MCT.HHZ,0,up,8.679041862487793,1.259765625,39.21875
414905,10353137,CI.WSH.EHZ,1,down,30.506872177124023,1.1904296875,45.15625
1099139,14139228,CI.SME.EHZ,0,up,8.10549545288086,1.3095703125,12.5703125
1689999,10149585,CI.PLM.HHZ,1,down,4.839160919189453,1.2001953125,68.6875
1694914,14511828,AZ.FRD.HHZ,1,down,16.346635818481445,0.6201171875,24.359375
2043343,9962601,CI.BAC.EHZ,0,up,2.885789632797241,0.97021484375,28.796875
659956,11065365,CI.JNH.EHZ,1,down,33.139156341552734,2.380859375,68.375
1515720,10181941,CI.LJR.HHZ,0,up,23.832429885864258,1.830078125,34.0625
173827,14379736,AZ.PFO.HHZ,1,down,9.09748649597168,0.6298828125,11.7265625
2185201,11008069,PB.B084.EHZ,1,down,7.398921489715576,0.580078125,23.5
593108,9797345,CI.SLR.HHZ,1,down,9.243927955627441,1.2998046875,21.984375
545744,9140734,CI.CFT.EHZ,0,up,7.583165168762207,1.48046875,15.796875
700061,10868285,CI.SNO.HHZ,0,up,7.981632232666016,1.4404296875,26.3125
240100,10864197,CI.CBK.EHZ,0,up,68.44071197509766,1.490234375,13.8828125
617145,14220876,AZ.RDM.HHZ,0,up,4.184844493865967,1.099609375,31.4375
961062,9883521,WR.PEC.EHZ,1,down,40.71141815185547,2.25,17.9375
1334853,11245314,CI.PMD.HHZ,1,down,12.167610168457031,0.7998046875,67.8125
2249181,9678533,CI.ISA.HHZ,1,down,21.21546173095703,1.2001953125,65.3125
2034963,15098580,CI.COK.EHZ,1,down,57.19411087036133,2.240234375,45.375
717640,13939884,CI.DNR.HHZ,1,down,43.58521270751953,2.5703125,84.75
998078,10486589,CI.LCG.HHZ,0,up,11.763649940490723,2.060546875,5.78125
1578562,11371498,AZ.RDM.HHZ,0,up,742.363037109375,2.3203125,8.40625
880854,10149021,CI.JRC2.HHZ,0,up,35.99922180175781,1.400390625,24.15625
1031373,9168346,CI.IKP.EHZ,0,up,39.238285064697266,2.33984375,77.75
1004195,14172164,CI.SIL.EHZ,1,down,5.343640327453613,1.1396484375,29.8125
1267469,14122160,CI.EW2.EHZ,0,up,7.085638523101807,1.66015625,36.625
1933139,10095853,CI.SNR.EHZ,1,down,6.209915637969971,1.6396484375,34.15625
500349,12915456,CI.MCT.HHZ,0,up,17.199377059936523,2.119140625,67.25
1643822,10246585,PB.B086.EHZ,0,up,5.914412498474121,0.330078125,10.203125
1495217,9147773,CI.SME.EHZ,1,down,17.39613914489746,1.490234375,26.5625
1266779,10345773,CI.SLA.HHZ,1,down,2.432234525680542,0.81005859375,12.6484375
233398,10250505,CI.WSH.EHZ,1,down,26.722524642944336,1.2099609375,45.59375
1978049,10488181,CI.LTC.EHZ,1,down,4.788376331329346,2.08984375,106.8125
1870497,10909845,CI.SNO.HHZ,1,down,12.932880401611328,2.009765625,37.5
589516,12880092,AZ.KNW.HHZ,1,down,25.812801361083984,1.51953125,38.0625
2379369,13812260,CI.SIL.EHZ,0,up,25.364049911499023,1.4501953125,34.0
62102,10636349,ZY.PNTO.EHZ,0,up,93.65896606445312,1.76953125,12.5625
723333,9906629,CI.BTL.EHZ,0,up,182.86224365234375,3.279296875,15.328125
939794,10348973,CI.TOR.HHZ,0,up,14.890236854553223,0.6201171875,22.515625
1184022,9675905,CI.JRC.HHZ,1,down,8.194517135620117,1.6201171875,9.4296875
530016,9882069,CI.TEH.HHZ,0,up,3.0098073482513428,1.1796875,60.09375
170155,10036761,CI.WRV.EHZ,0,up,342.3141784667969,1.1796875,6.8984375
209940,11080754,CI.RMR.EHZ,1,down,24.838180541992188,2.05078125,67.5625
1768896,9644457,CI.SRT.EHZ,0,up,16.215213775634766,2.619140625,61.96875
1431226,10284017,CI.YUH.EHZ,1,down,14.675918579101562,1.669921875,73.3125
2493573,10825357,EN.ELM.EHZ,1,down,10.887150764465332,1.0,0.75
1942033,10150269,CI.TEJ.EHZ,1,down,27.71856117248535,1.8603515625,25.140625
2309570,11327874,CI.PMD.HHZ,0,up,48.67671203613281,1.2998046875,18.078125
522650,10793405,AZ.CRY.HHZ,1,down,10.168656349182129,1.2099609375,45.75
1064221,14999100,CI.COK.EHZ,1,down,11.85757064819336,1.9404296875,23.484375
1698139,10365313,AZ.HWB.HHZ,1,down,9.808685302734375,2.380859375,109.6875
160917,10926085,CI.SKY.EHZ,0,up,1.2187212705612183,3.189453125,70.5625
1380208,9878277,CI.LDR.HHZ,1,down,122.46355438232422,2.75,46.65625
2464278,13984244,CI.PEM.EHZ,0,up,6.117051601409912,1.650390625,81.25
788362,9720517,CI.WOF.EHZ,1,down,61.39931869506836,1.490234375,28.625
1859544,10630029,ZY.OYSB.EHZ,0,up,66.61244201660156,1.5,13.421875
1331794,14465440,PB.B087.EHZ,1,down,7.752790451049805,0.740234375,29.546875
772071,10346461,CI.SRN.HHZ,0,up,42.99619674682617,1.9599609375,3.23046875
1961443,10180381,CI.PLM.HHZ,0,up,9.273725509643555,0.89990234375,38.28125
1046559,14072504,CI.DVT.HHZ,0,up,51.78883361816406,2.73046875,34.625
335288,9687613,CI.DJJ.HHZ,0,up,4.519354343414307,1.740234375,18.484375
135972,13943528,AZ.SND.HHZ,0,up,7.043405532836914,0.91015625,6.828125
2462640,9949521,CI.RMM.EHZ,1,down,47.54484176635742,1.009765625,35.15625
1642734,11383458,CI.WI2.EHZ,0,up,4.15162467956543,1.5595703125,18.90625
469500,9674281,CI.CLC.EHZ,0,up,24.93313217163086,1.7099609375,33.90625
703363,14474920,AZ.TRO.HHZ,1,down,6.540846347808838,1.25,43.46875
1974235,9928829,CI.WMF.EHZ,1,down,8.609804153442383,0.830078125,15.0625
2280824,9632137,CI.WNM.EHZ,0,up,37.16038513183594,1.8798828125,24.5
266276,14186860,CI.TEH.HHZ,1,down,55.06806945800781,2.029296875,60.6875
1762729,13969236,CI.SIL.EHZ,0,up,123.22722625732422,1.5,1.3095703125
2011785,11273554,AZ.KNW.HHZ,1,down,11.855489730834961,1.5595703125,35.34375
2343816,11387674,CI.HYS.EHZ,1,down,43.67292785644531,1.7099609375,69.125
1786911,10058489,CI.SME.EHZ,0,up,20.958759307861328,1.5,25.078125
1144092,14360020,CI.HOL.EHZ,1,down,3.1293411254882812,0.89990234375,26.078125
405296,10013369,CI.SIM.EHZ,0,up,19.12928009033203,2.58984375,81.375
1182491,10283665,CI.OAT.EHZ,1,down,40.13120651245117,0.5,6.8984375
45541,14472424,AZ.KNW.HHZ,1,down,12.942570686340332,1.0302734375,37.9375
173216,10401681,CI.CHF.HHZ,1,down,49.94367980957031,1.599609375,37.1875
309978,11335250,NN.LCH.EHZ,1,down,37.55331802368164,1.2802734375,25.921875
1289391,11331770,AZ.WMC.HHZ,0,up,18.031023025512695,1.1796875,11.5390625
1559189,11273778,PB.B087.EHZ,0,up,47.155303955078125,1.6396484375,15.5234375
160476,14329948,CI.SHE.EHZ,0,up,13.437548637390137,2.55078125,112.0
208250,9944825,AZ.BZN.HHZ,0,up,106.53204345703125,1.6396484375,24.46875
347023,9992705,CI.WRV.EHZ,1,down,6.893444538116455,1.7998046875,13.1484375
56305,11330810,AZ.CRY.HHZ,0,up,23.314411163330078,0.1300048828125,5.05078125
2195644,14187968,CI.ABL.EHZ,0,up,67.52630615234375,0.7998046875,2.560546875
2165990,10532037,PB.B087.EHZ,1,down,25.24504852294922,1.3896484375,56.21875
794317,14349332,CI.JNH.EHZ,1,down,56.759342193603516,2.01953125,70.875
1057450,14242188,CI.MPM.HHZ,0,up,7.572387218475342,0.83984375,36.8125
698533,10097769,CI.WAS.EHZ,0,up,3.711189031600952,0.85009765625,22.375
497226,10166189,CI.EMS.EHZ,1,down,14.153544425964355,2.19921875,50.78125
819468,10456965,CI.CLC.HHZ,0,up,22.44622802734375,1.7099609375,68.9375
183277,9170357,CI.TPM.EHZ,1,down,35.33966827392578,2.0390625,51.375
2016461,10237993,CI.TOW.EHZ,0,up,7.382069110870361,1.6796875,33.625
64493,15021988,PB.B087.EHZ,1,down,11.529827117919922,1.0302734375,53.15625
29758,10001141,CI.GOR.HHZ,0,up,38.7296257019043,2.01953125,38.25
281759,9716229,CI.SAL.HHZ,1,down,6.41934061050415,1.900390625,20.5625
1239330,10961701,AZ.BZN.HHZ,1,down,10.24979305267334,0.93017578125,30.5625
1853241,14333392,CI.SKY.EHZ,1,down,16.832386016845703,2.240234375,25.234375
392340,10541109,AZ.KNW.HHZ,1,down,15.017858505249023,1.1103515625,46.125
168315,9148498,CI.WCS.EHZ,0,up,8.292738914489746,1.599609375,11.546875
930528,14135528,CI.MWC.EHZ,0,up,7.252687454223633,2.109375,113.25
1565071,14347020,CI.SGL.EHZ,0,up,20.436439514160156,2.26953125,42.4375
1025242,9724233,CI.WCS.EHZ,0,up,4.449131965637207,1.080078125,13.890625
1544992,10767453,AZ.SND.HHZ,1,down,138.03269958496094,1.73046875,9.640625
1069589,10067405,CI.SMF.EHZ,1,down,46.83152770996094,3.640625,31.484375
1389514,10925309,CI.DRE.HHZ,0,up,69.13604736328125,2.859375,54.375
2462743,11341538,AZ.SND.HHZ,1,down,9.41971206665039,1.009765625,16.0625
1430696,10276465,AZ.RDM.HHZ,1,down,41.96989059448242,2.5,107.25
2394152,10063001,CI.PLM.HHZ,1,down,23.661334991455078,1.9404296875,87.6875
96750,10755741,CI.FIG.HHZ,1,down,15.01749038696289,2.259765625,54.09375
1998371,14216376,CI.WOR.EHZ,0,up,4.024082183837891,1.349609375,69.25
2273122,14720300,ZY.WAGN.EHZ,1,down,3.465745687484741,2.01953125,19.640625
1127875,10182929,CI.BEL.HHZ,0,up,5.779715061187744,1.7900390625,82.625
434449,10530845,CI.JEM.HHZ,1,down,30.60378074645996,1.2001953125,46.65625
1477488,9924677,CI.LUG.HHZ,1,down,4.443809986114502,1.990234375,52.3125
1760117,14256036,CI.HOL.EHZ,0,up,24.324661254882812,1.5595703125,65.75
1815247,10627557,ZY.OYSB.EHZ,1,down,8.423910140991211,2.0390625,15.390625
1418334,10276105,CI.PMD.HHZ,0,up,45.575923919677734,1.6103515625,51.0625
1700239,14187588,CI.CBK.EHZ,0,up,37.31756591796875,2.189453125,77.0625
1940946,14068512,CI.WAS.EHZ,1,down,11.131880760192871,1.5302734375,39.0625
2004598,14175016,CI.PMD.HHZ,1,down,44.27965545654297,1.009765625,22.40625
1112166,10480117,PB.B082.EHZ,1,down,7.345667839050293,1.01953125,35.65625
1221667,9690357,CI.WVP.EHZ,0,up,71.86131286621094,1.75,7.109375
1920965,10902597,AZ.PFO.HHZ,1,down,137.01634216308594,2.9296875,68.0625
77546,13657192,CI.BBR.HHZ,1,down,18.079347610473633,1.6904296875,19.15625
1913668,14354848,AZ.CRY.HHZ,1,down,12.072237968444824,1.3603515625,68.625
2052086,10284857,CI.TPC.EHZ,1,down,3.986940622329712,0.830078125,84.625
1870663,11023077,CI.DGR.HHZ,0,up,19.670114517211914,0.81982421875,32.15625
662691,14681404,ZY.OCCM.EHZ,1,down,25.36932373046875,1.9404296875,10.3125
1581413,10183685,CI.PSR.HHZ,0,up,70.935302734375,3.240234375,72.0
158684,13992956,CI.WMF.EHZ,0,up,35.17625427246094,0.89013671875,4.37890625
424765,9875365,CI.MCT.HHZ,0,up,142.07618713378906,1.990234375,50.75
2274605,10352861,CI.HYS.EHZ,1,down,8.828198432922363,2.220703125,111.0
1317809,10009153,CI.WRV.EHZ,0,up,91.62102508544922,1.099609375,3.58984375
864986,9804949,CI.PDU.HHZ,0,up,3.6091437339782715,1.349609375,16.3125
800170,9774853,CI.SPF.HHZ,1,down,45.307037353515625,1.5703125,33.875
1853806,9152820,CI.RMM.EHZ,0,up,39.9592170715332,1.66015625,37.71875
603666,10232037,CI.PLM.HHZ,0,up,12.815783500671387,1.4697265625,78.0
1856051,11389298,WR.CSP.EHZ,0,up,93.38748931884766,2.83984375,36.03125
1603802,14243208,CI.CBK.EHZ,0,up,69.66519165039062,2.359375,32.5625
902820,9142496,CI.HDB.EHZ,1,down,6.224008083343506,1.599609375,11.890625
600121,10787397,CI.WES.HHZ,1,down,40.360206604003906,2.169921875,16.96875
904743,9927917,CI.PSP.EHZ,1,down,15.400392532348633,1.580078125,19.421875
1473403,9822673,CI.TOW.EHZ,1,down,3.57332181930542,1.400390625,24.71875
2060420,11414410,AZ.BZN.HHZ,1,down,388.520263671875,3.189453125,100.875
338330,14695772,PB.B084.EHZ,1,down,12.65894889831543,0.7900390625,14.796875
4051,9718361,CI.BOR.HHZ,0,up,35.389766693115234,1.2001953125,28.328125
2148288,15203481,AZ.LVA2.HHZ,1,down,4.231352806091309,0.9501953125,37.125
12692,10744605,AZ.CRY.HHZ,0,up,21.58811378479004,2.69921875,79.625
1076459,10353165,CI.WES.HHZ,0,up,3.0775797367095947,1.6396484375,32.21875
229397,14439960,CI.XTL.EHZ,1,down,20.359249114990234,1.4296875,38.4375
308700,10293973,CI.SLR.HHZ,1,down,4.417942523956299,0.60009765625,14.421875
1098456,10271901,CI.BAC.EHZ,0,up,61.314456939697266,1.009765625,9.109375
379526,14157736,CI.PLM.HHZ,0,up,13.478768348693848,1.150390625,38.65625
644861,14171108,CI.POB.EHZ,0,up,5.5569939613342285,1.4501953125,72.875
800280,10840349,CI.CRR.EHZ,0,up,41.878753662109375,2.5390625,45.34375
588858,9963989,CI.HOL.EHZ,0,up,16.635272979736328,2.0703125,102.0
976176,10529269,AZ.CRY.HHZ,0,up,67.12557220458984,2.48046875,46.25
1829121,14617812,CI.CLI.EHZ,1,down,10.817341804504395,3.470703125,97.375
1141232,15199905,CI.FRK.EHZ,1,down,12.53074836730957,2.869140625,42.5625
1548652,10891109,CI.DNR.HHZ,1,down,12.617339134216309,2.689453125,68.875
1845177,10343681,CI.YUH.EHZ,0,up,152.81332397460938,2.26953125,38.4375
484622,10345685,PB.B082.EHZ,1,down,20.965675354003906,1.58984375,57.53125
306357,9148150,CI.THC.EHZ,1,down,33.782562255859375,2.16015625,19.078125
1285296,9145462,CI.SBB.EHZ,1,down,13.716011047363281,2.7890625,78.25
811294,10256669,CI.CBK.EHZ,1,down,15.644137382507324,2.060546875,66.0625
1453178,13693380,CI.HYS.EHZ,0,up,6.693084239959717,1.2099609375,58.0
966117,15021452,CI.SGL.EHZ,1,down,52.695125579833984,1.98046875,44.96875
1712969,14325620,AZ.CRY.HHZ,0,up,26.94478988647461,1.650390625,70.9375
518875,10595957,CI.WES.HHZ,0,up,4.499188423156738,1.2900390625,14.078125
276258,9675821,CI.SRT.EHZ,1,down,2.738076686859131,1.3203125,41.40625
537727,10297505,CI.SWS.HHZ,0,up,10.004237174987793,1.7197265625,55.53125
1038370,9949253,CI.WNM.EHZ,0,up,6.6790361404418945,1.7900390625,77.875
1182792,14608012,CI.SWS.HHZ,1,down,4.136989116668701,3.30078125,29.1875
1209981,14277460,PB.B081.EHZ,1,down,2.9551875591278076,0.7001953125,34.15625
434117,9138745,CI.EW2.EHZ,0,up,4.312825679779053,1.2998046875,30.28125
1474933,9132322,CI.CDY.EHZ,1,down,8.964348793029785,1.0,14.671875
1121980,14042148,CI.PLM.HHZ,0,up,18.382041931152344,1.5,64.0
966415,13936588,CI.POB.EHZ,1,down,12.415943145751953,1.4296875,68.875
2324308,9653577,CI.WNM.EHZ,0,up,47.97174835205078,2.7890625,13.90625
2106638,10348785,AZ.RDM.HHZ,0,up,3.3136653900146484,1.0595703125,38.28125
1567904,10994301,CI.TA2.HHZ,0,up,14.283516883850098,1.9501953125,73.0
1709996,9984685,CI.RMR.EHZ,0,up,4.485844612121582,1.2998046875,30.9375
2163337,10784685,CI.CRR.EHZ,1,down,12.278402328491211,1.2802734375,27.796875
1767105,9154570,CI.MWC.EHZ,1,down,6.071505546569824,1.6904296875,55.46875
240390,14169684,CI.CCA.EHZ,1,down,10.755640029907227,1.7197265625,110.8125
1823414,14239208,AZ.RDM.HHZ,0,up,7.813893795013428,1.6904296875,39.9375
1564578,14312984,CI.CLI.EHZ,0,up,3.0566213130950928,2.240234375,42.625
466811,9134898,CI.WLH.EHZ,0,up,4.692221641540527,1.2802734375,42.1875
1394344,10206849,AZ.SND.HHZ,1,down,10.127371788024902,1.240234375,22.265625
1203818,9169985,CI.JCS.HHZ,1,down,55.00608444213867,1.7802734375,38.5625
705463,14346468,WR.FRI.EHZ,0,up,4.647130012512207,1.7998046875,93.625
1936701,9159292,CI.FLS.EHZ,1,down,1.3059759140014648,1.650390625,8.953125
736540,12843452,CI.RYS.EHZ,0,up,30.582456588745117,2.5703125,115.0
1473850,14277840,AZ.FRD.HHZ,0,up,54.30501174926758,1.1201171875,19.65625
1137820,14008460,CI.WWP.EHZ,0,up,15.792266845703125,1.400390625,55.03125
1260542,13947088,CI.TOW.EHZ,0,up,6.426304817199707,1.4296875,31.625
1580690,9665561,CI.WIN.EHZ,1,down,4.22602653503418,1.8798828125,76.4375
1217508,9688877,CI.TOW.EHZ,0,up,10.447854042053223,1.5,21.9375
2021994,14148544,CI.EW2.EHZ,0,up,13.928245544433594,1.9697265625,41.28125
1832771,14343288,CI.EML.HHZ,1,down,12.80099105834961,1.08984375,25.4375
271830,14204852,CI.RSS.HHZ,0,up,6.469498634338379,2.94921875,41.28125
733004,14598180,AZ.BZN.HHZ,1,down,6.982845783233643,0.89013671875,26.734375
1118932,11091290,PB.B082.EHZ,1,down,14.038351058959961,0.469970703125,14.8203125
1257750,10276105,AZ.SND.HHZ,0,up,16.647907257080078,1.6103515625,26.84375
510458,11748055,CI.TOW.EHZ,0,up,2.6762099266052246,0.8701171875,22.28125
1541794,13917272,AZ.MONP.HHZ,1,down,106.43649291992188,3.970703125,94.8125
1830474,10083709,CI.XTL.EHZ,0,up,9.653237342834473,1.1103515625,31.015625
650967,13930384,CI.LRL.HHZ,1,down,5.305838108062744,1.6396484375,90.0625
229449,10860861,AZ.BZN.HHZ,0,up,3.4040956497192383,1.1904296875,51.84375
664215,9160476,CI.HEC.HHZ,0,up,20.417932510375977,3.0703125,52.625
2463229,10747941,EN.OBS.EHZ,0,up,6.641719341278076,3.0703125,60.15625
1608556,9689461,CI.WHV.EHZ,1,down,7.303948879241943,1.2197265625,78.625
1600482,11209250,NC.MCS.EHZ,1,down,139.19129943847656,3.099609375,14.046875
1074011,9703873,CI.WNS.HLZ,1,down,35.72853469848633,4.23828125,6.26953125
1842653,11359338,AZ.WMC.HHZ,0,up,536.48388671875,3.220703125,39.09375
454979,14130424,CI.PSP.EHZ,1,down,3.3652517795562744,1.490234375,36.28125
230597,11102826,CI.TOR.HHZ,0,up,6.888101577758789,0.419921875,21.703125
1022559,14174524,AZ.CRY.HHZ,1,down,17.74860954284668,1.16015625,20.765625
467672,14218720,CI.SIL.EHZ,0,up,207.28662109375,0.75,0.58984375
1302553,9872337,CI.WNM.EHZ,1,down,5.8929033279418945,0.830078125,20.546875
120482,9817949,CI.BEL.HHZ,1,down,10.61352825164795,1.1396484375,27.375
1864932,10404137,CI.PMD.HHZ,0,up,9.856657028198242,1.330078125,55.78125
2466399,14408400,CI.SRT.EHZ,1,down,3.697725534439087,1.6796875,51.09375
1106288,10860325,AZ.SND.HHZ,1,down,15.499927520751953,1.7802734375,46.96875
1936915,10347877,AZ.KNW.HHZ,0,up,1.6719651222229004,1.6103515625,104.3125
397376,11052173,AZ.FRD.HHZ,1,down,115.39517974853516,0.97998046875,9.84375
335024,9158760,CI.HDB.EHZ,0,up,8.617077827453613,1.7802734375,29.359375
1728158,11050997,EN.RED.EHZ,1,down,5.645432949066162,1.009765625,8.9296875
2090965,14695212,ZY.OCCM.EHZ,1,down,29.66041374206543,1.5400390625,6.33984375
2088529,14473792,CI.RXH.HHZ,1,down,19.130266189575195,1.259765625,2.939453125
608903,14435000,PB.B084.EHZ,1,down,51.866058349609375,1.150390625,16.203125
705538,10121761,AZ.CRY.HHZ,0,up,9.257068634033203,0.6298828125,15.109375
1723006,10349149,AZ.PFO.HHZ,1,down,3.38448166847229,0.89990234375,58.5625
1094670,13031456,CI.EMS.EHZ,0,up,48.441062927246094,2.0703125,49.34375
1185693,9655341,AZ.BZN.HHZ,0,up,2.6979687213897705,1.5703125,15.3515625
1991046,10496541,CI.THC.EHZ,1,down,93.72338104248047,2.16015625,20.6875
186253,14997732,AZ.CRY.HHZ,1,down,12.326313972473145,1.900390625,78.9375
926142,10207745,CI.DVT.HHZ,1,down,9.631902694702148,1.580078125,7.94921875
1300330,10727429,EN.ENG.EHZ,0,up,2.810274839401245,2.279296875,54.09375
35120,14196708,AZ.PFO.HHZ,0,up,4.025017738342285,0.58984375,15.9609375
345974,10796173,CI.LTC.EHZ,0,up,14.330480575561523,1.9296875,48.375
962804,9829341,CI.WMF.EHZ,0,up,74.25285339355469,1.990234375,52.53125
1088234,9152030,CI.TPC.EHZ,1,down,6.046849727630615,1.7197265625,62.375
1880778,9656601,CI.WCS.EHZ,0,up,8.822211265563965,1.830078125,7.5390625
2190724,9709553,CI.BBS.HHZ,0,up,63.55080032348633,3.080078125,23.953125
1001336,10167265,CI.CRN.EHZ,1,down,1.4637978076934814,1.7099609375,43.40625
1389026,14171320,CI.PMD.HHZ,1,down,2.359283208847046,0.60986328125,22.265625
50706,15200049,CI.SGL.EHZ,1,down,4.628627300262451,2.140625,38.875
1127774,13970864,CI.WRC.EHZ,0,up,3.0674850940704346,0.39990234375,14.203125
2362396,15188113,CI.PLM.HHZ,1,down,11.337991714477539,0.7099609375,48.28125
36055,9852169,CI.HOL.EHZ,0,up,110.25365447998047,2.310546875,83.6875
570690,9702993,CI.WHV.EHZ,0,up,9.545449256896973,2.580078125,20.296875
2389228,9873965,CI.SSW.HHZ,1,down,15.296699523925781,2.119140625,1.3701171875
643423,9168759,CI.CDY.EHZ,0,up,29.512311935424805,2.150390625,25.4375
2143384,10746197,AZ.KNW.HHZ,1,down,165.53652954101562,2.849609375,72.5625
1649344,10318669,CI.WMF.EHZ,1,down,37.44746780395508,1.2001953125,2.279296875
852605,10964773,AZ.BZN.HHZ,0,up,139.4390869140625,2.359375,8.2734375
2340302,10478445,AZ.CRY.HHZ,1,down,24.02606964111328,1.349609375,29.484375
1827161,9721377,CI.WHF.EHZ,1,down,127.30947875976562,2.30078125,24.53125
1179678,10795389,AZ.PFO.HHZ,1,down,5.194133758544922,0.60009765625,13.078125
647758,14493176,CI.SNO.HHZ,1,down,5.977355480194092,1.7099609375,88.125
596165,10911533,CI.RXH.HHZ,0,up,3.857917547225952,0.39990234375,1.4501953125
1952719,11382906,CI.EML.HHZ,0,up,17.09532928466797,1.240234375,55.53125
588113,9993769,CI.TEH.HHZ,0,up,28.98060417175293,1.5703125,25.984375
1298076,10720693,AZ.PFO.HHZ,1,down,6.658293724060059,0.72998046875,24.703125
1363102,14205912,CI.ERR.HHZ,0,up,3.285734176635742,1.3203125,30.625
506437,14697444,ZY.PNTO.EHZ,1,down,54.30495071411133,1.1298828125,9.2421875
2314971,11378994,EN.ELM.EHZ,1,down,49.933441162109375,1.2900390625,0.35009765625
1611244,14135488,CI.POB.EHZ,1,down,9.31234359741211,0.919921875,59.6875
60752,14350192,CI.COA.EHZ,1,down,36.96983337402344,2.759765625,51.34375
869996,9705657,CI.JCS.HHZ,0,up,4.431105613708496,1.740234375,49.875
287366,14181040,CI.MLAC.HHZ,1,down,16.416275024414062,1.25,26.953125
1729511,10701165,CI.RUN.EHZ,1,down,3.076265335083008,2.25,91.375
1706093,10235501,CI.YUH.EHZ,1,down,128.56503295898438,2.599609375,78.0
394701,9734857,CI.BAC.EHZ,0,up,10.686978340148926,1.0703125,14.4375
1246881,14617708,CI.SWS.HHZ,1,down,16.246408462524414,2.26953125,27.09375
1936983,13916496,CI.CLC.HHZ,1,down,19.296737670898438,1.5,28.6875
1286441,10067801,CI.RSB.HLZ,0,up,1.1292033195495605,1.51953125,17.265625
2366957,11133066,CI.WWP.EHZ,1,down,3.7877187728881836,1.2001953125,27.296875
964103,14461888,CI.JEM.HHZ,1,down,99.42090606689453,1.5498046875,29.28125
839110,9158895,CI.ARV.EHZ,0,up,4.354783058166504,1.73046875,58.53125
984596,14220636,AZ.LVA2.HHZ,0,up,14.09349250793457,0.97021484375,42.53125
1830198,15191097,CI.GOR.HHZ,1,down,19.98825454711914,2.58984375,110.9375
404597,10056241,CI.MAR.EHZ,0,up,41.827781677246094,2.490234375,77.4375
665908,10187157,CI.SME.EHZ,0,up,1.991960048675537,0.97021484375,55.65625
1100254,9775393,CI.TOW.EHZ,1,down,10.618338584899902,0.91015625,18.015625
946277,10776173,AZ.RDM.HHZ,1,down,5.0880537033081055,0.759765625,55.125
2012079,10763037,CI.WBS.HHZ,0,up,18.32709312438965,1.4404296875,13.8671875
2326195,14149588,CI.TPM.EHZ,1,down,3.2108829021453857,1.0595703125,36.21875
1491531,14154008,CI.HMT.EHZ,0,up,14.72326946258545,0.990234375,45.75
766762,11081282,CI.PEM.EHZ,0,up,8.952031135559082,0.97021484375,54.5
2482986,10348497,CI.OLP.HHZ,0,up,6.628159999847412,2.240234375,93.875
1989280,10345509,CI.XTL.EHZ,1,down,3.9516890048980713,1.1396484375,59.9375
96906,10206197,CI.JNH.EHZ,0,up,32.55471420288086,1.2998046875,14.2109375
965778,10405857,CI.DNR.HHZ,0,up,2.6370654106140137,0.6298828125,13.21875
183492,10055617,AZ.FRD.HHZ,0,up,30.96524429321289,1.6396484375,65.3125
1514053,9708945,CI.WRV.EHZ,1,down,23.09907341003418,1.4296875,6.46875
933277,11381218,CI.SBB2.HHZ,0,up,11.164911270141602,1.3798828125,62.0
1295122,14006996,CI.EW2.EHZ,1,down,22.61272621154785,1.7001953125,29.09375
2221377,9677333,CI.WOR.EHZ,1,down,2.6434683799743652,0.52001953125,48.1875
1604785,15084820,CI.CLC.HHZ,1,down,66.52330780029297,0.5400390625,5.87890625
1644702,10166985,CI.TOW.EHZ,0,up,18.723146438598633,0.9501953125,11.421875
2037656,10344773,CI.HOL.EHZ,0,up,1.8304916620254517,1.2099609375,76.375
1245203,14122296,CI.DNR.HHZ,0,up,34.070831298828125,1.490234375,22.59375
2309155,14186944,CI.ISA.HHZ,1,down,23.087398529052734,2.26953125,85.1875
1936075,9632065,CI.WCH.EHZ,1,down,6.201333045959473,1.41015625,0.89990234375
9621,10497213,CI.CRN.EHZ,0,up,18.45220184326172,3.2890625,46.5
197174,14509284,AZ.RDM.HHZ,1,down,3.9911434650421143,0.5400390625,7.609375
1173347,14384336,CI.CHF.HHZ,1,down,13.7078275680542,1.6298828125,46.875
2402495,10216193,CI.PMD.HHZ,0,up,26.048860549926758,0.9501953125,23.375
1757957,10769077,CI.WCH.EHZ,0,up,10.140036582946777,1.349609375,39.21875
789040,9722257,CI.BAC.EHZ,0,up,2.0457823276519775,1.099609375,32.34375
548648,14614044,AZ.LVA2.HHZ,1,down,11.466773986816406,2.9609375,110.9375
168902,14598676,CI.WI2.EHZ,1,down,3.0985395908355713,1.490234375,12.0078125
921778,11351826,PG.EC.EHZ,1,down,23.037158966064453,1.6904296875,24.890625
1047397,14334592,CI.GTM.EHZ,1,down,18.809825897216797,1.2001953125,11.328125
1252830,14074240,CI.EML.HHZ,1,down,28.699573516845703,0.429931640625,25.15625
717239,9689669,CI.CLC.HHZ,0,up,46.37684631347656,1.599609375,31.84375
490549,11367250,CI.HMT.EHZ,1,down,42.01443099975586,2.0390625,63.09375
2617,9880505,CI.HMT.EHZ,0,up,9.027533531188965,1.5,42.96875
2099011,9775765,AZ.RDM.HHZ,0,up,813.9881591796875,4.390625,111.5
1439175,14096420,CI.SPG.HHZ,1,down,49.70359420776367,1.599609375,84.8125
331368,10526773,CI.WRC.EHZ,0,up,6.100135326385498,1.0400390625,18.3125
1499119,14418560,CI.SBB2.HHZ,1,down,14.084542274475098,0.7099609375,28.8125
1874343,10397481,PB.B081.EHZ,0,up,14.735213279724121,1.2099609375,65.5
781224,9160720,CI.WWP.EHZ,0,up,10.707608222961426,1.4296875,48.28125
2288252,14284956,CI.BOR.HHZ,0,up,5.994540691375732,1.349609375,25.734375
1786166,14162872,CI.GRP.EHZ,0,up,53.664302825927734,1.3896484375,42.1875
1913647,14215540,CI.THC.EHZ,1,down,82.63427734375,2.650390625,33.65625
1659519,9672225,CI.WWP.EHZ,1,down,11.537025451660156,1.6396484375,37.34375
11664,10868325,CI.TPM.EHZ,0,up,35.48516845703125,1.650390625,35.6875
2384103,10992107,CI.WCH.EHZ,0,up,1.6077510118484497,1.1796875,25.84375
221232,11210338,CI.GTM.EHZ,0,up,5.053698539733887,0.68994140625,61.65625
745691,14383384,AZ.RDM.HHZ,1,down,5.423460483551025,0.89990234375,35.75
490291,10860805,CI.FRK.EHZ,0,up,2.6315014362335205,2.2890625,103.0625
2321472,10247089,CI.SBB.EHZ,1,down,36.57225036621094,3.0390625,87.3125
186817,14163068,CI.HDB.EHZ,0,up,6.454671382904053,1.2998046875,40.875
484308,9772973,CI.EL2.EHZ,0,up,139.20608520507812,3.400390625,85.0
2476538,14190636,AZ.PFO.HHZ,0,up,5.722823619842529,1.3798828125,80.0625
2346442,9855617,AZ.FRD.HHZ,0,up,73.09077453613281,1.919921875,25.796875
1096194,10247721,PB.B082.EHZ,1,down,12.36374568939209,0.9599609375,55.46875
992955,10665789,CI.BOR.HHZ,1,down,9.318839073181152,0.5400390625,20.921875
2211004,10234633,CI.CLI.EHZ,1,down,4.709624767303467,1.099609375,17.1875
200526,10179065,CI.SHE.EHZ,1,down,3.2108466625213623,1.7900390625,60.5625
1672300,14085980,CI.WCS.EHZ,1,down,8.539311408996582,0.64990234375,1.3603515625
1878196,14680500,ZY.GVBC.HHZ,1,down,4.691152572631836,3.400390625,45.96875
1818728,9650289,CI.WWP.EHZ,0,up,10.914827346801758,1.3798828125,39.0625
2483920,10877685,CI.BAC.EHZ,1,down,3.3411436080932617,0.509765625,27.703125
1193113,14287920,CI.WMF.EHZ,0,up,4.635898113250732,0.419921875,5.2890625
2444596,10280889,CI.RRX.HHZ,1,down,4.145571231842041,1.5498046875,17.328125
757605,15010372,AZ.HWB.HHZ,1,down,8.69451904296875,1.4296875,61.53125
1640144,11347578,PB.B084.EHZ,1,down,18.27394676208496,0.66015625,10.296875
590988,11209170,CI.POB.EHZ,1,down,209.36007690429688,3.41015625,79.25
578413,11283754,AZ.TRO.HHZ,0,up,10.034270286560059,1.1201171875,4.8203125
1600126,9679565,CI.CLC.HHZ,0,up,165.6583709716797,1.830078125,32.90625
26125,15063980,CI.PHL.HHZ,1,down,28.55783462524414,2.400390625,62.3125
1216352,10231029,CI.PDU.HHZ,0,up,4.981842041015625,1.9296875,35.9375
1823342,14932332,PB.B082.EHZ,1,down,38.39615249633789,1.6904296875,33.75
405087,10379513,CI.SS2.EHZ,0,up,10.765085220336914,2.2109375,35.78125
972722,10179513,CI.RAY.EHZ,0,up,17.202537536621094,1.98046875,32.09375
2348464,10622213,ZY.GVBC.HHZ,1,down,9.009689331054688,2.779296875,27.78125
965401,11386970,CI.POB.EHZ,1,down,256.2421569824219,2.509765625,48.46875
46368,10348753,CI.WLH.EHZ,0,up,8.000764846801758,1.259765625,37.40625
156695,14776084,CI.SWS.HHZ,1,down,9.44219970703125,1.73046875,30.1875
1144298,10319261,CI.MUR.HHZ,1,down,4.315763473510742,1.91015625,76.625
172436,10070585,CI.JVA.HHZ,0,up,4.808132171630859,1.66015625,80.75
1504900,13307480,CI.PLM.HHZ,0,up,70.5421142578125,1.5498046875,42.1875
1918762,10188465,CI.TPC.EHZ,0,up,27.10857391357422,1.5,71.0
2332241,11614412,CI.ELS.EHZ,1,down,21.594724655151367,2.330078125,52.8125
2139158,11210794,CI.WRV.EHZ,1,down,19.03110694885254,1.1396484375,9.8828125
110820,10627693,AZ.FRD.HHZ,0,up,19.6304988861084,0.81005859375,11.5078125
2108636,12472416,CI.HYS.EHZ,0,up,63.632598876953125,2.2109375,21.40625
1303603,11284746,CI.VVD.EHZ,0,up,210.07461547851562,2.669921875,16.984375
556954,9963181,AZ.TRO.HHZ,0,up,14.127018928527832,2.6796875,46.40625
1854455,10764389,PB.B084.EHZ,1,down,30.99104881286621,0.89013671875,12.421875
1503152,11068573,CI.BFS.HHZ,0,up,9.939033508300781,1.2900390625,16.296875
1067981,14617860,CI.COK.EHZ,1,down,6.831991672515869,2.08984375,19.609375
2121137,10598149,ZY.OYSB.EHZ,1,down,45.96357727050781,2.140625,13.4296875
1008346,10495141,CI.BAC.EHZ,1,down,6.783775329589844,1.08984375,76.5
1122274,14085792,CI.PSP.EHZ,0,up,20.17648696899414,1.650390625,24.25
816052,10399889,AZ.KNW.HHZ,0,up,314.02392578125,3.98046875,101.375
1229978,14775188,CI.BTL.EHZ,1,down,104.07256317138672,2.240234375,30.234375
2003653,14313196,CI.CRR.EHZ,1,down,127.29324340820312,2.140625,56.59375
277536,10400553,NP.5062.HLZ,0,up,150.75634765625,1.6298828125,2.580078125
1496507,15201753,EN.RED.EHZ,1,down,10.305086135864258,2.19921875,20.640625
951735,14473808,EN.HAT.EHZ,1,down,7.091546535491943,0.7001953125,13.1171875
880360,9163353,CI.TPM.EHZ,1,down,9.300555229187012,1.740234375,41.28125
1946312,11071045,CI.POB.EHZ,0,up,17.121706008911133,1.0498046875,79.3125
1254442,10873141,CI.RUN.EHZ,0,up,14.535231590270996,1.98046875,10.078125
1130510,14614428,PB.B093.EHZ,1,down,6.671098709106445,2.439453125,78.8125
879496,11360186,CI.SUN.EHZ,0,up,16.65151023864746,1.3798828125,36.25
312168,14382592,AZ.PFO.HHZ,1,down,1.7098921537399292,0.52001953125,24.203125
1782908,14197116,CI.BEL.HHZ,0,up,9.896443367004395,2.23046875,109.375
678871,10267397,CI.HMT.EHZ,1,down,68.2238998413086,2.1796875,36.3125
2315164,14288316,AZ.LVA2.HHZ,0,up,6.208253860473633,1.5400390625,86.75
1483423,10080357,CI.ABL.EHZ,1,down,14.768376350402832,2.169921875,52.59375
1893896,14206068,AZ.LVA2.HHZ,1,down,31.72257423400879,1.5400390625,74.1875
516767,11671260,CI.CLC.HHZ,0,up,13.458868026733398,0.52001953125,30.875
1342354,13985440,CI.GRP.EHZ,1,down,56.55685043334961,1.7001953125,40.03125
508639,10175910,CI.SGL.EHZ,0,up,4.656117916107178,2.16015625,9.6015625
1275748,14166352,CI.WCS.EHZ,0,up,3.180285692214966,1.01953125,18.5625
2054787,11391802,AZ.FRD.HHZ,1,down,16.635581970214844,1.1201171875,49.4375
2331297,9707421,AZ.CRY.HHZ,0,up,5.19786262512207,1.6904296875,29.90625
902533,14842476,CI.CRR.EHZ,1,down,3.954712390899658,0.9501953125,28.296875
2438490,10864437,ZY.COON.EHZ,1,down,5.062603950500488,1.8203125,13.4921875
1751608,9744345,CI.EMS.EHZ,0,up,12.44829273223877,2.3203125,39.5
1749416,15015460,CI.JFS.EHZ,1,down,58.47020721435547,1.919921875,14.78125
1615301,13911056,CI.BAC.EHZ,0,up,9.227507591247559,1.3701171875,51.5625
45705,14137348,CI.AGA.HHZ,0,up,24.554180145263672,0.72998046875,29.59375
74951,14097020,CI.ISA.HHZ,0,up,29.03681755065918,1.3203125,34.78125
1377191,14219548,CI.TEH.HHZ,0,up,16.91566276550293,1.4599609375,70.5
2340995,13623436,CI.POB.EHZ,0,up,3.5854945182800293,0.85009765625,27.328125
691709,9975281,CI.CCA.EHZ,0,up,17.405702590942383,1.400390625,33.03125
1634585,10493981,CI.WES.HHZ,0,up,49.92011260986328,1.8798828125,13.9375
2405162,11008509,AZ.KNW.HHZ,1,down,7.477623462677002,1.0595703125,56.1875
1857357,14217780,CI.CHF.HHZ,1,down,40.500125885009766,1.08984375,15.171875
2025082,9138584,CI.SIP.EHZ,1,down,16.03714942932129,1.5,26.84375
1118766,13563468,CI.WRC.EHZ,0,up,33.26796340942383,1.919921875,31.15625
1839579,9650517,CI.WNM.EHZ,0,up,52.55906295776367,2.310546875,41.75
2353072,11131586,CI.DGR.HHZ,0,up,7.981855392456055,0.429931640625,27.40625
1098333,9171192,CI.EMS.EHZ,1,down,3.7057852745056152,1.7001953125,58.1875
1885447,9718625,CI.NW2.EHZ,1,down,15.533485412597656,1.8701171875,9.78125
468775,11209770,CI.DPP.HHZ,0,up,6.159214496612549,1.740234375,66.3125
1150205,14002156,CI.RAY.EHZ,0,up,17.33513832092285,2.419921875,88.0625
2157814,10932469,PB.B093.EHZ,1,down,5.795246124267578,0.8701171875,69.5
122822,10275597,AZ.FRD.HHZ,1,down,13.412510871887207,1.01953125,62.5625
2374163,10264293,PB.B086.EHZ,0,up,19.318572998046875,1.169921875,32.125
1508945,10912277,AZ.MONP2.HHZ,0,up,10.620499610900879,1.330078125,14.7890625
1195129,11378162,AZ.PFO.HHZ,1,down,24.803451538085938,1.2998046875,15.9609375
1334778,9799009,AZ.WMC.HHZ,0,up,37.022216796875,1.7001953125,26.75
2015067,10348437,CI.PLM.HHZ,0,up,3.502594232559204,0.66015625,42.34375
1460265,10492221,EN.ENG.EHZ,0,up,5.254990577697754,1.8203125,53.96875
1330205,14379648,CI.RMR.EHZ,1,down,71.38289642333984,1.66015625,43.21875
733600,10670349,AZ.MONP2.HHZ,0,up,3.4825029373168945,1.830078125,108.3125
1527601,10544973,CI.DGR.HHZ,0,up,14.191757202148438,1.6796875,43.0625
1868841,14007404,AZ.RDM.HHZ,0,up,118.90802001953125,2.98046875,88.5625
503840,14187504,CI.POB.EHZ,1,down,9.282191276550293,0.669921875,46.15625
985661,9882809,AZ.PFO.HHZ,1,down,21.1180362701416,1.7099609375,51.75
1637584,10780981,CI.JVA.HHZ,0,up,22.27718734741211,1.740234375,40.75
2262546,14924004,CI.CBK.EHZ,1,down,72.24763488769531,2.740234375,74.375
677581,9831965,CI.DTP.EHZ,0,up,47.65327835083008,1.0595703125,29.6875
1255258,14864004,CI.MSC.HHZ,1,down,61.268836975097656,1.240234375,12.5703125
1076411,9159321,CI.WSH.EHZ,1,down,80.422119140625,1.0703125,21.65625
1433330,9621949,CI.WVP.EHZ,1,down,9.149103164672852,1.0,14.8828125
819032,10928749,CI.DNR.HHZ,0,up,1.3935962915420532,1.9599609375,21.375
2198237,14189820,AZ.RDM.HHZ,1,down,47.41411209106445,1.849609375,10.390625
1108511,14234660,CI.DVT.HHZ,1,down,59.30693054199219,1.900390625,6.83984375
1023325,9152727,CI.HAY.EHZ,1,down,5.51602029800415,3.140625,58.625
1684627,14407032,CI.SLA.HHZ,1,down,8.051697731018066,1.169921875,9.2890625
1076521,10024785,CI.JVA.HHZ,1,down,23.670881271362305,1.48046875,13.59375
939430,10258105,CI.YUH.EHZ,0,up,85.27735137939453,0.83984375,10.8984375
1788781,10001697,CI.SME.EHZ,1,down,11.458054542541504,1.73046875,23.546875
1204256,9924893,CI.GRP.EHZ,0,up,5.243220329284668,0.89990234375,60.0625
742071,9165126,CI.SRT.EHZ,0,up,31.47769546508789,1.8896484375,59.5625
1521792,10294641,CI.HMT.EHZ,1,down,31.943973541259766,2.41015625,71.75
1658489,9161733,CI.TPC.EHZ,0,up,4.258430004119873,1.3203125,89.4375
1249482,12456452,CI.DRC.HHZ,0,up,3.686420440673828,2.5,58.25
1917583,12399428,CI.BAC.EHZ,1,down,17.586647033691406,1.2998046875,40.71875
1009289,11087674,PB.B917.EHZ,0,up,7.86658239364624,1.349609375,54.71875
709392,9686685,CI.MPM.HHZ,0,up,46.01698303222656,1.5498046875,33.9375
999288,9718785,AZ.SND.HHZ,1,down,13.023594856262207,0.9599609375,11.703125
372698,10070885,CI.WSH.EHZ,1,down,3.1135618686676025,1.099609375,54.40625
217602,14188624,CI.CLC.HHZ,0,up,4.464217185974121,0.52001953125,34.59375
2265268,9648077,CI.WHF.EHZ,0,up,4.123985767364502,2.080078125,55.3125
1890913,10354589,AZ.LVA2.HHZ,0,up,45.305320739746094,1.1904296875,21.515625
1283696,9754061,CI.TJR.EHZ,0,up,3.064398765563965,1.48046875,74.5
224349,14493928,EN.RED.EHZ,1,down,4.375787258148193,0.5,1.490234375
1789314,11245322,AZ.PFO.HHZ,1,down,3.921489953994751,1.0400390625,63.625
2339663,14989356,CI.JEM.HHZ,1,down,6.736358165740967,0.7099609375,38.21875
602419,10891813,AZ.MONP2.HHZ,1,down,14.178014755249023,1.6904296875,63.84375
1262405,9981117,CI.WMF.EHZ,1,down,11.165373802185059,0.39990234375,11.296875
2023923,10282993,CI.OAT.EHZ,1,down,38.67275619506836,2.73046875,40.96875
2207734,9974721,CI.WAS.EHZ,0,up,21.80335807800293,1.3603515625,20.625
2152471,14243724,CI.BBS.HHZ,1,down,39.42266082763672,3.16015625,30.9375
979933,9635721,CI.WSH.EHZ,0,up,8.27734375,1.6796875,51.96875
1417808,10042845,CI.XTL.EHZ,0,up,54.09598159790039,1.7099609375,21.203125
1121889,10456597,PB.B093.EHZ,0,up,15.946335792541504,0.5,3.740234375
355033,9157080,CI.FPC.HHZ,1,down,2.8288629055023193,2.740234375,51.71875
285599,10997149,AZ.SND.HHZ,1,down,24.782485961914062,1.16015625,12.171875
2129280,10276709,CI.POB.EHZ,0,up,64.00041961669922,2.5703125,51.71875
1174478,13507456,CI.EML.HHZ,0,up,71.7064437866211,1.599609375,40.875
1746161,14521572,CI.GRA.HHZ,1,down,21.178251266479492,2.80078125,81.5
1751597,10296269,NP.5442.HLZ,0,up,13.469819068908691,1.5595703125,11.703125
609120,9646769,CI.JRC.HHZ,1,down,2.0363523960113525,1.509765625,9.65625
122613,10380633,CI.DVT.HHZ,0,up,702.53662109375,2.529296875,4.05859375
8693,10491437,CI.DVT.HHZ,0,up,22.669132232666016,3.009765625,40.53125
752930,9665537,CI.BBR.HHZ,1,down,10.930543899536133,1.5498046875,34.125
2072739,10353645,CI.SDR.HHZ,1,down,7.682838439941406,2.169921875,79.75
2464470,14190452,CI.JNH.EHZ,0,up,4.639569282531738,2.099609375,83.3125
1631904,14000812,CI.DNR.HHZ,0,up,5.542491436004639,0.60009765625,14.0
155071,9703125,CI.WVP.EHZ,1,down,38.77145767211914,1.4501953125,13.1171875
132206,10185817,CI.CFT.EHZ,1,down,7.772806167602539,2.26953125,24.65625
566123,14178052,CI.WOR.EHZ,1,down,27.8041934967041,1.5703125,57.53125
2419255,9927437,CI.JVA.HHZ,1,down,16.9014892578125,2.330078125,49.4375
299071,10346017,CI.COA.EHZ,0,up,128.73126220703125,2.9296875,78.0625
1509304,10457461,CI.MSC.HHZ,0,up,6.466176986694336,0.990234375,92.5625
435572,13175432,CI.HMT.EHZ,0,up,68.51930236816406,2.2109375,35.34375
2350891,14120856,CI.WCH.EHZ,0,up,39.25015640258789,1.8603515625,74.4375
1808468,11274570,CI.CLC.HHZ,0,up,155.3331298828125,1.4697265625,5.578125
1763309,14522148,CI.WMF.EHZ,1,down,102.55690002441406,2.109375,31.0625
2129645,9708093,CI.MCT.HHZ,0,up,56.76356887817383,2.099609375,56.8125
1521389,9630645,AZ.PFO.HHZ,0,up,12.145591735839844,2.0703125,70.75
1257981,10636437,AZ.PFO.HHZ,0,up,8.020017623901367,0.990234375,37.125
1024430,10996757,PB.B081.EHZ,1,down,9.012826919555664,2.240234375,93.0625
1731980,11671124,CI.DTP.EHZ,1,down,34.71730041503906,2.080078125,79.875
1737062,14377236,CI.SGL.EHZ,1,down,9.462165832519531,3.66015625,73.9375
204688,14175660,AZ.MONP.HHZ,0,up,7.498983383178711,2.890625,83.0
234293,14993348,PB.B082.EHZ,1,down,17.619007110595703,0.449951171875,9.5234375
1310733,14152628,CI.POB.EHZ,0,up,7.4751176834106445,0.83984375,37.9375
271748,10934165,AZ.CRY.HHZ,1,down,46.2085075378418,0.93017578125,10.546875
1300786,11348346,CI.IKP.HHZ,1,down,88.4156494140625,1.48046875,29.34375
2389207,10186901,CI.PLM.HHZ,1,down,14.824975967407227,2.0390625,78.0
955644,9723017,CI.NW2.EHZ,1,down,2.3722691535949707,1.7001953125,24.9375
707111,14249136,CI.GRP.EHZ,0,up,22.925395965576172,1.490234375,65.0
1748266,11614656,CI.FLS.EHZ,0,up,9.723154067993164,2.2109375,18.0625
1690885,9163074,CI.HDB.EHZ,1,down,52.304527282714844,2.44921875,30.796875
2415398,14287856,CI.WMF.EHZ,1,down,27.963918685913086,1.2001953125,2.23046875
1395362,11006789,CI.SDD.HHZ,0,up,50.87496566772461,3.470703125,18.671875
1032960,13811636,AZ.FRD.HHZ,1,down,16.998641967773438,1.7001953125,70.0
1102281,10478669,AZ.RDM.HHZ,0,up,2.9400289058685303,0.75,14.5
2384300,11249202,CI.DNR.HHZ,0,up,35.608219146728516,0.89990234375,11.046875
1628888,14333636,CI.DVT.HHZ,0,up,4.710854530334473,1.48046875,6.890625
2408967,10221405,AZ.FRD.HHZ,1,down,20.96918487548828,2.080078125,88.4375
1331982,14508292,CI.BOR.HHZ,1,down,4.758838176727295,0.72998046875,22.203125
1544876,14121960,CI.RAG.EHZ,1,down,2.4275877475738525,1.5,15.03125
1664800,9757389,CI.WIN.EHZ,0,up,4.370149612426758,1.0,36.03125
1939366,10488285,PB.B082.EHZ,1,down,5.683224201202393,2.150390625,100.1875
1674639,14216856,CI.BLA.HHZ,1,down,2.097700595855713,1.0302734375,51.5625
2032193,15203545,CI.WI2.EHZ,1,down,3.0886781215667725,2.150390625,30.046875
724115,10249589,AZ.CRY.HHZ,0,up,29.306991577148438,0.66015625,9.171875
959985,9146786,CI.PLT.EHZ,1,down,3.3202998638153076,1.2998046875,64.625
2234377,11206514,AZ.KNW.HHZ,0,up,8.43928050994873,0.93994140625,25.15625
1866862,10296653,CI.FRK.EHZ,0,up,20.273956298828125,2.2890625,113.25
654006,14149724,AZ.LVA2.HHZ,1,down,9.396828651428223,1.2197265625,17.296875
1430019,11672372,CI.WCS.EHZ,0,up,7.058871746063232,1.599609375,11.0234375
2296492,11067973,AZ.MONP2.HHZ,1,down,16.8266658782959,1.009765625,16.125
1997788,10911037,CI.MPM.HHZ,0,up,12.66808795928955,1.1103515625,32.375
148171,10353109,PB.B087.EHZ,0,up,4.912861347198486,0.280029296875,4.4296875
937673,14285900,CI.WES.HHZ,0,up,9.161989212036133,1.7900390625,31.046875
2427269,11131218,AZ.LVA2.HHZ,0,up,890.4561157226562,1.9599609375,14.8203125
1325506,10489125,CI.CGO.HHZ,1,down,76.49117279052734,1.25,18.71875
697939,9156437,CI.CDY.EHZ,1,down,32.672630310058594,1.5400390625,7.48046875
592258,11414546,CI.SNO.HHZ,0,up,7.508082866668701,1.2001953125,37.625
1074109,9653513,CI.WJP.EHZ,1,down,18.80654525756836,2.73046875,58.375
2079754,9829213,CI.JFS.EHZ,1,down,126.14104461669922,3.990234375,73.8125
29720,9653605,CI.WBM.EHZ,0,up,2.8579471111297607,1.6201171875,25.359375
1912991,10347389,CI.BAC.EHZ,1,down,28.529970169067383,1.830078125,96.0
2217196,13949056,CI.ABL.EHZ,1,down,14.879671096801758,1.83984375,48.875
931204,9757653,AZ.TRO.EHZ,0,up,92.73657989501953,1.5,7.51171875
2000772,14157144,CI.DNR.HHZ,1,down,13.338143348693848,0.9501953125,41.4375
1756601,10148813,CI.PEM.EHZ,0,up,4.410587310791016,0.52001953125,24.296875
1554309,12539428,CI.QAL.EHZ,1,down,4.2806243896484375,1.5,47.9375
415490,9805881,AZ.LVA2.HHZ,0,up,76.13237762451172,2.08984375,67.4375
1671300,11369338,CI.WMF.EHZ,0,up,19.831323623657227,0.7001953125,20.640625
1488649,10836213,CI.YUH.EHZ,1,down,181.67184448242188,1.83984375,34.59375
1632971,10782061,CI.PSR.HHZ,0,up,3.879234552383423,1.7197265625,80.0625
33319,9164266,CI.POB.EHZ,0,up,9.46249771118164,1.2001953125,31.828125
2008126,11022533,CI.IKP.HHZ,0,up,155.9983367919922,1.740234375,15.3125
610762,14156516,AZ.WMC.HHZ,0,up,6.721333980560303,1.1904296875,16.5
1605297,14586908,CI.SNO.HHZ,1,down,85.21039581298828,1.5400390625,10.359375
80128,11384458,CI.HMT.EHZ,1,down,20.29793357849121,1.5703125,33.15625
654992,10318069,CI.SME.EHZ,1,down,7.877101898193359,0.89990234375,51.90625
1642693,10532621,CI.JRC2.HHZ,0,up,6.134408473968506,1.1796875,25.234375
1328547,11133706,CI.LGU.HHZ,1,down,2.253235340118408,2.33984375,48.4375
950277,11008629,CI.DGR.HHZ,0,up,13.368813514709473,1.2099609375,73.5
2418635,13916644,AZ.MONP.HHZ,0,up,11.565110206604004,1.4599609375,43.25
2120127,11376762,CI.EML.HHZ,0,up,52.923118591308594,1.009765625,43.34375
1306675,10748861,CI.WWC.HHZ,1,down,23.98874282836914,2.080078125,50.9375
2218060,9661253,CI.ERR.HHZ,1,down,2.855229377746582,1.849609375,24.84375
585378,10095301,AZ.RDM.HHZ,0,up,9.239570617675781,0.5498046875,9.09375
1155974,15081900,CI.PMD.HHZ,1,down,8.571425437927246,0.60986328125,18.375
635778,10593205,ZY.OYSB.EHZ,1,down,18.36791229248047,2.080078125,14.328125
1568826,9162434,CI.SUN.EHZ,1,down,21.716169357299805,2.380859375,114.125
1478517,10533173,CI.CBK.EHZ,0,up,2.7656049728393555,1.41015625,62.90625
1541883,10310705,CI.RMR.EHZ,0,up,7.265929698944092,1.2001953125,27.34375
1878780,10546965,CI.RMR.EHZ,0,up,27.577898025512695,1.740234375,61.28125
1475926,9628905,CI.BTL.EHZ,0,up,31.750518798828125,1.5,5.83984375
2100019,10657157,WR.CSP.EHZ,0,up,26.65147590637207,1.2197265625,12.4296875
190242,10745981,CI.CRR.EHZ,0,up,7.001579284667969,1.7197265625,103.5625
576440,14570732,PB.B921.EHZ,1,down,100.79631042480469,3.0390625,97.5625
1059693,10228661,CI.CRR.EHZ,1,down,20.12093162536621,1.240234375,37.75
224500,14237272,CI.COK.EHZ,1,down,5.424579620361328,1.5595703125,34.71875
1131969,13966856,CI.WSH.EHZ,0,up,6.89729642868042,0.5,54.28125
2175958,9153777,CI.WRV.EHZ,0,up,108.47222900390625,1.6298828125,14.0
2055955,11418010,CI.WVP.EHZ,0,up,8.758562088012695,0.01000213623046875,10.078125
1127758,14932476,CI.JRC2.HHZ,1,down,21.588911056518555,1.240234375,13.640625
2006202,9152573,CI.RMR.EHZ,1,down,9.928812980651855,1.9404296875,55.90625
2107904,10148473,CI.DNR.HHZ,0,up,18.146156311035156,1.5,51.71875
551209,13938496,AZ.KNW.HHZ,1,down,23.047527313232422,1.5400390625,67.6875
538926,14474912,CI.PLM.HHZ,1,down,12.700947761535645,0.7998046875,24.203125
2382292,13962172,CI.BBR.HHZ,1,down,23.52957534790039,1.9697265625,26.265625
903679,10330361,CI.GAV.EHZ,1,down,4.358340263366699,1.1796875,15.1796875
1418564,10179305,AZ.PFO.HHZ,1,down,5.1774678230285645,1.01953125,40.75
227938,9158826,CI.QAL.EHZ,1,down,14.308599472045898,1.5,24.40625
1416220,9827333,CI.SAL.HHZ,0,up,275.5298767089844,2.44921875,13.65625
489747,9163004,CI.WVP.EHZ,0,up,14.152673721313477,0.60009765625,9.2578125
1313469,10985661,CI.DGR.HHZ,1,down,191.11395263671875,1.6201171875,21.421875
894356,10169205,CI.JVA.HHZ,0,up,5.299804210662842,1.1904296875,24.296875
1332280,9156007,CI.SAL.HHZ,1,down,14.672295570373535,1.919921875,12.109375
1763285,9170626,AZ.FRD.HHZ,1,down,48.326393127441406,1.2998046875,19.375
2285120,9742277,CI.EW2.EHZ,1,down,277.4242858886719,4.2109375,62.40625
231148,10489581,CI.YUH.EHZ,0,up,146.91555786132812,2.259765625,27.109375
1608804,10590429,ZY.MLDN.EHZ,0,up,93.71292877197266,2.060546875,8.46875
2034250,10497141,PB.B084.EHZ,0,up,34.42887878417969,1.080078125,23.21875
1062671,13959740,CI.BOR.HHZ,1,down,6.152603626251221,1.580078125,66.1875
380118,11009157,CI.HOL.EHZ,0,up,2.9602184295654297,1.4404296875,84.0
1983689,10481437,PG.ML.EHZ,0,up,60.42272186279297,1.2802734375,10.796875
2022790,14155740,CI.CFT.EHZ,0,up,22.83791160583496,2.109375,7.671875
1458402,14236784,AZ.MONP.HHZ,0,up,23.0671329498291,2.880859375,53.21875
44348,11410970,CI.DNR.HHZ,0,up,37.44060134887695,0.81005859375,12.25
1045846,10482333,CI.LCG.HHZ,0,up,2.910268545150757,1.6396484375,5.73828125
316365,14049136,CI.HMT.EHZ,0,up,91.25615692138672,2.220703125,35.90625
521805,9794617,CI.WBM.EHZ,0,up,11.34200668334961,1.8701171875,42.75
1336068,9133963,CI.RAG.EHZ,1,down,37.04163360595703,1.7998046875,10.8515625
1280033,14564188,CI.LTC.EHZ,1,down,57.83417510986328,3.900390625,99.5
1199713,14697628,ZY.OCCM.EHZ,1,down,54.68006134033203,1.1103515625,8.84375
1024642,9163775,CI.BTL.EHZ,1,down,21.226173400878906,1.330078125,32.40625
685435,10371073,CI.JRC2.HHZ,0,up,24.57769012451172,1.7998046875,45.375
842838,13992096,CI.JRC.HHZ,1,down,3.0059127807617188,0.5498046875,13.34375
1691509,10927173,CI.LPC.HHZ,0,up,64.4813003540039,1.900390625,70.4375
1103303,10373041,CI.SLA.HHZ,1,down,21.972396850585938,1.51953125,9.2578125
1949041,10293597,AZ.RDM.HHZ,0,up,10.358607292175293,1.6201171875,16.6875
1507143,14621268,CI.ERP.EHZ,1,down,4.205804347991943,2.6796875,58.0625
1859756,9827885,CI.QAL.EHZ,1,down,5.71530818939209,1.0,55.96875
1769257,11284690,AZ.WMC.HHZ,0,up,6.105472564697266,0.3701171875,11.1171875
1223322,11361146,CI.YUC.EHZ,0,up,3.219822645187378,0.85986328125,41.46875
1506948,14490472,CI.PASC.HHZ,1,down,22.238542556762695,2.560546875,44.15625
1072476,10297225,CI.GTM.EHZ,1,down,5.861609935760498,0.990234375,31.734375
1731868,10181121,CI.BTL.EHZ,1,down,5.286628723144531,0.759765625,25.09375
258503,10035357,CI.FRK.EHZ,1,down,63.37630081176758,1.5703125,24.5625
649763,11207514,CI.SBB2.HHZ,0,up,11.983968734741211,1.849609375,104.25
213852,14471424,AZ.SND.HHZ,1,down,10.38406753540039,0.5498046875,10.8125
498170,12472808,CI.AGA.HLZ,1,down,64.02778625488281,1.5,16.875
1885595,9724433,CI.QAL.EHZ,1,down,2.9861881732940674,1.5,36.46875
2219466,15079820,EN.OBS.EHZ,1,down,10.915647506713867,0.6201171875,1.0400390625
35362,10778133,CI.MPM.HHZ,0,up,8.92135238647461,1.1796875,64.3125
1777075,14552964,NP.5062.HLZ,1,down,9.390203475952148,1.16015625,1.240234375
285347,9160908,CI.ALV.EHZ,0,up,7.049943923950195,1.2001953125,49.46875
993308,10665493,ZY.USG.EHZ,1,down,2.1196868419647217,1.1298828125,13.6015625
193654,11102770,CI.HMT.EHZ,1,down,3.2343430519104004,1.009765625,57.28125
21353,10788341,EN.ENG.EHZ,1,down,3.0393548011779785,2.4609375,22.34375
2303897,9620693,CI.MLS.HHZ,1,down,38.073143005371094,2.9609375,19.140625
2248852,9819569,CI.WHF.EHZ,0,up,27.030994415283203,1.2998046875,11.5234375
1710039,15083196,CI.DGR.HHZ,1,down,9.119258880615234,0.93017578125,46.03125
1748576,7190139,CI.PAS.EHZ,1,down,16.871410369873047,1.849609375,11.328125
789097,9828385,AZ.WMC.HHZ,1,down,18.927366256713867,1.6103515625,39.53125
1489541,14219604,CI.FLS.EHZ,0,up,5.786599636077881,1.490234375,10.0
2423317,9147464,CI.WRV.EHZ,0,up,293.6204528808594,1.919921875,0.64013671875
1085862,14175144,CI.WHF.EHZ,0,up,7.959114074707031,1.099609375,24.984375
2359621,11372770,CI.DPP.HHZ,0,up,1.7024739980697632,0.77978515625,66.125
1623669,10545717,CI.BAC.EHZ,0,up,5.994986534118652,0.6201171875,27.078125
397613,10758013,NC.MMI.EHZ,0,up,84.38067626953125,2.189453125,84.75
708570,14099136,CI.MPM.HHZ,0,up,4.611252784729004,1.7197265625,74.8125
2272190,9673293,CI.SPG.HHZ,1,down,13.602147102355957,2.33984375,47.125
2027859,14727756,CI.WCS.EHZ,1,down,10.713142395019531,0.1199951171875,1.330078125
1436370,9715465,AZ.KNW.HHZ,0,up,50.346134185791016,1.150390625,13.8515625
2174886,14165868,CI.SAN.HLZ,1,down,13.199591636657715,2.650390625,19.53125
1783986,15147553,AZ.RDM.HHZ,1,down,157.2595977783203,1.7001953125,35.25
2166031,9965777,CI.TOW.EHZ,0,up,5.233382701873779,0.72998046875,18.609375
474014,10097645,AZ.MONP.HHZ,0,up,5.929055213928223,1.75,60.78125
1883089,14152228,CI.PLM.HHZ,0,up,12.168731689453125,0.919921875,35.5
1099834,10013969,CI.SPG.HHZ,1,down,21.53582191467285,1.7001953125,77.6875
1456789,14692404,CI.FHO.HHZ,1,down,10.849128723144531,0.77001953125,15.21875
437493,10352961,CI.WRC.EHZ,1,down,5.383125305175781,2.109375,100.5
128283,14237832,CI.WSH.EHZ,1,down,3.6499946117401123,0.81005859375,89.1875
2210718,9647357,CI.WVP.EHZ,0,up,26.500110626220703,1.8603515625,10.1796875
2448525,14018196,CI.BBR.HHZ,1,down,12.979958534240723,1.599609375,13.5
1593754,13944276,CI.ALV.EHZ,0,up,4.669728755950928,1.25,86.6875
2459644,14088508,CI.WMF.EHZ,0,up,6.880466938018799,0.5,14.96875
2027334,10054633,CI.ERP.EHZ,1,down,6.2910356521606445,1.7099609375,32.65625
1011344,10994285,CI.SNO.HHZ,1,down,5.214259624481201,0.89013671875,34.875
1443414,10784101,ZY.MGD.EHZ,0,up,111.79557037353516,1.7998046875,17.09375
1326291,14418752,CI.LMR2.HHZ,1,down,17.418277740478516,1.41015625,50.34375
2295869,14983004,CI.MAR.EHZ,1,down,4.774316310882568,2.30078125,115.5
39523,9658961,CI.SKY.EHZ,1,down,13.228731155395508,1.5,27.78125
1520450,9141486,CI.TOW.EHZ,1,down,168.5631866455078,2.41015625,33.5625
314450,3325125,CI.RAY.EHZ,1,down,5.623467922210693,1.509765625,78.75
588884,9146883,CI.CDY.EHZ,1,down,16.151622772216797,1.759765625,20.59375
1307264,10070053,CI.RMR.EHZ,0,up,26.576366424560547,1.830078125,64.625
2442107,11334530,PB.B086.EHZ,0,up,7.402276515960693,0.91015625,23.296875
731174,10029033,CI.GRP.EHZ,1,down,17.678667068481445,1.6201171875,60.15625
1590434,10098009,AZ.LVA2.HHZ,1,down,7.335063457489014,0.64990234375,13.359375
1315958,10318965,AZ.RDM.HHZ,1,down,3.603231191635132,1.0703125,71.4375
1686884,10070973,CI.POB.EHZ,0,up,17.53484344482422,1.6298828125,50.0
2057624,10084065,AZ.FRD.HHZ,0,up,1.6552436351776123,1.01953125,23.484375
2106299,14985668,AZ.LVA2.HHZ,1,down,8.92497444152832,0.85986328125,23.265625
1541127,10345493,CI.HEC.HHZ,0,up,2.090308904647827,1.009765625,29.8125
266940,11284922,PB.B087.EHZ,0,up,61.25098419189453,1.23046875,15.09375
1779290,9152492,CI.HDB.EHZ,0,up,135.67642211914062,2.919921875,28.8125
3359,14255220,CI.WRV.EHZ,1,down,13.485981941223145,0.39990234375,1.08984375
1912237,10232913,CI.EL2.EHZ,1,down,3.7247495651245117,1.26953125,17.953125
262410,11088826,AZ.LVA2.HHZ,1,down,13.763507843017578,1.8798828125,67.8125
744704,9654185,CI.ISA.HHZ,0,up,11.858611106872559,1.5498046875,41.03125
698267,10355201,CI.SME.EHZ,1,down,2.2345058917999268,1.2197265625,88.4375
1785553,11206914,CI.DGR.HHZ,0,up,38.5428466796875,0.97998046875,28.015625
2214907,9162654,CI.SRT.EHZ,1,down,21.87835121154785,1.8896484375,44.84375
1363025,9700341,CI.WHV.EHZ,0,up,69.3490982055664,2.25,58.15625
872399,9718461,CI.FRG.EHZ,0,up,13.03514575958252,2.900390625,50.53125
1808089,14437872,CI.YUH.EHZ,1,down,41.52088165283203,1.2900390625,75.8125
2420740,10768765,PB.B087.EHZ,1,down,31.817771911621094,0.43994140625,5.53125
2231596,10405385,AZ.CRY.HHZ,0,up,12.1505765914917,1.0703125,34.46875
2415645,9857369,CI.RMM.EHZ,1,down,8.599218368530273,1.5,37.625
1785465,15014652,CI.JRC2.HHZ,1,down,26.72685432434082,0.43994140625,5.4609375
909130,9644789,CI.WLH.EHZ,0,up,3.2782015800476074,1.51953125,18.3125
1768525,10405057,PB.B918.EHZ,0,up,7.151773929595947,1.0703125,29.171875
1542823,9882341,CI.WRV.EHZ,0,up,5.076082706451416,2.0,103.6875
404805,9712921,CI.TJR.EHZ,1,down,58.572998046875,2.25,36.25
1281426,15138297,CI.PMD.HHZ,1,down,28.91535758972168,0.58984375,21.65625
521783,11368050,CI.CRR.EHZ,0,up,10.299293518066406,1.51953125,26.0625
314283,9613813,CI.BTL.EHZ,1,down,6.477706432342529,2.140625,78.25
619461,14187044,CI.WVP.EHZ,0,up,144.3271026611328,1.2197265625,7.2109375
58876,9997193,AZ.KNW.HHZ,1,down,66.35491943359375,1.2197265625,10.828125
2080076,14196136,AZ.KNW.HHZ,1,down,26.696672439575195,1.099609375,21.671875
1692774,13279460,CI.CAP.HHZ,1,down,2.517076015472412,1.1904296875,103.0
1640322,9649385,CI.HMT.EHZ,0,up,2.894613027572632,1.830078125,54.75
1348131,9829709,AZ.WMC.HHZ,0,up,6.693436622619629,0.740234375,7.37109375
1294603,11396946,AZ.RDM.HHZ,0,up,2.1588284969329834,0.39990234375,19.796875
252233,10287057,CI.WRC.EHZ,1,down,33.2408561706543,1.1298828125,12.0703125
1854429,11386802,PB.B087.EHZ,0,up,14.161911964416504,0.64013671875,11.6171875
1503140,14281856,CI.YUH.EHZ,0,up,39.27762985229492,1.6396484375,17.09375
852514,14443648,CI.BFS.HHZ,1,down,2.1597094535827637,1.259765625,32.96875
2298691,14179092,CI.FRK.EHZ,0,up,17.028491973876953,1.919921875,24.171875
211144,9677573,CI.WRV.EHZ,0,up,28.198165893554688,1.6201171875,2.19921875
721247,9719625,CI.SKY.EHZ,0,up,6.243068218231201,1.2998046875,43.65625
1003320,14097612,CI.MPM.HHZ,0,up,23.399253845214844,1.150390625,32.4375
509911,14237240,CI.BOR.HHZ,0,up,5.040271282196045,1.8798828125,35.625
1411197,10547085,PG.EC.EHZ,0,up,5.7844977378845215,1.0,39.375
89081,14314544,CI.OLP.HHZ,0,up,14.561196327209473,1.3603515625,3.740234375
150552,14237196,CI.SAL.HHZ,1,down,249.1197967529297,1.6298828125,4.71875
1631716,10184773,CI.BCH.EHZ,0,up,15.457080841064453,1.9404296875,57.125
1508257,14024756,CI.BAC.EHZ,0,up,7.678104877471924,1.2900390625,28.359375
2429851,14844196,AZ.FRD.HHZ,1,down,59.929443359375,1.6904296875,56.4375
120838,10720237,CI.BAR.HHZ,0,up,4.13681697845459,1.25,84.4375
1771211,9772729,CI.BAC.EHZ,0,up,26.005483627319336,1.98046875,111.9375
1941420,15191041,CI.DNR.HHZ,1,down,5.793896675109863,0.77001953125,29.8125
1949134,10293989,CI.EML.HHZ,0,up,78.0163345336914,1.8203125,22.453125
1575816,9727233,CI.PKM.EHZ,0,up,3.8834242820739746,2.01953125,71.1875
2326632,9675433,CI.WSH.EHZ,0,up,4.669453144073486,1.3203125,56.6875
1805731,9981725,AZ.LVA2.HHZ,0,up,22.516555786132812,1.9599609375,51.9375
1569481,14685708,ZY.PNTO.EHZ,1,down,82.78638458251953,2.109375,5.7109375
105232,10228641,CI.BAC.EHZ,1,down,70.85172271728516,1.26953125,21.859375
217046,14155548,CI.RMM.EHZ,1,down,22.941776275634766,2.30078125,73.75
1158524,10366313,CI.MPM.HHZ,0,up,130.49354553222656,1.1103515625,18.703125
1461102,14287536,AZ.CRY.HHZ,0,up,9.77100944519043,0.85986328125,27.484375
2181291,14086812,CI.WSS.HHZ,0,up,12.533119201660156,3.05078125,49.1875
1490060,10441049,PB.B084.EHZ,1,down,20.945695877075195,0.5400390625,16.984375
1644637,9166055,CI.QAL.EHZ,1,down,15.44269847869873,1.5,26.203125
126409,15142161,CI.GMR.HHZ,1,down,42.126068115234375,2.490234375,86.0
876049,14380860,CI.RMR.EHZ,1,down,35.33820343017578,2.69921875,75.3125
370812,9143419,CI.EW2.EHZ,0,up,35.46120071411133,1.8603515625,23.25
1988018,10407073,AZ.PFO.HHZ,1,down,5.178361415863037,0.97998046875,20.578125
1799036,12895676,CI.LRL.HHZ,1,down,2.0239574909210205,1.2998046875,47.40625
997706,10738237,AZ.RDM.HHZ,0,up,21.797439575195312,2.240234375,35.40625
423000,14131948,CI.LEO.EHZ,0,up,10.953201293945312,2.5,114.8125
2428761,11086690,CI.SBB2.HHZ,1,down,27.71217155456543,3.01953125,119.8125
1177296,14146984,CI.DNR.HHZ,0,up,4.007041931152344,1.4404296875,31.25
885773,14350072,CI.CRR.EHZ,1,down,16.131057739257812,1.26953125,22.859375
571660,11345850,CI.PLM.HHZ,0,up,21.855262756347656,1.169921875,43.4375
56632,9774373,CI.SHE.EHZ,1,down,3.1114015579223633,0.97998046875,62.5
320110,9149430,CI.BAC.EHZ,0,up,3.854705572128296,1.400390625,29.640625
866972,14382240,AZ.SND.HHZ,1,down,3.631951093673706,0.81982421875,31.125
25123,10054077,AZ.WMC.HHZ,1,down,3.327577590942383,0.91015625,20.3125
355031,10277073,CI.MLS.HHZ,1,down,6.858048439025879,2.73046875,30.90625
1096795,11369226,CI.WRV.EHZ,0,up,4.750940799713135,0.43994140625,10.7421875
2003928,9881137,CI.TAB.EHZ,0,up,9.236154556274414,2.419921875,62.09375
361515,9156439,CI.WMF.EHZ,1,down,102.86114501953125,0.7998046875,6.01171875
2371789,10236917,CI.HMT.EHZ,0,up,11.978074073791504,0.56982421875,22.34375
1951854,10358005,CI.PMD.HHZ,1,down,99.91165924072266,1.650390625,17.96875
677045,14408744,CI.RMM.EHZ,1,down,73.6124496459961,1.4697265625,27.28125
2120002,9672845,CI.WWP.EHZ,1,down,5.241338729858398,0.77978515625,37.96875
1641611,14313964,CI.POB.EHZ,1,down,4.086061000823975,1.5,84.0
766880,12379440,CI.PDU.HHZ,0,up,16.905614852905273,2.630859375,92.0
1305536,9976029,AZ.FRD.HHZ,0,up,61.341373443603516,1.169921875,33.4375
718869,10247381,CI.YUH.EHZ,0,up,59.3881721496582,1.41015625,13.3671875
476911,14233240,CI.EL2.EHZ,0,up,2.756230592727661,1.1796875,33.40625
1288303,10366249,CI.JEM.HHZ,1,down,15.118867874145508,4.03125,115.3125
2446624,10863381,CI.CLI.EHZ,0,up,135.7061767578125,2.359375,10.2109375
271879,12899452,CI.HYS.EHZ,1,down,17.7236270904541,1.6201171875,84.6875
2298372,10835789,CI.DGR.HHZ,0,up,32.2488899230957,1.8798828125,49.78125
517437,9737417,CI.WLH.EHZ,0,up,17.621278762817383,1.4404296875,28.765625
888089,14345644,AZ.RDM.HHZ,1,down,3.644744873046875,1.0498046875,41.28125
1742973,11210394,AZ.CRY.HHZ,0,up,138.09776306152344,1.5595703125,12.7578125
1576701,10097129,CI.WSS.HHZ,0,up,16.23130226135254,2.060546875,13.296875
2302721,10482181,CI.NBS.HHZ,0,up,2.1373143196105957,1.7900390625,41.09375
2419694,9808269,CI.AGA.HHZ,1,down,60.8654899597168,1.0400390625,35.625
586085,9154505,CI.TPM.EHZ,1,down,24.371126174926758,2.0,43.15625
1170955,14207688,CI.BOR.HHZ,0,up,7.277270317077637,0.58984375,39.65625
1277976,10000605,CI.AGA.HHZ,0,up,661.0684814453125,3.349609375,64.3125
2468107,14136932,CI.PLM.HHZ,1,down,17.63490867614746,2.0,98.125
1750330,12457960,CI.COA.EHZ,1,down,4.210067272186279,2.310546875,69.8125
939082,9970349,CI.SIP.EHZ,0,up,85.8525619506836,3.529296875,92.6875
1773974,9722973,CI.BOR.HHZ,0,up,4.863816261291504,1.7998046875,68.0625
2071685,11085706,CI.FHO.HHZ,1,down,19.573881149291992,1.41015625,28.375
626451,10227681,CI.DNR.HHZ,0,up,22.994592666625977,1.7001953125,74.375
132084,14176772,CI.PMD.HHZ,1,down,4.676680088043213,0.75,22.15625
798377,11374682,CI.CJM.HHZ,1,down,8.683706283569336,1.2099609375,16.90625
1485978,9698765,CI.BMT.EHZ,0,up,3.764694929122925,2.080078125,119.25
1405014,10206385,AZ.FRD.HHZ,1,down,19.91840362548828,0.7099609375,21.234375
454158,9688893,AZ.KNW.HHZ,0,up,10.094386100769043,1.349609375,27.515625
1410713,14252380,AZ.WMC.HHZ,0,up,8.136543273925781,0.56982421875,12.84375
73379,10458621,CI.MPM.HHZ,0,up,3.1130177974700928,0.1300048828125,24.6875
633528,10168145,CI.BTL.EHZ,1,down,15.745479583740234,1.98046875,73.625
241615,10255769,CI.PMD.HHZ,0,up,9.149338722229004,1.2001953125,54.46875
694586,9657585,CI.EW2.EHZ,1,down,105.3654556274414,2.189453125,11.6875
1846148,10765061,CI.IBP.HHZ,1,down,480.0322570800781,3.91015625,87.875
200239,9645529,CI.HMT.EHZ,1,down,9.885686874389648,1.9501953125,36.1875
1503610,14994732,CI.SWS.HHZ,1,down,3.653514862060547,1.7900390625,34.09375
2355928,10371069,CI.STG.HHZ,1,down,2.0996060371398926,1.6396484375,22.4375
1086374,11069541,EN.HAT.EHZ,0,up,2.53410005569458,0.8798828125,9.203125
1239323,9153084,CI.CDY.EHZ,1,down,16.053123474121094,2.189453125,33.40625
356538,14443704,CI.SNR.EHZ,1,down,132.8558349609375,4.30078125,92.6875
2440129,10960965,CI.BCW.HHZ,0,up,25.07086181640625,1.6298828125,33.90625
5924,10365589,CI.PMD.HHZ,0,up,39.29854202270508,1.900390625,86.0
658018,10231869,CI.RMR.EHZ,0,up,67.18707275390625,1.7998046875,35.875
842162,10095921,CI.PLT.EHZ,0,up,5.228421211242676,2.869140625,74.25
726234,10726157,AZ.PFO.HHZ,0,up,2.7499094009399414,0.3798828125,19.09375
97324,10868085,CI.PMD.HHZ,1,down,7.003738880157471,0.93994140625,18.84375
1893495,14147752,AZ.RDM.HHZ,0,up,2.717284917831421,0.43994140625,19.984375
190431,10353065,CI.WRV.EHZ,1,down,4.607381343841553,0.740234375,9.75
521567,11364642,AZ.SND.HHZ,1,down,742.153564453125,2.5703125,15.8671875
340381,14281876,CI.GTM.EHZ,0,up,75.17449188232422,2.5390625,44.90625
1230094,13979672,CI.WCS.EHZ,0,up,3.5617637634277344,0.199951171875,6.41015625
1893599,9649037,AZ.WMC.HHZ,0,up,16.71164321899414,2.23046875,41.6875
884222,10987453,PB.B084.EHZ,1,down,5.676462650299072,0.239990234375,9.8828125
292625,10399457,PB.B081.EHZ,1,down,3.3595004081726074,0.58984375,8.9296875
651901,10250517,CI.MAR.EHZ,1,down,12.45258903503418,2.1796875,103.75
2038464,9148530,CI.RAG.EHZ,1,down,52.76287841796875,1.740234375,14.9375
243853,9988701,CI.SKY.EHZ,0,up,5.666951656341553,1.5595703125,32.375
2270229,10081445,CI.CRR.EHZ,0,up,11.717329025268555,2.08984375,67.75
271100,14248948,CI.BLA.HHZ,1,down,41.72126388549805,1.849609375,14.8203125
948371,11047813,PB.B916.EHZ,1,down,2.086595058441162,0.81982421875,22.234375
2472088,9653329,CI.FPC.HHZ,0,up,5.490232944488525,3.0,89.375
2045304,11374962,AZ.RDM.HHZ,1,down,21.690547943115234,0.66015625,12.2109375
826469,14122548,CI.BTC.HHZ,0,up,4.330348014831543,2.220703125,34.0625
1150408,14247908,CI.LMR2.HLZ,0,up,6.149552345275879,1.349609375,11.890625
312797,11133930,CI.PASC.HHZ,0,up,13.217399597167969,1.2099609375,22.703125
11329,9909157,CI.BEL.HHZ,1,down,236.8997802734375,1.4697265625,24.15625
2391222,14395356,CI.POB.EHZ,1,down,16.010936737060547,1.5302734375,58.84375
1749788,11087242,CI.MSJ.HHZ,1,down,12.431585311889648,2.51953125,49.15625
990205,9829437,CI.BAC.EHZ,0,up,10.144021987915039,0.919921875,24.703125
450488,9161044,CI.SUN.EHZ,1,down,8.444777488708496,1.8203125,65.75
1207824,9736401,CI.BMT.EHZ,0,up,3.652956008911133,1.2998046875,87.0
255249,10527973,CI.WCS.EHZ,0,up,2.8503658771514893,0.7998046875,8.03125
249384,10906701,AZ.HWB.HHZ,0,up,40.091773986816406,1.83984375,29.515625
1483481,11274090,PB.B084.EHZ,1,down,11.447286605834961,0.580078125,12.8125
328831,11083074,CI.TPO.EHZ,0,up,29.111557006835938,1.2900390625,20.328125
1979778,14155684,CI.HOL.EHZ,0,up,26.023921966552734,2.2890625,87.1875
2365060,10773085,CI.COK.EHZ,0,up,41.8765869140625,3.48046875,27.0625
164694,14148908,CI.SLR.HHZ,0,up,4.845430374145508,0.7900390625,16.21875
1357048,10780093,PB.B086.EHZ,0,up,1.3542568683624268,0.83984375,33.8125
717743,14552620,PB.B082.EHZ,1,down,9.121594429016113,0.64990234375,14.453125
395050,9677445,CI.WCH.EHZ,1,down,4.126791477203369,0.60009765625,23.34375
318471,9966129,CI.BOR.HHZ,1,down,5.384657382965088,2.23046875,31.8125
974261,11377626,AZ.LVA2.HHZ,0,up,10.594176292419434,1.599609375,84.5625
504839,10251593,CI.MAR.EHZ,1,down,24.348316192626953,1.6103515625,19.71875
1726383,10099369,CI.JCS.HHZ,1,down,2.539921760559082,1.0703125,45.875
1459099,14852108,AZ.WMC.HHZ,1,down,9.761890411376953,1.4599609375,99.25
1376418,9716813,CI.TAB.EHZ,0,up,5.270589828491211,2.0,108.0
632885,10586733,ZY.SHCM.EHZ,1,down,64.49375915527344,1.4404296875,5.87890625
1288129,9702833,CI.CPE.EHZ,1,down,2.3428125381469727,1.75,86.6875
1839402,11000181,CI.POB.EHZ,0,up,27.52829360961914,0.8798828125,19.390625
1496697,10272221,AZ.LVA2.HHZ,0,up,25.47406005859375,0.64013671875,11.5625
941540,14116888,CI.CFT.EHZ,0,up,6.531768798828125,1.669921875,17.546875
54216,10283745,PB.B081.EHZ,1,down,24.05004119873047,1.48046875,32.625
1009161,11389642,CI.SUN.EHZ,0,up,4.8440937995910645,0.9599609375,50.15625
923342,11057069,PB.B087.EHZ,0,up,8.297342300415039,1.16015625,33.09375
1529933,9753505,CI.STC.HHZ,1,down,22.05381202697754,2.75,48.3125
497211,10672733,ZY.OCCM.EHZ,0,up,59.01374053955078,1.5400390625,6.4609375
1974914,10187910,CI.CRR.EHZ,1,down,7.094676494598389,1.66015625,21.296875
630912,9166826,CI.AGA.HHZ,1,down,12.366250038146973,1.400390625,33.9375
1312670,9673229,CI.WNM.EHZ,0,up,55.96659469604492,1.8701171875,20.1875
966445,10371929,CI.SLR.HHZ,1,down,3.4840590953826904,0.8798828125,11.7734375
1047867,14289584,AZ.FRD.HHZ,1,down,32.85895538330078,1.1796875,29.484375
1147016,14432456,CI.CTC.HHZ,1,down,39.08823013305664,3.0703125,45.03125
2389470,10861221,CI.COK.EHZ,1,down,49.50202178955078,4.30859375,46.625
2034332,10025129,CI.GRP.EHZ,1,down,7.303818225860596,1.0498046875,96.5
1191469,9165263,CI.TPC.EHZ,1,down,21.346067428588867,1.5,23.8125
1641527,11058221,CI.JNH.EHZ,0,up,10.830604553222656,1.7001953125,60.6875
91287,9166060,CI.TEJ.EHZ,1,down,9.10224437713623,1.5,27.6875
1946319,10058957,CI.POB.EHZ,0,up,4.789168357849121,0.85986328125,20.296875
572522,10217653,CI.JRC2.HHZ,0,up,313.2428283691406,2.150390625,18.828125
625235,11673064,CI.WWP.EHZ,1,down,137.46775817871094,2.5,33.1875
1032150,10096213,CI.AGA.HHZ,0,up,9.029340744018555,0.89990234375,12.5
1934572,14288964,PB.B087.EHZ,0,up,6.26023006439209,0.97021484375,30.4375
2226634,14994612,CI.TOR.HHZ,1,down,4.009599685668945,1.009765625,24.625
1658397,10860181,ZY.COON.EHZ,1,down,11.6685791015625,2.08984375,22.53125
2250745,10056745,CI.BFS.HHZ,1,down,25.705503463745117,0.97998046875,13.671875
1059295,11405826,CI.DGR.HHZ,0,up,4.576226711273193,0.72998046875,58.15625
64676,14600004,CI.DNR.HHZ,1,down,24.82111930847168,1.7900390625,36.4375
603124,9676837,CI.TOW.EHZ,0,up,2.412972927093506,1.419921875,26.109375
1533594,9873257,AZ.FRD.HHZ,0,up,156.84625244140625,1.7197265625,14.2734375
196627,10083961,CI.WBM.EHZ,0,up,1.1098557710647583,2.029296875,71.625
1922622,10741949,CI.DGR.HHZ,0,up,88.97106170654297,2.66015625,63.78125
798952,14241380,CI.ALV.EHZ,1,down,96.92442321777344,3.490234375,54.09375
254160,10932685,PB.B087.EHZ,0,up,156.04820251464844,1.8798828125,32.1875
2066419,11084474,CI.BAR.HHZ,1,down,29.666091918945312,2.0703125,77.9375
1119731,10669813,AZ.KNW.HHZ,1,down,4.693572998046875,0.830078125,55.46875
1588139,14000808,AZ.KNW.HHZ,1,down,157.27371215820312,2.009765625,25.453125
80781,10753565,AZ.MONP2.HHZ,1,down,73.32813262939453,1.83984375,19.828125
1746714,13969560,AZ.KNW.HHZ,1,down,7.454007625579834,1.76953125,73.375
2334447,10083677,AZ.LVA2.HHZ,1,down,5.073102951049805,0.7099609375,37.09375
1601468,11282218,CI.GMR.HHZ,1,down,4.838747978210449,1.7099609375,57.8125
64149,14375764,CI.SGL.EHZ,1,down,3.2195005416870117,1.3095703125,28.296875
375684,10996413,AZ.CRY.HHZ,0,up,3.2961905002593994,0.52001953125,38.96875
999384,10620213,ZY.PNTO.EHZ,0,up,295.4385070800781,1.830078125,1.33984375
682666,11417266,CI.DGR.HHZ,1,down,11.580523490905762,2.259765625,108.9375
1992067,10014457,CI.SME.EHZ,0,up,6.49105167388916,1.0595703125,26.875
2415687,10257349,SB.WLA.HLZ,1,down,6.4335408210754395,1.75,35.1875
2061108,9133897,CI.CDY.EHZ,1,down,20.073312759399414,1.900390625,14.8203125
1126690,14857932,PB.B082.EHZ,1,down,3.849092721939087,0.72021484375,51.75
529805,10495557,AZ.RDM.HHZ,1,down,3.1786577701568604,1.58984375,64.125
1343613,9966421,CI.WRV.EHZ,1,down,13.414353370666504,1.2001953125,12.2578125
1627975,13812260,CI.RAY.EHZ,0,up,12.440515518188477,1.4501953125,66.4375
2319536,10168277,CI.TPO.EHZ,0,up,12.032979965209961,1.6396484375,54.125
628835,12457652,CI.SGL.EHZ,0,up,50.45893859863281,1.6201171875,11.640625
1501162,14183884,AZ.CRY.HHZ,0,up,2.806126832962036,0.77001953125,26.890625
2189066,14025612,CI.SRN.HHZ,0,up,12.495331764221191,1.759765625,10.9296875
1801470,14026700,CI.SLR.HHZ,0,up,217.21763610839844,2.630859375,22.046875
1779131,10313261,EN.LIN.EHZ,1,down,5.224162578582764,0.89990234375,5.4609375
1232024,14725796,PB.B084.EHZ,1,down,5.525915145874023,0.81982421875,36.3125
2378737,10785317,CI.MSC.HHZ,1,down,22.356239318847656,1.9404296875,42.90625
1435945,9148134,CI.HDB.EHZ,1,down,11.866358757019043,0.7998046875,4.05859375
672988,9875585,CI.CBK.EHZ,0,up,17.908374786376953,1.73046875,30.046875
1660224,14157872,CI.PLE.EHZ,0,up,53.5849723815918,3.05078125,46.75
860540,9774789,CI.HYS.EHZ,0,up,7.1162190437316895,1.7900390625,100.1875
408858,11341298,CI.WBS.HHZ,1,down,14.978761672973633,0.9599609375,3.08984375
1136164,10352977,PB.B086.EHZ,0,up,11.12314510345459,0.300048828125,7.01953125
417905,13967360,AZ.FRD.HHZ,0,up,13.325438499450684,1.3203125,51.28125
2454981,9676105,CI.WCH.EHZ,1,down,23.98505973815918,2.259765625,24.953125
1841768,10181913,CI.MCT.HHZ,0,up,8.248688697814941,2.189453125,89.375
245203,9644785,CI.POB.EHZ,0,up,25.27252197265625,1.419921875,14.6796875
1967689,10865349,EN.YOU.EHZ,0,up,19.61356544494629,1.2900390625,3.560546875
2459035,10249037,AZ.FRD.HHZ,0,up,14.963493347167969,0.580078125,8.78125
307036,10994429,AZ.MONP2.HHZ,0,up,9.784440040588379,1.3701171875,63.8125
712835,13946760,CI.BTL.EHZ,0,up,8.40657901763916,1.2197265625,17.296875
2372374,9965121,CI.TJR.EHZ,1,down,10.836068153381348,1.8701171875,48.46875
1653766,14176596,CI.GTM.EHZ,1,down,10.471506118774414,1.0498046875,11.140625
1970717,10149685,CI.WI2.EHZ,1,down,7.119275093078613,1.580078125,7.890625
2382466,9156079,CI.WS2.EHZ,1,down,14.30972957611084,2.19921875,60.15625
2180988,14244016,CI.WMF.EHZ,1,down,5.553232669830322,0.72998046875,45.0625
356347,10275385,CI.MPM.HHZ,0,up,4.597895622253418,-0.1800537109375,24.453125
2308902,9930457,CI.WHF.EHZ,1,down,15.284403800964355,1.3798828125,60.46875
1434508,10205170,ZY.OCCM.EHZ,1,down,3.8263614177703857,0.759765625,13.84375
2083444,9171064,CI.HYS.EHZ,1,down,161.45635986328125,3.240234375,87.375
245267,10671117,CI.ERP.EHZ,1,down,1.9037216901779175,1.91015625,36.28125
1959516,14157512,CI.POB.EHZ,0,up,9.465215682983398,1.009765625,39.25
1352483,14147428,CI.WHF.EHZ,1,down,42.94818878173828,0.60009765625,3.01953125
589304,10228273,AZ.TRO.HHZ,1,down,2.513259172439575,1.5,43.4375
1411476,14843676,PB.B087.EHZ,1,down,43.219573974609375,1.8896484375,51.65625
390655,9170565,CI.CDY.EHZ,1,down,14.438041687011719,2.640625,96.9375
74667,14072464,CI.EML.HHZ,0,up,259.98992919921875,3.689453125,111.875
667382,10373929,AZ.MONP2.HHZ,0,up,2.591938018798828,0.9599609375,45.96875
454215,14613564,CI.COK.EHZ,1,down,2.1740143299102783,2.009765625,24.390625
1770162,11392554,CI.WMF.EHZ,0,up,16.102035522460938,1.0,19.28125
1836284,14155332,CI.PEM.EHZ,0,up,3.5241472721099854,1.9697265625,79.5
1639180,9153243,CI.OAK.EHZ,0,up,5.428755760192871,1.2001953125,7.3984375
2050483,9735049,CI.LRL.HHZ,1,down,4.2321367263793945,1.4404296875,25.046875
1808088,9966545,CI.YEG.EHZ,1,down,6.651115417480469,2.880859375,112.1875
547249,11383114,PB.B093.EHZ,1,down,40.94680404663086,1.5400390625,40.375
1633439,11406002,AZ.CRY.HHZ,1,down,5.40818977355957,0.669921875,32.78125
122796,10965021,CI.CBK.EHZ,1,down,122.48334503173828,2.109375,13.1875
2371898,10890941,PB.B087.EHZ,0,up,9.769630432128906,0.58984375,26.6875
1749617,11000973,CI.CHF.HHZ,0,up,33.077877044677734,1.41015625,42.65625
1089480,14254660,AZ.KNW.HHZ,0,up,25.707399368286133,2.55078125,91.375
944049,9718897,CI.DEV.HHZ,0,up,2.541750907897949,2.380859375,46.875
95181,14883228,PB.B084.EHZ,1,down,204.86106872558594,2.5703125,67.4375
646129,10859757,CI.HOL.EHZ,0,up,6.979626655578613,1.3798828125,65.5625
341679,11086698,CI.RXH.HHZ,0,up,3.9381942749023438,1.1904296875,9.2421875
2091688,11079714,CI.VTV.HHZ,1,down,2.439770460128784,1.3603515625,33.34375
55405,14208356,CI.TAB.EHZ,1,down,15.9154634475708,2.7109375,51.75
344141,9708849,CI.TPM.EHZ,1,down,39.953155517578125,2.23046875,31.625
551688,10180901,AZ.BZN.HHZ,1,down,7.381250858306885,0.22998046875,8.609375
1275934,14262888,AZ.BZN.HHZ,1,down,6.7424750328063965,0.77978515625,9.2578125
274800,10398081,AZ.SND.HHZ,0,up,20.727828979492188,1.349609375,20.125
291967,14385384,PB.B086.EHZ,1,down,11.085721969604492,1.7197265625,50.53125
306559,10614565,ZY.WAGN.EHZ,0,up,10.914116859436035,1.83984375,20.015625
541016,9640229,CI.BAK.HHZ,0,up,11.596230506896973,2.400390625,41.125
1770423,13692504,AZ.WMC.HHZ,0,up,1.280460000038147,1.5,61.375
722416,10230353,CI.DNR.HHZ,1,down,23.308645248413086,1.669921875,52.4375
13129,10603437,ZY.MLDN.EHZ,0,up,33.07843017578125,1.599609375,10.4296875
1269369,10965269,AZ.FRD.HHZ,0,up,12.832385063171387,0.1700439453125,25.234375
1080359,14896956,CI.TOR.HHZ,1,down,41.47788619995117,1.490234375,27.5625
687719,9990581,CI.HOL.EHZ,0,up,107.38542175292969,2.30078125,94.5
2316046,11000157,CI.BOR.HHZ,0,up,16.974905014038086,1.4599609375,30.578125
694165,14057624,CI.BLK.EHZ,1,down,10.736674308776855,1.51953125,83.125
126567,13427444,CI.CCC.HHZ,1,down,4.705059051513672,1.3798828125,72.0625
1035637,11210762,CI.JRC2.HHZ,0,up,6.44235372543335,0.77978515625,4.6015625
2454892,14505652,CI.EDW2.HHZ,1,down,31.537405014038086,1.4599609375,49.1875
765734,15153905,CI.SUN.EHZ,1,down,146.7749481201172,2.4296875,34.96875
2245043,10490581,CI.CRR.EHZ,0,up,2.4659109115600586,1.0595703125,36.625
1901245,11390922,PB.B916.EHZ,0,up,19.414690017700195,0.91015625,13.0703125
512796,13939440,CI.BAC.EHZ,1,down,22.457300186157227,1.9404296875,79.4375
731868,10094109,CI.BLA.HHZ,0,up,3.98547101020813,1.240234375,22.953125
163298,14235424,CI.MPM.HHZ,0,up,306.9463806152344,2.0,20.328125
2197143,9797261,CI.TJR.EHZ,0,up,5.381881237030029,0.7998046875,14.75
1662723,10166245,AZ.PFO.HHZ,0,up,10.486270904541016,1.01953125,36.3125
870243,11386250,AZ.RDM.HHZ,1,down,8.048205375671387,0.39990234375,18.65625
307832,14150888,CI.SWS.HHZ,0,up,9.899312973022461,3.0703125,91.0
415264,10368569,CI.SNO.HHZ,1,down,38.387271881103516,2.1796875,92.125
157982,10373693,CI.WSH.EHZ,1,down,10.121864318847656,1.25,48.5625
561361,11278194,PB.B084.EHZ,1,down,371.61822509765625,1.6201171875,12.3515625
190080,9633737,CI.ARV.EHZ,1,down,30.538270950317383,1.7001953125,31.890625
1221158,10168957,CI.POB.EHZ,0,up,3.935343027114868,1.1904296875,64.125
2218076,10932853,CI.DPP.HHZ,0,up,5.55441427230835,1.0595703125,56.25
2097606,10321945,CI.CLC.HHZ,0,up,18.32284927368164,1.5302734375,84.5625
2226254,15057292,CI.IRM.HHZ,1,down,22.992212295532227,1.3203125,65.625
2387702,10725485,CI.WES.HHZ,0,up,9.19573974609375,1.5498046875,22.90625
53504,10373313,PB.B082.EHZ,0,up,11.832071304321289,0.919921875,15.9609375
1292563,10626893,ZY.PNTO.EHZ,0,up,7.322709560394287,1.669921875,18.78125
303119,14002112,CI.YUH.EHZ,1,down,63.64061737060547,1.1396484375,2.220703125
2187281,10237941,CI.WNM.EHZ,0,up,70.1941909790039,2.7109375,18.734375
1582697,13688424,AZ.LVA2.HHZ,1,down,45.35768508911133,1.3095703125,22.578125
647915,12339856,CI.FRK.EHZ,0,up,9.91817569732666,1.5302734375,43.78125
818833,9990293,CI.WCS.EHZ,0,up,2.04317569732666,0.7900390625,10.640625
1896495,9648789,CI.WIN.EHZ,1,down,17.32470703125,1.83984375,41.75
231962,10868085,AZ.PFO.HHZ,1,down,11.95309066772461,0.93994140625,12.5390625
693313,11063261,CI.WRV.EHZ,0,up,7.5550994873046875,0.52978515625,11.640625
848213,14443968,CI.YUH.EHZ,1,down,104.120849609375,2.029296875,50.96875
96836,10169782,CI.SME.EHZ,0,up,3.7892673015594482,1.0595703125,35.53125
2460436,14080124,CI.TOW.EHZ,0,up,3.924518585205078,1.2001953125,30.46875
2257935,9651657,CI.CLC.EHZ,0,up,19.28819465637207,2.3203125,40.15625
500903,14406360,CI.BLK.EHZ,1,down,12.43659782409668,2.509765625,98.5
1900118,14359488,CI.SME.EHZ,1,down,3.415053606033325,0.81005859375,49.46875
2063702,14069020,CI.TA2.HHZ,1,down,17.89671516418457,1.580078125,52.9375
1748685,9751769,CI.STC.HHZ,0,up,34.014713287353516,3.30078125,32.8125
923546,9149040,CI.WRC.EHZ,1,down,46.68552780151367,1.490234375,14.109375
1174440,14079136,CI.BEL.HHZ,0,up,15.042342185974121,1.2998046875,29.65625
1709105,10410073,AZ.SND.HHZ,1,down,153.7521514892578,1.2900390625,10.84375
2388536,10493509,AZ.FRD.HHZ,1,down,293.0776062011719,1.8603515625,11.21875
1511876,14284984,CI.RMR.EHZ,1,down,2.0708186626434326,1.25,50.0
1255912,10261025,AZ.FRD.HHZ,0,up,19.077104568481445,0.469970703125,16.65625
1097292,10598997,ZY.SHCM.EHZ,1,down,8.459148406982422,1.51953125,10.3203125
1940406,11349306,CI.JRC2.HHZ,1,down,120.60807037353516,0.3798828125,5.421875
352204,11420946,CI.JRC2.HHZ,0,up,13.967733383178711,1.490234375,29.609375
181796,9916449,CI.SSW.HHZ,0,up,26.97906494140625,1.83984375,2.140625
2238148,10874989,CI.BBS.HHZ,1,down,21.276926040649414,2.7109375,54.375
2039324,10356141,CI.MPP.HHZ,0,up,39.068111419677734,2.0703125,44.25
2432927,14394044,CI.RYS.EHZ,1,down,16.183488845825195,1.900390625,52.28125
211863,10438889,CI.SIL.EHZ,0,up,94.09977722167969,0.8798828125,1.7099609375
1803723,10171682,CI.SWS.HHZ,1,down,3.0912153720855713,3.380859375,44.40625
323991,9744501,CI.FMP.HHZ,1,down,6.76583194732666,2.26953125,33.6875
605801,9160347,CI.RUN.EHZ,1,down,15.254799842834473,2.76953125,91.4375
2398682,14247200,CI.WRV.EHZ,0,up,76.1285629272461,1.2998046875,23.375
667468,9882757,CI.WRV.EHZ,0,up,71.93220520019531,2.849609375,103.5625
1769293,9798529,CI.WVP.EHZ,0,up,37.524932861328125,2.25,64.0
804474,13916388,CI.SS2.EHZ,1,down,23.262760162353516,2.01953125,34.34375
301966,14027160,CI.YUH.EHZ,1,down,75.14823150634766,2.880859375,74.0
2409883,14120164,CI.AGA.HHZ,1,down,31.728723526000977,2.609375,64.5
409560,14095860,CI.WHF.EHZ,1,down,6.066903591156006,1.2998046875,42.375
623020,14237180,CI.EML.HHZ,0,up,20.431547164916992,2.26953125,86.0625
1569082,10434793,CI.SUN.EHZ,0,up,71.44954681396484,1.26953125,16.015625
641443,10752445,AZ.FRD.HHZ,0,up,49.977195739746094,1.0302734375,15.71875
1847317,14002724,CI.MLAC.HHZ,1,down,656.1692504882812,1.66015625,4.05078125
1424756,10490973,CI.SIL.EHZ,0,up,6.0700907707214355,1.2900390625,41.0625
736517,9679081,CI.MPM.HHZ,0,up,18.61891746520996,1.349609375,34.96875
1219259,14131872,CI.EDW2.HHZ,1,down,34.56739044189453,3.55078125,80.125
1344196,11008845,CI.COA.EHZ,0,up,3.204606056213379,1.2001953125,62.21875
1024147,10902141,ZY.COON.EHZ,0,up,2.996476888656616,1.7197265625,22.640625
706103,10532685,CI.WMF.EHZ,1,down,7.77588415145874,1.4697265625,39.28125
1425536,14135708,CI.WOR.EHZ,0,up,40.627197265625,1.41015625,14.4375
1446814,9704145,CI.CLC.HHZ,0,up,16.03420066833496,1.990234375,40.5625
876698,9774673,CI.TEJ.EHZ,1,down,9.474061965942383,0.669921875,16.84375
1645422,14146956,CI.DPP.HHZ,0,up,128.20388793945312,4.05859375,72.9375
656472,14185304,CI.BEL.HHZ,0,up,12.500555038452148,1.830078125,78.125
1488096,10013241,CI.WRV.EHZ,0,up,8.90027141571045,0.39990234375,10.3203125
2333187,13946864,CI.WRV.EHZ,0,up,26.838703155517578,0.919921875,1.759765625
1607571,15136057,CI.DGR.HHZ,1,down,19.744985580444336,1.5302734375,43.65625
1355386,14616340,CI.SWS.HHZ,1,down,3.262213706970215,2.029296875,35.1875
740793,13656264,CI.RMR.EHZ,1,down,20.171987533569336,1.150390625,46.3125
505134,9774713,CI.HYS.EHZ,1,down,47.17068862915039,2.5390625,118.5
1662537,10216309,CI.EDW2.HHZ,0,up,23.147151947021484,1.4697265625,51.0
2229510,10634381,CI.MPM.HHZ,0,up,17.09145164489746,0.72021484375,25.84375
1184270,11134610,AZ.LVA2.HHZ,0,up,12.18313980102539,0.89990234375,26.09375
86984,14243200,CI.POB.EHZ,1,down,6.870196342468262,0.8701171875,38.96875
1409382,11102770,CI.GOR.HHZ,1,down,2.7966980934143066,1.009765625,79.25
670994,10368873,CI.CRR.EHZ,1,down,26.18942642211914,2.640625,105.0
1155740,10998141,CI.SME.EHZ,0,up,6.009396076202393,1.2099609375,25.65625
841316,14872860,CI.BLA2.HHZ,1,down,13.899422645568848,1.2197265625,57.46875
403066,10380413,CI.HOL.EHZ,1,down,5.353860855102539,1.5595703125,67.0
899893,3323669,CI.LCG.HHZ,0,up,5.989253520965576,2.76953125,42.25
1508885,14235108,CI.WOF.EHZ,1,down,64.4277114868164,1.4599609375,19.609375
2431649,14172268,CI.WLH.EHZ,0,up,3.9415688514709473,0.489990234375,22.609375
1796021,10066825,CI.JRC2.HHZ,0,up,33.922828674316406,0.7001953125,11.0078125
1807482,9646509,CI.AGA.HHZ,1,down,20.620058059692383,2.009765625,36.46875
859187,10380529,CI.XTL.EHZ,1,down,81.13447570800781,1.490234375,38.1875
1037935,10368569,CI.RRX.HHZ,0,up,5.965576648712158,2.1796875,53.84375
192863,9720505,CI.RAY.EHZ,1,down,2.673043966293335,1.759765625,78.125
38100,9816809,AZ.CRY.HHZ,0,up,31.796342849731445,1.4404296875,20.421875
1604505,9614281,CI.OLY.EHZ,1,down,2.096266746520996,1.650390625,46.8125
1056432,11324234,CI.WWC.HHZ,0,up,3.3530526161193848,1.259765625,48.71875
1977304,14282276,CI.WRC.EHZ,1,down,9.228713989257812,1.150390625,13.7421875
2438094,10928421,CI.JRC2.HHZ,1,down,78.1028060913086,0.58984375,4.8984375
2105199,11671364,CI.WCS.EHZ,0,up,9.939616203308105,1.8603515625,10.6171875
1577487,10721637,CI.SWS.HHZ,0,up,3.8157551288604736,1.2802734375,29.203125
1616441,10927461,EN.OBS.EHZ,1,down,36.92149353027344,2.189453125,19.578125
2023625,14596820,AZ.FRD.HHZ,1,down,4.704226970672607,1.240234375,60.8125
1289712,9160760,CI.TPM.EHZ,1,down,329.94842529296875,2.150390625,5.828125
2113947,14465528,CI.OLP.HHZ,1,down,3.7314722537994385,1.830078125,90.875
1139998,14386700,PB.B084.EHZ,1,down,5.514936447143555,0.60986328125,27.6875
2303955,10724701,CI.WRC.EHZ,0,up,56.14664077758789,1.2802734375,3.23046875
1478678,9849225,CI.HOL.EHZ,0,up,31.030832290649414,1.8798828125,90.125
872804,9147557,CI.WHF.EHZ,0,up,2.6384501457214355,1.5595703125,57.375
2272057,14196172,CI.CAP.HHZ,1,down,10.463311195373535,1.6201171875,28.625
1817522,15158609,PB.B093.EHZ,1,down,43.064666748046875,1.3603515625,4.37109375
113858,14493144,EN.ENG.EHZ,1,down,2.0001819133758545,0.300048828125,7.51171875
1352516,14437248,CI.HYS.EHZ,1,down,31.841230392456055,1.5703125,79.1875
43977,10507109,EN.HAT.EHZ,0,up,19.905874252319336,1.1103515625,3.009765625
480963,14146560,CI.WES.HHZ,0,up,44.184715270996094,2.990234375,67.4375
323207,11016067,CI.TOW.EHZ,0,up,3.122424602508545,1.650390625,26.515625
369082,14236812,CI.CRR.EHZ,1,down,8.508858680725098,1.330078125,39.65625
1623966,14151460,AZ.CRY.HHZ,0,up,16.94818115234375,1.58984375,16.390625
1801682,9633157,CI.HYS.EHZ,0,up,5.503639221191406,2.359375,103.875
1869648,10791957,PB.B921.EHZ,0,up,3.1391687393188477,1.58984375,71.9375
2062139,10320761,EN.ENG.EHZ,0,up,61.15671920776367,1.73046875,9.6796875
71261,10221145,CI.ABL.EHZ,0,up,12.565389633178711,1.3203125,18.953125
265523,13993216,CI.BEL.HHZ,0,up,9.77832317352295,1.8701171875,71.625
1027328,14558788,CI.PSR.HHZ,1,down,12.66533088684082,1.9697265625,28.015625
1781920,14132892,CI.WCH.EHZ,0,up,6.9955668449401855,1.5,77.3125
323143,9143499,CI.TPC.EHZ,0,up,13.683049201965332,2.5,71.5
1741803,10703549,CI.SNO.HHZ,1,down,16.39164924621582,1.6103515625,71.875
1085394,10024609,CI.WOR.EHZ,0,up,22.943130493164062,0.85986328125,24.234375
319909,9143839,CI.EL2.EHZ,1,down,10.425882339477539,1.8095703125,35.65625
1798538,10590197,ZY.WAGN.EHZ,0,up,22.423484802246094,1.650390625,8.453125
2454443,10167837,AZ.FRD.HHZ,0,up,20.130905151367188,0.9501953125,23.84375
680315,14202308,CI.MUR.HHZ,1,down,4.867997646331787,1.2099609375,8.21875
441398,9140287,CI.RMM.EHZ,0,up,24.26480484008789,1.9501953125,34.21875
397152,9641025,CI.BLK.EHZ,0,up,113.69722747802734,3.2109375,94.3125
2237646,10008573,CI.LEO.EHZ,0,up,4.831904888153076,1.7001953125,46.90625
1920120,9850445,CI.COK.EHZ,1,down,3.0073444843292236,1.6904296875,31.21875
505726,13403432,CI.PLM.HHZ,1,down,2.5935215950012207,0.7998046875,35.84375
433944,11405274,PB.B916.EHZ,0,up,12.167403221130371,1.330078125,35.90625
139581,14086300,CI.RMR.EHZ,0,up,43.24985122680664,1.1103515625,53.59375
1989862,9997773,CI.SRN.HHZ,0,up,12.814529418945312,1.759765625,12.2265625
1612054,9935857,CI.RMM.EHZ,0,up,8.499052047729492,1.5498046875,30.90625
727972,14510956,CI.COK.EHZ,1,down,35.07682418823242,2.380859375,21.203125
1342297,9679249,CI.WNM.EHZ,1,down,44.08771514892578,1.330078125,18.265625
946416,9694209,CI.WOF.EHZ,1,down,26.983320236206055,1.83984375,90.625
951881,12472056,AZ.RDM.HHZ,0,up,10.074454307556152,1.099609375,13.5703125
655488,10976187,CI.WCH.EHZ,1,down,4.823866844177246,1.900390625,23.890625
87680,10332341,CI.WVP.EHZ,1,down,2.6852622032165527,0.6201171875,12.359375
1104143,13940188,CI.RMR.EHZ,0,up,45.249332427978516,1.51953125,27.375
940157,14218504,CI.MSJ.HHZ,0,up,19.732547760009766,3.66015625,72.9375
1204543,14333720,CI.PLM.HHZ,1,down,2.5214242935180664,0.389892578125,36.75
781412,10179725,AZ.FRD.HHZ,1,down,40.918174743652344,1.509765625,17.265625
2341286,14007020,CI.BEL.HHZ,0,up,35.76888656616211,2.16015625,28.015625
976765,10228473,CI.TPM.EHZ,1,down,4.916901588439941,0.89990234375,26.03125
499103,10182289,CI.DNR.HHZ,0,up,3.729548931121826,0.7001953125,14.5703125
2311728,9688733,CI.WCS.EHZ,1,down,21.158977508544922,1.98046875,10.8515625
965247,13935400,CI.JVA.HHZ,1,down,35.5049934387207,2.609375,56.78125
949909,11207946,CI.SLR.HHZ,0,up,7.365285873413086,0.990234375,26.53125
1411248,9149166,CI.BAK.HHZ,1,down,2.7326395511627197,1.76953125,10.90625
2084090,10224073,CI.STG.HHZ,1,down,5.386981964111328,1.5703125,21.03125
981415,14006524,CI.BAC.EHZ,0,up,5.1668009757995605,1.099609375,50.59375
2259514,14513500,PB.B082.EHZ,1,down,10.754792213439941,1.1103515625,38.625
1722039,14159532,CI.THC.EHZ,1,down,9.47354793548584,1.9501953125,51.5
2148583,14282540,CI.CHF.HHZ,1,down,37.66982650756836,1.5703125,20.265625
294522,10206353,AZ.FRD.HHZ,1,down,13.742585182189941,1.400390625,62.75
2078004,13969560,CI.CRR.EHZ,1,down,28.120458602905273,1.76953125,41.9375
912903,14367380,CI.SBPX.HHZ,1,down,19.403430938720703,2.619140625,21.046875
615852,11003741,CI.MSC.HHZ,0,up,3.0067741870880127,1.099609375,61.5
1824441,14513372,PB.B086.EHZ,1,down,10.563337326049805,0.91015625,46.625
1933946,14068388,CI.THX.HHZ,1,down,21.301420211791992,2.259765625,15.703125
1261011,10741285,AZ.BZN.HHZ,0,up,1.516133189201355,0.419921875,19.875
1369314,14077276,CI.RMM.EHZ,0,up,10.615945816040039,1.58984375,33.6875
309658,14296180,AZ.LVA2.HHZ,0,up,18.724014282226562,0.9501953125,31.234375
2416924,10440809,CI.TOR.HHZ,1,down,3.7848997116088867,1.0498046875,52.53125
2021806,9168284,AZ.TRO.EHZ,1,down,26.208498001098633,1.900390625,35.84375
1889774,11081338,EN.RED.EHZ,0,up,30.523456573486328,0.39990234375,4.01171875
1093291,11207290,CI.DGR.HHZ,1,down,18.992767333984375,1.3798828125,95.6875
2067973,11674872,CI.WNM.EHZ,1,down,20.276681900024414,1.4599609375,15.4921875
1191303,13999732,CI.STT.EHZ,0,up,10.540438652038574,1.400390625,25.796875
565884,10264209,AZ.KNW.HHZ,1,down,20.597618103027344,1.349609375,98.0625
675727,9809197,CI.YUH.EHZ,1,down,15.843676567077637,1.66015625,88.4375
130595,13910328,CI.JVA.HHZ,0,up,5.2421183586120605,1.01953125,13.6328125
1867805,10264105,PB.B084.EHZ,1,down,62.24225997924805,0.919921875,10.84375
89502,14177636,CI.BOR.HHZ,0,up,49.69520950317383,1.41015625,28.875
1113536,9930309,CI.WRV.EHZ,0,up,27.00455093383789,0.7001953125,6.5
2471775,9158964,CI.POB.EHZ,0,up,21.106597900390625,1.08984375,32.375
1922322,10029005,AZ.FRD.HHZ,0,up,89.35322570800781,1.240234375,24.03125
1772346,14253292,CI.PMD.HHZ,1,down,63.88188171386719,1.259765625,19.9375
1616613,10180177,CI.RRX.HHZ,1,down,4.09996223449707,2.330078125,86.125
2270785,10980573,PB.B087.EHZ,0,up,64.0255126953125,0.93017578125,3.029296875
1566595,10006669,CI.MPI.HHZ,0,up,13.47916030883789,2.509765625,92.375
140932,9665881,CI.TPC.EHZ,0,up,12.166125297546387,2.439453125,73.25
702915,10666141,ZY.MLDN.EHZ,1,down,102.53722381591797,1.66015625,4.48046875
1273448,14894356,CI.RMR.EHZ,1,down,15.678391456604004,1.3603515625,49.625
129421,10751133,PB.B093.EHZ,0,up,18.58369255065918,1.1298828125,36.34375
2460600,14503252,EN.OBS.EHZ,1,down,23.01274299621582,1.0595703125,8.3515625
503227,14492312,CI.YUH.EHZ,1,down,37.6489372253418,1.5,58.0625
1245440,13967364,CI.HMT.EHZ,0,up,14.099832534790039,0.919921875,46.53125
2123319,14243732,AZ.WMC.HHZ,0,up,3.2045652866363525,0.449951171875,12.4296875
2478478,14312856,CI.CHF.HHZ,1,down,25.887060165405273,0.72021484375,17.15625
1702634,11776055,CI.MPM.HHZ,0,up,55.218589782714844,1.7802734375,32.28125
1301469,10860589,CI.WCS.EHZ,0,up,3.6724727153778076,1.1796875,11.796875
2418704,14219656,CI.PLM.HHZ,1,down,3.5177762508392334,0.85986328125,39.03125
239456,14466160,AZ.KNW.HHZ,1,down,11.660970687866211,0.89990234375,32.375
1883210,11323802,PB.B084.EHZ,1,down,43.685848236083984,1.0498046875,10.2109375
1423036,11128658,AZ.BZN.HHZ,0,up,6.259623050689697,-0.2900390625,18.9375
1897266,10221909,CI.SKY.EHZ,0,up,6.471707820892334,1.1103515625,41.25
2263147,9795701,CI.WOF.EHZ,1,down,3.460928440093994,0.669921875,97.8125
47859,9172323,CI.SS2.EHZ,1,down,4.538894176483154,1.51953125,56.4375
1493905,13811568,CI.MIR.EHZ,0,up,11.461810111999512,1.5595703125,20.984375
2154103,14003948,AZ.YAQ.HHZ,0,up,8.474051475524902,1.8095703125,59.875
1430007,10313917,CI.PSR.HHZ,1,down,68.82408905029297,0.85986328125,6.578125
1494263,11333730,NC.MDPB.HHZ,0,up,14.517692565917969,0.89990234375,18.421875
1233548,14286264,AZ.HWB.HHZ,1,down,4.341103553771973,1.330078125,94.0
1928009,10738733,PB.B082.EHZ,1,down,8.300247192382812,1.23046875,24.453125
1987456,9676817,CI.WNM.EHZ,1,down,5.3798723220825195,0.389892578125,17.53125
2207083,10287193,CI.CLC.HHZ,0,up,27.433820724487305,1.3896484375,27.03125
667174,10782885,CI.CBK.EHZ,1,down,32.30923843383789,1.919921875,40.34375
2034162,9141454,CI.GRP.EHZ,1,down,13.402416229248047,1.8798828125,57.5625
682567,14855612,PB.B093.EHZ,1,down,9.450095176696777,1.240234375,62.28125
1971063,11066205,CI.HMT.EHZ,0,up,109.05225372314453,1.580078125,11.1328125
496578,15187857,CI.JRC2.HHZ,1,down,210.9671173095703,0.1500244140625,2.119140625
14533,10248401,CI.SS2.EHZ,0,up,54.824275970458984,1.330078125,10.65625
1932117,10726541,CI.GLA.HHZ,0,up,2.4494142532348633,1.830078125,103.4375
2049843,14587124,CI.LDF.HHZ,1,down,10.136322975158691,2.009765625,111.625
1089391,10169757,CI.CLC.EHZ,0,up,2.326742172241211,0.60009765625,30.09375
2455416,10167005,CI.SRT.EHZ,1,down,2.114232301712036,1.490234375,40.65625
86026,14006348,CI.HMT.EHZ,0,up,6.750670909881592,1.58984375,55.84375
1152315,10288353,CI.MPM.HHZ,0,up,707.44921875,2.5390625,21.03125
2234282,9999557,CI.CLC.HHZ,0,up,78.51692199707031,1.7998046875,2.900390625
645072,10256833,AZ.KNW.HHZ,1,down,6.545010089874268,0.580078125,18.125
972099,14374928,CI.SAL.HHZ,1,down,6.298922061920166,1.4501953125,15.8203125
401040,11104298,PG.PB.EHZ,0,up,14.038525581359863,2.779296875,72.3125
1379075,10543509,AZ.HWB.HHZ,0,up,4.2634053230285645,1.66015625,110.9375
357256,14956876,PB.B087.EHZ,1,down,25.576818466186523,1.330078125,41.21875
607366,9908985,CI.BEL.HHZ,1,down,46.980079650878906,2.080078125,23.984375
975069,10781165,CI.MPM.HHZ,0,up,69.45512390136719,1.1796875,18.9375
1134953,13984464,AZ.YAQ.HHZ,1,down,15.534122467041016,1.5595703125,20.78125
604614,10964453,PB.B081.EHZ,1,down,16.279571533203125,1.0302734375,28.515625
2268319,9153599,CI.POB.EHZ,1,down,34.763423919677734,1.400390625,15.5390625
2242997,10366549,CI.RXH.HHZ,0,up,8.293883323669434,1.0703125,2.4609375
468916,14995220,AZ.CRY.HHZ,1,down,49.337032318115234,0.60009765625,9.140625
1977245,9638053,CI.SUN.EHZ,0,up,20.887449264526367,1.76953125,26.3125
973992,10236213,CI.WI2.EHZ,1,down,2.6801533699035645,1.3701171875,13.46875
892016,14219204,AZ.CRY.HHZ,0,up,10.077749252319336,1.16015625,10.7734375
484697,11327754,CI.WMF.EHZ,1,down,36.5463981628418,0.990234375,1.9296875
2480687,12467460,CI.YUH.EHZ,1,down,129.42514038085938,2.720703125,73.125
2357859,15151881,AZ.MONP2.HHZ,1,down,93.19339752197266,1.009765625,16.0
1702934,11126378,AZ.LVA2.HHZ,0,up,7.037118434906006,1.6103515625,103.3125
1915319,9856565,CI.LEO.EHZ,1,down,10.046302795410156,1.16015625,82.0
2164214,10148133,CI.FRK.EHZ,1,down,32.79749298095703,1.6298828125,22.078125
2104690,9157297,CI.RMR.EHZ,0,up,19.820858001708984,1.6396484375,30.96875
1475519,10236625,CI.POB.EHZ,1,down,4.5680060386657715,0.97021484375,33.71875
1631566,14212836,AZ.RDM.HHZ,0,up,6.3790507316589355,1.5703125,81.875
2284182,9162939,CI.RMM.EHZ,1,down,8.476648330688477,1.5703125,42.75
1118772,11078602,CI.SNO.HHZ,0,up,4.114954948425293,2.099609375,68.5
69822,14297920,AZ.PFO.HHZ,1,down,6.738587856292725,0.409912109375,24.390625
61431,10980693,CI.POB.EHZ,0,up,14.658955574035645,0.52001953125,8.9765625
290014,10799581,PB.B086.EHZ,1,down,3.0544073581695557,0.6298828125,11.640625
2234283,9809657,CI.WOR.EHZ,1,down,3.8434550762176514,1.650390625,54.875
704561,9133222,CI.GSC.EHZ,0,up,5.551479339599609,2.51953125,93.0
236512,13688376,CI.WES.HHZ,0,up,3.227635383605957,1.9296875,80.125
1552820,10907685,CI.SDR.HHZ,0,up,13.623970985412598,2.279296875,99.4375
1171143,9889653,CI.JCS.HHZ,1,down,375.2250671386719,2.810546875,35.75
2423554,13067444,CI.TPM.EHZ,0,up,6.6486029624938965,1.3603515625,17.65625
2233226,7210485,CI.XMS.EHZ,1,down,4.5212721824646,1.419921875,64.6875
1971248,14584884,CI.DGR.HHZ,1,down,66.29960632324219,1.1904296875,34.125
1631192,9662433,CI.MIR.EHZ,0,up,27.735586166381836,2.5390625,26.296875
2164423,11011029,AZ.SND.HHZ,1,down,9.714731216430664,1.9404296875,93.0625
571970,10181181,AZ.YAQ.HHZ,0,up,9.605382919311523,1.4296875,41.9375
780258,10276773,CI.JCS.HHZ,0,up,236.68089294433594,2.939453125,28.453125
1459857,11345458,CI.DPP.HHZ,1,down,15.72413444519043,1.3701171875,37.625
2370653,10235993,CI.HMT.EHZ,1,down,39.442726135253906,1.0498046875,17.171875
588883,10764797,AZ.CRY.HHZ,0,up,5.534641265869141,0.740234375,19.34375
2110587,11210306,AZ.LVA2.HHZ,0,up,93.83293151855469,2.08984375,102.375
1689228,9661421,CI.WCH.EHZ,1,down,4.122995376586914,1.1298828125,15.4375
657034,14492232,CI.CBK.EHZ,1,down,25.507930755615234,1.5703125,20.90625
557656,9740957,CI.SKY.EHZ,1,down,25.031269073486328,1.6103515625,53.78125
321842,9648177,CI.JRC.HHZ,0,up,2.1096351146698,1.2998046875,9.8515625
682881,10933469,PB.B082.EHZ,0,up,12.572834014892578,0.89013671875,23.484375
2431217,9876937,CI.WCS.EHZ,1,down,5.424238204956055,1.1796875,9.7421875
1786592,14138080,CI.OAT.EHZ,0,up,81.18647003173828,4.58984375,91.875
975340,14181812,CI.WCS.EHZ,0,up,24.938478469848633,0.39990234375,1.01953125
2483284,11322330,PB.B087.EHZ,0,up,4.300577640533447,0.64013671875,27.15625
732164,14382380,CI.SKY.EHZ,1,down,1.1620526313781738,1.009765625,48.5625
1105684,9157471,CI.WMF.EHZ,1,down,68.77156829833984,0.1400146484375,4.3203125
1496794,9711457,CI.TEH.HHZ,0,up,5.474318504333496,1.2998046875,51.3125
277613,10178749,CI.GAV.EHZ,1,down,7.243633270263672,1.5,9.7578125
2409068,11047477,AZ.LVA2.HHZ,0,up,11.032543182373047,1.1103515625,61.40625
2001543,11374618,PB.B086.EHZ,1,down,37.906124114990234,2.490234375,47.5625
93987,10282821,AZ.CRY.HHZ,0,up,9.593730926513672,0.64990234375,25.921875
2222029,10263989,AZ.SND.HHZ,0,up,20.104026794433594,0.469970703125,19.0625
2066795,14003116,CI.DNR.HHZ,1,down,78.69793701171875,2.740234375,66.0
887715,12457344,CI.SIL.EHZ,1,down,2.661242961883545,1.25,8.890625
260510,14155232,CI.EDW2.HHZ,1,down,3.744821548461914,2.25,99.75
313503,14254788,CI.LJR.HHZ,1,down,5.646729946136475,1.4599609375,26.46875
2111748,10095573,CI.TJR.EHZ,1,down,5.051380157470703,1.2001953125,31.546875
857131,10296417,CI.FRK.EHZ,1,down,5.8245134353637695,1.25,31.234375
1219310,11335938,AZ.SMER.HHZ,0,up,87.5671157836914,2.919921875,78.375
2430317,10540989,PB.B093.EHZ,1,down,5.975146770477295,0.990234375,59.28125
2441762,10346629,AZ.PFO.HHZ,1,down,4.0761494636535645,0.5,25.25
1006782,10799829,CI.XTL.EHZ,1,down,112.33643341064453,1.9501953125,31.453125
786367,14072592,CI.MPM.HHZ,0,up,3.166236400604248,1.0,33.6875
595856,11275338,CI.SKY.EHZ,1,down,6.147895336151123,0.919921875,31.625
1609521,14395328,AZ.PFO.HHZ,1,down,2.148535966873169,0.7001953125,39.875
2361698,10922293,CI.DNR.HHZ,0,up,11.724681854248047,0.64990234375,12.109375
2098769,15059468,CI.PMD.HHZ,1,down,7.192078113555908,0.58984375,18.125
844631,14073176,CI.POB.EHZ,1,down,4.115792274475098,0.81005859375,23.15625
40801,10480725,EN.RED.EHZ,1,down,103.97251892089844,1.2998046875,2.7890625
1257151,10098653,CI.HMT.EHZ,0,up,5.214046478271484,1.099609375,15.078125
1297585,10399801,CI.STG.HHZ,1,down,58.838836669921875,3.759765625,25.578125
603989,9162687,CI.WNM.EHZ,1,down,41.65470886230469,1.5400390625,29.015625
86711,12880528,AZ.SND.HHZ,1,down,27.532407760620117,1.2998046875,20.953125
867193,9745541,CI.CHF.HHZ,0,up,55.545536041259766,2.029296875,80.9375
1644876,10287853,CI.CRR.EHZ,1,down,54.12626266479492,1.58984375,28.15625
1704762,14207900,CI.CCA.EHZ,1,down,2.4438750743865967,1.2900390625,77.875
1859004,9993809,CI.EML.HHZ,0,up,51.53768539428711,1.599609375,43.71875
1406803,12487488,AZ.CRY.HHZ,0,up,11.063403129577637,1.2099609375,25.96875
490542,10601157,ZY.SHCM.EHZ,0,up,27.414209365844727,2.8203125,46.78125
2234181,10001129,AZ.FRD.HHZ,0,up,53.32206344604492,1.23046875,52.03125
387356,11346010,CI.BAR.HHZ,1,down,14.046571731567383,1.8603515625,52.0
2370659,14604548,PB.B081.EHZ,1,down,2.0464272499084473,1.169921875,87.375
925968,9150520,CI.MIR.EHZ,1,down,9.840495109558105,2.01953125,49.0
2403125,10320777,PB.B086.EHZ,1,down,6.064937591552734,1.2900390625,92.9375
2297350,10496453,CI.WSH.EHZ,0,up,79.81201171875,0.6298828125,7.62890625
2379122,15136641,CI.BOR.HHZ,1,down,32.404972076416016,1.1396484375,15.7109375
1318993,14287676,CI.PLS.EHZ,1,down,5.737645149230957,1.5,24.109375
2232390,9709389,CI.TJR.EHZ,0,up,4.9374918937683105,2.169921875,86.0625
1783865,10249625,CI.DNR.HHZ,0,up,29.508548736572266,0.77001953125,15.203125
975562,14086572,CI.LMR2.HHZ,1,down,41.33197021484375,1.7900390625,60.625
862659,10833813,CI.EMS.EHZ,0,up,3.1393465995788574,2.359375,74.75
858523,10200653,CI.TEH.HHZ,1,down,17.855363845825195,1.759765625,76.6875
1027324,9141167,CI.XMS.EHZ,1,down,5.6427717208862305,1.4296875,65.125
917704,9635277,CI.OLY.EHZ,0,up,15.86171817779541,1.9296875,89.9375
1300581,10235437,CI.MPM.HHZ,0,up,188.18478393554688,0.9599609375,11.1484375
1653762,9686901,CI.WHF.EHZ,1,down,18.69049072265625,1.7001953125,53.65625
915786,9773181,AZ.WMC.HHZ,1,down,3.997101306915283,1.3203125,41.21875
673875,9159329,CI.TPM.EHZ,1,down,11.345787048339844,1.400390625,17.234375
1728454,14331884,CI.EML.HHZ,0,up,182.87081909179688,1.8701171875,39.90625
622032,9877209,CI.TEH.HHZ,0,up,15.316610336303711,1.2998046875,24.546875
1035753,13931788,CI.TPM.EHZ,0,up,6.892945766448975,1.2998046875,14.2578125
990303,9737377,CI.EW2.EHZ,0,up,9.272924423217773,1.9296875,71.125
2223747,11672888,CI.WOF.EHZ,1,down,3.160414695739746,1.0,90.5
778412,14203104,AZ.SND.HHZ,0,up,3.735261917114258,0.7099609375,44.625
405571,11377986,EN.OBS.EHZ,0,up,59.53336715698242,3.0,4.83984375
1342859,15188145,CI.HMT.EHZ,1,down,4.896554470062256,0.93994140625,68.0
1164461,14152360,CI.BAC.EHZ,0,up,10.531978607177734,0.830078125,46.125
1214194,9132896,CI.RVR.EHZ,0,up,4.777284622192383,1.75,38.34375
1987799,9741585,AZ.CRY.HHZ,0,up,53.77779769897461,1.080078125,16.09375
1427718,9641481,CI.LRL.EHZ,1,down,16.86256217956543,2.509765625,63.375
1471347,10611261,ZY.PNTO.EHZ,1,down,31.340267181396484,2.5390625,87.375
2113940,11078530,EN.RED.EHZ,1,down,10.070906639099121,0.5,2.55078125
1692036,10779157,CI.PLM.HHZ,0,up,4.4550371170043945,0.8798828125,28.875
2378949,9692697,CI.JRC.HHZ,0,up,3.960789918899536,0.77001953125,8.046875
1901733,11407746,AZ.SND.HHZ,0,up,58.702903747558594,1.7001953125,13.3125
1663211,10530125,CI.JRC2.HHZ,0,up,90.26265716552734,0.60986328125,5.51171875
250458,10911013,CI.OLP.HHZ,0,up,33.97200393676758,2.759765625,110.6875
2388078,10755893,PB.B087.EHZ,1,down,10.545381546020508,0.72998046875,27.21875
744054,14152944,CI.POB.EHZ,1,down,16.39559555053711,1.25,42.28125
809492,11322930,CI.SS2.EHZ,1,down,14.30567741394043,0.85986328125,14.5390625
556644,10080501,CI.HOL.EHZ,0,up,32.4593391418457,1.5302734375,51.96875
2384435,14173500,AZ.PFO.HHZ,1,down,33.33024597167969,1.150390625,12.09375
195474,10347661,CI.SUN.EHZ,1,down,4.290505886077881,1.349609375,69.4375
1762086,14501672,CI.MPI.HHZ,1,down,2.2979767322540283,1.3603515625,72.4375
882249,10838837,PB.B082.EHZ,0,up,193.87545776367188,1.849609375,20.15625
595298,11381466,CI.TPM.EHZ,1,down,40.94687271118164,1.9599609375,51.5
494092,14387904,CI.SIL.EHZ,1,down,6.52126407623291,2.2890625,102.125
1741196,14354004,AZ.PFO.HHZ,1,down,23.349475860595703,0.830078125,12.4765625
921615,14443832,CI.YUH.EHZ,1,down,43.76124572753906,2.359375,55.53125
1693488,10149321,CI.MPI.HHZ,1,down,36.01677703857422,1.5,22.609375
2357294,9696713,CI.WNM.EHZ,0,up,75.8659439086914,1.8203125,36.75
857766,14621684,CI.ERP.EHZ,1,down,2.207598924636841,1.2197265625,16.25
853017,14062668,AZ.BZN.HHZ,1,down,100.06698608398438,2.189453125,59.84375
1231354,14555444,CI.RAG.EHZ,1,down,19.306623458862305,1.349609375,13.71875
50359,10168589,CI.CAP.HHZ,1,down,2.638040542602539,1.3203125,43.3125
1658680,10224885,CI.ERP.EHZ,0,up,30.20309829711914,2.5390625,39.3125
1712874,10608557,ZY.USG.EHZ,0,up,5.453780174255371,1.599609375,10.03125
1175420,14217824,CI.TPC.EHZ,1,down,13.636765480041504,1.0595703125,33.5
1686048,10258605,CI.DNR.HHZ,0,up,105.24720001220703,0.3798828125,2.490234375
2166262,15082692,CI.JEM.HHZ,1,down,129.82118225097656,1.7001953125,43.3125
1921782,9758437,CI.CLC.EHZ,0,up,11.209510803222656,1.7001953125,46.75
2078657,10775885,AZ.PFO.HHZ,1,down,2.1730926036834717,0.93017578125,72.0625
2075145,13913212,CI.SIL.EHZ,0,up,64.21990203857422,3.369140625,33.5
2030742,10053533,CI.WVP.EHZ,1,down,6.512125492095947,0.89990234375,5.94921875
228696,9693701,CI.WRV.EHZ,1,down,47.549808502197266,1.4697265625,3.400390625
2057485,10911517,CI.CLC.HHZ,0,up,52.42912673950195,1.599609375,35.96875
919885,10232885,CI.SWS.HHZ,1,down,25.86402702331543,1.4404296875,35.34375
599831,15187201,AZ.PFO.HHZ,1,down,15.586140632629395,0.97021484375,35.25
1325534,10486805,PB.B082.EHZ,0,up,34.62306594848633,1.669921875,39.09375
400304,10071137,CI.EL2.EHZ,1,down,44.941383361816406,2.720703125,49.5
534801,15103884,CI.YUH.EHZ,1,down,51.22724914550781,1.33984375,0.429931640625
589832,10206353,CI.TPM.EHZ,0,up,3.9654574394226074,1.400390625,45.03125
1789858,10206569,CI.JRC2.HHZ,0,up,15.133504867553711,0.39990234375,4.01171875
550391,10319485,ZY.SHF2.HHZ,0,up,5.880950927734375,2.310546875,101.1875
871659,10824973,AZ.TRO.HHZ,0,up,2.733952045440674,0.81982421875,27.5625
843807,10787557,CI.FRK.EHZ,1,down,9.748854637145996,0.7001953125,20.546875
217451,14960740,PB.B081.EHZ,1,down,155.2115020751953,3.080078125,68.8125
2409028,14311984,CI.JRC2.HHZ,0,up,37.42512512207031,1.6103515625,23.203125
1781627,10908781,EN.HAT.EHZ,1,down,4.218891620635986,0.5,3.5703125
982372,13978904,AZ.KNW.HHZ,1,down,81.37975311279297,1.7099609375,33.375
1029195,10626485,ZY.OCCM.EHZ,0,up,45.97374725341797,1.7802734375,7.05859375
2178837,7211117,CI.RMM.EHZ,0,up,3.9568257331848145,1.599609375,31.578125
740776,10095113,CI.DTP.EHZ,0,up,2.5640602111816406,1.009765625,57.21875
1982072,10228357,CI.SWS.HHZ,1,down,34.65116500854492,1.4296875,21.359375
1093242,9164800,CI.SPG.HHZ,1,down,72.47594451904297,2.220703125,80.1875
406496,10348485,CI.TOW.EHZ,1,down,2.952920913696289,1.4599609375,62.59375
2346426,14212508,CI.ABL.EHZ,1,down,8.123384475708008,1.169921875,40.125
2082302,9627949,CI.GTM.EHZ,0,up,16.14068031311035,1.580078125,21.078125
1212457,14606028,PB.B084.EHZ,1,down,15.931201934814453,0.68994140625,12.9375
1687879,11416258,CI.WRV.EHZ,0,up,23.308874130249023,1.349609375,19.875
708598,10496077,CI.DNR.HHZ,0,up,5.590746879577637,2.080078125,42.53125
1650869,10080501,CI.EL2.EHZ,1,down,4.868857383728027,1.5302734375,48.6875
1820472,14329212,PB.B081.EHZ,1,down,2.9703986644744873,1.0703125,54.625
1505962,9632137,CI.WRC.EHZ,0,up,56.06162643432617,1.8798828125,4.16015625
993186,10994973,CI.SPF.HHZ,1,down,5.6682658195495605,2.5390625,79.625
1554348,11373818,CI.BTL.EHZ,1,down,107.6111068725586,3.640625,82.125
471824,9636173,CI.BLC.EHZ,0,up,5.080611228942871,1.5,22.546875
1250018,14136064,AZ.WMC.HHZ,0,up,6.023560047149658,0.93017578125,10.4296875
229000,10864557,CI.CLC.HHZ,0,up,53.19325637817383,1.58984375,18.328125
722907,14394588,CI.BAC.EHZ,1,down,18.695241928100586,1.1103515625,44.8125
817104,9167367,CI.WRV.EHZ,0,up,15.982583045959473,0.7998046875,7.51171875
1749909,10318645,CI.PLM.HHZ,0,up,9.320932388305664,0.77001953125,24.59375
1731091,14962020,PB.B093.EHZ,1,down,14.222020149230957,0.72998046875,20.46875
198957,12458280,CI.WCH.EHZ,1,down,8.729846954345703,1.3798828125,25.3125
286296,10150805,CI.RVR.EHZ,0,up,111.85614776611328,2.41015625,14.8828125
676718,10487821,PB.B081.EHZ,0,up,27.40386390686035,1.08984375,6.1015625
246785,12887772,CI.VES.HHZ,0,up,8.000819206237793,1.75,92.1875
501168,10761421,AZ.FRD.HHZ,0,up,100.74017333984375,1.7998046875,27.6875
1531912,14147424,CI.PLM.HHZ,0,up,16.69667625427246,0.9599609375,42.625
1470391,10179921,AZ.CRY.HHZ,1,down,120.02328491210938,0.85986328125,10.65625
1860415,14255448,AZ.CRY.HHZ,0,up,7.026802062988281,0.77001953125,7.41015625
2323514,14205540,CI.ERP.EHZ,0,up,45.398799896240234,1.7900390625,15.75
858635,10543245,PB.B086.EHZ,0,up,34.544158935546875,0.740234375,4.5390625
1730899,11350010,AZ.TRO.HHZ,0,up,6.763935565948486,1.3203125,3.029296875
234623,9144887,CI.RMR.EHZ,0,up,21.028013229370117,0.64990234375,20.140625
1192426,10903757,CI.JRC2.HHZ,0,up,7.216343879699707,1.3701171875,66.875
1349313,14135208,CI.POB.EHZ,1,down,15.53698444366455,1.83984375,47.40625
2010341,15008692,PB.B081.EHZ,1,down,4.828823566436768,1.3203125,72.5
380854,10248501,CI.PMD.HHZ,1,down,7.53192663192749,0.97998046875,76.0625
536391,10368777,CI.BAC.EHZ,1,down,8.304146766662598,1.58984375,47.34375
1175011,11382954,WR.CSP.EHZ,0,up,8.249285697937012,1.2197265625,12.5078125
1939649,9674537,CI.WRV.EHZ,0,up,17.008485794067383,1.580078125,2.009765625
1692464,14295972,CI.MLAC.HHZ,0,up,49.49687576293945,1.1396484375,9.15625
1076589,14201332,CI.TUQ.HHZ,1,down,11.996086120605469,2.91015625,105.4375
664897,10054569,CI.SGL.EHZ,1,down,11.690980911254883,1.9501953125,50.96875
480216,13936812,CI.WLT.HHZ,0,up,17.392406463623047,4.5,106.375
2040078,10184589,CI.RAY.EHZ,1,down,11.492424011230469,1.6796875,46.46875
1643722,14254500,CI.SAL.HHZ,0,up,3.554331064224243,1.01953125,15.3125
121196,9134865,CI.HDB.EHZ,0,up,4.940896987915039,1.9697265625,32.78125
1677292,10320369,AZ.PFO.HHZ,0,up,33.530696868896484,1.08984375,25.34375
1843989,11085210,PB.B916.EHZ,0,up,9.599593162536621,1.0,19.234375
2422570,14049228,CI.WSH.EHZ,1,down,8.28759479522705,0.7998046875,46.96875
937512,13937472,CI.CBK.EHZ,1,down,6.123866558074951,1.599609375,45.4375
2252564,10229009,CI.PEM.EHZ,0,up,58.91368103027344,2.240234375,38.4375
1354239,9743969,CI.YMD.EHZ,1,down,11.51656436920166,2.279296875,53.875
1382082,10990917,PB.B916.EHZ,1,down,37.65780258178711,0.77978515625,10.3828125
1867976,10910165,CI.SGL.EHZ,1,down,12.4512300491333,1.25,7.171875
1050596,13937364,CI.BAC.EHZ,0,up,1.7304843664169312,1.7001953125,21.984375
314187,9673605,CI.TOW.EHZ,0,up,15.37160873413086,1.830078125,27.265625
530934,10232585,CI.YUH.EHZ,0,up,240.9845428466797,1.4501953125,5.9609375
1074820,13999428,CI.BBR.HHZ,0,up,3.9760186672210693,1.7001953125,39.875
1387417,14605596,CI.JEM.HHZ,1,down,15.287924766540527,1.25,45.84375
2215101,14169632,CI.WNM.EHZ,0,up,3.2565340995788574,0.64013671875,37.34375
709678,10741053,AZ.LVA2.HHZ,0,up,26.125303268432617,2.08984375,18.46875
1037149,9723045,CI.ISA.HHZ,1,down,9.669939041137695,1.509765625,23.4375
2173836,10493781,CI.BAC.EHZ,0,up,31.15567970275879,0.75,20.921875
1786490,9697617,CI.WCS.EHZ,0,up,3.5691165924072266,0.7998046875,10.921875
2235143,10348693,CI.RXH.HHZ,0,up,6.349133014678955,1.349609375,7.03125
1154757,14006400,CI.MSJ.HHZ,1,down,73.0541000366211,2.869140625,47.5625
797685,9822329,CI.GRP.EHZ,0,up,21.596525192260742,1.490234375,69.3125
1860401,14433496,CI.CTC.HHZ,1,down,8.520071029663086,2.5703125,44.9375
94716,14221404,CI.MGE.HHZ,1,down,1.8204609155654907,1.4501953125,17.015625
767700,11672844,CI.ALV.EHZ,0,up,2.6251535415649414,1.849609375,82.6875
2118306,11132658,PB.B082.EHZ,0,up,6.038276672363281,0.9501953125,51.4375
244737,9906013,CI.BOR.HHZ,1,down,3.0815396308898926,1.2998046875,56.03125
84747,15187953,EN.HAT.EHZ,1,down,13.034470558166504,1.1904296875,5.30078125
2196480,9165924,CI.WNM.EHZ,0,up,45.60222244262695,2.25,24.3125
1223602,9643177,AZ.CRY.HHZ,1,down,10.832512855529785,2.029296875,59.4375
1303442,9879565,CI.SKY.EHZ,0,up,15.337620735168457,1.6103515625,22.203125
2215149,11008461,CI.PMD.HHZ,0,up,4.141748428344727,0.97998046875,91.5
831770,10250721,CI.DNR.HHZ,1,down,9.739432334899902,0.75,12.25
852378,10980203,CI.WNM.EHZ,1,down,6.841900825500488,1.490234375,16.78125
1528765,14376920,CI.PLM.HHZ,1,down,2.9297380447387695,0.25,31.5625
23197,9985865,CI.WWP.EHZ,0,up,3.2456979751586914,1.0,42.84375
1140825,9706977,CI.GAV.EHZ,0,up,3.1772186756134033,1.48046875,26.8125
1026861,9720229,CI.RAY.EHZ,1,down,141.1812744140625,3.029296875,37.21875
262914,9875093,CI.TEH.HHZ,0,up,788.4689331054688,2.359375,22.046875
946910,9135920,CI.MWC.EHZ,0,up,2.0529134273529053,1.400390625,77.625
441290,12467568,CI.SGL.EHZ,1,down,18.59276008605957,1.849609375,50.625
461086,9829457,CI.PTD.EHZ,1,down,66.2352523803711,2.359375,32.375
1396193,10280653,CI.JRC2.HHZ,0,up,22.14866828918457,0.3798828125,12.2734375
1973314,13931456,AZ.LVA2.HHZ,0,up,164.27503967285156,1.5703125,24.53125
2047011,10367005,CI.FLS.EHZ,0,up,5.127835750579834,1.8603515625,59.40625
1245211,11336290,CI.PDU.HHZ,0,up,19.677236557006836,2.26953125,72.3125
1071580,9161001,CI.WSH.EHZ,0,up,38.143943786621094,1.66015625,48.28125
986833,14078288,CI.BAC.EHZ,1,down,6.568920612335205,1.2001953125,26.453125
1959153,9940565,CI.CIA.HHZ,1,down,24.44286346435547,3.23046875,112.4375
1404764,13135504,CI.WOR.EHZ,0,up,3.734086513519287,0.9599609375,57.375
2350442,11070565,AZ.FRD.HHZ,0,up,10.500948905944824,1.650390625,57.78125
1901515,14288992,CI.SWS.HHZ,1,down,28.80229377746582,4.1796875,98.375
1913629,10998093,AZ.CRY.HHZ,0,up,3.777498960494995,0.77001953125,54.34375
1207337,9707137,CI.WJP.EHZ,1,down,3.6182098388671875,1.6396484375,49.15625
641432,9673361,CI.ARG.EHZ,0,up,6.25182580947876,1.9697265625,34.96875
1547903,10963021,CI.EML.HHZ,1,down,18.621662139892578,0.97021484375,38.34375
1850316,10346797,PB.B082.EHZ,1,down,4.62839412689209,0.5,15.15625
352468,11671208,CI.THC.EHZ,1,down,34.38151931762695,2.9296875,114.0
1165082,11363698,PB.B084.EHZ,1,down,40.633541107177734,0.72021484375,13.078125
206513,9614717,CI.SHE.EHZ,1,down,3.984455108642578,1.5,59.90625
737172,14347220,CI.DVT.HHZ,0,up,17.309345245361328,2.779296875,78.125
706296,10347097,CI.SME.EHZ,1,down,5.88381814956665,1.58984375,41.8125
971310,11381218,WR.CSP.EHZ,1,down,18.541095733642578,1.3798828125,22.609375
1267484,11328074,ZY.MGD.EHZ,0,up,40.253326416015625,3.2890625,70.5625
57677,14418572,CI.PLM.HHZ,1,down,7.189486503601074,0.740234375,19.03125
2488359,11204898,CI.LPC.HHZ,0,up,8.428580284118652,1.51953125,39.4375
1418270,10184805,CI.SME.EHZ,0,up,6.148809909820557,1.1396484375,25.03125
159520,9149835,CI.BTL.EHZ,0,up,14.587861061096191,1.919921875,38.4375
854801,14096980,CI.CRG.EHZ,0,up,21.382305145263672,2.75,92.6875
281456,9159152,CI.SME.EHZ,1,down,5.714670181274414,1.509765625,20.578125
774870,9633341,CI.WJP.EHZ,0,up,9.75478744506836,1.25,19.625
1191732,11378090,EN.SIM.EHZ,0,up,3.735891819000244,0.85009765625,11.6875
1806426,13965888,CI.WSH.EHZ,0,up,24.14954376220703,0.8798828125,51.71875
59301,14602452,CI.SNO.HHZ,1,down,18.89739990234375,1.650390625,88.0
1197249,9157757,CI.RMM.EHZ,0,up,9.597672462463379,1.9501953125,30.90625
581781,14311124,CI.LJR.HHZ,1,down,2.4088191986083984,1.48046875,44.25
813135,14379292,PB.B087.EHZ,1,down,14.214240074157715,0.7998046875,20.6875
2336761,10532309,CI.BLA2.HHZ,0,up,7.232545375823975,1.650390625,41.84375
903799,14690980,ZY.PNTO.EHZ,1,down,46.575042724609375,2.330078125,43.78125
1255263,10961925,CI.HMT.EHZ,1,down,15.964924812316895,2.05078125,49.5
2198734,14606620,NP.5062.HLZ,1,down,9.45570182800293,1.099609375,8.4609375
187609,14377028,CI.HMT.EHZ,1,down,28.12980842590332,1.83984375,34.78125
2334639,9645945,CI.BBR.HHZ,0,up,50.162315368652344,3.400390625,63.40625
2485708,14600244,CI.WCS.EHZ,1,down,1.928882122039795,0.8798828125,13.2421875
2432626,9164080,CI.AGA.HHZ,0,up,5.82212495803833,1.099609375,29.015625
869876,14171928,CI.BBS.HHZ,0,up,4.3605194091796875,2.41015625,23.40625
97753,10207301,AZ.FRD.HHZ,1,down,90.94810485839844,1.9404296875,52.6875
1487154,9141993,CI.RAY.EHZ,1,down,13.916304588317871,1.669921875,31.921875
748980,14257040,CI.MWC.EHZ,0,up,23.501487731933594,2.560546875,100.3125
1736335,14355384,NP.5062.HLZ,1,down,2.9144532680511475,1.1103515625,4.87890625
2491242,14546932,CI.PEM.EHZ,1,down,17.369571685791016,1.599609375,69.125
1738169,14156620,CI.PTD.EHZ,1,down,21.15426254272461,2.109375,31.328125
596274,14334932,AZ.CRY.HHZ,0,up,43.31295394897461,1.099609375,17.25
141515,10185189,CI.WNM.EHZ,1,down,4.114882469177246,1.41015625,40.59375
1137328,14600540,CI.SLR.HHZ,1,down,6.851757049560547,1.98046875,65.6875
1540355,10261937,PB.B087.EHZ,1,down,7.610030174255371,0.81005859375,55.5625
65063,10372057,AZ.TRO.HHZ,0,up,7.269957065582275,1.1796875,33.6875
386731,9758437,CI.WOF.EHZ,0,up,8.145434379577637,1.7001953125,58.6875
2482772,14990868,AZ.FRD.HHZ,1,down,10.318143844604492,1.5302734375,44.96875
1919917,14387040,CI.DNR.HHZ,1,down,4.2761383056640625,0.6201171875,23.265625
138054,14201764,CI.OGC.EHZ,0,up,20.176698684692383,4.171875,110.5
831799,13656300,CI.CRR.EHZ,0,up,3.683903932571411,1.75,99.875
2490520,11066789,CI.POB.EHZ,1,down,23.721900939941406,0.8798828125,21.46875
170741,14255000,CI.JRC2.HHZ,1,down,12.260173797607422,0.300048828125,6.3984375
2143262,9934729,CI.PLM.HHZ,1,down,1.775874137878418,0.6298828125,45.5625
674201,10791605,CI.YUH.EHZ,1,down,100.81468963623047,2.130859375,70.625
634229,13813076,CI.PLM.HHZ,0,up,7.611612796783447,0.990234375,36.0625
719866,14740332,CI.YUH.EHZ,1,down,13.878793716430664,1.830078125,40.1875
2301386,14869812,CI.WI2.EHZ,1,down,2.658818244934082,0.5,11.5703125
1402292,12880620,CI.MCT.HHZ,0,up,2.7257766723632812,1.1103515625,39.375
1769029,10179173,AZ.KNW.HHZ,1,down,5.59558629989624,0.93017578125,44.75
1679077,14611396,AZ.FRD.HHZ,1,down,13.859176635742188,1.8095703125,54.53125
2180782,11393794,CI.PEM.EHZ,0,up,8.84122085571289,1.259765625,57.0625
847661,9153896,CI.RAY.EHZ,0,up,27.73467254638672,2.26953125,61.90625
1679974,10200833,CI.WNM.EHZ,0,up,4.572824001312256,0.9501953125,57.21875
128994,11341906,CI.EML.HHZ,0,up,28.67500114440918,1.0302734375,42.59375
1161784,14463752,AZ.SND.HHZ,1,down,7.426488876342773,0.77001953125,47.0
952998,14889596,CI.DPP.HHZ,1,down,5.6790971755981445,1.150390625,55.78125
195824,14848588,PB.B093.EHZ,1,down,56.98325729370117,0.68994140625,11.8125
1389990,15147785,AZ.FRD.HHZ,1,down,21.007606506347656,1.0302734375,30.59375
443048,14584860,CI.LDR.HHZ,1,down,5.05632209777832,1.6904296875,67.8125
2076448,9648405,AZ.FRD.HHZ,0,up,74.00341033935547,1.6103515625,14.03125
2111474,14334528,CI.NJQ.HHZ,1,down,44.72648620605469,2.94921875,37.8125
265275,15182393,AZ.PFO.HHZ,1,down,11.676440238952637,1.7802734375,36.8125
1187455,10035681,CI.WWP.EHZ,0,up,32.569374084472656,1.7802734375,31.0
243172,10961421,CI.PEM.EHZ,0,up,8.975914001464844,1.1103515625,64.8125
1343976,9158291,AZ.PFO.HHZ,0,up,6.920713901519775,1.26953125,53.21875
2440500,11410562,CI.SDR.HHZ,1,down,8.690013885498047,2.5390625,95.6875
379688,10079173,CI.TPM.EHZ,1,down,2.7260212898254395,0.89990234375,34.3125
889855,14172320,CI.PLM.HHZ,0,up,6.779167652130127,0.7001953125,36.625
1495958,14774596,CI.TJR.EHZ,1,down,20.545307159423828,1.23046875,25.5625
1759456,13672792,CI.DPP.HHZ,0,up,7.926302909851074,2.009765625,21.4375
824373,14606228,CI.YUH.EHZ,1,down,28.141387939453125,2.16015625,73.625
65705,14980620,AZ.CRY.HHZ,1,down,11.611828804016113,0.72021484375,27.0
470683,12467476,CI.WHF.EHZ,0,up,4.266179084777832,1.7001953125,30.34375
261539,14204768,CI.JNH.EHZ,0,up,4.709097862243652,1.330078125,103.75
401493,10347733,CI.WCH.EHZ,1,down,1.9235694408416748,0.77978515625,38.09375
1196215,10182817,CI.SUN.EHZ,1,down,3.1122541427612305,1.330078125,56.875
800643,14099000,CI.GRP.EHZ,0,up,13.1798734664917,1.1396484375,44.5625
316224,10228921,CI.FOX.EHZ,1,down,21.406463623046875,2.810546875,58.21875
2462994,9710097,CI.VPD.EHZ,0,up,17.960451126098633,2.3203125,82.25
514034,14241104,CI.WCS.EHZ,0,up,8.381119728088379,1.0595703125,12.40625
1939676,9644313,AZ.WMC.HHZ,0,up,67.14158630371094,2.0,12.9609375
956949,12456580,CI.WOR.EHZ,0,up,4.988438606262207,0.97021484375,66.5
514638,9948821,CI.PLC.HHZ,0,up,5.485281944274902,2.41015625,28.515625
497789,14896732,AZ.FRD.HHZ,1,down,25.724266052246094,0.68994140625,25.078125
1836403,14152976,CI.BOR.HHZ,0,up,7.528546333312988,0.97021484375,32.21875
2178613,14865172,CI.BOR.HHZ,1,down,82.0331802368164,1.009765625,24.0
35874,9856333,CI.WI2.EHZ,1,down,4.310676574707031,1.6201171875,12.171875
308436,9827657,CI.BLA.HHZ,0,up,4.164652347564697,1.4697265625,55.0
642294,9147703,CI.SKY.EHZ,1,down,8.952627182006836,1.3095703125,26.15625
545017,14176848,AZ.CRY.HHZ,0,up,24.813682556152344,1.099609375,37.09375
1615099,14608284,CI.BOM.HHZ,1,down,2.323472499847412,3.640625,95.5625
1255290,10069393,CI.GTM.EHZ,0,up,26.681419372558594,1.1103515625,10.9765625
1777475,14212536,CI.SBB2.HHZ,1,down,63.53416442871094,1.240234375,53.6875
424892,10752357,CI.EML.HHZ,1,down,11.754568099975586,2.130859375,108.4375
1323193,9796649,CI.WCS.EHZ,1,down,26.948272705078125,0.300048828125,0.469970703125
1210110,10872213,AZ.TRO.HHZ,0,up,9.847457885742188,2.130859375,56.25
713143,14334500,PB.B084.EHZ,1,down,18.91880989074707,0.389892578125,13.3515625
2477049,14237748,AZ.LVA2.HHZ,0,up,131.8092041015625,2.349609375,51.15625
1346077,9647073,CI.DTP.EHZ,1,down,13.003531455993652,2.369140625,83.5625
587086,10293697,CI.QAL.EHZ,0,up,10.864057540893555,1.66015625,34.6875
387035,13948648,CI.WNM.EHZ,0,up,9.96306324005127,2.0390625,88.8125
114745,15084692,CI.TOR.HHZ,1,down,49.57993698120117,2.060546875,75.625
975327,14205876,CI.SGL.EHZ,1,down,6.501614093780518,1.9599609375,77.1875
2033021,10348093,CI.CBK.EHZ,0,up,2.945223331451416,1.2900390625,106.0
1775717,14237772,CI.SAL.HHZ,0,up,414.787109375,2.400390625,5.53125
143617,10168481,CI.PLE.EHZ,1,down,32.69403076171875,1.1103515625,13.7109375
905658,11069797,CI.WVP.EHZ,0,up,48.69549560546875,1.76953125,35.6875
1248676,14049940,CI.MCT.HHZ,0,up,332.34771728515625,2.69921875,39.875
1052111,10026293,AZ.CRY.HHZ,1,down,107.40337371826172,2.23046875,46.625
1096714,10279297,AZ.CRY.HHZ,1,down,190.8268585205078,1.3603515625,30.84375
1088301,10098705,CI.RRX.HHZ,0,up,8.338013648986816,2.0,41.65625
540927,10028657,CI.CBK.EHZ,0,up,20.981243133544922,2.119140625,97.8125
137539,9693265,CI.WMF.EHZ,1,down,72.4800796508789,1.5,12.90625
448512,10863637,CI.CBK.EHZ,0,up,7.022369384765625,0.68994140625,23.859375
522073,14214972,CI.JRC2.HHZ,0,up,9.921060562133789,1.5498046875,68.875
1958022,10370561,CI.TPM.EHZ,0,up,310.5738220214844,3.599609375,76.75
1676011,14244156,AZ.LVA2.HHZ,1,down,50.818023681640625,1.3603515625,41.65625
2647,10200769,CI.BFS.HHZ,0,up,4.440580368041992,1.080078125,23.6875
1703816,10506589,CI.SAL.HHZ,0,up,5.390417575836182,1.2900390625,29.625
1222794,13657840,CI.WCH.EHZ,0,up,6.625181198120117,1.2900390625,36.75
2318198,14096360,CI.DTP.EHZ,0,up,5.584832191467285,1.51953125,72.9375
1287568,9157299,CI.TOW.EHZ,0,up,7.7166829109191895,1.2099609375,17.109375
2040732,14556068,AZ.KNW.HHZ,1,down,70.1297607421875,1.1396484375,24.390625
1089533,10071173,CI.CHN.HHZ,0,up,13.532896041870117,3.119140625,25.625
533946,14042600,WR.PEC.EHZ,1,down,7.6571879386901855,1.9599609375,21.796875
162210,14434688,CI.HAY.EHZ,1,down,25.58627700805664,3.55078125,47.0
633135,14377660,CI.DNR.HHZ,1,down,9.633878707885742,1.26953125,12.5234375
1790351,10097449,CI.QAL.EHZ,0,up,14.001300811767578,1.73046875,50.90625
1313228,13911064,CI.WOF.EHZ,1,down,36.80018997192383,1.0,33.625
1808075,14858012,CI.JRC2.HHZ,1,down,9.824625968933105,0.5498046875,4.73828125
1547714,10226013,CI.CLC.HHZ,0,up,565.420654296875,2.759765625,57.0625
2396214,10368021,CI.SIL.EHZ,1,down,8.19385814666748,1.419921875,45.15625
155197,10284065,CI.PEM.EHZ,1,down,86.56083679199219,2.109375,60.1875
943547,10781685,AZ.SND.HHZ,0,up,4.878065586090088,0.64990234375,22.265625
219815,10596037,ZY.SHCM.EHZ,1,down,21.786508560180664,2.259765625,12.5078125
465438,10330261,CI.PASC.HHZ,0,up,2.488018751144409,1.48046875,55.9375
321355,9143117,CI.WWP.EHZ,0,up,12.295122146606445,1.8798828125,58.03125
590240,10703549,CI.BLA2.HHZ,1,down,8.783027648925781,1.6103515625,63.5625
832361,10150501,CI.PMD.HHZ,1,down,21.79419708251953,1.349609375,28.90625
2082363,9139248,CI.SME.EHZ,0,up,9.543913841247559,1.650390625,40.84375
2074974,9689273,CI.TEH.HHZ,0,up,8.15567684173584,1.9296875,14.90625
510383,9169937,CI.HMT.EHZ,1,down,7.337968349456787,1.509765625,65.375
908078,10326985,CI.CLI.EHZ,1,down,8.576370239257812,1.259765625,11.890625
1365254,11088098,PB.B081.EHZ,1,down,10.277971267700195,1.3203125,54.125
224450,9619817,CI.GSC.HHZ,1,down,96.24282836914062,2.5,36.4375
290483,9153479,CI.HDB.EHZ,1,down,10.200701713562012,1.2001953125,12.15625
26476,9856665,CI.WVP.EHZ,0,up,12.536965370178223,0.7998046875,9.75
266030,10908565,CI.POB.EHZ,0,up,21.594341278076172,1.650390625,51.1875
1163158,14288612,PB.B087.EHZ,0,up,13.096339225769043,0.740234375,22.484375
524591,9708393,CI.BBS.HHZ,1,down,6.289875030517578,3.009765625,63.0625
151375,10605709,ZY.OCCM.EHZ,0,up,17.60733985900879,2.2109375,16.03125
978079,10058805,CI.HDB.EHZ,0,up,34.06407928466797,2.689453125,97.4375
561092,9799541,CI.SKY.EHZ,1,down,6.482394695281982,1.0,25.90625
74522,10441049,PB.B093.EHZ,0,up,24.437454223632812,0.5400390625,21.34375
1200804,11011413,CI.JRC2.HHZ,1,down,12.453958511352539,0.75,13.3984375
1430468,10972607,CI.XMS.EHZ,0,up,10.80797290802002,1.5,75.375
1129288,10736661,CI.TOR.HHZ,0,up,28.909353256225586,1.7900390625,25.28125
999728,14859372,AZ.TRO.HHZ,1,down,7.263277530670166,2.44921875,36.125
1381937,10262849,CI.WRC.EHZ,0,up,5.995613098144531,0.419921875,13.640625
2476942,10296261,CI.SUN.EHZ,0,up,30.144514083862305,1.3095703125,17.125
2201636,14479912,PB.B087.EHZ,1,down,4.109660625457764,0.389892578125,21.40625
1873970,10232297,CI.CBK.EHZ,0,up,6.137084484100342,1.400390625,76.625
1293805,14601124,CI.SLR.HHZ,1,down,9.045607566833496,1.23046875,26.25
1641258,10767461,CI.DNR.HHZ,1,down,177.9232940673828,1.3798828125,12.046875
2179732,11366562,CI.ALP.HHZ,0,up,14.662270545959473,3.75,82.3125
1357058,9650197,CI.WCS.EHZ,0,up,10.621062278747559,2.0703125,10.9296875
728744,10271641,CI.MPM.HHZ,0,up,103.2127685546875,1.2802734375,16.828125
1410154,13942792,CI.RAY.EHZ,1,down,2.6124417781829834,0.83984375,30.40625
979341,9802669,CI.SIL.EHZ,0,up,25.474870681762695,1.58984375,34.375
243636,9924765,CI.HEC.HHZ,0,up,238.1168975830078,2.759765625,20.65625
1849113,14378544,CI.BLA.HHZ,1,down,17.280010223388672,0.89013671875,3.98046875
778303,14199296,CI.PLE.EHZ,1,down,14.306258201599121,0.77001953125,4.6484375
1627647,9708725,CI.BBR.HHZ,0,up,42.575138092041016,2.2890625,73.8125
63414,10722029,CI.JFS.EHZ,0,up,6.616065979003906,0.89990234375,3.94921875
1257451,9137546,CI.BAC.EHZ,0,up,5.754950046539307,0.89990234375,30.875
276056,9137810,CI.RMM.EHZ,1,down,9.934473991394043,1.599609375,33.875
1646615,10035329,CI.RAG.EHZ,1,down,14.46369457244873,0.85986328125,13.6796875
558995,9152792,CI.COA.EHZ,1,down,12.458292961120605,2.3203125,55.96875
1898961,9154822,CI.RAG.EHZ,0,up,19.32350730895996,1.9501953125,30.5625
838313,9717969,CI.FRG.EHZ,1,down,12.134748458862305,1.58984375,64.875
2463147,10266857,PB.B082.EHZ,1,down,191.65830993652344,2.51953125,55.6875
2289044,10765085,PB.B093.EHZ,0,up,14.060211181640625,0.8798828125,28.796875
1728445,11348618,CI.ISA.HHZ,0,up,7.281253337860107,1.2802734375,64.5625
174549,10094337,CI.JRC2.HHZ,0,up,9.369206428527832,0.5,7.4296875
1318052,14165880,CI.BBR.HHZ,1,down,12.204553604125977,1.150390625,8.8984375
1124894,9820741,CI.RAG.EHZ,0,up,197.7978973388672,2.0,17.125
1488807,10216565,AZ.CRY.HHZ,1,down,265.3819274902344,3.0390625,114.875
1124054,10356525,AZ.CRY.HHZ,0,up,4.04734468460083,1.169921875,60.71875
364244,10480909,AZ.BZN.HHZ,0,up,21.102266311645508,1.1201171875,7.328125
2475875,10759549,CI.COA.EHZ,0,up,107.18804931640625,2.419921875,67.4375
1860540,13949440,AZ.WMC.HHZ,0,up,9.623095512390137,1.6796875,10.3828125
2360480,13992284,CI.HEC.HHZ,0,up,13.850793838500977,1.599609375,41.90625
486294,13942332,CI.CFL.EHZ,0,up,9.173664093017578,2.099609375,84.375
913085,10281237,AZ.FRD.HHZ,1,down,26.040050506591797,0.72021484375,4.609375
695376,10023969,CI.MPM.HHZ,0,up,5.460464000701904,1.349609375,45.46875
609536,10325953,AZ.FRD.HHZ,1,down,20.960474014282227,1.23046875,22.875
1835450,10937101,CI.BTL.EHZ,0,up,402.2073974609375,1.08984375,5.44921875
1428337,14559684,PB.B082.EHZ,1,down,9.065033912658691,1.150390625,35.03125
1935154,14564788,PB.B086.EHZ,1,down,9.397753715515137,0.330078125,11.15625
534124,14358316,CI.OGC.HLZ,1,down,16.5529727935791,3.0,18.78125
1436738,11331034,CI.ISA.HHZ,0,up,15.562850952148438,0.449951171875,15.046875
80700,11009845,CI.BTC.HHZ,1,down,4.314994812011719,2.44921875,87.875
710856,14442376,AZ.KNW.HHZ,1,down,11.028868675231934,1.16015625,6.5703125
1675108,10008193,CI.MPM.HHZ,0,up,4.045149803161621,0.7998046875,19.734375
2142406,9133670,CI.WVP.EHZ,0,up,59.180728912353516,1.98046875,39.40625
2035336,10403993,CI.MLS.HHZ,0,up,1.9982490539550781,1.76953125,32.78125
511356,10636437,CI.CTW.EHZ,0,up,7.917335033416748,0.990234375,25.125
25116,14148544,AZ.CRY.HHZ,1,down,557.40234375,1.9697265625,10.34375
1177131,13917108,CI.SPG.HHZ,1,down,13.514498710632324,1.7001953125,65.9375
1164332,13427432,CI.WWP.EHZ,0,up,5.176358699798584,1.2998046875,43.375
1227316,14214384,CI.SLR.HHZ,1,down,43.6849250793457,1.650390625,20.890625
2463133,10357273,CI.RMM.EHZ,1,down,11.666267395019531,1.7099609375,65.5625
175856,9159324,CI.WRV.EHZ,0,up,11.046584129333496,1.509765625,24.1875
1788389,13914516,CI.HOL.EHZ,1,down,10.36364459991455,1.4501953125,53.71875
1867023,14025008,CI.HDB.EHZ,1,down,27.016244888305664,1.5703125,8.390625
507809,10183469,AZ.KNW.HHZ,0,up,4.907731056213379,0.389892578125,5.8984375
825786,11331618,PB.B918.EHZ,1,down,7.136574745178223,0.0200042724609375,12.8984375
339255,10353609,PB.B081.EHZ,1,down,15.303375244140625,1.1298828125,27.34375
2153024,10870517,EN.ELM.EHZ,1,down,13.325010299682617,1.26953125,1.5703125
539944,10994501,CI.PSR.HHZ,1,down,20.350061416625977,1.73046875,20.265625
554467,10924405,CI.WRC.EHZ,0,up,4.5067138671875,0.029998779296875,14.296875
1414798,11374586,CI.LPC.HHZ,0,up,5.9135870933532715,0.85986328125,54.84375
658677,10531909,CI.JRC2.HHZ,0,up,16.444255828857422,0.77978515625,9.9921875
364097,10594501,CI.YUH.EHZ,0,up,21.24169921875,1.3203125,19.203125
466292,9659949,CI.MPM.HHZ,0,up,3.657341480255127,1.650390625,35.6875
2265846,10276649,AZ.FRD.HHZ,0,up,27.6258602142334,0.60986328125,14.09375
1088436,14094316,CI.WVP.EHZ,0,up,64.09378051757812,0.7001953125,15.4375
1102665,10229585,AZ.KNW.HHZ,0,up,16.936403274536133,1.150390625,33.28125
1431682,15204497,CI.SGL.EHZ,1,down,20.865114212036133,1.849609375,43.1875
1409,14064704,CI.WRC.EHZ,0,up,20.884260177612305,1.599609375,20.125
804702,11208578,PB.B087.EHZ,0,up,13.197015762329102,0.77978515625,17.515625
192166,10379405,WR.CSP.EHZ,1,down,80.39128112792969,2.619140625,63.1875
1346871,13692824,CI.CLC.EHZ,0,up,5.710612773895264,0.6201171875,15.3203125
429040,10494949,CI.BAC.EHZ,1,down,15.25891399383545,0.85986328125,47.09375
1689302,10924413,CI.JRC2.HHZ,0,up,10.999503135681152,0.93994140625,16.34375
397758,10483621,CI.CBK.EHZ,0,up,22.831727981567383,1.990234375,79.875
2016840,10200929,AZ.CRY.HHZ,1,down,48.03263473510742,2.2890625,70.75
1799219,10247545,CI.TPM.EHZ,0,up,27.313505172729492,2.439453125,39.0625
1239083,14565524,PB.B082.EHZ,1,down,8.840628623962402,0.4599609375,20.765625
936358,10633733,ZY.WAGN.EHZ,0,up,4.093001365661621,1.490234375,21.203125
1341301,11064957,PB.B084.EHZ,1,down,10.688822746276855,0.75,27.953125
2195631,10217253,CI.MIR.EHZ,1,down,3.757685899734497,1.2998046875,24.859375
1903821,10061513,CI.BTC.HHZ,0,up,5.302612781524658,1.7099609375,41.25
484723,11133370,CI.PMD.HHZ,0,up,14.436978340148926,0.6201171875,14.609375
309049,14167564,CI.BLA.HHZ,0,up,3.845036506652832,1.2998046875,20.796875
183504,9613609,CI.WNM.EHZ,1,down,5.2747602462768555,1.8603515625,86.875
237797,14287932,CI.PSD.HHZ,1,down,2.4131264686584473,1.25,24.46875
2122858,10347977,CI.HMT.EHZ,1,down,7.921539783477783,0.919921875,71.6875
1507705,9993309,CI.SKY.EHZ,0,up,5.754179954528809,1.580078125,98.0625
103449,14062812,CI.HMT.EHZ,0,up,3.426833152770996,1.4599609375,45.53125
1773840,10489005,PB.B916.EHZ,0,up,45.164825439453125,1.8896484375,25.828125
517485,14518772,CI.WMF.EHZ,1,down,14.512428283691406,1.2900390625,30.359375
1031031,9930117,CI.RAG.EHZ,1,down,2.6024913787841797,1.2001953125,21.984375
2187678,10930213,CI.CLC.HHZ,0,up,23.069231033325195,1.0595703125,50.59375
882988,14928276,CI.TA2.HHZ,1,down,1.7519651651382446,1.580078125,53.0625
672285,9870493,CI.MPM.HHZ,0,up,233.0117645263672,1.6796875,12.2890625
168025,12456064,CI.SME.EHZ,0,up,29.996007919311523,1.75,53.875
1058017,10741229,AZ.KNW.HHZ,0,up,32.57684326171875,1.6796875,41.125
1428863,14220640,AZ.PFO.HHZ,0,up,13.161130905151367,1.7001953125,33.15625
171368,13917364,CI.RMR.EHZ,1,down,3.026055097579956,0.7099609375,47.625
1395839,9158760,CI.RMR.EHZ,1,down,3.475510597229004,1.7802734375,56.3125
773078,9996797,CI.PLM.HHZ,0,up,52.01771926879883,1.509765625,48.46875
1715927,14090880,CI.SPG.HHZ,0,up,61.91289520263672,3.130859375,85.875
1743275,10774293,CI.POB.EHZ,1,down,15.305477142333984,1.41015625,101.6875
510003,10094129,CI.WAS.EHZ,0,up,130.88255310058594,2.439453125,47.0
2147320,9163336,CI.WNM.EHZ,0,up,2.771444797515869,0.89990234375,22.015625
1350835,10752037,PB.B082.EHZ,1,down,8.533038139343262,0.66015625,14.1484375
1626893,10150337,CI.RSB.HLZ,1,down,1.5847251415252686,1.3203125,9.2734375
877786,10071141,CI.POB.EHZ,0,up,12.908029556274414,0.469970703125,20.734375
2406229,9942305,CI.WRC.EHZ,1,down,45.7352409362793,1.1396484375,11.578125
691503,12931544,AZ.RDM.HHZ,0,up,9.091890335083008,1.169921875,14.1875
305853,14149832,CI.WRV.EHZ,1,down,62.625797271728516,1.099609375,10.390625
328866,10179670,CI.BAR.HHZ,0,up,6.09211540222168,1.400390625,79.625
980141,10489277,CI.WES.HHZ,1,down,5.66621732711792,1.75,9.4296875
467082,14407312,CI.BLK.EHZ,1,down,29.649871826171875,2.58984375,98.875
2351733,10784997,CI.WMF.EHZ,1,down,77.75843048095703,0.7001953125,2.26953125
1752780,11396066,EN.RED.EHZ,1,down,6.930985927581787,0.5,10.8125
1014496,10005937,CI.JRC2.HHZ,0,up,17.415557861328125,0.300048828125,6.359375
2244352,9153401,CI.EW2.EHZ,0,up,80.91557312011719,1.73046875,8.6875
265470,9699585,CI.WRC.EHZ,0,up,8.237617492675781,1.5,23.484375
269055,13968760,CI.OGC.HLZ,0,up,3.4327609539031982,2.150390625,18.5
1675434,10168993,CI.WRC.EHZ,1,down,7.321669578552246,0.97021484375,17.8125
1945282,11009093,CI.IR2.EHZ,1,down,137.42288208007812,2.849609375,83.875
542600,12475732,CI.EMS.EHZ,0,up,25.39137840270996,2.619140625,47.21875
889813,10180381,AZ.KNW.HHZ,1,down,12.850015640258789,0.89990234375,34.75
1236177,10320853,CI.JVA.HHZ,0,up,9.939906120300293,1.0400390625,39.78125
1150823,10358401,PB.B084.EHZ,1,down,53.408870697021484,0.7900390625,12.4765625
1531345,10927037,CI.JEM.HHZ,0,up,87.42438507080078,2.080078125,24.453125
1268929,10220701,CI.RAY.EHZ,1,down,4.060532093048096,1.3896484375,68.4375
941788,10235297,CI.DJJ.HHZ,0,up,17.828876495361328,2.94921875,78.25
1085979,3324335,CI.WMF.EHZ,0,up,7.196659564971924,2.48046875,28.75
512612,14253000,CI.CRR.EHZ,1,down,32.39317321777344,1.3701171875,19.59375
400217,10933205,CI.SLA.HHZ,0,up,4.789029598236084,1.1396484375,34.59375
1192264,14324880,CI.YMD.EHZ,1,down,5.690735340118408,1.900390625,84.75
1233593,10933037,CI.DGR.HHZ,1,down,12.847649574279785,0.89013671875,66.25
222154,9168562,CI.WHV.EHZ,0,up,85.13874053955078,1.7001953125,7.91015625
1902023,9142660,CI.WWP.EHZ,0,up,14.995101928710938,2.0,40.25
1702100,10093909,CI.SAN.EHZ,1,down,6.828734874725342,3.349609375,69.8125
2289933,10177130,CI.ERP.EHZ,1,down,3.2221455574035645,2.0,37.40625
451452,15163081,CI.ISA.HHZ,1,down,5.145476818084717,1.7900390625,66.1875
2087765,9615153,CI.HEC.HHZ,0,up,68.5383071899414,1.2998046875,8.546875
338680,14236812,AZ.PFO.HHZ,0,up,5.070057392120361,1.330078125,57.5
1229393,14287968,CI.YUH.EHZ,0,up,41.56748580932617,1.2998046875,12.46875
444041,10433305,CI.XTL.EHZ,0,up,51.83100509643555,2.349609375,43.90625
785178,10904693,AZ.HWB.HHZ,0,up,3.847020387649536,1.1904296875,56.15625
494652,10585973,ZY.OYSB.EHZ,0,up,2.9188644886016846,2.0703125,26.6875
2296834,9875121,CI.BLA.HHZ,1,down,3.331979751586914,1.990234375,42.71875
1475646,15164129,CI.TA2.HHZ,1,down,15.044214248657227,1.7001953125,54.4375
996966,9164932,CI.CTW.EHZ,0,up,6.577821731567383,1.91015625,74.25
2172071,11336538,CI.BFS.HHZ,1,down,2.8659000396728516,1.9404296875,69.125
1379748,9165927,CI.GRP.EHZ,1,down,6.540444850921631,1.400390625,64.3125
1559584,12458272,CI.CRR.EHZ,0,up,7.3544020652771,1.849609375,85.25
467448,9657489,CI.MLAC.HHZ,1,down,43.401546478271484,1.490234375,9.6015625
414518,11129226,CI.HMT.EHZ,1,down,5.882441520690918,1.16015625,52.40625
590807,9935049,CI.LUC.EHZ,0,up,1.5265253782272339,1.0498046875,18.953125
544125,14438696,AZ.BZN.HHZ,1,down,4.466956615447998,1.349609375,91.6875
762008,14431976,CI.SLA.HHZ,1,down,3.258514404296875,1.5703125,47.4375
114665,10488469,PB.B086.EHZ,0,up,5.038210868835449,0.83984375,24.078125
332306,13961604,CI.RMR.EHZ,0,up,7.49036169052124,0.7998046875,16.125
1644942,14208316,AZ.WMC.HHZ,1,down,5.022037029266357,1.259765625,50.71875
352642,10277669,AZ.RDM.HHZ,1,down,109.48188018798828,3.240234375,105.3125
633519,9131998,CI.SRT.EHZ,0,up,14.585888862609863,1.400390625,10.7734375
374231,14354372,CI.LUC.EHZ,1,down,8.633933067321777,1.5498046875,48.03125
277266,14296324,CI.DPP.HHZ,1,down,14.004638671875,1.91015625,73.9375
2446705,9652545,CI.BBR.HHZ,0,up,401.33636474609375,3.83984375,47.84375
746997,15010708,AZ.PFO.HHZ,1,down,14.335548400878906,0.85986328125,31.796875
2032587,14605916,AZ.KNW.HHZ,1,down,6.928188323974609,1.73046875,63.65625
135857,10169713,CI.LRL.HHZ,0,up,6.051250457763672,1.4404296875,45.625
259453,14520380,AZ.FRD.HHZ,1,down,11.938017845153809,1.169921875,31.453125
2007775,10739413,AZ.LVA2.HHZ,1,down,16.72043800354004,0.419921875,13.2578125
2394577,13487428,CI.CLC.HHZ,0,up,11.629749298095703,1.169921875,73.9375
1523051,9994573,CI.WRV.EHZ,0,up,538.7302856445312,3.8203125,30.953125
2006187,15164465,CI.POB.EHZ,1,down,12.653039932250977,1.759765625,31.5625
398413,14471400,CI.BBR.HHZ,1,down,15.512951850891113,1.7802734375,39.375
1136034,11011357,CI.WWP.EHZ,0,up,9.005011558532715,1.5498046875,60.3125
345805,9143106,CI.HDB.EHZ,1,down,11.770905494689941,1.5,6.87890625
165518,13992240,CI.JRC.HLZ,0,up,7.542479515075684,2.01953125,12.0
1149136,10347745,CI.BOR.HHZ,0,up,2.211036205291748,1.33984375,52.5
26702,14977452,AZ.RDM.HHZ,1,down,3.4834113121032715,0.8798828125,13.1171875
484777,14206764,CI.YUH.EHZ,1,down,17.578718185424805,1.3095703125,55.15625
568564,9645073,CI.WLH.EHZ,0,up,4.795962333679199,1.76953125,18.625
1545051,10071257,AZ.FRD.HHZ,1,down,26.223018646240234,1.3203125,4.48046875
950044,9644441,CI.WLH.EHZ,0,up,13.221514701843262,1.9501953125,18.296875
317355,14334888,CI.BOR.HHZ,1,down,105.4073486328125,0.919921875,16.125
1338633,14201012,CI.JRC2.HHZ,1,down,12.658223152160645,0.5,5.69921875
2325629,9717117,CI.SME.EHZ,0,up,32.41916275024414,1.76953125,25.703125
211175,10345625,CI.JEM.HHZ,0,up,39.14951705932617,2.970703125,60.28125
1846064,11207002,CI.WGR.HHZ,1,down,42.643699645996094,2.05078125,50.90625
1484360,14249256,CI.SKY.EHZ,0,up,3.856377363204956,0.7900390625,12.2265625
2487600,10868181,AZ.TRO.HHZ,1,down,34.161476135253906,1.5595703125,21.21875
1315855,14559012,CI.SGL.EHZ,1,down,38.3860969543457,1.490234375,4.78125
91471,14564764,AZ.KNW.HHZ,1,down,178.30804443359375,1.8603515625,26.734375
1230741,14286856,CI.WLH.EHZ,0,up,9.934660911560059,1.259765625,36.03125
2163158,10005421,CI.GAV.EHZ,0,up,7.788797378540039,1.759765625,24.90625
587799,11389186,CI.TOR.HHZ,0,up,47.430477142333984,1.759765625,28.265625
404710,10368125,CI.WRV.EHZ,0,up,15.473909378051758,0.39990234375,5.9296875
1799024,14332204,CI.CLC.HHZ,0,up,292.5615234375,0.83984375,8.2421875
943302,11359162,AZ.WMC.HHZ,0,up,17.060335159301758,1.6103515625,24.125
1554744,10484301,CI.CRR.EHZ,0,up,1.227471113204956,1.5,41.0625
1110588,14929388,AZ.FRD.HHZ,1,down,13.531457901000977,0.669921875,33.75
2210943,10791669,CI.CBK.EHZ,1,down,81.08566284179688,1.08984375,1.099609375
2054294,11347506,CI.DGR.HHZ,0,up,3.3730998039245605,0.91015625,24.828125
1517927,10772813,CI.SNO.HHZ,0,up,104.34077453613281,1.740234375,13.34375
619166,10408873,CI.CLC.HHZ,1,down,53.00396728515625,3.30078125,119.75
1930240,12555444,AZ.FRD.HHZ,1,down,1.1248704195022583,1.080078125,10.34375
1069173,14282088,CI.PER.HHZ,1,down,6.778447151184082,2.470703125,38.40625
907576,10294969,CI.POB.EHZ,1,down,11.649285316467285,1.08984375,56.65625
843306,10326117,PB.B084.EHZ,1,down,25.286958694458008,0.6201171875,11.796875
316473,14207980,CI.HAY.EHZ,0,up,2.076517343521118,1.8798828125,58.125
2379233,9827337,CI.JFS.EHZ,0,up,118.42948913574219,1.76953125,2.55078125
1975877,15154769,PB.B086.EHZ,1,down,4.301852226257324,1.1904296875,53.34375
29853,15074884,AZ.FRD.HHZ,1,down,20.872745513916016,1.490234375,74.0
2448899,9660205,CI.CLT.HHZ,0,up,2.638827323913574,3.0703125,64.5625
31166,14616228,CI.COK.EHZ,1,down,2.788548231124878,2.580078125,23.1875
152855,10345741,CI.TOR.HHZ,1,down,3.7418935298919678,1.23046875,52.53125
2199704,10148561,CI.SLR.HHZ,1,down,10.521868705749512,1.1904296875,20.515625
175024,14120824,CI.WOF.EHZ,0,up,41.0815315246582,1.3203125,6.3515625
2045626,9691021,CI.WVP.EHZ,0,up,83.79875946044922,0.9599609375,10.8125
656776,10659373,CI.ABL.EHZ,0,up,4.957267761230469,1.150390625,29.875
2157121,9974669,CI.XTL.EHZ,1,down,4.276547431945801,1.7802734375,113.1875
1237993,10267717,AZ.CRY.HHZ,0,up,16.656661987304688,1.1298828125,18.875
2217225,10871653,PB.B087.EHZ,1,down,4.954097747802734,0.919921875,57.125
1979835,14585044,PB.B084.EHZ,1,down,23.660249710083008,1.6201171875,85.375
2197487,10544661,CI.SS2.EHZ,0,up,2.8679566383361816,1.23046875,36.59375
1524890,9690973,CI.WLH.EHZ,0,up,8.770244598388672,1.2001953125,40.46875
183228,10771133,CI.DNR.HHZ,1,down,13.71013355255127,2.130859375,64.8125
40548,10318949,AZ.RDM.HHZ,0,up,3.934255361557007,1.2998046875,71.6875
1387581,11070765,NN.BON.EHZ,1,down,50.22446060180664,2.5,94.1875
510521,10001897,CI.SPF.HHZ,1,down,20.53350830078125,3.150390625,61.59375
2486294,15196817,CI.WVP.EHZ,1,down,4.073450088500977,0.7900390625,26.53125
1558171,14314072,ZY.SHF2.HHZ,1,down,8.548013687133789,1.5703125,28.625
1520143,14717396,ZY.USG.EHZ,1,down,5.640193939208984,1.1796875,11.65625
2065613,10317285,AZ.FRD.HHZ,0,up,23.689226150512695,0.469970703125,17.203125
2446262,10318081,AZ.PFO.HHZ,1,down,54.974361419677734,0.759765625,16.171875
1937950,14729484,CI.GLA.HHZ,1,down,3.706723213195801,0.8798828125,93.6875
1594,9665789,CI.WBM.EHZ,0,up,3.4754879474639893,1.4697265625,52.0
1089673,10037101,CI.JVA.HHZ,1,down,3.1018002033233643,1.51953125,43.84375
97784,10796533,CI.PMD.HHZ,1,down,2.575597047805786,0.58984375,28.125
735729,10435457,CI.SBB2.HHZ,0,up,78.59331512451172,2.619140625,105.625
67296,10757085,CI.SGL.EHZ,0,up,15.749917030334473,1.41015625,10.3828125
1896433,9722645,CI.JCS.HHZ,0,up,28.93628692626953,2.9609375,86.5
696296,10824245,AZ.KNW.HHZ,0,up,11.782248497009277,0.5400390625,31.625
1414953,14740524,CI.YUH.EHZ,1,down,68.40104675292969,2.470703125,78.1875
776172,11249154,CI.MPM.HHZ,0,up,4.075806617736816,0.759765625,30.390625
2121845,10479173,CI.WSH.EHZ,0,up,7.9287004470825195,1.2099609375,93.9375
1112484,14067984,CI.WNM.EHZ,0,up,11.821066856384277,1.5,56.59375
904092,14233748,CI.MIR.EHZ,0,up,1.2357207536697388,0.81005859375,28.046875
1183412,11063701,ZY.MGD.EHZ,1,down,8.645210266113281,1.1396484375,32.0625
351173,12467796,CI.JUL.EHZ,1,down,9.895488739013672,1.6298828125,52.28125
1981455,10997925,PB.B087.EHZ,0,up,6.524733543395996,0.6201171875,22.734375
678824,9776413,CI.MCT.HHZ,1,down,2.328549385070801,1.6103515625,86.9375
1520244,11464055,CI.DTP.EHZ,1,down,206.6941680908203,3.400390625,80.125
1653450,10275389,CI.ISA.HHZ,0,up,5.204427719116211,2.05078125,102.5625
1045348,10150817,CI.SLR.HHZ,0,up,5.6757707595825195,1.0400390625,43.21875
1238620,11125738,AZ.RDM.HHZ,0,up,2.966114044189453,1.3701171875,63.5
218447,13985728,CI.WSH.EHZ,1,down,4.119656562805176,1.5,50.625
1139628,14206444,AZ.WMC.HHZ,0,up,7.668185710906982,1.25,25.125
149204,9698265,AZ.TRO.EHZ,1,down,64.50504302978516,1.8203125,6.25
520932,13948004,AZ.KNW.HHZ,0,up,7.335669040679932,1.8203125,63.8125
710113,14896708,PB.B082.EHZ,1,down,56.63330078125,1.0302734375,11.7578125
1067180,9139329,CI.ALV.EHZ,0,up,10.663268089294434,1.599609375,45.71875
298917,14324872,CI.POB.EHZ,1,down,40.682838439941406,1.5703125,83.9375
896194,11390106,CI.MSC.HHZ,0,up,55.853946685791016,0.85009765625,8.53125
1102716,11373962,CI.HEC.HHZ,1,down,138.9973907470703,2.390625,13.46875
2164151,9796317,CI.BTL.EHZ,1,down,50.56858825683594,1.599609375,16.65625
268658,9906445,AZ.PFO.HHZ,1,down,14.435738563537598,1.3896484375,33.65625
1234061,10316965,PB.B087.EHZ,0,up,5.974405288696289,0.740234375,26.671875
1747772,13938688,CI.SUN.EHZ,0,up,85.41300964355469,3.029296875,78.25
1446722,10983997,PB.B082.EHZ,1,down,71.95421600341797,1.91015625,52.09375
618405,10179069,CI.TPC.EHZ,1,down,14.474618911743164,0.68994140625,38.25
884349,10786701,AZ.WMC.HHZ,1,down,3.2968361377716064,0.449951171875,13.5625
84841,12456576,CI.ALP.HHZ,0,up,1.6632556915283203,1.7998046875,39.46875
1634152,10747053,CI.DNR.HHZ,0,up,19.145221710205078,1.5400390625,20.3125
1730977,13299444,CI.BTL.EHZ,1,down,61.10707473754883,2.150390625,30.8125
2323706,14165952,CI.JVA.HHZ,0,up,12.993468284606934,1.51953125,59.875
2303559,10410593,WR.CSP.EHZ,0,up,8.556280136108398,1.4599609375,15.8828125
1235130,10057373,CI.WRC.EHZ,0,up,11.495389938354492,1.2197265625,10.75
1946030,12883768,CI.ISA.HHZ,0,up,63.659950256347656,2.109375,87.5625
1175246,15196153,AZ.SND.HHZ,1,down,3.114241361618042,0.64013671875,9.8984375
281229,11124055,CI.WRV.EHZ,0,up,251.93017578125,1.599609375,2.220703125
1834781,10312793,EN.ENG.EHZ,1,down,4.476194381713867,1.25,13.828125
428173,9775993,CI.SUN.EHZ,1,down,15.782588005065918,2.2109375,94.0625
1838992,9881485,CI.JCS.HHZ,0,up,23.85921859741211,2.419921875,118.8125
923996,9717937,CI.DRC.HHZ,0,up,3.1202359199523926,0.89990234375,9.8125
2171450,10183521,CI.TJR.EHZ,0,up,6.654549598693848,0.8701171875,19.234375
728146,14067728,CI.PDE.HHZ,1,down,9.129265785217285,1.4404296875,6.44140625
2136572,10296713,AZ.RDM.HHZ,1,down,8.422401428222656,1.0703125,42.34375
1010071,14693860,ZY.WAGN.EHZ,1,down,2.8052821159362793,0.9501953125,15.828125
2373567,10150877,CI.PLM.HHZ,1,down,5.962566375732422,1.5302734375,78.1875
10825,10168765,CI.SWS.HHZ,1,down,9.00893783569336,3.560546875,112.0
1441932,10298449,CI.HEC.HHZ,0,up,18.39250373840332,1.240234375,28.34375
1481769,11417978,CI.HYS.EHZ,0,up,28.63463020324707,1.7099609375,21.09375
108434,10487437,AZ.KNW.HHZ,1,down,40.13987350463867,1.6796875,30.3125
2006574,14335484,NC.MMI.EHZ,0,up,13.250716209411621,1.400390625,83.4375
1357327,11134106,CI.LJR.HHZ,0,up,3.1849629878997803,0.919921875,5.8203125
1367624,12472200,CI.EMS.EHZ,0,up,21.413684844970703,3.439453125,63.75
72408,13688424,AZ.RDM.HHZ,1,down,15.0562162399292,1.3095703125,49.625
1385044,14073640,AZ.FRD.HHZ,0,up,160.40223693847656,2.2890625,41.3125
2372020,11416154,AZ.FRD.HHZ,0,up,358.8737487792969,2.130859375,32.21875
502599,10093581,CI.CLC.HHZ,0,up,7.362175464630127,1.099609375,32.6875
106019,15076628,CI.PMD.HHZ,1,down,3.878392219543457,1.8095703125,119.0
149101,11243586,CI.MLAC.HHZ,1,down,297.07275390625,5.1484375,89.4375
969095,10147401,CI.EDW2.HHZ,0,up,4.89259672164917,1.650390625,84.6875
899621,10396793,AZ.LVA2.HHZ,1,down,57.2147331237793,2.0703125,80.625
1077826,10283477,CI.SPG2.HHZ,0,up,69.76904296875,2.119140625,75.25
1983243,14334816,CI.SBB2.HHZ,0,up,27.008365631103516,3.119140625,114.3125
1521052,11281218,AZ.WMC.HHZ,1,down,8.60169792175293,1.7099609375,59.3125
327018,9132429,CI.RAG.EHZ,1,down,6.569481372833252,1.490234375,37.6875
2146557,9156223,CI.TPM.EHZ,1,down,12.92365837097168,2.169921875,51.3125
1882548,10200585,CI.WRV.EHZ,1,down,20.73637580871582,0.5,10.15625
29629,11348594,PB.B084.EHZ,1,down,40.221797943115234,0.830078125,11.21875
2252379,11091138,CI.PLM.HHZ,1,down,23.044034957885742,0.81005859375,10.6796875
718112,10592589,ZY.SHCM.EHZ,1,down,18.25191307067871,1.73046875,5.48046875
1260680,14153320,CI.CRR.EHZ,0,up,31.591306686401367,2.05078125,78.8125
799708,10672181,CI.SLA.HHZ,0,up,3.9806008338928223,0.81982421875,8.9921875
1458673,10330809,CI.PMD.HHZ,1,down,7.5667595863342285,1.1103515625,57.625
1459579,14160992,CI.DTP.EHZ,0,up,7.5710320472717285,1.2998046875,66.5
1041729,14351144,CI.COK.EHZ,1,down,11.81412410736084,3.509765625,64.9375
501458,10225493,AZ.BZN.HHZ,1,down,11.835433006286621,0.9501953125,9.390625
2194015,15179097,CI.IKP.HHZ,1,down,403.7369689941406,1.2900390625,14.7109375
8499,10149517,CI.SAL.HHZ,1,down,68.41110229492188,1.75,12.2734375
978247,9735565,CI.DNR.HHZ,0,up,13.302886962890625,1.2001953125,16.296875
1593513,11012693,AZ.BZN.HHZ,0,up,5.029277324676514,1.080078125,25.421875
1260548,10352945,PB.B082.EHZ,1,down,3.8891332149505615,0.27001953125,13.5390625
1677431,9966581,CI.HOL.EHZ,0,up,9.912232398986816,1.6103515625,76.0625
2398525,13914388,CI.SKY.EHZ,1,down,62.32038497924805,3.060546875,91.625
734768,13909876,CI.RAG.EHZ,0,up,11.586782455444336,0.9501953125,17.109375
1874248,10544797,CI.MAR.EHZ,0,up,14.073296546936035,1.1396484375,17.75
824151,10544117,CI.CFT.EHZ,0,up,73.76766204833984,2.119140625,8.46875
2330788,10727197,CI.DNR.HHZ,0,up,17.067792892456055,0.9599609375,29.484375
1973416,14216584,CI.WMF.EHZ,0,up,43.506534576416016,1.1201171875,25.828125
2446886,14242516,CI.LLS.HHZ,0,up,43.10599899291992,3.689453125,43.28125
596190,14168268,CI.WWP.EHZ,0,up,26.43388557434082,1.759765625,6.73828125
809324,10926037,PB.B921.EHZ,0,up,16.158159255981445,2.58984375,11.8515625
2029233,10288293,AZ.PFO.HHZ,0,up,10.326044082641602,1.01953125,36.375
673805,9655073,AZ.BZN.HHZ,1,down,7.181921482086182,2.2890625,31.671875
644469,14610148,CI.CLI.EHZ,1,down,15.65715503692627,3.630859375,77.9375
2407470,10176190,CI.SGL.EHZ,0,up,6.840864181518555,1.3603515625,6.58984375
1653164,11242642,PB.B093.EHZ,1,down,37.776878356933594,1.1298828125,29.59375
976591,14135280,CI.CTC.HHZ,0,up,9.09170150756836,2.310546875,68.375
1389441,10532493,AZ.FRD.HHZ,0,up,11.0040922164917,0.330078125,17.625
1881422,9889641,CI.HYS.EHZ,1,down,38.77372741699219,2.05078125,79.5
1092644,10792605,EN.HAT.EHZ,0,up,2.452519178390503,1.419921875,20.953125
328763,10285585,AZ.LVA2.HHZ,1,down,153.1800537109375,2.130859375,24.65625
1407402,15200993,EN.ENG.EHZ,1,down,9.668922424316406,1.650390625,27.484375
680404,14177772,CI.MPI.HHZ,1,down,3.9396979808807373,1.400390625,36.1875
397633,10778949,CI.YUH.EHZ,1,down,21.995424270629883,2.830078125,104.75
547895,9688069,CI.WSH.EHZ,1,down,3.6466994285583496,1.7998046875,60.65625
958529,14419652,AZ.KNW.HHZ,1,down,17.30348777770996,0.759765625,3.7890625
83981,9949385,CI.WVP.EHZ,0,up,114.68449401855469,1.0,8.2578125
939455,9632385,CI.HMT.EHZ,1,down,13.641633033752441,1.599609375,42.65625
362828,11244962,CI.BOR.HHZ,1,down,3.912548303604126,0.7099609375,21.015625
2134360,14353228,CI.PLS.EHZ,1,down,13.865143775939941,1.5498046875,27.90625
188408,10288121,CI.DTP.EHZ,0,up,81.40692138671875,1.5595703125,27.109375
1708205,14311324,CI.CAP.HHZ,1,down,5.09872579574585,1.5400390625,88.5
195729,13692920,CI.DPP.HHZ,0,up,59.118247985839844,2.419921875,85.25
409485,13692780,CI.CLC.HHZ,1,down,33.61372756958008,1.150390625,33.9375
299917,10933405,CI.WWP.EHZ,0,up,11.182555198669434,0.97021484375,45.96875
254757,9655717,CI.ARV.EHZ,1,down,12.431387901306152,2.80078125,102.125
1052710,10055953,CI.HMT.EHZ,1,down,8.074822425842285,1.0595703125,26.09375
2304867,10858781,AZ.KNW.HHZ,0,up,3.708096981048584,0.93017578125,89.125
1730438,10719837,CI.WWC.HHZ,1,down,24.59160804748535,2.359375,60.125
1217828,11674648,CI.WNM.EHZ,0,up,26.222261428833008,1.7001953125,21.90625
1748485,10216101,CI.PER.HHZ,0,up,12.20986270904541,3.599609375,51.21875
870439,11063213,CI.CBK.EHZ,0,up,100.54480743408203,2.19921875,16.546875
1158545,14218800,CI.SLA.HHZ,1,down,18.698387145996094,1.6796875,9.0078125
43334,10100657,CI.BAC.EHZ,0,up,15.828038215637207,1.490234375,59.125
2034543,9159406,CI.POB.EHZ,1,down,5.087383270263672,1.099609375,47.125
707923,9710081,CI.AGA.HHZ,1,down,11.712491989135742,0.9599609375,28.59375
1576284,10202885,CI.BLK.EHZ,0,up,6.302296161651611,1.740234375,50.75
2283784,10742861,PB.B087.EHZ,0,up,14.99500846862793,0.8798828125,14.453125
2329372,9696609,CI.WOR.EHZ,0,up,9.157013893127441,1.349609375,21.125
1109367,10005009,CI.CCC.HHZ,0,up,23.09012222290039,1.400390625,68.5
2325891,10999701,CI.DNR.HHZ,1,down,6.400566101074219,0.52001953125,16.625
545906,9651029,CI.TEJ.EHZ,0,up,4.086059093475342,2.0,32.9375
841297,13998768,CI.YMD.EHZ,0,up,97.67626190185547,3.58984375,75.25
2463619,10321329,CI.JFS.EHZ,0,up,11.77315616607666,2.509765625,48.8125
1528273,14200328,CI.ERR.HHZ,0,up,7.44704532623291,1.400390625,21.265625
767897,10964629,PB.B086.EHZ,1,down,10.531428337097168,0.7998046875,13.1875
2250441,14006836,CI.RMR.EHZ,0,up,17.386444091796875,1.4296875,41.25
1790472,13938240,CI.BBR.HHZ,0,up,9.468404769897461,0.9501953125,8.8203125
91206,13287480,CI.WNM.EHZ,1,down,7.26683235168457,0.91015625,24.5625
918899,9915369,CI.BAC.EHZ,1,down,14.4102144241333,1.7001953125,82.8125
1248524,10148421,CI.CFT.EHZ,0,up,146.30760192871094,4.421875,31.140625
1925855,10996181,AZ.PFO.HHZ,1,down,6.743470668792725,0.830078125,41.21875
1040809,10078833,CI.BC3.HHZ,1,down,5.7720866203308105,2.80078125,56.15625
1357091,10283573,CI.CCA.EHZ,0,up,4.682747840881348,1.51953125,33.3125
1144377,14736356,ZY.WAGN.EHZ,1,down,6.463422775268555,1.7900390625,23.953125
2014914,10825389,AZ.SND.HHZ,0,up,252.01609802246094,2.26953125,16.40625
1363287,11422058,PB.B081.EHZ,0,up,14.301047325134277,1.08984375,37.0625
624950,10237065,CI.DNR.HHZ,0,up,13.710837364196777,0.81005859375,23.25
63925,14067140,CI.MIR.EHZ,1,down,16.729843139648438,1.4599609375,19.8125
1937736,12458240,CI.ERR.HHZ,1,down,6.755756378173828,1.990234375,24.484375
1459449,14352808,AZ.CRY.HHZ,1,down,250.4907684326172,1.5400390625,40.71875
1987015,9142232,CI.LEO.EHZ,1,down,36.803977966308594,2.330078125,84.6875
649219,14468824,CI.PMD.HHZ,1,down,822.8823852539062,2.630859375,29.421875
390162,9711373,CI.WVP.EHZ,0,up,216.2629852294922,2.619140625,16.328125
151595,10964797,PB.B093.EHZ,1,down,60.71590042114258,1.0595703125,12.390625
610464,14552220,AZ.BZN.HHZ,1,down,30.128612518310547,2.029296875,15.28125
1166999,14283512,PB.B086.EHZ,0,up,14.396333694458008,1.0,32.28125
495702,14407568,AZ.WMC.HHZ,1,down,5.149742126464844,0.429931640625,17.734375
491082,10278169,CI.HDB.EHZ,0,up,17.888391494750977,1.2900390625,12.390625
1492430,14080480,CI.CHF.HHZ,0,up,30.620243072509766,1.26953125,33.875
107746,10964909,AZ.BZN.HHZ,0,up,27.4351749420166,0.81005859375,9.1015625
869400,10141686,AZ.BZN.HHZ,1,down,4.71001672744751,0.580078125,8.5
1711971,9919957,CI.CRR.EHZ,1,down,10.953882217407227,1.5302734375,31.78125
386845,9648089,CI.TEJ.EHZ,0,up,28.909875869750977,1.9599609375,27.125
2101638,9686581,CI.WOR.EHZ,1,down,13.54202651977539,2.33984375,52.5
1729741,11347594,CI.PMD.HHZ,1,down,9.832075119018555,0.68017578125,41.53125
315657,11322570,EN.ENG.EHZ,1,down,10.072527885437012,1.669921875,12.4765625
2441182,10326965,CI.CLI.EHZ,0,up,53.7395133972168,2.650390625,9.75
2103276,13967260,CI.HYS.EHZ,1,down,19.640064239501953,1.8095703125,102.9375
432487,14598164,AZ.SND.HHZ,1,down,8.95705795288086,0.89990234375,11.828125
2302795,11049533,PB.B918.EHZ,1,down,3.80436635017395,0.22998046875,31.171875
1636305,10100197,CI.RUN.EHZ,0,up,3.5957067012786865,1.8203125,69.875
299510,9774849,CI.TEH.HHZ,1,down,140.50592041015625,1.490234375,21.078125
1667411,7187626,CI.TOW.EHZ,0,up,6.397861003875732,1.7998046875,64.5
274761,9169274,CI.HDB.EHZ,0,up,6.5205397605896,1.7802734375,40.78125
1190127,10250853,CI.WBM.EHZ,1,down,11.255748748779297,2.23046875,49.65625
1496339,10288157,AZ.TRO.HHZ,0,up,11.287613868713379,0.60986328125,23.3125
682864,9148576,CI.WMF.EHZ,0,up,214.47183227539062,2.060546875,28.5625
365080,13998756,CI.WMF.EHZ,0,up,17.96526336669922,1.2001953125,36.375
991159,9708601,CI.RAY.EHZ,0,up,5.496283054351807,1.9697265625,86.875
1756267,10739381,CI.BOR.HHZ,1,down,9.62736988067627,0.64013671875,24.796875
773774,10870757,CI.WCH.EHZ,0,up,30.436767578125,2.0703125,38.46875
2326554,10824045,CI.HMT.EHZ,1,down,17.493249893188477,0.93017578125,18.125
1817529,14235040,CI.HOL.EHZ,1,down,7.47551155090332,1.4501953125,91.5625
1692394,9716837,CI.SKY.EHZ,1,down,25.741382598876953,1.509765625,33.96875
1686605,9163196,CI.SKY.EHZ,1,down,2.905697822570801,1.2998046875,26.40625
2131069,9728285,CI.WS2.EHZ,1,down,153.24635314941406,2.259765625,39.0625
783911,14378212,CI.IR2.EHZ,1,down,30.41251564025879,1.759765625,37.84375
1325111,9720169,CI.WCS.EHZ,1,down,2.3484597206115723,1.2998046875,11.2890625
1197669,10595093,CI.SWS.HHZ,1,down,3.609074592590332,1.5302734375,24.796875
2159396,13971692,CI.HEC.HHZ,0,up,34.50731658935547,1.400390625,9.59375
720480,10863597,CI.YUH.EHZ,1,down,16.586843490600586,1.509765625,66.5
2486212,10767045,PB.B093.EHZ,1,down,1.9833431243896484,0.64990234375,30.9375
1643988,14515756,CI.SMW.HHZ,1,down,50.26097106933594,2.400390625,84.1875
2051222,10637237,ZY.WAGN.EHZ,0,up,34.69105529785156,1.6904296875,7.921875
1098477,14183408,CI.WCS.EHZ,1,down,9.869629859924316,0.64013671875,0.1800537109375
1371765,10901565,CI.XTL.EHZ,0,up,25.030282974243164,2.73046875,86.25
217329,11720055,CI.TOW.EHZ,1,down,4.044118881225586,1.33984375,27.296875
569624,14170476,CI.WVP.EHZ,0,up,35.815589904785156,1.169921875,31.109375
468947,9735701,AZ.PFO.HHZ,0,up,4.688340187072754,0.93994140625,28.21875
858891,10541741,CI.BAR.HHZ,0,up,6.197887897491455,0.93994140625,55.28125
2453909,9172310,CI.CDY.EHZ,1,down,37.399169921875,0.7001953125,17.75
1699768,15115465,PB.B081.EHZ,1,down,20.85259246826172,1.4404296875,51.0625
1343892,9742297,CI.MIR.EHZ,0,up,5.744713306427002,1.4296875,31.984375
1025979,11274730,PG.NPD.EHZ,1,down,78.03559112548828,3.609375,92.375
977813,9152053,CI.CDY.EHZ,0,up,4.280248641967773,1.6796875,58.6875
1376697,10330125,CI.WMF.EHZ,1,down,2.3507540225982666,0.60009765625,3.970703125
1332484,13974508,CI.RSS.HHZ,0,up,1.532031536102295,1.75,9.421875
1523477,11046869,CI.WRC.EHZ,0,up,12.69005012512207,1.5703125,23.390625
1027154,9136210,CI.HDB.EHZ,1,down,9.344284057617188,1.599609375,11.6171875
1476718,14086748,CI.HMT.EHZ,1,down,224.77481079101562,2.560546875,27.96875
2046168,10369413,AZ.TRO.HHZ,1,down,29.71430015563965,1.33984375,71.5
934242,10618133,ZY.USG.EHZ,1,down,274.8343505859375,1.650390625,4.76171875
1201050,9775577,CI.HEC.HHZ,1,down,22.31222152709961,0.990234375,0.4599609375
2316995,9874189,CI.DPP.HHZ,0,up,50.832393646240234,1.849609375,14.078125
1886847,9644277,CI.CFL.EHZ,1,down,55.001888275146484,1.8603515625,41.6875
977938,14098264,CI.HMT.EHZ,0,up,7.221579074859619,1.3095703125,88.0
1681715,10320181,CI.RMM.EHZ,1,down,3.289705991744995,1.23046875,7.94921875
341152,9671741,CI.WAS.EHZ,0,up,145.41793823242188,2.51953125,19.4375
672913,12475500,CI.WJP.EHZ,1,down,6.652454376220703,1.1201171875,34.59375
502256,9155488,CI.SWS.HHZ,0,up,18.598947525024414,1.9501953125,27.609375
675781,11273410,PB.B086.EHZ,0,up,1.8469918966293335,0.83984375,45.96875
1216215,11129066,CI.DNR.HHZ,0,up,10.764575958251953,0.60986328125,19.546875
883955,10231421,CI.MIR.EHZ,0,up,13.631695747375488,1.1103515625,24.15625
2003719,10979717,AZ.PFO.HHZ,1,down,3.6079561710357666,0.300048828125,16.765625
1251747,14343784,CI.WHF.EHZ,0,up,14.064569473266602,1.259765625,64.3125
353941,9629009,CI.BBR.HHZ,1,down,84.95464324951172,2.400390625,16.671875
1310964,9754113,CI.LEO.EHZ,1,down,20.19860076904297,1.76953125,45.25
444404,15162505,CI.LPC.HHZ,1,down,1.7913997173309326,1.6904296875,55.53125
590507,10285585,CI.EML.HHZ,1,down,486.5292663574219,2.130859375,53.125
1451805,12843456,CI.WRC.EHZ,0,up,5.407341957092285,0.77001953125,21.234375
1844950,9852289,AZ.RDM.HHZ,1,down,8.502328872680664,1.2998046875,37.125
657694,11372618,CI.WWC.HHZ,0,up,24.781509399414062,1.4404296875,30.4375
1117200,10313601,EN.RED.EHZ,1,down,84.39447784423828,1.330078125,3.189453125
1462130,10230373,AZ.RDM.HHZ,0,up,8.211730003356934,1.58984375,93.3125
2104442,10485861,CI.JRC2.HHZ,0,up,166.5675048828125,1.2998046875,9.4296875
1708217,11080154,AZ.CRY.HHZ,0,up,69.83985137939453,3.26953125,69.875
932472,10368373,CI.CLC.HHZ,1,down,60.71226501464844,0.97021484375,23.359375
1337087,14394088,CI.CGO.HHZ,1,down,4.184535503387451,1.3896484375,77.0
73728,10348981,CI.CHN.HHZ,0,up,9.352330207824707,2.76953125,81.6875
979160,9808777,AZ.WMC.HHZ,1,down,3.24867844581604,0.52978515625,17.0625
2346037,9753917,AZ.KNW.HHZ,1,down,5.1574883460998535,1.26953125,34.15625
1625692,14085792,AZ.KNW.HHZ,1,down,188.4921417236328,1.650390625,18.875
1850946,9935413,CI.CLC.HHZ,0,up,38.3924674987793,1.5,60.46875
1965648,14595532,AZ.SOL.HHZ,1,down,6.3068766593933105,1.4697265625,10.8203125
1229265,10912509,AZ.FRD.HHZ,1,down,16.780384063720703,1.3203125,52.9375
2282547,14369464,CI.BAC.EHZ,1,down,11.339075088500977,0.83984375,58.5
240556,9156870,CI.WMF.EHZ,0,up,190.83609008789062,1.8701171875,28.1875
705131,9812965,CI.POB.EHZ,0,up,10.695733070373535,1.5498046875,33.3125
402141,14499272,PB.B082.EHZ,1,down,855.8302612304688,2.880859375,27.796875
2134408,10636045,ZY.PNTO.EHZ,0,up,10.015087127685547,1.0595703125,9.8984375
220973,10456245,AZ.CRY.HHZ,0,up,82.76908111572266,2.490234375,91.3125
323490,14345576,PB.B087.EHZ,0,up,5.876250267028809,1.150390625,56.90625
1766109,11206866,AZ.RDM.HHZ,1,down,36.42957305908203,1.990234375,32.15625
1906511,9745573,CI.PLM.HHZ,0,up,135.03286743164062,2.810546875,58.34375
183465,9635777,CI.WNM.EHZ,0,up,7.666772842407227,1.740234375,13.84375
1652271,9994577,CI.TOW.EHZ,0,up,2.2744078636169434,1.5,54.0
2214275,10993453,EN.HAT.EHZ,0,up,18.731111526489258,0.60009765625,2.259765625
2257540,10910901,CI.BAC.EHZ,1,down,38.20552062988281,2.150390625,58.15625
1321937,9157036,CI.GSC.EHZ,0,up,3.7117679119110107,2.0,67.3125
1123870,14354364,PB.B082.EHZ,1,down,6.620795249938965,0.72998046875,36.71875
1457549,13949392,AZ.KNW.HHZ,1,down,18.171018600463867,1.099609375,6.16015625
2062574,11090602,AZ.PFO.HHZ,1,down,14.656586647033691,1.5498046875,39.21875
1018766,12457204,CI.GAV.EHZ,1,down,2.1232376098632812,1.5703125,27.359375
1836058,11739624,CI.VCS.HHZ,1,down,13.925546646118164,2.509765625,53.125
1229227,12471864,CI.WRV.EHZ,1,down,10.277557373046875,1.400390625,25.609375
1485759,14404920,AZ.SND.HHZ,1,down,4.863248825073242,1.3095703125,8.421875
1499619,11364314,CI.LUG.HHZ,0,up,28.615488052368164,2.4609375,43.09375
2289934,9168350,CI.BAC.EHZ,1,down,7.549468517303467,0.7998046875,20.65625
173567,9711733,CI.WNM.EHZ,1,down,6.685898780822754,1.099609375,20.390625
488911,10259309,CI.TPC.EHZ,0,up,66.68555450439453,1.8798828125,27.015625
1490845,14087920,CI.BLA.HHZ,0,up,11.533980369567871,0.7998046875,6.48828125
1174030,10366717,CI.SBB2.HHZ,1,down,31.29346466064453,1.169921875,43.625
700248,10353409,SB.WLA.HLZ,0,up,74.39212036132812,1.509765625,10.359375
2080002,9151789,CI.CRR.EHZ,0,up,21.325485229492188,2.419921875,35.28125
2391051,11248186,AZ.FRD.HHZ,1,down,12.768333435058594,0.35009765625,10.9375
571268,14187320,CI.BLK.EHZ,0,up,40.03350830078125,2.390625,44.03125
2098476,10079089,CI.DRE.HHZ,0,up,5.925558090209961,1.51953125,0.18994140625
638376,14188748,CI.CRR.EHZ,0,up,6.430546760559082,1.7001953125,50.375
1134441,14257708,AZ.WMC.HHZ,0,up,3.2734057903289795,0.64990234375,13.140625
415627,12943648,CI.WRC.EHZ,0,up,85.87419891357422,3.419921875,45.9375
1421190,9713121,CI.DTP.EHZ,0,up,4.868083477020264,1.7001953125,76.625
654467,14132748,CI.LEO.EHZ,1,down,74.16990661621094,2.060546875,39.96875
1909561,11078602,CI.WLT.HHZ,0,up,9.044251441955566,2.099609375,36.8125
680639,11405274,CI.WVP.EHZ,1,down,4.356300354003906,1.330078125,31.171875
989468,9677129,CI.ISA.HHZ,0,up,14.76381778717041,1.4599609375,66.1875
569461,9793161,CI.HDB.EHZ,1,down,5.768764495849609,1.5302734375,17.703125
149240,14422608,AZ.MONP2.HHZ,1,down,22.18484878540039,2.23046875,46.59375
2284019,14134220,CI.DNR.HHZ,1,down,4.274064064025879,0.360107421875,22.296875
618205,11085386,CI.DNR.HHZ,1,down,15.846806526184082,1.3896484375,64.125
1611161,14086336,CI.OAT.EHZ,1,down,5.098484992980957,1.2001953125,9.15625
2223894,10745661,AZ.HWB.HHZ,1,down,12.61962890625,1.6201171875,65.5
1895183,11035317,CI.DNR.HHZ,0,up,14.773520469665527,1.08984375,17.765625
883002,9691865,CI.WVP.EHZ,0,up,17.04775047302246,1.4404296875,14.1484375
827127,11334426,CI.DJJ.HHZ,1,down,56.344398498535156,1.849609375,11.7734375
766665,14197432,CI.WCS.EHZ,0,up,6.6773576736450195,0.39990234375,4.0
546879,10864701,CI.SGL.EHZ,1,down,4.059231281280518,1.5595703125,34.8125
1571999,10373781,CI.XTL.EHZ,1,down,12.765753746032715,0.8798828125,23.953125
2051190,13913976,CI.CPP.HHZ,0,up,4.8957037925720215,2.490234375,51.03125
2090922,10749253,CI.COA.EHZ,1,down,12.8521728515625,2.3203125,72.8125
863583,10353073,CI.CGO.HHZ,1,down,2.926389217376709,1.2900390625,77.1875
1702741,10284113,PB.B082.EHZ,1,down,90.28291320800781,1.509765625,12.6171875
805562,10371861,AZ.PFO.HHZ,1,down,4.233941078186035,0.52001953125,29.46875
2401405,10609101,ZY.WAGN.EHZ,1,down,24.875534057617188,2.44921875,83.25
893292,10078909,CI.CBK.EHZ,0,up,21.85165786743164,2.75,71.25
1120277,11023293,CI.JEM.HHZ,1,down,15.632733345031738,1.01953125,44.0
2119270,10319365,CI.POB.EHZ,0,up,11.494049072265625,0.75,21.234375
2278913,14999804,PB.B082.EHZ,1,down,20.744586944580078,0.77001953125,16.90625
2383898,14285524,CI.WWP.EHZ,1,down,7.125140190124512,0.68994140625,9.0625
2349386,14295620,CI.RSS.HHZ,0,up,6.476589202880859,2.30078125,9.84375
1366870,9813529,CI.LLS.HHZ,1,down,13.8438138961792,2.939453125,63.21875
1469028,10370257,CI.SGL.EHZ,0,up,14.041387557983398,2.0703125,79.3125
1673246,10294433,AZ.LVA2.HHZ,0,up,33.66660690307617,1.2900390625,28.8125
1236690,11375954,CI.JRC2.HHZ,0,up,63.73539352416992,2.41015625,69.875
2230839,10047713,CI.BLK.EHZ,0,up,56.4848747253418,1.9501953125,43.125
906018,10201685,CI.ARV.HHZ,0,up,7.00526762008667,1.599609375,47.0625
2121407,9165697,CI.SIL.EHZ,1,down,38.34914779663086,2.109375,38.46875
1897567,10186985,CI.PMD.HHZ,1,down,46.425987243652344,1.98046875,71.0
750881,11207546,CI.GLA.HHZ,0,up,15.015040397644043,2.80078125,64.8125
14729,14462776,AZ.KNW.HHZ,1,down,2.425431251525879,0.52978515625,32.78125
2100940,10225737,CI.SGL.EHZ,1,down,77.09504699707031,1.2197265625,6.69921875
1341356,10436529,PB.B087.EHZ,0,up,16.72158432006836,0.580078125,8.7578125
757955,9140123,CI.CDY.EHZ,0,up,103.08073425292969,2.23046875,37.5625
385682,13916240,CI.LEO.EHZ,1,down,33.096195220947266,1.75,45.03125
1413172,11210602,CI.SUN.EHZ,1,down,11.59951400756836,1.4599609375,36.53125
2476497,9632033,CI.WWP.EHZ,0,up,14.287605285644531,1.75,68.3125
2334088,14462608,PB.B084.EHZ,1,down,21.866348266601562,1.0302734375,20.1875
558882,14240776,CI.MPM.HHZ,0,up,3.9903221130371094,1.3798828125,87.875
207065,10542701,CI.BFS.HHZ,0,up,5.44631814956665,1.7197265625,51.125
1293400,10991301,BC.CBX.HHZ,0,up,49.276588439941406,1.8896484375,35.1875
669320,14844684,PB.B918.EHZ,1,down,8.084147453308105,0.300048828125,12.3125
2343624,14206352,CI.PMD.HHZ,1,down,15.896584510803223,2.080078125,79.375
1106571,11077778,CI.WVP.EHZ,0,up,34.855220794677734,0.7099609375,7.8984375
1123129,11053781,CI.SME.EHZ,0,up,13.847543716430664,1.4697265625,12.8515625
2446071,9962281,CI.WSH.EHZ,0,up,119.07817840576172,1.4296875,11.3671875
800277,10799893,AZ.LVA2.HHZ,1,down,10.126153945922852,1.0498046875,74.9375
2425657,10741733,CI.PLM.HHZ,0,up,155.480712890625,2.169921875,37.46875
263367,10906357,AZ.CRY.HHZ,0,up,11.241377830505371,0.83984375,33.125
789135,9143951,CI.RMR.EHZ,1,down,46.2764778137207,2.41015625,54.1875
1263224,10858717,CI.PMD.HHZ,1,down,9.919937133789062,0.68994140625,37.0
737443,13917120,CI.POB.EHZ,0,up,6.003111362457275,0.7099609375,44.9375
2471564,14847468,CI.SBB2.HHZ,1,down,51.36265182495117,2.0390625,117.75
1869334,10924909,PB.B082.EHZ,1,down,157.70193481445312,1.83984375,21.25
782581,11089794,CI.JRC2.HHZ,1,down,17.447755813598633,1.2998046875,90.75
1779431,14132784,CI.SME.EHZ,0,up,5.291314601898193,1.509765625,61.59375
1862002,13998780,CI.SGL.EHZ,0,up,24.106082916259766,1.8896484375,57.03125
1031,9704673,CI.WVP.EHZ,0,up,60.305294036865234,1.2001953125,10.8515625
348908,10179837,CI.SS2.EHZ,1,down,3.249512195587158,1.33984375,35.625
1717151,11133618,CI.SNO.HHZ,1,down,29.360355377197266,1.349609375,11.5625
753246,10078693,CI.HMT.EHZ,1,down,5.760776519775391,0.9501953125,13.359375
429341,15155153,AZ.WMC.HHZ,1,down,36.38908767700195,2.7109375,57.40625
585068,14120096,CI.SNR.EHZ,0,up,11.520115852355957,2.609375,12.5078125
677787,10218457,CI.WWP.EHZ,1,down,6.759626388549805,1.900390625,46.09375
2352365,9980877,CI.PLM.HHZ,1,down,13.841070175170898,2.099609375,89.3125
2485092,11386026,AZ.LVA2.HHZ,1,down,20.815752029418945,1.3203125,36.0625
1615023,14202816,AZ.RDM.HHZ,1,down,20.32122039794922,1.1103515625,9.4296875
185649,10786093,CI.ERP.EHZ,0,up,2.330686330795288,1.580078125,21.09375
54721,15187057,CI.CLI.EHZ,1,down,25.767908096313477,3.330078125,39.9375
1287043,10782285,CI.SNO.HHZ,0,up,48.533084869384766,1.4404296875,40.84375
663052,10662165,ZY.PNTO.EHZ,1,down,141.25173950195312,1.7001953125,2.19921875
2266733,10319401,CI.SLR.HHZ,0,up,2.6137807369232178,1.3095703125,23.703125
1483942,13655768,CI.IR2.EHZ,0,up,2.6504790782928467,1.349609375,49.84375
1890976,10215069,CI.WRV.EHZ,0,up,31.82273292541504,0.89990234375,14.2265625
1800212,9799545,CI.WHF.EHZ,0,up,8.969620704650879,1.33984375,44.15625
48277,14347740,EN.ENG.EHZ,1,down,14.524599075317383,2.810546875,80.0
1481463,11249202,CI.POB.EHZ,1,down,6.351995468139648,0.89990234375,20.53125
2080644,9637321,CI.BBR.HHZ,0,up,8.78736400604248,2.48046875,45.71875
2417261,9163883,CI.RAY.EHZ,1,down,6.495007038116455,2.0390625,79.5
63251,10702557,PB.B087.EHZ,0,up,11.317554473876953,0.56005859375,5.12109375
1441647,10296705,CI.EL2.EHZ,1,down,7.6114821434021,1.580078125,57.3125
2123699,14091320,CI.RAY.EHZ,1,down,4.021229267120361,1.1796875,45.0625
308245,14372008,CI.BTL.EHZ,1,down,270.63397216796875,3.140625,29.0625
2360065,10326469,CI.WRV.EHZ,0,up,4.788708686828613,0.469970703125,17.8125
374317,10767485,AZ.BZN.HHZ,1,down,5.450469017028809,1.1298828125,47.8125
1911555,10295013,CI.MPM.HHZ,0,up,11.608453750610352,1.1396484375,38.84375
2019737,9758437,CI.CLC.HHZ,0,up,18.181049346923828,1.7001953125,46.75
824728,9136991,CI.BAC.EHZ,1,down,3.603628635406494,1.2998046875,41.96875
1358817,15183617,AZ.BZN.HHZ,1,down,2.694805860519409,1.6396484375,66.0
1139868,9776449,CI.YMD.EHZ,1,down,20.323572158813477,1.669921875,57.15625
397719,10321537,PB.B086.EHZ,1,down,9.557212829589844,0.52001953125,13.15625
788367,11282410,PB.B093.EHZ,1,down,22.3353271484375,2.349609375,66.0625
1406541,10546989,AZ.CRY.HHZ,0,up,9.935986518859863,0.97998046875,64.0
1641836,10099945,CI.WES.HHZ,0,up,3.4890429973602295,2.150390625,54.125
2035265,10871469,EN.ELM.EHZ,1,down,6.181509017944336,0.89990234375,1.580078125
92552,10063173,CI.CAP.HHZ,1,down,93.20228576660156,2.240234375,62.65625
254295,9941045,CI.HOL.EHZ,0,up,3.8810107707977295,0.990234375,20.234375
1006631,10783765,CI.PLM.HHZ,0,up,5.479398250579834,0.449951171875,39.5625
515720,14404776,PB.B082.EHZ,1,down,10.705187797546387,1.4697265625,62.875
508717,9942041,AZ.MONP.HHZ,0,up,6.3566508293151855,1.7900390625,93.4375
433266,10982773,AZ.KNW.HHZ,0,up,4.826748371124268,0.429931640625,8.34375
1438757,9140008,CI.TPM.EHZ,1,down,34.5728645324707,1.0,12.8671875
2168601,9650269,CI.CHF.HHZ,0,up,51.32511520385742,1.4296875,16.265625
1016186,14372484,CI.WES.HHZ,1,down,11.84174919128418,2.970703125,34.84375
185990,10355101,CI.PER.HHZ,1,down,41.22043228149414,1.9404296875,21.203125
2258550,14604860,PB.B081.EHZ,1,down,24.192245483398438,1.6298828125,51.46875
2220020,10768629,AZ.MONP2.HHZ,0,up,43.18954086303711,2.69921875,60.625
2280969,13945564,CI.HEC.HHZ,0,up,6.179234504699707,1.0302734375,23.40625
173126,13914552,CI.YUH.EHZ,1,down,457.1595458984375,3.2890625,78.0625
438413,9175253,CI.BAC.EHZ,0,up,3.3866751194000244,1.0,21.9375
847276,9813577,CI.WOF.EHZ,1,down,22.81490135192871,1.4501953125,31.265625
629831,14186848,CI.WRC.EHZ,0,up,4.282554626464844,0.5,19.96875
1734656,10222557,CI.SKY.EHZ,0,up,1.6671879291534424,1.2197265625,39.25
520621,10458437,CI.GMR.HHZ,0,up,335.7264099121094,3.01953125,109.1875
233739,14158524,CI.CLI.EHZ,0,up,4.166254997253418,2.150390625,79.4375
736937,9984533,CI.WAS.EHZ,1,down,12.605979919433594,2.1796875,88.0
2234206,12447832,CI.RMM.EHZ,1,down,2.569350481033325,1.7001953125,41.03125
94380,13887432,AZ.CRY.HHZ,0,up,7.3527984619140625,0.93017578125,19.1875
2049414,10237045,AZ.LVA2.HHZ,1,down,68.83734893798828,1.9599609375,77.6875
1718874,10345437,CI.ISA.HHZ,0,up,4.409074306488037,1.3701171875,101.5
894721,14381552,PB.B081.EHZ,1,down,5.412506580352783,0.68994140625,27.6875
157867,10195150,ZY.OCBC.HHZ,0,up,7.882845878601074,2.630859375,35.375
1349422,15204457,EN.OBS.EHZ,1,down,8.569986343383789,1.650390625,19.234375
1243395,10406305,AZ.BZN.HHZ,0,up,18.6193904876709,1.0,29.359375
1666845,12456776,CI.COK.EHZ,0,up,1.825452208518982,2.169921875,69.875
2288050,9776017,CI.WCH.EHZ,1,down,3.0174667835235596,0.56982421875,20.703125
1780728,14493360,CI.SBB2.HHZ,1,down,9.583608627319336,1.3603515625,80.6875
789477,10764701,CI.BAR.HHZ,0,up,91.35826110839844,1.8798828125,82.375
1245474,14997260,PB.B086.EHZ,1,down,41.71996307373047,1.8203125,35.84375
199771,10785293,CI.BBR.HHZ,0,up,9.67764663696289,1.099609375,36.28125
1617041,14209868,CI.MCT.HHZ,0,up,15.282371520996094,1.26953125,38.8125
400420,9795477,CI.WOF.EHZ,1,down,57.96143341064453,1.8896484375,97.5
655814,10058253,AZ.KNW.HHZ,0,up,5.592616081237793,0.72021484375,30.0625
2116648,14334884,PB.B084.EHZ,0,up,9.463809967041016,0.39990234375,20.9375
697807,9980513,CI.YUH.EHZ,1,down,5.680760860443115,1.099609375,45.8125
76198,10356921,CI.BEL.HHZ,1,down,9.451830863952637,1.7998046875,105.0625
1314052,10347161,AZ.PFO.HHZ,1,down,3.474679708480835,0.4599609375,12.0234375
76849,10348161,CI.MCT.HHZ,0,up,11.000088691711426,1.5,55.875
1438395,14432280,CI.GTM.EHZ,1,down,16.115795135498047,3.30078125,116.0625
2269617,10149789,CI.SBB2.HHZ,1,down,7.73291540145874,1.900390625,91.3125
489813,14256740,AZ.FRD.HHZ,0,up,47.59769821166992,0.83984375,4.94140625
1112798,10368941,CI.PEM.EHZ,1,down,6.014921188354492,0.93017578125,35.25
782611,10995365,PB.B093.EHZ,0,up,7.971791744232178,0.449951171875,22.125
239604,9745541,CI.SIL.EHZ,0,up,98.32874298095703,2.029296875,30.34375
877610,11421914,PB.B081.EHZ,1,down,2.714099407196045,0.5,32.625
1923526,11248906,CI.MSC.HHZ,1,down,4.857821464538574,1.3701171875,39.78125
1271387,10354181,AZ.KNW.HHZ,1,down,14.584084510803223,1.7099609375,73.3125
636982,14313572,CI.WRC.EHZ,0,up,24.767560958862305,1.6904296875,28.6875
2175903,9146982,CI.RMM.EHZ,1,down,7.428466796875,1.7998046875,30.40625
1840614,10871237,CI.PMD.HHZ,1,down,4.112298965454102,0.81982421875,47.1875
1045424,9873229,CI.SGL.EHZ,0,up,7.541530609130859,1.330078125,33.3125
1306278,14176864,CI.WMF.EHZ,0,up,5.825760364532471,0.81005859375,24.765625
1048627,14345588,CI.XTL.EHZ,1,down,14.262125968933105,1.349609375,23.09375
558079,10786981,CI.PASC.HHZ,0,up,11.301789283752441,2.51953125,42.375
450068,9614697,CI.ABL.EHZ,1,down,40.86069107055664,1.8798828125,60.125
533882,9949141,AZ.WMC.HHZ,0,up,7.201361179351807,1.5,40.5625
343670,14883260,CI.SGL.EHZ,1,down,25.759363174438477,2.4609375,76.9375
1629949,10755261,CI.XTL.EHZ,1,down,24.661073684692383,1.5595703125,31.046875
2191461,10727757,PB.B086.EHZ,0,up,10.69035530090332,1.650390625,13.2734375
1735937,10782589,AZ.PFO.HHZ,0,up,8.843949317932129,1.509765625,26.375
1429512,10224521,CI.DVT.HHZ,1,down,6.907505035400391,1.3603515625,49.28125
772989,14206112,CI.WCS.EHZ,0,up,20.993118286132812,0.389892578125,3.779296875
156371,11051245,CI.IDO.HHZ,0,up,30.54656982421875,1.75,16.8125
1495569,9757657,CI.JVA.HHZ,1,down,3.64782977104187,1.4501953125,19.3125
1029058,14160872,AZ.MONP.HHZ,0,up,8.416589736938477,3.26953125,117.25
1909870,14087804,CI.TEJ.EHZ,0,up,14.130614280700684,1.400390625,32.03125
2325004,10357213,CI.SGL.EHZ,1,down,15.06689739227295,1.919921875,48.8125
1559208,14332636,CI.PMD.HHZ,0,up,1.9186019897460938,1.25,85.625
2257717,14465336,AZ.CRY.HHZ,1,down,46.929569244384766,1.349609375,23.59375
2142937,11387578,CI.SLR.HHZ,1,down,138.50576782226562,2.970703125,46.09375
761238,11420714,CI.BAC.EHZ,1,down,10.278792381286621,0.85009765625,18.953125
486166,10355985,CI.CRR.EHZ,1,down,80.25780487060547,1.4404296875,22.25
1535510,14375708,SB.WLA.HLZ,1,down,13.79694652557373,1.080078125,8.0234375
620174,11394010,PB.B093.EHZ,1,down,25.852066040039062,0.489990234375,11.46875
339660,9795577,CI.DNR.HHZ,0,up,4.511701583862305,0.89990234375,9.8203125
866364,10059697,CI.QAL.EHZ,1,down,96.78073120117188,2.66015625,57.71875
904259,14216156,CI.HOL.EHZ,0,up,6.721843242645264,0.77001953125,17.828125
2325137,14242044,CI.RSB.HLZ,1,down,1.7498257160186768,1.580078125,9.3515625
1004360,9985489,CI.WRC.EHZ,1,down,15.71972370147705,0.8701171875,17.890625
731772,14394992,PB.B084.EHZ,1,down,7.802698612213135,1.66015625,114.6875
137617,14773540,PB.B084.EHZ,1,down,5.33844518661499,1.0400390625,64.125
717896,12456696,CI.CRR.EHZ,1,down,20.76000213623047,3.58984375,89.4375
2015602,10484637,CI.DJJ.HHZ,1,down,9.601308822631836,1.2001953125,27.984375
1445144,13974420,CI.GAV.EHZ,1,down,6.4127912521362305,1.740234375,24.828125
1520945,9965957,CI.BLA.HHZ,0,up,1.9738750457763672,1.849609375,65.4375
342071,14277684,CI.PMD.HHZ,1,down,5.221221923828125,1.4501953125,47.46875
1933705,14283012,CI.CRN.EHZ,1,down,2.353123664855957,2.349609375,33.8125
1681247,9143085,CI.HEC.HHZ,1,down,48.74857711791992,1.900390625,15.53125
2488513,14295924,CI.LJR.HHZ,0,up,2.531221628189087,1.33984375,6.69921875
1373639,14204480,CI.DPP.HHZ,0,up,8.369868278503418,1.6201171875,80.0
2424841,14466384,CI.PASC.HHZ,1,down,5.758294582366943,1.3203125,29.546875
1413831,10377821,CI.DSC.HHZ,0,up,35.053436279296875,1.98046875,77.125
453918,10378821,AZ.FRD.HHZ,0,up,6.94468879699707,1.0595703125,26.0625
996757,10298537,PB.B086.EHZ,1,down,9.792269706726074,1.4404296875,93.5
2449419,14381816,CI.SAL.HHZ,1,down,2.4237780570983887,1.4599609375,44.5625
1840651,9832097,AZ.PFO.HHZ,1,down,2.5372705459594727,1.2001953125,21.390625
2244666,10347833,CI.RMM.EHZ,1,down,3.188613176345825,0.81005859375,32.5
862866,10257065,AZ.BZN.HHZ,0,up,131.52381896972656,1.330078125,3.48046875
60499,9134101,CI.HDB.EHZ,0,up,5.27370023727417,1.599609375,26.296875
554048,9709681,CI.WRC.EHZ,0,up,49.282615661621094,1.5,26.515625
632939,12463428,CI.TAB.EHZ,1,down,27.377559661865234,1.900390625,58.8125
2464206,11045365,CI.CLC.HHZ,1,down,62.868404388427734,1.3603515625,31.0625
1002872,10202413,CI.BAC.EHZ,0,up,11.798773765563965,1.58984375,94.25
1306612,10230337,CI.BLK.EHZ,0,up,9.126032829284668,1.76953125,99.375
2467812,14215852,CI.WRC.EHZ,0,up,4.377486228942871,0.68017578125,21.078125
410635,14236824,CI.CBK.EHZ,0,up,10.560222625732422,1.5498046875,40.90625
1556693,14429120,CI.WOF.EHZ,1,down,4.235256671905518,1.240234375,86.625
2417427,10506565,CI.PEM.EHZ,0,up,85.65689849853516,2.0,102.9375
669218,13991968,CI.JVA.HHZ,1,down,8.003886222839355,1.8603515625,39.4375
921779,9719697,CI.OLY.EHZ,0,up,13.751750946044922,1.6103515625,56.84375
2483412,10247649,CI.SBB2.HHZ,0,up,4.619328498840332,1.4501953125,64.875
1423685,14160764,AZ.SND.HHZ,0,up,4.366327285766602,0.5498046875,17.984375
2201156,14006072,CI.YUH.EHZ,1,down,25.537494659423828,1.7001953125,71.875
575879,9949545,CI.HMT.EHZ,0,up,10.560096740722656,1.580078125,36.78125
1715085,11383746,CI.SGL.EHZ,1,down,14.046964645385742,2.189453125,58.96875
250854,10012569,CI.MPM.HHZ,0,up,3.1790337562561035,0.60009765625,36.21875
1778586,14993108,AZ.CRY.HHZ,1,down,6.957019805908203,1.3896484375,78.9375
543853,11101922,CI.WMF.EHZ,0,up,3.840926170349121,0.300048828125,22.484375
362718,10722781,AZ.LVA2.HHZ,0,up,47.73721694946289,1.3798828125,15.6875
2147999,10013025,CI.WHF.EHZ,0,up,33.98236846923828,1.75,54.96875
747285,10544341,CI.JEM.HHZ,1,down,9.008193969726562,0.93994140625,41.625
1617175,10980621,CI.DTP.EHZ,0,up,27.740514755249023,1.8603515625,66.75
537582,14343808,AZ.FRD.HHZ,0,up,112.01822662353516,1.16015625,14.21875
1348734,15080092,CI.SNR.EHZ,1,down,2.2874855995178223,1.9404296875,36.28125
1988636,12599428,CI.HOL.EHZ,0,up,6.477412223815918,1.6201171875,89.8125
1632082,10373493,CI.MPM.HHZ,0,up,150.7530059814453,1.490234375,17.984375
546384,9693509,CI.WMF.EHZ,1,down,20.294172286987305,1.830078125,7.48828125
164575,14752396,CI.WLH.EHZ,1,down,18.562313079833984,2.41015625,72.25
245862,10487837,CI.BTL.EHZ,1,down,6.565603733062744,1.08984375,18.71875
700106,10054745,CI.HMT.EHZ,1,down,9.71680736541748,1.5302734375,32.0
1801589,14725588,ZY.WAGN.EHZ,1,down,19.01665496826172,1.419921875,0.91015625
561104,11051629,AZ.MONP2.HHZ,1,down,15.398999214172363,0.81005859375,16.59375
1776684,10345597,AZ.KNW.HHZ,1,down,2.367072820663452,0.8798828125,28.328125
1078288,13655556,AZ.BZN.HHZ,0,up,4.66790246963501,0.89990234375,4.01171875
1580928,9928577,CI.RAY.EHZ,1,down,25.406248092651367,2.0390625,19.625
224257,9137218,CI.TPC.EHZ,1,down,23.637479782104492,1.7197265625,29.671875
620556,13945808,CI.PLM.HHZ,0,up,5.497966289520264,1.5498046875,87.875
25488,9718893,CI.BAC.EHZ,1,down,5.5926833152771,1.1298828125,48.875
1119099,9797289,CI.RMR.EHZ,1,down,8.376858711242676,1.1904296875,49.3125
1598596,14383172,PB.B087.EHZ,1,down,3.224393129348755,1.41015625,116.375
1081733,14395308,CI.JVA.HHZ,1,down,2.49676775932312,1.650390625,69.3125
2337524,12459596,CI.IKP.EHZ,1,down,19.58922576904297,2.66015625,81.1875
2131132,10836773,WR.CSP.EHZ,0,up,3.4831173419952393,1.099609375,21.234375
1614297,11000589,AZ.BZN.HHZ,0,up,16.918397903442383,0.89990234375,12.6875
98128,9908081,CI.SUN.EHZ,0,up,33.30487823486328,2.41015625,58.0625
363423,9153864,CI.SIL.EHZ,1,down,35.45482635498047,2.16015625,24.515625
106556,10769469,CI.WMF.EHZ,0,up,5.465694427490234,0.7099609375,50.1875
358541,10658757,ZY.WAGN.EHZ,0,up,7.746559143066406,1.41015625,13.578125
2114495,14870892,CI.YUH.EHZ,1,down,35.642852783203125,1.8701171875,49.4375
317831,10527173,EN.YOU.EHZ,1,down,6.635189533233643,0.39990234375,4.98828125
2437217,9909001,CI.CTW.EHZ,0,up,20.611568450927734,1.51953125,24.515625
682540,9631397,CI.WJP.EHZ,0,up,19.6448974609375,1.2998046875,19.546875
1454873,10318445,CI.SLR.HHZ,0,up,3.0538554191589355,1.7900390625,39.0
1744783,9779149,CI.RMR.EHZ,0,up,181.0454559326172,2.01953125,29.734375
963495,12943436,CI.WHF.EHZ,0,up,19.100845336914062,1.2998046875,25.34375
1497434,10634613,ZY.USG.EHZ,1,down,3.7127468585968018,1.2197265625,12.6796875
541950,15161249,CI.RXH.HHZ,1,down,4.2176055908203125,0.39990234375,2.1796875
1587506,11394002,CI.DNR.HHZ,0,up,10.166251182556152,0.740234375,19.28125
1893674,11101850,CI.DPP.HHZ,0,up,10.936918258666992,2.33984375,61.40625
1221401,9632501,CI.WOF.EHZ,1,down,36.560001373291016,1.1796875,22.265625
1728552,9879941,CI.PLM.HHZ,1,down,12.028387069702148,0.60986328125,18.765625
935121,11004293,CI.POB.EHZ,0,up,43.41166687011719,1.009765625,14.6015625
2201477,10400121,AZ.SND.HHZ,0,up,4.134087085723877,0.9501953125,29.15625
743989,9721373,CI.BMT.EHZ,1,down,2.290738105773926,1.599609375,71.875
542838,9156166,CI.LTC.EHZ,1,down,5.416945457458496,1.2998046875,62.6875
2374430,9874477,CI.SWS.HHZ,1,down,9.287002563476562,1.669921875,33.90625
1441402,11328682,CI.RPV.HHZ,1,down,5.473262786865234,1.3798828125,24.390625
1364507,13937396,WR.CSP.EHZ,1,down,6.082050323486328,1.7099609375,47.15625
688596,11023013,CI.BOR.HHZ,1,down,22.858854293823242,1.1298828125,29.890625
2458665,14718340,CI.CRR.EHZ,1,down,3.8024532794952393,2.150390625,110.4375
2018066,10410225,AZ.SND.HHZ,0,up,5.701054096221924,0.6298828125,10.703125
1248549,9655741,CI.ISA.HHZ,0,up,4.363175392150879,1.2001953125,41.0
1747360,14050068,CI.BTP.HHZ,1,down,9.91455364227295,2.490234375,86.375
1817619,11057957,CI.MSC.HHZ,0,up,3.2786056995391846,1.0302734375,38.5
73218,9652813,CI.LKL.HHZ,1,down,3.796870231628418,2.439453125,17.734375
1653809,14602668,CI.PMD.HHZ,1,down,6.8637590408325195,1.2197265625,71.8125
1568704,13970164,CI.SLR.HHZ,1,down,99.17366027832031,2.349609375,58.0625
837477,10185705,CI.SBPX.HHZ,0,up,1.432633638381958,0.919921875,22.90625
1869427,9168887,AZ.RDM.HHZ,0,up,31.306013107299805,1.7197265625,40.59375
945160,10201097,CI.WMF.EHZ,1,down,39.87369918823242,1.0400390625,3.759765625
157178,14618532,CI.SGL.EHZ,1,down,6.096224308013916,1.8798828125,8.2421875
697343,10779805,CI.IBP.HHZ,0,up,44.28971481323242,1.6103515625,16.5
712152,10260529,CI.WRV.EHZ,0,up,16.309709548950195,1.25,9.2421875
1531619,13055428,AZ.MONP.HHZ,0,up,2.7295339107513428,1.0703125,50.21875
742428,10492677,CI.WAS.EHZ,0,up,2.5580434799194336,1.009765625,42.8125
971713,10222201,CI.POB.EHZ,0,up,4.862565994262695,1.099609375,75.1875
1417441,11368274,CI.GOR.HHZ,0,up,107.30915069580078,3.4296875,67.3125
351681,10378777,AZ.CRY.HHZ,0,up,38.977256774902344,0.81982421875,21.453125
1177765,13431428,CI.SIL.EHZ,0,up,67.82577514648438,1.759765625,3.279296875
1842996,14201164,CI.LEO.EHZ,0,up,27.326833724975586,1.8701171875,63.84375
1490248,14296360,CI.PLM.HHZ,0,up,3.1621968746185303,1.0595703125,42.0625
2311480,9158310,CI.WSH.EHZ,0,up,117.24037170410156,2.48046875,29.125
948200,15016260,AZ.LVA2.HHZ,1,down,18.745962142944336,0.8798828125,25.109375
2183021,11127858,CI.CHF.HHZ,1,down,44.69282150268555,2.23046875,72.4375
2347154,14490304,AZ.RDM.HHZ,1,down,3.3618087768554688,1.1396484375,33.375
2044375,10750157,AZ.MONP2.HHZ,1,down,7.329907417297363,1.7197265625,65.25
2326011,11242506,CI.WMF.EHZ,0,up,3.9356400966644287,0.91015625,42.125
1754249,10096481,CI.WOF.EHZ,0,up,77.9378890991211,1.75,28.90625
183856,10357385,PB.B087.EHZ,0,up,11.63262939453125,1.169921875,39.15625
420631,10319229,CI.CRR.EHZ,0,up,3.1057121753692627,1.0703125,64.1875
1932484,9718105,AZ.PFO.HHZ,1,down,4.1590776443481445,1.0,10.6015625
1249534,14171152,CI.EML.HHZ,0,up,28.690288543701172,0.93994140625,41.15625
1888016,14282380,NC.MMI.EHZ,1,down,6.129988670349121,1.599609375,68.1875
537082,9168297,CI.HDB.EHZ,0,up,21.970436096191406,2.880859375,79.75
1183203,13966756,CI.BTC.HHZ,0,up,9.289993286132812,2.3203125,31.515625
2289656,14000528,AZ.KNW.HHZ,0,up,12.068306922912598,1.8701171875,51.28125
1963103,11274802,AZ.PFO.HHZ,1,down,22.348876953125,0.47998046875,11.84375
1388403,13657560,CI.DPP.HHZ,1,down,66.1130599975586,1.98046875,42.1875
893459,10872629,CI.WCH.EHZ,1,down,7.850070953369141,1.4697265625,28.546875
646938,14085792,CI.MDA.EHZ,0,up,2.4938948154449463,1.650390625,19.484375
1982261,14731348,ZY.WAGN.EHZ,1,down,16.480680465698242,1.599609375,18.796875
2236808,13811912,AZ.SND.HHZ,1,down,1.9956539869308472,1.5,104.75
1518473,14162204,CI.VES.HHZ,0,up,4.252723693847656,2.470703125,97.3125
621727,9697777,AZ.TRO.EHZ,0,up,9.099061965942383,1.4296875,39.875
1245866,11035077,AZ.SND.HHZ,1,down,6.493533134460449,0.6298828125,16.265625
1988539,14233880,CI.WCH.EHZ,1,down,7.037031173706055,2.109375,23.09375
1112862,10207461,AZ.SND.HHZ,0,up,9.351641654968262,0.7099609375,17.734375
579437,10871621,CI.MSJ.HHZ,1,down,28.334659576416016,3.109375,67.125
241837,9158233,CI.LUC.EHZ,1,down,6.3098673820495605,1.9296875,71.625
213344,11417570,PB.B087.EHZ,0,up,18.077362060546875,0.60986328125,13.84375
2182480,14348608,ZY.SHF2.HHZ,1,down,12.538204193115234,2.689453125,67.5
2159545,10370465,EN.HAT.EHZ,0,up,25.249114990234375,0.300048828125,2.41015625
2016483,10758669,CI.ERP.EHZ,0,up,57.52268600463867,1.8603515625,17.71875
2106478,9177572,CI.WNM.EHZ,0,up,18.31794548034668,1.0,13.4609375
1454303,9146846,CI.RAY.ELZ,0,up,3.6399457454681396,1.7197265625,30.625
1257876,9949149,CI.DEC.HHZ,0,up,4.3397603034973145,1.3095703125,13.0
2436699,14329248,CI.WHF.EHZ,0,up,4.337600231170654,0.97998046875,74.625
1348597,10182005,CI.DVT.HHZ,0,up,3.9812135696411133,1.8896484375,68.8125
1583558,14466264,CI.JRC2.HHZ,1,down,20.889265060424805,1.9296875,44.8125
344614,10346365,CI.BLK.EHZ,0,up,11.985499382019043,2.330078125,113.3125
1172365,14312160,CI.ABL.EHZ,0,up,126.12665557861328,4.66015625,82.5
2380,13998528,CI.DNR.HHZ,1,down,35.272666931152344,0.830078125,1.7197265625
1543033,13307496,CI.HYS.EHZ,1,down,3.088393211364746,1.259765625,62.375
1337595,10860877,AZ.BZN.HHZ,0,up,7.31650447845459,0.5498046875,9.171875
629680,11056573,PB.B081.EHZ,1,down,15.642913818359375,2.4296875,66.3125
1173635,12515432,CI.JRC.HHZ,1,down,3.374626398086548,0.77978515625,13.6328125
2436165,11067445,AZ.KNW.HHZ,1,down,17.044147491455078,0.5400390625,14.3828125
1111013,10960013,CI.SNO.HHZ,1,down,34.39033126831055,1.2998046875,29.703125
2013891,14237328,CI.WGR.HHZ,1,down,9.433853149414062,1.240234375,28.03125
2452243,11407770,AZ.CRY.HHZ,0,up,3.2827792167663574,0.419921875,7.5
1178285,14288940,CI.YUH.EHZ,0,up,143.80503845214844,2.470703125,62.25
623992,14200444,CI.RVR.EHZ,0,up,3.849916458129883,1.490234375,20.515625
1168382,14256032,CI.DPP.HHZ,0,up,10.546589851379395,2.26953125,83.4375
1406145,14388244,CI.DNR.HHZ,1,down,10.946429252624512,0.8701171875,54.59375
161791,14185536,AZ.KNW.HHZ,1,down,41.113258361816406,1.1396484375,26.640625
1972190,9691369,CI.WRV.EHZ,0,up,5.940864562988281,1.759765625,27.96875
2111982,14237860,AZ.MONP.HHZ,0,up,5.118915557861328,2.0390625,54.125
472345,13979952,CI.MIR.EHZ,0,up,10.48355484008789,1.5400390625,35.53125
776871,14237456,CI.JCS.HHZ,1,down,4.580928802490234,1.330078125,56.0625
1320455,10797389,CI.JRC2.HHZ,0,up,45.40689468383789,0.300048828125,6.328125
916753,14693020,CI.WSH.EHZ,1,down,5.451818943023682,1.0,47.875
2335518,12475520,CI.HMT.EHZ,0,up,8.56922721862793,1.009765625,28.09375
77717,10603957,ZY.PNTO.EHZ,1,down,381.7352600097656,2.990234375,7.01953125
332740,14180864,CI.FRK.EHZ,1,down,11.90688705444336,0.89990234375,24.453125
2321582,10797981,AZ.KNW.HHZ,1,down,106.6637191772461,1.7001953125,36.75
1342642,14138012,CI.WNM.EHZ,0,up,6.509849548339844,0.9501953125,39.09375
2386622,9170633,CI.TPC.EHZ,0,up,4.134100914001465,1.75,60.9375
2092495,9159583,CI.CHN.HHZ,0,up,5.211626052856445,2.189453125,42.15625
1122057,11392058,CI.SNO.HHZ,1,down,56.49376678466797,1.25,14.0390625
226085,9973829,CI.JRC.HHZ,1,down,67.86414337158203,0.89990234375,3.279296875
1255764,14189412,CI.JRC2.HHZ,0,up,8.684589385986328,0.77978515625,11.359375
1501926,9889389,CI.BBR.HHZ,1,down,1.574842095375061,1.490234375,30.796875
15255,10718613,CI.CBK.EHZ,1,down,9.826836585998535,1.2802734375,38.71875
1832805,14996812,CI.SDR.HHZ,1,down,7.061739921569824,1.3603515625,57.09375
2341734,14255848,CI.PMD.HHZ,1,down,31.714452743530273,0.830078125,19.515625
176452,14186660,CI.TER.EHZ,1,down,5.485964775085449,2.33984375,47.21875
2135739,10667029,CI.TJR.EHZ,0,up,17.608919143676758,2.25,65.875
1113374,9153199,CI.MGE.HHZ,0,up,12.524175643920898,2.849609375,58.25
277861,14215272,CI.WCS.EHZ,1,down,2.992189884185791,0.81005859375,10.46875
2319253,15194497,AZ.FRD.HHZ,1,down,839.2833862304688,1.919921875,7.0703125
2078889,9747017,CI.WIN.EHZ,0,up,62.44343185424805,2.009765625,61.71875
977966,14286912,CI.BLK.EHZ,1,down,10.586270332336426,1.669921875,73.0
2227029,10742269,AZ.PFO.HHZ,1,down,25.931413650512695,1.759765625,21.125
1867435,14165396,CI.MDA.EHZ,1,down,5.842601776123047,1.8701171875,29.453125
179185,9881037,CI.SIP.EHZ,1,down,11.766230583190918,0.93994140625,20.6875
478503,10763837,CI.YUH.EHZ,0,up,187.23587036132812,1.259765625,12.9375
2299283,10222245,CI.SME.EHZ,0,up,8.460988998413086,1.990234375,96.375
1237308,11284138,AZ.TRO.HHZ,0,up,7.980560779571533,0.91015625,35.125
1201743,11359746,AZ.SND.HHZ,1,down,4.759291172027588,0.07000732421875,14.4296875
273008,10544221,AZ.SND.HHZ,1,down,86.03584289550781,2.740234375,46.8125
2097478,10150357,CI.WRV.EHZ,0,up,18.66083526611328,0.300048828125,7.2109375
1394972,12459664,AZ.SND.HHZ,1,down,7.02247428894043,1.400390625,46.90625
468510,10785045,CI.SGL.EHZ,0,up,21.6107177734375,1.490234375,19.453125
1477832,12451912,CI.EW2.EHZ,0,up,3.0462515354156494,1.9296875,100.1875
1506412,10912189,CI.HMT.EHZ,0,up,21.671039581298828,1.9404296875,73.75
2027247,9141792,CI.ALV.EHZ,0,up,22.301677703857422,2.029296875,43.03125
977016,9700141,CI.CAP.HHZ,0,up,12.799028396606445,1.759765625,47.5
1378558,14161016,CI.PLM.HHZ,0,up,19.73798179626465,1.1201171875,36.40625
1178811,11283322,PB.B084.EHZ,1,down,23.186094284057617,0.66015625,11.3828125
115631,14729980,CI.EMS.EHZ,1,down,3.8435025215148926,1.349609375,35.625
62304,10771021,CI.COA.EHZ,0,up,6.054698467254639,2.189453125,108.9375
1924701,10005085,CI.COA.EHZ,0,up,24.89793586730957,1.5595703125,45.65625
616741,9170042,CI.DTP.EHZ,0,up,20.485044479370117,1.599609375,21.140625
1648250,10782981,PB.B087.EHZ,1,down,10.872793197631836,0.60009765625,4.87890625
2271046,14490512,CI.WBS.HHZ,1,down,1.617272138595581,0.89990234375,22.171875
586363,10750957,CI.WBM.EHZ,1,down,5.644110679626465,2.650390625,52.125
1810203,10371149,AZ.LVA2.HHZ,0,up,97.92321014404297,1.580078125,15.6875
1506092,10405009,AZ.TRO.HHZ,0,up,11.361616134643555,0.990234375,7.73046875
1274242,14072976,CI.WMF.EHZ,1,down,207.44956970214844,1.099609375,7.12890625
1958630,9653689,CI.WCS.EHZ,1,down,2.0536837577819824,2.490234375,35.34375
1767736,9807637,CI.DTP.EHZ,0,up,10.748530387878418,1.7900390625,49.65625
862720,11053317,AZ.FRD.HHZ,1,down,20.544036865234375,1.169921875,17.6875
1453233,14733156,ZY.WAGN.EHZ,1,down,190.4964599609375,1.6796875,7.0390625
459736,14189164,CI.TJR.EHZ,0,up,11.758575439453125,1.51953125,25.6875
283942,10372825,CI.WRC.EHZ,0,up,5.20350980758667,1.2900390625,33.03125
1595940,14207252,CI.WMF.EHZ,0,up,3.465959072113037,0.91015625,62.84375
1961615,10060045,AZ.FRD.HHZ,0,up,23.135501861572266,0.449951171875,19.234375
870251,14167484,AZ.FRD.HHZ,0,up,31.089902877807617,0.419921875,6.8984375
181775,10357533,CI.LTP.HHZ,1,down,2.9356555938720703,1.6396484375,14.59375
2223696,9613713,CI.XTL.EHZ,1,down,4.541769981384277,1.51953125,69.1875
532014,10438209,AZ.CRY.HHZ,0,up,6.606245994567871,0.77978515625,56.4375
359471,10729053,CI.ERP.EHZ,0,up,10.723355293273926,2.169921875,28.6875
579153,9151502,CI.HDB.EHZ,1,down,10.174208641052246,1.8095703125,31.125
637009,9645609,AZ.KNW.HHZ,0,up,26.994400024414062,2.279296875,54.15625
1763620,13942072,CI.PLM.HHZ,1,down,16.07745361328125,1.3603515625,37.125
22123,10456869,CI.SBB2.HHZ,1,down,25.35302734375,1.6103515625,54.5625
2174474,9965889,CI.MDA.EHZ,1,down,19.08309555053711,2.080078125,8.2734375
2281040,14253964,CI.RAY.EHZ,1,down,2.9220051765441895,1.66015625,37.15625
484155,10378621,CI.PMD.HHZ,0,up,15.433974266052246,1.0703125,31.90625
2274549,10981773,CI.DGR.HHZ,0,up,33.52080535888672,1.2998046875,44.625
1325714,14205592,CI.POB.EHZ,1,down,10.843655586242676,1.1796875,32.78125
781972,13812336,CI.RMR.EHZ,0,up,4.460366249084473,0.60009765625,30.375
370052,14076584,CI.RAY.EHZ,1,down,18.569950103759766,1.580078125,32.28125
2039758,10153286,ZY.PNTO.EHZ,1,down,64.15354919433594,0.7998046875,7.671875
2047184,10783997,AZ.BZN.HHZ,1,down,4.202331066131592,0.7001953125,21.1875
2161344,10228433,CI.SNR.EHZ,0,up,36.11479568481445,2.630859375,61.78125
2065718,10989701,NC.MMI.EHZ,0,up,19.624156951904297,2.30078125,80.3125
2275335,14296308,CI.PEM.EHZ,1,down,18.359928131103516,1.669921875,12.90625
2034679,14175484,CI.PMD.HHZ,1,down,8.544755935668945,0.58984375,21.078125
622896,11005189,CI.LMR2.HHZ,0,up,63.976417541503906,1.1796875,10.5234375
1788976,11407762,PB.B081.EHZ,1,down,5.991978168487549,0.280029296875,8.859375
243788,10166581,CI.PMD.HHZ,0,up,5.125408172607422,0.7001953125,22.8125
796638,11103714,CI.GTM.EHZ,1,down,108.44539642333984,2.859375,32.96875
2363085,14436016,NP.5271.HLZ,1,down,19.997549057006836,1.6103515625,7.41015625
1367910,9880705,AZ.PFO.HHZ,1,down,9.052382469177246,1.0703125,12.7265625
1369117,10317713,CI.STC.HHZ,0,up,10.691147804260254,2.310546875,16.203125
1798954,10492773,PB.B081.EHZ,0,up,7.5327301025390625,0.919921875,34.96875
488251,13994344,CI.POB.EHZ,0,up,78.53839111328125,1.7001953125,46.0625
2255259,10482893,CI.THC.EHZ,0,up,60.40367126464844,1.5498046875,32.21875
1813516,14234444,CI.HYS.EHZ,1,down,4.436973571777344,1.0595703125,81.875
18210,9976521,CI.LMR2.HHZ,0,up,42.86153793334961,2.80078125,91.875
540863,10057877,CI.HOL.EHZ,1,down,9.261359214782715,2.099609375,116.9375
1221001,11022213,AZ.WMC.HHZ,1,down,42.4449577331543,0.77001953125,7.03125
442279,10093909,CI.MWC.EHZ,1,down,81.86997985839844,3.349609375,70.25
521806,9666597,CI.HMT.EHZ,0,up,6.0869598388671875,1.3896484375,32.3125
303393,10010437,CI.SS2.EHZ,0,up,6.51336145401001,1.3603515625,46.5
349465,10150565,CI.DVT.HHZ,1,down,12.888663291931152,2.150390625,57.4375
1107663,15180537,CI.SBB2.HHZ,1,down,11.599148750305176,1.4599609375,59.0
2072013,10397489,AZ.BZN.HHZ,0,up,34.67061233520508,1.990234375,67.6875
509807,11367586,EN.HAT.EHZ,1,down,10.039459228515625,0.60009765625,12.8828125
124103,10247169,CI.HOL.EHZ,0,up,13.219015121459961,1.48046875,78.25
4116,11012669,AZ.FRD.HHZ,0,up,59.13701629638672,0.9599609375,21.875
348004,9994581,CI.WOR.EHZ,0,up,4.739721298217773,1.599609375,53.9375
847684,10729093,PB.B093.EHZ,1,down,19.892189025878906,1.8896484375,86.75
442431,9677201,CI.WWP.EHZ,0,up,4.052414894104004,1.349609375,39.09375
89961,14184260,AZ.WMC.HHZ,0,up,17.68429183959961,1.6396484375,12.1875
1439678,10054621,CI.SRN.HHZ,0,up,5.255180835723877,1.240234375,14.84375
913602,10486101,CI.WSH.EHZ,0,up,30.78353500366211,1.919921875,94.0
1516007,11374930,CI.DNR.HHZ,1,down,51.05331802368164,1.7998046875,38.15625
2056634,10770085,CI.BLA2.HHZ,0,up,10.44705867767334,1.76953125,79.625
2446837,14312700,PB.B086.EHZ,1,down,58.82316589355469,1.3095703125,12.2578125
2079204,11423178,CI.SWS.HHZ,0,up,12.075363159179688,1.6298828125,20.15625
1356840,10169393,CI.TJR.EHZ,0,up,12.319825172424316,1.1904296875,17.734375
2444876,14072976,CI.WCH.EHZ,0,up,8.050699234008789,1.099609375,25.984375
2371786,12447692,CI.WRV.EHZ,1,down,5.20467472076416,1.2998046875,1.9404296875
1761230,10318493,PB.B087.EHZ,1,down,20.044132232666016,2.279296875,105.3125
715058,10082905,CI.RMM.EHZ,0,up,4.062675476074219,1.099609375,36.65625
2091169,9158827,CI.RMR.EHZ,1,down,22.229944229125977,1.7998046875,72.375
1140172,14565068,AZ.LVA2.HHZ,1,down,85.42994689941406,1.5,16.046875
1305984,13255428,CI.BOR.HHZ,1,down,14.785115242004395,1.48046875,21.09375
1407470,9855921,CI.HMT.EHZ,0,up,2.8267388343811035,0.7998046875,35.34375
2134477,14431672,PB.B921.EHZ,1,down,12.37940788269043,1.4501953125,47.78125
1137182,14728964,PB.B093.EHZ,1,down,4.078890323638916,0.75,34.875
774674,10909469,CI.BOR.HHZ,1,down,255.474365234375,1.01953125,13.4609375
120508,9719697,CI.EW2.EHZ,0,up,3.751859664916992,1.6103515625,48.5625
1314517,9776073,CI.BLA.HHZ,0,up,8.096162796020508,2.099609375,31.5625
814041,9145339,CI.NOT.EHZ,0,up,31.571191787719727,2.740234375,13.0234375
812716,9160939,CI.RAG.EHZ,0,up,3.382976770401001,1.2998046875,30.625
792878,15147041,CI.DNR.HHZ,1,down,19.35207176208496,1.4404296875,16.203125
1694489,10371717,PB.B082.EHZ,1,down,260.5523376464844,1.8095703125,12.65625
703765,10312713,PB.B087.EHZ,0,up,286.8994445800781,2.130859375,13.7421875
1423880,10010309,CI.SPG.HHZ,0,up,10.193153381347656,1.7998046875,46.5625
1215382,13974448,CI.PEM.EHZ,0,up,13.403301239013672,2.009765625,61.15625
1478100,10989845,PB.B093.EHZ,0,up,130.8523406982422,1.6103515625,21.65625
2060124,10353161,AZ.SND.HHZ,0,up,4.892269134521484,2.1796875,116.0625
2446254,14895444,CI.PMD.HHZ,1,down,53.7301139831543,1.509765625,56.75
2220773,14186336,CI.STT.EHZ,1,down,3.4118850231170654,2.51953125,91.125
893510,11363026,CI.WCS.EHZ,1,down,6.135406017303467,2.240234375,14.1796875
1780135,14552756,AZ.KNW.HHZ,1,down,5.8164801597595215,0.320068359375,6.73828125
299492,11130418,CI.RVR.HHZ,1,down,4.122616291046143,0.7998046875,13.4765625
608374,11092194,CI.BBS.HHZ,1,down,5.205861568450928,3.51953125,69.6875
931644,14312596,CI.TEH.HHZ,1,down,56.243385314941406,3.009765625,102.5625
244918,14472216,CI.CGO.HHZ,1,down,52.20574951171875,1.26953125,16.65625
2262380,10279925,CI.DNR.HHZ,0,up,10.923421859741211,0.97998046875,42.84375
780045,14336124,CI.CCC.HHZ,0,up,7.416765213012695,1.9697265625,45.875
1475537,15201201,EN.ENG.EHZ,1,down,7.608102798461914,1.2900390625,15.28125
2207984,14436888,CI.TPM.EHZ,1,down,3.1801493167877197,1.0498046875,36.34375
263942,14203748,CI.ERR.HHZ,0,up,3.0870373249053955,1.240234375,17.671875
982834,10928581,CI.TOR.HHZ,0,up,18.73919105529785,2.0,22.953125
1987236,14026136,CI.HOL.EHZ,1,down,15.103074073791504,2.130859375,66.875
147257,12375504,CI.POB.EHZ,0,up,16.680112838745117,1.490234375,48.40625
898776,10602333,ZY.SHCM.EHZ,0,up,29.73744773864746,1.8603515625,8.59375
1547256,10411009,AZ.LVA2.HHZ,1,down,22.128829956054688,1.3798828125,33.09375
981965,14991844,PB.B081.EHZ,1,down,16.33683967590332,1.4599609375,47.625
1035152,9672209,CI.WWP.EHZ,1,down,13.669410705566406,1.6298828125,37.84375
1985391,14930060,CI.WES.HHZ,1,down,4.638094902038574,1.6796875,26.734375
640590,9983869,CI.CCA.EHZ,0,up,7.873067855834961,2.08984375,34.25
1986089,10861477,CI.FRK.EHZ,1,down,8.692959785461426,2.060546875,86.25
1107163,9872817,CI.ARV.EHZ,0,up,10.14274787902832,2.189453125,42.25
2129031,9655049,AZ.WMC.HHZ,0,up,14.657649993896484,1.1103515625,5.8203125
78671,10482429,CI.BAC.EHZ,0,up,16.10451316833496,0.5498046875,22.5625
1556914,14380256,AZ.CRY.HHZ,1,down,23.457983016967773,1.0703125,39.5625
565508,15153273,AZ.TRO.HHZ,1,down,12.273669242858887,1.4501953125,22.875
530163,10528141,CI.WMF.EHZ,1,down,9.057565689086914,0.9599609375,9.8984375
1283884,10869829,CI.MPM.HHZ,0,up,5.559665203094482,0.25,25.359375
263756,13657256,CI.WES.HHZ,0,up,3.9099035263061523,1.2001953125,17.546875
2388724,13910048,CI.HDB.EHZ,0,up,2.8673923015594482,1.5,39.59375
2240572,14177740,AZ.WMC.HHZ,0,up,13.485879898071289,0.990234375,12.9375
892823,10007649,CI.WS2.EHZ,1,down,6.2310099601745605,1.41015625,34.25
1479966,10673253,ZY.MLDN.EHZ,0,up,6.102711200714111,0.89013671875,27.6875
1521726,14198228,CI.WRC.EHZ,0,up,6.232747554779053,0.7001953125,14.15625
2238068,15186417,AZ.KNW.HHZ,1,down,3.596381425857544,0.7998046875,36.25
382262,14404108,CI.SBPX.HHZ,1,down,82.00949096679688,2.83984375,21.21875
908526,9667133,CI.MCT.HHZ,1,down,13.082304000854492,1.7001953125,60.28125
1633222,10081653,CI.WOF.EHZ,0,up,7.825904846191406,1.25,34.84375
400051,13507432,CI.GAV.EHZ,0,up,3.8001153469085693,1.6103515625,21.9375
1926767,11421250,CI.ERR.HHZ,1,down,6.814315319061279,1.400390625,7.51953125
582866,13997620,CI.HEC.HHZ,0,up,61.80466079711914,1.2998046875,6.7109375
1532679,10724469,CI.COK.EHZ,0,up,11.90188980102539,1.490234375,22.453125
276765,14007128,AZ.PFO.HHZ,1,down,47.5850715637207,1.3701171875,13.9296875
1475681,10407457,AZ.CRY.HHZ,0,up,23.54598045349121,1.0,18.25
951533,11004501,CI.TEJ.EHZ,0,up,5.723904609680176,2.19921875,52.96875
856262,11057541,CI.WRV.EHZ,0,up,41.18086624145508,2.099609375,32.375
2218847,9772997,CI.VES.HHZ,0,up,1.8133214712142944,1.6396484375,69.125
1138340,10616205,ZY.OYSB.EHZ,1,down,34.50950241088867,2.759765625,15.6015625
1089662,10165046,CI.COA.EHZ,0,up,11.78055191040039,2.150390625,68.9375
707365,10737085,CI.BLA2.HHZ,1,down,49.057518005371094,2.029296875,74.9375
1168510,9708317,CI.WRC.EHZ,0,up,7.711765766143799,1.099609375,15.796875
2307479,10369305,CI.COA.EHZ,1,down,8.622029304504395,1.919921875,32.625
787792,9857337,AZ.WMC.HHZ,0,up,10.410115242004395,1.58984375,35.375
2484481,11062725,CI.SPG2.HHZ,1,down,40.18378829956055,1.759765625,39.8125
848035,11276090,CI.WMF.EHZ,1,down,5.957557678222656,1.41015625,86.3125
347258,9915345,CI.EW2.EHZ,0,up,3.349113941192627,1.2001953125,42.5
183022,9984389,CI.CTW.EHZ,1,down,4.227015495300293,1.98046875,81.1875
465726,9654965,CI.WHV.EHZ,0,up,19.49773597717285,2.16015625,28.40625
1917681,9709249,CI.WVP.EHZ,1,down,14.524394989013672,1.650390625,13.2421875
1977031,14441240,CI.EDW2.HHZ,1,down,18.236234664916992,1.5498046875,116.6875
321947,14215032,AZ.SND.HHZ,0,up,9.761801719665527,0.97998046875,18.0625
130273,14332576,AZ.PFO.HHZ,1,down,12.259289741516113,0.66015625,24.1875
1768265,14871100,PB.B917.EHZ,1,down,28.37514305114746,1.900390625,87.25
1438049,15080668,CI.SPF.HHZ,1,down,82.51260375976562,3.330078125,60.71875
146246,12259764,CI.SND.EHZ,0,up,52.26558303833008,1.599609375,7.94921875
366273,10180453,AZ.SND.HHZ,1,down,19.705059051513672,0.4599609375,4.55859375
1134137,10671677,CI.CBK.EHZ,0,up,5.371994495391846,1.98046875,90.25
2181563,9774805,CI.LEO.EHZ,0,up,6.47027063369751,1.41015625,47.78125
1583619,9691297,CI.JRC.HHZ,0,up,2.3986976146698,1.0,7.94921875
2112213,14161720,CI.WLH.EHZ,0,up,25.294471740722656,1.5595703125,21.734375
1370952,10344577,AZ.FRD.HHZ,1,down,4.071547031402588,1.080078125,53.125
1600698,10149389,AZ.RDM.HHZ,1,down,2.0623538494110107,0.52001953125,15.109375
2009410,11348474,CI.CHF.HHZ,0,up,11.756213188171387,1.41015625,54.75
1636441,9998261,CI.SME.EHZ,0,up,10.834115028381348,1.9697265625,56.4375
1656721,15103196,PG.PB.EHZ,1,down,178.5060272216797,1.7001953125,14.1015625
2315238,9881009,CI.SRT.EHZ,0,up,22.802852630615234,2.169921875,92.875
2333795,14206976,CI.SIL.EHZ,0,up,5.240433692932129,1.41015625,33.09375
12993,10248385,PB.B082.EHZ,0,up,3.0919597148895264,0.60009765625,19.71875
414957,12451768,CI.WOR.EHZ,0,up,2.780301809310913,1.5,49.6875
1160411,9673009,CI.WNM.EHZ,0,up,6.38179349899292,1.83984375,22.125
384165,14234268,CI.ERR.HHZ,1,down,2.9512617588043213,1.759765625,27.203125
1694177,11285290,CI.SME.EHZ,0,up,2.5287158489227295,1.400390625,72.375
1300522,9707353,CI.WVP.EHZ,1,down,29.582204818725586,0.89990234375,35.6875
944338,11364402,AZ.KNW.HHZ,1,down,24.023427963256836,0.97021484375,4.44140625
420547,13974800,CI.RAG.EHZ,1,down,29.342824935913086,1.5400390625,36.53125
1257418,12457264,CI.EMS.EHZ,1,down,2.3307602405548096,1.7802734375,57.28125
326054,15060180,AZ.FRD.HHZ,1,down,20.15180015563965,1.2197265625,54.125
332558,10056345,CI.PLM.HHZ,1,down,545.4369506835938,3.7890625,110.125
1040668,9141930,CI.HDB.EHZ,1,down,2.9159669876098633,1.5,11.4765625
87127,14154564,AZ.PFO.HHZ,1,down,3.393742799758911,0.5400390625,14.546875
398288,14237696,CI.HMT.EHZ,1,down,5.2151594161987305,1.490234375,24.125
991354,11210258,CI.CLC.HHZ,0,up,8.117162704467773,1.2998046875,38.21875
334671,14120780,CI.MIR.EHZ,0,up,2.754499912261963,0.7900390625,30.375
1110746,10372817,CI.DJJ.HHZ,0,up,18.138879776000977,1.5302734375,19.328125
2388499,10288405,CI.BOR.HHZ,1,down,3.1605992317199707,1.8798828125,25.15625
168726,14287712,CI.YUH.EHZ,0,up,203.06610107421875,1.099609375,12.390625
781487,11407794,AZ.CRY.HHZ,0,up,12.269855499267578,0.72998046875,7.5
799306,9879589,CI.YEG.EHZ,1,down,6.153664588928223,1.650390625,118.25
504583,9614645,CI.STC.HHZ,0,up,4.228048324584961,2.380859375,94.1875
819281,12458744,CI.CRR.EHZ,1,down,42.3626708984375,2.76953125,81.375
1756904,14118884,CI.ALV.EHZ,0,up,13.834035873413086,1.8095703125,47.71875
654750,10613869,ZY.USG.EHZ,1,down,15.767352104187012,1.9697265625,14.140625
1459563,10745901,CI.SGL.EHZ,0,up,6.0992913246154785,1.1796875,15.078125
680636,14120060,CI.BOR.HHZ,1,down,14.562479019165039,1.33984375,37.0625
2439723,14407348,CI.SLA.HHZ,1,down,119.24491882324219,1.41015625,8.7890625
357671,9147206,CI.CRN.EHZ,1,down,1.5748807191848755,1.6298828125,8.203125
228134,10672621,ZY.WAGN.EHZ,0,up,29.63299560546875,1.5400390625,9.671875
1790482,10434273,AZ.CRY.HHZ,0,up,32.443180084228516,1.33984375,28.3125
954740,10330133,CI.PASC.HHZ,1,down,2.800542116165161,1.9404296875,96.875
53465,14443536,CI.GMR.HHZ,1,down,46.31703567504883,2.619140625,72.9375
768647,9930777,CI.AGA.HHZ,0,up,11.385300636291504,0.9501953125,32.25
847437,14518372,CI.TOW.EHZ,1,down,10.68616008758545,0.740234375,11.9921875
773354,9165007,CI.WNM.EHZ,1,down,8.071038246154785,1.2001953125,19.375
1586455,9806593,CI.SKY.EHZ,1,down,11.20700740814209,1.5400390625,34.71875
985269,10296233,CI.BAC.EHZ,0,up,46.279109954833984,1.759765625,66.75
236354,10367305,CI.FLS.EHZ,0,up,7.005992412567139,1.23046875,88.25
1974648,9819237,CI.BAC.EHZ,0,up,237.4878387451172,2.830078125,31.8125
1735359,14235316,CI.COK.EHZ,0,up,11.118914604187012,1.169921875,10.828125
618137,10353509,CI.SAL.HHZ,1,down,15.522525787353516,2.2109375,13.4921875
1579426,10150033,CI.JRC2.HHZ,0,up,6.25889253616333,0.93994140625,19.421875
1198952,14148972,CI.RAG.EHZ,1,down,5.994643688201904,1.5,29.34375
1087633,10936637,AZ.CRY.HHZ,0,up,10.474214553833008,0.60986328125,11.546875
892585,10069593,CI.ISA.HHZ,0,up,73.9808120727539,2.359375,70.75
202109,9163968,CI.YUH.EHZ,1,down,14.167654991149902,2.4609375,91.5625
768625,10321701,CI.MPM.HHZ,1,down,68.2895278930664,1.849609375,30.1875
914183,14097928,AZ.CRY.HHZ,0,up,11.528541564941406,0.83984375,12.1171875
1043707,14243744,CI.POB.EHZ,0,up,7.965929985046387,0.77978515625,18.25
581968,14186860,CI.ABL.EHZ,1,down,159.50074768066406,2.029296875,28.84375
1269924,11283818,CI.LPC.HHZ,1,down,89.37191009521484,1.1103515625,9.953125
1133134,11362594,CI.PEM.EHZ,1,down,130.20111083984375,2.119140625,12.28125
169511,10632981,ZY.OCBC.HHZ,0,up,2.95906925201416,2.140625,24.90625
2433521,15010516,PB.B082.EHZ,1,down,10.46788215637207,0.8798828125,20.9375
307522,10724765,CI.EMS.EHZ,0,up,23.135698318481445,2.609375,63.59375
1263720,10972503,CI.SND.EHZ,0,up,5.938708782196045,1.419921875,103.5
24530,10001897,CI.LCG.HHZ,1,down,10.981010437011719,3.150390625,49.40625
2285277,9774757,CI.WSH.EHZ,0,up,25.4417724609375,1.599609375,86.375
550274,12503432,CI.WMF.EHZ,0,up,7.045429229736328,0.8701171875,26.796875
334672,10748741,CI.BOR.HHZ,1,down,3.0381288528442383,0.72021484375,26.59375
481557,14204512,CI.LFP.HHZ,0,up,5.6098175048828125,1.4296875,6.2890625
2007302,9678621,CI.WWP.EHZ,1,down,29.866901397705078,1.3203125,39.59375
194966,14157336,CI.FRK.EHZ,1,down,16.167133331298828,1.7900390625,42.5625
2349464,12559496,CI.JRC.HHZ,0,up,50.593177795410156,1.2802734375,13.3203125
210491,9672993,CI.MPM.HHZ,0,up,5.922150611877441,1.7197265625,34.8125
25196,9153805,CI.WS2.EHZ,0,up,12.014514923095703,2.029296875,35.59375
790530,10149129,CI.TA2.HHZ,1,down,27.223527908325195,1.0302734375,19.609375
1622582,14419072,PB.B084.EHZ,1,down,12.857796669006348,1.58984375,85.125
1237926,14289640,CI.TA2.HHZ,0,up,24.41736602783203,2.119140625,54.59375
1705042,10216165,CI.SUN.EHZ,0,up,9.149275779724121,1.4296875,39.25
1953208,15016940,CI.LUC.EHZ,1,down,5.611509799957275,1.51953125,55.71875
477758,11085266,CI.CLI.EHZ,0,up,5.8681254386901855,0.5,11.609375
2466038,10996781,PB.B087.EHZ,1,down,12.763235092163086,0.4599609375,7.609375
178160,10170246,CI.JEM.HHZ,0,up,2.80171799659729,0.7001953125,38.34375
2138311,14206680,AZ.RDM.HHZ,0,up,6.227224349975586,1.0302734375,58.78125
1512106,10700477,CI.PMD.HHZ,0,up,2.2285425662994385,0.469970703125,30.03125
1442087,10256377,CI.YUH.EHZ,0,up,80.64937591552734,1.48046875,13.7734375
1125114,11367266,CI.BBR.HHZ,0,up,41.24985122680664,2.599609375,82.375
1832029,10237345,PB.B082.EHZ,0,up,19.558134078979492,0.580078125,17.359375
171517,9672045,CI.WOR.EHZ,1,down,5.725711822509766,1.23046875,48.625
1130281,10923269,CI.RVR.HHZ,0,up,7.028954029083252,1.8701171875,63.0
369947,11674832,CI.WHF.EHZ,1,down,21.130563735961914,1.5498046875,53.5625
192851,9637005,CI.WHV.EHZ,0,up,11.835110664367676,2.509765625,96.8125
86979,10317269,PB.B081.EHZ,0,up,17.455278396606445,0.740234375,4.6796875
1048219,9652245,CI.RMM.EHZ,1,down,40.600494384765625,2.330078125,96.3125
100407,11379186,AZ.FRD.HHZ,1,down,112.74349212646484,1.26953125,23.21875
677775,10378437,CI.CLC.HHZ,1,down,57.89918899536133,1.349609375,21.3125
1854443,14343808,PB.B087.EHZ,0,up,106.42952728271484,1.16015625,14.2578125
2067971,9731405,CI.GTM.EHZ,0,up,3.958099365234375,2.150390625,44.59375
1974934,10380917,AZ.CRY.HHZ,0,up,4.240303993225098,1.0400390625,86.8125
1896019,12458620,CI.ERR.HHZ,0,up,12.510780334472656,1.51953125,20.4375
1041796,9633893,CI.THX.HHZ,1,down,2.7295966148376465,1.98046875,31.578125
679421,9671953,CI.WRV.EHZ,1,down,49.47080993652344,1.7900390625,2.509765625
2262047,11362706,CI.BCH.EHZ,0,up,55.363895416259766,3.099609375,79.625
1659120,9878993,CI.HDB.EHZ,1,down,8.709676742553711,1.080078125,19.359375
272203,9934589,CI.RMM.EHZ,0,up,7.162626266479492,1.240234375,30.875
928692,10169157,CI.RMR.EHZ,1,down,23.88754653930664,2.080078125,62.03125
1499625,10097709,AZ.PFO.HHZ,0,up,14.073399543762207,1.1103515625,29.953125
408286,9941921,CI.CLC.EHZ,1,down,7.342072486877441,0.91015625,24.625
2011647,10149953,CI.WMF.EHZ,0,up,6.751449108123779,2.4609375,23.65625
615299,9820905,CI.MPM.HHZ,0,up,14.799151420593262,0.830078125,36.15625
330303,14214660,CI.HYS.EHZ,0,up,14.806017875671387,2.4296875,21.140625
763296,3326908,CI.WCS.EHZ,0,up,6.932266712188721,1.2998046875,8.4921875
1922667,11250690,CI.COK.EHZ,0,up,3.857687473297119,1.580078125,20.203125
1670297,14120688,CI.MDA.EHZ,0,up,5.651962757110596,1.4501953125,11.1875
204014,9154473,CI.ALV.EHZ,1,down,37.09054183959961,1.7001953125,30.421875
2175884,13936612,CI.RAY.EHZ,1,down,13.43997859954834,1.580078125,29.828125
1345929,10872773,CI.SLB.HHZ,1,down,3.950423240661621,1.349609375,39.6875
943863,10368437,CI.WLH.EHZ,1,down,65.9194107055664,1.990234375,61.875
36025,14153044,CI.PLM.HHZ,0,up,9.636710166931152,0.93017578125,34.5625
1261970,9728285,CI.BMT.EHZ,1,down,23.62474250793457,2.259765625,97.75
646788,10297669,CI.PLM.HHZ,0,up,40.15297317504883,1.349609375,22.9375
913181,11046173,CI.MLAC.HHZ,1,down,26.19312286376953,2.359375,49.53125
329727,14263680,CI.MPM.HHZ,0,up,43.59623336791992,0.39990234375,19.65625
1117343,14845020,CI.CLI.EHZ,1,down,6.329224109649658,1.7900390625,16.859375
1028875,9963553,CI.BAC.EHZ,0,up,21.81326675415039,1.91015625,58.59375
1545025,10349541,PB.B082.EHZ,1,down,27.72492027282715,1.2099609375,29.9375
1965437,14473848,EN.OBS.EHZ,1,down,727.25390625,2.9609375,1.849609375
1596002,10498061,CI.STT.EHZ,0,up,6.006956577301025,1.2001953125,37.3125
98047,14026036,CI.TEJ.EHZ,0,up,20.259464263916016,1.169921875,39.21875
207906,9663317,AZ.RDM.HHZ,1,down,15.545202255249023,1.83984375,70.875
2149169,10961749,AZ.LVA2.HHZ,1,down,13.442230224609375,1.91015625,61.28125
1436799,10079913,CI.CCA.EHZ,0,up,11.148029327392578,2.08984375,76.75
1915471,11321730,CI.CLT.HHZ,0,up,36.60260772705078,3.08984375,16.265625
2278387,14117460,CI.STG.HHZ,1,down,28.051836013793945,2.140625,20.90625
1233914,10907533,AZ.CRY.HHZ,1,down,52.489898681640625,1.0400390625,24.28125
2344916,10259573,CI.SGL.EHZ,0,up,4.731320381164551,1.169921875,32.75
34474,10902301,CI.CLI.EHZ,0,up,2.829669237136841,0.5,10.1015625
1423373,9682977,CI.WBM.EHZ,1,down,9.990866661071777,1.2001953125,44.25
1245884,14006772,AZ.FRD.HHZ,1,down,31.333080291748047,1.400390625,55.875
1986653,10316861,CI.CRR.EHZ,1,down,35.12836837768555,1.490234375,22.046875
384768,10493789,AZ.SND.HHZ,0,up,15.68063735961914,0.68017578125,19.65625
297213,10220453,NC.MMI.EHZ,0,up,15.388801574707031,1.8896484375,78.0625
310869,10590197,ZY.MLDN.EHZ,1,down,35.30318069458008,1.650390625,3.66015625
1458572,9992853,CI.SLR.HHZ,1,down,6.925602912902832,0.60986328125,51.125
411009,14559140,PB.B084.EHZ,1,down,32.049869537353516,0.77978515625,16.59375
57863,10740253,PB.B086.EHZ,1,down,5.741283893585205,1.349609375,13.890625
2035224,10029217,CI.WVP.EHZ,0,up,15.947735786437988,0.389892578125,14.2578125
556393,10490445,CI.ERP.EHZ,1,down,48.86880111694336,1.3203125,8.109375
2021518,10296697,CI.WRC.EHZ,0,up,14.176129341125488,0.9599609375,3.240234375
1410820,14512580,CI.ERP.EHZ,1,down,92.3458023071289,4.359375,56.25
2266536,14065720,CI.HMT.EHZ,0,up,6.819883346557617,1.419921875,45.03125
810460,12457348,CI.PLT.EHZ,0,up,10.906205177307129,1.7197265625,69.0625
2354147,11671196,CI.WRC.EHZ,0,up,11.366883277893066,1.099609375,23.171875
1620747,9773141,CI.HMT.EHZ,0,up,8.76415729522705,1.4404296875,73.0625
187024,9156615,CI.SBK.EHZ,0,up,141.14132690429688,2.0,9.6875
1770717,14599924,CI.JEM.HHZ,1,down,21.439632415771484,1.169921875,20.078125
2182195,13931920,CI.SME.EHZ,0,up,4.944391250610352,1.3095703125,36.59375
1170685,14395740,CI.DNR.HHZ,1,down,4.81822395324707,0.7001953125,15.34375
541592,14258504,CI.WSH.EHZ,1,down,13.408110618591309,0.580078125,34.09375
1888433,14094480,CI.TAB.EHZ,0,up,3.7743616104125977,1.41015625,40.9375
1295740,11326930,AZ.PFO.HHZ,1,down,12.091778755187988,0.64013671875,10.8515625
1618530,15201193,EN.RED.EHZ,1,down,9.209657669067383,2.26953125,27.234375
364155,10763341,CI.SWS.HHZ,1,down,4.724459648132324,0.6201171875,17.265625
988504,11008781,CI.XTL.EHZ,1,down,18.112796783447266,1.76953125,60.0625
2319774,10185685,AZ.SND.HHZ,1,down,17.61116600036621,0.919921875,46.8125
846431,10720069,CI.CRR.EHZ,1,down,21.925140380859375,1.2099609375,19.359375
1338564,9730685,CI.PLM.HHZ,0,up,77.20879364013672,2.05078125,36.375
1269310,12931544,CI.JUL.EHZ,0,up,13.850240707397461,1.169921875,65.5
2210006,9717157,CI.CJV.EHZ,1,down,2.809770345687866,1.599609375,68.875
1244109,10131922,CI.BTL.EHZ,0,up,4.558811664581299,0.7001953125,10.5390625
573398,11086290,CI.SLR.HHZ,1,down,54.5485725402832,2.7890625,59.28125
658795,11090098,CI.TPC.EHZ,0,up,43.3469352722168,1.3701171875,29.234375
1901985,10986277,CI.WBS.HHZ,1,down,4.576071262359619,1.150390625,55.53125
1804814,14436240,CI.CTW.EHZ,1,down,21.849477767944336,2.4296875,44.875
2494137,10747645,CI.SNO.HHZ,0,up,46.00526428222656,1.509765625,16.09375
1923766,10791117,CI.BLA2.HHZ,0,up,5.634544849395752,1.0498046875,48.78125
2191256,14501956,PB.B087.EHZ,1,down,11.624347686767578,0.85986328125,29.9375
1892575,14172572,CI.SME.EHZ,0,up,2.6662440299987793,0.89013671875,66.8125
830281,10276433,CI.THC.EHZ,0,up,23.391544342041016,1.4501953125,18.1875
1130785,11244594,CI.SRT.EHZ,1,down,2.0470261573791504,1.580078125,45.21875
1571403,11395170,CI.LMR2.HHZ,0,up,75.62174224853516,1.599609375,10.828125
1972491,14395636,CI.SWS.HHZ,1,down,2.543773889541626,1.8798828125,32.34375
38165,10782021,PB.B082.EHZ,1,down,7.211376667022705,0.7001953125,10.359375
1885086,10627413,ZY.USG.EHZ,1,down,9.10128402709961,1.650390625,12.671875
1547755,10266297,CI.JVA.HHZ,1,down,7.78559684753418,1.7197265625,41.5
547704,10399889,CI.POB.EHZ,0,up,116.91065216064453,3.98046875,83.0625
2287496,10862037,AZ.SND.HHZ,0,up,10.735665321350098,2.009765625,101.75
892669,10992229,PB.B086.EHZ,1,down,34.46512222290039,0.8798828125,8.421875
381770,10740797,AZ.PFO.HHZ,1,down,5.638749599456787,0.56005859375,18.34375
586018,10356513,PB.B087.EHZ,1,down,15.639276504516602,2.1796875,108.875
1089939,10296705,CI.SME.EHZ,1,down,2.02850079536438,1.580078125,28.375
2395961,11339546,PB.B087.EHZ,1,down,8.226289749145508,0.85986328125,56.8125
1409244,9916417,CI.WMF.EHZ,0,up,9.73949146270752,1.400390625,86.1875
828972,12467568,CI.CRR.EHZ,1,down,3.6891069412231445,1.849609375,85.25
1646327,14584252,CI.BTP.HHZ,1,down,5.731607437133789,1.41015625,62.25
2295198,10598229,CI.YMD.EHZ,0,up,11.848536491394043,2.439453125,76.3125
666662,13419428,CI.JFS.EHZ,0,up,4.049225807189941,2.419921875,107.0
2155055,14255120,CI.BAC.EHZ,0,up,19.031558990478516,1.419921875,44.625
716110,14739300,ZY.WAGN.EHZ,1,down,24.97081184387207,1.1796875,9.3203125
63679,9647225,CI.WJP.EHZ,1,down,10.932422637939453,2.830078125,85.9375
402395,10225041,CI.SLR.HHZ,0,up,6.902429103851318,1.6201171875,66.8125
269126,14474904,AZ.SND.HHZ,1,down,16.907068252563477,1.2900390625,56.21875
2415164,9916345,CI.SGL.EHZ,0,up,3.842925786972046,1.759765625,60.6875
741121,9962609,CI.RAY.EHZ,0,up,6.18739652633667,1.5595703125,45.09375
2386439,10606461,ZY.OYSB.EHZ,1,down,72.72887420654297,1.759765625,0.8701171875
1137067,11057253,CI.RMR.EHZ,0,up,5.690083980560303,1.2197265625,66.5
1190795,10186065,AZ.TRO.HHZ,0,up,45.49015808105469,1.9697265625,30.125
297551,9166988,CI.EW2.EHZ,0,up,5.490297317504883,1.8603515625,60.9375
2431180,12903440,CI.WNM.EHZ,0,up,14.804252624511719,0.9501953125,23.578125
729738,14058608,CI.WES.HHZ,0,up,3.261761426925659,1.990234375,41.5
429333,11134194,CI.WWC.HHZ,1,down,13.711054801940918,1.6298828125,48.84375
1214344,15071300,PB.B081.EHZ,1,down,49.38272476196289,1.0400390625,4.2109375
345755,10602517,ZY.OYSB.EHZ,0,up,31.220109939575195,1.490234375,3.5703125
1880096,11374306,CI.CFT.EHZ,1,down,2.587003707885742,1.5703125,35.03125
1691585,11325570,CI.ALV.EHZ,1,down,69.29186248779297,2.240234375,16.34375
1757421,14343904,AZ.CRY.HHZ,0,up,28.905237197875977,0.9501953125,22.40625
2187900,14851836,CI.COK.EHZ,1,down,5.50174617767334,1.8798828125,37.5625
1534427,10330541,CI.BOR.HHZ,0,up,20.454050064086914,1.08984375,11.65625
1513527,14263164,CI.WRV.EHZ,0,up,6.424234390258789,0.7998046875,17.171875
1531375,9723837,CI.OLY.EHZ,0,up,9.36684513092041,1.4697265625,68.75
684467,14604284,PB.B082.EHZ,1,down,3.911040782928467,0.830078125,39.09375
1503924,9811077,CI.RIN.HHZ,0,up,5.114976406097412,1.2998046875,2.33984375
2477992,11010669,CI.JFS.EHZ,1,down,82.53380584716797,3.7890625,84.6875
830392,11250642,CI.FON.EHZ,0,up,3.465963363647461,1.5,28.578125
2050956,14024912,AZ.KNW.HHZ,0,up,22.832836151123047,1.51953125,42.15625
1430959,9695609,CI.BOR.HHZ,1,down,11.28443431854248,1.5595703125,70.625
1838505,10866037,CI.CBK.EHZ,1,down,41.056732177734375,1.2197265625,12.1484375
2479320,14432488,CI.SGL.EHZ,1,down,10.317037582397461,2.80078125,73.8125
1594902,14117640,AZ.FRD.HHZ,1,down,46.34822082519531,0.72998046875,20.96875
1155818,9728421,CI.SME.EHZ,0,up,6.652686595916748,1.25,39.96875
71122,11134946,CI.IPT.HHZ,1,down,25.574443817138672,2.41015625,105.9375
1819325,11320514,AZ.FRD.HHZ,1,down,147.88816833496094,1.2802734375,9.21875
750500,10097041,CI.EML.HHZ,0,up,12.137439727783203,2.01953125,90.6875
496938,13938244,CI.BBR.HHZ,1,down,104.23458099365234,1.8603515625,8.7109375
2133844,10059357,CI.SIL.EHZ,1,down,1.6786012649536133,0.7001953125,32.0
1525269,14049128,CI.BBR.HHZ,1,down,11.049230575561523,1.2001953125,26.46875
2468323,10008585,CI.TPC.EHZ,0,up,4.1656365394592285,1.0,52.40625
1834466,12883900,CI.LEO.EHZ,1,down,25.086965560913086,1.2998046875,49.8125
1854415,10481765,AZ.PFO.HHZ,0,up,5.323732376098633,1.4501953125,48.5
1120454,10222585,CI.CTW.EHZ,0,up,4.7858967781066895,2.029296875,96.375
153371,14886308,CI.COK.EHZ,1,down,10.70676040649414,1.400390625,22.1875
1952325,10727405,CI.CRR.EHZ,0,up,36.31120681762695,1.23046875,32.34375
1817139,10349229,CI.EML.HHZ,1,down,75.23239135742188,2.26953125,38.625
1194218,10959781,CI.DNR.HHZ,0,up,5.865843772888184,0.18994140625,10.96875
1432234,14898588,EN.OBS.EHZ,1,down,6.283982276916504,1.7998046875,20.046875
550978,11064661,CI.JVA.HHZ,1,down,11.098441123962402,1.76953125,52.9375
312439,10169345,CI.POB.EHZ,0,up,29.327224731445312,2.1796875,64.625
262150,10277945,CI.BOR.HHZ,1,down,58.18535614013672,3.76953125,101.25
1507195,12456028,CI.BLC.EHZ,0,up,83.20165252685547,2.66015625,40.0625
1256447,9162563,CI.GTM.EHZ,0,up,6.21091890335083,0.89990234375,21.484375
1991897,14175296,CI.HMT.EHZ,0,up,9.559616088867188,1.2099609375,47.65625
373745,10777925,CI.FRK.EHZ,1,down,170.21449279785156,2.4609375,23.765625
2453183,10925877,CI.YUH.EHZ,0,up,121.82361602783203,1.58984375,15.828125
840416,10036293,CI.WCS.EHZ,0,up,6.562239170074463,0.7998046875,0.9599609375
1315528,10774469,CI.DPP.HHZ,1,down,32.78859329223633,2.48046875,117.9375
318278,10862549,CI.CLC.HHZ,0,up,47.79843521118164,1.7900390625,48.875
1213423,14063608,CI.RAG.EHZ,1,down,3.0074803829193115,1.150390625,49.6875
1913206,11128154,CI.CBK.EHZ,0,up,10.780411720275879,1.2998046875,24.453125
290846,14198756,AZ.RDM.HHZ,0,up,3.306816816329956,1.5,29.84375
1327863,10312425,CI.MLAC.HHZ,1,down,6.229500770568848,1.509765625,56.375
1701380,10901965,CI.TIN.HHZ,0,up,24.376922607421875,3.01953125,41.375
2186956,14396480,AZ.CRY.HHZ,1,down,2.4642395973205566,0.740234375,27.46875
743914,10902725,CI.RUN.EHZ,0,up,11.643449783325195,2.599609375,81.6875
2184558,10770245,CI.BOR.HHZ,1,down,20.3841609954834,0.60009765625,14.3515625
749720,10347385,CI.SUN.EHZ,1,down,294.8369445800781,3.08984375,18.1875
654033,10790909,PG.OC.EHZ,1,down,48.440155029296875,1.669921875,3.400390625
1826053,10148745,CI.EML.HHZ,1,down,18.97964096069336,2.25,118.9375
1387656,10055709,AZ.LVA2.HHZ,1,down,24.32681655883789,1.26953125,64.25
128511,10188590,CI.IBP.HHZ,0,up,2.184026002883911,2.189453125,14.5
704781,14314636,CI.TOR.HHZ,1,down,5.752068519592285,1.2998046875,64.8125
1103612,10246841,CI.CFT.EHZ,1,down,5.402531147003174,2.16015625,87.3125
1187547,9163108,CI.MPM.HHZ,0,up,12.387386322021484,1.6904296875,32.5
2347528,9992169,CI.RMR.EHZ,1,down,17.406747817993164,1.76953125,59.8125
1258319,13692928,CI.TM2.EHZ,0,up,133.1513214111328,2.91015625,60.09375
1839589,11359850,PB.B093.EHZ,0,up,8.53045654296875,0.68017578125,34.71875
1610476,14621412,CI.MCT.HHZ,1,down,4.369808673858643,2.599609375,106.625
307924,14236096,CI.XTL.EHZ,0,up,6.602097988128662,1.5498046875,75.1875
1818081,14383612,PB.B084.EHZ,1,down,13.354580879211426,0.509765625,12.078125
638289,13950716,AZ.CRY.HHZ,0,up,19.135398864746094,1.650390625,20.21875
1214754,10379669,CI.WGR.HHZ,1,down,31.17471694946289,1.7900390625,25.375
1321328,13961848,CI.HYS.EHZ,1,down,14.12906265258789,2.51953125,95.625
2493390,15102108,CI.FHO.HHZ,1,down,12.509918212890625,2.19921875,19.5
1089870,9159307,CI.SBB.EHZ,0,up,9.458212852478027,1.4697265625,40.6875
644290,9717029,CI.WRV.EHZ,1,down,80.8310775756836,2.189453125,1.8798828125
2337001,13986632,CI.CHF.HHZ,0,up,6.051653861999512,1.2001953125,29.15625
2259453,9774953,AZ.LVA2.HHZ,1,down,32.60866928100586,1.75,81.125
1248412,9726825,CI.JRC.HHZ,0,up,57.562923431396484,1.5,8.578125
936564,11405162,CI.WVP.EHZ,0,up,18.05414390563965,1.7099609375,31.1875
195342,10959517,CI.PMD.HHZ,1,down,4.26339864730835,0.09002685546875,24.796875
732220,11416154,AZ.BZN.HHZ,0,up,131.94064331054688,2.130859375,28.28125
1327666,10628885,ZY.MLDN.EHZ,0,up,7.583752155303955,1.6298828125,7.30859375
1673832,11090778,AZ.WMC.HHZ,1,down,4.740419864654541,1.150390625,53.0
157278,9719241,AZ.BZN.HHZ,0,up,23.199352264404297,0.93017578125,15.8125
1860258,9942321,CI.JCS.HHZ,1,down,6.932312488555908,1.3701171875,45.65625
484953,14263160,CI.MPM.HHZ,0,up,6.6104021072387695,0.72998046875,19.875
2235704,15083212,CI.GMR.HHZ,1,down,20.131305694580078,2.380859375,58.40625
1552029,14216608,CI.RYS.EHZ,1,down,20.71396827697754,1.01953125,26.296875
1217697,10923621,CI.JRC2.HHZ,0,up,31.209184646606445,0.22998046875,6.76953125
1022663,14002028,CI.BLK.EHZ,1,down,31.932504653930664,2.740234375,111.9375
150779,10923149,CI.IBP.HHZ,0,up,5.983659744262695,1.5595703125,49.875
2318606,9966005,CI.ISA.HHZ,0,up,105.01123809814453,1.4296875,16.0625
2128694,13843616,CI.LDF.HHZ,1,down,47.032169342041016,3.279296875,110.9375
2416228,13931120,CI.SLR.HHZ,0,up,464.0058898925781,2.970703125,48.28125
1255197,9758133,AZ.CRY.HHZ,1,down,107.45635223388672,1.009765625,26.140625
1168252,10543053,AZ.KNW.HHZ,1,down,23.50395965576172,1.3095703125,54.75
1835923,11050853,CI.SLA.HHZ,1,down,5.800618648529053,1.0,11.7421875
816965,9147701,CI.WVP.EHZ,0,up,9.586392402648926,0.97021484375,7.359375
1547188,14069264,CI.SGL.EHZ,1,down,12.645726203918457,1.759765625,34.34375
2397458,11282346,CI.DNR.HHZ,1,down,9.414767265319824,1.41015625,18.71875
2106187,10860901,CI.TOR.HHZ,0,up,3.143409252166748,1.4404296875,90.625
2342422,9148226,CI.RAG.EHZ,0,up,13.241339683532715,1.599609375,21.484375
1183856,14098264,CI.MCT.HHZ,0,up,7.503150463104248,1.3095703125,38.375
107894,14179964,CI.FRK.EHZ,1,down,6.3987040519714355,1.3896484375,23.40625
1556976,15197817,PG.VPD.EHZ,1,down,106.017822265625,3.30078125,47.125
281349,13912568,CI.WCS.EHZ,1,down,11.080324172973633,1.48046875,12.140625
1355613,10207693,AZ.LVA2.HHZ,0,up,15.196311950683594,1.1103515625,15.296875
263244,12456848,CI.PLT.EHZ,0,up,9.50633716583252,2.439453125,73.6875
2092596,9152093,CI.RMR.EHZ,0,up,5.178296089172363,1.099609375,26.984375
822772,9828869,AZ.FRD.HHZ,1,down,191.94639587402344,1.7802734375,8.78125
435545,11362602,CI.PSR.HHZ,1,down,12.087571144104004,2.25,2.369140625
1180529,9167796,CI.FRG.EHZ,1,down,4.476912021636963,1.2998046875,50.21875
880171,10094249,CI.SGL.EHZ,0,up,14.624151229858398,2.689453125,55.625
2022278,10903421,PB.B081.EHZ,1,down,16.456974029541016,1.1904296875,44.90625
427251,14077496,CI.EML.HHZ,1,down,11.237239837646484,1.2001953125,71.6875
1177704,14098052,CI.WRV.EHZ,1,down,12.536261558532715,1.0,1.48046875
2184728,11410562,CI.IDO.HHZ,0,up,48.794578552246094,2.5390625,40.09375
1646317,9735117,AZ.LVA2.HHZ,1,down,36.36870193481445,1.2998046875,14.2109375
245848,14365900,PB.B081.EHZ,1,down,3.7671000957489014,1.6396484375,89.8125
2091923,13984124,CI.TEJ.EHZ,0,up,24.661104202270508,1.4697265625,38.8125
91716,14287092,CI.WRC.EHZ,1,down,7.068713188171387,1.23046875,38.875
1798523,14042340,CI.MPM.HHZ,1,down,44.3852424621582,2.060546875,62.03125
694803,9928497,AZ.PFO.HHZ,1,down,37.9544792175293,1.0703125,18.390625
1799348,10367105,CI.WSH.EHZ,1,down,8.95561408996582,1.1796875,45.21875
1136504,10183657,CI.CAP.HHZ,0,up,3.3241755962371826,1.3798828125,49.84375
2037073,14218256,CI.CFT.EHZ,0,up,5.968766212463379,1.6103515625,10.6015625
2236999,15167057,CI.CHF.HHZ,1,down,4.8512678146362305,1.669921875,84.3125
696114,14367348,CI.CTC.HHZ,1,down,5.593643665313721,1.3603515625,14.59375
2136142,14297228,CI.HMT.EHZ,0,up,36.99877166748047,0.64990234375,20.015625
61928,11331330,EN.ENG.EHZ,0,up,33.726722717285156,1.6103515625,7.140625
844302,9779213,CI.GTM.EHZ,0,up,7.063698768615723,1.5400390625,17.703125
338328,9690341,CI.WRV.EHZ,0,up,21.859418869018555,0.77001953125,2.66015625
585453,10318645,AZ.LVA2.HHZ,0,up,30.373512268066406,0.77001953125,9.6171875
50231,13913260,CI.SLR.HHZ,1,down,3.3875763416290283,1.58984375,19.4375
2303851,9948721,CI.GTM.EHZ,0,up,4.810692310333252,2.650390625,44.0625
1852824,10743917,AZ.FRD.HHZ,1,down,19.9306583404541,0.6298828125,11.4609375
58478,10005741,CI.RMM.EHZ,0,up,41.57959747314453,1.8798828125,49.25
1183091,14241600,AZ.PFO.HHZ,0,up,24.856765747070312,2.01953125,92.0625
1919337,11210602,CI.SME.EHZ,0,up,6.129232406616211,1.4599609375,40.875
131707,11408690,CI.WCS.EHZ,0,up,21.071353912353516,3.01953125,75.0
1726427,14609252,CI.CRR.EHZ,1,down,5.652525901794434,2.830078125,32.96875
527207,9739917,AZ.LVA2.HHZ,0,up,31.524871826171875,1.2001953125,19.359375
1851060,11090394,CI.YUH.EHZ,0,up,104.49163818359375,3.119140625,10.34375
1807649,14689892,ZY.USG.EHZ,1,down,9.224957466125488,1.3896484375,22.375
358247,10900949,AZ.LVA2.HHZ,0,up,14.422262191772461,0.60986328125,18.296875
2437019,14385028,CI.TA2.HHZ,1,down,34.546573638916016,1.9501953125,46.71875
1577606,10148389,CI.GTM.EHZ,0,up,6.0413336753845215,1.4296875,48.90625
895346,14242908,CI.PMD.HHZ,0,up,34.47235870361328,2.5703125,108.4375
2240944,10437969,CI.MPM.HHZ,0,up,5.795258045196533,0.60009765625,26.171875
1154371,11409050,CI.PMD.HHZ,0,up,62.704803466796875,1.599609375,46.0625
2368777,10369377,AZ.BZN.HHZ,0,up,22.154436111450195,1.73046875,73.0625
1740639,10546517,CI.LJR.HHZ,0,up,62.566810607910156,1.8701171875,7.19921875
2290788,10768333,CI.PASC.HHZ,0,up,7.980304718017578,1.919921875,26.046875
2318963,9775881,CI.WCH.EHZ,0,up,5.477067470550537,1.83984375,70.5
1135655,10345693,CI.WNM.EHZ,0,up,1.8245331048965454,0.3701171875,28.34375
1610437,9652113,CI.BOR.HHZ,1,down,12.60203742980957,2.470703125,24.125
1030243,10251305,CI.YUH.EHZ,1,down,37.31962203979492,1.7802734375,62.125
594074,9672629,CI.WWP.EHZ,1,down,6.7642340660095215,1.75,38.5
521775,14237640,CI.DVT.HHZ,1,down,196.8846893310547,1.580078125,7.48046875
1885666,15167209,CI.RXH.HHZ,1,down,1.3017547130584717,0.5,2.080078125
627824,14249168,CI.JNH.EHZ,1,down,9.366228103637695,1.6201171875,59.78125
1152298,9655449,CI.DTP.EHZ,0,up,9.916604042053223,2.099609375,57.59375
84006,10353573,AZ.RDM.HHZ,1,down,4.278504848480225,1.4599609375,60.75
1772243,10870653,CI.ERR.HHZ,1,down,1.9574050903320312,1.33984375,21.65625
2072674,14470408,CI.PLE.EHZ,1,down,31.411907196044922,1.240234375,20.875
2154739,14169568,CI.WWP.EHZ,1,down,9.71549129486084,1.599609375,46.8125
2308330,9797741,CI.WHF.EHZ,1,down,22.501022338867188,1.599609375,64.0
1368378,14600692,AZ.LVA2.HHZ,1,down,46.00062561035156,1.3603515625,15.59375
1176694,9154677,CI.RAG.EHZ,1,down,4.286904811859131,1.0,26.515625
329259,14219820,CI.GAV.EHZ,0,up,18.99213981628418,1.580078125,20.0
2242219,11349490,PB.B081.EHZ,1,down,180.6526641845703,2.0703125,31.828125
470250,11104666,AZ.BZN.HHZ,1,down,4.791860580444336,1.01953125,62.90625
146570,14334036,PB.B082.EHZ,0,up,11.13585376739502,0.85009765625,25.953125
923696,10908013,PB.B918.EHZ,0,up,76.79268646240234,1.599609375,76.75
1179930,15156953,CI.SKY.EHZ,1,down,1.5871498584747314,1.1796875,23.5625
679048,10901621,CI.YUH.EHZ,1,down,13.639724731445312,1.830078125,83.3125
172792,14601236,CI.BEL.HHZ,1,down,54.39364242553711,1.2099609375,28.15625
237958,9682705,CI.JRC.HHZ,0,up,20.97852325439453,1.5302734375,5.41015625
2274070,15138905,CI.BEL.HHZ,1,down,5.031806468963623,1.5400390625,83.8125
2176801,10989757,AZ.KNW.HHZ,0,up,5.98537015914917,0.43994140625,29.40625
2292306,11407354,CI.TOR.HHZ,0,up,21.44048309326172,1.1904296875,57.625
656193,9810109,CI.RMM.EHZ,0,up,11.266298294067383,1.2900390625,52.6875
1783150,10004749,CI.ARV.EHZ,0,up,6.027865409851074,1.2998046875,34.15625
1337298,14962124,AZ.PFO.HHZ,1,down,2.0882253646850586,0.89990234375,30.265625
225241,9949961,CI.JCS.HHZ,0,up,650.0381469726562,3.060546875,40.1875
2401992,10348697,CI.DNR.HHZ,1,down,7.831436634063721,0.7900390625,15.859375
2455922,11035909,CI.FHO.HHZ,1,down,207.29042053222656,2.369140625,28.046875
781683,9797729,CI.DTP.EHZ,0,up,2.3026983737945557,1.5,53.6875
1387893,14219564,CI.PLM.HHZ,0,up,10.301509857177734,1.2802734375,56.15625
267383,10004837,AZ.BZN.HHZ,0,up,7.626607894897461,1.3095703125,16.578125
856235,14171152,AZ.CRY.HHZ,1,down,5.077255725860596,0.93994140625,61.625
2166668,7192223,CI.WBM.EHZ,0,up,4.288022994995117,1.8798828125,82.625
1534757,10785285,CI.BOR.HHZ,0,up,625.4395751953125,0.740234375,3.26953125
2137006,9793621,CI.WOF.EHZ,1,down,19.156932830810547,1.599609375,97.5625
477369,14346392,CI.TOR.HHZ,0,up,3.8473894596099854,0.93017578125,47.53125
2030387,10739573,CI.LUC.EHZ,0,up,9.789793968200684,1.9599609375,52.4375
1625869,10369649,CI.WRC.EHZ,0,up,8.920724868774414,0.759765625,14.578125
2188498,9816749,CI.JUL.EHZ,0,up,15.67595100402832,1.1298828125,32.4375
1535034,14283152,CI.PMD.HHZ,1,down,8.703246116638184,1.169921875,55.34375
451661,10167085,CI.JCS.HHZ,1,down,129.1953887939453,2.69921875,47.9375
1864376,9155587,CI.EL2.EHZ,0,up,17.01291275024414,2.490234375,88.1875
668151,10893725,CI.TOR.HHZ,1,down,23.02928352355957,2.419921875,39.40625
1594756,10495957,CI.MCT.HHZ,0,up,45.16971206665039,1.9404296875,42.1875
1665828,14233456,CI.WOR.EHZ,0,up,30.468896865844727,1.3896484375,20.125
2030881,15018492,AZ.PFO.HHZ,1,down,2.5337178707122803,0.56982421875,30.40625
2338050,10095921,CI.CRR.EHZ,0,up,11.029294967651367,2.869140625,91.75
1927324,14287524,CI.FRK.EHZ,0,up,11.64358901977539,0.89990234375,24.515625
795621,9750585,AZ.PFO.HHZ,1,down,2.9121315479278564,0.72021484375,20.953125
1681949,10319261,CI.CHN.HHZ,1,down,2.92055344581604,1.91015625,16.375
800847,14158292,CI.RYS.EHZ,0,up,2.825773000717163,1.599609375,65.75
1832281,10248245,AZ.LVA2.HHZ,1,down,5.554869651794434,1.2802734375,65.125
296879,12895812,CI.JVA.HHZ,0,up,13.974218368530273,1.0595703125,13.359375
1263125,9141026,CI.WSH.EHZ,0,up,6.112669467926025,1.2802734375,52.75
1356249,10491901,AZ.LVA2.HHZ,0,up,9.004255294799805,0.72021484375,15.859375
1680097,14164708,AZ.RDM.HHZ,1,down,3.682490587234497,1.1796875,14.6796875
980832,10371325,CI.FOX.EHZ,1,down,2.3686556816101074,1.669921875,60.84375
1334900,9641533,CI.CDY.EHZ,1,down,203.05789184570312,2.1796875,15.6875
961034,14149276,CI.BLA.HHZ,0,up,22.405658721923828,1.7802734375,34.84375
1948869,10937101,CI.BBR.HHZ,0,up,5.9547929763793945,1.08984375,12.3515625
2302593,14396336,CI.PLS.HHZ,1,down,219.5494842529297,4.140625,67.125
1986860,9636109,CI.WRV.EHZ,1,down,4.462056636810303,1.599609375,28.703125
2209275,9616125,CI.SBB.EHZ,0,up,4.032809257507324,1.7001953125,64.625
2422126,11284786,CI.YUH.EHZ,0,up,28.49173927307129,2.0703125,78.5625
1574375,11000437,CI.TOR.HHZ,0,up,15.2116117477417,1.6298828125,48.53125
1100922,14335584,PB.B084.EHZ,0,up,28.126176834106445,1.580078125,23.71875
107352,14429128,CI.DNR.HHZ,1,down,119.93779754638672,1.7099609375,13.453125
904318,9709749,CI.SPF.HHZ,0,up,23.385953903198242,1.6796875,23.84375
1204626,10201361,AZ.TRO.HHZ,1,down,54.758544921875,1.1796875,9.0
103983,12456636,CI.CRR.EHZ,0,up,5.702269554138184,1.8701171875,88.25
1949589,10227749,AZ.LVA2.HHZ,1,down,13.648297309875488,0.7099609375,22.1875
2203930,9851529,CI.WVP.EHZ,0,up,137.6768035888672,1.2197265625,9.796875
564690,10067421,CI.AGA.HHZ,1,down,7.975356101989746,2.16015625,74.375
2009776,10378281,AZ.KNW.HHZ,0,up,20.39389991760254,0.81005859375,70.125
2350353,14396304,CI.CRR.EHZ,1,down,7.123856067657471,1.2099609375,76.25
386801,12458088,CI.ERR.HHZ,0,up,2.5190482139587402,2.359375,28.703125
433408,10222469,CI.EML.HHZ,1,down,61.38159942626953,1.8701171875,44.8125
1689140,11345706,CI.HEC.HHZ,0,up,3.3227953910827637,1.7099609375,57.1875
1005548,10401681,CI.DEC.HHZ,0,up,23.598325729370117,1.599609375,8.1328125
666263,13323464,CI.BAC.EHZ,1,down,3.6313037872314453,1.830078125,64.1875
1061754,10714885,AZ.TRO.HHZ,1,down,1.9484561681747437,0.89013671875,14.3125
1730639,14197864,CI.MDA.EHZ,0,up,5.028172492980957,1.009765625,6.828125
1409378,14258676,CI.BEL.HHZ,0,up,14.301010131835938,0.89990234375,55.6875
2410604,14207436,CI.WVP.EHZ,0,up,4.72487735748291,0.39990234375,7.890625
1779758,10529677,CI.SLA.HHZ,0,up,379.9615478515625,3.4296875,52.96875
1369956,10933853,PB.B081.EHZ,0,up,48.6851692199707,1.419921875,27.859375
800610,10865437,CI.RMR.EHZ,0,up,341.0412902832031,2.720703125,35.6875
54090,10222277,AZ.LVA2.HHZ,0,up,95.82823181152344,1.4501953125,13.9296875
1434195,9733841,CI.DJJ.HHZ,0,up,6.662735462188721,1.6796875,21.015625
2107896,15019060,CI.SYP.HHZ,1,down,12.965131759643555,3.390625,86.9375
1654550,13031436,CI.LDR.HHZ,0,up,23.892894744873047,2.109375,61.625
2046108,10701325,ZY.MLDN.EHZ,1,down,14.820972442626953,1.7998046875,9.71875
2327692,13945928,CI.BTL.EHZ,0,up,7.959542751312256,2.05078125,81.5
1544015,10295849,CI.CTC.HHZ,1,down,26.86216163635254,4.05859375,106.8125
1239757,10215933,CI.YUH.EHZ,0,up,110.09002685546875,1.33984375,13.109375
1024131,10627189,ZY.USG.EHZ,1,down,19.624984741210938,1.6103515625,4.94921875
1978854,9137961,CI.EW2.EHZ,0,up,39.18212890625,2.5,63.15625
961271,10265525,CI.THC.EHZ,1,down,241.9609832763672,2.0,24.90625
2200240,14084280,CI.ARV.HHZ,1,down,17.09511375427246,2.330078125,44.9375
2267702,13916740,CI.AGA.HHZ,0,up,17.701139450073242,1.330078125,55.96875
2356451,11394994,CI.BOR.HHZ,1,down,41.31220245361328,1.6796875,42.28125
1359059,10353737,AZ.PFO.HHZ,1,down,5.631214618682861,0.91015625,44.0
1319259,9963433,CI.BTL.EHZ,0,up,34.642635345458984,1.759765625,32.90625
174877,9941077,CI.SMS.HHZ,1,down,12.929939270019531,2.619140625,46.4375
208188,13970164,CI.RMM.EHZ,1,down,112.97177124023438,2.349609375,38.0
1356420,14181340,AZ.WMC.HHZ,1,down,114.20305633544922,2.919921875,41.34375
1519998,9153391,CI.SS2.EHZ,1,down,20.890230178833008,2.330078125,68.75
1193333,10543901,CI.PSR.HHZ,0,up,86.2918701171875,3.3203125,57.53125
1402157,10001317,CI.DVT.HHZ,1,down,3.184826374053955,1.5,48.1875
268524,9809165,CI.WNM.EHZ,0,up,2.393714427947998,0.1400146484375,20.234375
1268077,9743809,CI.MIR.EHZ,0,up,2.841062545776367,1.3203125,37.0625
665213,10608701,ZY.WAGN.EHZ,1,down,24.49680519104004,2.0703125,37.3125
484567,11070437,ZY.MGD.EHZ,0,up,2.3762617111206055,0.93994140625,35.96875
1291379,10186069,CI.POB.EHZ,1,down,5.601833820343018,0.5,21.640625
404505,11370426,AZ.PFO.HHZ,1,down,28.600688934326172,0.389892578125,11.703125
206722,10149206,ZY.WAGN.EHZ,0,up,11.66110610961914,1.580078125,40.0
799118,10378869,CI.SPG2.HHZ,1,down,70.23692321777344,2.5703125,98.5625
2215611,9691413,CI.WCS.EHZ,0,up,17.399620056152344,1.6103515625,10.6484375
1379147,9718765,CI.PSP.EHZ,1,down,8.787862777709961,1.400390625,31.46875
1275650,10824013,CI.MCT.HHZ,0,up,6.857298374176025,2.19921875,63.875
2431028,9146865,CI.TOW.EHZ,1,down,135.07864379882812,3.16015625,43.46875
1914014,14490024,PB.B093.EHZ,1,down,4.47289514541626,0.89013671875,38.78125
236526,10231925,CI.WWP.EHZ,0,up,3.766946792602539,1.76953125,76.5
1293277,14463920,CI.CGO.HHZ,1,down,172.7312774658203,1.6796875,16.453125
451881,14286008,PB.B086.EHZ,1,down,52.32583999633789,0.91015625,8.90625
2406293,9721825,CI.CCC.HHZ,0,up,11.267648696899414,1.990234375,91.0
2103443,9156667,CI.WRC.EHZ,0,up,8.130281448364258,0.7001953125,21.40625
1064850,10176150,CI.WES.HHZ,1,down,2.664318799972534,2.26953125,57.03125
1967073,11367818,AZ.FRD.HHZ,0,up,27.96700668334961,0.260009765625,4.23046875
2479668,14199532,CI.YUH.EHZ,0,up,18.4843692779541,1.66015625,47.03125
2011437,9152339,CI.WHF.EHZ,0,up,9.648541450500488,2.029296875,63.8125
645731,10960237,PB.B087.EHZ,0,up,16.893077850341797,1.3095703125,58.53125
1386717,9988045,CI.SUN.EHZ,1,down,212.79049682617188,2.939453125,39.46875
1136540,10873349,CI.YUH.EHZ,1,down,25.345991134643555,2.630859375,113.3125
374044,14520708,CI.WCS.EHZ,1,down,5.715175628662109,1.76953125,39.4375
2057940,10201793,CI.JRC2.HHZ,0,up,6.492103099822998,0.58984375,11.546875
2088137,14062364,CI.HEC.HHZ,0,up,3.6378443241119385,1.48046875,23.15625
2312762,14621668,CI.WES.HHZ,1,down,4.923879623413086,1.849609375,14.140625
1107720,10036489,CI.CCA.EHZ,0,up,49.50861358642578,1.8203125,33.5
139806,14063600,CI.WRV.EHZ,0,up,2.82859468460083,0.300048828125,15.5390625
39468,11388578,AZ.BZN.HHZ,0,up,70.55142974853516,1.2197265625,19.96875
188164,14042636,CI.JCS.HHZ,1,down,10.12266731262207,1.2001953125,37.96875
1643100,9691761,CI.YUH.EHZ,1,down,253.37232971191406,2.849609375,74.625
2309119,10096249,AZ.WMC.HHZ,0,up,93.4114990234375,1.6904296875,26.984375
1476367,14887644,CI.SAL.HHZ,1,down,13.298177719116211,1.6298828125,19.6875
1871179,11421202,CI.SWS.HHZ,1,down,5.7507243156433105,1.759765625,34.0625
1187701,10738597,AZ.BZN.HHZ,0,up,4.221352577209473,0.85986328125,25.234375
2392788,10865293,CI.BEL.HHZ,0,up,14.947500228881836,3.51953125,99.0625
2450803,10056241,CI.WVP.EHZ,0,up,69.49320983886719,2.490234375,96.3125
60843,9135272,CI.POB.EHZ,1,down,8.192709922790527,1.6904296875,69.4375
2468115,14716532,ZY.PNTO.EHZ,1,down,2.940418004989624,1.3203125,13.828125
353890,15198073,PB.B921.EHZ,1,down,5.2310791015625,0.8798828125,28.703125
1964549,10400857,CI.TA2.HHZ,1,down,4.764348030090332,1.3701171875,38.71875
744433,11022821,AZ.CRY.HHZ,1,down,30.85525894165039,1.76953125,70.9375
2371262,10232709,CI.HOL.EHZ,1,down,19.9862117767334,1.2099609375,94.875
983869,15202569,CI.WI2.EHZ,1,down,5.791255950927734,2.259765625,29.765625
1332215,14004688,AZ.SND.HHZ,0,up,32.27949523925781,1.7001953125,29.34375
374296,14379164,AZ.LVA2.HHZ,1,down,35.80744934082031,1.509765625,90.1875
2481555,9950445,CI.CLC.EHZ,1,down,9.365654945373535,0.85009765625,21.265625
1401370,10438441,CI.CLC.HHZ,0,up,77.70772552490234,1.240234375,10.0
132570,14088528,CI.JVA.HHZ,0,up,4.776647567749023,1.599609375,13.609375
1769215,14602500,AZ.MONP2.HHZ,1,down,55.61384201049805,1.9296875,47.15625
1810359,10298253,CI.WOF.EHZ,1,down,67.74591827392578,1.990234375,25.0625
1799340,11418090,CI.BOR.HHZ,1,down,82.2078628540039,1.650390625,51.28125
1365933,7210461,CI.WNM.EHZ,1,down,5.448165416717529,0.7998046875,14.2421875
1426817,14201180,AZ.PFO.HHZ,0,up,3.223175525665283,0.35009765625,29.625
1661741,10136322,CI.SWS.HHZ,1,down,3.48201322555542,0.39990234375,34.15625
79709,14068808,AZ.FRD.HHZ,0,up,185.52386474609375,1.6904296875,25.953125
2294445,10005277,CI.LRR.EHZ,1,down,11.042062759399414,2.19921875,55.6875
1233705,11128914,CI.SVD.HHZ,0,up,2.090721368789673,0.39990234375,27.375
167364,14048500,CI.CJV.EHZ,0,up,4.093423843383789,2.310546875,51.78125
622799,9976425,CI.HMT.EHZ,0,up,16.047935485839844,1.3095703125,3.80078125
214605,14408540,CI.SIL.EHZ,1,down,5.263201713562012,1.2998046875,38.75
1615648,10981877,AZ.FRD.HHZ,0,up,94.04891204833984,1.73046875,38.8125
450726,14438144,CI.ERP.EHZ,1,down,5.676516532897949,1.580078125,22.578125
2277995,10217821,CI.RIN.HHZ,0,up,5.964441776275635,1.509765625,2.900390625
930320,9662909,CI.TOW.EHZ,1,down,15.302352905273438,1.009765625,15.8671875
253903,9170603,CI.MIR.EHZ,1,down,111.22518157958984,3.390625,86.9375
1605342,9635765,CI.CLC.HHZ,0,up,27.720291137695312,1.6796875,39.21875
506346,10095965,CI.HMT.EHZ,1,down,2.8035829067230225,0.60009765625,45.03125
2043847,9741017,AZ.KNW.HHZ,0,up,30.50971794128418,1.5,60.875
484954,10220713,CI.JRC2.HHZ,1,down,20.2198543548584,1.2197265625,12.5390625
353538,9678013,CI.WCH.EHZ,0,up,3.740086793899536,0.85009765625,22.109375
1271982,14519148,CI.WMF.EHZ,1,down,32.939720153808594,0.97998046875,4.19140625
1277010,10188129,AZ.RDM.HHZ,1,down,4.085671424865723,1.1103515625,33.03125
1524364,9677693,CI.BTL.EHZ,0,up,90.37653350830078,1.419921875,14.6015625
1756215,14175660,CI.HAY.EHZ,1,down,12.187150001525879,2.890625,58.375
974838,9713401,CI.PNM.EHZ,1,down,55.8929443359375,3.060546875,85.0625
1085635,9156874,CI.WBS.EHZ,0,up,54.124427795410156,2.640625,88.125
572037,9139458,CI.RAG.EHZ,1,down,4.929133892059326,1.7001953125,18.90625
1518805,10779677,AZ.FRD.HHZ,0,up,33.41604232788086,0.580078125,11.8828125
1451058,9674953,CI.ISA.HHZ,0,up,93.36840057373047,2.76953125,68.8125
1082009,14042544,CI.ISA.HHZ,1,down,18.771207809448242,1.6298828125,16.984375
820761,13813312,CI.WCS.EHZ,0,up,7.650256156921387,1.66015625,12.71875
2215166,10247365,CI.PLM.HHZ,1,down,6.554360866546631,1.5302734375,105.3125
700105,10348605,CI.PER.HHZ,1,down,4.519278526306152,1.3701171875,25.59375
863848,10834933,CI.BOR.HHZ,0,up,12.815637588500977,0.85986328125,59.6875
1780227,9758121,AZ.LVA2.HHZ,0,up,39.58736801147461,1.099609375,18.125
276338,9723713,CI.BAC.EHZ,0,up,69.17278289794922,1.5400390625,38.1875
1250383,14237684,AZ.LVA2.HHZ,0,up,26.42913246154785,1.650390625,44.25
1868470,9688701,CI.WSH.EHZ,0,up,2.8121848106384277,0.89013671875,56.0
2128297,9993153,CI.SPF.HHZ,1,down,87.40219116210938,2.419921875,32.625
990665,10980525,CI.TPC.EHZ,1,down,154.7816162109375,2.810546875,98.625
1894419,11062901,CI.HOL.EHZ,1,down,8.325936317443848,0.72998046875,14.671875
1116288,11373306,CI.WOR.EHZ,0,up,33.343936920166016,2.41015625,29.921875
1877459,14511372,CI.JRC2.HHZ,1,down,17.496318817138672,1.490234375,46.71875
304117,11406810,PB.B087.EHZ,1,down,5.995215892791748,0.6298828125,25.78125
1001372,15139625,CI.DGR.HHZ,1,down,19.148298263549805,0.83984375,38.28125
2179521,9993021,AZ.WMC.HHZ,1,down,27.372989654541016,1.6904296875,50.9375
1396656,14187416,CI.DPP.HHZ,1,down,6.471431732177734,1.48046875,87.125
1291349,14621260,CI.JEM.HHZ,1,down,3.5670828819274902,1.900390625,91.0
1855600,9167041,CI.ISA.HHZ,0,up,102.2222671508789,1.5,15.65625
1309091,12458068,CI.YMD.EHZ,0,up,10.378823280334473,2.25,79.25
2476533,14859676,CI.HOL.EHZ,1,down,3.406717300415039,0.72998046875,93.8125
1080534,14049672,AZ.PFO.HHZ,0,up,13.963735580444336,1.150390625,12.671875
1447349,10981341,PB.B087.EHZ,0,up,7.757776260375977,1.0498046875,38.875
1146353,9795505,CI.ERP.EHZ,0,up,25.06208038330078,2.98046875,97.25
1726076,9169193,CI.VPD.EHZ,0,up,5.057579517364502,1.41015625,56.84375
1546268,10606549,ZY.USG.EHZ,0,up,21.934680938720703,2.33984375,13.6015625
794747,11065917,AZ.MONP2.HHZ,0,up,4.411848545074463,1.4501953125,33.5625
2042100,9167848,CI.RMM.EHZ,0,up,2.8894131183624268,1.5,40.90625
1781455,10439121,CI.ADO.HHZ,0,up,3.22415828704834,2.9296875,86.375
1379839,14209232,CI.SKY.EHZ,0,up,2.456693172454834,2.990234375,113.625
2473753,9666897,CI.WWP.EHZ,0,up,6.863440990447998,1.259765625,39.59375
1430580,14286292,AZ.SND.HHZ,1,down,4.974141597747803,1.48046875,67.9375
2231110,9819237,CI.SLR.HHZ,1,down,257.4524841308594,2.830078125,25.515625
1147127,14239904,CI.JVA.HHZ,1,down,4.543436527252197,1.3798828125,72.75
999338,10780869,PB.B082.EHZ,0,up,5.126591682434082,0.60009765625,19.09375
1525337,15159553,AZ.PFO.HHZ,1,down,1.6892279386520386,1.7099609375,33.09375
592191,11275498,AZ.WMC.HHZ,1,down,17.22994041442871,1.849609375,59.71875
2160870,15181921,CI.MSC.HHZ,1,down,4.377358913421631,0.93017578125,64.75
379761,9773849,AZ.LVA2.HHZ,1,down,17.636892318725586,0.85986328125,22.875
571571,10001649,AZ.CRY.HHZ,1,down,4.513920783996582,1.0,14.0390625
1302417,11206138,CI.WHF.EHZ,0,up,9.351734161376953,1.8701171875,24.890625
1571764,9162686,CI.WNM.EHZ,1,down,24.132688522338867,1.2802734375,28.765625
1510341,11349490,CI.SLB.HHZ,0,up,1.8346760272979736,2.0703125,56.5
867732,13656276,CI.WOF.EHZ,0,up,107.91497802734375,2.779296875,54.53125
1807181,10976227,CI.TEJ.EHZ,1,down,27.14009666442871,2.580078125,114.6875
470158,14381160,CI.HMT.EHZ,1,down,8.947752952575684,1.2197265625,58.71875
2104785,10263709,CI.POB.EHZ,1,down,6.755463123321533,1.0595703125,13.890625
1602288,9133821,CI.RMR.EHZ,0,up,8.00753116607666,1.7802734375,48.25
1545170,11063149,PB.B081.EHZ,1,down,2.670116424560547,0.449951171875,28.78125
1148541,9691521,CI.SRT.EHZ,1,down,4.155412197113037,1.51953125,38.09375
1302024,15135729,AZ.FRD.HHZ,1,down,103.5481948852539,1.5498046875,14.046875
419366,14204772,AZ.YAQ.HHZ,0,up,2.473877429962158,0.66015625,36.90625
1563236,14921428,CI.STG.HHZ,1,down,4.982462406158447,2.16015625,27.296875
1873956,9132867,CI.MEC.EHZ,0,up,27.66420555114746,2.41015625,33.6875
1590854,14346356,PB.B082.EHZ,0,up,13.164518356323242,1.76953125,86.875
1994945,14344592,AZ.PFO.HHZ,0,up,4.482192516326904,0.81982421875,24.609375
1059993,10925589,CI.LEO.EHZ,0,up,11.54015064239502,1.5498046875,46.125
2190759,13935376,CI.LEO.EHZ,1,down,32.23643112182617,2.41015625,83.375
830427,13998252,AZ.KNW.HHZ,0,up,2.7151758670806885,1.1396484375,4.01953125
262467,13031436,CI.TAB.EHZ,0,up,10.370494842529297,2.109375,72.6875
1412279,10014845,CI.TEJ.EHZ,0,up,3.9187772274017334,1.2099609375,46.46875
580559,15062404,PB.B918.EHZ,1,down,31.37668800354004,1.400390625,72.125
2317539,11348698,CI.WHF.EHZ,1,down,12.904497146606445,1.169921875,11.75
829862,11365026,CI.BEL.HHZ,1,down,8.994294166564941,1.23046875,54.71875
1803857,14074372,AZ.CRY.HHZ,0,up,6.8876752853393555,1.3203125,26.90625
2357306,11085330,EN.YOU.EHZ,1,down,34.239723205566406,0.7998046875,2.26953125
347738,9147537,CI.WJP.EHZ,1,down,87.6962661743164,3.109375,88.3125
2147344,13948148,CI.RMM.EHZ,1,down,5.028131008148193,1.8095703125,42.375
586761,10658661,ZY.MLDN.EHZ,1,down,11.800339698791504,1.48046875,4.19921875
2232731,14297504,CI.FOX.EHZ,1,down,2.323669910430908,1.08984375,29.484375
480196,14295888,CI.DNR.HHZ,0,up,8.196388244628906,0.39990234375,18.765625
2443660,10099425,CI.RXH.HHZ,1,down,10.5258150100708,1.2998046875,4.109375
1755942,11374266,AZ.KNW.HHZ,0,up,55.10158157348633,0.77978515625,9.3203125
1891938,14213236,CI.RMR.EHZ,1,down,10.563033103942871,1.5400390625,49.6875
666819,10507205,PG.PB.ELZ,0,up,6.900665283203125,2.140625,17.65625
92187,11397170,CI.DGR.HHZ,0,up,12.62927532196045,0.64990234375,30.546875
1421353,14207204,CI.MPM.HHZ,0,up,32.99282455444336,1.0400390625,25.375
1708628,11333994,EN.OBS.EHZ,0,up,6.766947269439697,0.60009765625,2.869140625
1621229,14147084,CI.JRC2.HHZ,0,up,31.77259635925293,0.89990234375,9.609375
731829,10353641,AZ.TRO.HHZ,0,up,3.62986159324646,1.0400390625,31.359375
92516,9711069,CI.XMS.EHZ,0,up,8.989752769470215,2.220703125,61.15625
1814647,9940397,AZ.CRY.HHZ,0,up,6.373096466064453,1.0,16.296875
2099435,14203448,CI.BOR.HHZ,1,down,14.055994033813477,0.990234375,23.03125
1316317,9724693,AZ.PFO.HHZ,0,up,8.86697006225586,1.9501953125,35.09375
2361636,14183896,CI.WWP.EHZ,1,down,11.195718765258789,1.1796875,41.75
1158603,10063961,CI.RMM.EHZ,1,down,20.22834587097168,2.310546875,79.8125
2474391,10349089,CI.CHF.HHZ,1,down,16.881242752075195,1.23046875,31.4375
881771,9705885,CI.WJP.EHZ,1,down,21.597803115844727,1.2900390625,19.828125
1995175,9800041,CI.WRV.EHZ,1,down,6.947638511657715,1.2998046875,14.3984375
2296922,10004005,CI.HDB.EHZ,0,up,42.65780258178711,2.619140625,96.9375
801797,10185177,AZ.LVA2.HHZ,1,down,35.59096145629883,1.1796875,24.640625
2094196,10837485,ZY.COON.EHZ,0,up,17.381977081298828,1.3603515625,8.96875
1631557,14600836,PB.B093.EHZ,1,down,13.186980247497559,1.33984375,76.75
1366698,10248133,AZ.TRO.HHZ,0,up,18.128952026367188,1.1103515625,41.9375
224868,9168766,AZ.RDM.HHZ,0,up,5.397283554077148,1.0,16.546875
2406147,10288357,CI.POB.EHZ,0,up,5.928335189819336,0.64013671875,46.625
504108,9142073,CI.GRP.EHZ,0,up,5.175057888031006,1.2001953125,61.8125
1184761,10632349,CI.JRC2.HHZ,0,up,69.44419860839844,1.1396484375,12.84375
2011142,10506341,AZ.TRO.HHZ,0,up,4.3051533699035645,1.01953125,32.6875
252496,10757981,PB.B086.EHZ,0,up,8.668913841247559,1.349609375,14.9296875
1670666,9797749,CI.LRR.EHZ,1,down,3.7648470401763916,1.8701171875,91.125
1437672,14848436,CI.PMD.HHZ,1,down,19.609580993652344,0.340087890625,18.328125
1640431,14167616,CI.BCC.HHZ,0,up,45.15210723876953,2.73046875,38.125
1812943,14600684,CI.BAR.HHZ,1,down,3.433082342147827,1.1201171875,90.4375
388343,10217137,AZ.CRY.HHZ,0,up,10.704558372497559,0.340087890625,17.671875
1065307,10637101,ZY.OCBC.HHZ,0,up,5.022290229797363,2.0390625,26.609375
1401749,9981489,CI.POB.EHZ,0,up,33.21080780029297,1.900390625,54.09375
10668,14086372,CI.WLH.EHZ,0,up,8.516891479492188,1.25,38.1875
1591771,10246433,SB.GVDA.HLZ,1,down,28.092870712280273,1.349609375,8.5234375
2384782,14201724,AZ.KNW.HHZ,1,down,13.076236724853516,1.1298828125,49.125
1550923,14025240,AZ.PFO.HHZ,1,down,7.623460292816162,1.900390625,62.4375
59342,13672808,CI.JRC.HHZ,0,up,8.773244857788086,1.48046875,8.5
1222907,9714553,CI.TOW.EHZ,1,down,2.3671772480010986,1.7001953125,22.078125
1899720,10531485,CI.WRC.EHZ,0,up,61.64299011230469,1.240234375,18.84375
1501708,12927540,CI.COK.EHZ,1,down,4.27169942855835,1.7099609375,35.28125
1921242,10905709,CI.POB.EHZ,1,down,8.9967679977417,1.8095703125,93.0625
1411572,10839757,AZ.MONP2.HHZ,1,down,6.408111572265625,1.919921875,85.125
1896341,13992364,AZ.PFO.HHZ,1,down,2.3714404106140137,1.0,23.6875
1510693,9649009,CI.WRV.EHZ,1,down,11.636435508728027,1.58984375,9.390625
2360917,11083338,EN.RED.EHZ,0,up,15.84935474395752,0.60009765625,3.349609375
1525972,11273386,NN.BON.EHZ,1,down,13.370044708251953,1.7900390625,69.5625
2234101,10861333,AZ.LVA2.HHZ,1,down,16.3723201751709,0.64013671875,15.953125
2256669,15018188,PB.B086.EHZ,1,down,18.163345336914062,0.8798828125,8.53125
2292658,9679481,CI.ISA.HHZ,0,up,3.950120449066162,1.2001953125,68.0625
2431905,10183061,CI.GRP.EHZ,1,down,13.194247245788574,0.759765625,69.9375
1425235,9854497,CI.WCS.EHZ,1,down,7.167448997497559,1.4296875,10.1328125
2055950,10730317,CI.EMS.EHZ,0,up,7.2261061668396,2.0390625,67.6875
1283798,10237941,CI.WCH.EHZ,0,up,50.580223083496094,2.7109375,34.25
1402115,14087588,CI.EW2.EHZ,1,down,20.648405075073242,1.490234375,24.9375
1413576,10586213,ZY.MLDN.EHZ,0,up,17.566078186035156,1.6298828125,3.650390625
1418617,13948740,CI.CTW.EHZ,1,down,3.8107333183288574,1.4599609375,59.75
1952441,10298137,CI.COK.EHZ,0,up,8.745362281799316,2.650390625,80.125
1407300,10262869,CI.WTT.HHZ,0,up,6.895319938659668,2.73046875,37.5
969142,12455992,CI.WOR.EHZ,1,down,19.360427856445312,1.599609375,49.875
51313,9807997,CI.EW2.EHZ,0,up,2.527714252471924,1.150390625,51.375
1068407,12399452,CI.RAY.EHZ,0,up,12.335054397583008,1.9296875,44.875
1407049,10726909,CI.POB.EHZ,0,up,24.26062774658203,1.330078125,58.875
1773357,14295688,CI.SGL.EHZ,0,up,29.763547897338867,1.5302734375,34.90625
2040437,14041984,CI.WNM.EHZ,0,up,3.126040458679199,1.990234375,44.03125
1698484,13912548,CI.WRC.EHZ,0,up,19.82099151611328,1.8798828125,6.48828125
20763,14240540,CI.CLI.EHZ,0,up,4.2809247970581055,1.240234375,45.375
2111147,10257041,PB.B087.EHZ,0,up,115.31957244873047,1.150390625,13.6875
2488937,13657996,CI.JVA.HHZ,1,down,3.190225601196289,1.76953125,58.15625
846718,9987065,CI.SLA.HHZ,0,up,90.11714935302734,2.880859375,43.5
802239,9796353,CI.BOR.HHZ,0,up,29.637975692749023,1.419921875,12.21875
1018645,14605612,AZ.KNW.HHZ,1,down,37.97856140136719,1.0498046875,7.109375
1576829,9653501,CI.ISA.HHZ,0,up,21.15043067932129,2.76953125,41.125
969000,10349309,CI.FRK.EHZ,1,down,6.618467807769775,1.099609375,21.96875
51916,9150841,CI.ISA.HHZ,1,down,30.26913070678711,2.650390625,82.9375
387607,11126170,AZ.CRY.HHZ,0,up,5.611710548400879,0.1800537109375,5.19921875
398405,14517372,CI.BOR.HHZ,1,down,314.17547607421875,0.77001953125,2.9609375
30443,10534589,CI.MCT.HHZ,0,up,3.156430244445801,1.25,37.6875
2279119,14384376,CI.HMT.EHZ,1,down,7.3072638511657715,1.6103515625,37.0625
1455858,10908157,AZ.KNW.HHZ,0,up,7.110875129699707,0.52978515625,34.78125
120850,10284289,CI.RMR.EHZ,0,up,185.21583557128906,1.8701171875,17.65625
501429,9698813,CI.WCS.EHZ,1,down,8.359609603881836,1.650390625,10.640625
350862,9962309,CI.SES.HHZ,1,down,42.86072540283203,1.349609375,1.5703125
515012,14196516,AZ.KNW.HHZ,1,down,3.668534278869629,1.419921875,53.15625
1179078,14204700,CI.WBS.HHZ,0,up,6.271823883056641,1.150390625,15.65625
2205198,10267533,AZ.CRY.HHZ,0,up,6.154356956481934,0.64990234375,12.3125
265079,13936872,CI.BBR.HHZ,1,down,23.994924545288086,1.3203125,8.578125
163866,10763261,PB.B086.EHZ,1,down,1.933666706085205,1.0,29.3125
486881,14150136,CI.CRR.EHZ,0,up,18.030254364013672,2.5,72.25
708812,9940901,AZ.KNW.HHZ,1,down,4.309423446655273,1.2998046875,9.1171875
1550222,14219808,CI.POB.EHZ,1,down,10.208410263061523,1.2001953125,31.734375
1795376,9160612,CI.RMR.EHZ,0,up,10.123170852661133,1.5,41.46875
1998659,10221745,CI.WRV.EHZ,0,up,53.678863525390625,1.26953125,17.0625
1059179,10297905,CI.TPC.EHZ,0,up,213.20181274414062,1.2998046875,24.3125
1484680,9149160,CI.WRC.EHZ,0,up,4.1894378662109375,0.83984375,21.65625
1292570,10344793,CI.GAV.EHZ,1,down,3.134877920150757,2.220703125,71.6875
273282,10121681,AZ.LVA2.HHZ,0,up,130.986328125,1.4501953125,44.09375
424759,10256909,CI.COK.EHZ,1,down,2.5980031490325928,1.3896484375,32.4375
1595680,10924645,CI.EDW2.HHZ,0,up,58.98588180541992,1.76953125,33.375
340780,13986632,CI.HOL.EHZ,1,down,6.541490077972412,1.2001953125,18.46875
1731993,9144511,CI.ALV.EHZ,0,up,35.397884368896484,1.76953125,42.59375
816475,11378154,CI.CBK.EHZ,0,up,32.01465606689453,2.580078125,62.34375
540660,14237772,AZ.TRO.HHZ,1,down,25.856721878051758,2.400390625,48.15625
909271,14146604,CI.CRR.EHZ,0,up,4.3860087394714355,1.099609375,32.21875
2289029,10330585,AZ.KNW.HHZ,0,up,4.472003936767578,1.0703125,59.125
1706031,9750841,CI.SNR.EHZ,1,down,10.367692947387695,2.919921875,59.0625
603578,10595429,ZY.SHCM.EHZ,1,down,12.178895950317383,1.990234375,14.109375
1909289,15156801,PB.B921.EHZ,1,down,4.145731449127197,2.349609375,97.6875
386157,9707853,CI.HOL.EHZ,1,down,13.881876945495605,1.5,93.0625
1964672,14161284,CI.RYS.EHZ,1,down,41.39323806762695,2.279296875,37.90625
2107623,10378237,PB.B086.EHZ,0,up,7.2892866134643555,0.52001953125,22.171875
204354,10728685,CI.IBP.HHZ,0,up,110.1358413696289,2.189453125,19.734375
495228,14254372,AZ.SND.HHZ,1,down,8.487878799438477,0.72021484375,10.9765625
2071694,11671924,CI.LUC.EHZ,0,up,3.2995595932006836,1.6201171875,64.9375
1359953,10753621,PB.B084.EHZ,1,down,8.373930931091309,0.0999755859375,12.5
2399924,14215728,CI.EW2.EHZ,0,up,2.4846954345703125,1.01953125,34.65625
2202021,9662601,CI.CLC.EHZ,0,up,27.27696418762207,1.8095703125,15.4921875
1128633,7190988,CI.WVP.EHZ,0,up,35.097747802734375,1.400390625,6.51953125
238176,10026173,AZ.BZN.HHZ,1,down,19.303508758544922,1.400390625,58.09375
1186934,10657013,ZY.MLDN.EHZ,1,down,5.118875026702881,1.2802734375,7.8984375
870006,14137688,CI.CBK.EHZ,1,down,21.46771812438965,2.48046875,66.9375
2001510,10185762,CI.WES.HHZ,0,up,2.9296045303344727,1.0400390625,20.5
331706,9735441,CI.COK.EHZ,0,up,1.6191091537475586,1.7802734375,27.65625
2164906,10028701,AZ.KNW.HHZ,1,down,8.295692443847656,1.08984375,53.625
375648,9817645,CI.BC3.HHZ,1,down,11.922789573669434,2.779296875,68.25
1698557,13997900,CI.LGU.HHZ,1,down,4.844643592834473,2.33984375,36.15625
379691,14941204,AZ.FRD.HHZ,1,down,18.334348678588867,0.81982421875,24.9375
119061,9671469,CI.BTL.EHZ,0,up,34.72749710083008,1.6103515625,16.09375
1032256,9719833,CI.OLY.EHZ,0,up,5.436907768249512,1.490234375,57.5625
1493869,14333412,CI.GAV.EHZ,1,down,10.581674575805664,1.5302734375,32.96875
2086586,14000620,CI.PDE.HHZ,1,down,4.072839736938477,1.830078125,23.265625
279482,14185820,CI.POB.EHZ,1,down,32.480953216552734,1.76953125,69.6875
1115992,14988388,PB.B082.EHZ,1,down,15.729568481445312,1.58984375,24.328125
1268179,11323850,CI.SUN.EHZ,1,down,44.35708236694336,1.1904296875,11.5078125
176532,15147441,AZ.FRD.HHZ,1,down,32.52716064453125,0.580078125,11.5625
464930,11380122,CI.PLM.HHZ,1,down,13.875042915344238,0.97998046875,30.203125
1260088,10225141,AZ.CRY.HHZ,1,down,9.855138778686523,0.77001953125,20.6875
573856,14116988,CI.CHF.HHZ,0,up,64.72600555419922,2.240234375,57.84375
1759395,15021036,AZ.KNW.HHZ,1,down,55.93019485473633,0.85986328125,26.296875
616886,10223241,CI.DNR.HHZ,0,up,10.878439903259277,0.81982421875,15.421875
81309,11045309,CI.CIA.HHZ,1,down,13.636242866516113,2.4296875,64.0
1413893,10532733,CI.WCS.EHZ,0,up,5.171005725860596,1.0498046875,9.6328125
735139,13916184,CI.HMT.EHZ,0,up,26.259029388427734,1.5,19.21875
541988,10542989,AZ.CRY.HHZ,0,up,14.166773796081543,2.140625,63.59375
494612,14686988,ZY.PNTO.EHZ,1,down,21.567089080810547,2.169921875,43.40625
1628044,11415538,CI.ISA.HHZ,0,up,7.423782825469971,1.4697265625,79.8125
40300,10262573,CI.JRC2.HHZ,1,down,6.908933162689209,1.3603515625,47.625
341261,14135860,CI.SIL.EHZ,1,down,3.1017065048217773,1.83984375,78.6875
685480,10251265,CI.HDB.EHZ,1,down,12.80185604095459,1.259765625,20.5
339569,15010100,EN.OBS.EHZ,1,down,20.757600784301758,0.300048828125,8.1484375
1289057,14171988,CI.BFS.HHZ,1,down,2.195261001586914,0.93017578125,16.578125
2451846,9705673,CI.SCD.EHZ,0,up,6.545113563537598,2.029296875,62.0
1033992,10099821,AZ.KNW.HHZ,1,down,2.276376485824585,0.5,28.8125
1698827,11371138,CI.CLT.HHZ,0,up,2.989011526107788,1.0595703125,6.87890625
150273,10492917,CI.CTW.EHZ,1,down,2.2240941524505615,1.2900390625,54.71875
534754,15162313,CI.BBS.HHZ,1,down,9.834012985229492,1.73046875,8.7421875
1891081,14151896,AZ.RDM.HHZ,0,up,3.40946888923645,1.599609375,30.6875
1424166,13965648,AZ.SND.HHZ,0,up,57.86454772949219,1.6201171875,19.53125
1343164,14285876,PB.B086.EHZ,1,down,25.03385353088379,1.08984375,11.7734375
1761969,10330269,CI.IRM.HHZ,1,down,9.822345733642578,1.4296875,100.5625
2458023,10167709,AZ.LVA2.HHZ,0,up,9.21844482421875,0.85009765625,47.125
2367187,10262517,CI.JVA.HHZ,0,up,11.595125198364258,1.3203125,40.375
1648327,15201145,EN.HAT.EHZ,1,down,114.74891662597656,3.48046875,19.796875
344100,9776525,CI.WRV.EHZ,0,up,15.276020050048828,0.60009765625,1.580078125
1827083,9991805,CI.WMF.EHZ,1,down,6.262091636657715,1.099609375,16.546875
1593322,9166794,CI.SIL.EHZ,0,up,5.512709140777588,1.650390625,32.34375
1511917,14153136,AZ.SND.HHZ,1,down,14.2938871383667,0.5,11.0
1007057,11002229,CI.JVA.HHZ,1,down,82.13138580322266,2.060546875,13.78125
1073118,14621452,CI.ERP.EHZ,1,down,4.808677673339844,2.259765625,29.53125
1422836,13936896,WR.PEC.EHZ,0,up,31.935956954956055,2.990234375,54.46875
38656,11321730,PB.B081.EHZ,0,up,513.9779663085938,3.08984375,53.625
706407,10545637,CI.LPC.HHZ,1,down,7.452980041503906,0.93994140625,47.78125
258916,11274338,CI.CTC.HHZ,0,up,6.952460765838623,1.599609375,47.75
1592130,14733148,ZY.WAGN.EHZ,1,down,68.92132568359375,1.1396484375,2.23046875
888350,9889553,CI.DNR.HHZ,0,up,27.74995231628418,1.3701171875,20.5
938370,14214932,CI.SS2.EHZ,0,up,11.27055835723877,1.6298828125,62.5
994123,14098872,CI.WHF.EHZ,0,up,8.105611801147461,1.0,23.875
2325050,14215436,CI.MPI.HHZ,1,down,4.411714553833008,1.2197265625,27.953125
182537,10263297,CI.EML.HHZ,1,down,9.50896167755127,1.5498046875,88.875
1454441,9165655,CI.CFL.EHZ,0,up,29.535388946533203,2.509765625,84.0
2191407,13910732,CI.TEJ.EHZ,0,up,4.430417537689209,1.7099609375,12.9609375
680885,14199312,AZ.FRD.HHZ,1,down,20.949462890625,1.650390625,116.625
1198957,10494077,CI.LPC.HHZ,0,up,35.51606369018555,2.2109375,64.875
357408,10372557,AZ.KNW.HHZ,1,down,26.664161682128906,0.7001953125,38.46875
705792,14616140,CI.YUH.EHZ,1,down,3.5529351234436035,3.26953125,16.78125
370898,14283324,CI.BAT.EHZ,1,down,22.078920364379883,1.650390625,38.84375
1447210,10672789,CI.CRR.EHZ,0,up,8.582504272460938,1.9697265625,44.0625
2274731,10295377,SB.GVDA.HLZ,1,down,4.098773002624512,0.6298828125,12.4609375
171815,10871637,AZ.RDM.HHZ,0,up,53.34421920776367,0.8701171875,8.5703125
716585,9168554,CI.RAG.EHZ,1,down,6.273212909698486,1.400390625,13.53125
89707,10235353,AZ.CRY.HHZ,0,up,13.33942699432373,1.3798828125,40.125
1444106,14169032,CI.COA.EHZ,1,down,80.98438262939453,3.75,57.0
2093839,9170908,CI.WIN.EHZ,0,up,4.237335205078125,1.099609375,34.8125
743412,9673385,CI.WRC.EHZ,0,up,15.094655990600586,1.759765625,23.28125
660618,13961340,CI.PSP.EHZ,0,up,24.976221084594727,2.009765625,33.34375
989937,10098501,CI.SRT.EHZ,0,up,3.5026514530181885,1.150390625,23.796875
2100071,14437080,AZ.FRD.HHZ,1,down,53.14148712158203,2.140625,29.3125
832337,14150668,CI.WHF.EHZ,1,down,3.923179864883423,1.5,56.46875
1759208,9698165,CI.SPG.HHZ,0,up,3.398937225341797,1.2001953125,46.09375
96064,9170565,CI.DEV.HHZ,1,down,27.98798942565918,2.640625,13.7109375
2349404,14609580,CI.CLI.EHZ,1,down,4.101668357849121,2.740234375,58.6875
1945946,9984933,CI.WWP.EHZ,0,up,5.76799201965332,1.2998046875,44.1875
620562,9167280,CI.CTW.EHZ,0,up,26.1337890625,2.41015625,80.8125
2207156,9150252,CI.WWP.EHZ,1,down,15.89620590209961,1.9501953125,52.125
634130,14437864,CI.FRK.EHZ,1,down,18.930755615234375,1.580078125,12.03125
2219566,14621692,CI.EMS.EHZ,1,down,48.15333938598633,3.439453125,64.875
2205178,10750133,CI.BAC.EHZ,1,down,35.74018096923828,1.6796875,33.8125
1176787,14474016,CI.CRR.EHZ,1,down,11.087459564208984,1.5302734375,43.0625
201021,14002980,CI.EW2.EHZ,1,down,5.756637096405029,1.419921875,37.96875
1311410,14001264,CI.HMT.EHZ,0,up,9.780960083007812,1.2001953125,36.46875
2348126,14282848,NP.5081.HLZ,0,up,14.87425422668457,3.490234375,60.71875
249896,13279460,AZ.KNW.HHZ,1,down,28.253799438476562,1.1904296875,45.625
1565626,10398257,AZ.KNW.HHZ,1,down,50.16141128540039,1.7998046875,89.5625
867594,10317125,AZ.PFO.HHZ,0,up,12.97331428527832,1.73046875,42.625
1159289,13843500,CI.BLK.EHZ,0,up,4.06068754196167,1.1298828125,49.0
1226892,15163817,AZ.CRY.HHZ,1,down,8.444602012634277,1.6396484375,86.5
986690,10082165,CI.JCS.HHZ,1,down,13.780292510986328,2.080078125,107.5
2485905,14932708,AZ.WMC.HHZ,1,down,5.225581645965576,1.76953125,79.75
1439942,15001764,CI.MSC.HHZ,1,down,25.498140335083008,2.01953125,71.25
1850627,9132548,CI.VPD.EHZ,0,up,5.864583969116211,0.89990234375,11.2734375
217557,10099081,CI.BAC.EHZ,0,up,4.454990863800049,1.48046875,51.78125
254226,9137724,CI.PSP.EHZ,0,up,1.8619481325149536,1.2998046875,22.71875
2021519,10440529,CI.ERP.EHZ,0,up,52.727882385253906,3.630859375,64.875
1169364,9940213,CI.BLA.HHZ,0,up,3.092681646347046,1.5,36.40625
2012383,14470784,PB.B087.EHZ,1,down,141.911376953125,1.4404296875,6.69140625
458282,11008021,AZ.PFO.HHZ,1,down,7.21343469619751,0.83984375,10.8125
1342745,11348202,CI.WGR.HHZ,0,up,21.866344451904297,2.66015625,103.125
661518,9709989,CI.GTM.EHZ,0,up,16.86438751220703,2.689453125,48.09375
2361906,9793245,CI.WNM.EHZ,0,up,12.323915481567383,1.599609375,55.84375
1681887,9734841,CI.SND.EHZ,1,down,6.273534774780273,1.8896484375,50.84375
400181,14217080,CI.BTL.EHZ,0,up,17.37700843811035,1.080078125,17.5
1843375,10724197,CI.ERP.EHZ,0,up,7.8012895584106445,1.099609375,17.953125
1174191,11034973,EN.OBS.EHZ,0,up,10.46719741821289,1.4697265625,2.51953125
374460,10609645,CI.WNM.EHZ,1,down,6.875679969787598,1.0498046875,13.203125
917920,9720649,CI.JUL.EHZ,0,up,4.952390670776367,0.509765625,38.84375
2128970,14187248,AZ.CRY.HHZ,0,up,6.441003322601318,0.47998046875,5.7890625
286820,10909245,PB.B084.EHZ,1,down,17.427385330200195,0.669921875,17.40625
1465896,10024785,AZ.PFO.HHZ,1,down,3.776601791381836,1.48046875,84.25
1662812,14570756,CI.WCS.EHZ,1,down,5.442654609680176,0.72998046875,9.609375
1495138,9156726,CI.RAG.EHZ,1,down,4.789977073669434,1.0,16.6875
1877505,10545061,CI.BFS.HHZ,0,up,10.918132781982422,2.169921875,50.5625
1549540,10147937,CI.WVP.EHZ,1,down,14.387835502624512,0.8798828125,8.6171875
2475436,13007460,CI.TOW.EHZ,0,up,210.21763610839844,2.44921875,30.984375
1153596,14157460,CI.RMR.EHZ,1,down,25.767810821533203,2.140625,78.375
676329,14850380,CI.CGO.HHZ,1,down,8.204904556274414,2.419921875,76.9375
2120165,15057204,AZ.PFO.HHZ,1,down,30.811002731323242,1.5703125,35.84375
2175633,15185065,AZ.TRO.HHZ,1,down,2.7944700717926025,1.26953125,88.125
233802,9850445,CI.CRR.EHZ,1,down,5.087286472320557,1.6904296875,44.1875
2203104,11087506,AZ.SND.HHZ,1,down,23.631044387817383,1.9599609375,54.0625
2318850,10055881,CI.OAK.EHZ,0,up,7.901192665100098,1.9697265625,20.984375
498941,9156687,CI.WCS.EHZ,0,up,4.9874749183654785,1.419921875,11.8515625
224893,14217288,AZ.PFO.HHZ,0,up,8.840282440185547,1.7001953125,31.65625
695755,10284045,CI.RIO.HHZ,0,up,2.7179760932922363,1.4599609375,1.73046875
2303350,9983913,CI.WSH.EHZ,1,down,149.10459899902344,1.6796875,42.9375
1751288,9636145,CI.WOF.EHZ,0,up,2.9800901412963867,1.830078125,100.6875
2295258,10008149,CI.THC.EHZ,1,down,16.392322540283203,2.630859375,100.0625
1637366,14960220,CI.SGL.EHZ,1,down,106.44515991210938,2.4296875,38.03125
91197,10739101,CI.PMD.HHZ,1,down,9.201991081237793,0.1199951171875,22.484375
212445,14094356,CI.WCS.EHZ,0,up,2.67598295211792,0.7001953125,8.9609375
968882,10714797,PB.B084.EHZ,1,down,31.34405517578125,0.60986328125,13.4609375
777734,11088522,CI.TOR.HHZ,1,down,5.591598033905029,0.81982421875,32.34375
1952109,10070149,AZ.SND.HHZ,0,up,8.577431678771973,1.51953125,47.78125
1830181,10617453,ZY.USG.EHZ,1,down,14.322270393371582,1.2900390625,16.140625
624464,10435433,AZ.PFO.HHZ,1,down,18.095502853393555,1.41015625,20.328125
1135136,14335300,CI.BLK.EHZ,0,up,41.971282958984375,3.060546875,105.0
365721,10036177,CI.CRG.EHZ,1,down,14.44431209564209,1.76953125,31.375
1671772,11344618,CI.BLA2.HHZ,1,down,1.5448576211929321,1.0,38.5625
2202016,10047593,CI.TPM.EHZ,1,down,30.73575782775879,2.0390625,35.59375
2171957,14937764,AZ.BZN.HHZ,1,down,7.091275691986084,1.0703125,53.375
2401639,11368850,WR.PEC.EHZ,0,up,17.3890438079834,1.0400390625,21.515625
1713283,14312944,AZ.FRD.HHZ,1,down,18.292055130004883,0.60986328125,7.9296875
2181204,10028845,CI.WLH.EHZ,0,up,33.15120315551758,1.599609375,37.09375
135056,9820469,CI.MLS.HHZ,0,up,11.395025253295898,2.69921875,20.375
1301348,14847892,ZY.COON.EHZ,1,down,3.980145215988159,1.8603515625,21.890625
487521,12959444,CI.HOL.EHZ,0,up,109.13096618652344,2.359375,50.53125
1764475,14595060,CI.PER.HHZ,1,down,7.376136302947998,1.26953125,15.640625
2070059,15203585,EN.HAT.EHZ,1,down,3.101979970932007,1.51953125,17.609375
742218,14116916,CI.SS2.EHZ,1,down,233.85128784179688,2.5,11.03125
826941,10485213,AZ.RDM.HHZ,1,down,4.87519645690918,0.7099609375,22.59375
2374238,14166376,CI.WWP.EHZ,0,up,7.660378932952881,1.0302734375,39.28125
433465,10990365,CI.JEM.HHZ,0,up,92.16181945800781,3.029296875,116.375
1717990,10545277,CI.BAC.EHZ,1,down,18.396568298339844,1.5400390625,44.9375
1211454,9775661,CI.CAP.HHZ,1,down,3.518568754196167,1.4296875,64.9375
1634551,13984988,CI.BOR.HHZ,1,down,8.373583793640137,1.5,27.84375
2230576,13940860,CI.CBK.EHZ,1,down,5.8756103515625,1.580078125,68.9375
2196787,11275514,AZ.RDM.HHZ,1,down,7.947189807891846,0.759765625,4.55859375
1026175,9690661,CI.WCS.EHZ,0,up,22.160057067871094,1.599609375,9.5078125
410794,9871945,CI.SGL.EHZ,1,down,10.850579261779785,2.05078125,55.375
1250229,15158545,CI.CTW.EHZ,1,down,3.646775722503662,1.7001953125,95.3125
1804558,10246409,AZ.PFO.HHZ,0,up,5.003981113433838,0.469970703125,22.015625
1364584,11045405,CI.SME.EHZ,0,up,36.90018844604492,1.5595703125,14.8984375
1572357,13947552,CI.SME.EHZ,0,up,1.5803261995315552,1.759765625,72.5625
732381,10921701,CI.WI2.EHZ,0,up,3.117648124694824,0.89990234375,12.0078125
13239,10355621,AZ.KNW.HHZ,0,up,152.48150634765625,2.099609375,42.3125
80775,13943892,CI.RUS.HHZ,1,down,68.19219207763672,1.9697265625,2.2890625
195163,14851396,AZ.WMC.HHZ,1,down,11.24715518951416,1.0400390625,13.5703125
144250,14600628,CI.OLP.HHZ,1,down,2.128671169281006,1.830078125,68.9375
2298953,10095833,CI.LEO.EHZ,0,up,31.4288387298584,1.849609375,54.21875
295153,13979148,CI.SDR.HHZ,1,down,3.2702465057373047,0.89990234375,77.0
1090327,9159784,CI.GRP.EHZ,0,up,6.3602986335754395,1.5,64.375
56273,9160833,CI.YUH.EHZ,0,up,5.797782897949219,1.400390625,45.21875
177652,10745661,AZ.WMC.HHZ,0,up,76.72225189208984,1.6201171875,18.21875
424326,10185133,AZ.SND.HHZ,0,up,5.75142765045166,0.68017578125,16.25
2378094,14156564,CI.BAC.EHZ,1,down,53.338417053222656,1.8603515625,49.4375
748269,11282730,PB.B081.EHZ,1,down,12.385558128356934,1.0,30.53125
1294715,10036229,AZ.PFO.HHZ,1,down,8.095147132873535,0.740234375,11.9921875
1234699,10479501,CI.MLS.HHZ,0,up,17.579580307006836,1.7900390625,4.80859375
2196482,14207260,CI.WOF.EHZ,0,up,7.39585018157959,1.6201171875,98.5
388902,11276314,AZ.BZN.HHZ,0,up,4.81690788269043,0.7001953125,20.953125
1041313,11322162,NN.BEN.EHZ,0,up,12.854647636413574,1.2998046875,29.875
655050,14380368,CI.BAC.EHZ,1,down,5.335574150085449,1.2001953125,56.125
1180795,9616433,CI.RAY.EHZ,1,down,35.123435974121094,1.98046875,12.609375
1407718,14281808,CI.SIL.EHZ,0,up,3.346759796142578,1.0595703125,15.703125
1206348,14168796,CI.EW2.EHZ,1,down,4.335790157318115,2.330078125,90.8125
2450874,14388264,CI.WGR.HHZ,1,down,3.635028123855591,2.16015625,74.6875
879594,14146608,CI.RMM.EHZ,1,down,2.4081273078918457,1.5,26.765625
770516,10054625,CI.SGL.EHZ,1,down,23.870912551879883,2.130859375,44.59375
1346971,14288156,AZ.BZN.HHZ,0,up,4.3889875411987305,0.85009765625,30.59375
311138,10267497,CI.BBR.HHZ,0,up,13.04592227935791,1.7998046875,11.421875
180092,9855617,AZ.PFO.HHZ,1,down,26.228723526000977,1.919921875,29.484375
2043707,10380549,PB.B087.EHZ,0,up,4.119742393493652,1.2998046875,118.625
2120687,14376580,CI.WRC.EHZ,1,down,32.85987854003906,1.349609375,25.59375
1565833,10992359,CI.CLC.HHZ,0,up,34.85276412963867,1.7900390625,35.21875
170395,14343780,CI.SPG2.HHZ,0,up,2.431053638458252,0.97021484375,46.78125
289978,14734020,CI.JNH.EHZ,1,down,13.65411376953125,2.30078125,113.25
2325191,9720653,CI.WHV.EHZ,1,down,49.5838623046875,1.8203125,5.0390625
2015307,14956492,AZ.CRY.HHZ,1,down,8.841106414794922,1.650390625,59.65625
458418,14186156,CI.HMT.EHZ,1,down,17.916269302368164,1.8701171875,36.5
377095,11367682,PB.B084.EHZ,1,down,10.998969078063965,1.25,60.53125
1228774,14863204,CI.LTC.EHZ,1,down,40.1181640625,2.740234375,59.84375
1398145,10068949,CI.GTM.EHZ,0,up,14.585899353027344,0.81982421875,12.4765625
1425298,9675693,CI.WRC.EHZ,0,up,14.167167663574219,1.9697265625,23.296875
1143693,11414258,CI.SNO.HHZ,0,up,4.8450093269348145,1.7802734375,41.28125
2210761,10532717,CI.WCH.EHZ,1,down,4.4451985359191895,1.5595703125,28.109375
492863,11128890,AZ.KNW.HHZ,0,up,4.078664302825928,1.8603515625,89.875
374049,10168297,CI.DNR.HHZ,0,up,7.492591381072998,1.240234375,27.40625
2425250,11066821,CI.SNO.HHZ,1,down,6.36155891418457,1.25,13.703125
1099186,9152268,CI.TPM.EHZ,1,down,8.855696678161621,1.8896484375,105.625
493510,12559524,CI.HOL.EHZ,0,up,26.94935417175293,2.099609375,67.0625
1507383,13959556,CI.BBR.HHZ,0,up,2.23103404045105,1.0400390625,10.2109375
273745,9853265,CI.RMM.EHZ,1,down,78.43538665771484,1.849609375,45.15625
77439,10207733,AZ.MONP.HHZ,0,up,2.6349546909332275,1.51953125,40.53125
2199865,9686481,CI.CLC.HHZ,0,up,12.627902030944824,1.490234375,35.71875
802441,14369280,PB.B084.EHZ,1,down,5.308371543884277,1.009765625,78.0
308423,10365373,CI.BBR.HHZ,0,up,7.007430076599121,1.7197265625,43.90625
345867,11394434,CI.RXH.HHZ,1,down,4.404994964599609,0.7001953125,1.8203125
678630,14891276,AZ.RDM.HHZ,1,down,7.6426777839660645,0.58984375,30.4375
2295381,11206754,CI.COA.EHZ,0,up,8.501436233520508,1.6201171875,25.53125
103550,10353485,AZ.MONP2.HHZ,1,down,58.060394287109375,3.0,90.6875
724710,11393978,CI.PDR.HHZ,0,up,8.862217903137207,1.3896484375,3.0390625
2413182,13939548,CI.WBM.EHZ,0,up,7.912013053894043,2.1796875,76.5625
126883,13940404,CI.SUN.EHZ,0,up,9.157343864440918,1.650390625,78.5
2039371,9642381,AZ.PFO.HHZ,1,down,3.447826862335205,0.89013671875,17.1875
1108006,9744533,CI.BAC.EHZ,0,up,5.277950763702393,0.8701171875,14.0625
1364331,10626797,ZY.PNTO.EHZ,0,up,69.74913024902344,1.4501953125,13.6171875
127482,11047213,CI.SNO.HHZ,1,down,4.765900611877441,1.1103515625,32.46875
722881,14122700,AZ.YAQ.HHZ,1,down,3.470001220703125,1.7099609375,96.25
1782790,10965157,CI.YUH.EHZ,0,up,91.65203094482422,1.6103515625,16.515625
818773,14213856,CI.WSH.EHZ,0,up,4.896756172180176,0.56982421875,29.5625
687936,10492757,CI.RHC.EHZ,1,down,96.70152282714844,1.990234375,4.55078125
1625175,9856145,CI.PSP.EHZ,1,down,6.142376899719238,1.75,34.8125
1731260,10080925,CI.LUC.EHZ,0,up,3.252653121948242,1.4501953125,42.84375
221675,10902725,CI.WES.HHZ,1,down,29.87516212463379,2.599609375,29.703125
559617,14206892,CI.JCS.HHZ,1,down,12.722254753112793,2.369140625,48.0625
718889,9615325,CI.WJP.EHZ,1,down,2.0775880813598633,1.900390625,67.6875
1966603,11034213,CI.HMT.EHZ,0,up,11.967252731323242,0.77978515625,20.4375
1492423,12451668,CI.CRR.EHZ,1,down,12.050599098205566,2.140625,43.53125
652801,10930453,CI.CLI.EHZ,1,down,54.485652923583984,1.9296875,14.078125
1321518,11369818,AZ.BZN.HHZ,0,up,35.736995697021484,1.26953125,29.46875
387477,14469848,CI.SBPX.HHZ,1,down,55.823429107666016,2.69921875,21.359375
2298935,13658412,CI.SIL.EHZ,1,down,3.715533971786499,2.0703125,36.8125
2442290,10207029,CI.WRC.EHZ,0,up,46.93840789794922,0.9599609375,5.62890625
1028919,9644397,CI.WSH.EHZ,0,up,86.95699310302734,2.5390625,86.5625
2260335,14161072,CI.TOW.EHZ,1,down,1.4412976503372192,1.98046875,43.34375
1889013,13937644,CI.RMR.EHZ,0,up,324.4927673339844,2.330078125,26.8125
1171786,11023501,CI.POB.EHZ,0,up,11.059136390686035,0.830078125,22.234375
2159041,10402065,CI.XTL.EHZ,0,up,14.553885459899902,2.19921875,87.1875
1670637,10932621,CI.DNR.HHZ,0,up,11.452847480773926,0.8701171875,17.671875
94004,10266465,CI.GAV.EHZ,0,up,4.197936534881592,1.599609375,19.5
175244,9988809,CI.BAT.EHZ,0,up,6.163201332092285,1.9404296875,35.1875
560248,11350234,AZ.SND.HHZ,1,down,41.42716598510742,2.140625,81.875
30722,13930360,CI.WRV.EHZ,0,up,13.952336311340332,2.759765625,103.625
1997914,10168257,CI.JRC2.HHZ,0,up,12.902080535888672,1.9697265625,29.53125
2336174,9647913,CI.BBR.HHZ,1,down,44.98581314086914,2.189453125,35.375
411532,9645365,CI.JCS.HHZ,0,up,25.064653396606445,2.939453125,83.0625
1469913,13311468,AZ.BZN.HHZ,1,down,11.490707397460938,0.89990234375,7.828125
1335283,14096008,CI.DJJ.HHZ,1,down,73.45975494384766,2.48046875,14.90625
1089511,13656376,CI.CRR.EHZ,1,down,38.721553802490234,3.939453125,104.75
1513561,14255028,AZ.BZN.HHZ,1,down,2.8589284420013428,1.3798828125,58.21875
1171077,10401737,AZ.LVA2.HHZ,0,up,19.095361709594727,1.0302734375,24.953125
1968123,10665885,ZY.MLDN.EHZ,1,down,159.1440887451172,2.3203125,8.328125
962930,14284784,CI.BTL.EHZ,1,down,8.091231346130371,1.25,27.375
1036627,10986149,CI.BLA2.HHZ,1,down,10.535346031188965,1.6103515625,66.4375
206379,14204380,CI.WCS.EHZ,0,up,2.0742123126983643,0.489990234375,12.6015625
1643015,10201377,CI.RUN.EHZ,1,down,21.027385711669922,2.099609375,70.5625
1856672,10264329,AZ.FRD.HHZ,0,up,29.51304054260254,0.669921875,23.0625
1846135,10064829,CI.CRR.EHZ,0,up,43.80390167236328,1.849609375,11.7890625
1146571,9929729,CI.WMF.EHZ,0,up,7.340505123138428,1.2001953125,45.9375
880096,14242092,AZ.SND.HHZ,1,down,4.552962779998779,1.23046875,65.375
3353,14121648,CI.FRK.EHZ,0,up,4.274353981018066,1.990234375,93.5
2304550,9666901,CI.CDY.EHZ,1,down,8.375152587890625,2.419921875,74.375
1104120,10320881,CI.YUH.EHZ,1,down,60.23807907104492,2.55078125,56.53125
1245099,10187165,CI.JCS.HHZ,1,down,23.076635360717773,1.2900390625,43.9375
768239,9749633,CI.RMR.EHZ,1,down,17.762277603149414,1.2998046875,18.40625
2087464,14168064,CI.WLH.EHZ,0,up,5.462622165679932,0.830078125,33.5625
1729723,13949924,WR.PEC.EHZ,0,up,2.779576301574707,1.7099609375,77.3125
2259682,9629053,CI.SAD.EHZ,1,down,9.710831642150879,1.9296875,27.53125
2237483,14176288,CI.RAY.EHZ,0,up,4.950562953948975,1.330078125,41.15625
1884843,10373669,AZ.KNW.HHZ,1,down,26.962451934814453,1.7998046875,48.65625
1927353,10318073,AZ.RDM.HHZ,1,down,44.883182525634766,2.939453125,96.8125
711720,10370177,PB.B084.EHZ,0,up,330.7481994628906,3.279296875,95.0
853607,14860236,CI.CGO.HHZ,1,down,22.480260848999023,0.89013671875,18.234375
280874,10215429,CI.BEL.HHZ,0,up,11.598908424377441,1.5595703125,59.3125
445101,10263905,CI.WLH.EHZ,0,up,321.05230712890625,2.01953125,7.80078125
1616662,11671112,AZ.PFO.HHZ,1,down,5.915798664093018,0.85986328125,13.15625
2270568,11408738,CI.WCH.EHZ,0,up,7.639643669128418,1.099609375,42.03125
1080629,9656233,CI.BOR.HHZ,1,down,2.7593207359313965,1.5703125,25.375
120117,9150726,CI.TOW.EHZ,0,up,25.775203704833984,2.6796875,62.96875
2123871,10408809,CI.EML.HHZ,0,up,28.58556365966797,1.5,55.1875
1721430,14515124,CI.SDR.HHZ,1,down,3.3566389083862305,1.0400390625,114.75
523233,10996605,CI.WCS.EHZ,0,up,11.418652534484863,0.219970703125,1.91015625
220095,11407362,AZ.BZN.HHZ,1,down,28.55019187927246,1.7900390625,28.5625
2425134,10296925,AZ.FRD.HHZ,1,down,30.531410217285156,1.8095703125,45.5625
2279666,13657256,CI.ERP.EHZ,0,up,10.787819862365723,1.2001953125,11.453125
856539,10093597,CI.SLR.HHZ,1,down,4.825013637542725,0.7900390625,18.9375
9015,10356257,CI.MPM.HHZ,0,up,2.1295547485351562,0.60009765625,26.3125
609568,14236616,CI.SME.EHZ,0,up,4.224587917327881,1.0498046875,32.5
2400761,10762669,PB.B084.EHZ,1,down,20.872228622436523,0.66015625,13.2578125
1707870,10537109,CI.EML.HHZ,1,down,13.756125450134277,3.58984375,109.625
675552,9805625,CI.TPC.EHZ,0,up,19.96296501159668,2.140625,80.125
878200,10755749,CI.SGL.EHZ,0,up,44.074302673339844,2.439453125,19.3125
172854,11415106,CI.LPC.HHZ,1,down,148.32855224609375,2.439453125,21.265625
38156,14062572,CI.FRK.EHZ,0,up,7.505385875701904,1.5,69.3125
2190174,9717297,CI.WIN.EHZ,0,up,11.222611427307129,1.080078125,31.234375
25028,10797837,AZ.PFO.HHZ,0,up,3.983142137527466,0.919921875,38.375
1119410,13909120,CI.AGA.HHZ,0,up,12.42825984954834,1.5,33.46875
1281749,14253240,CI.EDW2.HHZ,1,down,19.047338485717773,1.7099609375,32.96875
242508,13913692,CI.IR2.EHZ,1,down,7.118524074554443,1.9599609375,92.9375
334423,10147797,AZ.RDM.HHZ,1,down,3.373166084289551,0.990234375,8.8984375
395958,14844148,CI.IDO.HHZ,1,down,7.209824562072754,1.830078125,43.25
1867096,14174708,CI.CHF.HHZ,1,down,45.8109130859375,1.4404296875,24.671875
447828,9145981,CI.POB.EHZ,1,down,7.247169017791748,0.89990234375,17.0625
660977,10787949,EN.ELM.EHZ,0,up,253.72280883789062,3.259765625,6.421875
394189,11614308,CI.SIL.EHZ,0,up,2.7667722702026367,1.3896484375,36.0
437142,11380242,CI.DNR.HHZ,1,down,17.85093879699707,2.400390625,57.375
944648,10766629,AZ.HWB.HHZ,1,down,19.85698890686035,2.099609375,66.375
2222325,13960088,CI.BLK.EHZ,0,up,8.874812126159668,1.9697265625,89.8125
1145412,9873381,CI.SRT.EHZ,0,up,15.599525451660156,1.8798828125,92.0
7970,10356029,PB.B084.EHZ,0,up,6.032351016998291,0.47998046875,20.515625
599784,12619436,CI.DEV.HHZ,1,down,18.82469367980957,3.0703125,70.0625
1741760,10922637,AZ.PFO.HHZ,1,down,12.134221076965332,1.2900390625,17.3125
446117,11339042,CI.WVP.EHZ,1,down,120.4603042602539,4.2890625,66.8125
1443275,14241656,CI.VES.HHZ,0,up,6.993114948272705,1.25,17.96875
350970,14494200,AZ.KNW.HHZ,1,down,14.202816009521484,0.72998046875,5.640625
1074444,14254796,CI.LUC.EHZ,0,up,5.609127521514893,1.6396484375,55.34375
27734,14406808,CI.GTM.EHZ,1,down,4.09793758392334,1.240234375,56.875
554843,10407753,AZ.SND.HHZ,0,up,24.651721954345703,2.25,68.8125
695520,10225173,CI.TEH.HHZ,0,up,4.592463970184326,1.3701171875,29.1875
2238768,10319245,CI.RHC.EHZ,0,up,4.297700881958008,1.4599609375,21.34375
1855303,11419874,AZ.MONP2.HHZ,1,down,5.523961544036865,1.3701171875,42.6875
633305,10778869,ZY.COON.EHZ,1,down,107.47296905517578,2.259765625,11.34375
315867,14074464,CI.SPG.HHZ,0,up,7.650891304016113,1.099609375,34.59375
918802,9699949,CI.JRC.HHZ,0,up,5.266373634338379,1.0,7.05859375
790271,9757657,AZ.RDM.HHZ,1,down,7.6950554847717285,1.4501953125,67.875
1582282,9710669,AZ.CRY.HHZ,0,up,5.579407691955566,1.33984375,50.96875
17080,10225057,CI.SME.EHZ,0,up,23.579309463500977,1.66015625,37.0
1230449,10369821,CI.PMD.HHZ,0,up,9.239272117614746,1.599609375,88.0625
1340965,15084332,CI.BAR.HHZ,1,down,44.475914001464844,2.33984375,74.375
311883,14237704,CI.TPC.EHZ,0,up,8.823291778564453,0.56005859375,48.28125
224984,10184161,AZ.PFO.HHZ,1,down,13.530027389526367,1.7001953125,51.375
974999,10715741,CI.JRC2.HHZ,1,down,155.98876953125,0.6201171875,2.740234375
1707746,14058728,CI.LRL.HHZ,1,down,44.07368087768555,1.7197265625,25.6875
210642,13950812,CI.BLA.HHZ,0,up,8.423857688903809,1.599609375,51.125
307995,14286812,CI.MUR.HHZ,1,down,6.4784345626831055,2.0703125,34.625
1165890,14148192,CI.WWP.EHZ,1,down,13.330050468444824,1.740234375,37.875
2426056,10057829,CI.SPF.HHZ,1,down,24.55518913269043,1.48046875,24.296875
861394,10995613,CI.CRR.EHZ,0,up,6.966988563537598,1.0595703125,19.1875
686276,9804945,CI.HYS.EHZ,0,up,81.35113525390625,1.73046875,21.5625
790644,9849741,CI.TEH.HHZ,0,up,41.9124870300293,1.3701171875,22.03125
1607587,9736409,CI.WWP.EHZ,1,down,5.515897750854492,1.400390625,72.5625
1044435,10254945,PB.B086.EHZ,0,up,11.330916404724121,0.72021484375,33.65625
1865514,10347025,CI.MUR.HHZ,1,down,69.66409301757812,3.2890625,45.5625
1434477,13155428,AZ.BZN.HHZ,1,down,9.804850578308105,1.400390625,71.125
716432,14238096,CI.FRK.EHZ,1,down,22.926347732543945,1.849609375,73.25
949207,3322181,CI.SIL.EHZ,1,down,60.91230773925781,1.26953125,3.119140625
339365,9707141,CI.TOW.EHZ,1,down,1.7017937898635864,1.099609375,30.484375
275031,10594589,ZY.OCCM.EHZ,1,down,135.38137817382812,3.2109375,11.796875
436864,10222229,AZ.LVA2.HHZ,0,up,16.73337173461914,0.81982421875,14.2109375
1987140,10184253,CI.MPM.HHZ,0,up,5.947689533233643,0.360107421875,30.125
1011790,10368085,CI.WRV.EHZ,1,down,11.98863410949707,0.8701171875,12.046875
447476,14159376,CI.TPO.EHZ,0,up,8.622052192687988,1.8203125,49.625
170625,9693937,CI.WNM.EHZ,1,down,7.090398788452148,1.2001953125,19.1875
1501323,9152197,CI.RMR.EHZ,0,up,13.383075714111328,1.5595703125,42.90625
1159791,10066557,CI.WHF.EHZ,1,down,28.303197860717773,1.7900390625,43.9375
672709,9648677,CI.JRC.HHZ,0,up,19.000595092773438,2.119140625,8.46875
1570457,10365801,CI.JRC2.HHZ,0,up,46.191009521484375,0.27001953125,4.69140625
660665,9633857,AZ.PFO.HHZ,1,down,6.714953899383545,1.509765625,7.5
1572712,15085844,PB.B918.EHZ,1,down,22.915771484375,0.8798828125,17.125
1802544,14851684,AZ.FRD.HHZ,1,down,12.04455280303955,0.669921875,49.5625
1919102,14181748,CI.WHF.EHZ,0,up,9.387399673461914,0.89013671875,63.75
783177,10871213,CI.CRR.EHZ,0,up,9.124299049377441,1.2998046875,37.25
130779,14203176,CI.POB.EHZ,0,up,96.9978256225586,1.9501953125,38.78125
1723464,9153072,CI.POB.EHZ,0,up,26.747812271118164,1.400390625,23.71875
674096,10184185,AZ.WMC.HHZ,1,down,21.704814910888672,1.33984375,8.3125
1132008,9172728,AZ.BZN.HHZ,0,up,2.9172074794769287,1.1796875,9.390625
1664802,10792101,CI.BAR.HHZ,0,up,8.038067817687988,1.2001953125,69.375
653163,15181233,CI.IKP.HHZ,1,down,6.601926326751709,1.5302734375,99.875
1255380,11410586,AZ.FRD.HHZ,0,up,25.471052169799805,0.5498046875,12.4296875
1501299,9810357,CI.RMR.EHZ,1,down,147.7871856689453,1.25,16.796875
939489,10217793,CI.WSH.EHZ,1,down,38.261837005615234,1.33984375,60.40625
1110397,11374034,AZ.CRY.HHZ,0,up,83.16490936279297,1.4404296875,24.375
1315508,14371376,AZ.SND.HHZ,1,down,378.6519470214844,1.9296875,26.734375
14233,12887752,CI.HYS.EHZ,1,down,3.8824198246002197,2.0,104.1875
732360,10081781,CI.JCS.HHZ,1,down,11.573040008544922,0.64990234375,10.96875
1275237,9653605,CI.SRT.EHZ,0,up,7.755692481994629,1.6201171875,29.125
565586,14775004,PB.B084.EHZ,1,down,112.46112823486328,2.41015625,81.8125
2448440,14196068,AZ.BZN.HHZ,1,down,3.270399570465088,1.48046875,58.875
411727,9653617,CI.WCH.EHZ,1,down,69.27837371826172,2.5390625,8.84375
2114974,11388082,CI.WWC.HHZ,0,up,25.004371643066406,1.330078125,27.296875
29879,14200828,CI.MAR.EHZ,0,up,16.20925521850586,2.119140625,86.0
1055155,14383964,CI.BEL.HHZ,1,down,23.18520164489746,1.1396484375,26.984375
1478421,10760725,CI.ERR.HHZ,0,up,5.008588790893555,1.580078125,44.875
1968692,9139642,CI.SAL.HHZ,1,down,3.309185028076172,1.740234375,23.4375
995019,14196876,CI.GTM.EHZ,0,up,4.042631149291992,1.580078125,47.59375
1766833,14248756,AZ.KNW.HHZ,1,down,3.767683744430542,0.56982421875,6.26953125
448997,14196124,CI.POB.EHZ,0,up,37.61772537231445,1.1904296875,14.96875
501922,14776972,CI.IR2.EHZ,1,down,6.324106216430664,1.98046875,59.9375
58899,10296305,CI.JNH.EHZ,0,up,14.704854011535645,1.2998046875,48.375
2243196,10347721,CI.SLA.HHZ,0,up,1.8500616550445557,1.2998046875,34.65625
916593,13942504,CI.SIL.EHZ,1,down,2.6071743965148926,1.5,40.15625
2348866,14929412,AZ.PFO.HHZ,1,down,4.282966136932373,1.23046875,35.21875
1997500,14617116,CI.JEM.HHZ,1,down,22.22892189025879,3.23046875,93.8125
538644,14220900,AZ.FRD.HHZ,1,down,885.085205078125,2.0,21.359375
88836,10770109,CI.SNO.HHZ,0,up,19.344337463378906,2.0703125,17.5625
2368156,10082465,CI.WOF.EHZ,0,up,81.73333740234375,1.6904296875,14.703125
508667,10992341,CI.JEM.HHZ,1,down,99.97993469238281,2.41015625,81.3125
2045798,10058265,CI.RMR.EHZ,0,up,100.02549743652344,1.6396484375,16.296875
1968048,10220821,CI.BAC.EHZ,0,up,6.256374359130859,0.8798828125,43.25
1877043,10215085,CI.JNH.EHZ,0,up,57.0696907043457,1.75,71.0
2409651,10780981,CI.TOR.HHZ,1,down,2.211643934249878,1.740234375,108.875
2066553,10029001,AZ.YAQ.HHZ,0,up,26.096445083618164,1.0595703125,22.765625
2202053,10753557,AZ.FRD.HHZ,0,up,49.02558898925781,0.56982421875,12.40625
1775736,10186429,CI.POB.EHZ,1,down,15.171650886535645,1.580078125,55.25
550548,9996813,CI.WNM.EHZ,1,down,9.089112281799316,0.89990234375,14.140625
2267464,14774108,CI.HMT.EHZ,1,down,66.0328598022461,1.4599609375,2.75
1535438,9803137,CI.WLH.EHZ,1,down,21.287668228149414,1.25,28.3125
409616,10181645,CI.WMF.EHZ,0,up,40.57549285888672,1.419921875,25.78125
286817,10058621,CI.CFT.EHZ,0,up,3.7395694255828857,1.580078125,0.990234375
117276,10358309,CI.HLN.EHZ,0,up,14.885884284973145,2.900390625,23.1875
1709793,10599685,CI.JNH.EHZ,0,up,19.171228408813477,1.6103515625,69.6875
1894416,10792989,PB.B082.EHZ,1,down,7.538812637329102,0.3798828125,13.5
1948482,13303428,CI.CTC.HHZ,1,down,145.062255859375,3.880859375,55.21875
609143,9168201,CI.RAG.EHZ,1,down,10.050386428833008,1.5,19.890625
396771,10752477,CI.WES.HHZ,0,up,13.059072494506836,1.6201171875,16.390625
1677654,10266797,CI.CBK.EHZ,1,down,118.4332046508789,2.5390625,42.59375
422667,14258196,AZ.FRD.HHZ,0,up,26.304454803466797,1.4404296875,29.0625
1745493,9650817,CI.MPM.HHZ,0,up,39.319305419921875,2.16015625,35.9375
734686,13994588,CI.MPI.HHZ,1,down,293.2204284667969,2.0390625,18.96875
2255685,9962317,AZ.KNW.HHZ,1,down,56.277164459228516,1.7099609375,29.625
1235204,9968769,CI.CCA.EHZ,0,up,6.559845924377441,1.0,26.234375
1795988,11349706,CI.CWC.HHZ,1,down,2.934542179107666,0.759765625,41.25
2214476,10739957,PB.B084.EHZ,0,up,113.74205780029297,1.259765625,16.140625
1126523,9799821,CI.SGL.EHZ,1,down,35.445674896240234,2.080078125,44.875
587370,10603757,ZY.SHCM.EHZ,0,up,6.012487888336182,2.880859375,53.5625
2041471,9651665,CI.WRV.EHZ,1,down,9.06885814666748,1.4501953125,26.625
89084,14257660,AZ.FRD.HHZ,0,up,17.849599838256836,0.72998046875,32.96875
1060194,14153568,CI.FLS.EHZ,1,down,1.8084474802017212,1.4296875,38.375
1767183,10150537,CI.WRC.EHZ,0,up,4.833065509796143,0.64990234375,30.453125
404159,14116672,CI.LEO.EHZ,1,down,9.128735542297363,1.6103515625,49.1875
1811997,14002720,CI.TJR.EHZ,1,down,18.988994598388672,1.0,9.3828125
1807114,10725837,CI.BTC.HHZ,1,down,2.2489266395568848,1.650390625,75.625
1076480,10095749,CI.MPM.HHZ,0,up,103.97460174560547,1.6298828125,25.734375
107271,9156192,CI.WRC.EHZ,0,up,10.963274955749512,0.7001953125,10.703125
2428816,10346941,AZ.CRY.HHZ,0,up,2.610816717147827,0.360107421875,11.328125
492507,12451868,CI.SUN.EHZ,0,up,2.821784257888794,1.6396484375,46.4375
322138,14255160,CI.SBB2.HHZ,1,down,5.923275947570801,1.1796875,59.3125
1794612,15202585,CI.CLI.EHZ,1,down,16.128684997558594,1.8203125,13.46875
82188,10345353,PB.B086.EHZ,1,down,28.016878128051758,0.5,7.19140625
320919,14161596,AZ.KNW.HHZ,0,up,9.752273559570312,1.66015625,42.90625
2380136,10840549,CI.GOR.HHZ,1,down,101.80998992919922,3.16015625,92.875
1252124,11423146,CI.LPC.HHZ,0,up,9.958513259887695,1.0302734375,39.40625
787827,9644157,CI.HMT.EHZ,0,up,19.695785522460938,2.060546875,27.703125
2450844,14283816,CI.CRR.EHZ,1,down,3.8675456047058105,1.1796875,63.46875
206317,15179825,CI.PMD.HHZ,1,down,397.5881042480469,1.8798828125,20.625
2230720,11413666,CI.RVR.HHZ,0,up,21.31282615661621,1.76953125,33.59375
1141544,11064837,CI.JVA.HHZ,1,down,7.713554859161377,2.30078125,79.8125
432662,9937049,CI.SSW.HHZ,1,down,124.76782989501953,1.6298828125,0.419921875
2006658,11100059,CI.TAB.EHZ,0,up,11.764636039733887,2.51953125,60.90625
739820,15182281,PG.BL.EHZ,1,down,19.339677810668945,1.7998046875,58.125
1188306,14382660,CI.HMT.EHZ,1,down,8.008868217468262,1.169921875,31.703125
1329151,9133010,CI.WOF.EHZ,0,up,5.8781843185424805,1.73046875,90.0625
1504857,13915344,CI.RMM.EHZ,0,up,9.970648765563965,0.91015625,10.46875
1908907,9997221,AZ.TRO.HHZ,0,up,56.71785354614258,0.66015625,3.470703125
1980864,9163348,CI.NW2.EHZ,1,down,3.175389528274536,1.7001953125,11.5078125
256100,10404609,AZ.SND.HHZ,0,up,8.175267219543457,0.93017578125,13.453125
2211911,14205272,CI.HOL.EHZ,0,up,12.205567359924316,1.6103515625,69.25
400961,14063616,CI.SME.EHZ,0,up,32.77425765991211,1.259765625,13.5078125
1009863,13966856,CI.WCH.EHZ,0,up,7.493524551391602,0.5,17.765625
620512,14324948,AZ.CRY.HHZ,0,up,11.255783081054688,1.1201171875,78.375
793499,9950421,CI.BLK.EHZ,0,up,45.373050689697266,1.1904296875,27.625
254250,9651445,CI.SIL.EHZ,0,up,2.307833433151245,1.9404296875,58.625
1240075,14509876,CI.JEM.HHZ,1,down,29.211551666259766,1.9296875,99.5625
440302,14179212,CI.WBS.HHZ,0,up,3.65142560005188,0.85986328125,15.34375
4671,14693540,ZY.MLDN.EHZ,1,down,39.94179153442383,1.7802734375,20.40625
1707792,11323450,PB.B087.EHZ,0,up,11.182780265808105,0.340087890625,14.0703125
1834835,10673269,CI.YUH.EHZ,0,up,67.51476287841797,1.0400390625,9.9609375
988282,14252768,AZ.WMC.HHZ,1,down,4.700672626495361,1.08984375,24.375
662208,10314077,AZ.CRY.HHZ,0,up,67.72084045410156,1.5400390625,10.421875
2283656,14196432,AZ.CRY.HHZ,1,down,10.807265281677246,0.97021484375,10.0078125
159904,9909161,CI.WMF.EHZ,0,up,23.393783569335938,0.0999755859375,46.125
281070,12887760,CI.WAS.EHZ,0,up,59.41257858276367,2.7109375,43.21875
1183558,10795949,CI.SGL.EHZ,1,down,86.67328643798828,1.919921875,49.5
1974734,11007381,CI.JVA.HHZ,0,up,20.70952606201172,0.93994140625,13.6484375
233740,10285733,AZ.FRD.HHZ,0,up,16.134567260742188,0.64013671875,8.84375
178338,10630637,ZY.OCCM.EHZ,0,up,66.11911010742188,1.6796875,7.828125
345368,13911080,CI.DAN.HHZ,1,down,4.6239142417907715,1.400390625,82.9375
758166,11056437,AZ.WMC.HHZ,0,up,14.190990447998047,0.8798828125,10.0
366499,14119456,CI.WOR.EHZ,1,down,6.769111156463623,1.7998046875,44.0
110515,15162513,PB.B081.EHZ,1,down,11.208856582641602,2.009765625,53.875
861512,14775844,AZ.FRD.HHZ,1,down,13.371082305908203,0.72021484375,25.609375
390847,11419746,CI.WAS.EHZ,1,down,4.256491661071777,1.650390625,48.0
1547826,14842892,CI.WES.HHZ,1,down,7.64368200302124,2.240234375,64.875
1366501,14057996,CI.WWP.EHZ,0,up,4.877853870391846,1.2001953125,9.75
38326,14596532,CI.DGR.HHZ,1,down,49.981101989746094,1.099609375,43.09375
615127,11544055,CI.CLC.EHZ,0,up,47.34718704223633,1.8798828125,35.8125
1346598,13980112,CI.PSP.EHZ,0,up,8.397340774536133,0.97998046875,21.25
1156130,9717273,CI.WS2.EHZ,0,up,16.50741958618164,1.6396484375,79.1875
1408218,10344617,CI.CFT.EHZ,1,down,8.134177207946777,2.400390625,53.90625
232966,10402001,PB.B087.EHZ,1,down,7.009043216705322,1.1201171875,45.53125
559904,9167802,CI.CDY.EHZ,0,up,5.009219646453857,0.7998046875,13.3671875
1761001,14288828,CI.DVT.HHZ,1,down,5.190502166748047,1.5595703125,6.671875
1290406,9145472,CI.TPC.EHZ,0,up,14.074481010437012,2.1796875,56.34375
2412993,9645149,CI.WVP.EHZ,0,up,27.504384994506836,2.05078125,32.875
2304476,11413706,AZ.BZN.HHZ,1,down,21.756729125976562,1.900390625,96.3125
381888,14248612,CI.JRC2.HHZ,0,up,122.52649688720703,1.23046875,18.640625
210635,10771357,CI.TOW.EHZ,1,down,14.721685409545898,1.240234375,5.87109375
1891694,14200160,CI.DNR.HHZ,0,up,7.513812065124512,0.919921875,15.8125
311236,10837109,CI.PMD.HHZ,1,down,29.994670867919922,1.099609375,38.3125
1589981,10480901,ZY.OWL1.HHZ,0,up,249.36305236816406,1.419921875,1.3798828125
2383313,9654149,CI.QAL.EHZ,1,down,11.952471733093262,2.1796875,48.625
413807,9139225,CI.GTM.EHZ,1,down,6.23179817199707,2.029296875,46.96875
1658301,10024429,CI.WOR.EHZ,0,up,5.722127437591553,1.349609375,60.84375
1458689,10368233,AZ.LVA2.HHZ,0,up,47.49565887451172,1.599609375,21.765625
1368623,11089714,CI.JEM.HHZ,0,up,12.366891860961914,1.08984375,13.8828125
1911146,10352797,CI.PMD.HHZ,1,down,17.596540451049805,1.3896484375,55.8125
964275,14004476,CI.BFS.HHZ,0,up,4.76416540145874,1.01953125,63.5
1113588,13959316,CI.COK.EHZ,1,down,9.860465049743652,1.66015625,27.953125
1481194,11010277,CI.MPM.HHZ,1,down,153.7873992919922,0.8798828125,10.7890625
2433257,14156672,CI.EW2.EHZ,1,down,10.733716011047363,1.7099609375,50.9375
899902,10484501,CI.CBK.EHZ,1,down,24.622467041015625,1.6298828125,52.71875
866069,9135287,CI.GTM.EHZ,0,up,318.8868408203125,3.349609375,37.53125
1961871,11067421,CI.WBM.EHZ,0,up,4.19161319732666,0.7099609375,19.40625
2129147,11208106,PB.B916.EHZ,0,up,5.546984672546387,0.830078125,31.046875
806485,11389610,CI.SLR.HHZ,0,up,14.904387474060059,1.4296875,42.625
859987,10397761,CI.WRC.EHZ,0,up,84.04585266113281,1.759765625,18.109375
1248541,10793877,PB.B081.EHZ,1,down,10.089686393737793,0.7900390625,15.65625
1769328,9646861,CI.LUC.EHZ,1,down,6.336593151092529,2.0703125,40.46875
1972577,13938476,CI.RMR.EHZ,0,up,13.422541618347168,1.3095703125,27.421875
365177,14133480,CI.XTL.EHZ,0,up,14.147847175598145,1.6201171875,47.34375
1996703,9145497,CI.CDY.EHZ,0,up,8.970791816711426,0.97021484375,16.28125
753035,10599925,ZY.SHCM.EHZ,1,down,50.39956283569336,1.669921875,12.171875
1744760,14256412,AZ.RDM.HHZ,0,up,5.254447937011719,0.7998046875,17.796875
1070802,11005501,CI.DNR.HHZ,0,up,22.868989944458008,1.240234375,19.921875
356377,10873677,AZ.BZN.HHZ,1,down,206.64370727539062,1.740234375,21.15625
383124,10057057,CI.HOL.EHZ,0,up,9.628498077392578,1.2001953125,50.96875
1217987,10236225,CI.DEV.HHZ,0,up,2.4230167865753174,1.58984375,12.921875
238647,10768773,PB.B084.EHZ,1,down,18.251787185668945,0.68017578125,25.9375
831397,10358413,AZ.RDM.HHZ,0,up,3.816107749938965,1.1904296875,13.890625
2426959,13563488,CI.BAC.EHZ,0,up,5.222907543182373,1.1201171875,54.71875
2097261,14894756,CI.HMT.EHZ,1,down,34.3969841003418,1.650390625,31.390625
2272856,10798941,CI.WWP.EHZ,0,up,4.047965049743652,0.5498046875,39.875
1870376,15011516,PB.B086.EHZ,1,down,11.902457237243652,0.72998046875,8.3984375
2017775,14189428,AZ.CRY.HHZ,0,up,16.814762115478516,0.85009765625,12.25
578317,14232988,CI.ISA.HHZ,1,down,75.6778564453125,1.33984375,0.64990234375
397584,10288445,PB.B087.EHZ,1,down,18.084716796875,0.990234375,22.6875
1631942,14434240,CI.BOM.HHZ,1,down,14.217408180236816,2.119140625,10.1015625
1277840,14255492,CI.CRR.EHZ,1,down,17.122039794921875,2.0,75.75
2244362,10783621,AZ.MONP2.HHZ,1,down,2.926908493041992,1.08984375,56.125
615028,10372821,CI.WWP.EHZ,0,up,11.03572940826416,1.9599609375,74.125
2432330,10318709,AZ.PFO.HHZ,1,down,3.705996513366699,1.3603515625,88.125
918388,14166308,CI.BAC.EHZ,0,up,3.4447474479675293,1.080078125,11.28125
1298919,9808045,CI.SME.EHZ,1,down,3.9018959999084473,1.6796875,79.375
1795511,14724604,ZY.MLDN.EHZ,1,down,9.502901077270508,2.2890625,39.21875
2243301,11409058,CI.CTC.HHZ,1,down,1.2080516815185547,1.08984375,31.515625
477409,11272410,CI.TOR.HHZ,0,up,2.9900965690612793,0.77978515625,30.6875
1802746,14546804,CI.ALV.EHZ,1,down,18.71178436279297,1.259765625,18.3125
1248400,9930825,CI.BAC.EHZ,1,down,8.964982032775879,1.2998046875,33.3125
1788626,10180053,CI.BBR.HHZ,1,down,2.6806209087371826,1.330078125,37.28125
982829,10864749,CI.TOR.HHZ,1,down,150.33270263671875,3.80078125,65.9375
1191940,11281730,CI.WRC.EHZ,1,down,9.344537734985352,1.990234375,53.25
2326211,14891196,PB.B087.EHZ,1,down,25.49721908569336,0.47998046875,8.5625
1192134,10287261,CI.CLC.HHZ,0,up,851.8226928710938,1.2802734375,9.21875
1146545,14118596,CI.WMF.EHZ,1,down,5.620844841003418,1.5,8.28125
390765,11087266,PB.B084.EHZ,1,down,38.49418258666992,1.669921875,38.875
2132549,14295564,PG.EC.EHZ,0,up,12.965554237365723,1.5302734375,17.296875
1107529,11066789,AZ.KNW.HHZ,1,down,34.60085678100586,0.8798828125,23.640625
245380,9919541,CI.LUC.EHZ,0,up,5.42343282699585,1.7001953125,57.875
1935319,14058016,CI.HMT.EHZ,0,up,2.987881660461426,1.2001953125,68.375
2182425,9143570,CI.MWC.EHZ,1,down,14.911438941955566,1.9296875,40.71875
1625217,10921565,PB.B087.EHZ,1,down,3.474094867706299,1.419921875,59.9375
2413845,11368226,CI.JRC2.HHZ,0,up,7.56531286239624,1.7802734375,32.875
2042625,14333500,AZ.LVA2.HHZ,0,up,65.16867065429688,1.0,11.09375
2363867,9853845,CI.HEC.HHZ,1,down,22.474889755249023,2.859375,93.5
1643379,13939768,CI.TPM.EHZ,1,down,7.141819953918457,1.2001953125,71.1875
1503007,14152096,AZ.LVA2.HHZ,1,down,49.951351165771484,1.2900390625,17.34375
1685017,14007628,AZ.WMC.HHZ,0,up,3.866773843765259,1.5,74.75
2451111,10760117,CI.CRR.EHZ,1,down,259.3472595214844,3.9609375,17.890625
1780322,14187376,AZ.WMC.HHZ,1,down,5.586798191070557,1.33984375,60.75
1900888,10746205,AZ.LVA2.HHZ,1,down,60.05187225341797,0.93017578125,12.40625
437687,14355484,CI.PMD.HHZ,1,down,15.926172256469727,0.340087890625,20.625
1335806,10616749,ZY.OYSB.EHZ,1,down,10.366508483886719,2.0390625,43.3125
1384186,10927229,PB.B082.EHZ,1,down,9.07775592803955,0.85009765625,14.5703125
2085733,11286042,CI.DTP.EHZ,1,down,7.570120334625244,1.4296875,29.203125
1351137,9168396,CI.SRT.EHZ,1,down,2.7812306880950928,1.5,86.6875
1047379,14167764,CI.JCS.HHZ,0,up,21.685924530029297,2.869140625,103.0
2450633,14297156,PB.B086.EHZ,1,down,8.11522388458252,1.1201171875,28.078125
2154135,10057337,AZ.PFO.HHZ,0,up,7.750914096832275,1.259765625,13.828125
150077,10611629,ZY.OCCM.EHZ,0,up,10.256937980651855,1.6904296875,14.65625
128492,15136505,EN.RED.EHZ,1,down,15.479013442993164,0.97021484375,9.8125
1064393,10480957,CI.HMT.EHZ,1,down,92.83214569091797,2.609375,74.8125
1817730,3326884,CI.PLM.HHZ,0,up,64.7540283203125,1.099609375,11.8203125
59682,14502804,CI.DVT.HHZ,1,down,8.620378494262695,2.130859375,8.8125
1308754,10310797,EN.ELM.EHZ,0,up,14.222209930419922,0.93017578125,1.9697265625
1381058,14774036,CI.SGL.EHZ,1,down,51.907920837402344,2.970703125,62.03125
252653,9165090,CI.WMF.EHZ,1,down,3.656984806060791,1.16015625,42.1875
2308004,9854481,CI.SME.EHZ,1,down,7.534399032592773,1.740234375,38.40625
549346,14146952,CI.BAC.EHZ,1,down,31.74884605407715,1.8896484375,50.59375
552228,10927629,CI.WCS.EHZ,1,down,1.8933972120285034,0.320068359375,19.1875
181686,9157513,CI.RAG.EHZ,0,up,16.59916877746582,1.7001953125,28.046875
691117,10353941,CI.PSD.HHZ,0,up,1.1674871444702148,0.97998046875,19.65625
107022,10348693,EN.ELM.EHZ,1,down,1.78181791305542,1.349609375,6.19921875
2261356,9167437,CI.HEC.HHZ,0,up,28.575448989868164,2.060546875,36.9375
981002,14008004,CI.FON.EHZ,0,up,16.479658126831055,3.390625,12.03125
1932447,14439904,CI.BLK.EHZ,1,down,4.262151718139648,1.3095703125,100.5
964933,9171401,CI.RAY.EHZ,0,up,21.864437103271484,2.4609375,79.25
2463992,9871173,AZ.LVA2.HHZ,0,up,14.872431755065918,1.3203125,28.265625
2241091,14201988,AZ.PFO.HHZ,1,down,17.365093231201172,1.1298828125,14.6328125
446944,10216869,CI.TAB.EHZ,1,down,10.187477111816406,1.3701171875,15.3125
2200535,10080713,CI.RAY.EHZ,1,down,62.894229888916016,2.80078125,88.5
613538,11007933,EN.HAT.EHZ,1,down,629.7483520507812,1.5595703125,1.58984375
2098733,9164156,CI.CJV.EHZ,0,up,35.89419937133789,3.009765625,55.0625
1224617,14200200,CI.PSR.HHZ,1,down,13.07080078125,1.1904296875,19.203125
1072701,9660469,CI.WHF.EHZ,1,down,17.941207885742188,2.119140625,54.5625
69158,10760981,CI.SGL.EHZ,1,down,15.456317901611328,1.6201171875,30.09375
594865,14077872,CI.SLR.HHZ,1,down,6.097922325134277,1.419921875,53.71875
293206,15073140,CI.TOR.HHZ,1,down,5.310138702392578,1.259765625,73.75
497204,14003744,AZ.PFO.HHZ,1,down,11.04673957824707,1.6103515625,27.09375
1813444,9132444,CI.RMM.EHZ,1,down,5.768527984619141,1.6103515625,26.9375
327431,9778973,CI.JVA.HHZ,1,down,6.070905685424805,1.7197265625,47.9375
361699,15161033,EN.OBS.EHZ,1,down,10.479300498962402,0.300048828125,3.9296875
1538985,9648609,CI.WHV.EHZ,0,up,5.0652618408203125,1.3603515625,27.046875
2148227,10182441,CI.SLR.HHZ,0,up,10.821629524230957,1.73046875,51.90625
1787135,14239624,CI.MIR.EHZ,0,up,29.821609497070312,2.44921875,79.1875
450602,10824205,CI.ERP.EHZ,1,down,9.95569896697998,1.5400390625,25.015625
371690,10483685,CI.SWS.HHZ,0,up,3.369955539703369,1.51953125,43.875
1262800,9996317,CI.HEC.HHZ,1,down,38.61128234863281,3.169921875,96.75
369897,10910813,CI.DNR.HHZ,1,down,93.40281677246094,2.0703125,21.5625
1965182,9909461,CI.CLC.HHZ,1,down,72.0894546508789,1.2998046875,19.546875
117392,11066957,CI.SDR.HHZ,0,up,28.17245101928711,3.009765625,85.375
607442,14218544,CI.WRC.EHZ,0,up,16.671302795410156,0.81005859375,13.7109375
651237,10794013,CI.PMD.HHZ,0,up,3.6651763916015625,0.35009765625,29.015625
2131120,14556548,PB.B093.EHZ,1,down,45.09271240234375,2.0390625,77.25
1456445,10150313,CI.BTL.EHZ,1,down,11.710517883300781,1.1796875,32.03125
2011019,11086386,AZ.RDM.HHZ,1,down,6.5733819007873535,0.830078125,35.40625
2322834,13936192,CI.HOL.EHZ,1,down,5.87448263168335,1.1396484375,92.625
1310874,10410353,CI.SMF.EHZ,0,up,36.72383117675781,3.060546875,13.5078125
2254258,14172924,CI.BAC.EHZ,1,down,336.6713562011719,2.060546875,37.3125
2020956,10354585,PB.B084.EHZ,1,down,9.060508728027344,0.409912109375,14.5
1750847,13944500,CI.RAY.EHZ,1,down,50.63576126098633,1.8896484375,29.9375
1325056,9635357,CI.WJP.EHZ,0,up,12.730273246765137,1.650390625,20.484375
1151418,11368018,PB.B086.EHZ,1,down,5.70458459854126,0.81005859375,7.98828125
1106297,13957808,CI.BBR.HHZ,0,up,2.9856529235839844,1.900390625,46.3125
1427549,9936557,CI.WVP.EHZ,0,up,20.363218307495117,0.64013671875,13.0234375
2479225,10166265,AZ.SND.HHZ,0,up,6.226113796234131,1.1201171875,33.15625
415137,9166913,AZ.KNW.HHZ,0,up,646.987548828125,2.990234375,55.28125
1769443,14197956,CI.WBS.HHZ,0,up,1.4656860828399658,1.0498046875,28.046875
1089694,14003300,AZ.YAQ.HHZ,0,up,34.85765838623047,1.66015625,19.5625
1373973,10607501,ZY.SHCM.EHZ,0,up,17.894041061401367,1.3203125,16.984375
971911,14382496,CI.ALV.EHZ,1,down,21.58930778503418,3.009765625,108.1875
850537,14042156,CI.SWS.HHZ,0,up,17.753541946411133,1.599609375,31.25
2433638,9848541,CI.WNM.EHZ,0,up,4.734781742095947,0.89990234375,27.3125
1930863,10933549,CI.PMD.HHZ,0,up,10.382181167602539,0.52001953125,26.875
33150,9688841,CI.WCS.EHZ,1,down,6.605644702911377,1.400390625,11.34375
57790,10398929,CI.SME.EHZ,0,up,8.150684356689453,1.509765625,40.59375
2258801,10036061,CI.WHF.EHZ,1,down,30.261154174804688,2.30078125,94.6875
2024110,9742681,CI.JUL.EHZ,0,up,6.381458759307861,0.72998046875,42.53125
964057,14237196,CI.BAT.EHZ,1,down,37.11660385131836,1.6298828125,28.53125
1535270,11125954,CI.MSC.HHZ,1,down,2.7455203533172607,1.669921875,109.5
1025718,9169828,CI.WHF.EHZ,0,up,31.38222885131836,1.58984375,27.171875
1721437,14923860,AZ.PFO.HHZ,1,down,14.203981399536133,0.469970703125,17.109375
128553,10257653,CI.POB.EHZ,1,down,12.480635643005371,1.08984375,15.8984375
391745,9879637,CI.JRC.HHZ,0,up,6.453855037689209,1.1298828125,12.1171875
1229499,10544781,CI.RMR.EHZ,0,up,15.109434127807617,1.490234375,61.625
2318372,10355641,AZ.PFO.HHZ,1,down,19.85639762878418,0.919921875,37.625
1454734,10257869,CI.PMD.HHZ,1,down,4.118331432342529,1.400390625,67.3125
1241872,11273858,CI.TOR.HHZ,0,up,8.425869941711426,1.3203125,21.765625
616941,15194825,CI.SAL.HHZ,1,down,926.2779541015625,3.400390625,12.5234375
266621,11419130,CI.PLM.HHZ,0,up,5.446352958679199,0.669921875,33.375
721056,10783957,CI.WWC.HHZ,0,up,4.872466564178467,1.6201171875,46.125
643564,14041736,CI.WWP.EHZ,0,up,3.7890548706054688,0.68017578125,43.6875
1867816,9985221,CI.SIP.EHZ,0,up,23.196876525878906,2.5703125,48.65625
2489007,10378821,CI.JEM.HHZ,0,up,3.199794054031372,1.0595703125,51.90625
1317118,10329621,CI.ISA.HHZ,1,down,10.455216407775879,1.4404296875,74.25
2084118,10348753,CI.SRT.EHZ,1,down,6.578620433807373,1.259765625,35.84375
225139,13958108,AZ.PFO.HHZ,0,up,4.811600685119629,0.990234375,21.4375
1690396,10586629,ZY.MLDN.EHZ,1,down,8.711742401123047,1.6396484375,12.421875
1373541,14554372,CI.HMT.EHZ,1,down,16.563230514526367,1.490234375,46.15625
3355,10068485,WR.CSP.EHZ,0,up,11.669260025024414,1.2197265625,21.859375
1669520,10745365,AZ.BZN.HHZ,0,up,12.730426788330078,1.4599609375,26.609375
858047,10059825,CI.SKY.EHZ,0,up,8.969828605651855,2.0,31.859375
1479637,14088516,AZ.LVA2.HHZ,0,up,7.534586429595947,0.9599609375,28.546875
1794654,11380410,CI.TOW.EHZ,0,up,5.566897392272949,0.52978515625,6.19140625
230143,9159893,CI.RAY.EHZ,1,down,3.4422433376312256,1.3798828125,36.625
1571744,14058032,CI.WRC.EHZ,0,up,3.791614532470703,0.199951171875,16.75
1277594,9717937,CI.ERP.EHZ,0,up,7.83877420425415,0.89990234375,14.796875
2427322,9666937,CI.SKY.EHZ,0,up,16.35224151611328,1.6796875,37.46875
720860,11128194,AZ.BZN.HHZ,0,up,134.39988708496094,0.580078125,6.51171875
1019791,14332644,CI.WCH.EHZ,0,up,5.725858688354492,1.23046875,22.40625
2081961,14175544,AZ.KNW.HHZ,0,up,2.3644495010375977,0.91015625,26.953125
784525,9792521,CI.MIR.EHZ,0,up,39.32329177856445,2.44921875,43.375
11584,10147685,CI.RAY.EHZ,0,up,10.447775840759277,2.109375,23.0625
1448201,14252544,CI.SS2.EHZ,0,up,8.423709869384766,1.33984375,7.359375
2176254,14162632,CI.STC.HHZ,1,down,27.72465705871582,2.73046875,50.90625
1807807,14295380,CI.CRR.EHZ,1,down,5.861754894256592,4.05859375,26.953125
1247898,10480813,EN.ENG.EHZ,1,down,11.10036849975586,1.58984375,10.703125
1327678,9148179,CI.MGE.HHZ,1,down,7.118238925933838,3.369140625,85.125
156952,14366760,AZ.BZN.HHZ,1,down,35.90705871582031,1.75,19.03125
1106156,10272625,AZ.LVA2.HHZ,0,up,39.121910095214844,1.4296875,20.46875
346939,11374858,CI.MPM.HHZ,0,up,7.006699085235596,0.2900390625,15.25
2056305,9164610,CI.WHF.EHZ,1,down,6.930979251861572,1.3896484375,57.8125
2134958,11082242,PB.B082.EHZ,0,up,47.137874603271484,1.25,13.9609375
52004,10866549,AZ.LVA2.HHZ,1,down,27.31036949157715,0.93017578125,15.890625
1357536,9651669,CI.MPM.HHZ,0,up,20.348735809326172,2.3203125,57.78125
1368453,14599716,CI.SRT.EHZ,1,down,28.962255477905273,2.6796875,32.875
1690603,10906245,CI.BEL.HHZ,0,up,25.15204620361328,0.7998046875,30.375
296088,10246673,CI.RMM.EHZ,1,down,8.654427528381348,2.029296875,110.5625
502819,14095856,CI.HYS.EHZ,0,up,21.90782356262207,2.779296875,111.6875
50868,10258405,AZ.MONP.HHZ,0,up,11.034201622009277,2.310546875,78.0625
337787,14898940,CI.CRR.EHZ,1,down,1.8085870742797852,2.849609375,43.4375
1859197,10404441,PB.B093.EHZ,0,up,5.808220386505127,0.389892578125,7.5
914830,14571572,CI.HMT.EHZ,1,down,9.77922248840332,0.25,23.71875
1463957,11210394,CI.DGR.HHZ,0,up,118.929443359375,1.5595703125,14.3125
1792988,10147493,CI.LUC.EHZ,1,down,5.560812950134277,2.080078125,54.71875
1684559,10147965,CI.COK.EHZ,1,down,20.479145050048828,1.900390625,47.28125
763326,14286416,AZ.WMC.HHZ,0,up,28.041114807128906,3.1796875,114.8125
1063146,9160248,CI.GTM.EHZ,0,up,6.227121353149414,1.0,26.015625
570154,14862692,CI.PMD.HHZ,1,down,298.2564697265625,2.0703125,35.78125
2326156,10990677,PB.B087.EHZ,1,down,19.392913818359375,1.0,18.015625
1333329,10927789,CI.WCS.EHZ,0,up,49.93021011352539,0.740234375,4.7890625
1954776,9169304,CI.WCS.EHZ,0,up,12.968257904052734,1.4697265625,11.8203125
1043897,9683433,CI.SHE.EHZ,0,up,16.2830867767334,2.189453125,41.625
1870116,9168672,CI.CDY.EHZ,0,up,9.344801902770996,1.599609375,18.421875
1616939,9732985,CI.COA.EHZ,1,down,7.0459160804748535,2.48046875,77.0
341363,9877137,CI.CHF.HHZ,1,down,31.931110382080078,1.650390625,45.96875
1846946,10992155,CI.WRV.EHZ,1,down,55.01433563232422,1.5,4.83984375
268030,14155260,CI.GAV.EHZ,0,up,58.9385986328125,4.87890625,45.625
2190456,10097081,CI.PKM.EHZ,1,down,9.16264533996582,1.5400390625,55.5625
915531,9923837,CI.IR2.EHZ,0,up,63.17672348022461,2.560546875,37.46875
2401689,9988185,CI.HDB.EHZ,1,down,7.216254234313965,2.259765625,44.40625
592059,13913908,CI.POB.EHZ,0,up,125.39818572998047,2.369140625,39.6875
2457797,14255412,CI.BBR.HHZ,1,down,24.892181396484375,1.7998046875,17.015625
405505,14388220,CI.RMR.EHZ,1,down,9.545056343078613,1.33984375,79.25
2042927,12457216,CI.CRR.EHZ,1,down,7.362961292266846,2.19921875,90.9375
1663419,9907417,CI.RMM.EHZ,0,up,8.414277076721191,1.5,21.765625
338851,9651145,AZ.SND.HHZ,1,down,44.140525817871094,2.16015625,35.125
420864,10200849,CI.BAT.EHZ,0,up,92.93824768066406,2.26953125,30.703125
1071199,10346501,CI.RAG.EHZ,0,up,11.6718111038208,0.89990234375,17.375
482107,14067584,CI.BLK.EHZ,1,down,8.768199920654297,0.85986328125,89.25
787468,9711417,CI.WRC.EHZ,0,up,10.746636390686035,2.0,74.625
417186,9881193,CI.MIR.EHZ,1,down,11.618568420410156,1.2998046875,18.40625
717267,11084458,CI.SPG2.HHZ,0,up,28.300617218017578,1.3798828125,40.125
29914,10726557,CI.BLA2.HHZ,1,down,66.19500732421875,2.259765625,77.4375
148601,10380425,AZ.FRD.HHZ,0,up,32.47317123413086,0.990234375,27.265625
1143240,13967144,CI.MAR.EHZ,1,down,91.47686767578125,2.060546875,20.4375
2180681,9831613,CI.SHE.EHZ,0,up,19.544662475585938,2.1796875,74.375
2094626,15150665,EN.YOU.EHZ,1,down,12.342325210571289,0.60009765625,5.30078125
349228,10592181,ZY.OCCM.EHZ,0,up,3.8307549953460693,2.349609375,54.375
694540,10988059,CI.WOR.EHZ,1,down,10.313986778259277,1.2802734375,47.3125
30133,15015148,AZ.BZN.HHZ,1,down,10.08281421661377,0.93017578125,56.34375
1502568,13503504,CI.RAY.EHZ,0,up,44.432071685791016,1.6396484375,33.40625
1935173,10777925,AZ.LVA2.HHZ,0,up,44.279937744140625,2.4609375,93.0625
1002088,10227965,AZ.BZN.HHZ,1,down,7.944715976715088,1.26953125,47.71875
2217656,9691021,CI.WCH.EHZ,1,down,5.39510440826416,0.9599609375,24.75
1272397,10961445,PB.B093.EHZ,1,down,24.036001205444336,1.1396484375,40.5625
1635436,14154512,CI.PSP.EHZ,1,down,5.5201334953308105,1.509765625,32.125
524813,14284256,CI.PTD.EHZ,0,up,8.611185073852539,1.7900390625,13.5
1713125,9651413,CI.TOW.EHZ,0,up,7.953707218170166,1.6396484375,13.0
158376,9949997,CI.BTL.EHZ,1,down,14.316200256347656,1.9501953125,90.0
728830,10357965,CI.TUQ.HHZ,0,up,3.530686855316162,1.2197265625,85.75
2139515,9757741,CI.BAT.EHZ,0,up,11.899226188659668,2.349609375,71.875
159491,10224017,AZ.MONP.HHZ,1,down,56.50994873046875,3.0,96.4375
249252,11129834,BC.RMX.HHZ,1,down,6.291912078857422,3.51953125,77.0
1008562,14394724,AZ.CRY.HHZ,1,down,16.496326446533203,2.099609375,109.375
1745722,9164962,CI.CFL.EHZ,1,down,10.922049522399902,1.4697265625,39.5625
12943,9154204,CI.COK.EHZ,0,up,4.589620113372803,1.7802734375,20.09375
41757,14006724,NP.JAB.HLZ,0,up,63.2906608581543,1.8701171875,2.150390625
1970366,11420690,CI.VCS.HHZ,1,down,252.7133026123047,3.58984375,108.9375
16869,14216944,CI.TFT.HHZ,0,up,1.4010123014450073,2.130859375,117.5
612400,9658697,AZ.PFO.HHZ,1,down,36.44303512573242,1.599609375,18.375
2481887,11325850,CI.BOR.HHZ,1,down,33.6020393371582,0.740234375,16.0625
2350455,13813192,CI.CTC.HHZ,0,up,36.13445281982422,3.310546875,53.75
33257,10968795,CI.WHF.EHZ,1,down,23.210329055786133,1.9599609375,55.6875
509970,14159828,AZ.PFO.HHZ,0,up,2.934337615966797,1.83984375,105.75
2329610,10771821,CI.BAR.HHZ,0,up,6.678499221801758,1.0498046875,34.21875
2479549,9806817,AZ.PFO.HHZ,1,down,11.577360153198242,1.740234375,27.703125
419041,9805549,CI.POB.EHZ,1,down,28.60499382019043,1.1201171875,10.046875
1287770,14480808,CI.LDR.HHZ,1,down,6.782515525817871,1.48046875,45.125
2173618,9740109,CI.WVP.EHZ,0,up,21.850921630859375,1.240234375,14.8203125
63410,14899516,CI.LTC.EHZ,1,down,8.123652458190918,1.509765625,67.3125
1755938,9721449,CI.WOR.EHZ,0,up,35.545654296875,2.4609375,56.8125
1289895,10294133,CI.WLH.EHZ,0,up,28.06916618347168,1.7001953125,41.15625
257375,10931005,CI.FRK.EHZ,1,down,3.9312336444854736,0.7001953125,23.765625
755397,10866245,CI.COK.EHZ,0,up,2.5973072052001953,1.1103515625,30.1875
1070297,9169308,CI.XMS.EHZ,0,up,6.170159339904785,1.080078125,35.3125
2470759,10356729,CI.YUH.EHZ,0,up,163.87559509277344,3.0390625,46.1875
829950,9776165,CI.SGL.EHZ,0,up,5.317238807678223,1.2998046875,35.34375
897802,10779413,CI.YUH.EHZ,1,down,71.9623031616211,1.509765625,21.84375
1053602,10379405,CI.PEM.EHZ,1,down,146.74423217773438,2.619140625,60.09375
1731636,14209444,AZ.SND.HHZ,0,up,20.82611083984375,1.2197265625,28.40625
557057,15074740,PB.B084.EHZ,1,down,7.060831546783447,0.25,18.234375
618917,10332309,AZ.SND.HHZ,0,up,7.416666030883789,0.91015625,14.859375
237635,10043485,CI.EL2.EHZ,1,down,15.853569984436035,1.8701171875,15.921875
632966,14239244,CI.BAC.EHZ,1,down,7.213925838470459,0.8701171875,32.65625
122488,10278069,AZ.FRD.HHZ,0,up,23.67009162902832,0.7099609375,21.046875
1782565,15085092,CI.SPG2.HHZ,1,down,16.894079208374023,1.5595703125,83.5
202547,14008312,AZ.KNW.HHZ,0,up,11.164636611938477,1.2998046875,32.96875
2016564,11009861,CI.SWS.HHZ,0,up,11.63664436340332,1.8603515625,23.703125
207927,13979692,CI.MDA.EHZ,0,up,7.600801944732666,1.599609375,24.671875
879821,15158561,AZ.HWB.HHZ,1,down,9.704209327697754,1.3603515625,71.0625
1579406,15077004,AZ.FRD.HHZ,1,down,45.2205696105957,0.64990234375,4.078125
1968388,14332392,CI.MCT.HHZ,0,up,14.969758033752441,1.5595703125,49.09375
174700,14263460,CI.LMR2.HLZ,0,up,5.371042728424072,2.009765625,12.421875
1726007,14098736,CI.SME.EHZ,1,down,37.100433349609375,1.669921875,29.015625
1252829,14204980,CI.WCS.EHZ,1,down,22.228797912597656,0.68017578125,0.360107421875
2493184,13135428,CI.SBB.EHZ,0,up,4.409346580505371,1.2001953125,62.9375
954773,10348833,CI.HOL.EHZ,1,down,24.51685905456543,2.630859375,94.1875
2350879,14346680,AZ.TRO.HHZ,1,down,2.7075884342193604,0.3701171875,3.8203125
1422100,12458148,CI.BTC.HHZ,1,down,1.4429210424423218,2.279296875,81.625
1561414,9651665,CI.WBM.EHZ,0,up,4.388274669647217,1.4501953125,25.984375
438522,11367562,CI.WHF.EHZ,1,down,15.190834999084473,1.4296875,23.59375
1523371,10348837,CI.WCS.EHZ,0,up,13.130517959594727,2.810546875,17.140625
2161073,11126210,CI.CHF.HHZ,0,up,11.014142036437988,1.5400390625,57.03125
1678164,9635765,CI.WRV.EHZ,1,down,11.188301086425781,1.6796875,29.59375
2307294,10723541,AZ.CRY.HHZ,0,up,3.3573648929595947,0.5498046875,36.46875
2385574,10378961,AZ.WMC.HHZ,1,down,11.140690803527832,1.8603515625,51.34375
418227,10668029,AZ.SND.HHZ,0,up,24.310693740844727,1.16015625,15.2734375
1558406,14351160,CI.COA.EHZ,1,down,10.48982048034668,2.26953125,52.34375
2171077,14464328,AZ.PFO.HHZ,1,down,20.110857009887695,1.400390625,36.65625
855962,10786597,CI.LTC.EHZ,0,up,37.17915725708008,3.720703125,115.1875
1931788,9800769,CI.TEH.HHZ,0,up,36.55586242675781,2.380859375,110.4375
1868960,14150892,CI.HOL.EHZ,0,up,53.6138801574707,1.900390625,54.8125
2156311,14133292,CI.BLA.HHZ,0,up,5.88787841796875,2.109375,35.625
2345660,14120628,AZ.TRO.HHZ,0,up,20.53908920288086,2.169921875,80.6875
742419,10785965,CI.PLM.HHZ,0,up,4.247890949249268,0.52978515625,29.265625
1194493,10150513,CI.MPM.HHZ,0,up,8.047746658325195,0.300048828125,29.125
1225686,10227297,CI.SWS.HHZ,0,up,26.889169692993164,2.009765625,45.125
1186520,11047325,CI.RMR.EHZ,0,up,28.777843475341797,1.259765625,37.25
1996646,9878461,CI.RMR.EHZ,1,down,26.982412338256836,0.0,31.46875
1387997,9168911,CI.HEC.HHZ,0,up,258.32940673828125,2.08984375,7.3515625
922331,10720589,CI.SWS.HHZ,1,down,24.845298767089844,1.9501953125,28.65625
2038237,14236096,CI.HOL.EHZ,0,up,18.154441833496094,1.5498046875,76.5625
307137,10492189,CI.SGL.EHZ,0,up,14.942867279052734,1.1796875,8.5234375
1571076,14734412,ZY.WAGN.EHZ,1,down,10.319572448730469,1.330078125,8.6796875
972917,10370557,PB.B084.EHZ,1,down,8.49776554107666,0.9501953125,38.15625
1057079,10543789,CI.SBPX.HHZ,0,up,2.0749573707580566,1.58984375,26.0625
1528379,11346946,AZ.LVA2.HHZ,1,down,6.050353527069092,0.72021484375,12.8125
2238722,14894140,CI.PSR.HHZ,1,down,36.30522918701172,2.669921875,30.765625
1113279,10055369,CI.POB.EHZ,1,down,6.126517295837402,1.33984375,47.59375
2459379,13961864,CI.ABL.EHZ,1,down,39.526885986328125,1.2998046875,14.453125
713584,14187724,CI.ISA.HHZ,1,down,8.281843185424805,0.89990234375,67.5
854772,9147432,CI.WNM.EHZ,1,down,31.6943359375,1.9697265625,18.015625
308601,10630589,ZY.WAGN.EHZ,1,down,16.71626853942871,2.310546875,82.3125
105108,13998504,CI.WWP.EHZ,0,up,3.928471088409424,1.2001953125,42.15625
1867309,13958336,CI.RMR.EHZ,1,down,41.40922164916992,2.0703125,29.984375
326911,9818137,CI.LDR.HHZ,0,up,8.402483940124512,1.2998046875,61.71875
2437909,10264213,CI.WRV.EHZ,0,up,13.303829193115234,1.5,39.53125
1262698,9171127,CI.EW2.EHZ,0,up,12.433279991149902,1.400390625,12.2734375
1908135,11336682,CI.DNR.HHZ,1,down,19.701129913330078,1.8603515625,66.375
1087699,14048336,CI.MPM.HHZ,1,down,8.318840026855469,0.39990234375,25.296875
205784,15013044,CI.PMD.HHZ,1,down,12.829071998596191,0.60986328125,24.5625
735237,10530005,CI.SLR.HHZ,0,up,7.0662431716918945,1.0703125,20.34375
447281,13937476,CI.BTL.EHZ,0,up,51.626956939697266,1.1201171875,16.359375
670731,10547037,CI.SS2.EHZ,0,up,9.77244758605957,1.9404296875,52.9375
1443617,14242440,CI.MPM.HHZ,0,up,1.8343366384506226,0.39990234375,37.71875
102277,9142111,CI.RVR.EHZ,0,up,3.1962881088256836,2.2890625,66.9375
680905,15085156,AZ.BZN.HHZ,1,down,3.084721803665161,1.5,63.8125
162254,10726997,CI.WMF.EHZ,0,up,101.97038269042969,1.5498046875,14.5390625
1076597,10672581,ZY.MLDN.EHZ,0,up,27.951082229614258,2.0390625,2.029296875
982569,14403000,CI.PMD.HHZ,1,down,4.995580196380615,0.4599609375,19.375
1167862,10790397,PB.B082.EHZ,0,up,30.469898223876953,0.81005859375,18.84375
2370053,9929321,CI.SAL.HHZ,0,up,12.301896095275879,2.189453125,39.84375
1145762,9740625,AZ.WMC.HHZ,0,up,6.863708972930908,1.509765625,13.40625
1562486,10288353,CI.CCC.HHZ,1,down,24.016414642333984,2.5390625,54.3125
483729,9635277,CI.EW2.EHZ,1,down,317.2143249511719,1.9296875,5.62109375
248892,11000245,CI.COA.EHZ,0,up,3.7394423484802246,2.51953125,83.1875
1417919,11132978,CI.RMR.EHZ,0,up,14.265792846679688,1.080078125,22.0
750232,9167252,CI.VPD.EHZ,1,down,8.878205299377441,1.9599609375,54.25
522469,10167985,AZ.PFO.HHZ,1,down,5.614012241363525,1.08984375,53.03125
1076023,11210258,CI.WMF.EHZ,1,down,53.53487014770508,1.2998046875,2.6796875
1697059,10792141,PB.B082.EHZ,1,down,6.035521507263184,1.009765625,70.125
910819,9754685,CI.SAD.EHZ,1,down,14.955166816711426,2.310546875,30.828125
345809,14384688,PB.B084.EHZ,1,down,67.34398651123047,1.740234375,31.546875
433869,14385516,CI.SLR.HHZ,1,down,5.087855815887451,1.169921875,9.890625
993069,9992169,CI.RMM.EHZ,1,down,7.0870842933654785,1.76953125,37.75
875431,14237384,CI.PMD.HHZ,1,down,14.928515434265137,1.080078125,56.9375
407281,11410362,CI.PER.HHZ,0,up,9.367185592651367,1.2099609375,29.5625
1877742,14465544,CI.DNR.HHZ,1,down,8.608145713806152,0.7001953125,34.28125
332975,11394970,CI.PMD.HHZ,1,down,10.369813919067383,0.58984375,27.359375
1515426,11085402,EN.SIM.EHZ,1,down,2.521092414855957,0.60009765625,8.140625
250386,9757549,CI.BTL.EHZ,1,down,6.420999526977539,1.5400390625,76.75
988973,9150986,CI.TPM.EHZ,1,down,32.87211608886719,1.099609375,4.859375
1187355,10008229,CI.BTL.EHZ,1,down,11.52719783782959,0.85009765625,31.984375
2008649,14297248,CI.GOR.HHZ,0,up,3.248694896697998,1.669921875,111.0
1226318,9656501,CI.TEH.HHZ,1,down,10.974785804748535,2.0390625,65.6875
2320242,11335554,CI.JVA.HHZ,0,up,7.024778842926025,0.91015625,28.53125
1186385,13658240,CI.WNM.EHZ,0,up,2.2701900005340576,0.7998046875,42.375
1633886,14203520,CI.WHF.EHZ,0,up,10.5735445022583,1.41015625,54.46875
1257084,10000561,CI.SME.EHZ,0,up,5.894643783569336,1.01953125,28.40625
1892652,10637037,ZY.OCCM.EHZ,1,down,11.338152885437012,1.900390625,73.6875
1667154,10547045,EN.YOU.EHZ,1,down,8.452458381652832,1.2900390625,4.71875
2151527,9153391,CI.BAC.EHZ,1,down,20.41860580444336,2.330078125,82.875
824255,10497989,CI.LRL.HHZ,1,down,14.637344360351562,1.1796875,37.71875
2126717,10746013,AZ.WMC.HHZ,0,up,10.849929809570312,0.7998046875,24.765625
583540,14333572,CI.WCS.EHZ,0,up,6.116984844207764,1.0302734375,7.421875
932416,9161166,CI.TOW.EHZ,0,up,43.41465759277344,1.349609375,11.4296875
1677254,14167496,CI.PLM.HHZ,1,down,33.707515716552734,1.48046875,18.109375
2317988,9154877,CI.WRC.EHZ,0,up,12.891282081604004,1.3203125,20.546875
1189662,10404609,AZ.CRY.HHZ,1,down,19.115123748779297,0.93017578125,9.859375
948848,12459780,CI.BLC.EHZ,1,down,12.117587089538574,1.5,8.9609375
971893,14862556,CI.SS2.EHZ,1,down,49.16009521484375,1.3798828125,19.546875
201095,10631589,ZY.OCCM.EHZ,1,down,11.698410034179688,0.5,11.5078125
549654,9147465,CI.WCH.EHZ,1,down,3.5895564556121826,1.5595703125,21.59375
623606,9151640,CI.WWP.EHZ,1,down,14.28071403503418,1.76953125,66.75
1503312,9160179,CI.RMR.EHZ,0,up,134.4422607421875,1.4296875,19.59375
1324878,10316893,AZ.KNW.HHZ,0,up,7.176288604736328,1.4697265625,82.1875
2244571,11088218,CI.WOR.EHZ,0,up,7.59181022644043,2.140625,57.8125
1885943,10760917,CI.COK.EHZ,0,up,1.2262539863586426,1.9501953125,33.78125
1522854,9705625,CI.WRV.EHZ,1,down,20.527956008911133,1.599609375,6.69140625
2382419,9776377,AZ.SND.HHZ,0,up,17.109134674072266,1.759765625,80.875
1347483,9794601,AZ.LVA2.HHZ,1,down,39.63869094848633,1.3603515625,34.75
76206,9169685,AZ.LVA2.HHZ,0,up,448.52581787109375,2.029296875,28.671875
1408111,10980445,CI.PLM.HHZ,0,up,4.319352626800537,0.56005859375,31.125
1483863,10613749,ZY.OYSB.EHZ,0,up,35.22456741333008,1.169921875,6.19140625
215358,9165654,CI.OLY.EHZ,1,down,2.239743232727051,1.1396484375,60.78125
1755346,14334776,CI.HMT.EHZ,1,down,10.354777336120605,1.2802734375,40.65625
1087463,9164311,CI.HMT.EHZ,0,up,11.431629180908203,1.8896484375,43.8125
1889352,11086258,CI.BAR.HHZ,1,down,194.1315155029297,3.259765625,71.9375
2352041,11247930,AZ.BZN.HHZ,0,up,4.2575764656066895,0.7900390625,47.5
725717,15149041,PB.B086.EHZ,1,down,6.75076150894165,0.56982421875,9.078125
1079933,9878257,CI.SPG.HHZ,0,up,103.76573181152344,2.810546875,90.6875
1669833,9707297,CI.SAL.HHZ,1,down,69.49917602539062,2.419921875,7.94921875
1874982,15139105,AZ.PFO.HHZ,1,down,84.25828552246094,2.55078125,63.65625
197152,10737413,CI.MUR.HHZ,0,up,7.992681503295898,2.7109375,73.625
2193476,10370141,WR.CSP.EHZ,1,down,93.79632568359375,4.44921875,21.765625
1852591,14726564,ZY.MLDN.EHZ,1,down,5.447387218475342,1.7197265625,22.921875
1583865,15116753,CI.IKP.HHZ,1,down,2.9723398685455322,1.849609375,62.09375
255514,11283506,CI.DTP.EHZ,0,up,11.414175033569336,0.830078125,37.75
869425,11321970,CI.WWP.EHZ,0,up,2.288560152053833,0.199951171875,45.46875
2446416,13657584,CI.AGA.HHZ,0,up,8.393746376037598,2.66015625,116.1875
2059228,9728221,CI.WGR.HHZ,0,up,4.930087566375732,1.7001953125,48.09375
206536,10793549,SN.AMD.EHZ,1,down,462.4729919433594,2.990234375,112.5
344606,14942060,CI.JEM.HHZ,1,down,44.12550354003906,1.6201171875,37.25
324558,13970784,CI.HOL.EHZ,0,up,4.631265640258789,1.400390625,75.5
384337,10094897,CI.MWC.EHZ,1,down,12.363516807556152,1.51953125,60.40625
1837586,9161288,CI.WRV.EHZ,0,up,17.239538192749023,1.1201171875,16.09375
1733180,9908905,CI.SUN.EHZ,0,up,7.0917744636535645,1.650390625,58.78125
353383,13575480,AZ.CRY.HHZ,0,up,5.357074737548828,0.72021484375,82.875
2232238,9609405,CI.RMR.EHZ,1,down,41.069522857666016,1.73046875,19.203125
3835,11395674,CI.WOR.EHZ,1,down,13.655036926269531,1.16015625,12.890625
2246410,10366865,CI.RMM.EHZ,1,down,12.177420616149902,1.7802734375,63.65625
732474,14254992,CI.JRC2.HHZ,1,down,144.8439178466797,0.7001953125,4.91015625
1274296,10347785,AZ.PFO.HHZ,1,down,9.332093238830566,0.580078125,14.1328125
31119,10859949,PB.B084.EHZ,0,up,7.3578972816467285,0.60986328125,49.53125
614741,9775593,CI.WSH.EHZ,1,down,18.619935989379883,0.85986328125,21.390625
1857207,10221389,CI.RAY.EHZ,1,down,15.309887886047363,2.33984375,68.375
1697048,9639969,AZ.CRY.HHZ,0,up,71.45182800292969,1.8603515625,15.4921875
1086186,10345457,AZ.RDM.HHZ,0,up,9.887092590332031,1.3896484375,38.65625
34130,9700501,CI.IKP.EHZ,1,down,4.864121437072754,1.6103515625,76.125
1331420,12473016,CI.WHV.EHZ,1,down,34.032657623291016,1.669921875,10.6484375
1628539,14084188,CI.WI2.EHZ,1,down,11.66463565826416,1.7998046875,11.078125
533065,14121648,CI.WES.HHZ,1,down,19.006484985351562,1.990234375,22.25
2370812,9682549,CI.WCS.EHZ,0,up,4.436670303344727,1.5400390625,10.34375
1678219,10604117,ZY.GVBC.HHZ,0,up,16.77406120300293,2.9609375,54.9375
7941,10486221,PB.B082.EHZ,0,up,9.649190902709961,0.330078125,14.1015625
447741,14314624,CI.JCS.HHZ,0,up,6.317673206329346,1.9404296875,28.59375
180015,13966264,CI.RUN.EHZ,0,up,8.846261978149414,1.9599609375,53.90625
582661,12927468,CI.LEO.EHZ,0,up,2.4759323596954346,1.900390625,74.8125
1512079,10321585,CI.WCS.EHZ,0,up,37.308074951171875,4.4296875,85.625
477659,9165021,CI.CDY.EHZ,0,up,42.36604309082031,2.720703125,38.15625
283104,9729789,CI.LRR.EHZ,0,up,6.777064800262451,2.01953125,54.125
1849330,10770477,CI.SS2.EHZ,0,up,5.38048791885376,1.240234375,50.875
985565,11009981,CI.WMF.EHZ,0,up,13.035164833068848,0.31005859375,5.171875
636508,9723549,CI.WCS.EHZ,0,up,2.946500778198242,1.400390625,14.8125
92279,9886709,CI.MPM.HHZ,0,up,14.567888259887695,0.68017578125,25.9375
1676578,10440473,CI.CGO.HHZ,1,down,35.374290466308594,1.5498046875,18.65625
1250373,10531613,CI.WMF.EHZ,1,down,9.984527587890625,0.81005859375,10.4609375
1775139,10055521,AZ.RDM.HHZ,0,up,10.01952075958252,0.35009765625,8.609375
1924654,14618396,CI.OLP.HHZ,1,down,7.397106170654297,2.310546875,102.0625
88003,11247242,AZ.BZN.HHZ,0,up,3.3320136070251465,0.360107421875,7.2890625
326215,9962625,CI.STT.EHZ,0,up,30.026384353637695,2.689453125,60.53125
1271076,10346133,PB.B086.EHZ,0,up,7.3265204429626465,2.349609375,113.5625
1369856,12471900,CI.PLM.HHZ,1,down,2.5833842754364014,0.97021484375,40.25
1450998,9804921,CI.WLH.EHZ,1,down,10.663427352905273,1.5,29.15625
407842,14958356,PB.B082.EHZ,1,down,3.6825971603393555,1.259765625,98.5
1934461,15114425,PB.B093.EHZ,1,down,13.179715156555176,1.48046875,55.625
1337390,14183728,CI.HMT.EHZ,0,up,13.031582832336426,0.85986328125,22.125
769176,11422602,CI.MSC.HHZ,1,down,8.551177978515625,1.6103515625,67.1875
550962,10530437,CI.BAC.EHZ,0,up,4.358852386474609,0.330078125,28.3125
514081,14163284,CI.BAC.EHZ,0,up,14.809712409973145,1.6796875,84.0625
1010048,11077954,AZ.FRD.HHZ,0,up,11.697080612182617,0.85986328125,33.0625
2265448,14073892,AZ.PFO.HHZ,1,down,9.591793060302734,1.919921875,94.75
821497,10408625,CI.JRC2.HHZ,1,down,64.80265045166016,0.7998046875,1.919921875
1391167,14845180,AZ.MONP2.HHZ,1,down,24.361148834228516,1.0595703125,8.71875
2124302,14174064,CI.HMT.EHZ,0,up,4.213989734649658,1.0595703125,29.59375
2367487,10926613,CI.JRC2.HHZ,0,up,351.2154235839844,0.8701171875,5.44921875
1072407,10283965,CI.SKY.EHZ,0,up,5.148458003997803,1.33984375,35.375
1998245,9724157,CI.BLA.HHZ,0,up,1.829479455947876,1.8095703125,54.28125
1479560,11126154,PB.B087.EHZ,0,up,3.073812484741211,0.580078125,27.296875
1835207,14610092,CI.CRR.EHZ,1,down,4.5713725090026855,3.130859375,34.3125
262005,14313044,CI.WES.HHZ,0,up,2.280235528945923,1.3896484375,26.65625
1591714,14332828,CI.BAC.EHZ,0,up,13.608177185058594,1.58984375,46.28125
1173946,14385536,AZ.FRD.HHZ,1,down,28.538236618041992,1.099609375,20.78125
1067822,14288608,CI.WES.HHZ,0,up,3.6008331775665283,1.240234375,29.90625
1567279,9170239,CI.TPM.EHZ,1,down,15.455492973327637,1.7001953125,42.21875
2070189,10770261,CI.JEM.HHZ,1,down,40.4981575012207,1.8095703125,48.28125
143104,10785581,CI.COK.EHZ,0,up,6.128641605377197,2.009765625,24.65625
684520,13812836,CI.LRL.HHZ,0,up,60.81785583496094,2.630859375,81.8125
715279,14186784,CI.ABL.EHZ,1,down,73.4632568359375,2.01953125,28.78125
1903322,10827181,CI.COA.EHZ,0,up,10.696528434753418,1.6904296875,65.25
369177,10236109,CI.PMD.HHZ,0,up,4.198911190032959,1.169921875,52.375
71761,10404225,AZ.LVA2.HHZ,1,down,6.7764716148376465,0.8701171875,12.5234375
1361893,14197476,CI.SNR.EHZ,0,up,9.867424011230469,2.669921875,29.25
674954,11387242,CI.CJM.HHZ,1,down,7.050461292266846,0.759765625,13.8125
1841639,10319981,CI.BTP.HHZ,1,down,19.954389572143555,1.8701171875,46.90625
1037143,10772453,CI.BLA2.HHZ,0,up,10.358943939208984,1.150390625,51.21875
1131416,9152593,CI.SIL.EHZ,1,down,8.728541374206543,1.7998046875,61.59375
1980532,14233916,CI.TA2.HHZ,1,down,46.091575622558594,2.580078125,51.0
632165,10770237,CI.TPC.EHZ,0,up,9.122982025146484,1.5498046875,99.3125
1448479,10201537,CI.WRV.EHZ,0,up,3.594193935394287,0.330078125,29.359375
955719,14091696,CI.TOW.EHZ,0,up,9.160330772399902,1.099609375,15.3984375
1284713,14993108,NP.5442.HLZ,1,down,4.560670852661133,1.3896484375,22.265625
2452735,14329092,AZ.HWB.HHZ,0,up,9.18871021270752,1.48046875,62.5625
791204,11128018,NN.CAS.EHZ,0,up,18.584381103515625,2.099609375,7.33984375
1098120,11408794,CI.SPG2.HHZ,1,down,18.322795867919922,1.01953125,65.5
1488992,10100457,AZ.CRY.HHZ,1,down,93.58808898925781,1.759765625,16.203125
281782,10457789,AZ.FRD.HHZ,1,down,8.402679443359375,1.330078125,57.0
2034975,9709989,CI.XTL.EHZ,0,up,90.5439453125,2.689453125,90.375
841356,10601029,ZY.USG.EHZ,0,up,10.9330415725708,1.5703125,14.359375
1562792,9673681,CI.WAS.EHZ,0,up,6.904085636138916,2.599609375,68.8125
1690982,11024453,CI.IKP.HHZ,1,down,141.52671813964844,1.2802734375,30.984375
2023423,11369098,AZ.PFO.HHZ,1,down,37.72091293334961,1.66015625,18.796875
1312407,10983693,CI.WCS.EHZ,1,down,11.618963241577148,1.8701171875,12.359375
365908,13969132,CI.TPC.EHZ,1,down,21.69622230529785,1.23046875,29.40625
1936261,14196380,CI.TPC.EHZ,0,up,18.049379348754883,1.1796875,84.125
1014884,10263325,CI.JCS.HHZ,1,down,7.364223003387451,0.93994140625,37.46875
393365,11134058,AZ.CRY.HHZ,1,down,9.267580032348633,1.75,49.8125
302970,11323554,CI.WAS.EHZ,1,down,58.623199462890625,1.900390625,39.59375
875834,10150093,CI.SPG.HHZ,1,down,5.652295112609863,1.740234375,85.4375
1684781,10275521,CI.HEC.HHZ,0,up,62.98421859741211,1.2802734375,0.60009765625
1390026,14385384,CI.DNR.HHZ,1,down,4.116386413574219,1.7197265625,53.28125
1828987,14394224,CI.WRC.EHZ,1,down,9.262869834899902,0.68017578125,7.08984375
1475865,9713785,CI.WRC.EHZ,1,down,11.466444969177246,1.830078125,70.8125
1642836,9695625,CI.WBM.EHZ,0,up,2.0783257484436035,0.990234375,25.484375
694437,9148442,CI.WRV.EHZ,0,up,12.497393608093262,1.759765625,56.625
1829727,9159482,CI.HDB.EHZ,1,down,4.458683490753174,1.2998046875,24.8125
1008355,10746349,PB.B093.EHZ,0,up,168.4623565673828,1.669921875,27.125
1557856,10529685,PB.B918.EHZ,0,up,4.221778392791748,0.669921875,18.53125
479203,14202028,AZ.SND.HHZ,1,down,4.92008113861084,2.060546875,102.1875
1748869,10184902,CI.CRR.EHZ,1,down,6.227227687835693,1.5400390625,18.171875
1611098,9162548,CI.BR2.ELZ,0,up,7.870443344116211,1.5,0.300048828125
1256378,15097916,PB.B084.EHZ,1,down,32.371917724609375,1.5498046875,15.8125
43975,9167455,CI.SGL.EHZ,1,down,47.43744659423828,2.51953125,46.53125
2151702,10405993,PB.B082.EHZ,0,up,43.88402557373047,0.919921875,19.3125
386593,9745225,CI.CFL.EHZ,0,up,7.2080559730529785,1.2197265625,54.40625
978877,14719716,ZY.PNTO.EHZ,1,down,79.99909210205078,2.44921875,34.6875
2146157,9160148,CI.SME.EHZ,0,up,2.9257700443267822,1.3896484375,64.5
1505569,10771301,CI.CRR.EHZ,1,down,4.127007961273193,1.099609375,45.0625
2053292,9889305,CI.SPF.HHZ,1,down,70.82356262207031,1.9296875,15.796875
813502,11052405,CI.DGR.HHZ,0,up,81.49639129638672,1.2802734375,29.234375
975519,9757821,CI.JUL.EHZ,0,up,23.658496856689453,2.080078125,98.0625
1846204,14178768,CI.ERP.EHZ,0,up,2.759936809539795,1.4296875,48.1875
2344570,10738829,CI.SWS.HHZ,0,up,66.80198669433594,2.650390625,29.1875
1167177,14992148,CI.COA.EHZ,1,down,25.081663131713867,3.5703125,83.625
546242,9883737,CI.WVP.EHZ,0,up,15.482003211975098,2.0,104.25
1849283,10994837,AZ.BZN.HHZ,0,up,3.9835212230682373,0.35009765625,8.828125
192538,15119881,CI.ISA.HHZ,1,down,43.617889404296875,1.25,33.46875
97969,10318181,CI.BTL.EHZ,1,down,6.406322956085205,1.509765625,33.0625
1926093,10326541,CI.HMT.EHZ,1,down,4.808750152587891,1.0,58.0
873684,13946144,CI.TPM.EHZ,1,down,49.311702728271484,1.58984375,5.5390625
46137,10079269,CI.CHF.HHZ,0,up,9.335952758789062,1.5498046875,57.875
958971,10347325,CI.CFT.EHZ,0,up,2.3224449157714844,1.9404296875,84.1875
1379994,10228865,AZ.FRD.HHZ,0,up,21.584836959838867,1.1396484375,31.359375
1247159,9710717,CI.PLM.HHZ,1,down,25.139917373657227,1.3701171875,13.03125
1131811,14208252,AZ.FRD.HHZ,1,down,36.81207275390625,0.77001953125,11.671875
1821895,9672609,CI.ISA.HHZ,1,down,12.518773078918457,1.25,67.625
1364797,14352352,CI.ERP.EHZ,1,down,8.344791412353516,1.400390625,16.21875
323215,14244004,AZ.CRY.HHZ,1,down,12.322104454040527,1.099609375,74.4375
1289282,10183733,CI.RMR.EHZ,1,down,9.603714942932129,0.85986328125,25.375
2010466,9968453,CI.DTP.EHZ,0,up,8.404579162597656,1.7998046875,45.375
67208,10800069,AZ.LVA2.HHZ,1,down,4.928711414337158,1.0400390625,54.84375
2467301,9167099,CI.FRG.EHZ,0,up,14.37088680267334,2.140625,108.0
1598250,14435280,EN.ENG.EHZ,1,down,4.83723783493042,2.009765625,23.09375
769940,11419130,AZ.SND.HHZ,1,down,9.658945083618164,0.669921875,2.3203125
680269,10248833,CI.SHE.EHZ,0,up,27.976240158081055,1.7802734375,47.125
2099534,14208308,AZ.BZN.HHZ,1,down,6.391481399536133,0.449951171875,20.90625
526978,10168349,CI.GTM.EHZ,0,up,4.041740894317627,1.2099609375,44.28125
1513451,14608292,CI.CRR.EHZ,1,down,2.5019145011901855,3.619140625,34.625
183591,10348533,CI.CBK.EHZ,0,up,36.97849655151367,1.33984375,35.28125
1250886,15139153,PB.B084.EHZ,1,down,2.107191562652588,1.1796875,92.4375
1592583,9693373,CI.MCT.HHZ,0,up,8.836654663085938,1.919921875,44.1875
1248753,15200001,BC.UABX.HHZ,1,down,7.700705528259277,3.509765625,43.25
1065448,11393650,CI.SAL.HHZ,1,down,22.126678466796875,2.169921875,50.71875
1008463,9169265,CI.CDY.EHZ,1,down,36.09175109863281,1.2998046875,6.80078125
1130433,10256997,PB.B087.EHZ,0,up,16.096296310424805,0.81982421875,3.919921875
464761,14962372,CI.OLP.HHZ,1,down,15.853214263916016,2.0,98.1875
639100,14420848,PB.B087.EHZ,1,down,12.678985595703125,0.81005859375,8.453125
393595,14355280,PB.B084.EHZ,1,down,16.57723617553711,1.51953125,89.1875
1728432,14213156,CI.GTM.EHZ,0,up,17.997472763061523,1.7998046875,33.5625
1329713,14922908,CI.CBK.EHZ,1,down,39.488155364990234,1.650390625,40.8125
1699474,10990445,CI.CLC.HHZ,0,up,786.5405883789062,1.23046875,4.23046875
562344,13966484,CI.CLI.EHZ,1,down,4.086872100830078,1.58984375,22.109375
891240,10763237,PB.B082.EHZ,1,down,10.790849685668945,0.6298828125,16.4375
1191833,14516820,CI.POB.EHZ,1,down,92.51242065429688,1.5,28.234375
715421,9683013,CI.WCH.EHZ,1,down,4.046752452850342,0.5,21.15625
40854,10205937,CI.JCS.HHZ,1,down,5.185914993286133,0.7099609375,41.125
1311961,10597493,ZY.OCCM.EHZ,0,up,6.8539252281188965,2.099609375,23.90625
203465,9136804,CI.BTL.EHZ,1,down,5.4366912841796875,2.0,74.3125
2434302,10591325,ZY.OYSB.EHZ,0,up,96.4571762084961,1.7197265625,6.62890625
1442855,9145417,CI.TPM.EHZ,1,down,10.723894119262695,1.599609375,43.53125
476029,14981172,AZ.BZN.HHZ,1,down,25.185787200927734,2.130859375,58.625
2051387,10293573,PB.B084.EHZ,1,down,47.08461380004883,2.4296875,88.375
1608938,14297352,CI.ALV.EHZ,0,up,104.55973815917969,2.5703125,30.578125
2442338,10004961,CI.WCS.EHZ,0,up,4.26954460144043,1.2998046875,13.0
2126460,10435049,PB.B082.EHZ,1,down,18.010944366455078,0.89990234375,41.25
2480678,14186988,CI.RXH.HHZ,0,up,18.097970962524414,1.73046875,2.580078125
432130,14325560,CI.IR2.EHZ,0,up,133.3624725341797,3.939453125,112.25
1635858,10147385,CI.RMR.EHZ,1,down,3.4627418518066406,1.2802734375,85.5625
1767452,14349984,CI.CRR.EHZ,1,down,5.909522533416748,1.5400390625,25.84375
72153,11379434,PB.B087.EHZ,0,up,9.26627254486084,0.85009765625,14.75
1770222,14474264,EN.RED.EHZ,1,down,13.878419876098633,0.64990234375,7.26171875
293447,10672877,ZY.PNTO.EHZ,0,up,7.330286979675293,0.85009765625,4.30859375
1347953,14522564,EN.ENG.EHZ,1,down,34.52488708496094,1.73046875,7.94921875
1555853,14282152,CI.JRC2.HHZ,0,up,79.0756607055664,0.97998046875,12.40625
1054841,14233716,CI.RMR.EHZ,1,down,30.005950927734375,1.3798828125,31.765625
262036,13656940,CI.WRV.EHZ,1,down,74.21292114257812,1.5,1.509765625
1974460,10921789,CI.SGL.EHZ,0,up,4.814910888671875,1.4296875,1.9599609375
1722917,11080194,CI.ISA.HHZ,0,up,52.08318328857422,1.990234375,71.1875
729022,14420864,CI.BFS.HHZ,1,down,5.133652687072754,1.3701171875,104.375
1221167,15086468,CI.PMD.HHZ,1,down,25.6463565826416,1.1796875,55.625
55992,10497877,CI.MPM.HHZ,1,down,38.293724060058594,1.9404296875,59.875
1056267,10319305,AZ.SND.HHZ,1,down,4.683523654937744,1.16015625,11.1015625
1164194,14599996,PB.B086.EHZ,1,down,71.30127716064453,1.5703125,36.84375
1942533,10435729,CI.ARV.HHZ,1,down,3.306032419204712,1.4404296875,46.90625
168107,10532613,CI.CRR.EHZ,0,up,12.05831241607666,0.7998046875,49.4375
610392,14289408,CI.RMR.EHZ,1,down,14.207230567932129,0.89990234375,42.6875
1426466,10230897,AZ.PFO.HHZ,1,down,16.284269332885742,0.669921875,22.84375
616972,10411545,CI.EL2.EHZ,1,down,26.787309646606445,4.0390625,91.5
2066130,9148370,CI.SKY.EHZ,0,up,11.114657402038574,2.869140625,117.1875
813072,11026181,CI.JNH.EHZ,0,up,21.093368530273438,1.6298828125,46.625
1875674,10224729,CI.RIN.HHZ,0,up,7.624157905578613,1.650390625,5.53125
1851837,14098084,CI.BTL.EHZ,0,up,29.734264373779297,1.2197265625,22.0625
2435929,11337562,CI.WRV.EHZ,0,up,4.614367961883545,0.43994140625,8.0234375
408615,9651165,AZ.SND.HHZ,1,down,25.502347946166992,1.51953125,48.75
2330762,10757197,AZ.PFO.HHZ,1,down,8.89394760131836,0.85986328125,15.2421875
268575,9713489,CI.SKY.EHZ,1,down,51.10408401489258,1.5498046875,8.6171875
1045170,15202049,EN.YOU.EHZ,1,down,4.46436882019043,1.740234375,16.109375
290010,10274125,CI.MPI.HHZ,0,up,127.73836517333984,2.0703125,32.28125
241922,14285992,CI.SDR.HHZ,0,up,2.8102777004241943,1.240234375,84.3125
822441,10223721,CI.WOR.EHZ,1,down,19.392940521240234,1.1298828125,5.578125
97178,15164105,CI.LLS.HHZ,1,down,69.86385345458984,3.669921875,28.546875
1454030,14189596,CI.HMT.EHZ,1,down,7.601921081542969,1.3203125,47.8125
88020,14607068,CI.WWC.HHZ,1,down,12.33700180053711,2.119140625,50.125
594284,15202001,EN.ENG.EHZ,1,down,19.257226943969727,1.740234375,21.609375
1176570,10330237,PB.B087.EHZ,1,down,3.6632277965545654,1.16015625,24.796875
2023441,10344981,CI.HYS.EHZ,0,up,7.882526874542236,1.3798828125,85.75
812265,9888497,CI.SPG.HHZ,0,up,13.12343692779541,1.66015625,91.5
1115560,14437216,CI.TPM.EHZ,1,down,4.020647048950195,1.150390625,35.75
814672,9616181,CI.HEC.HHZ,1,down,6.795304775238037,1.5,18.203125
1163523,11048085,CI.EML.HHZ,0,up,25.471572875976562,2.119140625,66.9375
1740853,9888977,CI.SMM.HHZ,0,up,18.948200225830078,1.830078125,50.15625
2384287,14335256,CI.EL2.EHZ,0,up,2.957667827606201,2.1796875,76.375
1119337,13909192,AZ.WMC.HHZ,0,up,24.70334815979004,1.7001953125,20.34375
354496,9709749,CI.CHF.HHZ,1,down,43.10030746459961,1.6796875,54.5
1257666,10787477,AZ.RDM.HHZ,0,up,13.411910057067871,0.7099609375,16.15625
2274471,10326033,CI.CFT.EHZ,0,up,12.245512962341309,2.5390625,46.125
564015,10793389,AZ.BZN.HHZ,0,up,55.57880401611328,2.0703125,28.171875
2102947,10227577,AZ.WMC.HHZ,1,down,9.812911033630371,1.6201171875,74.375
455507,14180328,CI.BOR.HHZ,0,up,1.3224029541015625,1.490234375,73.25
1628200,14343504,CI.SWS.HHZ,0,up,6.5823564529418945,1.3896484375,40.75
1326598,13658168,CI.TPM.EHZ,1,down,33.65040588378906,1.9296875,30.1875
1849299,14006328,AZ.BZN.HHZ,0,up,4.9518632888793945,1.0703125,18.375
1114265,10763005,AZ.KNW.HHZ,1,down,5.997095584869385,0.85986328125,46.34375
82938,9721821,CI.WSH.EHZ,1,down,3.987180709838867,1.2197265625,67.3125
1412990,9949941,CI.TA2.HHZ,1,down,24.23316764831543,1.5595703125,13.96875
1156737,10457589,CI.WRC.EHZ,1,down,14.052945137023926,1.1298828125,13.1484375
1980906,9161573,CI.RMM.EHZ,1,down,4.51101541519165,1.400390625,36.25
1622548,9720205,AZ.LVA2.HHZ,0,up,34.156253814697266,3.26953125,90.75
837917,9908737,CI.FRK.EHZ,1,down,50.511531829833984,1.830078125,23.6875
2255056,10202125,CI.CBK.EHZ,1,down,10.26219654083252,2.529296875,115.25
1423704,10059973,CI.BBR.HHZ,0,up,8.997188568115234,2.080078125,39.625
623026,14197696,AZ.CRY.HHZ,1,down,12.13125991821289,0.47998046875,12.078125
1481338,9133286,CI.IKP.EHZ,0,up,17.11099624633789,1.599609375,18.1875
2468095,10330385,CI.DNR.HHZ,1,down,2.5046801567077637,0.830078125,37.9375
147316,11384346,CI.PSR.HHZ,0,up,13.440787315368652,1.5595703125,23.875
239824,9654249,CI.MPM.HHZ,0,up,20.54677391052246,1.7802734375,34.8125
1511809,11010765,WR.PEC.EHZ,0,up,3.054413080215454,0.7900390625,29.078125
714033,14196892,CI.POB.EHZ,1,down,14.52699089050293,0.990234375,11.7265625
2149438,10910653,CI.TOR.HHZ,0,up,6.120937347412109,1.48046875,47.875
165284,14085912,AZ.CRY.HHZ,1,down,112.61141204833984,1.650390625,38.46875
163872,9161111,AZ.BZN.HHZ,0,up,13.551769256591797,1.2001953125,25.875
643538,13971596,CI.WWP.EHZ,0,up,19.56950569152832,1.4296875,44.375
380173,9659633,AZ.PFO.HHZ,0,up,8.295571327209473,0.89990234375,19.546875
1159125,10330533,CI.BAC.EHZ,1,down,5.37161111831665,0.759765625,51.1875
681353,9139639,CI.RAG.EHZ,0,up,48.62639617919922,1.7998046875,24.265625
556266,9720817,CI.SKY.EHZ,1,down,6.409900188446045,1.58984375,95.0625
1110894,10275949,AZ.TRO.HHZ,0,up,1.8230762481689453,0.72021484375,42.5
198881,14076264,WR.CSP.EHZ,0,up,8.169600486755371,1.150390625,39.5625
730721,10167085,CI.RVR.EHZ,1,down,4.826671600341797,2.69921875,100.1875
2492852,10378041,AZ.RDM.HHZ,1,down,20.03145408630371,1.419921875,62.75
681870,10533085,EN.ELM.EHZ,1,down,14.009343147277832,1.0,3.310546875
1376575,14213100,CI.COK.EHZ,0,up,3.79048752784729,1.990234375,29.484375
440927,10659453,ZY.GVBC.HHZ,0,up,53.69444274902344,3.109375,33.28125
2234587,10229861,CI.WLH.EHZ,1,down,14.178841590881348,1.0595703125,13.21875
465581,9826913,CI.LRR.EHZ,0,up,5.3242597579956055,1.8203125,92.0625
2177491,9689997,CI.WVP.EHZ,0,up,17.825843811035156,1.8095703125,14.203125
1536045,9656105,NN.CAS.EHZ,1,down,98.93836975097656,3.119140625,49.125
1379574,10720997,AZ.LVA2.HHZ,1,down,20.776517868041992,0.6298828125,21.9375
1379057,10397905,CI.POB.EHZ,1,down,56.133419036865234,1.599609375,53.46875
1284336,10661877,ZY.PNTO.EHZ,0,up,13.526372909545898,1.6201171875,2.060546875
320085,9671829,CI.RMR.EHZ,1,down,5.477565288543701,1.9501953125,37.28125
916616,9669789,CI.HMT.EHZ,0,up,46.086578369140625,2.51953125,35.125
508501,10206093,AZ.LVA2.HHZ,1,down,26.120718002319336,0.83984375,16.828125
989646,15086444,CI.MSC.HHZ,1,down,37.843833923339844,1.6201171875,15.609375
1436802,10068745,CI.WCS.EHZ,1,down,8.069091796875,1.099609375,2.490234375
1409000,14286412,CI.ERP.EHZ,0,up,13.123763084411621,2.130859375,37.4375
483302,13985732,AZ.WMC.HHZ,1,down,7.711450099945068,1.2998046875,14.5390625
768178,10755773,CI.YMD.EHZ,0,up,105.55579376220703,2.810546875,82.125
1997787,11002461,CI.MPM.HHZ,0,up,4.197122573852539,1.41015625,116.1875
243548,9165295,CI.EW2.EHZ,0,up,13.819740295410156,1.9296875,54.1875
890882,11395474,NN.GVN.EHZ,1,down,292.7195129394531,2.80078125,43.21875
1812842,9645321,CI.WWP.EHZ,0,up,64.52706146240234,2.279296875,36.1875
1107346,10790997,CI.MSC.HHZ,0,up,16.502262115478516,0.97021484375,20.09375
2368849,9660205,CI.ELS.EHZ,0,up,96.1736831665039,3.0703125,56.75
998275,9686281,CI.WCH.EHZ,0,up,74.50233459472656,2.51953125,26.65625
77964,12467552,CI.JVA.HHZ,1,down,10.594629287719727,1.599609375,43.9375
428127,12487476,CI.POB.EHZ,1,down,61.469844818115234,1.7197265625,18.9375
2390996,10222821,CI.SGL.EHZ,1,down,29.675649642944336,2.349609375,55.46875
774545,14352968,CI.DVT.HHZ,1,down,41.5986213684082,1.240234375,1.98046875
2289479,9643997,AZ.BZN.HHZ,0,up,9.074110984802246,1.4296875,6.859375
788399,14604668,CI.WMF.EHZ,1,down,16.30974006652832,1.3701171875,32.9375
108813,13966620,CI.SNR.EHZ,0,up,5.246713161468506,1.2998046875,14.9609375
1943984,14607444,PB.B918.EHZ,1,down,6.953876495361328,0.68994140625,34.03125
1114596,10153282,ZY.PNTO.EHZ,0,up,206.28909301757812,1.98046875,5.33984375
1472670,10255773,PB.B084.EHZ,0,up,7.846571445465088,0.669921875,36.8125
607902,10056633,CI.DJJ.HHZ,1,down,19.289928436279297,1.98046875,19.125
1065945,15155153,CI.DGR.HHZ,1,down,52.40631103515625,2.7109375,82.125
1258193,9806877,CI.XTL.EHZ,0,up,7.53619384765625,1.8603515625,54.46875
2380694,11417562,CI.DGR.HHZ,0,up,7.574822425842285,1.4404296875,47.125
283826,14234660,CI.FRK.EHZ,1,down,14.774358749389648,1.900390625,86.4375
1781075,14872364,CI.BBR.HHZ,1,down,5.839151382446289,1.599609375,40.84375
1422325,9722641,AZ.MONP.HHZ,0,up,2.438004732131958,2.310546875,79.4375
2480937,11103450,CI.POB.EHZ,1,down,11.529364585876465,1.51953125,57.53125
1579659,9990121,CI.RMM.EHZ,0,up,3.2709646224975586,1.6396484375,29.15625
1601770,10347905,PB.B086.EHZ,1,down,1.496345043182373,2.099609375,27.65625
696206,9161790,CI.SGL.EHZ,1,down,3.4395689964294434,2.0,82.5
1068413,14067724,CI.MPM.HHZ,1,down,1.9783331155776978,0.7998046875,61.90625
564395,13968888,CI.POB.EHZ,0,up,124.20773315429688,2.30078125,51.15625
2458,14188792,CI.WWP.EHZ,1,down,17.868619918823242,2.029296875,115.5
1669140,10313873,CI.PDU.HHZ,0,up,2.352752923965454,1.0595703125,12.859375
818858,14237656,CI.BEL.HHZ,0,up,4.427001476287842,0.58984375,65.625
367369,10783389,AZ.RDM.HHZ,1,down,4.150196075439453,0.81982421875,34.59375
11140,14064016,CI.POB.EHZ,0,up,36.37026596069336,1.8701171875,72.1875
1575579,14219140,CI.BOR.HHZ,1,down,33.46953201293945,1.580078125,78.1875
1847715,10937237,CI.WBS.HHZ,1,down,19.2263126373291,2.08984375,99.0625
1021524,10411545,CI.RSS.HHZ,0,up,16.42716407775879,4.0390625,92.5
2399973,9645869,AZ.FRD.HHZ,0,up,1.1283700466156006,0.93994140625,22.40625
2326090,14209088,CI.COK.EHZ,0,up,3.749366044998169,2.390625,80.5625
438530,14155628,CI.RSS.HHZ,1,down,2.5354292392730713,2.30078125,30.328125
2346305,14312144,AZ.WMC.HHZ,0,up,93.25830841064453,1.4697265625,17.234375
13551,10266797,CI.SDR.HHZ,1,down,14.358049392700195,2.5390625,90.125
2346942,12471856,CI.SGL.EHZ,0,up,48.30345153808594,2.330078125,54.25
19329,11242762,AZ.LVA2.HHZ,1,down,33.847572326660156,0.7900390625,15.4296875
896504,14058656,CI.WNM.EHZ,0,up,8.096858978271484,1.900390625,23.609375
113616,9805821,CI.WWP.EHZ,1,down,5.817358493804932,0.9599609375,27.3125
998108,14345692,CI.PLS.HHZ,1,down,3.435314178466797,1.58984375,49.875
222281,10099681,CI.RUN.EHZ,1,down,4.9148478507995605,2.16015625,67.9375
1642533,10986757,CI.CHF.HHZ,1,down,15.345788955688477,0.85986328125,16.203125
1974779,9155711,CI.MIR.EHZ,1,down,32.74659729003906,1.66015625,25.6875
1997201,10036401,CI.WMF.EHZ,0,up,5.148193836212158,1.099609375,64.625
2177120,9160275,CI.RMM.EHZ,0,up,8.888392448425293,1.7001953125,30.09375
1046029,13655752,CI.SIL.EHZ,1,down,52.62785720825195,2.1796875,10.8203125
480003,10296369,CI.LEO.EHZ,1,down,49.43410873413086,1.6103515625,45.1875
2460937,14136148,CI.HMT.EHZ,0,up,17.541545867919922,1.2001953125,22.140625
2380011,9133764,CI.WRC.EHZ,1,down,5.596230506896973,1.240234375,8.5
320107,10370141,CI.LEO.EHZ,0,up,185.99217224121094,4.44921875,108.875
1639593,10440121,CI.CLC.HHZ,0,up,32.15886306762695,1.1298828125,27.34375
1215239,10838501,CI.TA2.HHZ,0,up,15.152641296386719,1.4296875,21.921875
2456155,10907821,AZ.PFO.HHZ,0,up,8.794289588928223,1.5703125,78.0
1686817,14433024,CI.SLA.HHZ,1,down,19.124103546142578,1.26953125,10.7265625
49429,14064504,CI.FRK.EHZ,1,down,5.387866497039795,1.6396484375,43.90625
355755,9811093,CI.SME.EHZ,0,up,4.6613569259643555,1.6904296875,86.25
1212960,10778309,AZ.MONP2.HHZ,0,up,53.8768196105957,1.669921875,16.65625
1686996,14063192,CI.WRV.EHZ,1,down,3.5477614402770996,0.5,10.3828125
29277,9882281,CI.RMR.EHZ,1,down,15.17705249786377,1.0302734375,21.109375
1989415,10370281,CI.LTC.EHZ,1,down,4.291267395019531,1.580078125,106.75
1152122,10272901,CI.SPG2.HHZ,0,up,16.736827850341797,1.16015625,77.4375
1557949,14937684,CI.SWS.HHZ,1,down,11.846054077148438,2.76953125,61.9375
241856,10757821,CI.JEM.HHZ,1,down,11.072038650512695,0.830078125,39.53125
202684,14333752,CI.EL2.EHZ,1,down,8.775546073913574,1.75,85.0
1240025,10223833,CI.DRE.HHZ,1,down,13.087348937988281,1.0,2.83984375
725676,10371909,CI.NBS.HHZ,1,down,4.337211608886719,1.8896484375,13.25
1615657,14181976,CI.FRK.EHZ,1,down,5.598400592803955,1.1796875,23.421875
863131,9643161,CI.VPD.EHZ,1,down,9.782533645629883,2.48046875,76.3125
1717558,9716813,CI.HOL.EHZ,0,up,7.773569107055664,2.0,111.75
1528308,10739997,PB.B081.EHZ,0,up,3.569927215576172,0.60009765625,34.625
2010261,11420386,CI.OLI.HHZ,0,up,43.17798614501953,3.0703125,36.5625
1781181,11243082,AZ.WMC.HHZ,0,up,25.789798736572266,0.9599609375,12.5078125
1165618,10284417,CI.LRL.HHZ,1,down,5.840898036956787,0.91015625,15.0703125
434324,10612989,ZY.WAGN.EHZ,1,down,55.16748809814453,1.5400390625,9.09375
1307991,10928861,CI.SGL.EHZ,0,up,17.93973159790039,2.259765625,2.75
1946000,14151360,CI.BOR.HHZ,0,up,8.79344367980957,1.400390625,32.875
475440,9164615,CI.GRP.EHZ,1,down,15.831672668457031,0.8701171875,50.4375
238585,10774381,PB.B086.EHZ,0,up,1.8501126766204834,0.60009765625,13.2734375
48650,9645905,CI.BAC.EHZ,1,down,29.842866897583008,2.2109375,41.53125
1897351,14335988,AZ.PFO.HHZ,0,up,19.35728645324707,0.389892578125,25.546875
932267,14441536,PB.B093.EHZ,1,down,4.311614990234375,1.009765625,63.125
1728510,12458996,CI.JCS.HHZ,0,up,4.971290111541748,1.26953125,8.7265625
1894019,9997729,AZ.PFO.HHZ,1,down,8.902959823608398,1.1298828125,17.96875
921357,14183744,AZ.TRO.HHZ,1,down,26.85840606689453,3.76953125,52.65625
1639801,10298369,CI.BLA.HHZ,1,down,19.76987075805664,2.0390625,58.9375
132107,11026005,PB.B093.EHZ,0,up,37.00657272338867,0.6298828125,10.921875
875847,11207138,AZ.SND.HHZ,0,up,29.41252899169922,2.76953125,68.875
1133245,10312437,PB.B087.EHZ,1,down,10.30079460144043,1.009765625,30.140625
1831790,10963741,AZ.FRD.HHZ,1,down,6.3432416915893555,1.25,97.0
2310904,15165793,CI.CWC.HHZ,1,down,54.142845153808594,2.16015625,17.921875
1269017,11410186,CI.WMF.EHZ,0,up,6.572201251983643,1.3603515625,45.46875
696065,11418554,PB.B082.EHZ,1,down,47.34523391723633,1.740234375,36.84375
908521,10403201,AZ.RDM.HHZ,0,up,3.7829360961914062,1.3095703125,12.34375
1410450,14490004,AZ.PFO.HHZ,1,down,5.297623157501221,1.41015625,69.125
449930,10356173,CI.MUR.HHZ,0,up,2.637939453125,1.6396484375,60.5625
262636,11285290,CI.BTL.EHZ,0,up,5.068421840667725,1.400390625,20.3125
2314532,14462384,CI.BOR.HHZ,1,down,166.3212890625,0.7900390625,9.25
1451517,13655892,CI.LUC.EHZ,0,up,22.76116943359375,1.8203125,7.328125
1368510,9149193,CI.EMS.EHZ,1,down,29.487537384033203,3.689453125,67.25
631688,10249533,AZ.SND.HHZ,1,down,5.681308269500732,1.01953125,44.125
1320804,10354101,CI.DPP.HHZ,0,up,4.304502010345459,1.66015625,78.3125
101895,10996213,CI.TA2.HHZ,1,down,11.956664085388184,2.400390625,72.875
2076912,14234540,CI.HOL.EHZ,1,down,28.219886779785156,2.359375,105.375
759594,10621293,CI.COK.EHZ,1,down,44.81703567504883,2.810546875,20.46875
2110330,11397034,CI.PMD.HHZ,0,up,10.276663780212402,0.1800537109375,18.375
1169081,14003960,CI.MLAC.HHZ,1,down,36.215370178222656,1.5703125,29.234375
366889,14277752,PB.B086.EHZ,1,down,20.20631217956543,0.75,8.1484375
2132228,14474496,CI.STG.HHZ,1,down,3.4616403579711914,1.9296875,33.8125
113316,13993692,CI.SUN.EHZ,0,up,6.5623555183410645,1.75,79.5625
198969,14187944,CI.PER.HHZ,0,up,3.75492262840271,1.8798828125,47.03125
2025278,14567188,PB.B093.EHZ,1,down,14.811161994934082,1.0595703125,34.25
2140521,10791389,CI.YUH.EHZ,0,up,30.4979248046875,1.099609375,9.953125
122930,14395572,CI.WI2.EHZ,1,down,7.101510047912598,0.7900390625,11.1328125
100067,14155760,CI.JCS.HHZ,1,down,38.63738250732422,2.380859375,113.8125
1018549,14205176,AZ.WMC.HHZ,0,up,3.411494493484497,0.93994140625,48.125
1270679,10044249,CI.TEJ.EHZ,0,up,42.068992614746094,0.89990234375,9.2890625
287451,10236157,CI.BCH.EHZ,0,up,305.4565124511719,2.099609375,19.796875
2187814,11003429,CI.SBB2.HHZ,0,up,17.35548210144043,2.0703125,39.34375
2013021,14604996,PB.B916.EHZ,1,down,32.4114990234375,2.4609375,35.65625
1444020,9678285,CI.WRV.EHZ,1,down,7.700387954711914,0.5,6.30078125
2286036,10658581,PB.B916.EHZ,1,down,3.6619417667388916,0.759765625,41.125
553713,15195241,CI.SMM.HHZ,1,down,20.463533401489258,2.109375,83.25
2398196,11392370,CI.WRV.EHZ,0,up,4.3945794105529785,1.08984375,16.578125
1354967,9666401,CI.SND.EHZ,1,down,79.57106018066406,3.30078125,106.5625
1145845,9160700,CI.TAB.EHZ,1,down,6.507326602935791,1.41015625,7.16015625
1370002,11387650,CI.BFS.HHZ,0,up,5.129941940307617,1.240234375,17.375
1993088,10082465,CI.WRV.EHZ,0,up,10.37070369720459,1.6904296875,101.125
2184259,10546925,CI.SLR.HHZ,1,down,38.78221130371094,1.73046875,22.953125
1685341,9743553,AZ.TRO.EHZ,1,down,1.6022614240646362,1.7197265625,31.046875
2123571,13909308,AZ.KNW.HHZ,0,up,115.85231018066406,1.490234375,5.1796875
472227,10838133,CI.CRR.EHZ,0,up,22.7236270904541,1.990234375,37.125
2096930,11392642,CI.FHO.HHZ,1,down,6.607491970062256,0.97998046875,24.265625
1356085,9659697,CI.WCS.EHZ,0,up,17.531810760498047,2.30078125,10.828125
2215363,10313381,CI.ERR.HHZ,0,up,13.111372947692871,1.73046875,21.546875
57506,15012452,CI.DGR.HHZ,1,down,56.56045150756836,0.83984375,23.921875
1272540,11421426,PB.B084.EHZ,1,down,14.423787117004395,0.93017578125,34.59375
2289125,14895604,AZ.SND.HHZ,1,down,282.03265380859375,2.3203125,47.375
124069,12457852,CI.IKP.EHZ,0,up,5.122666835784912,2.19921875,80.5625
2230104,14152344,AZ.PFO.HHZ,1,down,12.518121719360352,1.1103515625,12.9375
383468,12456928,CI.WES.HHZ,1,down,5.03313684463501,2.189453125,62.59375
256197,11023045,CI.EML.HHZ,1,down,25.441469192504883,0.9501953125,38.3125
60270,10232609,AZ.TRO.HHZ,0,up,19.51466178894043,0.97021484375,5.69140625
152486,9984225,CI.CRR.EHZ,0,up,13.88454818725586,1.490234375,15.78125
1376014,13942864,CI.MCT.HHZ,0,up,323.8859558105469,3.0390625,57.65625
1435849,9726205,CI.POB.EHZ,1,down,4.516088962554932,1.4697265625,68.375
1949928,14049328,CI.HMT.EHZ,1,down,1.827975869178772,1.259765625,45.4375
84084,10786597,CI.WES.HHZ,0,up,58.606388092041016,3.720703125,30.40625
1300976,14198828,CI.BOR.HHZ,0,up,18.334365844726562,1.599609375,54.90625
1605644,10149729,CI.TA2.HHZ,0,up,9.888022422790527,1.8798828125,69.875
1871434,13939464,CI.BTL.EHZ,0,up,11.53364086151123,1.3095703125,16.8125
1684955,11242738,PB.B916.EHZ,0,up,25.341184616088867,0.740234375,19.984375
766967,11249386,PB.B084.EHZ,1,down,41.17329788208008,1.3701171875,28.1875
729178,9889381,AZ.FRD.HHZ,0,up,57.26171875,1.3095703125,28.75
86558,11245706,EN.ELM.EHZ,1,down,4.392457962036133,0.7001953125,7.8984375
1433352,10348205,AZ.CRY.HHZ,1,down,95.55631256103516,1.150390625,38.125
2172829,11278682,AZ.TRO.HHZ,0,up,126.79991912841797,1.4404296875,3.91015625
1239955,11128386,CI.RMR.EHZ,1,down,3.3987295627593994,1.66015625,48.5625
1936179,9166973,CI.GTM.EHZ,1,down,12.325031280517578,1.7001953125,40.03125
1882238,9653589,CI.WWP.EHZ,1,down,14.461435317993164,2.580078125,7.76171875
850521,15085220,CI.JVA.HHZ,1,down,9.613083839416504,2.640625,56.84375
127922,9993065,CI.WRC.EHZ,0,up,10.535888671875,1.0,23.953125
792989,10147282,ZY.SHCM.EHZ,1,down,1.5260744094848633,1.2998046875,26.046875
1246017,14281844,CI.CRR.EHZ,1,down,55.96120834350586,1.830078125,37.3125
2475597,14201640,CI.HAY.EHZ,0,up,4.321305751800537,2.58984375,102.9375
857299,10756381,CI.YMD.EHZ,0,up,18.811683654785156,2.359375,80.6875
1067148,11022597,PB.B081.EHZ,1,down,2.023489475250244,1.5703125,45.90625
1538453,9645245,CI.BLA.HHZ,0,up,9.057474136352539,2.470703125,34.6875
163508,9776433,CI.POB.EHZ,1,down,15.349343299865723,1.0,50.0625
160713,13917092,AZ.LVA2.HHZ,0,up,35.40391540527344,2.130859375,90.5
735811,14121408,AZ.CRY.HHZ,1,down,6.381973743438721,0.1600341796875,5.44921875
1670972,9148090,CI.WRC.EHZ,0,up,23.835323333740234,1.8701171875,22.21875
2430268,14152192,CI.POB.EHZ,1,down,16.04136085510254,1.3203125,37.5625
2111024,9688681,CI.PLM.HHZ,0,up,8.259238243103027,1.5595703125,86.875
1151001,9170269,CI.NW2.EHZ,0,up,2.013218879699707,1.75,21.609375
2398071,10536045,CI.DGR.HHZ,1,down,7.011103630065918,1.4296875,98.0625
245280,9711781,CI.DTP.EHZ,0,up,3.9364542961120605,1.849609375,76.0625
2066009,14207032,AZ.CRY.HHZ,1,down,1.9233837127685547,1.0400390625,15.859375
1513927,11614648,CI.SME.EHZ,1,down,27.079458236694336,2.2890625,30.5625
1583430,10355621,AZ.PFO.HHZ,1,down,68.5904541015625,2.099609375,59.5
381882,11326458,CI.EML.HHZ,1,down,29.755569458007812,1.5703125,75.6875
1945979,9154684,CI.HYS.EHZ,1,down,7.240575790405273,1.8203125,98.9375
1616265,14254844,CI.ERP.EHZ,0,up,6.097131252288818,1.6904296875,14.203125
61201,9940393,AZ.LVA2.HHZ,0,up,6.262907028198242,1.2998046875,25.484375
2343390,14501464,PB.B921.EHZ,1,down,54.70942306518555,2.150390625,44.53125
983803,14334348,CI.CBK.EHZ,0,up,7.654099464416504,1.51953125,56.1875
2205976,10319485,CI.POB.EHZ,0,up,75.46208190917969,2.310546875,77.125
1466372,14130976,CI.JRC2.HHZ,0,up,21.649309158325195,0.89990234375,8.4296875
1937277,10279953,CI.BAC.EHZ,1,down,31.037691116333008,2.029296875,68.4375
2293330,9721821,CI.WHV.EHZ,0,up,4.546437740325928,1.2197265625,72.375
1241306,14585828,NP.5062.HLZ,1,down,8.030606269836426,1.400390625,0.7900390625
987001,10991981,AZ.CRY.HHZ,0,up,6.511354446411133,0.389892578125,12.28125
226224,11243650,CI.TIN.HHZ,1,down,34.522701263427734,3.109375,113.1875
2249803,10055413,CI.PLS.HHZ,1,down,178.976318359375,1.759765625,2.740234375
504025,14562620,AZ.KNW.HHZ,1,down,3.764545440673828,0.97998046875,33.78125
44536,14187200,CI.PER.HHZ,0,up,4.8272576332092285,1.5703125,26.375
846849,9651333,CI.CFL.EHZ,0,up,4.822403430938721,1.9501953125,85.1875
2343111,9737645,AZ.PFO.HHZ,1,down,56.933494567871094,2.08984375,16.546875
899851,9811177,CI.GTM.EHZ,0,up,2.240750789642334,1.2802734375,42.78125
1463223,10982453,CI.POB.EHZ,1,down,12.044183731079102,0.72998046875,21.796875
2379044,11409050,CI.IDO.HHZ,1,down,13.949551582336426,1.599609375,24.40625
2372332,14367308,CI.HMT.EHZ,1,down,36.82453155517578,1.5400390625,37.03125
2118669,11004213,CI.MLAC.HHZ,0,up,6.599023342132568,1.900390625,13.1328125
2329973,10355973,CI.RXH.HHZ,0,up,27.448457717895508,1.7001953125,2.419921875
2009421,9644085,AZ.LVA2.HHZ,0,up,16.958087921142578,1.0703125,33.9375
1935790,10767829,CI.LUC.EHZ,0,up,4.990290641784668,1.400390625,39.6875
1758236,10216905,CI.ERR.HHZ,0,up,3.193601608276367,1.759765625,29.984375
1757039,14344456,CI.WES.HHZ,0,up,2.8638291358947754,1.2099609375,22.328125
789205,9168397,CI.TEJ.EHZ,0,up,7.68407678604126,2.109375,66.25
1083154,10036261,CI.BOR.HHZ,0,up,1.0841635465621948,1.759765625,76.6875
422096,10487749,PB.B082.EHZ,0,up,11.90662670135498,0.81005859375,25.09375
931264,13687876,CI.WOF.EHZ,0,up,12.917160987854004,0.43994140625,28.296875
2404468,13978648,CI.RMM.EHZ,0,up,24.825532913208008,1.9599609375,89.75
656030,10257041,CI.PLM.HHZ,0,up,12.630433082580566,1.150390625,41.5625
761133,10789861,PB.B087.EHZ,0,up,70.73872375488281,0.6201171875,1.2802734375
1879300,14313308,AZ.SND.HHZ,1,down,5.28972053527832,0.280029296875,10.6328125
1351701,14407280,CI.DPP.HHZ,1,down,21.39403533935547,1.4404296875,54.5625
2160678,13812864,CI.TJR.EHZ,1,down,39.747642517089844,1.9501953125,38.46875
2376579,14087896,AZ.LVA2.HHZ,0,up,33.34239959716797,1.23046875,21.046875
608502,10181589,CI.MPM.HHZ,0,up,1.687220811843872,0.39990234375,26.859375
1436715,10230353,CI.SLR.HHZ,1,down,38.135623931884766,1.669921875,22.53125
897318,9730481,CI.BCC.HHZ,0,up,3.30793833732605,1.849609375,79.9375
1038901,13943352,AZ.BZN.HHZ,1,down,16.444467544555664,1.2001953125,17.234375
839396,14443744,CI.YUH.EHZ,1,down,113.07445526123047,2.630859375,61.34375
2447766,14462160,PB.B917.EHZ,1,down,47.8592529296875,2.98046875,119.75
143224,14380900,CI.POB.EHZ,1,down,17.544328689575195,1.169921875,45.4375
626838,14499464,CI.TPC.EHZ,1,down,46.759056091308594,1.669921875,52.59375
846150,10834981,PB.B082.EHZ,0,up,13.041705131530762,0.9501953125,23.71875
426679,11244522,AZ.PFO.HHZ,1,down,88.15174865722656,1.1201171875,12.2265625
2478525,13948544,CI.HOL.EHZ,1,down,19.298091888427734,1.83984375,63.96875
207920,9153752,AZ.SND.HHZ,1,down,132.60836791992188,2.51953125,46.96875
2201202,9806381,CI.PDU.HHZ,0,up,5.539642810821533,1.240234375,18.546875
2407742,13970876,CI.SWS.HHZ,0,up,608.821044921875,3.5703125,22.953125
95033,11249274,AZ.WMC.HHZ,1,down,14.64767074584961,0.83984375,5.30078125
536059,10228521,CI.LDR.HHZ,0,up,11.40280818939209,1.41015625,42.40625
2307470,15165449,PB.B093.EHZ,1,down,17.39178466796875,0.4599609375,17.484375
1789947,11089362,CI.MGE.HHZ,1,down,19.5991153717041,2.990234375,19.984375
2156492,14899884,EN.YOU.EHZ,1,down,10.91430950164795,1.4296875,13.921875
983052,9778829,AZ.LVA2.HHZ,1,down,47.820220947265625,1.6904296875,15.53125
2090155,14314296,PB.B086.EHZ,0,up,11.857223510742188,0.5498046875,22.484375
411692,13491540,WR.CSP.EHZ,0,up,1.8466479778289795,0.89990234375,46.0625
1051943,9968885,CI.DNR.HHZ,0,up,17.522052764892578,1.330078125,10.59375
2113718,9879153,CI.WHF.EHZ,0,up,12.03713321685791,1.150390625,49.71875
681343,10726157,CI.DNR.HHZ,0,up,2.700385808944702,0.3798828125,7.66015625
971998,11126890,PB.B093.EHZ,1,down,7.290092945098877,0.6298828125,37.0
1505903,9794305,CI.WOF.EHZ,1,down,11.964138984680176,1.33984375,96.5625
838530,10097753,CI.WNM.EHZ,0,up,5.665119171142578,0.409912109375,16.71875
1361451,11063069,AZ.SND.HHZ,1,down,7.835925102233887,0.83984375,57.0
1041742,9644481,CI.WNM.EHZ,0,up,55.44495391845703,2.0390625,41.375
1847806,10585477,ZY.WAGN.EHZ,0,up,7.084289073944092,1.2197265625,14.6484375
643529,14203892,CI.PMD.HHZ,0,up,8.333337783813477,2.41015625,106.25
567232,9704741,CI.WRV.EHZ,0,up,9.916378021240234,0.389892578125,1.509765625
1597078,10544613,CI.CRR.EHZ,1,down,8.422606468200684,1.1904296875,49.9375
2162483,9967801,CI.WLH.EHZ,0,up,4.491720199584961,1.2001953125,41.71875
1291891,10057637,CI.TIN.HHZ,1,down,5.033153533935547,0.0,19.78125
2383560,11386162,CI.CLC.HHZ,0,up,140.13783264160156,1.2998046875,73.0625
271289,11743472,CI.HMT.EHZ,0,up,13.790621757507324,1.8095703125,70.0625
432235,10798005,CI.SGL.EHZ,1,down,43.25529479980469,4.9609375,83.25
790272,10366009,CI.SPG2.HHZ,0,up,29.841249465942383,0.990234375,76.875
2282285,9158349,CI.RAG.EHZ,1,down,18.2596492767334,1.2998046875,7.6796875
638241,9718469,CI.PLM.HHZ,0,up,10.739602088928223,1.6396484375,37.5625
645667,15012540,CI.PLM.HHZ,1,down,7.498580455780029,0.77978515625,43.9375
1760526,10288577,CI.RAG.EHZ,1,down,7.379518508911133,0.75,30.1875
935366,10028673,CI.POB.EHZ,1,down,7.193463325500488,0.64990234375,38.03125
1995992,14221424,CI.ERP.EHZ,1,down,23.5527400970459,2.640625,49.625
1061758,11008693,CI.EDW2.HHZ,0,up,2.392911911010742,1.080078125,90.0625
148134,9689045,CI.WHF.EHZ,1,down,2.4478304386138916,1.7998046875,55.9375
2485966,14441632,CI.WSH.EHZ,1,down,16.402090072631836,1.76953125,45.65625
2282092,14850340,CI.THC.EHZ,1,down,12.627481460571289,1.400390625,39.125
1884368,14470336,AZ.PFO.HHZ,1,down,13.198487281799316,0.85009765625,13.9765625
1588001,9159911,CI.SBB.EHZ,0,up,26.956188201904297,1.849609375,41.40625
324226,10772133,PB.B093.EHZ,0,up,4.097162246704102,1.1103515625,104.3125
421701,11340082,CI.SS2.EHZ,0,up,179.744384765625,2.140625,43.53125
153759,14218880,CI.SS2.EHZ,1,down,8.474305152893066,2.490234375,100.75
684794,14216544,CI.JNH.EHZ,0,up,541.1749267578125,3.529296875,105.125
899658,12467484,CI.PLT.EHZ,1,down,14.241338729858398,2.5703125,73.3125
2066991,9990049,CI.GSC.HHZ,0,up,17.432464599609375,2.810546875,91.375
970487,14523268,AZ.SND.HHZ,1,down,9.473920822143555,2.029296875,116.3125
1977744,14490432,PB.B082.EHZ,1,down,11.463645935058594,0.85986328125,18.65625
1343980,14297120,PB.B087.EHZ,0,up,8.787025451660156,0.60009765625,15.96875
778728,13950396,CI.WCS.EHZ,0,up,4.982044696807861,2.470703125,112.3125
446375,10293289,PB.B087.EHZ,0,up,2.853461503982544,0.64990234375,23.953125
733777,10755629,CI.GOR.HHZ,0,up,5.104183197021484,1.5302734375,91.75
731877,14098588,CI.LEV.EHZ,1,down,43.31670379638672,3.130859375,24.65625
501064,14382020,CI.PSD.HHZ,1,down,2.8649070262908936,1.4599609375,27.453125
1169146,11369538,AZ.HWB.HHZ,0,up,5.910971164703369,1.01953125,48.0625
1958517,9674333,CI.WOR.EHZ,1,down,9.192173957824707,1.2998046875,47.5625
1595332,14295432,AZ.RDM.HHZ,0,up,5.411706924438477,0.68994140625,10.578125
2004470,10403705,PB.B087.EHZ,1,down,3.600029945373535,1.25,86.4375
2425624,9168121,CI.WVP.EHZ,0,up,31.669504165649414,1.650390625,9.25
1097373,9147038,CI.QAL.EHZ,1,down,20.00072479248047,1.6201171875,41.375
881452,10546253,CI.DAN.HHZ,1,down,16.12568473815918,2.33984375,83.875
1759587,10066557,CI.THC.EHZ,1,down,15.110172271728516,1.7900390625,48.03125
1134397,10598757,ZY.GVBC.HHZ,0,up,9.640179634094238,2.94921875,22.453125
1426009,11273498,CI.BLA2.HHZ,1,down,153.297119140625,3.41015625,63.96875
74072,10346673,CI.TEH.HHZ,0,up,59.62379455566406,2.2890625,83.5
533345,10600405,ZY.SHCM.EHZ,0,up,65.85428619384766,1.76953125,10.4765625
1827391,10207961,AZ.LVA2.HHZ,0,up,30.761838912963867,2.4296875,76.3125
95188,14135800,CI.LDR.HHZ,0,up,4.537450790405273,1.83984375,50.8125
1491424,9143821,CI.GTM.EHZ,0,up,25.802066802978516,1.6396484375,15.1875
2022727,15162897,CI.BAR.HHZ,1,down,3.019815683364868,1.7001953125,110.0625
901805,12447856,CI.WRC.EHZ,0,up,13.84471321105957,1.1201171875,23.09375
2442939,13307428,CI.BBR.HHZ,1,down,10.987893104553223,1.349609375,30.3125
1226434,9151733,CI.BAT.EHZ,1,down,4.992359161376953,1.83984375,38.5
200830,10311813,AZ.SND.HHZ,0,up,41.51576614379883,1.4697265625,26.609375
2158691,10703533,PB.B916.EHZ,1,down,22.514019012451172,1.5498046875,30.90625
1311590,9646457,CI.SME.EHZ,0,up,53.44611740112305,1.9697265625,23.796875
2001492,11056549,CI.MLAC.HHZ,0,up,21.872514724731445,1.7998046875,14.859375
1060904,9797001,CI.WSH.EHZ,0,up,8.044747352600098,1.0,86.8125
975226,13992604,CI.ERR.HHZ,0,up,11.991628646850586,1.7998046875,22.265625
1642996,14466432,CI.DTP.EHZ,1,down,8.446535110473633,2.310546875,92.3125
695932,10150213,CI.TER.EHZ,0,up,7.36083459854126,2.6796875,37.375
1152127,10784669,CI.WCS.EHZ,0,up,4.77333927154541,0.5,3.939453125
384673,10274473,CI.OAT.EHZ,1,down,34.013519287109375,1.0,5.01953125
2203857,15164817,CI.BTL.EHZ,1,down,6.849823951721191,1.259765625,26.9375
958392,10823861,CI.LPC.HHZ,0,up,111.42374420166016,1.650390625,8.3515625
883566,10757069,PB.B087.EHZ,1,down,6.723657608032227,0.77978515625,32.1875
156178,14162960,CI.SIL.EHZ,0,up,6.28503942489624,1.8095703125,34.15625
1628029,10983797,PB.B918.EHZ,0,up,75.88240051269531,1.3203125,11.671875
2358636,11046925,CI.WWC.HHZ,1,down,35.26985549926758,1.009765625,32.0
1014175,10347321,CI.CCA.EHZ,1,down,4.060032844543457,1.98046875,91.6875
742936,15142985,CI.WMF.EHZ,1,down,4.1120100021362305,-0.0200042724609375,12.7109375
808592,14395140,CI.BLA.HHZ,1,down,1.7686212062835693,1.419921875,53.09375
36674,15200849,CI.SGL.EHZ,1,down,10.61894702911377,2.080078125,43.3125
1703983,10247177,CI.SAL.HHZ,0,up,6.874904155731201,1.3701171875,34.34375
1598090,14724644,AZ.BZN.HHZ,1,down,2.6844642162323,1.1796875,59.78125
1526482,10047409,CI.PSP.EHZ,0,up,1.6294193267822266,1.509765625,55.09375
996069,10438353,CI.HYS.EHZ,0,up,12.763275146484375,1.580078125,83.3125
1027239,11379122,CI.PMD.HHZ,1,down,29.60572052001953,1.330078125,67.8125
837751,10347385,CI.PASC.HHZ,1,down,22.967897415161133,3.08984375,52.65625
820241,11275146,PB.B093.EHZ,1,down,47.142547607421875,1.0595703125,4.87109375
1864966,11078970,CI.BAR.HHZ,0,up,6.5211873054504395,2.130859375,90.25
66606,10330269,AZ.KNW.HHZ,0,up,3.004265546798706,1.4296875,55.65625
1207144,14394756,AZ.SND.HHZ,1,down,6.976447105407715,1.5595703125,85.75
1863418,14262284,CI.WCS.EHZ,0,up,14.19761848449707,2.310546875,36.9375
2328444,10590821,ZY.MLDN.EHZ,1,down,13.839119911193848,2.359375,56.3125
137480,14585468,CI.DPP.HHZ,1,down,14.381357192993164,2.109375,103.6875
1878411,9870753,AZ.BZN.HHZ,0,up,10.027793884277344,1.51953125,20.515625
2020013,11126466,CI.YUH.EHZ,0,up,11.135127067565918,1.669921875,21.109375
226995,9745017,CI.DRC.HHZ,0,up,2.696990489959717,1.66015625,21.046875
1569645,9746233,CI.WAS.EHZ,0,up,96.78938293457031,2.509765625,85.0625
1335454,9714513,AZ.TRO.EHZ,1,down,5.980947494506836,1.240234375,6.9296875
1538079,14135460,CI.JRC2.HHZ,1,down,175.88571166992188,0.7998046875,4.390625
1844376,10837741,CI.CLI.EHZ,1,down,38.7536506652832,2.759765625,11.3828125
1776579,10611117,ZY.SHCM.EHZ,1,down,22.54326629638672,2.240234375,59.0
933121,10148913,CI.CTW.EHZ,0,up,2.8692052364349365,2.169921875,91.25
2000685,9849017,CI.RRX.HHZ,1,down,7.104443550109863,2.650390625,64.8125
2226334,10618773,ZY.USG.EHZ,1,down,6.887909889221191,1.4697265625,14.1171875
1807310,11023749,AZ.FRD.HHZ,0,up,7.8386311531066895,0.64013671875,27.375
368043,9653373,CI.WRV.EHZ,0,up,4.426759719848633,1.91015625,26.9375
922588,9697709,CI.CLC.HHZ,0,up,12.751258850097656,1.830078125,34.75
42291,14503308,PB.B084.EHZ,1,down,30.87457847595215,1.5400390625,35.0
610372,11003933,AZ.FRD.HHZ,0,up,55.019161224365234,1.6904296875,23.734375
403232,10483381,PB.B084.EHZ,1,down,19.031320571899414,1.1796875,40.0
455666,9810509,CI.RUN.EHZ,0,up,64.36005401611328,2.91015625,83.125
350288,14221352,CI.EDW2.HHZ,0,up,11.101044654846191,1.599609375,35.34375
551168,10228281,CI.DPP.HHZ,0,up,4.362929821014404,1.1904296875,72.625
264090,11378402,CI.DNR.HHZ,0,up,11.558345794677734,1.5498046875,56.59375
651525,9717145,CI.CFL.EHZ,1,down,11.400395393371582,1.5,50.375
916476,15181929,CI.ERR.HHZ,1,down,6.723927021026611,1.830078125,53.5
908673,10657941,ZY.WAGN.EHZ,0,up,11.140091896057129,1.3798828125,12.2265625
1445213,9827701,CI.JVA.HHZ,0,up,2.2645769119262695,1.58984375,55.25
601460,10366073,AZ.WMC.HHZ,1,down,34.40904998779297,2.7890625,86.5625
65811,10972331,CI.WCH.EHZ,0,up,3.698489189147949,1.0,22.515625
946256,10891853,CI.BOR.HHZ,1,down,714.1209716796875,2.609375,34.0625
892539,14209876,CI.RUN.EHZ,1,down,14.367395401000977,1.76953125,57.96875
272055,9158342,CI.SIL.EHZ,0,up,177.8873291015625,1.4404296875,4.1015625
1031336,11049053,CI.LUC.EHZ,1,down,12.97010612487793,1.7099609375,26.015625
1922775,14369004,CI.ABL.EHZ,1,down,38.3104362487793,1.2099609375,28.265625
1331573,14621692,CI.WES.HHZ,1,down,27.768207550048828,3.439453125,81.125
2455656,12448676,AZ.RDM.HHZ,0,up,14.358525276184082,1.509765625,56.21875
2365219,9919345,CI.BOR.HHZ,0,up,67.02740478515625,1.33984375,9.25
1032233,10148489,CI.GTM.EHZ,0,up,3.7308337688446045,1.41015625,49.375
1007093,10405521,CI.BLC.EHZ,0,up,17.816606521606445,1.41015625,18.21875
2196889,9161469,CI.CLC.HHZ,1,down,10.03084945678711,1.6298828125,52.625
1098279,14085716,AZ.CRY.HHZ,0,up,9.130766868591309,0.5,27.984375
1557804,10490645,AZ.WMC.HHZ,0,up,7.621727466583252,1.7197265625,70.4375
2327565,9972881,CI.WNM.EHZ,0,up,1.7838099002838135,0.5,24.96875
2389513,10095569,CI.WNM.EHZ,1,down,2.785309076309204,0.5,23.546875
380195,9164513,CI.JRC.HHZ,0,up,26.56614112854004,1.900390625,11.40625
287727,11381394,CI.DTP.EHZ,0,up,361.56494140625,1.75,30.03125
1619153,14000808,CI.JVA.HHZ,1,down,13.531079292297363,2.009765625,52.28125
2166100,10404177,CI.WVP.EHZ,0,up,1.5943450927734375,1.16015625,6.37890625
2174232,10082457,CI.POB.EHZ,0,up,5.639235019683838,1.6396484375,89.375
247061,9737373,CI.LEO.EHZ,1,down,54.22313690185547,1.7998046875,40.34375
2221392,14171840,CI.WNM.EHZ,0,up,4.116281509399414,1.5,91.6875
1036834,14073320,CI.WSH.EHZ,1,down,23.04424476623535,1.599609375,58.40625
811308,13936660,CI.RMM.EHZ,0,up,3.596940755844116,1.240234375,42.28125
2077358,10772917,CI.DNR.HHZ,0,up,3.2614500522613525,0.9599609375,64.0625
1840209,10055789,CI.LRL.HHZ,0,up,2.5800275802612305,1.1796875,27.84375
1576552,10167317,CI.DNR.HLZ,1,down,3.631512403488159,1.580078125,75.9375
2206011,10044105,CI.DVT.HHZ,0,up,12.932979583740234,0.89990234375,2.529296875
592612,9701169,CI.BLC.EHZ,0,up,14.533018112182617,1.5498046875,14.2578125
251617,9166733,AZ.KNW.HHZ,1,down,34.2127799987793,1.6396484375,75.1875
880323,11245618,CI.JRC2.HHZ,1,down,5.8576459884643555,-0.1700439453125,5.25
138213,14682476,ZY.OCBC.HHZ,1,down,2.281059980392456,2.48046875,56.03125
2047544,10994597,CI.CBK.EHZ,1,down,8.820847511291504,1.759765625,45.90625
68772,10740693,AZ.SND.HHZ,0,up,14.30821418762207,0.469970703125,14.1171875
1592760,10317789,PB.B081.EHZ,1,down,7.489336967468262,1.7802734375,51.5625
1782704,9694009,CI.WNM.EHZ,1,down,4.763037204742432,0.7001953125,17.703125
455792,9142812,CI.RMR.EHZ,1,down,76.93148040771484,2.51953125,41.5625
1132762,10752645,CI.WES.HHZ,0,up,21.29918670654297,1.8203125,18.703125
2277483,14687508,ZY.OCCM.EHZ,1,down,8.067349433898926,1.5595703125,7.5703125
942626,9171176,CI.LTC.EHZ,0,up,16.358739852905273,2.16015625,116.375
1056669,14376708,CI.BAC.EHZ,1,down,11.163678169250488,0.97998046875,26.21875
1382719,9718193,CI.EW2.EHZ,1,down,5.431108474731445,1.83984375,48.40625
1245449,14464344,PB.B082.EHZ,1,down,6.225353240966797,0.43994140625,14.9765625
1009971,14429848,CI.SGL.EHZ,1,down,14.680912971496582,2.2109375,55.4375
1754181,9706125,CI.RMR.EHZ,0,up,25.493391036987305,1.8095703125,46.21875
2174399,14076272,CI.SIL.EHZ,0,up,39.8429069519043,1.2001953125,2.6796875
2156542,14188796,CI.QAL.EHZ,0,up,5.628553867340088,1.169921875,39.0
556503,13939224,CI.SBPX.HHZ,0,up,2.2617688179016113,1.8701171875,19.34375
1000048,10985061,PB.B917.EHZ,0,up,26.74387550354004,1.91015625,80.25
555302,9158734,CI.WMF.EHZ,1,down,62.374046325683594,1.0,7.01171875
2119407,14283840,CI.WRV.EHZ,0,up,49.167842864990234,0.340087890625,9.53125
906951,12458008,CI.YMD.EHZ,0,up,33.11742401123047,2.7109375,82.9375
96996,14842956,CI.TOR.HHZ,1,down,8.071990013122559,0.759765625,31.015625
1178612,14041852,CI.WMF.EHZ,0,up,4.970747470855713,1.7001953125,27.25
1372935,9735137,CI.XTL.EHZ,1,down,44.08332061767578,2.08984375,39.3125
1781491,9964969,CI.HMT.EHZ,1,down,33.95743179321289,2.369140625,64.3125
791786,13909416,CI.LEO.EHZ,0,up,5.401249408721924,2.16015625,72.1875
2439976,10121625,CI.TEH.HHZ,0,up,10.002204895019531,1.5,79.6875
2026084,13970336,CI.DNR.HHZ,1,down,7.405930995941162,1.2998046875,48.125
1340614,11371058,CI.CBK.EHZ,0,up,127.43692016601562,3.2890625,2.990234375
1028207,10932221,AZ.BZN.HHZ,0,up,2.558293342590332,0.39990234375,8.6484375
1491550,10405873,PB.B093.EHZ,0,up,53.95648193359375,1.8203125,29.6875
2328598,15139473,CI.PMD.HHZ,1,down,347.9521484375,2.5703125,30.125
1946771,10379341,CI.POB.EHZ,1,down,20.072769165039062,1.3701171875,33.90625
1556780,13912484,CI.DEC.HHZ,0,up,3.8898448944091797,1.4697265625,34.90625
1832972,9757377,CI.RAY.EHZ,0,up,164.54750061035156,1.669921875,11.609375
2217252,15199577,EN.OBS.EHZ,1,down,559.9005126953125,3.94921875,19.453125
1840804,10536069,CI.DGR.HHZ,1,down,16.263769149780273,1.1103515625,42.5
1814399,14025908,AZ.SND.HHZ,0,up,10.476728439331055,1.5,48.53125
22915,10068537,CI.TPO.EHZ,0,up,136.36839294433594,2.16015625,25.90625
326161,10166401,CI.JRC2.HHZ,0,up,49.328277587890625,1.2900390625,20.859375
15043,9135636,CI.TPM.EHZ,1,down,11.702686309814453,1.599609375,20.671875
1791013,14067396,CI.TJR.EHZ,0,up,12.720130920410156,1.5,26.859375
1901633,10285209,CI.ERP.EHZ,0,up,10.634119987487793,1.7001953125,20.984375
1684118,9172800,CI.WRV.EHZ,0,up,7.1537861824035645,1.2998046875,44.75
2328385,9162846,CI.CDY.EHZ,0,up,221.97792053222656,1.2001953125,7.9296875
856059,9660821,CI.RMR.EHZ,0,up,22.539134979248047,1.6201171875,32.4375
1090813,10671885,CI.HYS.EHZ,0,up,20.813901901245117,1.41015625,22.1875
2122283,10892221,PB.B084.EHZ,1,down,12.98183822631836,0.489990234375,9.59375
1353354,14085380,CI.TEH.HHZ,1,down,137.6941375732422,1.240234375,9.5
274848,10319369,CI.JVA.HHZ,0,up,2.5760631561279297,1.0595703125,51.09375
2052539,14938492,CI.WES.HHZ,1,down,23.95132064819336,1.9296875,29.4375
295415,10439729,AZ.LVA2.HHZ,1,down,16.195396423339844,0.77001953125,36.21875
324875,9739641,CI.PLT.EHZ,0,up,7.3821258544921875,1.4501953125,67.3125
397268,10933037,CI.SDR.HHZ,0,up,4.387637138366699,0.89013671875,52.34375
1325146,10283085,CI.RMR.EHZ,0,up,50.33918380737305,1.5302734375,40.46875
2062106,10352545,CI.WVP.EHZ,0,up,30.541872024536133,1.8603515625,14.3984375
266804,9169708,CI.WNM.EHZ,0,up,3.502739667892456,1.3798828125,37.5625
1106018,10175590,CI.SWS.HHZ,1,down,2.020850419998169,1.91015625,30.09375
1312193,9613253,CI.WS2.EHZ,1,down,40.044185638427734,2.830078125,75.1875
615963,9855901,CI.TUQ.HHZ,1,down,92.36827087402344,2.779296875,77.4375
2263448,9774537,CI.BFS.HHZ,0,up,2.8727097511291504,1.669921875,54.25
2109719,11415722,CI.JVA.HHZ,0,up,3.3491010665893555,0.75,55.03125
321763,14205848,CI.WCS.EHZ,0,up,1.433579683303833,0.509765625,13.0390625
774484,14517068,AZ.WMC.HHZ,1,down,7.142270088195801,0.7900390625,16.953125
1281643,9156619,CI.WS2.EHZ,0,up,35.612857818603516,1.75,54.8125
484129,10347877,CI.SGL.EHZ,0,up,5.666264057159424,1.6103515625,47.96875
900090,14087952,AZ.SND.HHZ,0,up,36.99071502685547,1.2001953125,29.046875
567196,9987049,CI.FRK.EHZ,1,down,9.631613731384277,1.830078125,47.78125
1426591,15103620,CI.BLK.EHZ,1,down,14.327609062194824,1.9697265625,85.875
426385,14180884,CI.LTC.EHZ,1,down,20.087112426757812,1.759765625,59.375
2472764,14189148,AZ.HWB.HHZ,1,down,75.02458190917969,3.0390625,111.75
1358065,9797145,AZ.CRY.HHZ,1,down,120.08885192871094,2.939453125,59.9375
1351601,13966760,CI.COK.EHZ,1,down,16.012298583984375,1.580078125,20.234375
133955,10934141,AZ.CRY.HHZ,0,up,73.0477294921875,1.4697265625,24.296875
1153477,10671445,ZY.USG.EHZ,0,up,6.69644021987915,2.099609375,16.484375
2340428,10495341,PB.B087.EHZ,1,down,11.409652709960938,1.48046875,32.5
628718,10781149,CI.YUH.EHZ,0,up,15.433723449707031,1.6796875,66.5
2204294,10195770,CI.ERP.EHZ,1,down,2.31953501701355,1.9404296875,17.9375
516037,14039184,AZ.CRY.HHZ,1,down,119.66159057617188,2.55078125,84.125
174662,11366306,CI.SRT.EHZ,1,down,2.0200443267822266,0.7998046875,33.1875
2318102,14168972,CI.BOR.HHZ,0,up,12.257901191711426,1.9296875,28.5
430785,11363882,NC.MMI.EHZ,0,up,10.011595726013184,2.099609375,82.9375
2048601,14861820,CI.WES.HHZ,1,down,13.857304573059082,1.51953125,14.78125
847777,13951732,CI.EW2.EHZ,1,down,21.814138412475586,2.009765625,66.4375
1722494,10230069,CI.SAL.HHZ,0,up,7.8422441482543945,1.1201171875,32.8125
1489945,9170915,CI.POB.EHZ,1,down,6.547859191894531,1.6796875,47.9375
1416856,14491416,CI.SMR.HHZ,1,down,12.746688842773438,2.529296875,63.0
2433393,14514820,CI.PLM.HHZ,1,down,30.901987075805664,1.3203125,11.5234375
936671,9949837,CI.RAG.EHZ,0,up,16.331418991088867,1.4501953125,25.078125
61596,9678077,CI.TOW.EHZ,0,up,3.0841715335845947,1.08984375,27.796875
2021532,13947616,AZ.WMC.HHZ,1,down,10.361227989196777,1.990234375,78.5
2279775,9796725,CI.WRC.EHZ,0,up,4.938270092010498,1.400390625,62.09375
1214333,14395032,EN.RED.EHZ,1,down,265.1230163574219,1.2998046875,1.080078125
1696692,11421962,PB.B901.EHZ,0,up,14.047322273254395,1.4599609375,48.21875
478514,13962680,CI.TOW.EHZ,0,up,3.5663135051727295,1.330078125,26.375
1836933,13991932,WR.CSP.EHZ,0,up,2.85078763961792,1.5,46.84375
784741,9168540,CI.SUN.EHZ,1,down,7.196298599243164,1.669921875,50.3125
1548502,10354949,CI.PLM.HHZ,0,up,19.661561965942383,0.97021484375,41.15625
1604396,14558580,CI.RMR.EHZ,1,down,23.255409240722656,1.6103515625,64.75
1951035,14383044,CI.RMM.EHZ,1,down,7.843033313751221,1.5302734375,39.46875
142167,9721177,CI.RMM.EHZ,0,up,4.420706748962402,1.6201171875,73.125
324155,9723393,CI.CLC.EHZ,0,up,7.142805099487305,1.4501953125,35.03125
1851143,9986489,CI.MIR.EHZ,0,up,119.27474212646484,3.580078125,99.25
1029280,11079354,AZ.TRO.HHZ,0,up,11.752565383911133,1.5400390625,2.4609375
779331,9986677,CI.TA2.HHZ,0,up,27.057371139526367,3.080078125,52.90625
1570680,10793565,CI.DPP.HHZ,0,up,7.493871688842773,1.7802734375,101.1875
1155656,14441096,AZ.HWB.HHZ,1,down,39.53880310058594,2.560546875,65.4375
2013777,10222645,CI.OAT.EHZ,0,up,57.7609977722168,1.33984375,1.9697265625
1429304,9984253,CI.SIM.EHZ,0,up,2.79866361618042,2.650390625,57.4375
923572,10264989,AZ.LVA2.HHZ,0,up,56.49161148071289,1.58984375,96.0625
151360,10260729,AZ.PFO.HHZ,0,up,8.032483100891113,1.7001953125,35.625
2453987,10068949,CI.RMR.EHZ,0,up,10.81497573852539,0.81982421875,20.3125
849431,9677809,CI.WWP.EHZ,1,down,98.80445098876953,2.0390625,39.0625
1951543,14333792,CI.DVT.HHZ,0,up,19.633398056030273,2.099609375,35.9375
822086,10670293,ZY.WAGN.EHZ,0,up,6.96823787689209,1.26953125,21.84375
1650872,9735037,CI.SIL.EHZ,1,down,12.270519256591797,1.73046875,28.390625
1041414,13979972,CI.RAG.EHZ,0,up,33.86054992675781,1.51953125,19.0625
222078,14296288,CI.PLE.EHZ,0,up,410.35968017578125,3.560546875,17.359375
2374618,9676665,CI.WOF.EHZ,1,down,31.3138484954834,2.0390625,92.8125
1823198,9655873,CI.HMT.EHZ,0,up,24.27992820739746,3.08984375,51.9375
2332354,14186812,CI.SS2.EHZ,0,up,10.002933502197266,1.1796875,38.53125
1156566,9158919,CI.RAG.EHZ,1,down,16.302839279174805,1.5703125,20.25
549277,10768821,CI.DGR.HHZ,0,up,8.949579238891602,0.75,43.4375
1335115,12457816,CI.PLT.EHZ,0,up,82.02629089355469,2.869140625,75.75
2460221,10365977,CI.YUH.EHZ,1,down,88.21517181396484,1.7001953125,4.48828125
1088891,11069605,CI.DGR.HHZ,1,down,3.7770612239837646,0.93994140625,51.125
712128,10531541,PB.B081.EHZ,1,down,4.838031768798828,0.8701171875,39.15625
2251916,11416098,CI.IPT.HHZ,0,up,23.147689819335938,2.05078125,18.4375
2228687,9165664,CI.WAS.EHZ,1,down,82.47264099121094,2.9296875,86.25
2443078,14571892,CI.BLA2.HHZ,1,down,23.541126251220703,1.7802734375,51.09375
2304061,11052637,AZ.SND.HHZ,0,up,20.767684936523438,0.8798828125,14.96875
1965779,14217476,CI.EDW2.HHZ,0,up,4.450549602508545,0.830078125,47.25
715024,10168125,CI.BOR.HHZ,1,down,1.9824663400650024,0.9599609375,11.0625
2109556,11045309,CI.MWC.HHZ,0,up,18.361644744873047,2.4296875,42.59375
1659269,14718724,CI.TIN.HHZ,1,down,9.398242950439453,1.83984375,30.109375
72949,10930701,AZ.MONP2.HHZ,1,down,2.5103564262390137,1.5,70.1875
150084,9699313,CI.WVP.EHZ,0,up,38.58576965332031,0.64990234375,10.3671875
1340303,14137836,AZ.CRY.HHZ,0,up,31.306325912475586,1.009765625,7.6484375
1527751,9157467,AZ.SND.HHZ,1,down,107.70616912841797,1.76953125,11.5703125
1013037,10179313,CI.PEM.EHZ,0,up,15.080615043640137,2.0390625,51.46875
573959,10990853,CI.PLM.HHZ,0,up,107.68913269042969,2.009765625,44.59375
136884,10150777,CI.HYS.EHZ,1,down,81.9299545288086,2.05078125,25.4375
533392,10221169,AZ.WMC.HHZ,0,up,7.142548561096191,0.89013671875,41.53125
337870,14600428,CI.TOR.HHZ,1,down,6.660333156585693,1.509765625,65.4375
2056377,9799797,CI.BBR.HHZ,1,down,36.879825592041016,1.3095703125,23.609375
2176279,10053909,AZ.TRO.HHZ,1,down,22.52912139892578,2.2109375,60.5625
1349365,15184577,AZ.FRD.HHZ,1,down,10.224004745483398,1.669921875,57.53125
391435,11088458,AZ.PFO.HHZ,1,down,7.83743143081665,1.150390625,38.90625
2236890,10147705,AZ.SND.HHZ,0,up,29.402587890625,1.9501953125,68.6875
2237674,14996236,CI.RUN.EHZ,1,down,20.60299301147461,1.98046875,61.46875
1038,9713401,CI.CAP.HHZ,1,down,34.28636169433594,3.060546875,63.75
968828,13959328,CI.SGL.EHZ,1,down,5.990991115570068,1.2802734375,21.3125
1098172,10215113,AZ.RDM.HHZ,1,down,23.784177780151367,1.8095703125,6.5390625
1790339,14278084,AZ.FRD.HHZ,1,down,29.3746337890625,1.6201171875,95.0
52322,10861901,CI.BAR.HHZ,0,up,30.068275451660156,1.5595703125,94.125
1136958,10482157,CI.HOL.EHZ,1,down,10.783434867858887,1.8701171875,75.4375
2462446,13994468,AZ.BZN.HHZ,0,up,12.530906677246094,1.2998046875,23.453125
1821422,10368705,CI.BTP.HHZ,1,down,32.58266830444336,3.130859375,84.3125
1389353,10321161,CI.LMR2.HHZ,0,up,181.48086547851562,1.5302734375,12.4609375
314588,10790101,CI.HMT.EHZ,1,down,5.416070938110352,1.080078125,49.40625
1010823,10767877,AZ.FRD.HHZ,0,up,377.623291015625,3.060546875,118.6875
1215085,10535949,CI.SNO.HHZ,0,up,13.465943336486816,1.0595703125,12.46875
2472429,14185360,CI.TPM.EHZ,1,down,4.357789993286133,1.0,35.5
905052,11393914,AZ.CRY.HHZ,1,down,10.501453399658203,0.6298828125,13.953125
1018557,13985924,CI.SS2.EHZ,1,down,34.31663513183594,2.619140625,98.5
1229241,14166284,CI.JRC2.HHZ,0,up,8.474323272705078,0.6298828125,23.234375
719937,14471184,PB.B082.EHZ,1,down,20.22808837890625,0.759765625,15.921875
814570,14097688,AZ.SND.HHZ,0,up,7.611490726470947,1.009765625,22.65625
793495,14131684,CI.DNR.HHZ,1,down,16.44647979736328,1.8896484375,35.8125
2044118,14203356,CI.CTC.HHZ,1,down,29.854286193847656,2.490234375,51.46875
2137744,15202377,CI.RXH.HHZ,1,down,4.315972328186035,2.380859375,21.015625
970313,14585876,CI.CRG.EHZ,1,down,19.48943328857422,1.509765625,43.84375
1458585,11361362,CI.IDO.HHZ,0,up,2.7716386318206787,1.080078125,20.9375
696786,10786357,CI.WES.HHZ,0,up,3.281059980392456,1.33984375,31.984375
2337797,14295640,CI.POB.EHZ,0,up,201.44752502441406,4.26171875,68.8125
2277185,9166013,CI.RAY.EHZ,0,up,7.252498626708984,1.4296875,36.71875
1538043,14206756,CI.RMM.EHZ,0,up,46.32844161987305,2.970703125,100.75
1299308,10025233,CI.MCT.HHZ,0,up,6.678258895874023,1.2001953125,34.25
1994086,10181925,AZ.MONP.HHZ,0,up,2.2937533855438232,1.4296875,46.53125
519333,9758309,CI.TJR.EHZ,0,up,8.776360511779785,1.240234375,19.203125
419809,10379897,PB.B084.EHZ,1,down,15.361495018005371,0.97998046875,41.71875
500914,10349133,CI.WCH.EHZ,1,down,34.175262451171875,1.2099609375,8.6328125
228919,14685620,ZY.WAGN.EHZ,1,down,13.015741348266602,1.669921875,5.078125
617135,11367338,CI.POB.EHZ,0,up,4.932241439819336,0.7001953125,24.734375
170644,10370821,CI.MPM.HHZ,0,up,110.52734375,1.1103515625,18.984375
1452721,10904581,EN.RED.EHZ,0,up,59.156192779541016,1.349609375,4.140625
1951603,14622476,EN.ENG.EHZ,1,down,4.313541412353516,2.599609375,63.0
2421044,14237316,AZ.CRY.HHZ,0,up,47.738651275634766,1.1298828125,27.03125
712978,13971628,AZ.KNW.HHZ,1,down,610.373291015625,2.33984375,32.40625
607388,14347120,CI.POB.EHZ,1,down,1.7009114027023315,0.27001953125,39.3125
241115,10283537,CI.CHF.HHZ,0,up,11.513736724853516,1.73046875,57.1875
1955074,10320785,EN.YOU.EHZ,1,down,25.79586410522461,1.66015625,11.0078125
704382,14156612,CI.TPC.EHZ,0,up,20.981571197509766,1.3603515625,22.546875
639128,10786325,CI.SNO.HHZ,1,down,3.061711549758911,0.7998046875,36.125
502890,14216628,CI.SBPX.HHZ,0,up,9.551251411437988,1.599609375,17.296875
2442289,14595388,PB.B082.EHZ,1,down,56.41594314575195,1.580078125,39.40625
144017,10356585,CI.HOL.EHZ,1,down,5.96401309967041,1.1201171875,112.5
2273123,9701657,CI.BTL.EHZ,0,up,8.169276237487793,1.8798828125,51.75
394037,10481341,PB.B093.EHZ,0,up,41.653648376464844,2.08984375,87.125
626192,10671837,ZY.WAGN.EHZ,0,up,67.8550796508789,2.5,8.421875
2310240,10778085,PB.B921.EHZ,0,up,3.289736270904541,0.300048828125,23.796875
1918367,9878737,CI.TPM.EHZ,1,down,17.643375396728516,0.93017578125,29.078125
659831,13970924,CI.WMF.EHZ,1,down,310.4588623046875,1.0,1.919921875
704904,12535460,CI.RMM.EHZ,0,up,3.2117745876312256,1.5,36.03125
1075098,9143490,CI.TOW.EHZ,0,up,28.98198127746582,1.150390625,11.859375
1600497,13967012,CI.BAC.EHZ,1,down,7.9942545890808105,1.599609375,46.71875
403820,10793565,CI.WWC.HHZ,0,up,128.11473083496094,1.7802734375,22.328125
2014452,10356553,AZ.HWB.HHZ,1,down,12.272356986999512,1.7802734375,109.5
726707,9147641,CI.CHF.HHZ,0,up,618.6258544921875,2.509765625,17.390625
1142814,9701225,CI.DTP.EHZ,0,up,35.939517974853516,1.6201171875,28.40625
649360,14122256,CI.POB.EHZ,0,up,5.9117350578308105,1.33984375,69.6875
1959104,11048797,PB.B084.EHZ,1,down,9.8499174118042,0.759765625,31.6875
1903812,11003181,CI.WBM.EHZ,1,down,3.4967586994171143,0.9599609375,20.03125
1145657,13970968,CI.BAC.EHZ,0,up,25.30817985534668,1.5,29.71875
130501,9740657,CI.SBK.EHZ,0,up,51.8867301940918,2.470703125,59.90625
339835,14248668,CI.SUN.EHZ,0,up,13.183231353759766,1.919921875,40.46875
2031568,11071253,CI.WWP.EHZ,1,down,27.70829200744629,1.25,11.640625
727518,9134425,CI.RAG.EHZ,1,down,24.406124114990234,1.599609375,15.21875
1614054,10666477,AZ.LVA2.HHZ,1,down,16.68470001220703,0.669921875,17.34375
1557415,14087068,CI.EML.HHZ,0,up,19.751224517822266,0.97021484375,40.53125
1434416,9810061,CI.HYS.EHZ,1,down,8.392878532409668,1.900390625,106.25
1394379,13946056,CI.IRM.HHZ,0,up,4.705238342285156,1.0302734375,93.75
1924875,11129378,CI.CLI.EHZ,0,up,3.9218716621398926,0.990234375,13.96875
1201092,10317041,CI.MOP.HHZ,1,down,7.0656046867370605,2.30078125,63.875
2031248,10756109,AZ.KNW.HHZ,0,up,5.492578983306885,1.2802734375,87.375
1522097,9805921,CI.POB.EHZ,1,down,21.306852340698242,2.080078125,104.6875
148448,9683953,CI.TOW.EHZ,0,up,5.566744327545166,1.0400390625,21.546875
1134725,9138293,CI.FRG.EHZ,1,down,10.516214370727539,1.759765625,47.78125
1489804,9665449,CI.MLAC.HHZ,1,down,21.453283309936523,1.400390625,7.640625
1479269,14199788,CI.WHF.EHZ,0,up,82.22467803955078,3.16015625,56.9375
1614083,10166705,AZ.WMC.HHZ,0,up,18.316282272338867,1.23046875,9.25
117118,9658017,CI.MPM.HHZ,1,down,37.36847686767578,0.97998046875,19.65625
195484,9157464,CI.SBK.EHZ,1,down,40.32698059082031,2.640625,119.0
763108,10346285,CI.WMF.EHZ,0,up,5.497349262237549,2.25,75.5625
2145999,9169036,CI.TPC.EHZ,0,up,7.953948497772217,1.650390625,85.6875
2090436,9155341,CI.WMF.EHZ,1,down,16.668224334716797,1.1103515625,12.5
531499,9167670,AZ.LVA2.HHZ,1,down,12.953856468200684,1.7001953125,63.875
1991016,14099100,AZ.WMC.HHZ,0,up,58.062137603759766,2.1796875,14.828125
611139,10237937,CI.WBS.HHZ,1,down,16.214563369750977,3.23046875,51.125
506053,14244240,CI.CHF.HHZ,0,up,10.777997016906738,1.2001953125,31.5625
449442,11052517,CI.JVA.HHZ,0,up,84.30809020996094,1.6396484375,18.609375
739031,10259145,CI.SGL.EHZ,0,up,5.22698450088501,1.3701171875,29.359375
1780820,14097196,AZ.SND.HHZ,0,up,80.14985656738281,1.2998046875,18.734375
1273987,10262733,PB.B087.EHZ,1,down,18.794750213623047,0.89013671875,29.0
1660839,3323790,CI.TPM.EHZ,1,down,22.325273513793945,2.060546875,62.8125
2351478,13811656,CI.JCS.HHZ,1,down,15.922001838684082,1.3203125,31.765625
1091867,9683177,CI.WNM.EHZ,1,down,34.55058670043945,1.5,16.734375
2172673,10221441,CI.RAY.EHZ,0,up,17.422792434692383,1.3203125,40.40625
1490299,10980245,CI.WOF.EHZ,0,up,22.34832763671875,0.5,29.5
495856,9830305,CI.LUC.EHZ,0,up,3.358746290206909,2.609375,116.875
1763933,9719801,AZ.BZN.HHZ,0,up,19.21084213256836,1.9501953125,15.8203125
2320002,9851161,CI.EW2.EHZ,0,up,2.228590726852417,1.900390625,80.75
2220556,10936957,PB.B918.EHZ,1,down,5.597349166870117,1.0,56.75
95470,9677493,CI.CLC.EHZ,0,up,9.036704063415527,1.4501953125,31.9375
147811,9170257,CI.TPC.EHZ,1,down,29.640209197998047,1.9697265625,35.28125
506770,9687841,CI.JRC.HHZ,0,up,16.232860565185547,1.6298828125,10.078125
554787,14199252,CI.TPM.EHZ,0,up,8.21006965637207,1.7900390625,96.0625
1239724,10256953,CI.JRC2.HHZ,0,up,29.638803482055664,1.3798828125,32.03125
428149,15119513,AZ.CRY.HHZ,1,down,7.646726131439209,0.52978515625,35.0625
380560,14200244,AZ.KNW.HHZ,0,up,9.016453742980957,1.1796875,33.5625
524810,14938292,CI.WBM.EHZ,1,down,23.928537368774414,1.7001953125,20.578125
2043920,10622133,ZY.WAGN.EHZ,0,up,14.578676223754883,1.58984375,7.6796875
1250450,13938340,CI.RMM.EHZ,1,down,19.88401222229004,1.1904296875,41.4375
283448,9697829,CI.JUL.EHZ,1,down,14.297384262084961,0.93994140625,42.875
1557830,11241922,AZ.BZN.HHZ,0,up,1.939030408859253,0.91015625,18.90625
1157836,11333626,PB.B081.EHZ,1,down,12.672934532165527,0.75,26.5625
1052756,10185589,AZ.LVA2.HHZ,1,down,39.57181930541992,1.5400390625,67.875
2078422,11365866,CI.WMF.EHZ,0,up,22.910364151000977,1.0302734375,4.2109375
1491903,10798885,CI.CLC.HHZ,0,up,63.51643753051758,0.25,7.37890625
1002433,11249146,CI.BOR.HHZ,1,down,44.12930679321289,1.4501953125,44.09375
710968,13937576,CI.SIL.EHZ,1,down,18.396135330200195,1.01953125,4.44921875
2060716,9149178,CI.SWS.HHZ,1,down,15.802275657653809,4.73046875,112.6875
1981515,15188377,CI.DGR.HHZ,1,down,11.716739654541016,0.449951171875,25.09375
1405817,9158101,CI.WHF.EHZ,0,up,5.317619800567627,1.6298828125,60.03125
757666,10865493,CI.EML.HHZ,0,up,77.16426849365234,2.33984375,47.53125
1598792,14287844,CI.SRN.HHZ,0,up,170.38841247558594,2.55078125,4.87109375
1035938,10175310,CI.ERP.EHZ,0,up,2.6210246086120605,2.939453125,13.3828125
1383375,10184181,CI.VCS.HHZ,0,up,2.837590217590332,0.93994140625,8.203125
1183846,14179940,CI.CLI.EHZ,0,up,5.656829357147217,2.189453125,10.6171875
2366764,10959669,AZ.WMC.HHZ,0,up,3.679039239883423,0.5,17.15625
1812371,12883976,AZ.KNW.HHZ,0,up,18.852806091308594,1.7998046875,74.0
1509246,10525853,CI.RMR.EHZ,0,up,22.860061645507812,1.240234375,35.125
812925,14204912,CI.SME.EHZ,1,down,3.388911247253418,1.1904296875,60.125
397540,12458100,CI.BTC.HHZ,0,up,46.33503341674805,2.6796875,52.90625
1482649,9139550,CI.GRP.EHZ,0,up,12.096354484558105,2.359375,69.5
914996,10541605,CI.SNO.HHZ,1,down,10.888834953308105,1.740234375,42.03125
764749,10186597,CI.GOR.HHZ,0,up,26.508285522460938,3.0390625,103.375
273123,10778989,CI.ERR.HHZ,1,down,7.283728122711182,1.8701171875,57.4375
76244,9152562,CI.HMT.EHZ,1,down,5.417610168457031,1.3701171875,42.84375
198064,9856273,AZ.MONP.HHZ,0,up,28.32464027404785,3.25,78.6875
1379544,10547069,CI.PHL.HHZ,0,up,86.66413116455078,3.080078125,59.3125
1112309,10368545,CI.DEV.HHZ,1,down,9.683491706848145,2.16015625,34.875
903190,9988161,CI.RAG.EHZ,0,up,3.1556074619293213,1.400390625,53.65625
1236512,13999648,CI.MIR.EHZ,0,up,6.912421226501465,1.900390625,49.8125
41518,11273274,AZ.FRD.HHZ,0,up,75.88285064697266,0.97998046875,23.875
849152,9725557,CI.HYS.EHZ,0,up,17.484100341796875,2.08984375,58.53125
1101844,10276949,CI.SDG.HHZ,1,down,3.077005386352539,2.529296875,19.34375
1162320,9694141,CI.WMF.EHZ,1,down,10.921980857849121,1.5595703125,6.671875
1637293,10215717,CI.SNR.EHZ,1,down,31.6197509765625,2.44921875,10.03125
7601,14159544,CI.WOR.EHZ,0,up,12.332963943481445,1.2998046875,52.5625
1332265,10930101,CI.YUH.EHZ,1,down,149.3262176513672,3.2890625,44.5
391386,11011581,AZ.LVA2.HHZ,0,up,43.99968338012695,1.080078125,30.0625
1594279,10006293,CI.EW2.EHZ,0,up,4.9761199951171875,1.0302734375,26.265625
1565521,10525941,EN.RED.EHZ,1,down,18.44756317138672,0.39990234375,3.359375
634913,10992327,CI.WLH.EHZ,0,up,5.689898490905762,1.8896484375,41.75
676135,9172012,CI.THC.EHZ,0,up,39.38417053222656,1.599609375,14.7890625
1328727,9698105,AZ.RDM.HHZ,1,down,6.206361770629883,1.6298828125,54.03125
581743,9152639,CI.WRV.EHZ,0,up,166.03726196289062,1.4404296875,2.390625
1300157,10372585,CI.BAC.EHZ,1,down,18.391841888427734,0.97998046875,5.71875
1828321,11282594,AZ.FRD.HHZ,1,down,54.07145690917969,1.759765625,57.96875
478294,11414330,PB.B916.EHZ,0,up,19.63286781311035,1.4697265625,23.0625
914894,14120688,CI.CFT.EHZ,0,up,15.91944408416748,1.4501953125,15.453125
544204,14147276,CI.JCS.HHZ,1,down,39.68572998046875,2.41015625,63.15625
997621,9150367,CI.CLI.EHZ,0,up,28.124189376831055,2.990234375,10.96875
1269947,10183001,CI.BAT.EHZ,0,up,3.2052595615386963,1.419921875,65.4375
2456510,9168378,CI.IKP.EHZ,0,up,84.19317626953125,2.75,79.75
2463404,10737869,CI.PLM.HHZ,0,up,9.041338920593262,1.0302734375,41.3125
1277067,10932493,CI.CLI.EHZ,0,up,7.661918640136719,1.0,10.25
462845,9772729,CI.HMT.EHZ,0,up,9.119607925415039,1.98046875,116.25
526332,9851417,AZ.BZN.HHZ,0,up,35.285709381103516,1.1201171875,13.671875
1769558,10355005,CI.LEO.EHZ,1,down,27.872663497924805,1.5703125,42.1875
2263500,11336346,AZ.FRD.HHZ,1,down,7.082752227783203,0.85986328125,52.65625
2139365,14311292,AZ.BZN.HHZ,0,up,20.919313430786133,1.330078125,26.21875
2024678,10963781,CI.SDR.HHZ,0,up,7.646317958831787,2.609375,61.65625
703724,11671524,CI.WCH.EHZ,0,up,39.90516662597656,2.140625,29.171875
115322,10348773,CI.SS2.EHZ,1,down,4.1199541091918945,1.1298828125,23.90625
1618015,9991957,CI.YUH.EHZ,0,up,115.4706802368164,1.2998046875,5.44921875
1949341,14164892,CI.POB.EHZ,0,up,16.36090087890625,1.150390625,29.9375
2383460,10167629,CI.WRC.EHZ,0,up,68.357421875,2.220703125,37.0
1157014,10319717,PB.B082.EHZ,0,up,12.385387420654297,0.509765625,13.4765625
582498,10983877,CI.CLC.HHZ,0,up,187.6387481689453,1.2001953125,16.328125
1760408,10013689,CI.GTM.EHZ,1,down,8.433243751525879,0.9501953125,15.1328125
1700362,10296409,WR.CSP.EHZ,0,up,10.47934341430664,1.1904296875,20.953125
2086430,10930517,AZ.FRD.HHZ,0,up,6.338048934936523,0.01000213623046875,2.890625
1558363,10067701,CI.BAC.EHZ,1,down,6.367888450622559,1.5302734375,47.46875
1353437,10317281,AZ.CRY.HHZ,0,up,116.79964447021484,1.41015625,30.625
467599,11371650,CI.CBK.EHZ,0,up,88.04955291748047,1.7099609375,1.9404296875
605346,9172901,CI.CFL.EHZ,1,down,5.205366611480713,1.41015625,34.875
1494362,14187156,CI.TEH.HHZ,1,down,21.857383728027344,1.9501953125,61.21875
1334620,11023101,CI.EMS.EHZ,0,up,8.640453338623047,2.23046875,75.5
1617019,9691225,CI.RMM.EHZ,1,down,103.77471923828125,2.380859375,34.59375
706230,11383786,CI.DGR.HHZ,0,up,19.03536605834961,0.85986328125,44.46875
590815,10835501,PB.B093.EHZ,0,up,140.24249267578125,1.26953125,13.2890625
1191752,11327386,CI.RMM.EHZ,1,down,136.43368530273438,3.41015625,113.4375
1147655,9146883,CI.RMR.EHZ,0,up,8.937926292419434,1.759765625,54.375
663562,9805625,CI.JVA.HHZ,1,down,3.8822057247161865,2.140625,57.9375
1135872,9709853,CI.BBR.HHZ,0,up,4.651278495788574,1.5,14.8515625
261662,15155393,CI.DTP.EHZ,1,down,7.701972961425781,2.140625,108.1875
1586771,9158635,CI.RMR.EHZ,1,down,5.8868727684021,1.7802734375,50.4375
2315456,14618268,CI.CRR.EHZ,1,down,42.91534423828125,2.7109375,34.25
1069621,14209040,CI.SRT.EHZ,0,up,6.745396137237549,2.119140625,72.125
1548926,10791717,CI.PER.HHZ,0,up,13.978225708007812,2.859375,29.171875
2428843,10588981,ZY.WAGN.EHZ,0,up,15.650899887084961,1.5302734375,11.921875
1182151,10790445,PB.B093.EHZ,1,down,5.894626617431641,0.85009765625,71.4375
1383489,14199188,CI.BTL.EHZ,1,down,63.08247375488281,1.4599609375,6.7890625
1788564,10234961,SB.WLA.HLZ,1,down,78.6803970336914,2.369140625,15.3515625
671138,11209466,CI.SCZ2.HHZ,0,up,12.861881256103516,3.029296875,79.5625
816618,14197988,CI.SES.HHZ,1,down,27.174301147460938,3.01953125,68.0625
1598145,14006872,CI.TJR.EHZ,1,down,1.9139150381088257,1.8603515625,25.59375
649447,10065313,AZ.KNW.HHZ,1,down,7.58364725112915,1.16015625,34.625
1612771,14618108,AZ.MONP2.HHZ,1,down,9.530466079711914,2.529296875,83.25
1006829,13179432,CI.MPM.HHZ,0,up,18.018329620361328,0.8798828125,31.671875
630707,11087314,AZ.HWB.HHZ,0,up,24.351131439208984,2.529296875,117.875
1970951,10479285,CI.TER.EHZ,1,down,5.693081378936768,2.2890625,71.6875
67338,10079037,CI.DTP.EHZ,0,up,98.29139709472656,1.8701171875,29.984375
1069376,11672260,CI.WCS.EHZ,1,down,5.870436668395996,0.7001953125,10.0625
688424,11035781,CI.RXH.HHZ,0,up,2.894564151763916,0.5,1.4599609375
747795,14237200,CI.YUH.EHZ,1,down,68.53292083740234,2.19921875,67.625
619050,11103346,CI.TOR.HHZ,0,up,2.603847026824951,0.280029296875,36.21875
1275636,14184440,AZ.BZN.HHZ,1,down,14.022397994995117,1.990234375,87.5
2017167,13938988,CI.GTM.EHZ,0,up,3.3714449405670166,1.6904296875,44.375
1847629,9155472,CI.SIL.EHZ,0,up,6.022594451904297,1.0,14.8828125
626380,9170503,CI.YUH.EHZ,0,up,103.09437561035156,1.599609375,12.7109375
1340779,14201144,CI.WRV.EHZ,0,up,12.535971641540527,0.5,8.3515625
1283775,9689317,CI.WNM.EHZ,1,down,16.88920021057129,1.5,24.046875
2181897,9688709,NN.QSM.EHZ,1,down,176.0714874267578,3.619140625,90.75
1807066,10929405,AZ.FRD.HHZ,0,up,6.466636657714844,0.6201171875,57.5
1151957,13973492,CI.CGO.HHZ,0,up,5.055898666381836,1.33984375,45.125
1654556,14095748,CI.ARV.HHZ,0,up,4.5011467933654785,1.599609375,34.1875
672794,10722525,AZ.CRY.HHZ,1,down,6.491280555725098,0.60009765625,18.1875
2218838,14239008,CI.POB.EHZ,0,up,151.5146484375,2.099609375,39.71875
974529,10179209,CI.POB.EHZ,1,down,9.719714164733887,1.6396484375,46.21875
1055276,11394290,PB.B087.EHZ,0,up,5.114408016204834,0.389892578125,10.15625
1979623,9982201,AZ.FRD.HHZ,1,down,14.0601167678833,2.099609375,75.375
767434,14186396,CI.WI2.EHZ,1,down,11.157205581665039,1.8603515625,11.0390625
1585885,14277368,CI.CCA.EHZ,1,down,14.152888298034668,1.7998046875,31.8125
1290503,10266277,PB.B084.EHZ,1,down,28.998414993286133,1.6904296875,50.40625
270457,9690585,CI.WMF.EHZ,0,up,32.96920394897461,0.7998046875,10.703125
1945342,14149032,CI.JVA.HHZ,0,up,1.4388885498046875,1.169921875,13.6015625
1592366,10631917,CI.WOF.EHZ,1,down,8.799985885620117,1.8603515625,95.25
19987,10440865,AZ.FRD.HHZ,0,up,22.789045333862305,1.4697265625,57.09375
1246272,10171622,CI.COA.EHZ,0,up,4.985048770904541,3.359375,70.9375
436327,14064540,CI.WSH.EHZ,1,down,36.633113861083984,1.3603515625,37.5625
973078,10738661,CI.PLM.HHZ,0,up,164.29641723632812,1.919921875,39.59375
1010782,13936884,CI.WRC.EHZ,0,up,12.000794410705566,0.56982421875,12.1328125
2114075,9688389,CI.WAS.EHZ,0,up,4.318536758422852,1.259765625,69.5625
725786,11328266,PB.B084.EHZ,1,down,7.851856708526611,0.5,14.21875
742203,9996629,CI.WRV.EHZ,1,down,492.49786376953125,1.6796875,12.65625
646004,9733645,CI.TOW.EHZ,0,up,24.064355850219727,1.900390625,29.6875
1113540,10404321,CI.RYS.EHZ,1,down,22.60628318786621,2.470703125,78.0
2082535,9173505,CI.WSH.EHZ,0,up,10.188177108764648,1.01953125,25.125
206206,11348170,CI.CGO.HHZ,1,down,13.534852981567383,1.099609375,18.125
1271417,9157463,CI.WVP.EHZ,0,up,11.35887622833252,1.2001953125,12.75
371663,14091244,CI.SUN.EHZ,0,up,44.47608184814453,1.830078125,24.203125
2380367,9629793,CI.SS2.EHZ,1,down,11.913363456726074,1.8603515625,53.3125
1224264,14216012,CI.LEO.EHZ,0,up,6.080721378326416,1.2802734375,31.515625
3801,10785893,AZ.CRY.HHZ,0,up,1.8445419073104858,0.18994140625,24.375
164684,11338874,BC.RMX.HHZ,1,down,2.91202449798584,1.650390625,42.625
1033829,9640969,CI.WNM.EHZ,0,up,3.9415130615234375,1.900390625,34.5625
872136,11272514,CI.TEJ.EHZ,1,down,6.618464946746826,1.0400390625,40.375
1720525,14207768,CI.WRC.EHZ,0,up,37.62998580932617,1.7900390625,27.875
2376328,14006400,CI.EW2.EHZ,1,down,22.496503829956055,2.869140625,79.8125
2411441,11133618,CI.RMR.EHZ,1,down,55.05754089355469,1.349609375,31.984375
692395,14262820,AZ.PFO.HHZ,1,down,7.035534381866455,0.7001953125,21.6875
91653,14957500,AZ.LVA2.HHZ,1,down,140.7872314453125,2.169921875,36.28125
327573,14738844,CI.SGL.EHZ,1,down,11.84814453125,1.5302734375,4.05859375
1462857,9828329,CI.LDR.HHZ,1,down,10.817079544067383,1.849609375,44.90625
1262554,14958556,EN.YOU.EHZ,1,down,3.186776876449585,0.5,7.55859375
2176270,14311332,CI.MPM.HHZ,0,up,7.332089900970459,0.01000213623046875,25.78125
603371,11050693,AZ.KNW.HHZ,0,up,27.75541877746582,1.240234375,49.0
302259,10751317,PB.B087.EHZ,1,down,2.6684234142303467,1.1201171875,39.15625
1015966,10215517,CI.PLM.HHZ,0,up,36.196380615234375,1.3701171875,23.984375
555171,9675669,CI.WRV.EHZ,1,down,32.580810546875,1.099609375,3.259765625
505527,9634237,AZ.FRD.HHZ,0,up,25.518232345581055,1.349609375,21.96875
1030136,9927661,CI.SS2.EHZ,1,down,4.10099458694458,1.4404296875,53.25
2394956,14137964,CI.RMR.EHZ,1,down,46.3609504699707,1.2802734375,24.90625
1361598,11366042,CI.JRC2.HHZ,0,up,78.94084930419922,1.599609375,18.859375
1516705,14160972,CI.POB.EHZ,1,down,9.469270706176758,0.81982421875,46.15625
603506,10330433,AZ.BZN.HHZ,1,down,37.62217712402344,2.33984375,58.96875
598274,11336186,CI.SLB.HHZ,0,up,6.457398891448975,2.609375,56.375
111844,9887769,CI.TEJ.EHZ,1,down,180.19406127929688,1.580078125,9.5703125
1520585,11129418,CI.WAS.EHZ,1,down,11.94997501373291,1.3896484375,26.53125
836677,9167512,CI.TPO.EHZ,0,up,14.594761848449707,1.6201171875,52.3125
112988,13953284,CI.SGL.EHZ,0,up,16.917381286621094,1.8701171875,41.84375
1940450,15019444,CI.CBK.EHZ,1,down,9.655999183654785,0.7001953125,10.6875
2351316,10893493,CI.DNR.HHZ,0,up,20.06093978881836,1.7802734375,14.453125
635193,10202193,CI.JVA.HHZ,0,up,10.589019775390625,2.470703125,74.125
502086,10000185,CI.WMF.EHZ,0,up,7.159317493438721,0.39990234375,13.0703125
2133536,10727837,PB.B087.EHZ,0,up,12.942462921142578,0.5400390625,21.421875
1174790,9171620,CI.GAV.EHZ,0,up,7.039633750915527,2.130859375,49.875
1660186,13966368,CI.CLI.EHZ,1,down,10.007037162780762,1.33984375,21.8125
816823,14062812,CI.SME.EHZ,0,up,8.064290046691895,1.4599609375,50.28125
2393503,10184265,CI.RMM.EHZ,0,up,3.0146408081054688,1.9404296875,89.0625
2478395,10230337,CI.ALV.EHZ,1,down,11.096741676330566,1.76953125,71.0
917833,11047189,CI.CLC.HHZ,1,down,61.19321060180664,0.83984375,19.40625
1961495,14884732,CI.TEH.HHZ,1,down,131.62991333007812,2.5390625,68.4375
1606395,9804897,CI.WRV.EHZ,0,up,3.731647491455078,2.0,17.421875
1570255,10298125,AZ.WMC.HHZ,0,up,77.3235092163086,1.259765625,13.421875
500379,12319440,CI.PLM.HHZ,0,up,11.489412307739258,1.5,46.5
1106180,12995432,AZ.CRY.HHZ,0,up,32.212154388427734,0.7998046875,15.3125
802169,9798013,CI.WMF.EHZ,0,up,69.50871276855469,0.85009765625,13.5625
1850984,15010284,EN.OBS.EHZ,1,down,65.21479797363281,1.6904296875,1.9697265625
254856,9828869,CI.CRR.EHZ,0,up,15.775765419006348,1.7802734375,85.125
2435504,10400793,CI.RAG.EHZ,1,down,72.18936157226562,3.0703125,22.8125
2142836,11322242,CI.HEC.HHZ,0,up,2.162870407104492,1.7197265625,42.4375
621244,10737413,CI.BLA2.HHZ,1,down,107.14105987548828,2.7109375,76.0
408243,14296288,CI.FOX.EHZ,0,up,46.88567352294922,3.560546875,91.75
2114223,14189588,CI.VVD.EHZ,0,up,71.42997741699219,2.529296875,25.703125
549148,11339002,CI.POB.EHZ,0,up,4.322385787963867,0.759765625,47.90625
619001,14004724,CI.TAB.EHZ,0,up,40.87419128417969,2.4609375,65.875
1744943,10356025,CI.CLC.HHZ,0,up,15.031560897827148,1.9599609375,115.25
665265,15187993,PB.B081.EHZ,1,down,6.01770544052124,0.01000213623046875,6.171875
2090161,10960557,AZ.SND.HHZ,1,down,8.080802917480469,0.5,15.71875
1701224,10224697,AZ.SND.HHZ,0,up,15.821111679077148,0.91015625,11.5390625
919519,14343476,CI.SNR.EHZ,1,down,3.603677988052368,1.23046875,19.109375
765590,14026696,CI.FUR.HHZ,0,up,4.925467014312744,2.509765625,55.9375
993958,10997357,AZ.SND.HHZ,1,down,3.3451762199401855,0.8701171875,45.65625
849870,12359428,CI.BTC.HHZ,1,down,5.566221237182617,2.58984375,69.25
70148,9692713,CI.BTP.HHZ,0,up,7.681125164031982,1.419921875,26.015625
1369276,9158929,CI.RUN.EHZ,0,up,7.85117769241333,2.19921875,61.375
333594,9941865,AZ.KNW.HHZ,1,down,15.961519241333008,1.8095703125,32.875
732118,13940936,AZ.SND.HHZ,1,down,4.348782539367676,1.259765625,34.6875
1640105,9662973,CI.WIN.EHZ,0,up,6.015340328216553,1.2900390625,22.34375
2483781,12880148,CI.TPC.EHZ,1,down,2.501908779144287,1.599609375,51.1875
1579946,14957812,CI.SDR.HHZ,1,down,17.633052825927734,1.5498046875,79.8125
2282693,11412770,CI.PEM.EHZ,1,down,63.39345169067383,1.91015625,40.84375
1480348,10185134,CI.CRR.EHZ,1,down,13.185422897338867,1.7900390625,20.0
581847,9141701,CI.RMR.EHZ,1,down,18.75023078918457,1.259765625,38.375
1823077,11005021,CI.TOR.HHZ,1,down,14.953319549560547,0.85986328125,31.875
1704387,10621133,CI.SGL.EHZ,1,down,22.713804244995117,2.759765625,63.15625
794561,11379706,AZ.PFO.HHZ,0,up,25.108501434326172,0.27001953125,11.21875
2188254,10354521,CI.BLC.EHZ,1,down,17.345640182495117,1.9599609375,39.625
564629,14372736,EN.ENG.EHZ,1,down,116.05525207519531,2.6796875,12.0
655766,10274593,CI.SIL.EHZ,1,down,3.0064597129821777,2.119140625,56.25
1419202,14088496,CI.PDU.HHZ,0,up,2.827681541442871,1.759765625,35.15625
1204945,10869853,AZ.FRD.HHZ,1,down,4.749383449554443,0.8798828125,59.375
1093787,14064852,CI.WRV.EHZ,0,up,59.10696792602539,1.400390625,5.21875
2424595,9718441,CI.WIN.EHZ,0,up,84.57919311523438,1.8701171875,59.03125
2465,11249778,CI.BBR.HHZ,1,down,10.804293632507324,2.0,32.375
828364,10483725,CI.YMD.EHZ,0,up,15.033477783203125,1.830078125,84.0625
223815,10043093,CI.CCC.HHZ,1,down,7.237855911254883,1.01953125,38.78125
282502,11009941,AZ.LVA2.HHZ,1,down,18.567148208618164,2.119140625,108.625
2071172,15198609,EN.HAT.EHZ,1,down,12.547913551330566,1.91015625,18.28125
1170410,10743349,CI.MPM.HHZ,0,up,30.229944229125977,1.08984375,20.234375
923869,10313741,CI.SGL.EHZ,0,up,22.095905303955078,1.7001953125,48.03125
1441955,9917249,CI.BAC.EHZ,0,up,44.69796371459961,0.85986328125,12.6484375
2277551,14178052,CI.WHF.EHZ,1,down,49.293792724609375,1.5703125,61.625
1003828,9879605,CI.RAG.EHZ,1,down,30.72981834411621,1.4697265625,15.8203125
2225421,9666481,AZ.FRD.HHZ,0,up,36.16250991821289,1.1796875,26.296875
794787,9164721,CI.WCS.EHZ,0,up,7.033483982086182,1.1396484375,8.046875
521703,10456021,AZ.LVA2.HHZ,0,up,15.338172912597656,0.97021484375,12.171875
1251146,9996585,CI.SRT.EHZ,1,down,32.94894027709961,1.9501953125,7.80078125
1644428,9170235,CI.XMS.EHZ,0,up,6.5011444091796875,2.349609375,70.9375
2209980,10728373,CI.SDR.HHZ,1,down,6.7380781173706055,1.4697265625,108.5
2722,9723525,CI.OLY.EHZ,0,up,2.299860954284668,0.68017578125,52.53125
1443324,15198817,EN.HAT.EHZ,1,down,7.954722881317139,2.470703125,18.65625
1547282,14386260,AZ.RDM.HHZ,1,down,32.85159683227539,1.1396484375,6.8515625
1726835,11283938,CI.DTP.EHZ,0,up,8.730255126953125,1.0498046875,49.65625
57281,14147928,CI.RAY.EHZ,1,down,13.372113227844238,0.93994140625,11.640625
2435343,10860621,PB.B086.EHZ,0,up,15.024959564208984,1.5400390625,14.1484375
2352220,3329652,CI.SKY.EHZ,0,up,5.158803462982178,1.5,32.625
2343337,10146925,CI.WNM.EHZ,1,down,6.989237308502197,1.8095703125,92.875
1651497,10962501,AZ.LVA2.HHZ,0,up,36.393463134765625,1.4599609375,41.09375
2043450,14691092,ZY.OCCM.EHZ,1,down,92.87960815429688,2.01953125,32.75
1540806,14163352,CI.WRC.EHZ,0,up,48.33565139770508,0.580078125,7.23828125
522314,9875685,CI.BEL.HHZ,0,up,8.198657035827637,1.6201171875,38.71875
1611741,14608748,CI.COK.EHZ,1,down,3.2782795429229736,2.98046875,32.0
1267367,9650017,CI.WOF.EHZ,1,down,21.187509536743164,1.419921875,22.984375
773168,10596349,PB.B916.EHZ,1,down,37.729949951171875,1.3798828125,23.484375
517987,11248738,CI.WRC.EHZ,1,down,3.363910436630249,0.7001953125,22.4375
1138885,9619077,CI.SKY.EHZ,1,down,13.11807632446289,1.6201171875,62.59375
496252,14205812,CI.JNH.EHZ,0,up,23.978683471679688,1.4404296875,52.78125
76836,14386632,CI.SPF.HHZ,1,down,44.92423629760742,1.2998046875,11.1328125
2382187,14325148,AZ.KNW.HHZ,0,up,193.19229125976562,1.3701171875,21.6875
585783,9793573,AZ.SND.HHZ,1,down,19.840497970581055,1.5595703125,67.9375
1168844,10066545,CI.WBS.HHZ,0,up,1.4454472064971924,1.2001953125,51.75
139832,13966100,CI.SAL.HHZ,1,down,1.8430358171463013,1.7001953125,32.0625
1183717,11103474,CI.DGR.HHZ,1,down,3.415152072906494,0.47998046875,45.09375
793443,11207082,CI.RVR.HHZ,0,up,8.458337783813477,0.85009765625,12.1875
910999,14844508,CI.MSC.HHZ,1,down,20.2158203125,0.77001953125,12.8125
757088,9654057,CI.WLH.EHZ,0,up,5.613456726074219,1.7197265625,45.96875
815715,7193275,CI.MPM.HHZ,0,up,36.5910758972168,1.2998046875,11.53125
755666,14080608,CI.AGA.HHZ,1,down,11.511609077453613,0.469970703125,17.015625
1597988,9677965,CI.WCS.EHZ,0,up,4.77164363861084,0.7998046875,10.171875
2316959,14289588,CI.PLM.HHZ,0,up,10.333194732666016,1.2001953125,45.625
2090345,14218400,CI.BLK.EHZ,1,down,5.114666938781738,1.419921875,51.59375
387817,11027605,CI.JVA.HHZ,0,up,11.475074768066406,2.759765625,83.8125
1024293,10233137,CI.HEC.HHZ,1,down,96.17849731445312,2.390625,15.8671875
384868,14597668,AZ.PFO.HHZ,1,down,15.308893203735352,0.81982421875,16.9375
14597,11209170,PB.B082.EHZ,0,up,150.65203857421875,3.41015625,100.875
2041614,10908445,CI.CTC.HHZ,0,up,1.6557295322418213,0.89990234375,25.53125
1721090,11248055,CI.WNM.EHZ,1,down,25.671110153198242,2.099609375,18.203125
2448563,10227305,AZ.LVA2.HHZ,0,up,6.859740734100342,1.0,46.28125
1266288,9796673,CI.FRK.EHZ,1,down,10.769853591918945,1.5498046875,60.25
1236342,14099036,AZ.PFO.HHZ,1,down,21.86833953857422,1.58984375,14.0390625
1103493,9135083,CI.OLY.EHZ,0,up,15.517766952514648,1.400390625,35.5625
853374,14620228,CI.EMS.EHZ,1,down,35.12622833251953,3.150390625,70.3125
559453,12451712,CI.WMF.EHZ,1,down,140.47918701171875,1.349609375,9.3828125
1286385,14606004,AZ.CRY.HHZ,1,down,12.352278709411621,1.1298828125,19.703125
2309110,10780149,CI.TPO.EHZ,1,down,7.95680570602417,1.5400390625,53.09375
418878,14884436,CI.SVD.HHZ,1,down,9.84439754486084,1.7197265625,27.5625
120889,11046493,CI.POB.EHZ,0,up,26.586883544921875,0.47998046875,15.390625
1919801,9608509,CI.FOX.EHZ,1,down,4.587817668914795,2.900390625,106.3125
1932540,10180877,CI.YUH.EHZ,1,down,60.255977630615234,1.8203125,66.9375
1549761,15010068,CI.HMT.EHZ,1,down,1.6819143295288086,0.489990234375,35.34375
2061109,14241316,CI.MLAC.HHZ,1,down,8.343297004699707,1.5,12.0
101092,10069221,CI.HOL.EHZ,0,up,39.19928741455078,1.7197265625,50.71875
1525584,13930360,CI.WMF.EHZ,0,up,42.06584167480469,2.759765625,115.0625
946676,9170508,CI.GTM.EHZ,0,up,28.104536056518555,2.80078125,101.875
1571138,10584901,ZY.PNTO.EHZ,1,down,64.80094909667969,2.0390625,5.7109375
2357594,13962384,CI.SIL.EHZ,0,up,16.35910415649414,2.560546875,31.296875
1310935,14314184,AZ.LVA2.HHZ,0,up,29.121095657348633,1.419921875,20.828125
168678,14085844,CI.WCH.EHZ,1,down,7.211005687713623,1.400390625,36.9375
2046448,13907452,CI.SKY.EHZ,0,up,64.25890350341797,1.6796875,26.546875
1645481,14026808,AZ.CRY.HHZ,0,up,3.5457375049591064,0.47998046875,27.734375
1268263,9148509,CI.GTM.EHZ,0,up,8.535202980041504,1.9501953125,29.40625
2421503,14396312,AZ.CRY.HHZ,1,down,14.066703796386719,1.1796875,42.90625
354439,14685220,ZY.WAGN.EHZ,1,down,98.86922454833984,2.76953125,2.75
716083,14151816,AZ.KNW.HHZ,1,down,14.903267860412598,1.83984375,25.765625
258794,10347173,CI.TA2.HHZ,0,up,2.039900779724121,1.1796875,63.90625
460324,10892461,CI.STC.HHZ,0,up,7.216405391693115,1.9697265625,84.6875
2089856,14343036,CI.SME.EHZ,0,up,35.4906120300293,1.669921875,12.28125
1106000,10991173,CI.JRC2.HHZ,0,up,61.372047424316406,0.1400146484375,6.19921875
1334090,10095449,CI.OAT.EHZ,0,up,106.63235473632812,2.759765625,28.8125
1875185,9737725,CI.PSP.EHZ,1,down,7.1611151695251465,2.869140625,107.0
854693,10663805,ZY.USG.EHZ,0,up,13.7713041305542,1.919921875,18.203125
709432,9150544,CI.RVR.EHZ,1,down,64.87969207763672,2.009765625,11.59375
796346,10184429,CI.EML.HHZ,1,down,13.661733627319336,2.740234375,73.0
189518,12619436,AZ.RDM.HHZ,0,up,18.608463287353516,3.0703125,111.3125
830011,11103346,AZ.FRD.HHZ,0,up,17.9234561920166,0.280029296875,9.6171875
1651941,11405762,AZ.CRY.HHZ,1,down,16.282787322998047,0.85986328125,9.90625
1695234,10166201,CI.BOR.HHZ,0,up,5.993086338043213,0.64990234375,24.4375
320322,10616749,ZY.PNTO.EHZ,1,down,44.98672866821289,2.0390625,33.90625
294822,10150685,CI.BAT.EHZ,0,up,28.54327392578125,1.9296875,37.375
1587077,14334508,PG.PS.EHZ,1,down,22.621435165405273,2.380859375,51.0625
1841088,9878677,CI.WAS.EHZ,0,up,8.695329666137695,1.6298828125,47.90625
1496739,11328562,PB.B081.EHZ,0,up,8.652284622192383,0.75,9.40625
2204028,9713713,CI.SND.EHZ,0,up,2.9127275943756104,1.0,38.0625
2248563,10839685,CI.XTL.EHZ,1,down,38.98194122314453,2.150390625,76.625
74627,15153417,CI.SME.EHZ,1,down,2.924888849258423,0.75,54.0
1570929,9950161,CI.CRR.EHZ,0,up,6.235718727111816,1.830078125,88.1875
2174731,10495853,CI.PLM.HHZ,0,up,9.016985893249512,1.240234375,55.09375
169676,13912472,CI.WCS.EHZ,1,down,9.555630683898926,1.3701171875,12.2890625
1916432,9812581,CI.CBK.EHZ,0,up,12.846151351928711,0.81982421875,34.875
786776,14311156,CI.TPO.EHZ,0,up,12.857516288757324,2.19921875,67.5625
1616066,14087008,CI.MCT.HHZ,0,up,4.363242149353027,2.08984375,97.5625
2435206,14683604,ZY.OCCM.EHZ,1,down,56.830570220947266,1.650390625,4.6796875
1399162,10900573,CI.BAC.EHZ,0,up,2.687866687774658,0.429931640625,23.3125
1356852,9171273,CI.JRC.HHZ,0,up,12.347504615783691,1.599609375,10.640625
504811,9881029,CI.WHF.EHZ,0,up,30.417133331298828,1.6904296875,49.34375
2390357,13939812,CI.HYS.EHZ,0,up,90.97593688964844,1.9599609375,21.34375
1823104,10478813,CI.HMT.EHZ,0,up,16.376710891723633,1.8603515625,60.65625
1921704,10147753,CI.RMR.EHZ,1,down,5.2300238609313965,0.91015625,63.5
1712948,14342772,CI.WWP.EHZ,0,up,2.420480966567993,1.3701171875,37.71875
1208134,9645641,CI.JRC.HHZ,0,up,22.692691802978516,2.7890625,47.46875
1423058,11091330,PB.B093.EHZ,0,up,3.1219279766082764,-0.1300048828125,4.16015625
1239094,13948724,CI.CRN.HLZ,1,down,8.331721305847168,2.419921875,16.875
379277,11395450,AZ.PFO.HHZ,1,down,19.789777755737305,0.85009765625,12.2734375
681322,9996317,CI.DSC.HHZ,1,down,177.36724853515625,3.169921875,101.3125
2192183,11047869,CI.CLI.EHZ,0,up,8.93416976928711,1.4501953125,11.8828125
1950309,10356073,CI.TJR.EHZ,0,up,21.663238525390625,2.349609375,63.3125
1115941,9162844,CI.AGA.HHZ,0,up,18.05095672607422,3.640625,115.9375
1112240,14079768,CI.SPG.HHZ,0,up,7.204509735107422,1.2998046875,45.78125
767907,10166961,CI.WMF.EHZ,1,down,83.00110626220703,0.7001953125,3.73046875
2279790,10655973,CI.MUR.HHZ,0,up,8.647905349731445,1.1103515625,5.98046875
1420484,10925245,NP.5062.HLZ,1,down,233.79840087890625,2.859375,3.9609375
563780,9164169,CI.TAB.EHZ,1,down,2.978750228881836,1.5,26.0625
515339,9994125,CI.TJR.EHZ,0,up,9.245829582214355,2.23046875,109.9375
1367575,9136248,CI.SME.EHZ,1,down,7.937638282775879,1.5302734375,41.59375
848561,9774485,CI.HOL.EHZ,0,up,19.808195114135742,1.8095703125,54.875
1750571,14156932,CI.WWP.EHZ,1,down,14.058988571166992,1.400390625,12.3515625
526478,14185528,CI.OAK.EHZ,0,up,5.346970081329346,1.259765625,23.03125
719878,13978864,CI.MCT.HHZ,1,down,2.25283145904541,1.2001953125,67.25
1160014,13943112,CI.SIL.EHZ,0,up,35.23447036743164,0.93017578125,3.83984375
2216054,11366842,CI.BFS.HHZ,1,down,7.366823196411133,0.919921875,22.59375
2088205,11248754,AZ.KNW.HHZ,0,up,3.534459352493286,1.01953125,24.34375
1676899,14604676,CI.PLM.HHZ,1,down,11.54369068145752,1.1298828125,30.875
611842,14547252,CI.PMD.HHZ,1,down,27.257160186767578,1.4697265625,70.0
1529665,14097704,CI.BLK.EHZ,0,up,71.1504898071289,1.8095703125,42.375
2472940,10612805,CI.RMR.EHZ,1,down,8.47727108001709,0.830078125,31.84375
608427,14187108,CI.JNH.EHZ,0,up,15.98209285736084,0.990234375,10.28125
1405546,15117001,PB.B084.EHZ,1,down,27.901493072509766,1.2802734375,40.78125
2132180,9648417,CI.WNM.EHZ,1,down,6.02700138092041,1.66015625,19.28125
551645,14690252,ZY.OCCM.EHZ,1,down,36.26134490966797,2.3203125,66.25
766589,9908537,CI.CRR.EHZ,0,up,8.16213321685791,1.0,26.953125
2272214,14506260,PB.B093.EHZ,1,down,13.394268989562988,0.56005859375,8.203125
1849389,10182193,AZ.CRY.HHZ,1,down,4.569771766662598,1.1396484375,50.25
1280035,9149231,CI.SWS.HHZ,0,up,25.76120376586914,2.740234375,32.21875
797318,10778109,AZ.MONP2.HHZ,1,down,31.787626266479492,1.169921875,13.7734375
2250609,9805889,CI.WVP.EHZ,0,up,150.44175720214844,0.5,11.7421875
2206156,10527581,EN.ELM.EHZ,1,down,3.0222175121307373,0.5,0.8798828125
2185789,14067320,CI.SME.EHZ,0,up,30.649490356445312,1.4404296875,31.0625
600288,9722929,CI.BAT.EHZ,1,down,16.627290725708008,1.990234375,21.46875
1199566,14899460,CI.BC3.HHZ,1,down,3.207818031311035,1.650390625,71.0
684971,12279548,CI.HYS.EHZ,0,up,15.847355842590332,2.2109375,118.3125
1962104,14213740,CI.WRC.EHZ,1,down,2.144365072250366,0.39990234375,13.203125
2014166,15185761,ZY.COON.EHZ,1,down,1.4484525918960571,2.609375,88.4375
700208,10439673,CI.SRT.EHZ,0,up,5.338510990142822,1.26953125,86.125
1634582,10298977,AZ.LVA2.HHZ,0,up,42.12479782104492,0.66015625,14.3671875
2343213,10835605,CI.SGL.EHZ,0,up,15.321508407592773,1.599609375,19.453125
1075305,9173457,CI.WVP.EHZ,0,up,30.59739112854004,1.6298828125,9.6015625
1941211,9687133,CI.XMS.EHZ,0,up,10.4122896194458,2.41015625,69.8125
683451,10526821,CI.JRC2.HHZ,1,down,14.931889533996582,0.6201171875,6.3984375
56451,11391586,CI.DGR.HHZ,1,down,6.155380725860596,0.60009765625,53.90625
1794553,10761797,CI.ERP.EHZ,0,up,64.54534149169922,2.400390625,27.59375
546145,10009017,CI.WSH.EHZ,0,up,31.512052536010742,2.240234375,95.25
447703,10151113,CI.CLC.HHZ,0,up,8.443607330322266,0.89013671875,69.375
1305746,14263264,CI.JRC2.HHZ,0,up,60.494998931884766,1.4501953125,12.078125
1534537,14431728,CI.BEL.HHZ,1,down,118.58634948730469,2.05078125,26.265625
1933966,10206009,CI.JRC2.HHZ,0,up,52.346580505371094,1.0595703125,17.875
2461838,13968696,CI.POB.EHZ,1,down,53.66067123413086,1.73046875,36.75
986865,10748757,CI.BLA2.HHZ,1,down,2.043869733810425,1.0400390625,74.875
1304160,10768037,CI.BLA2.HHZ,1,down,5.029873371124268,0.990234375,76.625
605374,14367692,PB.B081.EHZ,1,down,10.027301788330078,1.2998046875,67.0
614448,13980764,CI.BTL.EHZ,0,up,2.513831853866577,1.7197265625,33.1875
935697,13941952,AZ.RDM.HHZ,1,down,2.9263112545013428,1.08984375,74.375
1396335,14204304,CI.LTC.EHZ,1,down,10.863462448120117,2.48046875,90.6875
1370048,15021748,CI.PMD.HHZ,1,down,46.98392868041992,0.85986328125,25.84375
1245236,13949232,CI.CHF.HHZ,0,up,17.92850112915039,2.029296875,108.4375
866077,10296201,CI.SS2.EHZ,0,up,9.168591499328613,1.8095703125,65.5
746225,10999621,CI.LPC.HHZ,1,down,7.803226470947266,1.7197265625,81.5625
1814860,9168682,CI.CLC.EHZ,0,up,2.202082872390747,1.2998046875,40.4375
1428644,11416594,PB.B087.EHZ,1,down,8.118435859680176,0.89990234375,26.5
2492385,9886277,CI.CJV.EHZ,0,up,4.598252773284912,1.2001953125,59.40625
172498,13932196,CI.DNR.HHZ,0,up,18.483430862426758,2.3203125,49.28125
1191528,9982453,CI.TOW.EHZ,1,down,17.26085090637207,1.669921875,23.703125
1570940,10367325,CI.SPF.HHZ,1,down,106.9079360961914,2.9609375,38.1875
316826,14206732,CI.SLA.HHZ,0,up,1.364142894744873,1.66015625,80.1875
2171468,10438809,CI.LUC.EHZ,0,up,3.7268145084381104,1.5595703125,67.6875
359173,15164721,AZ.BZN.HHZ,1,down,38.68418502807617,1.900390625,30.9375
230019,13941196,CI.SME.EHZ,1,down,9.137884140014648,1.7900390625,70.8125
487102,11366562,CI.DGR.HHZ,0,up,527.2615966796875,3.75,85.9375
408787,14940508,PB.B916.EHZ,1,down,10.672589302062988,0.759765625,24.8125
2167033,10988893,AZ.BZN.HHZ,0,up,1.7060383558273315,0.389892578125,27.84375
2040794,10264193,WR.CSP.EHZ,1,down,6.1892008781433105,1.23046875,62.15625
2054220,9172214,CI.BTL.EHZ,1,down,26.466590881347656,2.0,78.0
374843,10962621,AZ.FRD.HHZ,0,up,13.879528999328613,0.07000732421875,15.1875
550297,10527901,CI.JRC2.HHZ,1,down,19.894058227539062,0.919921875,5.48828125
214211,9753997,CI.DNR.HHZ,1,down,9.206520080566406,1.51953125,16.96875
2108947,10380613,CI.VVD.EHZ,1,down,3.5025267601013184,1.23046875,18.21875
13471,10987005,PB.B093.EHZ,1,down,34.83974075317383,1.169921875,11.6875
1116874,9706837,CI.TEJ.EHZ,0,up,79.51204681396484,1.7197265625,7.75
1978339,10484485,CI.SPG2.HHZ,0,up,79.13007354736328,1.9697265625,83.0625
1452834,12339768,CI.JRC.HHZ,1,down,153.01466369628906,1.490234375,6.2109375
675222,14884220,CI.PASC.HHZ,1,down,16.40801239013672,1.73046875,26.65625
1647291,14001988,CI.SAL.HHZ,0,up,3.9016318321228027,1.7099609375,21.984375
1415399,14155284,CI.PLM.HHZ,0,up,3.7745161056518555,2.19921875,78.625
1876205,9928329,CI.BEL.HHZ,0,up,2.5941507816314697,1.33984375,46.21875
65856,14255180,CI.BTL.EHZ,1,down,4.546490669250488,1.0595703125,32.15625
1475046,10767109,CI.YUH.EHZ,0,up,101.56723022460938,1.16015625,10.2421875
495063,9886305,CI.YUH.EHZ,1,down,20.375858306884766,1.7802734375,66.1875
2204878,10349101,SB.WLA.HLZ,0,up,85.18818664550781,1.5595703125,6.5703125
1586334,13915304,CI.CCA.EHZ,0,up,5.733238697052002,2.119140625,35.625
257090,14196580,CI.EW2.EHZ,1,down,5.864996433258057,1.2099609375,24.578125
357575,15082748,CI.MCT.HHZ,1,down,20.77349853515625,2.310546875,42.28125
1700429,13935788,CI.VES.HHZ,1,down,4.22775411605835,2.7109375,108.1875
2305758,9794593,CI.ERP.EHZ,0,up,8.58467960357666,1.8603515625,58.78125
2065999,13970852,CI.HMT.EHZ,1,down,3.9185149669647217,1.099609375,67.25
2405352,11131762,AZ.CRY.HHZ,1,down,26.064298629760742,1.3701171875,88.0
1543513,10169257,CI.JCS.HHZ,0,up,6.144505977630615,1.5400390625,50.375
96602,14157172,CI.WGR.HHZ,1,down,7.623724937438965,1.759765625,81.25
2349503,14249288,CI.WMF.EHZ,0,up,4.916335582733154,1.33984375,61.40625
385642,10068985,AZ.YAQ.HHZ,0,up,17.21581268310547,1.330078125,27.5
1622259,9731153,CI.EW2.EHZ,0,up,28.500076293945312,1.4404296875,16.03125
394412,9673537,CI.WHV.EHZ,1,down,37.374183654785156,2.169921875,80.6875
235734,14851028,CI.BOR.HHZ,1,down,4.62104606628418,0.669921875,26.59375
2289903,10624957,ZY.SHCM.EHZ,1,down,104.3698959350586,1.349609375,3.880859375
864685,14181700,CI.JCS.HHZ,1,down,8.582545280456543,1.0400390625,42.21875
2372207,14206628,CI.CTC.HHZ,0,up,4.437196254730225,1.6796875,56.65625
1882311,10891917,CI.FRK.EHZ,1,down,1.7415951490402222,1.0,74.5
1012261,14215124,AZ.HWB.HHZ,0,up,14.336935043334961,2.6796875,119.1875
2205408,14135940,CI.SBB.EHZ,0,up,18.628524780273438,1.2998046875,41.5625
319437,9965985,CI.BAT.EHZ,0,up,11.806761741638184,1.51953125,23.5
912887,10994965,CI.EL2.EHZ,1,down,2.532647132873535,0.7998046875,35.6875
2147107,10496909,CI.SNO.HHZ,0,up,25.990934371948242,0.990234375,39.125
188319,10747749,AZ.RDM.HHZ,0,up,19.865327835083008,1.3798828125,54.28125
685648,10528061,PB.B916.EHZ,0,up,3.0140514373779297,0.830078125,23.171875
2339139,10206153,CI.WMF.EHZ,0,up,151.14183044433594,0.81005859375,4.30859375
1241257,9158578,CI.RAY.EHZ,0,up,32.040470123291016,1.990234375,8.6171875
402407,14475608,CI.YUH.EHZ,1,down,89.11430358886719,1.7001953125,62.78125
755937,10146837,CI.SAL.HHZ,1,down,10.704852104187012,2.16015625,13.0078125
2366964,10207193,CI.WOF.EHZ,0,up,8.926031112670898,1.2197265625,97.625
761963,10093909,CI.ALP.HHZ,0,up,6.4919023513793945,3.349609375,111.5625
598486,10912205,PB.B081.EHZ,0,up,24.66386604309082,2.0,53.875
1577763,12447808,CI.BLA.HHZ,1,down,11.78571605682373,1.7001953125,13.7734375
2408551,13992264,AZ.YAQ.HHZ,1,down,46.47914123535156,1.2998046875,12.34375
2088328,10730469,CI.ERP.EHZ,0,up,11.96029281616211,1.8095703125,24.421875
1775025,9747461,CI.MPM.HHZ,1,down,33.18815231323242,1.0302734375,20.984375
1603381,9629261,AZ.SND.HHZ,1,down,186.88888549804688,3.140625,88.3125
56236,13979084,CI.HMT.EHZ,0,up,6.823852062225342,0.669921875,26.640625
431248,15162193,CI.OAT.EHZ,1,down,25.770584106445312,1.1904296875,3.33984375
1578754,13999696,CI.SHE.EHZ,1,down,5.908992290496826,2.330078125,63.96875
1891771,10741373,CI.TOR.HHZ,1,down,5.0113091468811035,0.759765625,20.0
1260199,10534013,CI.MLS.HHZ,0,up,25.944992065429688,2.919921875,109.3125
2147981,10400881,CI.LFP.HHZ,0,up,6.028066158294678,1.240234375,3.310546875
134756,9613897,CI.HYS.EHZ,0,up,4.950652599334717,1.73046875,58.15625
2146452,9683137,CI.JRC.HHZ,0,up,4.08449649810791,0.60009765625,9.9375
2398903,15196665,CI.IKP.HHZ,1,down,4.066921710968018,1.759765625,96.5
914390,14277236,CI.PMD.HHZ,1,down,5.784375190734863,1.2998046875,17.796875
911200,9632049,CI.LUC.EHZ,1,down,31.603918075561523,1.900390625,18.046875
634903,10527989,CI.VES.HHZ,0,up,3.7806150913238525,2.029296875,113.875
1193273,14565756,CI.CRR.EHZ,1,down,6.743274211883545,2.619140625,91.375
993120,10402809,CI.ERR.HHZ,1,down,12.759745597839355,2.33984375,105.0
2183143,14311748,AZ.LVA2.HHZ,0,up,6.2132158279418945,1.669921875,61.03125
291631,14385396,CI.XTL.EHZ,1,down,31.618825912475586,1.419921875,38.65625
2258008,10785429,CI.RUN.EHZ,0,up,2.1302330493927,1.8701171875,50.125
2286947,13938804,CI.BBR.HHZ,1,down,141.9333038330078,2.400390625,9.53125
1111881,10488629,CI.BAC.EHZ,0,up,4.1579718589782715,0.7998046875,30.234375
822733,10534717,PB.B086.EHZ,1,down,177.1809539794922,1.919921875,45.125
992609,10666429,ZY.WAGN.EHZ,0,up,5.477079391479492,1.4501953125,19.4375
2197667,14183520,CI.SAL.HHZ,0,up,12.121065139770508,1.9501953125,51.9375
441983,13935376,CI.MAR.EHZ,1,down,15.273486137390137,2.41015625,72.25
1937059,10628229,ZY.MLDN.EHZ,0,up,2.803699016571045,2.529296875,86.5625
1645016,11328594,NC.MCS.EHZ,0,up,116.48567962646484,2.5,8.71875
2187315,11085722,CI.PMD.HHZ,1,down,11.387031555175781,0.93994140625,25.65625
161872,9929081,AZ.SND.HHZ,0,up,11.504554748535156,1.400390625,19.125
1371025,10772037,CI.PSR.HHZ,1,down,3.036775588989258,0.8798828125,25.9375
1924830,10922621,CI.WSS.HHZ,1,down,16.266216278076172,1.6201171875,9.0234375
1319915,10765973,PB.B087.EHZ,1,down,17.75732421875,1.1201171875,14.5234375
1973615,9719785,AZ.LVA2.HHZ,1,down,184.4401092529297,1.9599609375,17.40625
2399557,14524804,CI.THC.EHZ,1,down,11.02114486694336,1.48046875,35.96875
182877,10100505,CI.EDW2.HHZ,0,up,13.088179588317871,1.6298828125,58.8125
1570107,15009812,PB.B086.EHZ,1,down,27.513399124145508,0.8798828125,16.125
1315717,10348325,AZ.TRO.HHZ,1,down,2.7260806560516357,0.260009765625,5.87109375
2468277,10613877,ZY.OYSB.EHZ,1,down,82.93075561523438,1.7802734375,5.859375
88529,11321706,AZ.RDM.HHZ,1,down,3.6016716957092285,0.3798828125,8.796875
633191,14403324,CI.PLM.HHZ,1,down,10.831316947937012,1.330078125,36.1875
1553844,9818493,CI.SME.EHZ,0,up,13.527965545654297,1.5400390625,40.1875
1242230,10094773,CI.BFS.HHZ,0,up,57.856300354003906,2.939453125,75.3125
947367,10481597,EN.ENG.EHZ,1,down,82.48399353027344,2.689453125,17.5
735080,9149944,CI.TPM.EHZ,1,down,4.798425197601318,1.73046875,72.375
421216,10007665,CI.CLC.HHZ,0,up,28.236064910888672,0.6298828125,6.23046875
48813,11572059,CI.WOF.EHZ,1,down,3.6458897590637207,1.0498046875,92.0
1282563,10207981,AZ.LVA2.HHZ,0,up,30.512996673583984,1.7802734375,49.9375
92598,10403929,CI.TOR.HHZ,0,up,2.631855010986328,0.75,49.78125
1069832,13992824,CI.FLS.EHZ,0,up,19.695842742919922,1.2998046875,8.9375
2315950,13951124,CI.MPM.HHZ,1,down,4.223891258239746,1.400390625,62.5625
2328446,9159033,CI.MIR.EHZ,0,up,15.950102806091309,2.05078125,45.59375
2026521,10078077,CI.EL2.EHZ,1,down,15.429290771484375,1.5,12.703125
1235703,10402081,CI.DNR.HHZ,0,up,35.31540298461914,1.2900390625,11.1484375
1634991,14861548,CI.CRR.EHZ,1,down,23.47758674621582,1.0,24.453125
560357,14350372,CI.TPM.EHZ,1,down,206.1656494140625,2.919921875,75.6875
993541,11598272,CI.TOW.EHZ,0,up,2.9174365997314453,1.259765625,25.171875
353611,11281250,PB.B087.EHZ,0,up,61.76092529296875,1.33984375,16.09375
308927,10495525,PB.B084.EHZ,1,down,12.411810874938965,1.4599609375,55.3125
1878423,10259261,CI.BAC.EHZ,0,up,188.79971313476562,1.7001953125,9.640625
1131136,10617757,ZY.PNTO.EHZ,1,down,62.40425109863281,2.30078125,73.1875
695646,9143464,CI.HMT.EHZ,0,up,23.628089904785156,1.8203125,33.34375
2371446,11379410,CI.MSC.HHZ,1,down,11.53309154510498,0.93017578125,5.390625
1375125,10858485,CI.SLB.HHZ,0,up,10.993508338928223,1.9599609375,48.34375
1484813,13969232,CI.JVA.HHZ,0,up,116.96484375,1.6796875,14.4609375
522972,11325666,PB.B916.EHZ,0,up,598.6845703125,2.19921875,22.046875
1115231,9143711,CI.TPM.EHZ,1,down,210.3076934814453,2.44921875,8.7109375
1207047,10370189,CI.HMT.EHZ,1,down,28.59255599975586,1.5595703125,51.53125
1178993,10407145,CI.WWC.HHZ,1,down,51.0430793762207,1.2802734375,12.7421875
352172,10859613,CI.DPP.HHZ,1,down,4.513391971588135,1.759765625,93.1875
1798302,9148001,CI.CDY.EHZ,0,up,46.680423736572266,3.259765625,65.8125
871005,9621837,CI.ERR.HHZ,1,down,9.217506408691406,2.26953125,16.421875
663694,11283418,CI.JRC2.HHZ,0,up,311.3976135253906,0.81982421875,3.859375
1657237,15097212,AZ.KNW.HHZ,1,down,19.54802131652832,1.3896484375,48.84375
1847850,10184489,AZ.PFO.HHZ,0,up,14.926178932189941,1.7998046875,42.6875
1396464,9163515,CI.WOR.EHZ,1,down,5.206660747528076,2.58984375,51.0
2149715,10047337,CI.AGA.HHZ,0,up,34.254730224609375,1.08984375,44.59375
2162649,10193134,EN.RED.EHZ,0,up,27.382108688354492,0.5,8.3671875
1538993,9622117,CI.CDY.EHZ,1,down,64.20906829833984,1.9501953125,15.1015625
830485,10353413,CI.PMD.HHZ,0,up,6.765952110290527,2.220703125,115.4375
585639,14262880,CI.TOW.EHZ,0,up,12.091753005981445,1.0498046875,25.65625
1391654,11049053,CI.RMM.EHZ,0,up,5.2231879234313965,1.7099609375,51.65625
2002172,13939856,CI.RMR.EHZ,0,up,459.0418395996094,4.0390625,26.515625
1819529,11089442,CI.WWC.HHZ,0,up,27.798954010009766,2.359375,25.015625
2019370,14429504,PB.B082.EHZ,1,down,15.802201271057129,0.89013671875,18.265625
1614645,10205909,CI.BAC.EHZ,1,down,25.799907684326172,1.5595703125,96.5
2092813,11327410,PB.B082.EHZ,0,up,182.12245178222656,1.3203125,9.1015625
744069,10783261,CI.CBK.EHZ,1,down,24.219676971435547,1.9404296875,35.09375
650549,10591005,ZY.PNTO.EHZ,0,up,13.1336088180542,1.7001953125,16.984375
65054,14185640,CI.SME.EHZ,0,up,7.865152359008789,1.25,16.453125
1224864,14295620,CI.HLN.EHZ,0,up,3.292966604232788,2.30078125,24.703125
447710,13916724,AZ.KNW.HHZ,1,down,6.2781877517700195,0.97998046875,32.0625
436702,11422450,PB.B082.EHZ,1,down,28.87574577331543,1.1796875,33.28125
1870505,11277938,PB.B082.EHZ,0,up,27.738157272338867,1.7099609375,51.96875
500782,14216760,CI.MUR.HHZ,0,up,3.4977734088897705,2.669921875,86.25
382516,9743225,AZ.KNW.HHZ,0,up,33.39999771118164,1.5,35.0
1445030,10719909,CI.GLA.HHZ,1,down,4.5981950759887695,2.4609375,106.75
321311,10545621,AZ.CRY.HHZ,0,up,22.35399055480957,1.099609375,43.5625
1287988,14335352,CI.EML.HHZ,1,down,150.43240356445312,1.8203125,49.375
950353,10296925,AZ.PFO.HHZ,1,down,18.18526268005371,1.8095703125,53.5
1984124,10912365,CI.MPI.HHZ,1,down,9.325757026672363,3.279296875,96.875
1363702,10623701,PB.B086.EHZ,0,up,6.514501094818115,0.56982421875,24.6875
2478109,14559676,CI.HEC.HHZ,1,down,61.746559143066406,1.849609375,12.28125
1233012,14235756,CI.FRK.EHZ,0,up,23.677061080932617,1.5703125,40.0
1853071,9142274,CI.PDU.HHZ,0,up,152.19224548339844,3.029296875,15.0625
697408,14335208,CI.BLA.HHZ,0,up,6.432627201080322,0.85986328125,39.28125
2417251,14438168,CI.SME.EHZ,1,down,145.55860900878906,2.240234375,46.28125
756214,14252672,CI.DNR.HHZ,1,down,3.645345449447632,1.1298828125,14.9609375
2112758,10184021,CI.HMT.EHZ,1,down,4.132505416870117,1.83984375,87.875
1829826,10208313,CI.SGL.EHZ,0,up,6.992342948913574,1.9296875,53.09375
630589,11283890,CI.WWC.HHZ,0,up,17.732654571533203,1.5302734375,29.390625
1745392,10321085,CI.TOR.HHZ,0,up,6.708818435668945,0.91015625,21.890625
411853,9168887,CI.MGE.HHZ,1,down,3.5936946868896484,1.7197265625,38.46875
2231919,14692460,ZY.OYSB.EHZ,1,down,256.4607238769531,1.75,8.1484375
870394,14086616,CI.BEL.HHZ,0,up,5.7135329246521,1.9404296875,78.75
1962196,13095448,CI.SUN.EHZ,0,up,1.970996618270874,1.509765625,43.28125
721495,10778365,EN.OBS.EHZ,0,up,7.398867607116699,1.400390625,6.171875
878070,10148149,CI.PMD.HHZ,1,down,4.904811859130859,1.0703125,59.34375
1438107,11089482,PB.B082.EHZ,1,down,29.014564514160156,1.8896484375,49.5625
1770590,11406994,EN.YOU.EHZ,1,down,15.311356544494629,1.1904296875,5.51171875
1529754,10287429,CI.WRC.EHZ,0,up,15.994654655456543,0.56005859375,15.09375
1172824,9654137,CI.CDY.EHZ,1,down,5.6947922706604,2.279296875,55.5625
1750422,11022717,AZ.LVA2.HHZ,1,down,7.039180278778076,1.349609375,109.1875
498173,14329236,CI.SUN.EHZ,1,down,9.952327728271484,1.009765625,19.046875
1696401,10356197,AZ.PFO.HHZ,0,up,78.1340560913086,1.599609375,30.0625
1424518,10601725,ZY.MLDN.EHZ,1,down,24.35285186767578,1.0595703125,5.171875
1554025,9650389,CI.FOX.EHZ,0,up,12.578534126281738,2.630859375,53.3125
2036597,11337506,CI.TOR.HHZ,0,up,2.3161182403564453,1.0595703125,62.75
1396022,9930501,CI.HMT.EHZ,0,up,10.35574722290039,1.8896484375,68.6875
2324933,10346469,CI.FUL.EHZ,0,up,8.478365898132324,2.349609375,12.2265625
1953508,13939440,CI.BTL.EHZ,0,up,92.58600616455078,1.9404296875,15.4765625
2044305,9944549,CI.CLC.EHZ,1,down,3.5888748168945312,1.5,88.0625
1895561,10280709,AZ.LVA2.HHZ,1,down,20.134204864501953,1.0595703125,46.28125
1058645,14179804,AZ.LVA2.HHZ,0,up,1.9878714084625244,1.759765625,88.75
2225856,11408266,CI.TPC.EHZ,0,up,6.439259052276611,1.1298828125,56.3125
728914,11320522,CI.WWC.HHZ,0,up,5.221119403839111,1.6298828125,58.0
381213,14439368,EN.HAT.EHZ,1,down,3.7616641521453857,1.099609375,3.890625
1241957,9800533,CI.CLC.EHZ,1,down,27.42072105407715,2.58984375,77.4375
2288408,10230085,CI.WES.HHZ,0,up,5.865807056427002,1.66015625,31.0625
1944941,14349508,AZ.RDM.HHZ,1,down,15.712873458862305,1.9404296875,78.6875
1495269,10284961,CI.LDR.HHZ,0,up,2.372904062271118,1.2802734375,65.4375
2056884,14136912,CI.POB.EHZ,0,up,14.034106254577637,0.669921875,10.71875
688769,9150513,CI.RMR.EHZ,0,up,38.8603630065918,1.759765625,17.125
1161950,9650209,AZ.TRO.EHZ,1,down,41.068477630615234,2.0703125,36.0
2467987,9674189,CI.SRT.EHZ,0,up,4.650899887084961,2.23046875,37.875
62009,13123428,AZ.KNW.HHZ,1,down,13.990684509277344,0.740234375,11.96875
1663801,10398657,EN.ENG.EHZ,0,up,4.853992462158203,0.7998046875,5.73046875
1779747,14075932,CI.BOR.HHZ,1,down,3.9974985122680664,1.16015625,18.84375
2075237,9163709,CI.MDA.EHZ,1,down,7.726583003997803,1.4404296875,11.6015625
2417391,10838973,CI.EML.HHZ,0,up,6.8706560134887695,1.48046875,44.9375
633357,12319536,CI.SRT.EHZ,0,up,4.328250885009766,1.5,22.1875
19707,11671200,CI.WWP.EHZ,1,down,14.130474090576172,1.0,35.0
733515,9706121,CI.BBR.HHZ,1,down,17.583677291870117,2.140625,29.40625
1622089,9168350,CI.OLY.EHZ,0,up,4.771227836608887,0.7998046875,10.828125
1181299,10740029,AZ.BZN.HHZ,0,up,2.5036702156066895,0.77001953125,21.15625
1561502,11081314,CI.CHF.HHZ,1,down,5.89041805267334,1.2099609375,59.125
580388,10768861,CI.SGL.EHZ,1,down,27.65791893005371,2.109375,48.375
112021,9983605,CI.WOR.EHZ,1,down,38.932491302490234,1.9697265625,52.25
1113175,9651129,CI.GRP.EHZ,0,up,39.7738151550293,2.259765625,73.9375
1165385,11209170,CI.DEV.HHZ,0,up,57.51357650756836,3.41015625,73.125
2172686,14204176,CI.EML.HHZ,0,up,173.29148864746094,1.6904296875,31.953125
418113,10497685,AZ.LVA2.HHZ,0,up,70.0512466430664,1.2001953125,9.046875
365344,14343140,CI.DEV.HHZ,0,up,4.84428071975708,1.349609375,20.703125
1113203,14216076,CI.YUH.EHZ,1,down,42.57501220703125,2.029296875,76.375
1645944,10255573,CI.MLAC.HHZ,0,up,54.861778259277344,2.060546875,9.84375
1771406,10218145,AZ.SND.HHZ,1,down,5.4542388916015625,2.66015625,37.125
2020912,10907461,CI.DGR.HHZ,1,down,7.746229648590088,0.89990234375,37.59375
747992,10247965,CI.LTC.EHZ,0,up,13.470060348510742,1.73046875,62.53125
972097,11282162,CI.CFT.EHZ,0,up,3.3337693214416504,1.669921875,42.75
134893,14730188,ZY.WAGN.EHZ,1,down,16.190500259399414,1.66015625,1.0595703125
1985895,10404225,CI.POB.EHZ,1,down,6.213922500610352,0.8701171875,41.3125
472761,14131528,CI.BTL.EHZ,1,down,11.481927871704102,1.900390625,34.0
976621,10230869,CI.SGL.EHZ,1,down,84.61780548095703,4.2890625,73.75
2277200,9672469,CI.WCH.EHZ,1,down,13.852507591247559,1.4404296875,23.6875
116126,10224033,CI.SIL.EHZ,0,up,31.700599670410156,1.23046875,16.171875
664406,9168019,CI.WRV.EHZ,1,down,146.68653869628906,1.2001953125,5.94140625
1332047,9139328,CI.ALV.EHZ,1,down,62.348384857177734,2.279296875,29.15625
804807,9168698,CI.CFL.EHZ,1,down,6.275887966156006,1.400390625,33.25
526510,10798797,CI.JVA.HHZ,1,down,14.662375450134277,2.8203125,45.4375
34859,15202009,AZ.MONP2.HHZ,1,down,14.239888191223145,2.369140625,79.5
544293,10237053,CI.PMD.HHZ,1,down,17.62499237060547,1.1103515625,19.3125
1223862,10405153,PB.B081.EHZ,1,down,4.745333671569824,0.7099609375,26.234375
1605586,9803033,CI.JRC.HHZ,0,up,15.47011947631836,0.5,3.30078125
1989223,10146617,CI.MPM.HHZ,0,up,96.20578002929688,0.489990234375,10.2421875
1765241,9665813,CI.TPO.EHZ,0,up,56.518226623535156,1.9501953125,20.65625
1960621,14182164,CI.WCH.EHZ,1,down,9.73653793334961,1.740234375,65.75
680291,11346618,AZ.CRY.HHZ,1,down,87.86788940429688,2.4609375,88.3125
242614,9166273,CI.LEO.EHZ,0,up,16.797441482543945,1.91015625,59.40625
1062722,14937740,CI.CHN.HHZ,1,down,5.561614036560059,3.189453125,101.6875
909507,15151977,CI.MUR.HHZ,1,down,3.9221184253692627,1.5400390625,74.625
1160143,10320549,CI.TEH.HHZ,0,up,45.15448760986328,1.7197265625,15.7734375
902498,11405418,EN.RED.EHZ,1,down,59.95511245727539,1.1396484375,1.5
1249866,9643433,CI.PLM.HHZ,1,down,31.015336990356445,1.9296875,49.375
1848537,10043253,AZ.LVA2.HHZ,0,up,17.98299789428711,0.83984375,14.640625
434991,11011421,CI.WCS.EHZ,0,up,8.2169828414917,1.0595703125,9.109375
2205722,9615973,CI.WJP.EHZ,1,down,6.148626327514648,1.2001953125,32.875
1364143,11414346,PB.B082.EHZ,1,down,4.8766913414001465,1.1201171875,79.9375
1514707,11582620,AZ.PFO.HHZ,1,down,10.074895858764648,1.26953125,26.5
835403,11374602,CI.BLA2.HHZ,0,up,3.093900203704834,1.0703125,68.0
1963646,9968597,AZ.BZN.HHZ,1,down,30.475252151489258,2.580078125,63.125
100679,14385840,AZ.PFO.HHZ,1,down,13.117057800292969,0.6201171875,15.7890625
825250,10295569,CI.SGL.EHZ,0,up,90.08292388916016,2.490234375,44.875
924146,13947192,CI.TOW.EHZ,0,up,1.9556515216827393,1.650390625,97.9375
1750814,14564236,PB.B082.EHZ,1,down,30.885406494140625,1.0703125,15.4765625
289025,9750917,CI.MWC.HHZ,1,down,8.387897491455078,1.6201171875,25.390625
1282923,9880533,CI.RMR.EHZ,0,up,96.18310546875,2.3203125,81.0625
1701086,10215641,AZ.FRD.HHZ,0,up,4.8296990394592285,0.68994140625,30.671875
330461,10182285,CI.WRC.EHZ,0,up,5.274210453033447,0.60986328125,15.4296875
2397072,11394130,CI.SUN.EHZ,1,down,4.309648036956787,1.169921875,17.984375
1713775,11048533,PB.B084.EHZ,1,down,28.544355392456055,1.2998046875,49.84375
679380,10330509,CI.SBB2.HHZ,0,up,19.806758880615234,1.580078125,42.21875
1028790,13909704,CI.BLC.EHZ,1,down,5.1106343269348145,1.2001953125,8.8203125
1832604,10900725,PB.B087.EHZ,0,up,11.506823539733887,0.77001953125,15.578125
993274,14263520,CI.SBB2.HHZ,1,down,12.205679893493652,1.98046875,109.375
1580966,10700245,PB.B081.EHZ,0,up,9.573813438415527,0.580078125,5.53125
1353477,9916621,CI.AGA.HHZ,1,down,7.668675899505615,1.2001953125,22.90625
267876,10718653,ZY.OCBC.HHZ,0,up,2.7464756965637207,2.130859375,23.046875
537470,10533973,CI.WAS.EHZ,1,down,77.35623931884766,1.0302734375,8.09375
1161610,14019148,CI.YEG.EHZ,0,up,9.337663650512695,2.0703125,88.75
236253,10326537,CI.WRV.EHZ,1,down,3.0769011974334717,0.97998046875,15.4921875
931553,9817009,CI.MIR.EHZ,0,up,31.15742301940918,2.0390625,45.59375
1315941,14721068,ZY.USG.EHZ,1,down,42.3643913269043,2.05078125,36.625
563064,14311192,AZ.KNW.HHZ,1,down,8.212342262268066,0.64013671875,29.703125
1129679,9146723,CI.WRC.EHZ,1,down,33.37322998046875,1.4404296875,18.25
2322188,10146965,CI.TOW.EHZ,1,down,6.269635200500488,0.43994140625,10.4375
1818353,10378597,AZ.RDM.HHZ,0,up,16.600915908813477,1.669921875,30.40625
462504,10770317,CI.JEM.HHZ,1,down,186.29830932617188,2.390625,76.5625
2491880,10865789,CI.PMD.HHZ,1,down,7.098138809204102,0.7001953125,17.046875
1813005,10796229,CI.FHO.HHZ,1,down,3.561500310897827,0.7900390625,18.296875
1642069,10036445,CI.WRV.EHZ,0,up,6.625957012176514,0.5,11.5703125
1364153,14153860,CI.PSP.EHZ,1,down,6.033524513244629,1.3701171875,36.3125
703664,11132978,CI.MSC.HHZ,0,up,19.913644790649414,1.080078125,21.671875
277588,11087962,AZ.CRY.HHZ,0,up,18.753652572631836,1.0,25.578125
278114,9941105,AZ.FRD.HHZ,1,down,27.648855209350586,0.64013671875,24.546875
1719724,11209098,CI.CLC.HHZ,0,up,84.64075469970703,2.48046875,37.96875
2459504,14078448,CI.HMT.EHZ,1,down,5.492045879364014,1.5,45.6875
2423782,14248812,CI.ERR.HHZ,0,up,3.7068986892700195,2.380859375,21.046875
1425540,11127770,CI.PSR.HHZ,0,up,6.82828426361084,0.8798828125,6.48046875
950315,14257232,CI.WRV.EHZ,0,up,50.02920913696289,1.0400390625,16.359375
399366,10397729,PB.B918.EHZ,0,up,6.856897830963135,0.260009765625,18.453125
524684,14350704,CI.SNR.EHZ,1,down,7.873306751251221,2.109375,52.28125
1914206,12807432,CI.JUL.EHZ,0,up,4.310758590698242,0.72998046875,21.953125
2023749,9656501,CI.WBM.EHZ,0,up,6.260466575622559,2.0390625,25.625
900774,9148932,CI.MDA.EHZ,1,down,2.550616502761841,1.6201171875,17.0625
1377070,9172605,CI.SIL.EHZ,0,up,12.448047637939453,1.5,33.1875
1085924,10628757,PB.B087.EHZ,1,down,11.362332344055176,0.990234375,25.734375
1736738,11049877,CI.DNR.HHZ,1,down,7.71936559677124,0.990234375,35.65625
846754,13966480,CI.BAT.EHZ,1,down,3.9702913761138916,2.669921875,63.1875
399228,10223453,CI.SIM.EHZ,1,down,8.765982627868652,2.30078125,91.625
86342,9676593,CI.WWP.EHZ,1,down,8.228225708007812,1.3798828125,38.46875
2287551,14187244,AZ.YAQ.HHZ,0,up,4.659942150115967,1.4404296875,70.625
998266,14365928,AZ.TRO.HHZ,1,down,99.3913345336914,1.6103515625,18.46875
754055,15201481,CI.CTW.EHZ,1,down,8.968881607055664,2.630859375,79.4375
1849815,9773273,CI.HMT.EHZ,1,down,2.96126389503479,1.330078125,78.0625
1403353,10533245,CI.WMF.EHZ,1,down,59.319515228271484,0.93994140625,8.2890625
1892731,10181477,CI.SLA.HHZ,0,up,3.558046817779541,0.5400390625,46.59375
1919578,14883908,CI.CRR.EHZ,1,down,106.1863784790039,1.169921875,4.140625
2286167,14493704,CI.SMR.HHZ,1,down,36.58573913574219,1.7998046875,21.59375
942568,14099028,AZ.LVA2.HHZ,0,up,14.532098770141602,0.93994140625,15.9765625
1145223,10738741,CI.TOR.HHZ,0,up,3.86995005607605,0.85986328125,19.546875
2419172,9652373,CI.POB.EHZ,1,down,21.618999481201172,2.060546875,57.6875
2411748,11057565,CI.BTC.HHZ,0,up,2.0128695964813232,1.650390625,39.59375
1353951,11067221,NN.BEN.EHZ,0,up,113.66307067871094,2.30078125,53.875
2384178,9161386,CI.HYS.EHZ,1,down,36.74088668823242,2.009765625,93.1875
1192045,14586412,CI.GSC.HHZ,1,down,6.514400959014893,2.91015625,118.625
1315162,10036393,CI.WRC.EHZ,0,up,76.405029296875,1.9404296875,73.625
2154286,9708777,CI.WRV.EHZ,1,down,5.314479827880859,1.2998046875,0.1099853515625
1911435,14170520,CI.WHF.EHZ,0,up,3.3989241123199463,1.099609375,52.28125
2010725,10005173,CI.JRC2.HHZ,1,down,16.87166976928711,0.39990234375,6.25
1264272,10826973,AZ.PFO.HHZ,1,down,11.070899963378906,1.3896484375,36.5
975194,14161704,CI.TPC.EHZ,0,up,31.365943908691406,1.4404296875,49.28125
2188327,13949100,CI.DSC.HLZ,1,down,10.96395206451416,2.880859375,86.6875
786159,14208000,CI.SRT.EHZ,0,up,13.603041648864746,1.4697265625,73.1875
2026830,10318169,AZ.RDM.HHZ,0,up,10.101461410522461,0.409912109375,10.53125
1495711,9916901,CI.JCS.HHZ,0,up,10.78526496887207,0.97021484375,41.8125
2344267,14937940,CI.TIN.HHZ,1,down,8.529183387756348,2.69921875,72.625
1037591,14444160,CI.ABL.EHZ,1,down,13.431780815124512,1.6796875,38.46875
347540,14959004,CI.SME.EHZ,1,down,70.20539093017578,2.369140625,24.40625
1946787,13942016,CI.RAY.EHZ,1,down,6.594610691070557,1.0498046875,29.859375
862926,14007200,CI.HAY.EHZ,0,up,3.8293142318725586,1.5595703125,47.25
577285,9832121,AZ.BZN.HHZ,0,up,11.610553741455078,1.099609375,23.234375
1224478,11103282,CI.EML.HHZ,1,down,7.0575337409973145,0.830078125,68.875
767760,14924884,AZ.KNW.HHZ,1,down,33.8331413269043,1.6396484375,49.0
823129,14215152,CI.BEL.HHZ,0,up,8.166967391967773,1.8701171875,87.4375
1178837,14161480,AZ.KNW.HHZ,1,down,13.34557819366455,0.8798828125,26.046875
1746844,10755645,CI.COA.EHZ,0,up,2.788444995880127,1.83984375,93.375
1683452,14184504,CI.TPC.EHZ,0,up,68.51136779785156,1.33984375,47.34375
904489,10330649,SB.WLA.HLZ,1,down,39.66281509399414,1.490234375,8.3671875
1408569,10295869,ZY.SHF2.HHZ,0,up,15.90299129486084,1.650390625,40.375
722503,10320405,AZ.KNW.HHZ,0,up,8.294833183288574,1.4296875,54.625
239853,12895852,CI.CJV.EHZ,0,up,2.5143682956695557,1.75,7.94140625
1317519,14213136,CI.JRC2.HHZ,0,up,10.798110008239746,1.419921875,29.890625
1494269,9948921,CI.AGA.HHZ,1,down,7.484552383422852,1.080078125,28.34375
2261546,14066820,AZ.WMC.HHZ,0,up,12.546341896057129,0.81005859375,15.3984375
2040858,10908077,CI.LDR.HHZ,1,down,6.839756011962891,1.0498046875,12.0625
2200730,9148176,CI.WCH.EHZ,1,down,7.648205280303955,1.400390625,22.5
2022091,14499756,AZ.TRO.HHZ,1,down,1.9331188201904297,0.85986328125,16.40625
1292569,9706453,CI.WJP.EHZ,0,up,21.968618392944336,1.6103515625,18.5625
2116936,9666149,CI.ARG.EHZ,0,up,6.680960178375244,2.400390625,21.5
618829,9708061,CI.TOW.EHZ,1,down,18.452104568481445,1.5,26.703125
227109,10352833,AZ.KNW.HHZ,1,down,5.945512771606445,1.2099609375,60.125
1230600,9928689,CI.ALV.EHZ,0,up,9.56843090057373,1.7802734375,43.5625
2117186,14216472,CI.CTW.EHZ,1,down,16.930133819580078,2.640625,78.0625
2145653,14518708,CI.WRV.EHZ,1,down,21.25580596923828,2.220703125,43.3125
2087635,14367268,PB.B084.EHZ,1,down,16.591524124145508,1.4296875,24.796875
2335887,13945988,CI.RAG.EHZ,1,down,22.53437042236328,1.5,35.84375
2187695,15164177,PB.B093.EHZ,1,down,9.674344062805176,1.75,100.75
1778618,9867629,AZ.PFO.HHZ,1,down,26.442028045654297,1.3203125,10.046875
2385058,14938180,CI.SUN.EHZ,1,down,31.86373519897461,1.5703125,35.125
1170693,9675053,CI.ISA.HHZ,1,down,3.9117367267608643,2.220703125,68.375
1372598,11244538,AZ.KNW.HHZ,0,up,2.8120946884155273,0.64013671875,27.46875
2386739,14377356,CI.YUH.EHZ,1,down,148.2244110107422,1.2998046875,77.625
704531,10263777,CI.FOX.EHZ,1,down,3.3137245178222656,1.0,22.96875
1861936,10172822,CI.YUH.EHZ,0,up,3.3192551136016846,3.099609375,90.3125
1799493,14132136,AZ.SND.HHZ,0,up,158.31439208984375,1.650390625,26.625
293288,14850084,PB.B916.EHZ,1,down,345.615966796875,4.37109375,109.3125
2086011,10890973,PB.B918.EHZ,0,up,259.70025634765625,1.5595703125,8.171875
1293632,10486845,CI.PLE.EHZ,1,down,61.5870475769043,1.580078125,16.84375
1268641,11284418,CI.YUH.EHZ,0,up,36.941287994384766,1.5,20.0
1057082,10910581,CI.BBR.HHZ,0,up,29.16017723083496,1.509765625,9.328125
1683905,9150367,CI.SWS.HHZ,1,down,43.1484489440918,2.990234375,29.578125
1477135,11285482,CI.DNR.HHZ,0,up,3.1651651859283447,1.2900390625,43.28125
1947220,10029701,CI.DNR.HHZ,1,down,6.3456621170043945,1.5302734375,23.953125
911439,15156049,PB.B081.EHZ,1,down,15.469640731811523,0.27001953125,5.62890625
1689190,14257772,CI.BTL.EHZ,0,up,5.479332447052002,1.2099609375,32.0625
986546,10346673,CI.GSC.HHZ,0,up,3.9022865295410156,2.2890625,92.5625
1900080,14199320,CI.FRK.EHZ,1,down,21.762441635131836,2.580078125,93.3125
1250537,14216980,AZ.RDM.HHZ,1,down,7.049628734588623,0.97021484375,33.28125
290467,10378893,CI.CLC.HHZ,0,up,626.995361328125,1.4599609375,6.8203125
1912120,9879077,CI.WOF.EHZ,0,up,5.248096466064453,1.6396484375,24.8125
129051,14208292,CI.PSD.HHZ,0,up,3.1581459045410156,1.669921875,28.328125
763796,14117816,CI.WAS.EHZ,0,up,5.949952125549316,1.0,38.5
1312544,9733673,CI.PLC.HHZ,0,up,1.8479011058807373,2.30078125,45.28125
402878,9613577,AZ.BZN.HHZ,1,down,2.8250620365142822,1.5,26.40625
2131757,15012244,CI.DGR.HHZ,1,down,480.69140625,2.44921875,38.09375
166007,10783133,CI.TPC.EHZ,1,down,4.664443492889404,1.400390625,106.125
1166397,14747908,CI.BOR.HHZ,1,down,8.17928695678711,0.97998046875,13.5234375
907452,9718253,AZ.LVA2.HHZ,0,up,31.594816207885742,1.5703125,18.5625
1920077,9888013,CI.WSH.EHZ,1,down,17.36406898498535,1.419921875,55.34375
289593,11367170,PB.B084.EHZ,1,down,30.64214515686035,1.3203125,29.875
328578,14234528,CI.TUQ.HHZ,0,up,10.140406608581543,2.26953125,75.75
1941385,15164265,CI.SRN.HHZ,1,down,10.548263549804688,1.7099609375,8.3828125
2301745,9150614,CI.RAG.EHZ,1,down,8.883796691894531,1.2001953125,13.7421875
355424,9663313,AZ.PFO.HHZ,0,up,4.057657241821289,1.900390625,57.96875
595770,12947456,CI.POB.EHZ,1,down,3.2707479000091553,1.2099609375,95.75
1401843,14375568,CI.SRT.EHZ,1,down,4.0442938804626465,1.330078125,71.4375
890453,10063045,CI.WRV.EHZ,0,up,24.31822967529297,0.75,1.150390625
2002241,9719245,AZ.FRD.HHZ,1,down,62.45846939086914,1.25,9.21875
1649042,9168994,CI.RAG.EHZ,0,up,3.8882782459259033,1.400390625,39.03125
1406727,11101850,PB.B087.EHZ,0,up,178.75823974609375,2.33984375,26.484375
1139527,14241852,AZ.YAQ.HHZ,1,down,13.296645164489746,1.0302734375,28.40625
802097,15190401,CI.LPC.HHZ,1,down,14.978979110717773,0.72021484375,12.4765625
1452880,9630993,AZ.KNW.HHZ,0,up,22.058364868164062,1.759765625,64.125
1819269,9154229,CI.COK.EHZ,0,up,39.880767822265625,3.2109375,21.65625
875333,10222181,CI.LUG.HHZ,0,up,10.18239974975586,1.150390625,14.5234375
1113248,10658069,ZY.USG.EHZ,1,down,28.16290855407715,1.740234375,12.953125
2277581,10167093,AZ.BZN.HHZ,0,up,4.5999274253845215,0.60009765625,20.265625
637731,15138681,PB.B082.EHZ,1,down,919.9517211914062,3.490234375,35.59375
916609,10083801,CI.JNH.EHZ,0,up,19.015182495117188,1.0,70.6875
2398639,9156568,CI.RMM.EHZ,1,down,6.49009895324707,1.2998046875,32.40625
116128,14117256,CI.PLM.HHZ,0,up,4.0864152908325195,1.1201171875,36.21875
389623,10295401,CI.LUC.EHZ,0,up,46.64107894897461,2.41015625,59.6875
1313212,14359700,AZ.LVA2.HHZ,1,down,74.06470489501953,2.0703125,67.0625
2198583,10929597,CI.IKP.HHZ,0,up,17.825395584106445,1.259765625,16.5625
1939216,10859157,CI.CBK.EHZ,1,down,7.303071975708008,1.080078125,49.28125
752019,11006101,CI.CBK.EHZ,1,down,8.438793182373047,1.0,15.8203125
2483618,14283476,CI.WRV.EHZ,0,up,7.136038780212402,0.39990234375,10.3515625
1323044,15182841,CI.LJR.HHZ,1,down,16.07316017150879,3.55078125,102.9375
546150,9140118,CI.RMM.EHZ,0,up,2.3784382343292236,1.7001953125,33.25
796135,9882013,CI.TPM.EHZ,1,down,41.99776077270508,1.4404296875,34.03125
2112687,13966704,CI.ERP.EHZ,0,up,4.825491428375244,1.2998046875,22.984375
1341538,14074028,AZ.KNW.HHZ,0,up,94.32756805419922,1.0703125,6.66015625
552530,14007968,CI.TEH.HHZ,1,down,13.845765113830566,1.9697265625,69.0625
1973188,11004115,CI.MPM.HHZ,1,down,4.946711540222168,1.66015625,35.375
918105,14026640,AZ.WMC.HHZ,0,up,26.186565399169922,1.009765625,9.96875
254721,13031456,CI.CBK.EHZ,0,up,85.6631851196289,2.0703125,71.875
192608,14344720,CI.SME.EHZ,1,down,19.67228126525879,1.330078125,24.09375
726480,10180573,CI.WMF.EHZ,0,up,65.9113998413086,1.51953125,10.6328125
2182350,14957900,CI.IR2.EHZ,1,down,67.15843963623047,1.900390625,15.40625
584609,14284920,CI.DVT.HHZ,1,down,7.039710998535156,1.73046875,26.21875
2117278,13974652,CI.WVP.EHZ,0,up,12.85212230682373,0.300048828125,13.90625
995377,11089930,CI.CTW.EHZ,0,up,9.161627769470215,1.3203125,32.65625
1925547,10330865,PB.B087.EHZ,1,down,6.820183753967285,0.759765625,24.515625
235839,9877457,CI.WWP.EHZ,0,up,33.17329406738281,2.279296875,69.625
696352,9615573,CI.POB.EHZ,1,down,6.576018333435059,1.2998046875,41.59375
1045288,14891788,CI.YUH.EHZ,1,down,7.881906032562256,1.33984375,66.5625
2367565,14258152,CI.JCS.HHZ,1,down,8.702701568603516,1.259765625,42.34375
507406,10791749,CI.DGR.HHZ,1,down,499.5186462402344,2.48046875,29.921875
956960,10314013,CI.CBK.EHZ,0,up,11.12308120727539,1.01953125,32.25
1389725,10397145,AZ.CRY.HHZ,1,down,25.387062072753906,1.26953125,47.6875
2226054,10181433,CI.POB.EHZ,1,down,11.302278518676758,1.6796875,91.5
1030656,9831849,CI.WOR.EHZ,0,up,15.523354530334473,1.7802734375,51.84375
1783117,10479909,AZ.TRO.HHZ,0,up,6.0865020751953125,1.150390625,70.1875
990669,10166621,CI.WRC.EHZ,0,up,23.404096603393555,1.2197265625,4.87109375
582017,14550548,CI.CRR.EHZ,1,down,17.82284164428711,2.25,36.40625
2175152,9973393,CI.BTC.HHZ,1,down,2.040776491165161,2.0703125,31.984375
1968317,9794337,CI.POB.EHZ,0,up,77.6082992553711,1.3896484375,11.703125
1362100,11406682,CI.WWP.EHZ,1,down,9.337141990661621,2.330078125,45.53125
1000734,13951588,CI.BBR.HHZ,1,down,50.09108352661133,1.6796875,8.421875
1332207,10226557,CI.JRC2.HHZ,0,up,12.902412414550781,1.83984375,29.40625
2303337,13914552,CI.ERP.EHZ,1,down,75.3026351928711,3.2890625,64.6875
800013,14172368,CI.WRC.EHZ,1,down,1.898078203201294,0.5,14.34375
1376602,12943636,CI.GTM.EHZ,1,down,8.702816009521484,1.1796875,11.859375
791105,10875221,CI.WCH.EHZ,1,down,28.638721466064453,0.89990234375,12.3828125
1512475,10492093,ZY.OWL1.HHZ,0,up,525.1399536132812,2.369140625,0.7001953125
2015069,13974880,CI.TPO.EHZ,0,up,2.1254239082336426,1.9404296875,33.875
2102293,9146390,CI.BAC.EHZ,0,up,23.979345321655273,1.5498046875,53.0625
975709,14058392,CI.CLT.HHZ,1,down,4.809517860412598,1.7802734375,6.94140625
2271109,10169326,CI.EMS.EHZ,0,up,2.0636887550354004,3.80078125,68.125
339117,9975801,CI.MIR.EHZ,0,up,7.187277317047119,1.6396484375,35.8125
1585810,10904085,CI.JEM.HHZ,0,up,7.8784308433532715,1.2900390625,104.75
151998,10602797,ZY.OYSB.EHZ,1,down,13.964402198791504,3.98046875,98.3125
830612,11598664,CI.JCS.HHZ,1,down,51.82712173461914,2.5,50.8125
2375342,10401137,AZ.KNW.HHZ,0,up,10.247406005859375,1.16015625,39.03125
942133,11050029,CI.MPM.HHZ,0,up,12.184426307678223,0.91015625,18.65625
1156554,12355428,AZ.WMC.HHZ,0,up,4.978381633758545,1.0,14.921875
372447,11089962,PB.B093.EHZ,1,down,11.751646995544434,0.509765625,9.078125
2487339,9677945,CI.ARG.EHZ,0,up,16.514856338500977,2.5390625,35.28125
2049699,14121780,CI.WHF.EHZ,0,up,62.87615966796875,2.529296875,17.46875
1187993,9936333,AZ.KNW.HHZ,1,down,6.532928466796875,0.52001953125,25.546875
2074206,10866349,CI.BAC.EHZ,1,down,11.178213119506836,0.9599609375,25.421875
2297303,10936693,CI.SUN.EHZ,1,down,15.922335624694824,1.599609375,19.046875
2142481,10029153,CI.WMF.EHZ,0,up,4.119554042816162,0.60009765625,48.8125
1487299,14379852,AZ.KNW.HHZ,1,down,9.002504348754883,0.759765625,17.15625
2237090,14207064,CI.WCS.EHZ,0,up,14.74329662322998,1.76953125,5.46875
1218544,14289528,PB.B084.EHZ,0,up,105.6476821899414,2.0703125,75.9375
1418798,15161585,EN.RED.EHZ,1,down,227.10971069335938,2.359375,2.6796875
2084369,9677477,CI.CLC.EHZ,0,up,23.710906982421875,1.6796875,34.78125
2010791,10014393,CI.FIG.HHZ,0,up,21.689247131347656,2.990234375,83.875
2456293,10837229,CI.BAC.EHZ,0,up,20.275436401367188,1.0498046875,25.3125
2135571,9968529,AZ.KNW.HHZ,0,up,27.72721290588379,1.5,36.0
1034950,10373141,CI.HDB.EHZ,1,down,7.319779872894287,1.1796875,19.359375
2022137,11336098,PB.B081.EHZ,1,down,10.463459968566895,1.3603515625,49.375
333511,9710409,AZ.WMC.HHZ,0,up,4.471918106079102,1.7001953125,42.375
789767,9162692,CI.JRC.HHZ,1,down,289.8345031738281,2.76953125,12.3984375
1231167,9138896,CI.GTM.EHZ,1,down,27.54420280456543,2.23046875,36.59375
1275953,12987488,CI.ABL.EHZ,0,up,8.51596450805664,2.189453125,98.8125
1507333,15011452,CI.TOR.HHZ,1,down,11.854308128356934,0.58984375,17.875
2387933,14253352,AZ.PFO.HHZ,0,up,5.175060749053955,0.39990234375,24.265625
1896805,9930013,CI.HMT.EHZ,1,down,7.602403163909912,1.2998046875,63.90625
794782,9161511,CI.WSH.EHZ,1,down,5.73322868347168,1.0302734375,56.15625
196666,10320985,PB.B084.EHZ,0,up,40.63673400878906,0.39990234375,7.58984375
569640,10656157,ZY.MLDN.EHZ,1,down,54.8548469543457,2.48046875,67.6875
2308098,11405698,CI.ISA.HHZ,0,up,10.205796241760254,1.26953125,64.6875
643766,9675953,CI.SRT.EHZ,0,up,2.7490148544311523,1.849609375,38.625
2076399,11049173,CI.VTV.HHZ,1,down,2.5575757026672363,2.009765625,56.03125
2092209,14554620,CI.SWS.HHZ,1,down,34.470245361328125,1.8203125,12.53125
1891007,14159000,CI.MPM.HHZ,0,up,31.855052947998047,0.3701171875,20.609375
1641952,10293941,PB.B082.EHZ,0,up,7.348943710327148,1.01953125,55.0
1764014,9635165,CI.OAT.EHZ,1,down,3.7644007205963135,1.8896484375,16.796875
515488,11085746,CI.CRR.EHZ,1,down,51.369754791259766,2.6796875,47.21875
1884468,14463488,CI.SNO.HHZ,1,down,4.110869884490967,1.3701171875,67.375
1096182,10793293,CI.TOR.HHZ,1,down,11.166200637817383,2.380859375,26.984375
1600209,9140669,CI.BAC.EHZ,1,down,35.61667251586914,2.05078125,58.03125
1730004,14062116,CI.BTL.EHZ,1,down,8.193999290466309,1.1298828125,66.625
2005481,11025757,AZ.KNW.HHZ,0,up,5.039093017578125,0.580078125,5.26953125
684752,14198048,CI.LDR.HHZ,0,up,4.320127010345459,1.4501953125,60.9375
256778,11276530,CI.RVR.HHZ,0,up,6.806808948516846,1.1904296875,18.53125
1417272,10321825,CI.CCC.HHZ,0,up,375.5396728515625,3.44921875,95.4375
1464518,10183041,CI.FRK.EHZ,0,up,31.634523391723633,1.8896484375,45.3125
2458508,10263581,AZ.KNW.HHZ,0,up,29.0345516204834,0.64013671875,3.640625
1000028,11372586,CI.SUN.EHZ,0,up,43.46227264404297,0.85009765625,7.30078125
2157945,14607972,CI.FRK.EHZ,1,down,7.693994045257568,4.69921875,104.5
522241,10236453,CI.WRC.EHZ,0,up,17.110416412353516,0.72998046875,14.078125
2016832,10280521,CI.PMD.HHZ,1,down,23.920564651489258,1.08984375,25.765625
69449,9170890,CI.ALV.EHZ,0,up,7.821173191070557,1.2001953125,32.3125
1707931,10493893,PB.B087.EHZ,1,down,14.236432075500488,1.169921875,70.0625
2464502,14981076,CI.IR2.EHZ,1,down,6.765541076660156,1.3798828125,43.1875
568281,9676125,CI.WNM.EHZ,1,down,5.8668036460876465,1.099609375,20.1875
748382,9683201,CI.WWP.EHZ,1,down,12.037110328674316,1.330078125,39.3125
1925488,11374266,PB.B081.EHZ,0,up,66.27426147460938,0.77978515625,8.9375
1548843,14097500,CI.SLR.HHZ,1,down,23.199472427368164,1.169921875,23.15625
1861005,9646497,CI.SUN.EHZ,0,up,8.610433578491211,2.490234375,76.9375
1149063,14153028,AZ.FRD.HHZ,0,up,30.662084579467773,0.93017578125,10.7265625
1268232,11035909,CI.HMT.EHZ,0,up,77.959228515625,2.369140625,43.9375
2028569,9695177,CI.SUN.EHZ,0,up,14.852595329284668,2.26953125,72.9375
1688355,14437872,CI.SWS.HHZ,1,down,4.139826774597168,1.2900390625,40.90625
1314185,9677809,CI.WRC.EHZ,0,up,63.445125579833984,2.0390625,24.34375
2195597,12880164,CI.RAY.EHZ,0,up,5.59365177154541,0.830078125,14.21875
544474,11064757,CI.RXH.HHZ,0,up,12.86562728881836,1.419921875,8.9296875
185877,9640993,CI.AGA.HHZ,0,up,12.715378761291504,1.5498046875,29.796875
151813,10765365,AZ.LVA2.HHZ,0,up,18.188974380493164,2.25,119.9375
1002382,10357861,AZ.CRY.HHZ,1,down,4.960594177246094,0.68994140625,17.84375
1132668,9818673,CI.BAC.EHZ,0,up,13.373485565185547,1.1904296875,35.9375
851179,15114041,EN.ELM.EHZ,1,down,2.8129489421844482,0.7998046875,9.34375
700871,11053477,AZ.PFO.HHZ,1,down,6.8560709953308105,0.7001953125,24.1875
1015265,14153396,CI.POB.EHZ,0,up,20.36427116394043,1.23046875,35.6875
2372318,9727545,CI.POB.EHZ,0,up,18.452938079833984,1.330078125,59.1875
1468776,10745653,CI.BTL.EHZ,1,down,11.177634239196777,1.1396484375,32.34375
1286,9942749,CI.PLM.HHZ,0,up,108.62078094482422,1.8603515625,27.53125
1812995,10295477,PB.B087.EHZ,1,down,6.598809719085693,0.8798828125,3.9296875
211590,14215812,CI.EMS.EHZ,0,up,54.04736328125,3.740234375,58.25
1186942,14693988,ZY.WAGN.EHZ,1,down,60.74031066894531,1.48046875,5.76171875
1141855,10188289,AZ.YAQ.HHZ,1,down,19.31918716430664,1.83984375,56.625
1237385,10071173,CI.FLS.EHZ,1,down,7.606241703033447,3.119140625,101.75
274510,9153867,CI.TPO.EHZ,0,up,28.194211959838867,1.7998046875,20.515625
993924,14855860,AZ.SND.HHZ,1,down,30.282928466796875,1.3798828125,42.0
799718,12458740,CI.IKP.EHZ,1,down,24.007808685302734,2.41015625,83.1875
2046197,14692780,ZY.USG.EHZ,1,down,2.5781352519989014,1.2197265625,23.421875
986854,9168838,CI.SME.EHZ,1,down,9.158588409423828,1.9599609375,83.625
1037390,14234856,CI.BEL.HHZ,0,up,8.54069709777832,2.369140625,105.875
1484583,14086792,CI.TPC.EHZ,1,down,3.8486363887786865,1.1904296875,83.4375
1763843,14077528,CI.WMF.EHZ,1,down,266.3315124511719,1.400390625,5.48046875
645276,10840549,AZ.CRY.HHZ,0,up,645.0979614257812,3.16015625,60.875
718117,14253468,CI.SS2.EHZ,0,up,46.7639274597168,1.830078125,28.625
1348115,14247180,CI.RMR.EHZ,0,up,39.652164459228516,2.169921875,93.125
198296,9809401,AZ.BZN.HHZ,0,up,8.815855026245117,1.1396484375,11.3828125
159848,10720893,CI.SGL.EHZ,0,up,27.237483978271484,1.9404296875,25.015625
114459,9722941,CI.MIR.EHZ,0,up,4.736842632293701,1.6201171875,36.59375
2137174,9881005,CI.WS2.EHZ,1,down,6.205587863922119,1.759765625,81.0
275354,11068373,CI.CRR.EHZ,1,down,4.606046199798584,1.240234375,46.625
1190898,11359250,CI.HMT.EHZ,1,down,8.262003898620605,1.080078125,38.125
2445366,10496693,PB.B916.EHZ,0,up,24.218549728393555,1.76953125,34.625
607133,15011964,NN.BON.EHZ,1,down,75.23381042480469,1.6904296875,65.75
1811954,9172993,CI.BTL.EHZ,0,up,9.927292823791504,2.16015625,84.125
2377741,10319177,CI.MWC.HHZ,1,down,28.78887176513672,0.8701171875,9.671875
2154072,14157488,CI.DNR.HHZ,0,up,11.49400806427002,1.2802734375,47.71875
1760298,9170457,CI.RMR.EHZ,0,up,8.073434829711914,1.6103515625,64.0
1701757,11377522,AZ.LVA2.HHZ,1,down,29.231121063232422,0.56005859375,13.640625
328854,15134945,AZ.PFO.HHZ,1,down,15.354105949401855,1.08984375,16.90625
142956,14624708,ZY.USG.EHZ,1,down,10.671935081481934,1.8896484375,12.21875
248571,10283725,CI.HEC.HHZ,1,down,64.91741180419922,2.51953125,34.21875
2378373,15139625,CI.CHF.HHZ,1,down,2.6661787033081055,0.83984375,93.6875
974961,9147216,CI.WNM.EHZ,1,down,8.04771900177002,1.009765625,18.953125
1643104,10168561,CI.YUH.EHZ,1,down,25.272428512573242,3.939453125,93.0625
1933770,10178861,AZ.BZN.HHZ,0,up,5.315630912780762,0.56982421875,18.046875
1119309,13932076,AZ.LVA2.HHZ,0,up,48.845741271972656,1.2900390625,18.046875
652593,15073764,CI.SMW.HHZ,1,down,91.91474151611328,2.630859375,37.125
185559,13656948,CI.CAP.HHZ,0,up,2.436443567276001,0.9501953125,56.46875
1397295,11413586,CI.BLA2.HHZ,0,up,53.862667083740234,1.9404296875,37.90625
786917,11276042,CI.JRC2.HHZ,1,down,6.339731693267822,0.449951171875,14.0625
1132436,9166482,CI.MPM.HHZ,0,up,43.66001510620117,1.2998046875,30.296875
1977608,9652545,CI.BTL.EHZ,0,up,288.1347961425781,3.83984375,40.0625
1251626,9167648,CI.COA.EHZ,1,down,3.9957170486450195,1.7001953125,56.0625
426301,14923300,CI.SNO.HHZ,1,down,6.557804107666016,1.58984375,100.875
205523,9705169,CI.WNM.EHZ,1,down,3.9058165550231934,1.5,18.25
1268817,14078888,CI.GTM.EHZ,0,up,246.63609313964844,1.490234375,9.5703125
369184,14384376,CI.BBR.HHZ,1,down,3.699033737182617,1.6103515625,34.25
1099194,10826101,AZ.KNW.HHZ,1,down,13.739869117736816,0.77001953125,38.9375
534777,10737413,AZ.SMER.HHZ,0,up,19.315065383911133,2.7109375,67.875
2288555,10529229,PB.B093.EHZ,1,down,6.286770343780518,1.0400390625,42.46875
751612,10494629,PB.B084.EHZ,1,down,19.3906192779541,0.39990234375,11.671875
15131,10330321,NC.MMI.EHZ,0,up,41.263343811035156,1.3896484375,81.5625
703743,14844196,CI.BAT.EHZ,1,down,2.474658966064453,1.6904296875,41.0625
353455,10228821,CI.MPM.HHZ,0,up,23.65097999572754,0.60986328125,17.15625
583201,10260957,CI.BAC.EHZ,1,down,33.194705963134766,1.759765625,48.34375
1689549,14149400,CI.RUN.EHZ,0,up,12.136487007141113,2.19921875,98.375
2354675,14079664,AZ.LVA2.HHZ,1,down,18.56404685974121,1.9697265625,110.25
636265,10836029,AZ.LVA2.HHZ,1,down,12.033158302307129,1.7099609375,96.0625
1820196,9808125,CI.WRV.EHZ,1,down,48.176822662353516,1.2197265625,6.5390625
1162165,12883804,CI.BEL.HHZ,0,up,10.745502471923828,1.9599609375,82.4375
1437198,10344593,PB.B087.EHZ,1,down,3.141936779022217,1.08984375,57.71875
1881625,9996073,CI.TOW.EHZ,0,up,3.010092258453369,1.099609375,25.1875
1456722,10546253,CI.TPM.EHZ,0,up,7.769967079162598,2.33984375,44.125
938786,9941013,CI.WNM.EHZ,1,down,12.160943984985352,1.6904296875,28.546875
958254,11359938,PB.B082.EHZ,0,up,26.290882110595703,0.6298828125,17.890625
2361474,10534725,CI.PLS.HHZ,0,up,16.345169067382812,2.3203125,70.8125
391198,15116089,CI.PMD.HHZ,1,down,8.966641426086426,3.330078125,90.1875
2357824,10913325,AZ.KNW.HHZ,0,up,9.086463928222656,0.83984375,3.91015625
2393606,9675221,CI.WLH.EHZ,0,up,3.916236162185669,1.490234375,43.21875
1411460,11046285,CI.TPC.EHZ,0,up,5.744618892669678,1.2900390625,66.375
2040890,14072872,CI.WVP.EHZ,0,up,115.85964965820312,1.2001953125,14.5390625
767963,9158884,CI.WLH.EHZ,1,down,70.1488265991211,1.919921875,29.6875
2457640,14255740,CI.PLM.HHZ,0,up,7.704486846923828,1.2099609375,44.125
1610535,10866733,AZ.TRO.HHZ,1,down,174.90187072753906,2.3203125,27.6875
274717,10543765,AZ.SND.HHZ,0,up,2.980207920074463,0.77001953125,7.1015625
323071,11375506,CI.RXH.HHZ,1,down,17.09061622619629,0.7998046875,0.7998046875
2247797,11088506,CI.WWC.HHZ,0,up,24.748804092407227,1.5400390625,25.65625
1978567,10589989,ZY.WAGN.EHZ,0,up,8.111649513244629,2.359375,31.796875
2455648,12459544,CI.CTW.EHZ,0,up,19.132966995239258,2.2109375,57.625
27097,9148441,CI.CFL.EHZ,1,down,10.660102844238281,1.669921875,55.625
2397139,10313373,CI.BTL.EHZ,1,down,63.3325309753418,2.94921875,35.625
1263566,10147877,CI.BAC.EHZ,1,down,7.070559978485107,1.080078125,27.234375
1407242,10080633,AZ.RDM.HHZ,0,up,8.368508338928223,1.2001953125,35.90625
1386426,14196136,AZ.CRY.HHZ,1,down,16.15038299560547,1.099609375,30.390625
1252697,14199452,WR.CSP.EHZ,0,up,3.5332741737365723,1.259765625,17.546875
1114285,10247593,CI.LEO.EHZ,1,down,39.98834228515625,2.189453125,86.5625
66830,9709813,CI.WOR.EHZ,1,down,5.583611488342285,1.400390625,47.53125
100314,11280634,AZ.CRY.HHZ,1,down,26.748422622680664,1.3603515625,38.9375
603515,9687265,CI.WOF.EHZ,0,up,5.525163650512695,2.01953125,91.1875
727777,14263428,CI.JRC2.HHZ,0,up,43.3973274230957,0.56005859375,5.828125
1139933,11385122,CI.WAS.EHZ,0,up,18.546274185180664,2.1796875,96.8125
2032408,10750613,PB.B087.EHZ,1,down,4.24033784866333,0.990234375,38.5625
926264,14217124,CI.HEC.HHZ,0,up,8.140873908996582,1.3095703125,18.734375
765306,10218453,CI.BAC.EHZ,1,down,15.258986473083496,1.08984375,26.296875
641050,9807613,CI.SME.EHZ,0,up,3.1809544563293457,0.60009765625,24.140625
1818618,14132496,AZ.KNW.HHZ,0,up,4.822249412536621,1.1103515625,30.5
470905,12467432,CI.WMF.EHZ,1,down,22.851144790649414,0.56005859375,10.0078125
1448632,15088076,CI.CIA.HHZ,1,down,11.230531692504883,1.48046875,33.0625
836849,11127674,BC.RMX.HHZ,1,down,3.8540496826171875,1.75,12.71875
2047323,10288477,CI.BLA.HHZ,1,down,23.16843032836914,2.150390625,72.375
1420805,11024717,PB.B916.EHZ,1,down,16.95880889892578,1.169921875,25.1875
18334,9676413,CI.JRC.HHZ,0,up,18.145416259765625,2.359375,9.296875
1470814,10497653,AZ.PFO.HHZ,1,down,8.622803688049316,0.8701171875,25.59375
2051271,10355201,AZ.BZN.HHZ,0,up,33.67160415649414,1.2197265625,16.484375
1763044,14329552,CI.WAS.EHZ,1,down,2.9337666034698486,1.3701171875,79.9375
2289791,11407730,PB.B093.EHZ,0,up,12.307233810424805,1.169921875,5.80859375
1319732,14359212,AZ.BZN.HHZ,1,down,6.466586589813232,0.360107421875,11.8828125
92941,14189216,CI.JNH.EHZ,0,up,57.666324615478516,0.7998046875,3.23046875
1973743,11133466,CI.PASC.HHZ,1,down,26.287132263183594,1.4404296875,10.671875
1759672,10791677,CI.YUH.EHZ,0,up,96.38545227050781,1.919921875,29.4375
72179,11026581,PB.B917.EHZ,1,down,266.5337829589844,2.5390625,61.53125
1194664,10891349,CI.YUH.EHZ,1,down,41.03816223144531,1.4404296875,46.5
840266,11348762,AZ.CPE.HHZ,1,down,4.949191570281982,1.2099609375,80.0625
2019373,9745373,CI.SPG.HHZ,0,up,9.173340797424316,1.9599609375,45.9375
1718278,10724309,CI.WES.HHZ,0,up,6.211885452270508,1.5703125,15.203125
1497091,9742177,CI.HMT.EHZ,0,up,12.965800285339355,1.490234375,45.15625
458845,10926917,CI.MPM.HHZ,0,up,33.66472244262695,0.8701171875,34.9375
1020318,10206589,CI.WMF.EHZ,1,down,16.815977096557617,1.33984375,22.65625
1587649,10599165,ZY.OYSB.EHZ,0,up,1.6557910442352295,1.6298828125,8.0078125
279393,14002852,CI.BTL.EHZ,1,down,3.5469846725463867,1.41015625,31.90625
390724,10490213,CI.COA.EHZ,0,up,16.686626434326172,2.349609375,54.21875
909688,12443920,AZ.LVA2.HHZ,1,down,12.908051490783691,1.6103515625,45.40625
2034965,10000913,CI.PLS.EHZ,0,up,4.793961524963379,1.26953125,15.6171875
1357027,14957676,AZ.PFO.HHZ,1,down,4.1953511238098145,1.490234375,17.984375
362856,13946548,CI.HMT.EHZ,0,up,9.239011764526367,1.51953125,45.03125
897940,11416250,AZ.FRD.HHZ,0,up,334.0619812011719,1.6201171875,12.171875
1865607,14598172,PB.B087.EHZ,1,down,37.76622772216797,2.439453125,105.6875
499144,14384264,CI.PSR.HHZ,1,down,6.891062259674072,1.5498046875,15.9765625
1128292,14073144,CI.PEM.EHZ,0,up,52.44479751586914,2.599609375,55.0625
240234,13913628,CI.TOW.EHZ,1,down,99.02950286865234,2.060546875,14.0390625
875481,9152410,CI.CDY.EHZ,0,up,10.68546199798584,0.56005859375,16.828125
2417279,10497909,AZ.BZN.HHZ,1,down,12.234071731567383,0.449951171875,8.8828125
850541,7190988,CI.WMF.EHZ,0,up,54.04928207397461,1.400390625,12.59375
194008,10255481,AZ.CRY.HHZ,1,down,56.53815460205078,2.029296875,85.9375
2406748,9169844,CI.TOW.EHZ,0,up,17.68555450439453,1.1298828125,14.3671875
562875,11249938,CI.GLA.HHZ,1,down,3.4210736751556396,2.220703125,93.1875
1518675,10316833,CI.CRR.EHZ,1,down,186.59239196777344,1.9296875,24.453125
2457583,9690821,CI.SRT.EHZ,0,up,6.434136390686035,2.51953125,66.375
1374219,11407658,CI.BOM.HHZ,0,up,9.862451553344727,2.1796875,19.859375
994143,10721797,CI.YUH.EHZ,0,up,86.38030242919922,1.849609375,21.1875
2292718,11002077,AZ.PFO.HHZ,1,down,18.879724502563477,1.240234375,13.7890625
2478673,14183664,CI.RRX.HHZ,1,down,6.743958950042725,2.599609375,89.1875
2480006,10404369,CI.TPC.EHZ,1,down,19.388113021850586,1.9697265625,83.125
130369,10832669,CI.SGL.EHZ,1,down,12.828547477722168,1.900390625,35.09375
119381,14500648,PB.B918.EHZ,1,down,8.80856704711914,0.56005859375,28.15625
843074,9698813,CI.WMF.EHZ,1,down,12.056864738464355,1.650390625,13.328125
1319232,11004997,PB.B918.EHZ,0,up,27.399370193481445,0.6298828125,11.4921875
85648,11209498,CI.JRC2.HHZ,0,up,8.798966407775879,0.1300048828125,13.8515625
2492456,10081889,CI.WNM.EHZ,0,up,2.2934389114379883,0.68994140625,46.5625
418294,11338050,CI.WOF.EHZ,1,down,49.004547119140625,2.630859375,80.875
1687364,14725164,ZY.PNTO.EHZ,1,down,8.10705852508545,2.119140625,35.46875
1837649,11406826,AZ.WMC.HHZ,0,up,204.67715454101562,1.98046875,16.625
1234365,10237721,PB.B086.EHZ,0,up,10.971570014953613,0.580078125,25.921875
83226,14197540,CI.LTP.HHZ,0,up,2.047076940536499,1.599609375,12.84375
1064137,9872737,CI.WNM.EHZ,0,up,3.662775993347168,1.9697265625,89.8125
1819594,9146628,CI.MPM.HHZ,0,up,382.4894714355469,1.8603515625,9.28125
1487240,14018468,CI.ERP.EHZ,0,up,9.292245864868164,1.099609375,6.890625
1820768,13916860,CI.RMM.EHZ,0,up,2.3467633724212646,0.83984375,40.3125
1443482,11409130,AZ.TRO.HHZ,1,down,6.341612815856934,0.89990234375,4.69140625
2443664,12915496,CI.WAS.EHZ,0,up,2.411482572555542,1.400390625,42.71875
1912663,10586501,ZY.MLDN.EHZ,1,down,3.4830315113067627,1.66015625,9.7421875
1411091,14894260,CI.ERR.HHZ,1,down,65.57456970214844,3.830078125,55.34375
597709,10861621,PB.B082.EHZ,0,up,16.929384231567383,1.1796875,42.84375
1883448,9159030,CI.GRP.EHZ,0,up,16.22118377685547,1.599609375,60.3125
88347,14149304,CI.TPC.EHZ,0,up,51.723575592041016,1.48046875,46.0625
441277,10354649,AZ.LVA2.HHZ,0,up,2.5006864070892334,0.1300048828125,20.203125
1245699,14597084,PB.B084.EHZ,1,down,101.95577239990234,2.0,52.03125
1258189,9141993,CI.RMR.EHZ,0,up,48.77113342285156,1.669921875,21.359375
327719,9140291,CI.RMR.EHZ,1,down,37.133872985839844,1.58984375,21.0625
967351,10401025,CI.TOW.EHZ,1,down,4.159006118774414,1.0302734375,24.125
1258140,9854621,CI.SKY.EHZ,1,down,189.36669921875,2.69921875,39.5
44251,14217768,CI.HMT.EHZ,1,down,2.848742961883545,0.77978515625,48.34375
2019869,9169919,CI.HYS.EHZ,1,down,6.5290985107421875,1.5302734375,98.5625
182499,10356149,CI.VES.HHZ,0,up,8.084504127502441,1.7197265625,69.3125
1933824,11051245,CI.BEL.HHZ,1,down,14.744956970214844,1.75,30.484375
199950,10635053,ZY.WAGN.EHZ,1,down,22.356077194213867,1.400390625,9.90625
2182082,11127242,PB.B093.EHZ,1,down,11.70729923248291,0.66015625,14.6328125
302059,10929253,AZ.LVA2.HHZ,0,up,10.123169898986816,0.75,17.9375
1370710,11414394,AZ.WMC.HHZ,0,up,296.7699890136719,3.630859375,97.6875
1211220,9157879,CI.EW2.EHZ,1,down,10.931269645690918,2.44921875,83.0625
225016,9647689,CI.XMS.EHZ,0,up,18.182523727416992,2.3203125,73.125
1389956,9817761,AZ.KNW.HHZ,0,up,14.562357902526855,1.2998046875,1.099609375
486552,9167234,CI.YUH.EHZ,0,up,136.0501708984375,1.0,12.75
394747,10765581,CI.SKY.EHZ,0,up,1.7468903064727783,1.1298828125,21.6875
1755405,9170278,CI.RAY.EHZ,0,up,3.208021402359009,1.3603515625,45.34375
1439080,9773825,CI.BEL.HHZ,1,down,4.545236110687256,1.1298828125,60.21875
277425,9996449,CI.PLM.HHZ,0,up,2.3495635986328125,0.58984375,40.34375
772036,9142364,CI.WWP.EHZ,0,up,50.563846588134766,1.7802734375,58.28125
1208592,10320989,CI.LRL.HHZ,0,up,5.627254009246826,1.0,8.8828125
2397143,10741061,AZ.TRO.HHZ,0,up,1.3637226819992065,0.93017578125,8.203125
532904,9937033,CI.SIL.EHZ,0,up,78.46662902832031,1.66015625,5.16015625
2326557,14286612,CI.PSR.HHZ,1,down,8.61226749420166,1.3603515625,25.484375
553297,10370393,PG.EC.EHZ,1,down,41.96404266357422,2.30078125,51.875
524919,14595740,CI.PMD.HHZ,1,down,8.558931350708008,0.6298828125,21.09375
1309204,10260641,AZ.RDM.HHZ,1,down,5.152314186096191,0.919921875,36.75
41850,12879988,AZ.SND.HHZ,0,up,23.67595672607422,1.73046875,49.40625
1702081,9158377,CI.RAY.EHZ,1,down,14.064239501953125,1.580078125,9.5078125
1850061,10069397,CI.EML.HHZ,0,up,31.83106231689453,1.580078125,73.125
1441698,9722709,CI.ERR.HHZ,1,down,2.5135183334350586,1.759765625,23.90625
1120664,9159697,CI.BAC.EHZ,1,down,19.981565475463867,1.8095703125,47.5
1763189,14162532,CI.GTM.EHZ,1,down,16.92171287536621,1.66015625,53.21875
1849416,10227825,CI.EML.HHZ,0,up,36.50870132446289,1.330078125,51.90625
322624,14131684,CI.JCS.HHZ,0,up,33.359397888183594,1.8896484375,33.8125
1062297,11418570,CI.BFS.HHZ,0,up,5.250779151916504,1.0,39.5
188038,10620485,CI.HMT.EHZ,1,down,20.55799102783203,1.080078125,23.171875
1038494,10786597,CI.BC3.HHZ,0,up,8.295648574829102,3.720703125,105.25
2055953,10147749,CI.WRV.EHZ,0,up,11.515118598937988,0.81005859375,41.1875
1423699,9675701,CI.SND.EHZ,0,up,6.963698387145996,1.650390625,102.875
1697822,9652493,CI.JRC.HHZ,0,up,4.71232795715332,1.75,10.53125
1628247,14403064,CI.TOR.HHZ,1,down,2.9300358295440674,1.0703125,86.5625
399600,14562476,CI.TPC.EHZ,1,down,7.7073469161987305,1.5,71.3125
2085051,9876885,CI.WAS.EHZ,1,down,11.643389701843262,2.08984375,48.3125
2425637,10180610,AZ.CRY.HHZ,0,up,8.75849723815918,0.389892578125,37.875
43521,10287709,AZ.SND.HHZ,0,up,14.407735824584961,1.400390625,47.21875
1800736,14325812,AZ.KNW.HHZ,1,down,56.69417190551758,1.669921875,47.75
315359,15185881,CI.JVA.HHZ,1,down,2.998868942260742,1.33984375,81.0
2284724,14096300,CI.TJR.EHZ,0,up,15.169163703918457,1.7001953125,42.15625
1687884,9135945,CI.RMR.EHZ,0,up,35.01169967651367,1.2099609375,21.34375
388847,10355529,CI.SKY.EHZ,1,down,6.024051189422607,1.099609375,15.703125
2414857,14146588,CI.WNM.EHZ,1,down,33.0642204284668,0.89990234375,9.3203125
1313827,9929893,CI.SWS.HHZ,1,down,8.773063659667969,1.3798828125,33.5
1484074,14190588,CI.TJR.EHZ,0,up,77.2099838256836,1.98046875,24.375
771731,9989117,CI.SGL.EHZ,0,up,13.282922744750977,1.099609375,7.26171875
1089952,9849017,CI.BFS.HHZ,0,up,18.911867141723633,2.650390625,71.5
1399294,9135880,CI.BAC.EHZ,0,up,6.680641174316406,1.5,80.8125
2477260,9736669,CI.DJJ.HHZ,1,down,13.344017028808594,1.51953125,8.15625
2483680,11412442,PB.B081.EHZ,0,up,7.092902183532715,0.260009765625,10.4765625
1592652,14288124,CI.DNR.HHZ,1,down,8.488696098327637,0.990234375,49.4375
640170,10283337,AZ.KNW.HHZ,0,up,62.332218170166016,1.009765625,2.419921875
322327,9815825,CI.CHF.HHZ,0,up,4.353580474853516,1.830078125,89.375
306283,10232593,AZ.SND.HHZ,0,up,13.804226875305176,0.91015625,13.8203125
2261429,10702109,PB.B087.EHZ,0,up,7.6009931564331055,0.449951171875,27.0625
109883,9158139,CI.HMT.EHZ,1,down,1.6762351989746094,1.0,81.375
1759445,10058261,AZ.PFO.HHZ,1,down,5.067779064178467,0.830078125,22.890625
380073,14189920,CI.PSP.EHZ,0,up,4.450735569000244,1.5,19.78125
1183618,14087248,CI.WCS.EHZ,0,up,13.665131568908691,0.83984375,5.2890625
2418920,9776737,CI.LTC.EHZ,1,down,13.680367469787598,1.7998046875,60.0
474361,11089266,CI.TPC.EHZ,1,down,19.03278160095215,1.0400390625,29.640625
1508504,10786805,CI.WMF.EHZ,1,down,45.99781036376953,1.240234375,4.94921875
284464,10409289,PB.B093.EHZ,0,up,6.226949691772461,0.52978515625,22.421875
125075,13974572,CI.SLR.HHZ,1,down,5.756563663482666,1.7900390625,33.90625
1843275,14342384,ZY.SHF2.HHZ,0,up,6.194056987762451,0.9501953125,28.265625
558836,9873585,CI.WOR.EHZ,0,up,5.473365783691406,1.6396484375,55.0
272209,14407360,CI.SGL.EHZ,1,down,32.7230339050293,1.7197265625,39.8125
318475,9737981,CI.JRC.HHZ,0,up,15.97221565246582,1.6103515625,9.0703125
2310910,10988381,CI.TOR.HHZ,0,up,3.989793300628662,1.0498046875,72.125
1250773,14570236,CI.BOR.HHZ,1,down,171.52523803710938,2.599609375,21.703125
706619,10594125,ZY.SHCM.EHZ,1,down,9.882621765136719,2.240234375,38.6875
1528791,9753965,CI.SAD.EHZ,1,down,103.36649322509766,3.0703125,31.84375
198230,11005373,CI.SAL.HHZ,0,up,2.6361770629882812,1.2900390625,28.546875
592598,10603573,ZY.OCCM.EHZ,0,up,13.448094367980957,2.0,12.5
1552747,10188069,CI.SAL.HHZ,0,up,22.12844467163086,1.759765625,11.2578125
1190138,14999820,PB.B082.EHZ,1,down,26.194110870361328,0.89013671875,16.109375
2118962,14207308,CI.EML.HHZ,1,down,10.171361923217773,1.099609375,37.25
1873569,14552332,PB.B093.EHZ,1,down,41.787109375,1.8095703125,50.21875
1694656,10773053,CI.CLC.HHZ,1,down,45.79011154174805,0.93994140625,33.375
1398506,11283874,CI.WOF.EHZ,0,up,10.628144264221191,1.150390625,17.703125
613833,9829709,AZ.CRY.HHZ,1,down,57.841217041015625,0.740234375,8.7421875
496304,7206158,CI.TPM.EHZ,1,down,8.33597183227539,1.66015625,36.8125
1107127,14205952,CI.BAT.EHZ,1,down,18.9498233795166,1.4404296875,37.78125
1794875,14220260,CI.DPP.HHZ,1,down,2.664907455444336,1.099609375,70.8125
1851033,10380865,CI.JEM.HHZ,1,down,7.039867877960205,0.7900390625,45.03125
1418592,9907345,CI.FRK.EHZ,1,down,12.533051490783691,1.419921875,23.921875
1059808,7176285,CI.HDB.EHZ,0,up,8.692829132080078,1.400390625,10.21875
479450,13887480,CI.WRV.EHZ,1,down,17.117685317993164,0.52001953125,1.76953125
1177107,15158729,EN.ENG.EHZ,1,down,182.01795959472656,2.16015625,5.01171875
1188353,12451580,AZ.CRY.HHZ,1,down,180.1639404296875,1.740234375,37.84375
235966,10320709,CI.YUH.EHZ,0,up,104.79866790771484,0.9599609375,5.87109375
1780808,10902397,AZ.PFO.HHZ,0,up,5.435124397277832,0.35009765625,25.765625
88132,10057525,CI.CFT.EHZ,0,up,4.267675399780273,1.3203125,30.625
1466002,9691033,CI.CLC.HHZ,1,down,6.8078460693359375,1.2001953125,36.625
303752,10932453,CI.DPP.HHZ,0,up,19.689329147338867,1.3896484375,55.40625
652582,11385146,EN.ENG.EHZ,0,up,11.24858283996582,0.39990234375,6.37890625
222665,9688549,CI.WNM.EHZ,1,down,9.814620018005371,0.89990234375,21.390625
1051268,10318985,CI.EML.HHZ,1,down,7.447240352630615,1.6201171875,84.625
593134,9683585,CI.SBK.EHZ,1,down,14.350282669067383,2.5703125,103.9375
728790,10992653,PB.B093.EHZ,0,up,9.023452758789062,0.830078125,41.375
842985,9146581,CI.HEC.HHZ,0,up,145.3244171142578,2.740234375,7.01953125
1566214,11672352,CI.WJP.EHZ,1,down,12.908835411071777,1.6103515625,84.0
783,10612597,ZY.OYSB.EHZ,1,down,10.016524314880371,0.89990234375,16.40625
714266,10326225,CI.CLC.HHZ,1,down,6.517597198486328,1.3701171875,35.1875
2456316,11000357,AZ.BZN.HHZ,1,down,4.210600852966309,1.099609375,14.453125
1863872,10265573,CI.POB.EHZ,0,up,4.714738368988037,0.77001953125,34.8125
798333,11362770,AZ.BZN.HHZ,0,up,2.7246272563934326,0.669921875,16.296875
1585702,14190076,CI.SDR.HHZ,0,up,61.025413513183594,3.33984375,108.875
1510114,14174700,CI.SBB2.HHZ,1,down,16.199275970458984,1.849609375,96.9375
828125,11279706,AZ.PFO.HHZ,1,down,88.36139678955078,1.1796875,12.7734375
2196106,9159913,CI.WSH.EHZ,1,down,8.396613121032715,1.3798828125,54.4375
2003382,10233277,CI.BOR.HHZ,0,up,3.837458372116089,0.990234375,15.046875
1287380,10217025,CI.PEM.EHZ,0,up,3.5133883953094482,1.599609375,27.9375
1943857,14057648,AZ.BZN.HHZ,0,up,12.650527954101562,2.23046875,114.25
1584516,14207100,CI.CHF.HHZ,0,up,7.5133442878723145,1.330078125,33.4375
726520,11336290,CI.SUN.EHZ,0,up,34.846248626708984,2.26953125,80.0625
309479,3324008,CI.WNM.EHZ,1,down,6.473054885864258,2.109375,57.125
2075065,9734393,CI.SND.EHZ,0,up,17.49409294128418,1.9404296875,30.09375
2135076,9720717,CI.FRG.EHZ,0,up,97.98503112792969,2.259765625,33.15625
898895,10059241,CI.JVA.HHZ,1,down,2.6510748863220215,2.359375,64.5625
1403732,10498077,CI.EDW2.HHZ,1,down,7.425455093383789,2.0,98.3125
457513,9936537,AZ.LVA2.HHZ,0,up,6.163854598999023,1.2998046875,61.28125
1941016,11090674,AZ.PFO.HHZ,1,down,8.111129760742188,0.1300048828125,17.078125
1618418,11344434,CI.WMF.EHZ,0,up,93.21476745605469,1.169921875,19.859375
2003761,14205896,AZ.FRD.HHZ,1,down,55.68767547607422,1.8798828125,52.5625
262662,13287512,AZ.LVA2.HHZ,0,up,24.164113998413086,1.6396484375,29.015625
492337,10181205,AZ.CRY.HHZ,0,up,11.461310386657715,0.740234375,15.4296875
1324190,14736660,ZY.OCCM.EHZ,1,down,12.74174690246582,0.60986328125,11.9765625
904402,9694485,CI.WNM.EHZ,1,down,8.209765434265137,1.5595703125,18.296875
1594260,14206772,AZ.BZN.HHZ,1,down,2.500401496887207,1.4296875,66.6875
247235,10402209,CI.MWC.HHZ,1,down,4.156734466552734,0.77978515625,33.53125
927430,13658408,CI.POB.EHZ,0,up,190.35267639160156,2.390625,84.875
363088,9628453,CI.SWS.HHZ,1,down,3.028317451477051,1.91015625,31.59375
1403156,10149405,CI.SUN.EHZ,1,down,10.327709197998047,1.5498046875,60.71875
371767,14606564,EN.HAT.EHZ,1,down,46.16804122924805,1.509765625,2.859375
795749,14333052,CI.TEH.HHZ,1,down,448.4107666015625,1.740234375,18.09375
2448345,9139882,CI.GRP.EHZ,0,up,3.07137131690979,0.89990234375,65.75
1395391,14207224,CI.EDW2.HHZ,0,up,10.781649589538574,1.6796875,96.5625
1308919,10479573,CI.LRL.HHZ,1,down,14.753812789916992,2.0703125,100.875
717386,9800821,CI.SME.EHZ,1,down,9.947644233703613,2.0390625,50.65625
254776,9632233,CI.JCS.HHZ,1,down,13.610604286193848,0.66015625,7.80859375
882745,10273593,CI.MPM.HHZ,0,up,6.122548580169678,0.81005859375,38.4375
2072557,14329412,AZ.KNW.HHZ,1,down,33.27171325683594,1.25,32.15625
1898329,9151312,CI.WMF.EHZ,0,up,11.445159912109375,1.099609375,30.515625
1335589,14026000,AZ.BZN.HHZ,0,up,6.718146324157715,1.099609375,24.15625
2481520,10055981,CI.RSS.HHZ,0,up,8.518231391906738,2.900390625,38.875
955722,14076596,CI.GTM.EHZ,0,up,21.797565460205078,2.66015625,88.875
846817,10526525,CI.TPM.EHZ,0,up,11.95999526977539,2.009765625,35.03125
730778,15140729,PB.B093.EHZ,1,down,40.49759292602539,1.1298828125,24.84375
1590819,14550964,CI.PMD.HHZ,1,down,16.61949920654297,0.60009765625,19.265625
1194491,10206461,CI.EML.HHZ,0,up,27.71790313720703,1.1201171875,45.9375
39521,10585357,ZY.OCCM.EHZ,0,up,13.173433303833008,3.099609375,61.0625
2371599,14895180,PB.B917.EHZ,1,down,4.6511359214782715,1.1904296875,82.25
1674989,10206005,CI.TPC.EHZ,0,up,13.79800033569336,1.2099609375,33.875
2431575,10080725,CI.BOR.HHZ,0,up,5.707998275756836,1.6904296875,27.96875
1019311,14342380,CI.JNH.EHZ,1,down,20.592079162597656,1.91015625,69.3125
590028,9132039,CI.TPM.EHZ,1,down,200.94618225097656,2.640625,5.171875
19817,9649501,CI.WHF.EHZ,1,down,5.51999568939209,1.98046875,15.7265625
1452646,9161264,CI.WMF.EHZ,0,up,30.770357131958008,1.2001953125,27.984375
1450679,10227725,CI.EW2.EHZ,0,up,62.21699523925781,1.8701171875,8.546875
992605,13912864,CI.TEH.HHZ,0,up,191.47825622558594,1.580078125,18.84375
1013163,9654341,CI.HMT.EHZ,0,up,3.9970877170562744,2.099609375,74.0625
855918,10785437,CI.YUH.EHZ,1,down,91.52880096435547,1.83984375,46.90625
2048920,10611557,ZY.OCCM.EHZ,0,up,13.787089347839355,1.7099609375,15.9765625
1126288,13939876,AZ.BZN.HHZ,1,down,32.509918212890625,1.76953125,69.8125
1333010,9164362,CI.WRV.EHZ,0,up,21.793909072875977,1.2900390625,10.4921875
682372,9691321,CI.CDY.EHZ,1,down,19.91218376159668,1.16015625,16.25
1087323,12631428,CI.BBR.HHZ,0,up,6.19322395324707,2.01953125,64.125
2306477,9701273,CI.WCS.EHZ,1,down,6.708166599273682,1.8798828125,10.9609375
976988,9627957,CI.SUN.EHZ,0,up,13.792974472045898,2.119140625,69.0625
659374,10725445,PB.B084.EHZ,0,up,4.5273966789245605,0.8798828125,54.1875
1065773,9147293,CI.LRR.EHZ,0,up,10.71743106842041,1.6298828125,48.46875
1939429,10543589,CI.DPP.HHZ,0,up,5.339633464813232,1.33984375,113.4375
1109181,9146897,CI.WRC.EHZ,0,up,246.38951110839844,2.7890625,20.9375
208568,9719037,AZ.BZN.HHZ,1,down,10.402098655700684,1.150390625,15.0078125
2355770,10619541,ZY.OYSB.EHZ,1,down,999.5714721679688,2.599609375,13.28125
2459759,9142474,CI.EW2.EHZ,1,down,9.430275917053223,1.9501953125,54.90625
872481,10769173,PB.B087.EHZ,1,down,18.524219512939453,0.72021484375,7.03125
1798625,14067720,CI.SLR.HHZ,0,up,5.612199306488037,0.7998046875,38.78125
741753,14196016,CI.SKY.EHZ,0,up,1.9045006036758423,1.0400390625,34.375
1589781,14147916,CI.PMD.HHZ,1,down,40.23257064819336,0.7998046875,20.953125
135956,10545445,CI.SDR.HHZ,1,down,8.300265312194824,1.2900390625,31.453125
598303,13949520,CI.GRA.HHZ,1,down,12.760237693786621,2.1796875,43.75
2001745,9163591,CI.WSH.EHZ,1,down,35.78659439086914,1.259765625,36.625
1349456,14213236,CI.TPM.EHZ,0,up,14.88333511352539,1.5400390625,30.453125
332600,10187029,CI.ERP.EHZ,0,up,9.763566017150879,2.619140625,45.59375
503418,9775765,AZ.BZN.HHZ,0,up,210.69967651367188,4.390625,119.6875
1696177,10068841,CI.JVA.HHZ,1,down,4.165210723876953,1.51953125,48.65625
1724025,11332330,CI.JRC2.HHZ,0,up,11.610954284667969,1.5,36.0625
1302264,14186432,AZ.PFO.HHZ,0,up,48.36457443237305,2.359375,86.6875
1520884,14206892,CI.NSS2.HHZ,0,up,3.526474952697754,2.369140625,48.6875
1748914,14333828,AZ.TRO.HHZ,0,up,213.31590270996094,2.240234375,3.970703125
2377033,10904997,EN.RED.EHZ,1,down,3.7726070880889893,0.60009765625,2.490234375
1496621,10965213,CI.WMF.EHZ,1,down,9.68825626373291,1.01953125,15.03125
1969486,14404284,CI.BAC.EHZ,1,down,8.069618225097656,1.7197265625,90.8125
2089969,14372120,EN.YOU.EHZ,1,down,21.231430053710938,2.279296875,12.359375
2176696,14091012,CI.WRC.EHZ,0,up,14.090335845947266,1.2998046875,23.890625
2108994,11056813,CI.CRR.EHZ,1,down,5.322722911834717,0.990234375,28.015625
789064,13937488,AZ.LVA2.HHZ,1,down,59.795753479003906,1.91015625,109.8125
1309155,11273010,CI.RMR.EHZ,0,up,253.35035705566406,2.830078125,18.671875
1495295,10347045,CI.POB.EHZ,0,up,17.20646095275879,1.599609375,39.71875
438210,14206372,CI.BBR.HHZ,1,down,11.59714126586914,2.560546875,56.1875
1508678,10297617,CI.MPM.HHZ,1,down,20.133602142333984,0.6201171875,28.140625
1109669,10280457,AZ.BZN.HHZ,1,down,8.223219871520996,1.1103515625,17.953125
1360948,11086690,CI.QAL.EHZ,1,down,30.915470123291016,3.01953125,83.3125
1990731,10667957,ZY.OCCM.EHZ,0,up,152.78173828125,2.26953125,9.109375
1545719,9998357,CI.LRL.HHZ,0,up,8.331981658935547,2.400390625,99.5
1374780,14886420,CI.DNR.HHZ,1,down,6.4966020584106445,0.85986328125,16.125
901678,10746821,CI.PMD.HHZ,0,up,21.19495964050293,1.4599609375,17.65625
142164,11062653,CI.RMR.EHZ,0,up,3.1074492931365967,1.26953125,60.28125
2045691,10188181,CI.SRN.HHZ,1,down,4.825496196746826,1.349609375,9.8125
1258410,10862293,AZ.CPE.HHZ,1,down,7.90402889251709,1.7998046875,106.0
1828195,9916273,CI.WES.HHZ,1,down,6.64279842376709,1.599609375,9.2265625
1338077,10184841,CI.RMM.EHZ,1,down,5.7874932289123535,1.33984375,31.015625
416031,10062877,CI.WSH.EHZ,1,down,4.869763374328613,0.43994140625,38.03125
1387472,10736069,CI.SDG.HHZ,1,down,111.15916442871094,5.4296875,93.5
113866,10747981,AZ.FRD.HHZ,1,down,49.8300666809082,0.7099609375,9.8125
817405,10929429,PB.B916.EHZ,1,down,11.281547546386719,1.0400390625,42.3125
1924497,14287940,CI.POB.EHZ,0,up,68.30231475830078,1.23046875,9.8515625
2049316,14613684,CI.ERP.EHZ,1,down,4.139005184173584,2.0703125,15.953125
1585405,10399297,AZ.FRD.HHZ,1,down,16.553768157958984,1.259765625,65.0
1115850,9163542,CI.TPM.EHZ,1,down,7.273199081420898,1.0,7.2109375
100563,10994389,AZ.FRD.HHZ,1,down,372.83984375,2.30078125,47.875
1610202,15162529,PB.B087.EHZ,1,down,115.22724151611328,2.4609375,55.28125
1426481,13812164,CI.WHF.EHZ,0,up,6.834172248840332,1.3798828125,63.21875
150390,12955496,CI.TEH.HHZ,0,up,9.013888359069824,1.83984375,15.078125
1651566,13347440,CI.SKY.EHZ,0,up,4.769984245300293,1.509765625,13.6015625
1416901,10671941,ZY.PNTO.EHZ,1,down,29.464550018310547,2.490234375,59.375
1989891,14096824,CI.BTL.EHZ,0,up,6.998988151550293,1.150390625,51.78125
1334983,10588597,ZY.OYSB.EHZ,1,down,13.876002311706543,3.109375,86.1875
2185399,10497413,AZ.KNW.HHZ,0,up,14.543489456176758,0.56005859375,5.94921875
794472,9686565,CI.WBM.EHZ,1,down,76.26898193359375,4.01171875,50.0
1601102,13959992,CI.BBR.HHZ,0,up,5.225312232971191,1.4599609375,43.09375
657310,10148505,AZ.CRY.HHZ,0,up,6.0836181640625,1.2001953125,50.25
312440,10380121,CI.RMR.EHZ,1,down,9.038786888122559,1.3603515625,73.625
874950,9164156,CI.SDD.HHZ,1,down,17.221281051635742,3.009765625,68.8125
681381,14862052,CI.WES.HHZ,1,down,7.2494893074035645,2.75,78.1875
2258436,9855273,AZ.LVA2.HHZ,0,up,21.802261352539062,1.009765625,12.078125
2191076,9157324,CI.GTM.EHZ,1,down,36.85662078857422,1.66015625,17.34375
371408,14187240,CI.CCA.EHZ,0,up,82.7817153930664,2.76953125,48.1875
2192588,14220480,CI.TJR.EHZ,0,up,33.204463958740234,1.98046875,32.09375
1716300,10378993,PB.B086.EHZ,0,up,5.124531269073486,0.52978515625,15.9765625
1978508,9657205,CI.WWP.EHZ,0,up,1.1974049806594849,1.759765625,34.25
713847,10780533,AZ.FRD.HHZ,1,down,7.693355083465576,1.01953125,70.1875
2194005,10231237,AZ.PFO.HHZ,1,down,18.208446502685547,0.990234375,15.3828125
787330,9940369,CI.SKY.EHZ,1,down,6.4471435546875,1.5,23.453125
1315487,10728805,CI.SME.EHZ,0,up,1.5590471029281616,0.83984375,50.25
2082220,10047337,CI.BAC.EHZ,0,up,8.277295112609863,1.08984375,34.5
867883,10275481,CI.TA2.HHZ,0,up,14.568357467651367,1.6904296875,60.96875
883723,11409330,CI.MPM.HHZ,0,up,16.640892028808594,0.52001953125,31.9375
1590166,11004741,CI.JRC2.HHZ,0,up,29.68197250366211,1.759765625,64.9375
601634,10005041,CI.WMF.EHZ,1,down,4.926538467407227,0.300048828125,14.5
630964,10010397,AZ.SND.HHZ,1,down,16.555278778076172,0.7998046875,12.78125
1335781,14133948,CI.FMP.HHZ,1,down,7.291960716247559,1.5,19.796875
785756,10488685,AZ.CRY.HHZ,0,up,16.54651641845703,1.5595703125,69.8125
283546,14243576,CI.POB.EHZ,1,down,4.8945722579956055,0.27001953125,16.34375
1795346,10216289,CI.LDR.HHZ,0,up,47.295684814453125,2.779296875,54.4375
1096438,10665461,PB.B087.EHZ,0,up,6.544809341430664,1.23046875,95.625
475497,9949265,CI.MDA.EHZ,1,down,5.322832107543945,1.650390625,9.9375
1998037,14131032,CI.BFS.HHZ,0,up,13.178905487060547,1.6396484375,32.375
936685,11369130,CI.IPT.HHZ,0,up,15.062686920166016,1.33984375,10.078125
2436659,14334908,CI.TOR.HHZ,1,down,11.761152267456055,1.1904296875,53.6875
515517,13978748,CI.CRR.EHZ,1,down,48.1193733215332,2.41015625,97.4375
1316779,10727765,CI.SWS.HHZ,0,up,2.910080909729004,1.419921875,28.6875
963650,14205880,CI.ERP.EHZ,0,up,4.246632099151611,1.669921875,81.0625
1060953,9872601,CI.PNM.EHZ,1,down,8.306256294250488,2.720703125,42.9375
1185634,9163528,CI.WWP.EHZ,1,down,6.296713352203369,0.7998046875,38.34375
196330,9644017,AZ.KNW.HHZ,0,up,6.287161350250244,1.23046875,23.171875
872810,10436193,CI.DNR.HHZ,0,up,21.143260955810547,1.330078125,18.4375
2493278,14285976,CI.ERP.EHZ,0,up,49.827972412109375,2.869140625,37.625
6000,14278180,CI.WRV.EHZ,0,up,6.998202323913574,1.650390625,51.0625
227531,13937208,CI.BFS.HHZ,1,down,3.4539802074432373,1.6904296875,75.5625
232438,9873409,AZ.KNW.HHZ,1,down,10.835847854614258,1.2001953125,21.125
1100788,14221024,CI.POB.EHZ,0,up,150.6476287841797,1.73046875,15.90625
1885927,15064852,CI.IKP.HHZ,1,down,14.93342113494873,1.01953125,23.90625
1309089,9853845,CI.TAB.EHZ,0,up,66.19664764404297,2.859375,49.78125
2341919,10082241,CI.GTM.EHZ,0,up,437.4750671386719,2.4296875,16.234375
2292215,10182877,CI.ABL.EHZ,1,down,29.80875587463379,1.7802734375,58.0
1224628,10250641,AZ.SND.HHZ,0,up,7.319292068481445,1.4404296875,55.625
1565425,9800145,CI.TPC.EHZ,0,up,39.43135070800781,1.919921875,85.75
1533558,10776573,CI.CRR.EHZ,1,down,29.302722930908203,1.1904296875,24.484375
1501394,14366012,SB.GVDA.HLZ,1,down,5.878232479095459,0.9501953125,11.796875
835987,9645977,CI.CFL.EHZ,0,up,10.898508071899414,2.41015625,109.8125
1083412,10208553,CI.SGL.EHZ,0,up,4.4446916580200195,1.3603515625,31.0625
1995200,10496333,PB.B081.EHZ,1,down,11.086624145507812,0.759765625,27.015625
1712414,14297088,PB.B082.EHZ,1,down,6.541020393371582,0.919921875,48.1875
317284,14892012,PB.B093.EHZ,1,down,3.787529945373535,1.0,45.0
1295184,13970608,CI.WAS.EHZ,1,down,10.843279838562012,1.9599609375,80.25
2183870,10403769,PB.B916.EHZ,0,up,28.92258071899414,1.3603515625,21.125
2423594,9819669,CI.WHF.EHZ,0,up,7.610093116760254,1.169921875,80.25
1492558,12458464,CI.WI2.EHZ,1,down,20.19706916809082,2.2890625,15.6015625
1763552,9716993,CI.CFL.EHZ,1,down,10.305259704589844,1.650390625,55.3125
1611458,14236824,CI.YUH.EHZ,1,down,23.752925872802734,1.5498046875,65.8125
2328070,9707157,CI.SME.EHZ,1,down,84.33614349365234,2.0703125,25.1875
85766,15167329,CI.SDR.HHZ,1,down,3.5191221237182617,1.1103515625,65.4375
969243,10166509,CI.SGL.EHZ,0,up,22.592987060546875,3.150390625,111.6875
707414,10226205,CI.GRP.EHZ,1,down,9.6121826171875,1.5703125,70.1875
1173659,10590013,ZY.USG.EHZ,1,down,124.9423828125,3.400390625,12.2109375
847903,9936333,AZ.LVA2.HHZ,1,down,17.83306312561035,0.52001953125,17.953125
890440,14502508,PB.B086.EHZ,1,down,33.79032516479492,1.9296875,91.3125
843350,9135628,CI.WWP.EHZ,1,down,29.275476455688477,2.240234375,101.9375
819102,14198024,CI.YUH.EHZ,1,down,199.36216735839844,3.400390625,51.90625
1643462,10217881,AZ.PFO.HHZ,0,up,4.222236156463623,1.5400390625,104.125
1963623,12459580,CI.YMD.EHZ,0,up,41.64543151855469,3.189453125,76.1875
648155,14203620,CI.DPP.HHZ,0,up,2.9593825340270996,1.259765625,71.125
1664531,10171122,PB.B087.EHZ,0,up,3.0490214824676514,0.07000732421875,10.75
2031865,14558644,CI.DRE.HHZ,1,down,1.9411016702651978,2.2890625,74.75
1482484,10790493,PB.B087.EHZ,0,up,12.711409568786621,0.60009765625,23.984375
583554,11131450,CI.WRV.EHZ,1,down,3.8889760971069336,1.0,16.734375
1548849,14185756,AZ.YAQ.HHZ,0,up,39.578346252441406,2.490234375,76.8125
210568,14262916,CI.SLR.HHZ,0,up,30.59710121154785,1.5595703125,19.796875
1972626,9757641,CI.CAP.HHZ,0,up,5.258516311645508,1.5498046875,64.5625
841794,14997708,AZ.BZN.HHZ,1,down,19.035314559936523,2.349609375,89.125
1441053,11411146,CI.DNR.HHZ,1,down,95.8188247680664,1.6201171875,16.140625
1881223,14465208,CI.JRC2.HHZ,1,down,10.520180702209473,1.51953125,48.28125
1013807,13939224,CI.LUG.HHZ,1,down,5.889715671539307,1.8701171875,24.015625
1030596,10527365,CI.EML.HHZ,0,up,28.365076065063477,0.52001953125,20.171875
470702,10506453,PB.B082.EHZ,0,up,6.811682224273682,0.469970703125,14.84375
159940,9172944,CI.RMR.EHZ,1,down,14.019051551818848,1.73046875,45.34375
529483,10013893,CI.WRV.EHZ,0,up,142.59970092773438,1.5,5.3203125
1940619,10618253,ZY.OCCM.EHZ,1,down,11.934682846069336,1.98046875,66.125
1273935,11322914,CI.RVR.HHZ,1,down,17.826108932495117,1.509765625,13.28125
2177924,10724061,CI.BAR.HHZ,0,up,10.429903984069824,1.5,67.9375
2406667,11246650,CI.POB.EHZ,0,up,86.27135467529297,2.8203125,108.0625
276555,14199796,CI.BOR.HHZ,0,up,20.122373580932617,1.240234375,18.234375
214874,14345272,CI.BEL.HHZ,0,up,116.02275085449219,2.849609375,102.1875
2119047,10616925,ZY.SHCM.EHZ,1,down,79.07402038574219,1.4501953125,4.75
2006872,10791429,CI.COK.EHZ,1,down,28.328821182250977,2.4609375,28.3125
85223,14888964,CI.SGL.EHZ,1,down,11.348888397216797,1.5,29.375
1407580,10000185,CI.WCS.EHZ,0,up,18.733572006225586,0.39990234375,0.75
1244710,14884332,CI.PASC.HHZ,1,down,6.598174571990967,1.5703125,25.203125
506357,10992183,CI.TOW.EHZ,0,up,6.618635177612305,1.9296875,22.3125
2387736,10859277,CI.COK.EHZ,1,down,44.65378952026367,2.390625,23.3125
1733820,14257680,AZ.LVA2.HHZ,1,down,8.420597076416016,1.0302734375,77.0625
1764036,10187145,CI.PMD.HHZ,1,down,52.18614196777344,1.6201171875,55.53125
1492592,12457616,CI.CRR.EHZ,1,down,4.271733283996582,2.109375,88.75
61504,11004139,CI.ISA.HHZ,0,up,24.916641235351562,2.359375,65.5
2332509,10619261,ZY.USG.EHZ,0,up,23.980091094970703,1.0595703125,7.87109375
2086648,9916377,CI.WI2.EHZ,0,up,9.505899429321289,1.5498046875,10.921875
1620297,9162924,CI.JFS.EHZ,0,up,77.89466857910156,1.5,1.1396484375
1797466,11048685,CI.RMR.EHZ,0,up,9.28641128540039,1.4501953125,32.34375
1893020,10263057,CI.SBB.EHZ,0,up,4.7580718994140625,1.8798828125,41.8125
1717652,10787813,CI.PMD.HHZ,0,up,26.495994567871094,1.0703125,48.59375
624333,9140610,CI.HEC.HHZ,0,up,172.35108947753906,1.8701171875,5.23828125
1876362,9829177,CI.WMF.EHZ,0,up,10.181777000427246,1.3701171875,56.40625
1781303,14212844,CI.CLC.HHZ,1,down,5.256554126739502,1.349609375,76.1875
258842,11321506,CI.RVR.HHZ,1,down,10.924355506896973,1.0498046875,13.1015625
1943141,9692877,CI.SGL.EHZ,0,up,12.870162010192871,2.0,21.609375
1511841,14383080,AZ.LVA2.HHZ,1,down,5.416691780090332,0.75,43.375
49979,10272457,CI.WGR.HHZ,1,down,19.312259674072266,1.7998046875,110.5
1733457,9166406,CI.CDY.EHZ,0,up,71.14884948730469,1.6796875,5.87890625
121140,14344680,CI.MCT.HHZ,0,up,5.386773586273193,1.1904296875,40.21875
2271347,14152348,CI.DNR.HHZ,1,down,85.9669189453125,2.4609375,11.46875
1657802,10084117,CI.RMR.EHZ,0,up,16.3857364654541,1.400390625,39.0
1543996,10760357,AZ.MONP2.HHZ,0,up,7.619198322296143,1.2900390625,46.59375
1585888,11011005,PB.B918.EHZ,1,down,14.94495677947998,0.68017578125,18.25
329246,9146849,CI.HMT.EHZ,0,up,5.802419185638428,1.4599609375,37.625
1394149,14169456,CI.WCH.EHZ,1,down,377.84014892578125,4.37890625,29.046875
294203,9132890,CI.BAC.EHZ,1,down,2.3845055103302,1.400390625,80.75
2163481,10536045,CI.FRK.EHZ,0,up,17.529390335083008,1.4296875,52.03125
2274609,14069256,CI.HMT.EHZ,1,down,4.615806579589844,1.1201171875,53.59375
1386601,10183509,CI.CAP.HHZ,1,down,2.3630177974700928,1.6298828125,68.125
136126,14247436,CI.HEC.HHZ,0,up,1.737609624862671,1.2001953125,31.234375
721424,14468848,AZ.FRD.HHZ,1,down,7.459672451019287,0.990234375,32.4375
2117106,10782429,WR.PEC.EHZ,1,down,8.918519020080566,1.08984375,36.6875
1090217,10220465,CI.BOR.HHZ,1,down,12.621929168701172,0.68994140625,12.40625
1336041,9993225,CI.CLC.HHZ,0,up,5.325456142425537,1.150390625,37.78125
996068,10318193,CI.SME.EHZ,1,down,3.738708257675171,1.169921875,81.0625
730494,11420170,PB.B086.EHZ,1,down,14.522577285766602,1.5595703125,45.78125
835504,10584381,ZY.OCCM.EHZ,0,up,3.6140785217285156,1.8095703125,9.25
1391405,9937061,CI.THC.EHZ,1,down,18.305213928222656,1.759765625,45.96875
1045428,10780885,CI.LRR.EHZ,0,up,80.95152282714844,3.099609375,50.6875
2433195,14387856,PB.B084.EHZ,1,down,9.304580688476562,0.97021484375,82.4375
1377403,14931364,AZ.PFO.HHZ,1,down,6.44334602355957,0.27001953125,16.890625
1034695,11279386,EN.ENG.EHZ,0,up,12.673957824707031,1.5,11.390625
2075462,14255412,AZ.PFO.HHZ,1,down,11.930095672607422,1.7998046875,76.1875
1570300,11086058,PB.B086.EHZ,0,up,6.164376258850098,0.64013671875,22.40625
1984247,9136048,CI.CDY.EHZ,0,up,104.79181671142578,2.0703125,17.734375
2143950,14155260,CI.RAY.EHZ,0,up,73.45257568359375,4.87890625,18.390625
702992,14172260,CI.ERR.HHZ,0,up,11.87763786315918,1.9404296875,20.3125
507273,14064520,CI.TOW.EHZ,0,up,6.801034927368164,1.349609375,29.703125
1334064,10589189,ZY.USG.EHZ,1,down,70.75529479980469,3.3203125,43.53125
1930340,10183289,CI.SGL.EHZ,0,up,8.40526008605957,1.16015625,18.5625
2476090,10014525,CI.WVP.EHZ,0,up,22.816612243652344,0.60009765625,9.59375
1806864,14343156,CI.MLAC.HHZ,1,down,9.777464866638184,2.220703125,41.0
1150217,10781853,CI.DNR.HHZ,0,up,53.520851135253906,1.5595703125,21.609375
1745727,14436216,CI.FRK.EHZ,1,down,286.736328125,2.060546875,13.9296875
44005,14005452,WR.PEC.EHZ,0,up,4.16124153137207,1.6904296875,14.1796875
2098287,10223357,CI.POB.EHZ,0,up,21.272197723388672,1.0703125,10.4609375
1518292,13910248,AZ.SND.HHZ,0,up,18.26749610900879,1.2998046875,11.59375
259719,14185200,CI.WCH.EHZ,1,down,12.57896900177002,0.68994140625,22.09375
721613,9162371,CI.POB.EHZ,0,up,18.835742950439453,1.2001953125,52.0
2368112,14603148,PB.B093.EHZ,1,down,92.68339538574219,1.8203125,32.6875
1758071,10182009,CI.PMD.HHZ,1,down,26.499242782592773,1.5400390625,54.53125
2200780,10000817,CI.MIR.EHZ,0,up,7.3865861892700195,1.33984375,22.125
223012,14165432,CI.TA2.HHZ,0,up,25.160411834716797,2.439453125,70.625
1296434,10201149,AZ.FRD.HHZ,0,up,6.496931076049805,0.81982421875,8.8828125
1109516,14154112,CI.WHF.EHZ,0,up,6.688720226287842,1.3603515625,44.375
1990493,9137422,CI.WI2.EHZ,1,down,2.828169107437134,1.5,13.140625
753528,10863437,EN.ENG.EHZ,0,up,8.648313522338867,1.7998046875,7.7890625
307307,10001785,AZ.KNW.HHZ,1,down,46.04722213745117,1.75,28.5
1720922,11001069,PB.B086.EHZ,1,down,7.3417649269104,1.41015625,64.1875
2256230,12475592,AZ.CRY.HHZ,0,up,3.557025671005249,0.81005859375,30.15625
1506257,10989685,CI.PLM.HHZ,1,down,105.95059204101562,1.009765625,6.21875
2027040,9733165,AZ.CRY.HHZ,1,down,65.68785858154297,1.099609375,30.640625
1825740,10745181,AZ.BZN.HHZ,0,up,2.2040374279022217,0.6201171875,17.53125
2260575,9723941,CI.WOF.EHZ,1,down,6.904900550842285,1.509765625,95.75
1452128,14334904,AZ.SND.HHZ,1,down,13.53355884552002,0.93994140625,43.21875
1227710,11088794,CI.JVA.HHZ,0,up,3.022573232650757,2.490234375,71.25
379168,9735113,CI.SKY.EHZ,0,up,18.293167114257812,1.759765625,58.40625
2412801,9169913,CI.CLC.EHZ,0,up,20.0372371673584,1.1396484375,5.66015625
126062,11389258,CI.BOM.HHZ,0,up,5.116670608520508,1.2900390625,28.28125
104945,9678661,CI.WCS.EHZ,1,down,5.702868461608887,1.0,10.96875
2380534,14263748,CI.CRR.EHZ,1,down,60.39017105102539,3.119140625,7.3515625
344661,10297357,PB.B086.EHZ,1,down,22.68018341064453,0.89013671875,21.21875
765079,11133826,PB.B093.EHZ,1,down,20.710941314697266,0.89013671875,18.3125
325424,11336706,PB.B084.EHZ,0,up,7.091056823730469,0.31005859375,16.453125
1748095,10028821,CI.JVA.HHZ,1,down,6.685151100158691,2.529296875,58.21875
1658511,9654137,CI.RMR.EHZ,1,down,178.75636291503906,2.279296875,17.34375
1531631,10823621,PB.B093.EHZ,1,down,64.46451568603516,1.0,4.2890625
2142380,11359906,AZ.WMC.HHZ,0,up,5.894262790679932,0.52001953125,11.640625
2340226,9149386,CI.CLC.HHZ,0,up,25.662633895874023,2.890625,102.9375
1140515,11284338,AZ.PFO.HHZ,1,down,3.5525238513946533,0.81982421875,12.78125
2356817,10541461,CI.CTC.HHZ,1,down,50.03981018066406,1.8701171875,17.40625
1699398,11004111,CI.WRV.EHZ,0,up,172.99935913085938,2.220703125,2.1796875
1391607,14977460,AZ.FRD.HHZ,1,down,28.732688903808594,0.64013671875,8.1328125
2478332,14069300,CI.GOR.HHZ,1,down,67.97572326660156,1.7099609375,42.59375
2307510,9165808,CI.WMF.EHZ,0,up,77.763427734375,1.2998046875,12.6484375
422172,14252312,CI.JNH.EHZ,0,up,29.177045822143555,2.2109375,55.15625
577062,10185013,CI.WAS.EHZ,0,up,1.892949104309082,0.89013671875,12.03125
376545,10662773,ZY.USG.EHZ,1,down,21.709632873535156,2.400390625,13.3125
888335,10964261,AZ.CRY.HHZ,1,down,27.390371322631836,1.2802734375,24.125
1073222,14599924,AZ.CRY.HHZ,1,down,26.20648956298828,1.169921875,35.65625
2455677,9654873,AZ.KNW.HHZ,0,up,8.326821327209473,1.5595703125,45.625
380459,10146621,CI.TPC.EHZ,1,down,4.227303981781006,1.51953125,83.6875
793471,15071276,CI.MPM.HHZ,1,down,23.226112365722656,1.33984375,43.5625
1752349,14348124,CI.COA.EHZ,1,down,7.550783634185791,1.740234375,50.21875
1855884,11077706,CI.WMF.EHZ,1,down,21.4443416595459,0.0200042724609375,4.609375
1108489,10910749,CI.CTC.HHZ,0,up,6.014750003814697,2.439453125,46.875
1551279,12880988,AZ.FRD.HHZ,0,up,13.603262901306152,0.68017578125,23.21875
1900663,14378964,CI.SLR.HHZ,1,down,8.041187286376953,1.259765625,12.6171875
2454957,10275801,CI.SUN.EHZ,0,up,13.172228813171387,1.5400390625,56.78125
2077821,14288440,CI.SME.EHZ,0,up,3.508350372314453,1.2998046875,35.96875
1237707,14475048,AZ.TRO.HHZ,1,down,54.4125862121582,1.23046875,6.171875
1502274,10316921,CI.CFT.EHZ,0,up,8.988348960876465,0.280029296875,33.3125
1711526,11333602,CI.SS2.EHZ,0,up,6.865547180175781,0.66015625,21.09375
1331711,11025261,PB.B921.EHZ,0,up,2.494438886642456,1.2001953125,47.9375
805234,10358645,CI.WCS.EHZ,0,up,5.474956512451172,1.2197265625,15.9765625
643283,10345833,AZ.CRY.HHZ,0,up,19.938570022583008,0.97021484375,23.109375
1067221,9144335,CI.WSH.EHZ,0,up,22.608280181884766,1.6201171875,53.75
12890,11417618,CI.IDO.HHZ,1,down,30.589778900146484,1.9404296875,45.625
1337707,9141968,CI.SBB.EHZ,1,down,10.301823616027832,1.4501953125,56.96875
117623,13973536,CI.WMF.EHZ,0,up,33.29930114746094,1.4697265625,5.58984375
214887,9829257,CI.SLA.HHZ,1,down,24.394590377807617,1.490234375,7.8515625
793549,9741869,CI.BOR.HHZ,1,down,123.01229858398438,1.5498046875,17.796875
1456762,10330165,CI.WRV.EHZ,0,up,2.8513498306274414,0.93994140625,27.265625
740981,10865453,CI.SNO.HHZ,0,up,19.099342346191406,0.93994140625,14.671875
578817,9647841,CI.SIL.EHZ,1,down,8.43130111694336,2.150390625,71.125
372125,14161012,CI.LDR.HHZ,1,down,17.696674346923828,2.0703125,58.25
1177438,9676569,CI.WRV.EHZ,1,down,56.99989700317383,1.48046875,1.1103515625
1371803,14923004,CI.EMS.EHZ,1,down,24.394428253173828,3.30078125,70.0
1828308,10326425,CI.PSR.HHZ,1,down,24.702573776245117,1.900390625,26.953125
1907243,9679285,CI.WBS.EHZ,1,down,6.301603317260742,3.25,56.59375
1411041,14178084,CI.QAL.EHZ,0,up,5.705543041229248,2.05078125,99.25
260523,9156726,CI.TPM.EHZ,1,down,6.622335910797119,1.0,26.359375
574649,11010477,CI.JEM.HHZ,1,down,10.523789405822754,0.68017578125,44.65625
426883,14214988,CI.WCS.EHZ,1,down,18.541383743286133,0.91015625,0.8798828125
1889555,10963333,CI.BOR.HHZ,1,down,19.113283157348633,0.830078125,33.03125
1944892,9169879,CI.BMT.EHZ,1,down,12.751355171203613,1.400390625,22.0625
562688,10345033,CI.PMD.HHZ,1,down,9.64913272857666,1.33984375,53.96875
215443,11133970,CI.MSC.HHZ,1,down,3.7644901275634766,1.599609375,82.0625
215009,10055233,CI.LUC.EHZ,0,up,5.499757766723633,1.599609375,32.75
1422897,9160735,CI.TAB.EHZ,0,up,16.888269424438477,2.169921875,55.15625
391299,10288437,CI.BAC.EHZ,0,up,6.531996726989746,0.489990234375,54.15625
1673674,9652701,CI.BAC.EHZ,0,up,13.8820219039917,1.2998046875,34.46875
1029877,11205338,PB.B084.EHZ,1,down,24.410680770874023,0.52001953125,15.546875
1939114,14069132,CI.WWP.EHZ,1,down,79.52710723876953,1.400390625,26.953125
1608320,10258829,CI.WCS.EHZ,0,up,3.7611043453216553,0.489990234375,9.4921875
1594675,10607365,ZY.OCBC.HHZ,1,down,13.809659957885742,2.94921875,48.53125
1981463,10279281,CI.POB.EHZ,0,up,6.501111030578613,0.72998046875,19.953125
892005,14922684,AZ.PFO.HHZ,1,down,8.30755615234375,0.89990234375,50.75
1121442,14601532,CI.CLI.EHZ,1,down,3.977654218673706,3.9609375,93.25
1256218,10614389,ZY.OYSB.EHZ,0,up,46.1934814453125,1.16015625,6.828125
1484904,11009261,CI.WOF.EHZ,0,up,22.246631622314453,1.509765625,66.1875
1170891,11381930,PB.B916.EHZ,1,down,14.073600769042969,0.47998046875,26.34375
320966,9773797,CI.TPC.EHZ,0,up,13.464715003967285,1.48046875,50.90625
1442687,14242552,CI.BOR.HHZ,0,up,3.9775161743164062,0.72998046875,12.7109375
1466898,9136313,CI.RAG.EHZ,0,up,10.22183895111084,1.0,20.09375
1400045,14257756,CI.JCS.HHZ,1,down,139.49510192871094,2.560546875,45.8125
830107,9706781,CI.WVP.EHZ,0,up,14.262934684753418,1.2001953125,13.8125
1421722,9983429,CI.SES.HHZ,1,down,166.47105407714844,4.33984375,67.0
443640,10000945,CI.AGA.HHZ,0,up,22.66273307800293,1.1298828125,22.234375
237609,10168957,CI.BTL.EHZ,0,up,6.211784362792969,1.1904296875,65.6875
54291,14611332,CI.CBK.EHZ,1,down,7.267254829406738,4.12890625,110.375
544056,9169937,CI.HYS.EHZ,1,down,19.449438095092773,1.509765625,98.875
2321067,10438057,CI.DNR.HHZ,0,up,7.1420369148254395,0.7099609375,17.921875
2192091,14512340,PB.B086.EHZ,1,down,4.692447185516357,0.4599609375,20.40625
665057,9746205,AZ.LVA2.HHZ,1,down,15.203124046325684,1.01953125,36.0625
981070,11274258,CI.WRV.EHZ,0,up,17.694910049438477,1.169921875,7.0
1195589,10066417,CI.EL2.EHZ,0,up,4.2284626960754395,2.109375,73.75
2047072,9618213,CI.PSP.EHZ,0,up,9.31363582611084,1.1396484375,26.515625
1117982,10354945,CI.SME.EHZ,1,down,2.8764729499816895,0.85009765625,41.4375
433178,14000932,CI.WNM.EHZ,1,down,50.64012908935547,1.849609375,28.90625
39683,13997616,CI.POB.EHZ,1,down,9.785381317138672,1.4501953125,37.3125
2189879,14217792,AZ.SND.HHZ,0,up,3.9096033573150635,1.0400390625,13.3984375
1288759,11004189,CI.SNO.HHZ,0,up,7.042688369750977,0.7998046875,6.5703125
1131121,10860557,CI.IBP.HHZ,1,down,179.63995361328125,3.359375,32.96875
60073,9998725,AZ.KNW.HHZ,1,down,11.104058265686035,0.64990234375,5.73046875
1022712,9996489,AZ.CRY.HHZ,0,up,39.03374481201172,1.75,22.3125
1151427,14003460,CI.HMT.EHZ,0,up,69.9515151977539,2.119140625,67.5
1315611,13994588,CI.TM2.EHZ,1,down,34.98451614379883,2.0390625,45.5
871468,11024085,PB.B086.EHZ,1,down,17.3720645904541,1.58984375,47.0
2439239,10369805,AZ.PFO.HHZ,0,up,28.3353328704834,0.72998046875,29.84375
2436790,14333420,CI.BEL.HHZ,0,up,31.077468872070312,1.51953125,67.9375
2346339,10248269,AZ.LVA2.HHZ,1,down,12.304498672485352,0.83984375,23.0
1619221,14617900,CI.CLI.EHZ,1,down,4.6253252029418945,3.060546875,98.0625
319485,13811704,CI.MPM.HHZ,0,up,9.892705917358398,0.9599609375,37.8125
1519128,10221389,CI.GRP.EHZ,1,down,20.006959915161133,2.33984375,90.9375
2399356,10225629,AZ.PFO.HHZ,0,up,717.265625,2.0,16.234375
1040115,9145268,CI.POB.EHZ,1,down,4.781174659729004,1.0,26.671875
432133,10347961,CI.PMD.HHZ,0,up,179.99278259277344,2.029296875,33.375
1252308,14256932,CI.IR2.EHZ,1,down,32.29168701171875,1.5400390625,33.8125
867900,11344450,CI.SPG2.HHZ,0,up,10.201287269592285,1.1298828125,62.84375
337744,9916345,CI.FRK.EHZ,1,down,12.74553394317627,1.759765625,24.375
459087,10665813,ZY.MLDN.EHZ,1,down,23.25271987915039,1.2802734375,11.0625
2231531,14396212,EN.RED.EHZ,1,down,12.081639289855957,0.7998046875,2.759765625
1049985,9653633,CI.CLC.EHZ,0,up,3.329558849334717,1.7900390625,40.46875
354237,15182841,CI.WSS.HHZ,1,down,55.67655944824219,3.55078125,32.1875
2381438,10054149,CI.FLS.EHZ,0,up,6.140774726867676,1.7001953125,44.53125
1805719,14019180,CI.BAT.EHZ,0,up,12.634371757507324,1.5,25.296875
1910424,13949344,CI.MPM.HHZ,0,up,125.34745025634766,1.6298828125,21.9375
1982239,9138098,CI.WRC.EHZ,1,down,7.247765064239502,0.7998046875,31.28125
2228765,11390754,PB.B084.EHZ,0,up,18.90566062927246,0.990234375,35.34375
587637,11011533,CI.BAC.EHZ,0,up,3.292732000350952,0.919921875,84.1875
1788236,14563188,CI.WLT.HHZ,1,down,15.582854270935059,2.130859375,7.25
630095,14606012,PB.B084.EHZ,1,down,27.70256996154785,0.60986328125,13.09375
865904,9779269,CI.WRV.EHZ,0,up,25.963348388671875,1.4599609375,9.8828125
639977,14214288,CI.ALP.HHZ,0,up,35.72109603881836,3.16015625,75.75
1229938,9160847,CI.WRV.EHZ,0,up,23.042850494384766,0.9501953125,9.78125
2133621,11417226,CI.DGR.HHZ,1,down,43.3522834777832,1.169921875,31.84375
1741037,9621917,CI.DAN.HHZ,0,up,3.3122196197509766,2.19921875,86.1875
1492860,14520052,CI.WBM.EHZ,1,down,22.767234802246094,3.359375,86.5
2437084,14365944,CI.TEH.HHZ,1,down,64.376220703125,1.330078125,19.546875
1381098,9167525,CI.YUH.EHZ,0,up,19.100357055664062,1.5,11.8125
2154889,12456400,CI.DRC.HHZ,0,up,2.381213426589966,3.240234375,49.65625
1697819,9169842,CI.CDY.EHZ,1,down,3.0030717849731445,1.5498046875,74.9375
1854497,10216485,CI.SIM.EHZ,1,down,43.75923156738281,2.630859375,79.625
826495,10536709,AZ.SND.HHZ,1,down,228.84951782226562,1.5400390625,12.0703125
962726,12880124,CI.WCH.EHZ,0,up,35.56006622314453,1.4697265625,27.546875
570353,9643161,CI.POB.EHZ,1,down,68.13005065917969,2.48046875,66.4375
1857204,10264221,CI.TPC.EHZ,1,down,8.770746231079102,0.97998046875,48.125
1225940,10058221,CI.WRV.EHZ,0,up,2.5829074382781982,1.400390625,44.9375
516220,11091154,AZ.KNW.HHZ,1,down,57.21210479736328,1.76953125,53.90625
624586,10259057,AZ.BZN.HHZ,0,up,66.5290756225586,0.56982421875,6.3984375
1502990,14247012,AZ.YAQ.HHZ,0,up,51.45401382446289,1.73046875,33.3125
1591721,9694029,CI.WRC.EHZ,0,up,4.533506870269775,1.5400390625,22.5625
90492,11388282,PB.B087.EHZ,0,up,4.80383825302124,0.429931640625,21.546875
668792,11091418,CI.MUR.HHZ,0,up,2.016705274581909,1.2197265625,46.625
917814,15198225,CI.SNO.HHZ,1,down,162.3620147705078,2.3203125,24.0625
2357052,14581732,PB.B918.EHZ,1,down,3.8921804428100586,0.77978515625,26.21875
634938,10751725,CI.ERR.HHZ,0,up,55.78289794921875,1.9697265625,17.765625
1988943,10201449,CI.YUH.EHZ,0,up,99.61756134033203,2.330078125,88.25
1277504,9950537,AZ.PFO.HHZ,0,up,8.005454063415527,1.599609375,51.125
1422248,9686461,CI.WOR.EHZ,1,down,38.00850296020508,2.009765625,48.875
1807330,11338058,CI.EDW2.HHZ,0,up,13.244412422180176,1.4599609375,34.96875
1027874,14385600,CI.HMT.EHZ,1,down,3.610949993133545,0.60009765625,37.625
428713,14172692,CI.PLS.EHZ,0,up,10.573464393615723,1.6201171875,12.25
1911535,14236648,CI.BOR.HHZ,0,up,26.65776252746582,0.740234375,17.515625
1336486,14233224,CI.MPI.HHZ,1,down,5.899263858795166,1.9404296875,36.46875
684647,10764709,PB.B084.EHZ,0,up,9.47690486907959,1.240234375,78.0
150943,13998148,CI.WRC.EHZ,0,up,8.295066833496094,0.77978515625,14.71875
1618468,14262576,CI.VCS.HHZ,0,up,11.026362419128418,1.2802734375,2.5
2076908,13944096,AZ.LVA2.HHZ,0,up,61.76087188720703,1.01953125,30.71875
1225392,9156336,CI.WRC.EHZ,0,up,37.49020004272461,1.900390625,72.125
1366165,14351104,CI.LDR.HHZ,1,down,8.479052543640137,1.5498046875,44.09375
1056616,10778781,CI.CRR.EHZ,1,down,354.61590576171875,2.30078125,24.375
99311,10797197,CI.WRV.EHZ,0,up,9.691425323486328,0.3798828125,9.453125
1027678,9615949,CI.SME.EHZ,1,down,50.85426712036133,1.7001953125,11.828125
2132165,10666437,ZY.OCCM.EHZ,0,up,208.17884826660156,1.6298828125,3.830078125
1261399,14473176,CI.CBK.EHZ,1,down,4.410333156585693,1.1103515625,48.84375
292410,10482549,CI.MPM.HHZ,0,up,53.200950622558594,1.009765625,17.984375
810451,10761365,CI.YUH.EHZ,1,down,192.33001708984375,2.359375,8.0
963414,14850268,CI.ERP.EHZ,1,down,23.696590423583984,1.2802734375,10.5234375
746051,9743505,CI.WAS.EHZ,1,down,68.53162384033203,2.560546875,53.03125
937149,11363466,NC.MCS.EHZ,1,down,36.111934661865234,2.400390625,22.5625
1362067,11045877,CI.WES.HHZ,0,up,2.8771207332611084,1.3896484375,32.4375
594173,14158684,CI.DSC.HHZ,0,up,1.418664813041687,1.76953125,65.25
1306160,12458100,CI.CRR.EHZ,1,down,28.552885055541992,2.6796875,53.09375
963696,14549060,EN.HAT.EHZ,1,down,70.49066162109375,1.4404296875,2.630859375
975214,10785285,AZ.MONP2.HHZ,0,up,3.954097270965576,0.740234375,39.09375
2309145,15079404,CI.JRC2.HHZ,1,down,17.041147232055664,0.7998046875,12.109375
1706161,9673725,CI.WSH.EHZ,0,up,47.871612548828125,2.310546875,57.90625
1936867,10493597,AZ.WMC.HHZ,0,up,18.577789306640625,0.9599609375,16.84375
1453714,9650353,CI.VPD.EHZ,0,up,10.307552337646484,1.8798828125,51.5625
2073224,10068057,CI.WCH.EHZ,1,down,11.044421195983887,1.900390625,61.25
1398125,10544285,AZ.TRO.HHZ,1,down,3.6274430751800537,0.8798828125,25.25
2228444,9709533,CI.WNM.EHZ,1,down,4.13002347946167,0.56005859375,20.5
238383,10456405,PB.B082.EHZ,1,down,17.981109619140625,0.75,15.828125
1737932,9655293,CI.BLA.HHZ,0,up,34.80644226074219,1.73046875,12.90625
1655341,10771981,PB.B082.EHZ,0,up,11.532092094421387,1.150390625,22.875
2275975,9919265,CI.RMR.EHZ,0,up,4.30027437210083,1.6103515625,66.5
2441602,14220900,CI.POB.EHZ,0,up,327.7625427246094,2.0,17.015625
468983,10179977,CI.TEH.HHZ,0,up,53.48103713989258,1.5400390625,21.046875
2169166,9628857,CI.HEC.HHZ,0,up,16.55726432800293,2.669921875,82.5625
598944,10181937,CI.CTW.EHZ,1,down,91.66279602050781,1.76953125,66.75
890320,14025672,CI.BAC.EHZ,0,up,4.773055553436279,1.5,47.53125
654544,9166498,CI.HOL.EHZ,0,up,124.1837387084961,2.19921875,54.03125
697651,15198825,EN.RED.EHZ,1,down,6.524662971496582,1.419921875,21.96875
2109572,10096145,CI.WRC.EHZ,0,up,4.687705039978027,0.35009765625,18.109375
214238,10751117,CI.PLM.HHZ,0,up,9.444561004638672,0.81005859375,36.8125
538813,10348109,AZ.TRO.HHZ,0,up,5.1410675048828125,0.64013671875,14.046875
58211,10260669,AZ.PFO.HHZ,1,down,6.0431647300720215,0.89990234375,28.921875
498595,14849388,CI.COK.EHZ,1,down,3.1913626194000244,1.169921875,22.703125
2138305,10760845,AZ.BZN.HHZ,0,up,8.798285484313965,1.080078125,10.65625
14612,10063813,CI.GOR.HHZ,1,down,5.904932498931885,1.9296875,91.125
447064,10593941,CI.RUN.EHZ,0,up,1.6756677627563477,2.26953125,88.375
546010,10149362,ZY.OYSB.EHZ,1,down,6.977047443389893,1.9296875,69.625
837244,14385012,CI.XTL.EHZ,1,down,24.760923385620117,1.6201171875,41.46875
2402410,10989301,CI.DGR.HHZ,0,up,37.39400100708008,0.72021484375,8.5390625
1307976,13932008,CI.WWP.EHZ,0,up,9.816048622131348,1.599609375,70.875
1919484,10866949,CI.LTC.EHZ,0,up,2.847597122192383,1.240234375,89.25
821621,10378401,AZ.SND.HHZ,1,down,30.181865692138672,1.6201171875,13.9375
2109086,11008333,PB.B087.EHZ,1,down,35.47953414916992,2.109375,76.0
174229,9149167,CI.BTC.HHZ,1,down,4.137157917022705,3.16015625,94.375
1611540,10908293,AZ.KNW.HHZ,1,down,13.40511703491211,0.83984375,54.59375
1646849,9141210,CI.TPC.EHZ,0,up,3.8862593173980713,1.66015625,84.4375
1305917,10024273,CI.WWP.EHZ,1,down,12.218757629394531,1.4501953125,46.71875
2079739,10057253,CI.WOF.EHZ,1,down,187.4554901123047,1.740234375,18.0625
271132,9800353,CI.SUN.EHZ,0,up,25.761167526245117,1.419921875,23.0625
1178793,10369805,AZ.TRO.HHZ,0,up,4.579578399658203,0.72998046875,36.21875
1291008,13916380,CI.CRR.EHZ,1,down,15.883102416992188,1.6796875,28.625
1171149,9697405,CI.WVP.EHZ,0,up,254.03378295898438,1.51953125,10.2578125
1247830,11206978,CI.WMF.EHZ,1,down,50.54551315307617,0.489990234375,2.80078125
678680,10185085,CI.RAY.EHZ,1,down,14.390663146972656,1.6298828125,14.46875
1691289,14006400,AZ.CRY.HHZ,1,down,379.4017639160156,2.869140625,28.296875
273675,9152781,CI.HYS.EHZ,0,up,167.24493408203125,2.390625,21.28125
1002284,10404257,PB.B086.EHZ,0,up,9.673789024353027,0.77001953125,14.6015625
1336039,13959992,CI.PEM.EHZ,0,up,9.410019874572754,1.4599609375,63.65625
1990038,15192929,AZ.PFO.HHZ,1,down,6.568444728851318,1.3798828125,62.40625
2477562,9818737,CI.HMT.EHZ,0,up,3.8989102840423584,0.990234375,47.875
245311,10546133,CI.MSC.HHZ,1,down,7.904527187347412,1.0703125,50.6875
2459370,10485333,CI.PMD.HHZ,0,up,2.841963529586792,0.39990234375,36.5
1751790,10701973,PB.B081.EHZ,0,up,4.206830978393555,0.72998046875,35.28125
615878,10765589,CI.GLA.HHZ,0,up,15.82269287109375,2.439453125,98.4375
939785,10790501,CI.BAC.EHZ,1,down,78.07572174072266,1.51953125,27.46875
1876494,9157237,CI.TPM.EHZ,0,up,8.806474685668945,1.9697265625,33.03125
2266857,10760813,CI.BAR.HHZ,0,up,16.88380241394043,1.3095703125,67.125
62849,12447492,CI.WCH.EHZ,0,up,31.550945281982422,2.220703125,38.84375
2143651,10402233,CI.CBK.EHZ,0,up,20.633216857910156,1.3095703125,0.43994140625
1592418,10872181,PB.B084.EHZ,1,down,13.706761360168457,0.68017578125,10.046875
1257690,9169085,CI.RMR.EHZ,1,down,8.437392234802246,0.89990234375,15.4375
2114183,14562388,CI.POB.EHZ,1,down,14.472891807556152,0.91015625,51.03125
1541276,10216353,AZ.CRY.HHZ,1,down,7.32417106628418,1.349609375,116.875
1751512,10332297,CI.TEH.HHZ,0,up,12.969757080078125,1.8603515625,61.34375
1204416,14253080,CI.SLR.HHZ,0,up,2.5471715927124023,1.0,20.890625
1079372,9735917,CI.XTL.EHZ,1,down,30.444997787475586,1.400390625,32.59375
112310,11369706,CI.HMT.EHZ,1,down,18.699186325073242,1.16015625,25.890625
1509796,9697929,CI.WNM.EHZ,1,down,4.179124355316162,0.93994140625,22.75
1503027,10795389,PB.B082.EHZ,1,down,13.620673179626465,0.60009765625,1.599609375
489676,9142690,CI.ALV.EHZ,0,up,4.089272975921631,0.830078125,43.84375
574710,10984493,CI.WES.HHZ,1,down,3.3337929248809814,1.759765625,25.5
1630272,10546277,AZ.LVA2.HHZ,1,down,6.292564392089844,0.6298828125,21.125
1725875,12458540,CI.WMF.EHZ,1,down,83.85649108886719,1.419921875,9.2734375
357161,14255412,CI.SLR.HHZ,1,down,25.761472702026367,1.7998046875,37.78125
2128651,9637425,AZ.BZN.HHZ,0,up,8.490351676940918,0.7998046875,10.2109375
222974,13938404,CI.SME.EHZ,0,up,5.273756504058838,1.7001953125,71.375
1623215,10183721,CI.FMP.HHZ,0,up,4.946581840515137,2.669921875,94.9375
1792238,9141807,CI.GRP.EHZ,0,up,29.03080177307129,2.58984375,68.5
660496,14076884,CI.WVP.EHZ,1,down,3.2593154907226562,0.300048828125,12.28125
805611,14209040,CI.LDR.HHZ,0,up,5.368616104125977,2.119140625,61.125
1094708,11035317,CI.POB.EHZ,0,up,96.99742126464844,1.08984375,13.4375
1967591,14894668,CI.FHO.HHZ,1,down,16.652423858642578,1.2001953125,25.140625
2283962,10776173,CI.BOR.HHZ,1,down,40.182308197021484,0.759765625,9.3828125
1249642,9870461,CI.WNM.EHZ,0,up,3.003272294998169,0.81005859375,25.59375
1953067,14131468,CI.VCS.HHZ,0,up,4.41968297958374,1.2099609375,39.75
2442511,10228629,CI.BAC.EHZ,1,down,15.845693588256836,0.93017578125,27.25
1370363,9170716,CI.WCS.EHZ,0,up,28.176530838012695,1.419921875,3.720703125
1728276,14552100,CI.BOR.HHZ,1,down,20.8569278717041,0.72021484375,26.03125
2432496,11129258,AZ.BZN.HHZ,1,down,5.6255645751953125,0.990234375,59.8125
534354,14239596,AZ.HWB.HHZ,1,down,7.349359512329102,0.91015625,29.4375
1177886,10435633,PB.B086.EHZ,0,up,6.259889602661133,0.89990234375,43.09375
115590,10238049,PB.B081.EHZ,0,up,68.5733871459961,1.2197265625,3.0
1125561,10770469,ZY.COON.EHZ,1,down,36.48265075683594,1.990234375,4.359375
371957,9137997,CI.RAG.EHZ,1,down,67.70272827148438,1.7001953125,14.453125
2269087,9165525,CI.DTP.EHZ,0,up,16.016918182373047,1.6103515625,30.25
372929,10380465,PB.B093.EHZ,1,down,5.086826324462891,1.25,79.0
1369221,15203793,CI.CLI.EHZ,1,down,13.24293327331543,1.3603515625,15.1875
522569,10365553,AZ.BZN.HHZ,0,up,3.509382724761963,1.0400390625,88.8125
1407186,11334322,CI.TOR.HHZ,0,up,22.70870018005371,1.3603515625,24.515625
343320,14586700,PB.B086.EHZ,1,down,20.065149307250977,1.41015625,23.84375
1800972,10166209,CI.BAC.EHZ,1,down,7.45341682434082,0.9599609375,56.0
630102,11388634,CI.BBR.HHZ,0,up,6.29110050201416,2.220703125,63.28125
2464262,15150753,PB.B082.EHZ,1,down,3.4589667320251465,0.360107421875,19.59375
912945,14121504,AZ.FRD.HHZ,1,down,5.884880542755127,1.1396484375,47.4375
1992861,14203388,AZ.RDM.HHZ,0,up,3.9999539852142334,0.469970703125,12.859375
2077047,13910132,CI.HMT.EHZ,0,up,15.714040756225586,1.1796875,32.75
294131,15143561,CI.HMT.EHZ,1,down,35.821990966796875,2.740234375,84.6875
1415324,14697420,ZY.PNTO.EHZ,1,down,47.15496063232422,1.7998046875,21.09375
1352120,10402545,CI.PSR.HHZ,1,down,29.32249641418457,1.9404296875,14.65625
529184,10483365,CI.WES.HHZ,0,up,6.676887512207031,1.4501953125,11.0625
2422770,10796885,CI.RMR.EHZ,1,down,84.4300537109375,3.119140625,60.15625
330004,10257565,CI.DNR.HHZ,0,up,307.30950927734375,2.5,15.078125
1506512,10029409,CI.MCT.HHZ,0,up,14.048627853393555,1.5,52.90625
816128,10490725,CI.SWS.HHZ,0,up,2.379653215408325,1.0703125,26.3125
256270,9159652,CI.WS2.EHZ,1,down,26.13324546813965,1.599609375,17.28125
962277,10600373,ZY.WAGN.EHZ,0,up,30.43737030029297,1.919921875,15.4921875
2319952,14489968,AZ.MONP2.HHZ,1,down,6.74747371673584,1.58984375,42.875
703980,9675261,CI.DTP.EHZ,1,down,14.807178497314453,2.439453125,81.9375
86273,14439848,EN.OBS.EHZ,1,down,58.93821334838867,1.669921875,2.009765625
1008810,11389362,CI.POB.EHZ,0,up,18.57051658630371,1.1298828125,43.625
2278276,14244356,AZ.FRD.HHZ,0,up,9.344575881958008,1.509765625,97.8125
101309,10007509,CI.PER.HHZ,1,down,5.146399974822998,1.98046875,25.90625
68474,9949477,CI.WVP.EHZ,1,down,57.275325775146484,0.2900390625,8.7890625
997259,15073284,CI.PMD.HHZ,1,down,26.46142578125,1.349609375,66.75
2435093,9630097,CI.PLM.HHZ,0,up,5.277707099914551,1.099609375,31.15625
2402719,11131882,CI.GMR.HHZ,1,down,17.495267868041992,1.6298828125,62.15625
859787,10273361,CI.IR2.EHZ,1,down,16.922330856323242,3.009765625,98.1875
801722,10669077,AZ.LVA2.HHZ,1,down,7.591129302978516,0.89990234375,24.78125
1365819,14554500,AZ.TRO.HHZ,1,down,36.0904541015625,0.72998046875,4.05078125
597904,11078082,CI.HYS.EHZ,0,up,27.52597427368164,1.650390625,20.546875
2062565,12755484,AZ.PFO.HHZ,0,up,1.2359191179275513,1.419921875,25.015625
1142009,11362906,CI.FRK.EHZ,0,up,7.40447998046875,1.169921875,21.46875
2301561,14682844,ZY.OYSB.EHZ,1,down,147.91648864746094,1.490234375,3.310546875
1213421,9168839,CI.CDY.EHZ,1,down,7.519253730773926,1.76953125,37.4375
259726,10984509,PB.B918.EHZ,0,up,29.12150001525879,1.25,27.890625
973388,10755341,PB.B087.EHZ,0,up,33.645912170410156,0.89013671875,9.3515625
1651262,10874901,CI.IBP.HHZ,0,up,87.69573211669922,1.66015625,14.3984375
485095,11281362,CI.MSC.HHZ,1,down,35.84608840942383,1.7001953125,81.9375
696684,9719697,CI.WIN.EHZ,0,up,68.20198822021484,1.6103515625,57.96875
2109189,14095560,CI.SIL.EHZ,0,up,154.3134002685547,1.2001953125,2.119140625
634098,14049748,CI.POB.EHZ,0,up,12.25015926361084,1.0302734375,10.453125
472301,14235244,CI.WMF.EHZ,1,down,3.7579429149627686,0.6298828125,28.375
219335,10545061,CI.SRN.HHZ,0,up,2.354750871658325,2.169921875,59.46875
251598,9133496,CI.SHE.EHZ,1,down,3.0450828075408936,2.48046875,86.875
1462373,14219868,CI.BOR.HHZ,1,down,9.537604331970215,0.72021484375,22.21875
226689,14248292,CI.PMD.HHZ,1,down,25.711467742919922,1.330078125,41.625
1753055,10185829,CI.WI2.EHZ,1,down,21.901151657104492,2.630859375,50.75
671198,10871565,PB.B921.EHZ,0,up,26.55430793762207,0.419921875,10.75
2177315,14379172,CI.PMD.HHZ,1,down,25.297502517700195,1.759765625,36.125
442451,11065269,CI.IKP.HHZ,0,up,123.71562957763672,1.8203125,25.65625
1372700,14156660,CI.BOR.HHZ,1,down,6.220132350921631,0.89990234375,41.78125
2343023,10224265,CI.SME.EHZ,0,up,83.1717529296875,3.189453125,118.0
1159259,9688989,CI.WCS.EHZ,1,down,3.950502872467041,1.5595703125,11.1484375
1462230,14234040,AZ.CRY.HHZ,0,up,7.874944686889648,0.97021484375,20.265625
1714010,14066772,CI.WMF.EHZ,1,down,15.144014358520508,0.5,12.4609375
598895,10168149,AZ.HWB.HHZ,0,up,26.13201141357422,1.51953125,42.84375
1483420,14208652,CI.ABL.EHZ,0,up,45.45451354980469,1.5498046875,2.119140625
788721,14186748,CI.CBK.EHZ,0,up,9.35623836517334,1.1298828125,26.765625
820509,9143792,CI.BAC.EHZ,0,up,34.679386138916016,2.2109375,74.25
191788,9163314,CI.THC.EHZ,1,down,34.90918731689453,3.080078125,106.0625
213689,15139313,AZ.CRY.HHZ,1,down,3.9813153743743896,0.580078125,32.03125
1931768,11626652,CI.WHV.EHZ,1,down,5.867124080657959,2.48046875,89.0625
1603755,11005005,AZ.FRD.HHZ,0,up,12.542275428771973,0.759765625,24.40625
338237,9796689,CI.SRT.EHZ,1,down,1.8650399446487427,1.8603515625,36.75
698282,9687549,CI.JRC.HHZ,0,up,8.00279426574707,1.4404296875,6.16015625
789749,14061336,CI.SIL.EHZ,1,down,12.555343627929688,1.6796875,39.9375
1113760,14896644,CI.PMD.HHZ,1,down,7.243139266967773,0.89013671875,56.53125
148184,10057345,CI.MDA.EHZ,0,up,9.642053604125977,2.0703125,25.21875
1485921,10490325,CI.EMS.EHZ,0,up,64.04945373535156,3.7890625,80.625
474262,10251253,SB.GVDA.HLZ,0,up,9.241643905639648,0.60986328125,3.48046875
2309045,11104706,PB.B082.EHZ,0,up,63.42988204956055,2.5390625,65.9375
296269,9158973,CI.RMR.EHZ,0,up,7.015113353729248,1.2802734375,39.0625
2364788,14991044,CI.BOR.HHZ,1,down,57.263668060302734,1.080078125,25.3125
378693,10321841,CI.EDW2.HHZ,1,down,88.60435485839844,3.310546875,76.25
2103997,10184205,CI.TPC.EHZ,0,up,14.490813255310059,1.1298828125,60.90625
1087732,11413690,CI.TOR.HHZ,0,up,18.081716537475586,1.2099609375,41.09375
1741911,14094768,CI.WNM.EHZ,0,up,2.962430238723755,1.0,39.59375
1884093,10526573,PB.B087.EHZ,1,down,35.50511932373047,1.740234375,57.78125
1348628,10295993,CI.COA.EHZ,1,down,15.171601295471191,1.5498046875,39.625
993865,9876717,CI.WCH.EHZ,1,down,16.156612396240234,1.599609375,22.671875
335547,10005661,CI.BAC.EHZ,0,up,11.001944541931152,1.5,40.4375
1736185,15119481,AZ.SND.HHZ,1,down,18.418758392333984,0.83984375,8.3515625
897634,10319993,CI.BBR.HHZ,1,down,145.0462188720703,4.140625,85.4375
147289,10625269,ZY.OCCM.EHZ,0,up,17.468673706054688,1.26953125,6.62109375
1118472,10326673,CI.SME.EHZ,1,down,29.195791244506836,1.349609375,35.84375
198205,10098473,CI.RMM.EHZ,1,down,76.42642211914062,1.6103515625,19.1875
532060,14336044,PB.B087.EHZ,0,up,1.1712849140167236,1.16015625,29.125
212892,10346613,CI.DNR.HHZ,1,down,9.080709457397461,1.669921875,85.5625
1782288,9909005,CI.BAT.EHZ,0,up,16.993602752685547,1.98046875,44.375
258513,10874677,CI.SGL.EHZ,0,up,17.043991088867188,2.640625,74.4375
776359,9928773,CI.JCS.HHZ,1,down,6.590287685394287,0.89013671875,42.28125
1692289,10149153,CI.SUN.EHZ,0,up,3.145577907562256,1.4404296875,45.90625
2177005,9948333,CI.WBS.HHZ,0,up,19.022796630859375,2.0390625,29.203125
2490814,14378292,CI.CRR.EHZ,1,down,32.37591552734375,3.5703125,109.375
2462467,13938340,CI.POB.EHZ,1,down,16.75404930114746,1.1904296875,71.0625
652953,9713101,AZ.PFO.HHZ,1,down,16.743330001831055,1.400390625,22.4375
988042,10794781,EN.YOU.EHZ,1,down,25.15252113342285,1.2197265625,6.05859375
820294,14097020,CI.DTP.EHZ,0,up,3.3584229946136475,1.3203125,73.3125
403145,14419432,CI.JNH.EHZ,1,down,17.81479263305664,1.5703125,71.4375
31452,12467552,AZ.FRD.HHZ,1,down,30.817358016967773,1.599609375,53.1875
2097210,9651157,CI.WCS.EHZ,0,up,11.565573692321777,1.6396484375,3.76953125
1073557,9755065,AZ.LVA2.HHZ,0,up,18.985246658325195,1.5302734375,43.46875
1854647,10724805,CI.EMS.EHZ,0,up,6.401445388793945,2.1796875,91.4375
146575,14557052,EN.HAT.EHZ,1,down,13.276406288146973,1.41015625,4.94921875
1334412,12458952,CI.PDU.HHZ,1,down,2.605961799621582,2.349609375,34.0625
1525122,9792521,CI.CTW.EHZ,0,up,103.50154113769531,2.44921875,66.0
2269447,9743965,CI.PLT.EHZ,1,down,19.896188735961914,2.169921875,48.90625
657731,9677945,CI.JRC.HHZ,0,up,230.982666015625,2.5390625,10.34375
818133,14383884,CI.SWS.HHZ,1,down,8.506969451904297,1.7197265625,21.71875
992529,10329901,CI.DRE.HHZ,0,up,2.049574851989746,2.330078125,27.59375
1363065,9888857,CI.ALV.EHZ,0,up,187.8319854736328,2.08984375,43.5625
898672,10259009,CI.SLA.HHZ,0,up,3.3965747356414795,0.89990234375,6.5
1681641,11207130,CI.HOL.EHZ,1,down,47.663028717041016,2.80078125,83.625
1376260,12475588,CI.JCS.HHZ,1,down,20.169174194335938,2.529296875,40.5
1531929,10371673,CI.CLC.HHZ,0,up,28.43762969970703,2.599609375,30.15625
887005,13980020,CI.JVA.HHZ,0,up,3.0145339965820312,1.2197265625,21.265625
454692,14329400,CI.TOW.EHZ,0,up,9.42546558380127,1.830078125,47.5
450122,10545685,AZ.CRY.HHZ,1,down,102.93560028076172,1.5498046875,42.9375
1933891,14026604,CI.YUH.EHZ,1,down,221.50404357910156,2.939453125,51.5
1747309,10344573,CI.SLA.HHZ,1,down,18.668041229248047,0.77978515625,11.078125
2183635,10865605,AZ.PFO.HHZ,0,up,2.414865732192993,1.240234375,59.25
613197,9136495,CI.SUN.EHZ,0,up,32.903831481933594,1.509765625,22.171875
2143372,9164728,CI.PLM.HHZ,1,down,31.474334716796875,2.060546875,54.1875
773766,9150577,CI.HYS.EHZ,0,up,33.18196105957031,1.76953125,22.0625
458810,10784597,EN.ELM.EHZ,1,down,2.1904056072235107,0.39990234375,1.080078125
1012267,10529421,CI.WRC.EHZ,0,up,8.520095825195312,0.759765625,19.390625
367573,10702997,ZY.USG.EHZ,1,down,42.145999908447266,2.400390625,75.9375
37707,14722596,ZY.USG.EHZ,1,down,7.282635688781738,1.4404296875,7.01171875
1975705,12455508,CI.WOF.EHZ,0,up,10.627035140991211,1.4501953125,32.15625
2427888,10057325,CI.BFS.HHZ,1,down,26.572845458984375,1.3095703125,19.875
112683,10928229,AZ.LVA2.HHZ,0,up,130.34486389160156,1.330078125,28.59375
1890572,10479357,AZ.SMER.HHZ,0,up,17.9858455657959,2.859375,75.125
2228509,9683969,CI.CLC.HHZ,0,up,36.48893356323242,1.25,32.09375
442946,11004125,CI.SS2.EHZ,0,up,46.08729934692383,2.26953125,58.1875
2158205,14386108,CI.CLC.HHZ,1,down,4.513602256774902,0.81982421875,30.765625
251615,10312785,CI.COA.EHZ,0,up,58.315765380859375,3.130859375,49.125
1291185,11361578,CI.WRV.EHZ,0,up,28.56951141357422,1.8203125,21.328125
224106,9132570,CI.CDY.EHZ,0,up,34.09366226196289,1.7998046875,0.43994140625
2486424,11415202,PB.B081.EHZ,1,down,23.797910690307617,2.01953125,67.6875
454113,10184517,CI.CRR.EHZ,1,down,23.790191650390625,1.419921875,38.8125
1399111,10182341,AZ.SND.HHZ,0,up,541.3182983398438,1.9296875,12.4765625
386515,11365010,CI.ISA.HHZ,1,down,32.43246078491211,1.3798828125,15.4765625
553606,10863957,CI.CBK.EHZ,1,down,9.670205116271973,0.97998046875,27.046875
1756688,10660101,ZY.MLDN.EHZ,0,up,14.997601509094238,1.83984375,5.62890625
2398823,14147928,CI.RMR.EHZ,0,up,21.49134063720703,0.93994140625,31.984375
584054,10875205,CI.ERR.HHZ,0,up,6.282082557678223,1.740234375,37.25
1306857,10218469,CI.LJR.HHZ,0,up,37.446250915527344,1.240234375,10.21875
2357479,9806313,CI.XTL.EHZ,1,down,4.567474842071533,1.2998046875,33.25
831129,9656033,AZ.BZN.HHZ,1,down,5.388092517852783,1.599609375,22.65625
1456597,9819237,AZ.YAQ.HHZ,1,down,117.07948303222656,2.830078125,59.5
2316312,10065241,WR.PYR.EHZ,0,up,126.53279876708984,3.51953125,92.5625
1789333,11086842,CI.SLR.HHZ,1,down,2.5875139236450195,0.6298828125,14.421875
1523986,9162619,CI.WRV.EHZ,0,up,15.38454818725586,1.099609375,16.390625
2094478,9166935,CI.SME.EHZ,0,up,6.135432720184326,1.830078125,28.015625
1307430,9934069,CI.CBK.EHZ,0,up,167.0748291015625,2.939453125,25.265625
78869,14120108,CI.CBK.EHZ,0,up,24.111289978027344,2.5390625,68.8125
719200,10632181,CI.MSC.HHZ,1,down,10.177070617675781,0.77001953125,13.2265625
1878294,11384298,CI.MSC.HHZ,0,up,17.1168155670166,1.009765625,15.7421875
1635807,14153212,AZ.CRY.HHZ,1,down,9.651906967163086,0.669921875,11.859375
2311317,10782925,CI.JEM.HHZ,0,up,8.760363578796387,0.93017578125,56.75
1807374,10784469,AZ.CRY.HHZ,1,down,7.659650802612305,0.830078125,30.734375
1324086,10024445,CI.TOW.EHZ,0,up,11.563760757446289,1.900390625,55.9375
1731346,14857292,PG.EC.EHZ,1,down,88.48441314697266,2.19921875,24.1875
747423,14131952,CI.DTP.EHZ,1,down,90.4354476928711,2.779296875,50.375
775597,11385546,CI.SAL.HHZ,0,up,24.087478637695312,2.26953125,38.25
886016,14419836,PB.B084.EHZ,1,down,13.784765243530273,1.009765625,21.9375
47683,15135985,CI.POB.EHZ,1,down,6.410618782043457,0.97998046875,46.5
538509,14216928,CI.SS2.EHZ,0,up,3.005908489227295,1.3798828125,45.8125
2203305,14200284,CI.CTW.EHZ,0,up,30.1246337890625,3.05078125,111.25
2042112,11421650,CI.RXH.HHZ,0,up,5.7184247970581055,1.740234375,6.171875
99470,10925845,CI.ERP.EHZ,1,down,158.39891052246094,2.7109375,44.3125
812381,11415946,PB.B084.EHZ,1,down,4.447515964508057,0.469970703125,13.28125
284173,10988757,NN.QSM.EHZ,1,down,26.51984405517578,1.9599609375,71.8125
886400,14095360,CI.BBR.HHZ,0,up,47.87108612060547,0.990234375,2.05078125
1811107,10357065,AZ.CPE.HHZ,1,down,60.18355178833008,3.029296875,26.703125
359830,14064504,AZ.BZN.HHZ,0,up,14.87365436553955,1.6396484375,66.625
345487,10376193,AZ.LVA2.HHZ,1,down,116.60586547851562,1.3095703125,12.3671875
1967286,14122992,CI.LDR.HHZ,1,down,68.3014907836914,1.23046875,8.21875
985035,11057205,AZ.CRY.HHZ,1,down,21.53521728515625,1.1796875,32.09375
58874,14162660,AZ.SND.HHZ,1,down,63.48370361328125,1.1396484375,9.03125
1410962,10081597,CI.SMS.HHZ,0,up,6.755281925201416,2.099609375,20.09375
1333145,10545221,CI.BTL.EHZ,0,up,13.578083038330078,2.689453125,31.9375
87674,10001165,CI.WCS.EHZ,1,down,8.834229469299316,0.199951171875,0.09002685546875
1519373,14404364,AZ.PFO.HHZ,1,down,4.2219438552856445,0.469970703125,23.609375
255731,14147472,CI.BCH.EHZ,1,down,35.3050422668457,3.51953125,105.6875
1235276,10490053,CI.ERP.EHZ,1,down,30.80327033996582,1.8701171875,9.9765625
880934,9141371,CI.GRP.EHZ,1,down,10.28865909576416,1.7998046875,66.3125
549692,11208186,CI.FHO.HHZ,1,down,23.367414474487305,1.41015625,28.40625
2271612,11375690,CI.TOW.EHZ,0,up,108.74384307861328,3.400390625,66.0
2105839,13986156,CI.FIG.HHZ,1,down,58.447017669677734,1.759765625,24.328125
70027,10236673,CI.MCT.HHZ,1,down,29.96494483947754,2.0,33.3125
1813575,9828869,AZ.LVA2.HHZ,0,up,41.885643005371094,1.7802734375,17.953125
1439383,10789893,CI.ERP.EHZ,1,down,5.457294464111328,2.529296875,44.28125
2119588,14235124,CI.JFS.EHZ,0,up,2.5624983310699463,1.009765625,45.03125
2144513,14311612,CI.BAC.EHZ,0,up,13.405051231384277,1.25,27.96875
1314650,9634965,CI.FRG.EHZ,0,up,7.282505035400391,1.3701171875,34.90625
1363111,11088938,CI.SDR.HHZ,0,up,32.562355041503906,3.009765625,106.25
860591,14205496,CI.RAY.EHZ,0,up,16.527080535888672,1.2197265625,2.369140625
1150988,14249564,AZ.CRY.HHZ,1,down,77.83539581298828,2.470703125,87.625
1067473,10995765,CI.CBK.EHZ,1,down,12.944616317749023,1.8798828125,39.59375
2231349,11351754,PB.B084.EHZ,1,down,24.606914520263672,0.68994140625,14.7265625
18237,10605077,ZY.WAGN.EHZ,0,up,1.9327895641326904,1.849609375,13.421875
2489155,10536173,CI.GLA.HHZ,0,up,37.30906677246094,1.7099609375,11.328125
1984431,10657365,ZY.PNTO.EHZ,0,up,92.27824401855469,1.41015625,7.75
1979740,14754876,AZ.TRO.HHZ,1,down,11.488394737243652,1.150390625,15.171875
2481211,10260353,CI.WES.HHZ,0,up,16.5563907623291,2.310546875,30.765625
1209961,14715948,ZY.USG.EHZ,1,down,8.844429016113281,1.5595703125,13.0
481141,10400649,AZ.SND.HHZ,1,down,1.8739640712738037,0.91015625,32.5625
2287860,9143724,CI.ARV.EHZ,1,down,5.080611705780029,1.2001953125,37.6875
2100055,9674861,CI.WLH.EHZ,0,up,6.72132682800293,1.51953125,42.875
834801,10348669,CI.PLM.HHZ,1,down,3.196458578109741,0.89990234375,65.9375
1222460,10990493,BC.CCX.HHZ,0,up,12.916763305664062,2.2890625,37.40625
339787,9688861,CI.WOR.EHZ,1,down,4.66628885269165,1.400390625,52.96875
1143233,10070285,CI.MIR.EHZ,0,up,8.680131912231445,1.6103515625,34.6875
2328823,9672165,CI.WWP.EHZ,1,down,87.98365783691406,2.55078125,38.625
2051335,10768709,CI.ERP.EHZ,1,down,4.9341888427734375,1.7998046875,20.234375
288736,10168209,CI.CRR.EHZ,1,down,3.0948543548583984,1.7001953125,88.9375
1534536,14217024,CI.SAL.HHZ,0,up,4.951799392700195,1.8701171875,48.5625
2174741,9814101,CI.DNR.HHZ,0,up,3.212354898452759,0.85009765625,5.109375
1984700,9166719,CI.CRR.EHZ,1,down,3.688643455505371,1.2998046875,18.078125
528956,13914164,CI.WRV.EHZ,0,up,4.98207426071167,1.150390625,55.5
155016,13912152,CI.GRP.EHZ,0,up,5.799727439880371,0.89990234375,69.0625
1687444,10227693,AZ.SND.HHZ,1,down,79.85633087158203,1.33984375,11.4765625
148770,10320901,CI.SGL.EHZ,0,up,15.657480239868164,2.060546875,57.0
1234419,10751061,PB.B084.EHZ,1,down,13.51978588104248,1.08984375,21.546875
509281,9173450,CI.POB.EHZ,0,up,91.19911193847656,1.7001953125,10.3828125
673601,14244212,CI.SRN.HHZ,1,down,15.93370246887207,3.310546875,53.71875
1532729,11640055,CI.WWP.EHZ,1,down,6.54435396194458,1.009765625,38.09375
763119,10863861,CI.SBI.HHZ,1,down,25.659069061279297,3.599609375,118.875
473126,10533445,AZ.LVA2.HHZ,0,up,51.91421890258789,3.029296875,87.8125
113893,9883529,AZ.PFO.HHZ,0,up,39.572120666503906,1.349609375,24.953125
614795,9689253,CI.JRC.HHZ,0,up,234.33816528320312,3.060546875,11.9296875
2267919,10604157,ZY.OCBC.HHZ,0,up,4.416747570037842,2.58984375,24.015625
1245560,10095769,CI.SME.EHZ,0,up,10.778011322021484,1.669921875,96.0625
12101,10780493,CI.WWC.HHZ,0,up,2.796473503112793,0.85986328125,65.6875
640399,10611213,ZY.USG.EHZ,1,down,3.9738898277282715,1.58984375,26.296875
1746508,10893693,CI.BBR.HHZ,0,up,3.2763941287994385,1.240234375,45.59375
1309723,9146023,CI.SRT.EHZ,0,up,7.878763675689697,2.0,35.5625
1447818,10637029,ZY.OCBC.HHZ,0,up,13.693619728088379,2.48046875,22.390625
1777228,13948704,CI.WRV.EHZ,0,up,5.291489124298096,1.2001953125,35.46875
1743533,13656868,AZ.CRY.HHZ,0,up,5.300512790679932,0.64990234375,17.796875
658774,14247028,CI.WOR.EHZ,1,down,67.15968322753906,1.1298828125,5.6484375
113363,14923068,CI.WCS.EHZ,1,down,18.669132232666016,0.280029296875,2.580078125
128525,13967160,CI.DNR.HHZ,0,up,21.479185104370117,1.6796875,28.40625
1402725,10166749,CI.CRG.EHZ,0,up,14.132640838623047,2.0,74.25
1324125,9729713,CI.WOF.EHZ,1,down,39.705162048339844,1.490234375,26.984375
1955150,10495005,AZ.SND.HHZ,0,up,18.138261795043945,0.7998046875,10.0390625
1617625,10348145,CI.POB.EHZ,1,down,15.521818161010742,1.080078125,31.46875
1800652,9929653,AZ.LVA2.HHZ,0,up,9.838940620422363,1.669921875,61.21875
581705,11088570,CI.BLA2.HHZ,0,up,8.133230209350586,0.89013671875,32.25
2041821,11129018,CI.MCT.HHZ,1,down,3.0457382202148438,2.189453125,112.1875
965456,14058100,CI.CLT.HHZ,0,up,3.239976406097412,2.169921875,6.421875
1966689,10181545,CI.MPM.HHZ,0,up,3.164048433303833,0.5,26.765625
2423448,10166209,AZ.PFO.HHZ,1,down,4.752087593078613,0.9599609375,45.375
1375295,9872985,CI.BBR.HHZ,0,up,10.180588722229004,1.75,39.40625
404134,10894661,CI.SME.EHZ,0,up,4.782675743103027,1.1904296875,37.125
186698,9873677,CI.ALV.EHZ,0,up,19.220701217651367,1.2998046875,43.5625
793614,14314440,PB.B086.EHZ,1,down,8.22454833984375,0.509765625,11.78125
1823635,10483093,CI.PMD.HHZ,0,up,3.190142869949341,1.33984375,109.0
1578072,13941012,CI.PNM.EHZ,0,up,17.56486701965332,1.2197265625,48.34375
2175730,14478888,CI.DPP.HHZ,1,down,7.043494701385498,1.3603515625,90.1875
1404727,10999677,CI.DNR.HHZ,1,down,40.416194915771484,0.97998046875,10.3125
850415,10227333,AZ.MONP.HHZ,0,up,6.789915561676025,1.0400390625,15.4765625
2107497,10281109,PB.B086.EHZ,1,down,18.202102661132812,0.58984375,6.37109375
1642976,10183445,AZ.SND.HHZ,0,up,10.289101600646973,1.0498046875,34.78125
1008630,10283149,CI.TPC.EHZ,1,down,30.979948043823242,1.740234375,86.6875
1417439,13947744,CI.WRV.EHZ,0,up,4.436437129974365,1.7099609375,93.8125
2025456,14890972,AZ.WMC.HHZ,1,down,10.054624557495117,0.9599609375,18.78125
489383,10149385,CI.BOR.HHZ,1,down,15.509980201721191,1.1904296875,36.34375
1464315,11051061,CI.WCS.EHZ,1,down,18.872955322265625,1.919921875,9.578125
1025674,9165036,CI.WMF.EHZ,1,down,322.21868896484375,1.099609375,1.0595703125
2242577,10507301,AZ.RDM.HHZ,1,down,7.1488728523254395,0.7001953125,30.5
1358290,15195281,AZ.PFO.HHZ,1,down,2.867290496826172,1.1796875,90.9375
333560,13985192,CI.COK.EHZ,0,up,7.656407833099365,2.029296875,27.390625
1376208,10250105,CI.GAV.EHZ,1,down,2.6289610862731934,0.919921875,28.234375
663557,9677845,CI.WCH.EHZ,1,down,15.38470458984375,1.3896484375,24.265625
437866,10839301,PB.B081.EHZ,1,down,28.889827728271484,0.64013671875,6.05859375
1109069,14608292,AZ.LVA2.HHZ,1,down,6.447215557098389,3.619140625,109.75
135480,14358528,ZY.SHF7.HHZ,1,down,8.917718887329102,1.2197265625,12.359375
2304597,9853445,CI.AGA.HHZ,1,down,23.48194122314453,1.5302734375,20.46875
1954934,14861244,CI.HYS.EHZ,1,down,4.918259620666504,1.0302734375,75.25
2049606,14288256,AZ.MONP.HHZ,1,down,81.93180084228516,2.869140625,52.9375
263090,13980332,CI.IR2.EHZ,1,down,3.903555154800415,1.9697265625,73.1875
719447,9793265,CI.OAT.EHZ,0,up,20.897666931152344,1.150390625,5.0
606173,15179593,PB.B086.EHZ,1,down,5.252351760864258,0.6298828125,13.3125
509060,10480709,EN.ENG.EHZ,0,up,13.759010314941406,1.0595703125,7.73828125
1916338,10750013,AZ.BZN.HHZ,1,down,3.365720510482788,0.77978515625,20.25
446502,14003372,CI.TPC.EHZ,1,down,35.147674560546875,3.310546875,89.0625
1106558,9828097,CI.RMR.EHZ,0,up,74.6933822631836,1.5,15.7421875
1292313,14502040,AZ.KNW.HHZ,1,down,54.017784118652344,1.75,67.9375
296306,11081298,NC.MCV.EHZ,1,down,124.03520965576172,2.69921875,50.28125
943436,15119417,NC.MCS.EHZ,1,down,7.28817892074585,1.919921875,59.46875
92666,15195297,CI.POB.EHZ,1,down,22.974031448364258,0.1700439453125,5.75
1274285,10596517,ZY.PNTO.EHZ,0,up,3.3920180797576904,1.669921875,18.9375
358846,9936417,AZ.FRD.HHZ,0,up,246.12960815429688,2.330078125,51.5
1723669,9135901,CI.RMM.EHZ,1,down,18.402109146118164,1.7001953125,31.921875
87429,10145522,ZY.SHCM.EHZ,0,up,9.275991439819336,2.2109375,50.375
1915875,14220492,CI.ISA.HHZ,1,down,9.6827974319458,1.400390625,43.5625
1865893,9719941,CI.BAC.EHZ,0,up,93.59154510498047,1.98046875,50.125
1029064,10871357,EN.RED.EHZ,1,down,74.6508560180664,1.4296875,2.400390625
1958897,14242888,CI.RYS.EHZ,1,down,10.17149829864502,1.2001953125,21.90625
2327555,10296629,AZ.CRY.HHZ,0,up,10.608237266540527,0.340087890625,12.0703125
1519275,10166897,CI.SLR.HHZ,1,down,5.896559715270996,1.349609375,13.3515625
2101464,14208596,AZ.KNW.HHZ,0,up,24.901897430419922,1.91015625,34.84375
266816,9857001,CI.YUH.EHZ,1,down,53.69104766845703,1.76953125,25.671875
509132,10626013,ZY.PNTO.EHZ,1,down,12.033279418945312,2.240234375,58.875
1311907,14377372,CI.SLR.HHZ,1,down,3.4541361331939697,1.009765625,17.765625
2447592,10000893,CI.WLH.EHZ,0,up,7.611449241638184,1.2998046875,51.03125
1059933,9698857,CI.SME.EHZ,0,up,81.82865905761719,3.390625,60.09375
2410111,11327386,CI.OLP.HHZ,1,down,12.774439811706543,3.41015625,115.0625
1317098,10610069,ZY.WAGN.EHZ,0,up,99.5220718383789,1.48046875,4.87109375
351024,11284322,CI.TOR.HHZ,0,up,2.2188308238983154,0.669921875,22.828125
957584,10317949,CI.HOL.EHZ,0,up,14.666951179504395,1.4599609375,82.3125
1898507,10343681,CI.JEM.HHZ,1,down,2.9628334045410156,2.26953125,116.9375
1631726,10984533,EN.ENG.EHZ,0,up,5.513560771942139,0.7001953125,6.73046875
1028811,10059125,CI.DVT.HHZ,1,down,28.615129470825195,1.16015625,1.259765625
1370429,11337858,PB.B087.EHZ,0,up,8.865079879760742,0.669921875,24.625
1083803,14740332,CI.SGL.EHZ,1,down,13.587936401367188,1.830078125,27.515625
1732611,10146925,CI.LDR.HHZ,0,up,3.8973891735076904,1.8095703125,60.15625
37243,10208153,CI.HMT.EHZ,0,up,32.00927734375,1.2900390625,26.71875
1219258,14064720,CI.LRL.HHZ,1,down,16.301048278808594,1.740234375,68.875
1891166,11362426,CI.MSC.HHZ,1,down,15.63609504699707,1.1103515625,39.625
110179,14240200,CI.DNR.HHZ,1,down,11.49599552154541,0.77001953125,20.1875
1131486,10397785,CI.SDR.HHZ,0,up,11.85023307800293,1.4501953125,33.375
4696,9907417,CI.ALV.EHZ,0,up,3.2635841369628906,1.5,66.0
866308,9690173,AZ.FRD.HHZ,1,down,32.4311637878418,1.1298828125,44.96875
415349,9171289,CI.MIR.EHZ,0,up,8.68710708618164,1.73046875,32.4375
1116318,10785197,CI.SPF.HHZ,1,down,270.63134765625,3.970703125,70.25
1263622,11392146,AZ.BZN.HHZ,0,up,32.41659927368164,0.320068359375,6.37890625
1284459,13963400,CI.PSP.EHZ,1,down,3.7134225368499756,1.3095703125,27.875
1329138,11327498,CI.WVP.EHZ,1,down,5.688753604888916,0.81982421875,17.09375
2440716,10600917,ZY.MLDN.EHZ,0,up,52.87062454223633,2.560546875,3.5390625
1553683,14606476,CI.TOR.HHZ,1,down,7.864954948425293,1.08984375,29.765625
186247,10246945,CI.BTL.EHZ,1,down,19.302562713623047,1.83984375,50.46875
1120160,14585612,CI.DPP.HHZ,1,down,10.968183517456055,2.330078125,71.75
714821,7202474,CI.AGA.HHZ,0,up,13.938565254211426,1.5400390625,25.203125
2459746,10005309,CI.TOW.EHZ,0,up,3.083735227584839,0.39990234375,24.484375
2017643,9746225,CI.COA.EHZ,0,up,6.620409965515137,1.8896484375,30.515625
609026,11209170,CI.FOX.EHZ,0,up,21.26188850402832,3.41015625,105.25
1623319,9148874,CI.WRV.EHZ,0,up,169.43521118164062,2.259765625,26.9375
1135474,10260313,AZ.BZN.HHZ,0,up,2.145805835723877,1.169921875,58.28125
1027736,10371609,CI.TOR.HHZ,1,down,7.450023651123047,0.85009765625,42.0625
1024541,9916069,CI.GTM.EHZ,0,up,6.402109622955322,1.7001953125,8.8515625
1360610,10976279,CI.MPM.HHZ,0,up,48.65987014770508,1.6796875,35.0
921413,11248298,PB.B081.EHZ,0,up,24.367382049560547,2.279296875,64.625
628812,9727489,CI.JRC.HHZ,0,up,3.474668025970459,1.6201171875,53.34375
69792,14587588,AZ.CRY.HHZ,1,down,72.06809997558594,2.26953125,65.6875
1997589,10837725,EN.ENG.EHZ,1,down,29.369449615478516,1.650390625,8.71875
2325975,12473152,CI.PLT.EHZ,0,up,5.055940628051758,1.9599609375,76.3125
1846016,9699333,CI.WRV.EHZ,1,down,18.466150283813477,1.2001953125,2.55078125
746415,10739701,CI.JEM.HHZ,1,down,8.88023853302002,0.81005859375,40.34375
52485,9154005,CI.RVR.EHZ,1,down,12.641024589538574,1.400390625,20.234375
1189849,13658192,CI.MPM.HHZ,0,up,5.111024856567383,1.0703125,47.34375
1944435,10295033,CI.TPC.EHZ,0,up,20.971439361572266,1.0400390625,35.09375
1960001,13944128,CI.SBPX.HHZ,0,up,1.8286088705062866,1.849609375,37.9375
1768194,10622453,ZY.WAGN.EHZ,0,up,227.0887451171875,2.990234375,7.921875
937573,10256709,CI.DRE.HHZ,1,down,2.3260128498077393,1.7099609375,5.671875
255008,9154794,AZ.RDM.HHZ,1,down,3.593233346939087,1.5703125,33.46875
298397,15204609,EN.HAT.EHZ,1,down,6.958720684051514,1.5,16.8125
1079381,14297256,CI.WLH.EHZ,0,up,31.386035919189453,1.169921875,30.046875
1258911,13958892,CI.SKY.EHZ,1,down,3.9891929626464844,1.66015625,18.546875
143720,10791325,CI.SGL.EHZ,0,up,11.237101554870605,0.7001953125,2.169921875
478974,9652469,CI.CFL.EHZ,1,down,5.7584686279296875,2.16015625,58.84375
1317681,9653189,CI.RMR.EHZ,0,up,54.29263687133789,2.0390625,22.703125
2103787,10183641,CI.WOR.EHZ,0,up,3.4766733646392822,0.9599609375,15.7421875
1131199,10272549,CI.DNR.HHZ,1,down,15.132528305053711,1.330078125,15.0703125
1171513,9996665,CI.GOR.HHZ,0,up,15.076004028320312,2.330078125,73.0625
640817,9172178,CI.WVP.EHZ,0,up,23.00058937072754,1.0703125,9.65625
2492180,10791261,CI.SMS.HHZ,1,down,15.479659080505371,2.44921875,17.453125
134048,10791477,AZ.FRD.HHZ,1,down,14.703371047973633,1.080078125,73.125
2259915,12880136,CI.THC.EHZ,1,down,22.472742080688477,0.83984375,7.98828125
2196351,9147455,CI.RAG.EHZ,0,up,69.8836441040039,1.7001953125,16.28125
1555618,9629625,CI.BBR.HHZ,0,up,51.4416618347168,1.98046875,3.279296875
1713269,14197856,CI.CCC.HHZ,0,up,2.5004568099975586,1.83984375,59.84375
1828551,9161679,CI.WBM.EHZ,1,down,12.269974708557129,1.6298828125,25.3125
182073,13946292,CI.WWP.EHZ,0,up,7.396209239959717,1.3603515625,23.4375
909198,11001253,CI.VVD.EHZ,1,down,38.156593322753906,2.9296875,22.15625
561328,11050597,CI.WOF.EHZ,0,up,36.18472671508789,2.439453125,95.375
1755619,14023412,CI.WNM.EHZ,0,up,3.1222002506256104,0.7900390625,25.265625
2391842,10907573,PB.B087.EHZ,1,down,7.833322048187256,0.740234375,27.125
1066325,10220585,CI.SBB2.HHZ,0,up,62.148990631103516,2.400390625,84.0625
291032,14118884,CI.LDF.HHZ,0,up,3.7638680934906006,1.8095703125,118.375
937491,11329298,CI.BBR.HHZ,0,up,4.728322982788086,1.5302734375,14.640625
1506152,9713193,CI.WMF.EHZ,1,down,3.184129238128662,1.400390625,39.28125
565674,10766477,AZ.FRD.HHZ,0,up,69.9931411743164,0.68017578125,14.046875
787543,9648685,CI.WSH.EHZ,1,down,1.7728513479232788,2.099609375,59.125
1374587,11363146,CI.YUH.EHZ,1,down,14.558303833007812,0.93017578125,25.484375
373302,10764389,PB.B087.EHZ,1,down,14.912239074707031,0.89013671875,10.03125
276952,9693121,CI.TPM.EHZ,1,down,21.09596824645996,1.740234375,25.984375
2291313,14062284,AZ.FRD.HHZ,0,up,91.56658172607422,1.51953125,51.84375
176172,9646841,CI.DTP.EHZ,1,down,16.78704071044922,2.75,84.25
1953314,9697757,CI.WVP.EHZ,0,up,143.5904998779297,2.009765625,11.171875
467140,14205956,CI.CFT.EHZ,0,up,4.4871697425842285,1.3603515625,10.7421875
2116205,13813696,WR.CSP.EHZ,0,up,81.73042297363281,3.73046875,103.375
2001442,10237849,CI.POB.EHZ,1,down,26.855440139770508,1.3798828125,15.8984375
421322,14889484,CI.TOW.EHZ,1,down,58.23976516723633,3.279296875,19.453125
1864984,10794397,CI.PMD.HHZ,1,down,42.583709716796875,1.5498046875,43.84375
2310293,14221260,AZ.FRD.HHZ,0,up,9.928149223327637,0.1600341796875,9.2109375
1348574,14137340,CI.MGE.HHZ,1,down,5.699055194854736,1.98046875,20.453125
61476,10297625,CI.TOR.HHZ,0,up,16.13359260559082,1.509765625,40.65625
1416347,9133177,CI.BTL.EHZ,1,down,111.86119842529297,2.900390625,76.8125
452243,9714525,CI.WVP.EHZ,0,up,66.1711196899414,1.4404296875,9.1015625
1745951,9674197,CI.WCH.EHZ,1,down,9.870270729064941,2.080078125,23.5625
1990036,10604021,ZY.OYSB.EHZ,1,down,67.26002502441406,2.599609375,17.59375
136788,10082649,CI.LDR.HHZ,0,up,6.766819953918457,1.41015625,42.28125
1304098,9774573,CI.GOR.HHZ,0,up,2.0187299251556396,0.830078125,47.96875
1531313,10492437,AZ.MONP2.HHZ,0,up,20.418659210205078,2.2109375,76.6875
1124491,11278106,CI.LUG.HHZ,1,down,2.122952938079834,1.9296875,29.546875
1591761,10312393,AZ.SND.HHZ,1,down,13.493234634399414,1.6298828125,47.84375
557157,14334816,CI.SBPX.HHZ,0,up,6.428567886352539,3.119140625,48.25
2351369,10410793,CI.EL2.EHZ,1,down,3.178744316101074,1.419921875,63.9375
2302592,9632617,CI.WSH.EHZ,1,down,109.16262817382812,1.23046875,18.765625
273098,10722909,CI.PMD.HHZ,1,down,5.507419109344482,0.830078125,42.46875
101512,9648601,CI.BAC.EHZ,0,up,4.476881504058838,1.4599609375,32.03125
1171614,9678937,CI.BMT.EHZ,1,down,6.156346321105957,1.9404296875,119.875
43730,10232569,CI.DNR.HHZ,0,up,30.353925704956055,1.1201171875,18.375
2221393,14385192,AZ.PFO.HHZ,1,down,2.2414190769195557,0.47998046875,28.046875
2101857,10998269,AZ.KNW.HHZ,0,up,52.978355407714844,1.6796875,31.703125
803734,10481637,CI.GOR.HHZ,1,down,2.1961605548858643,1.4599609375,111.25
1896455,10858933,PB.B084.EHZ,0,up,8.12263011932373,1.009765625,53.78125
1050190,11456059,CI.XMS.EHZ,1,down,3.375742197036743,1.080078125,71.5625
1335734,14154124,AZ.CRY.HHZ,0,up,53.40813446044922,0.93017578125,17.421875
9656,10440993,PB.B087.EHZ,1,down,10.599536895751953,1.740234375,56.875
2313492,11392058,CI.PMD.HHZ,0,up,17.97211456298828,1.25,44.59375
675787,10436897,AZ.PFO.HHZ,0,up,4.825191497802734,0.83984375,32.71875
823011,14214552,CI.DNR.HHZ,1,down,20.692855834960938,1.23046875,47.78125
1591638,9734305,CI.YMD.EHZ,1,down,25.06659698486328,2.490234375,63.8125
1508066,10296521,CI.CLC.HHZ,0,up,37.61886978149414,0.60986328125,18.171875
1183431,10185705,CI.BTL.EHZ,0,up,13.015613555908203,0.919921875,5.37890625
1782037,10174374,CI.DRE.HHZ,1,down,44.70458221435547,3.16015625,75.8125
1826787,14207764,CI.JRC2.HHZ,1,down,4.488114356994629,0.39990234375,10.8828125
694884,10980341,CI.SRN.HHZ,0,up,26.591899871826172,3.16015625,46.0
712191,14353692,CI.PLM.HHZ,1,down,3.207550287246704,0.31005859375,31.4375
1126046,9773193,CI.WMF.EHZ,1,down,2.3415563106536865,0.449951171875,13.9609375
324033,11743464,CI.SKY.EHZ,0,up,8.791919708251953,1.8896484375,29.40625
1750339,11378738,WR.CSP.EHZ,0,up,54.3869743347168,1.48046875,13.46875
2109392,10327373,AZ.KNW.HHZ,1,down,24.56507110595703,0.919921875,55.84375
2366970,13992848,CI.MIR.EHZ,0,up,3.715592384338379,1.7001953125,51.5
1313121,9775885,CI.CLC.EHZ,1,down,2.6376333236694336,1.0595703125,51.90625
1156008,10995517,NN.QSM.EHZ,1,down,6.995066165924072,0.740234375,29.015625
1349350,11208010,CI.IKP.HHZ,0,up,168.04135131835938,1.23046875,15.2578125
2055413,10365909,CI.CHF.HHZ,0,up,9.703606605529785,1.6904296875,73.8125
1688386,14155644,CI.CFT.EHZ,0,up,8.139564514160156,2.359375,84.5625
1053633,14420108,PB.B921.EHZ,1,down,37.407142639160156,1.7099609375,45.375
886924,10370729,CI.GOR.HHZ,0,up,3.963467597961426,1.48046875,111.875
1497786,14731404,ZY.WAGN.EHZ,1,down,87.3921890258789,1.9697265625,9.703125
1924268,11242474,CI.POB.EHZ,1,down,26.239511489868164,0.56005859375,18.671875
1989641,10352949,CI.EDW2.HHZ,1,down,18.22661590576172,1.9501953125,85.5625
2017248,11366154,AZ.SND.HHZ,1,down,218.70172119140625,3.220703125,82.0
2237854,10631541,ZY.OYSB.EHZ,0,up,263.9147644042969,1.900390625,6.26171875
2108310,10904005,AZ.PFO.HHZ,1,down,25.92237091064453,1.9599609375,117.75
437710,10921685,CI.TEH.HHZ,0,up,8.398064613342285,2.099609375,60.5625
1024984,11002565,AZ.LVA2.HHZ,1,down,35.603790283203125,1.6796875,66.0
815117,14312040,AZ.CRY.HHZ,0,up,62.89154052734375,2.029296875,56.65625
2386048,13909220,CI.PKM.EHZ,0,up,57.3101692199707,3.51953125,73.3125
342143,11069965,CI.EDW2.HHZ,0,up,19.937541961669922,1.5703125,33.25
353039,15102196,PB.B086.EHZ,1,down,18.921846389770508,2.66015625,98.25
120387,15200361,EN.OBS.EHZ,1,down,4.518616199493408,2.119140625,19.59375
128143,11084690,CI.WMF.EHZ,0,up,74.18254089355469,2.150390625,43.09375
853029,10222797,CI.ALP.HHZ,1,down,2.1518263816833496,1.5302734375,58.09375
1781887,14347064,CI.SGL.EHZ,0,up,8.001446723937988,1.83984375,46.84375
2151513,9796317,CI.JVA.HHZ,0,up,2.8515660762786865,1.599609375,39.5
2203489,9962065,CI.BEL.HHZ,0,up,9.118897438049316,1.4599609375,44.40625
1113265,10400017,PB.B087.EHZ,0,up,5.541099548339844,0.68994140625,33.28125
676755,10435377,CI.TEJ.EHZ,1,down,40.163909912109375,1.8701171875,38.5
94603,10903149,EN.YOU.EHZ,0,up,101.39603424072266,1.2900390625,1.1201171875
1400588,11273602,CI.SNO.HHZ,1,down,6.850855350494385,1.41015625,69.0625
642878,11329546,CI.SAL.HHZ,1,down,4.448883056640625,1.23046875,12.7578125
276129,9170296,CI.SGL.EHZ,1,down,4.024516582489014,1.2001953125,5.94921875
163910,14566884,CI.WWP.EHZ,1,down,13.226493835449219,2.7890625,76.25
2144518,10483277,AZ.LVA2.HHZ,0,up,14.90153980255127,1.33984375,17.140625
1350011,9660213,CI.SKY.EHZ,0,up,17.24565315246582,1.1396484375,28.546875
505332,11340394,CI.JRC2.HHZ,1,down,52.45972442626953,1.76953125,30.140625
743913,10526541,CI.MSC.HHZ,0,up,9.767963409423828,1.6298828125,40.34375
1947887,9141042,CI.SGL.EHZ,0,up,3.774777412414551,1.849609375,30.578125
2344007,14215244,CI.CTC.HHZ,0,up,3.192148447036743,1.2001953125,23.90625
496996,10329473,CI.COA.EHZ,0,up,12.790677070617676,1.73046875,43.90625
1583970,13656672,CI.XTL.EHZ,1,down,3.522768259048462,0.81005859375,100.25
1346595,10201065,CI.THX.HHZ,0,up,2.5927321910858154,1.3701171875,34.375
1998804,9775329,CI.SIL.EHZ,0,up,1.932969331741333,0.68994140625,15.4296875
826457,10179797,CI.RMM.EHZ,1,down,3.1178314685821533,1.6796875,73.625
872758,14990804,CI.CRR.EHZ,1,down,43.63407897949219,1.7197265625,19.34375
1967111,14098356,CI.HOL.EHZ,1,down,3.912571668624878,1.2099609375,76.75
2231645,14618492,CI.YUH.EHZ,1,down,12.331214904785156,3.810546875,70.75
439666,10043589,CI.HOL.EHZ,0,up,25.030637741088867,1.7197265625,65.9375
1036484,10013849,AZ.KNW.HHZ,0,up,71.10942840576172,1.240234375,7.98828125
1598179,9166790,CI.WAS.EHZ,0,up,39.18567657470703,1.91015625,36.375
366531,10297545,PB.B086.EHZ,1,down,2.982677459716797,1.9296875,95.5
758871,9879909,CI.TPO.EHZ,0,up,22.597829818725586,1.6796875,54.25
1739610,9633569,CI.WCS.EHZ,0,up,16.71465301513672,2.58984375,15.5703125
1330759,14080104,AZ.FRD.HHZ,1,down,7.036204814910889,0.56982421875,26.90625
808355,11001997,CI.WRV.EHZ,1,down,4.163899898529053,0.39990234375,12.328125
2247119,13940344,CI.CLC.HHZ,0,up,9.318085670471191,1.2998046875,35.65625
606109,9777157,AZ.KNW.HHZ,1,down,8.968972206115723,1.0498046875,33.71875
601543,10036509,CI.ERP.EHZ,0,up,8.583414077758789,2.130859375,58.25
519986,14519820,CI.WMF.EHZ,1,down,35.11045455932617,2.720703125,31.84375
2053310,9162223,CI.HDB.EHZ,0,up,9.800875663757324,1.740234375,29.484375
736235,11086434,AZ.RDM.HHZ,0,up,135.27505493164062,1.169921875,6.23046875
1054794,9160100,CI.QAL.EHZ,0,up,9.119203567504883,1.400390625,42.21875
1088372,14382412,CI.YUH.EHZ,1,down,3.7971749305725098,0.83984375,81.9375
1691484,13985712,AZ.CRY.HHZ,1,down,21.142574310302734,1.099609375,12.859375
1257913,10485221,CI.MSC.HHZ,0,up,2.8154306411743164,0.72998046875,38.875
2032543,10840085,CI.MUR.HHZ,1,down,4.538055896759033,1.849609375,62.59375
1187214,14132148,CI.SIP.EHZ,1,down,16.011133193969727,1.4501953125,23.625
2416721,14252312,CI.SPF.HHZ,0,up,36.557395935058594,2.2109375,27.71875
232396,14135888,CI.BOR.HHZ,1,down,4.081475257873535,1.400390625,21.65625
2293925,14116904,CI.CRR.EHZ,0,up,4.57583475112915,1.6396484375,42.625
881316,10380613,CI.BLC.EHZ,0,up,48.75075149536133,1.23046875,6.30859375
631053,14203908,CI.SWS.HHZ,1,down,8.108320236206055,1.669921875,35.375
1309101,9654237,AZ.SND.HHZ,0,up,9.449067115783691,1.0,20.21875
2035344,10319241,CI.BLC.EHZ,0,up,13.463539123535156,1.419921875,29.78125
589608,10981573,AZ.CRY.HHZ,1,down,13.729681015014648,1.009765625,28.453125
2290354,14073012,CI.WMF.EHZ,1,down,197.06271362304688,0.5,2.5703125
1762923,13965884,CI.CCA.EHZ,1,down,29.185077667236328,2.7890625,68.0
945421,14284740,PB.B082.EHZ,0,up,20.318744659423828,1.1796875,17.703125
1589618,10188341,AZ.PFO.HHZ,0,up,20.9866943359375,1.5595703125,41.3125
501380,10404737,CI.SMF.EHZ,1,down,19.04140281677246,2.400390625,21.390625
338678,14096576,CI.TOW.EHZ,0,up,16.420677185058594,0.60009765625,11.3828125
514311,10225393,NP.5062.HLZ,1,down,4.740528106689453,2.4296875,10.296875
989640,13963384,CI.SME.EHZ,0,up,3.8716468811035156,1.5,61.15625
2425871,10754157,CI.PMD.HHZ,1,down,6.05511474609375,1.330078125,52.4375
2161902,12457308,CI.EMS.EHZ,0,up,27.5089111328125,2.419921875,57.84375
559782,9698473,CI.WRC.EHZ,0,up,142.26861572265625,2.130859375,23.625
2065813,14237924,CI.PLM.HHZ,1,down,8.63611888885498,1.990234375,91.125
520077,9660401,CI.EW2.EHZ,1,down,30.69956398010254,2.01953125,8.21875
1998966,10796205,CI.COK.EHZ,1,down,3.6781463623046875,1.6298828125,31.953125
1548842,14346336,CI.THC.EHZ,0,up,27.54619598388672,1.169921875,11.5390625
1332943,15000604,AZ.CRY.HHZ,1,down,11.111124992370605,1.2900390625,68.75
1564407,14171888,CI.CHF.HHZ,0,up,65.23884582519531,2.16015625,56.1875
630197,10836757,PB.B084.EHZ,1,down,11.175738334655762,1.400390625,85.125
752152,14549284,AZ.FRD.HHZ,1,down,29.708715438842773,0.72021484375,7.6015625
838539,9155731,CI.TPC.EHZ,1,down,23.23050880432129,1.7099609375,29.9375
406541,11085778,CI.HMT.EHZ,0,up,97.89704132080078,2.08984375,37.4375
1967814,14922484,CI.MSC.HHZ,1,down,10.249505043029785,1.7998046875,37.9375
1539030,12472416,CI.WBS.EHZ,1,down,6.406837463378906,2.2109375,69.9375
1011799,9134305,CI.HDB.EHZ,1,down,225.90045166015625,2.4296875,7.609375
1264839,11045893,AZ.CPE.HHZ,0,up,75.86642456054688,2.7890625,90.375
164865,9689765,CI.WCH.EHZ,0,up,3.6388332843780518,0.919921875,21.09375
1798413,10064613,CI.JVA.HHZ,1,down,33.409088134765625,0.6201171875,15.2734375
114365,15197217,CI.BOR.HHZ,1,down,96.8099136352539,1.1796875,6.03125
76020,11389130,AZ.LVA2.HHZ,0,up,214.656494140625,1.2197265625,16.125
1924943,10838005,AZ.MONP2.HHZ,0,up,7.117135524749756,1.400390625,49.03125
1041162,10236569,CI.BTP.HHZ,1,down,25.159713745117188,1.48046875,27.234375
752413,10217017,CI.SBB2.HHZ,1,down,19.80443572998047,1.4501953125,60.4375
894780,10930901,CI.TPC.EHZ,0,up,4.135829925537109,1.23046875,96.3125
1371982,10400921,CI.RMR.EHZ,0,up,15.680877685546875,1.8896484375,72.4375
1439548,10063197,CI.HDB.EHZ,0,up,57.36616134643555,1.66015625,14.3125
2390645,14394348,CI.BEL.HHZ,1,down,3.420652389526367,1.4296875,60.1875
317467,14382468,CI.SAL.HHZ,1,down,2.3816092014312744,1.1103515625,34.9375
1285047,9142865,CI.TPM.EHZ,1,down,5.8463664054870605,1.599609375,38.625
598571,14512180,CI.SLB.HHZ,1,down,1.2393672466278076,1.2197265625,35.65625
609874,14207336,CI.WRV.EHZ,0,up,10.518515586853027,0.39990234375,10.421875
1246063,14189244,CI.DNR.HHZ,0,up,102.83312225341797,1.5302734375,20.40625
1888726,13936940,CI.SME.EHZ,1,down,5.8233113288879395,1.7099609375,71.25
2101377,14253256,AZ.FRD.HHZ,0,up,137.474853515625,1.5703125,20.75
2360502,14094104,CI.JRC2.HHZ,0,up,20.192110061645508,2.08984375,38.96875
1938036,9134241,CI.RAG.EHZ,1,down,11.941845893859863,1.5,15.421875
1281217,14688884,ZY.SHCM.EHZ,1,down,27.87955665588379,2.51953125,69.5
1215315,11671476,CI.MPM.HHZ,1,down,723.4067993164062,3.2890625,34.5
2002333,10372997,CI.WCH.EHZ,0,up,8.798245429992676,2.400390625,67.375
1402071,14188580,CI.ISA.HHZ,1,down,3.191650629043579,0.199951171875,40.0625
2087069,14149252,AZ.LVA2.HHZ,1,down,14.066765785217285,0.7998046875,13.71875
375288,9877005,CI.TA2.HHZ,1,down,13.042596817016602,1.8095703125,37.3125
2235155,14220308,CI.WBS.HHZ,0,up,1.9817829132080078,0.85986328125,15.8984375
2379621,13657384,CI.WMF.EHZ,1,down,36.68149185180664,0.52001953125,7.69140625
1931703,14329464,CI.WRC.EHZ,0,up,94.31413269042969,1.98046875,25.640625
1789815,11285634,CI.WVP.EHZ,1,down,33.13910675048828,1.51953125,8.953125
2119276,11104418,EN.OBS.EHZ,0,up,13.521171569824219,1.01953125,6.5390625
1503166,10767541,CI.SWS.HHZ,1,down,3.4525039196014404,1.9296875,41.34375
1279804,10355201,CI.BOR.HHZ,1,down,10.976980209350586,1.2197265625,25.546875
240285,9161643,CI.BAC.EHZ,1,down,387.291015625,2.80078125,22.765625
54249,13651428,AZ.SND.HHZ,1,down,7.1208343505859375,1.400390625,88.4375
2124898,14240456,CI.CBK.EHZ,0,up,6.1839399337768555,1.2900390625,41.5
665146,11363394,AZ.LVA2.HHZ,0,up,4.356213092803955,0.509765625,37.5625
1384614,10180173,AZ.HWB.HHZ,1,down,3.1831672191619873,1.58984375,75.5625
840499,9688345,CI.SLA.HHZ,0,up,2.2329859733581543,2.220703125,55.96875
674013,10144562,CI.SVD.HHZ,0,up,8.994251251220703,0.300048828125,13.2890625
1048274,13946232,CI.RAG.EHZ,1,down,3.736642599105835,1.400390625,36.6875
627999,14188372,AZ.LVA2.HHZ,0,up,5.899506092071533,0.68017578125,13.890625
660333,9167869,CI.PSP.EHZ,0,up,1.4230762720108032,2.060546875,42.875
1653394,14730028,CI.WRC.EHZ,1,down,4.393653392791748,0.89990234375,27.953125
2176542,9157877,CI.WHF.EHZ,1,down,6.116186618804932,1.6201171875,55.46875
1352937,14287916,CI.TEH.HHZ,0,up,11.149982452392578,1.259765625,103.6875
364225,11325962,CI.SVD.HHZ,1,down,5.224400520324707,1.2001953125,32.375
1221910,9699561,CI.RMR.EHZ,0,up,9.218510627746582,1.759765625,33.53125
2332665,10632237,CI.JRC2.HHZ,0,up,119.36528015136719,1.6298828125,12.3125
1351166,10348341,CI.GVR.EHZ,0,up,3.015748977661133,2.119140625,59.75
298726,10146593,AZ.PFO.HHZ,0,up,3.0730297565460205,0.66015625,28.03125
11737,10719805,AZ.SND.HHZ,1,down,14.612889289855957,1.83984375,83.875
749324,12475592,AZ.PFO.HHZ,1,down,5.177945613861084,0.81005859375,19.3125
1998634,14254584,AZ.FRD.HHZ,1,down,4.460966110229492,1.150390625,53.0
478293,9948625,CI.SLR.HHZ,0,up,2.2408242225646973,1.599609375,49.375
1819308,14886188,CI.ERP.EHZ,1,down,25.626358032226562,1.6396484375,15.8671875
928117,12458720,CI.SGL.EHZ,0,up,53.159637451171875,2.580078125,43.4375
2263057,10054465,CI.WNM.EHZ,0,up,4.063007354736328,1.2001953125,25.09375
2092013,9990761,CI.HEC.HHZ,0,up,3.3304049968719482,1.2998046875,25.84375
2223793,15018340,CI.JVA.HHZ,1,down,5.933154582977295,0.9599609375,37.9375
1219428,14282952,CI.TA2.HHZ,1,down,5.629631042480469,1.650390625,71.75
1157863,12447944,CI.GAV.EHZ,1,down,1.58822500705719,1.599609375,21.609375
787898,9167019,CI.GTM.EHZ,1,down,3.090245246887207,1.2001953125,37.8125
2049821,9148370,CI.SS2.EHZ,1,down,29.89780616760254,2.869140625,117.8125
2470578,14155260,CI.FUL.EHZ,0,up,72.22461700439453,4.87890625,86.375
2416714,14898364,EN.YOU.EHZ,1,down,10.497157096862793,0.5,4.55859375
1084799,10036917,CI.JRC2.HHZ,1,down,6.179472923278809,0.5,7.1484375
1830927,9703145,CI.WCS.EHZ,0,up,4.329820156097412,1.099609375,9.671875
2176453,11283050,CI.SKY.EHZ,0,up,35.127559661865234,1.1103515625,14.9921875
1783189,15150489,CI.WCH.EHZ,1,down,5.031111717224121,1.150390625,43.28125
694108,11244922,CI.HMT.EHZ,0,up,8.432193756103516,0.77978515625,27.21875
495549,10099601,CI.DEV.HHZ,0,up,72.66858673095703,2.849609375,44.90625
1581536,14489972,CI.MPI.HHZ,1,down,3.1476364135742188,1.0595703125,44.5625
708577,13940392,CI.SIL.EHZ,0,up,18.9742488861084,2.119140625,64.0625
1672799,10780533,AZ.CRY.HHZ,1,down,4.460375785827637,1.01953125,83.0625
1502171,9682457,CI.WJP.EHZ,1,down,30.930448532104492,3.08984375,84.4375
2467034,10769989,CI.TOR.HHZ,0,up,2.5854485034942627,0.6201171875,30.859375
996718,9651177,CI.SRT.EHZ,0,up,6.162258625030518,1.8701171875,89.0
817784,10278093,AZ.BZN.HHZ,0,up,11.158428192138672,0.9599609375,26.59375
2380379,9710501,CI.JRC.HHZ,0,up,3.4509170055389404,0.89990234375,7.0
2418215,14359720,CI.FUR.HHZ,1,down,3.9415464401245117,1.900390625,4.5390625
380381,15115521,CI.PMD.HHZ,1,down,5.7782464027404785,0.81982421875,22.953125
2379113,14204188,AZ.WMC.HHZ,0,up,2.7515413761138916,0.85986328125,12.921875
2123272,14296976,CI.PMD.HHZ,1,down,28.138715744018555,1.900390625,55.78125
1548263,9795445,CI.EMS.EHZ,1,down,85.33172607421875,3.240234375,49.90625
773684,10285157,CI.PKM.EHZ,0,up,8.558256149291992,1.73046875,31.15625
1127067,14503036,CI.RMR.EHZ,1,down,8.102790832519531,0.85009765625,23.515625
777462,14063136,CI.JVA.HHZ,0,up,8.733134269714355,1.8896484375,54.3125
1874611,11380666,CI.DNR.HHZ,1,down,12.34931468963623,0.68994140625,8.4296875
597888,10179637,AZ.KNW.HHZ,1,down,14.812093734741211,0.75,15.34375
661207,10169621,CI.DSC.HHZ,1,down,23.155641555786133,1.8203125,64.25
2423872,14585860,CI.EML.HHZ,1,down,2.661240816116333,1.5703125,119.0
330471,14171912,AZ.WMC.HHZ,0,up,4.445061206817627,0.199951171875,13.5703125
822162,10981429,AZ.LVA2.HHZ,0,up,67.57350158691406,1.0595703125,30.421875
583626,10790453,CI.WES.HHZ,0,up,17.595237731933594,1.3203125,16.3125
466565,10066857,CI.DJJ.HHZ,0,up,29.65118408203125,1.48046875,16.046875
1296103,10439777,CI.EDW2.HHZ,1,down,12.57242202758789,0.9599609375,50.28125
538103,9655233,CI.SIL.EHZ,1,down,50.534568786621094,2.55078125,36.25
1654274,14473512,CI.RXH.HHZ,1,down,8.71219539642334,1.2197265625,6.23828125
1978662,14153872,CI.BOR.HHZ,1,down,10.629207611083984,0.919921875,30.75
588814,9850309,CI.SAL.HHZ,0,up,5.734103202819824,1.2802734375,36.40625
1085266,13912080,CI.MPM.HHZ,0,up,424.0244140625,1.7900390625,23.0625
17609,10029501,CI.BLC.EHZ,0,up,58.198238372802734,1.7998046875,6.55859375
2069815,11367370,CI.WRV.EHZ,0,up,22.622819900512695,1.4697265625,23.84375
537107,9152108,CI.RAG.EHZ,1,down,8.226849555969238,1.2998046875,28.96875
398433,10347133,AZ.FRD.HHZ,1,down,25.127038955688477,1.3203125,32.0
166253,10981357,CI.SGL.EHZ,0,up,21.026762008666992,3.310546875,57.09375
1338151,13658108,CI.HDB.EHZ,0,up,2.973879337310791,1.0595703125,23.140625
2433588,15194233,CI.DGR.HHZ,1,down,103.16500091552734,2.939453125,72.1875
1781935,10183086,CI.COK.EHZ,0,up,1.7272849082946777,1.400390625,25.21875
1066117,14149696,CI.QAL.EHZ,0,up,16.057071685791016,1.83984375,32.8125
2106108,10235837,SB.GVDA.HLZ,0,up,8.833098411560059,0.669921875,4.66015625
2303435,9721265,AZ.CRY.HHZ,0,up,8.73067569732666,1.2001953125,23.8125
2061874,10546237,CI.BBR.HHZ,0,up,3.0051651000976562,1.16015625,39.09375
2085873,14157872,CI.CLC.HHZ,0,up,72.61758422851562,3.05078125,116.9375
2380968,10960117,PB.B087.EHZ,1,down,14.364714622497559,1.73046875,90.5
2141322,14408948,CI.POB.EHZ,1,down,10.308420181274414,1.1796875,33.3125
1791821,14312316,CI.DTP.EHZ,0,up,15.55711555480957,1.4697265625,27.984375
2296771,11382738,AZ.KNW.HHZ,0,up,14.486305236816406,1.150390625,28.15625
843989,12473016,CI.WAS.EHZ,0,up,12.117417335510254,1.669921875,23.796875
1506093,13938472,AZ.KNW.HHZ,1,down,31.907930374145508,1.0302734375,66.1875
2041655,10873709,CI.TPC.EHZ,1,down,8.288592338562012,1.48046875,90.6875
242251,9157512,CI.HEC.HHZ,0,up,75.75524139404297,2.41015625,6.76953125
1519622,14724436,ZY.USG.EHZ,1,down,1.8388453722000122,0.9599609375,12.5625
1879856,9676637,CI.WWP.EHZ,1,down,11.274091720581055,1.4296875,35.0625
1606650,13986192,CI.SLR.HHZ,1,down,1.9555258750915527,1.080078125,19.65625
266581,9165627,CI.WMF.EHZ,1,down,21.312870025634766,1.150390625,10.5625
391171,13946612,AZ.KNW.HHZ,1,down,53.721805572509766,1.66015625,33.09375
730812,10867861,CI.CTC.HHZ,0,up,4.331930160522461,1.4599609375,47.625
1686664,14442080,CI.PSR.HHZ,1,down,9.09072208404541,1.3095703125,14.7109375
1875214,9146630,CI.PEM.EHZ,0,up,200.31895446777344,3.529296875,37.125
1984622,10024609,CI.WWP.EHZ,0,up,4.1567816734313965,0.85986328125,38.3125
1080882,14039128,CI.CJV.EHZ,0,up,63.6602897644043,3.490234375,113.875
2288452,9159488,CI.GRP.EHZ,0,up,10.600333213806152,1.9599609375,91.625
528958,10064873,CI.GAV.EHZ,0,up,3.4241251945495605,1.0302734375,22.75
337748,10267025,CI.BAC.EHZ,0,up,23.246999740600586,1.2001953125,83.1875
1742318,10744053,CI.SGL.EHZ,0,up,5.924184322357178,0.60009765625,2.310546875
1981392,10263169,AZ.FRD.HHZ,0,up,17.264690399169922,0.830078125,33.0
1109235,14007028,CI.MPM.HHZ,0,up,2.504096508026123,0.39990234375,26.546875
1863015,15188193,CI.PMD.HHZ,1,down,11.795913696289062,1.2998046875,91.625
2436816,10313793,AZ.BZN.HHZ,0,up,24.137142181396484,1.5400390625,7.87890625
2180996,10345889,CI.DPP.HHZ,0,up,16.76000213623047,1.1103515625,43.15625
209830,14853532,PB.B093.EHZ,1,down,10.449675559997559,0.64990234375,24.890625
552832,14612940,CI.COK.EHZ,1,down,4.381229400634766,2.140625,22.015625
152975,11247466,CI.CRR.EHZ,1,down,6.8095502853393555,1.8896484375,43.03125
1262699,10723285,CI.BAR.HHZ,0,up,158.4952850341797,2.5,65.1875
584691,9713541,CI.WMF.EHZ,1,down,85.08171844482422,1.3095703125,6.44140625
1421667,9166547,CI.GTM.EHZ,0,up,25.202957153320312,1.2998046875,16.546875
1150538,9635481,CI.WHV.EHZ,0,up,5.014864444732666,1.150390625,24.84375
815832,10259613,CI.SPG2.HHZ,0,up,25.060863494873047,1.2099609375,55.40625
1943927,13932196,CI.MGE.HHZ,1,down,9.621274948120117,2.3203125,13.9609375
1007000,10200897,CI.TPM.EHZ,0,up,5.0513200759887695,0.85009765625,35.4375
233258,14151936,CI.RMR.EHZ,1,down,4.43771505355835,1.5,75.6875
1552101,10099817,CI.SAL.HHZ,0,up,103.6009750366211,3.169921875,62.71875
608823,10370725,AZ.KNW.HHZ,0,up,1.5134786367416382,0.740234375,32.78125
873723,10258781,PB.B081.EHZ,0,up,34.62541198730469,0.64990234375,6.78125
1807095,13307496,CI.LRR.EHZ,0,up,9.010120391845703,1.259765625,5.9296875
1048751,10482101,CI.NJQ.HHZ,0,up,16.442968368530273,3.189453125,103.75
962906,12291528,CI.SIL.EHZ,0,up,4.31805944442749,1.6201171875,72.375
2003139,12447476,CI.WBS.EHZ,1,down,3.622110366821289,1.6904296875,65.75
648146,9683477,AZ.WMC.HHZ,0,up,11.732888221740723,1.009765625,34.25
512486,9829205,CI.WSH.EHZ,1,down,42.95751190185547,1.490234375,41.8125
2080676,9730697,CI.SND.EHZ,0,up,42.66716003417969,1.900390625,9.3828125
2440865,14476976,CI.SNO.HHZ,1,down,16.2215518951416,1.8701171875,42.46875
304642,10356277,CI.SME.EHZ,0,up,1.7749730348587036,1.4501953125,81.1875
117580,14430784,CI.JRC2.HHZ,1,down,512.3379516601562,0.7099609375,3.55078125
546805,11413954,CI.ALP.HHZ,0,up,21.503896713256836,4.4296875,99.3125
762067,10297409,CI.HMT.EHZ,0,up,9.217229843139648,1.0400390625,47.5625
1907797,9800877,CI.WMF.EHZ,1,down,357.26263427734375,1.7001953125,9.1796875
98180,10772213,AZ.LVA2.HHZ,1,down,10.647226333618164,1.0595703125,52.375
1706910,10380053,CI.PLS.HHZ,1,down,3.5094118118286133,1.5703125,23.40625
962670,9136884,CI.SBK.EHZ,1,down,59.83175277709961,2.33984375,65.3125
961507,10742829,CI.POB.EHZ,1,down,6.119866371154785,1.099609375,62.15625
442181,14570908,CI.CBK.EHZ,1,down,5.8217549324035645,1.7998046875,115.5
608955,14213660,CI.BOR.HHZ,0,up,191.0904998779297,2.8203125,9.1484375
217328,11129066,AZ.FRD.HHZ,0,up,36.98857116699219,0.60986328125,27.203125
1735058,10222165,AZ.PFO.HHZ,0,up,156.47300720214844,3.01953125,62.1875
933437,11382274,CI.WRV.EHZ,1,down,125.58853912353516,1.7001953125,4.359375
2267492,13994388,AZ.SND.HHZ,0,up,4.678574562072754,1.0,20.09375
205452,13811684,CI.WNM.EHZ,1,down,7.443592548370361,0.419921875,12.4609375
1362597,9709833,CI.EW2.EHZ,0,up,9.335817337036133,0.89990234375,44.75
1687688,14062408,CI.WRV.EHZ,0,up,106.22003173828125,0.39990234375,4.98828125
607251,9740341,CI.ARG.EHZ,0,up,5.280547142028809,2.16015625,59.53125
2136720,13949100,CI.ALV.EHZ,1,down,60.93201446533203,2.880859375,90.3125
2258007,10397505,CI.PMD.HHZ,1,down,13.116830825805664,0.89013671875,52.21875
974117,14097696,CI.RAY.EHZ,0,up,19.325603485107422,2.419921875,34.21875
804053,10397897,CI.PMD.HHZ,0,up,3.549973249435425,0.6201171875,31.625
1716892,9749297,CI.ERR.HHZ,1,down,2.618016242980957,1.7099609375,30.484375
2167739,10655973,CI.PER.HHZ,0,up,4.663377285003662,1.1103515625,24.5
731917,10398321,CI.SUN.EHZ,0,up,90.45281219482422,2.609375,57.8125
1188660,14396336,CI.RRX.HHZ,1,down,619.0403442382812,4.140625,88.0
1912389,10136002,CI.CLI.EHZ,0,up,2.117213249206543,0.89990234375,9.3125
2429389,9795329,CI.ALV.EHZ,1,down,2.0028958320617676,1.8603515625,82.0
1852690,10868501,CI.BAC.EHZ,0,up,52.16781234741211,2.099609375,94.125
1103654,14988212,CI.PMD.HHZ,1,down,15.379820823669434,0.72021484375,25.546875
275161,10237129,AZ.SND.HHZ,0,up,7.592787742614746,1.7900390625,48.28125
197167,9635761,CI.WWP.EHZ,0,up,93.39791870117188,1.73046875,5.9296875
698552,10599501,ZY.MLDN.EHZ,1,down,17.902311325073242,2.94921875,35.625
702352,9660557,CI.GSC.HHZ,1,down,22.757183074951172,2.4296875,32.71875
1298554,11000083,CI.WHF.EHZ,1,down,4.316773891448975,1.580078125,53.375
1434979,14006924,AZ.PFO.HHZ,0,up,48.961570739746094,2.2890625,54.15625
1608330,14437080,CI.BAC.EHZ,1,down,22.003582000732422,2.140625,71.1875
2131379,10599981,ZY.OCCM.EHZ,0,up,4.767052173614502,1.91015625,28.125
231352,14895116,AZ.MONP2.HHZ,1,down,62.8873176574707,1.91015625,28.125
1760580,9985949,CI.BBR.HHZ,0,up,6.874966621398926,1.2998046875,47.625
1871671,13980356,AZ.PFO.HHZ,1,down,8.654711723327637,1.7802734375,83.5
704096,10488901,CI.JFS.EHZ,1,down,50.31029510498047,3.669921875,118.4375
2424515,12947540,NC.PMG.EHZ,1,down,60.84409713745117,1.9501953125,41.71875
138478,9627953,CI.CDY.EHZ,0,up,76.29198455810547,4.21875,81.9375
1389395,9683221,CI.WSH.EHZ,1,down,7.378660202026367,0.85009765625,57.15625
1078998,11104562,CI.FHO.HHZ,1,down,9.065589904785156,1.080078125,23.453125
495519,10250481,CI.WOF.EHZ,0,up,34.33144760131836,1.3603515625,28.375
1827803,11334530,CI.DGR.HHZ,1,down,25.17397117614746,0.91015625,27.609375
1832118,9136269,CI.SIL.EHZ,0,up,120.51081848144531,2.25,15.046875
2110671,10237137,CI.PMD.HHZ,1,down,68.40370178222656,1.48046875,19.765625
917291,14136732,CI.RAY.EHZ,1,down,7.593230724334717,1.2998046875,16.6875
559819,14352448,PB.B086.EHZ,1,down,3.649251699447632,0.97998046875,58.25
399012,14207864,AZ.LVA2.HHZ,1,down,7.828782081604004,0.75,24.6875
64989,10149745,CI.HYS.EHZ,1,down,13.285454750061035,1.16015625,55.5625
1887860,10349273,AZ.LVA2.HHZ,1,down,8.465770721435547,0.6298828125,23.484375
273491,14288984,CI.PER.HHZ,1,down,8.503665924072266,1.8603515625,18.078125
954595,11084514,CI.SPG2.HHZ,0,up,45.15966033935547,1.5498046875,40.5
729946,10077969,CI.BTL.EHZ,0,up,142.21832275390625,3.150390625,40.21875
2352534,14096312,CI.MIR.EHZ,0,up,11.773345947265625,1.76953125,50.25
1931861,10607605,ZY.OYSB.EHZ,0,up,51.18072509765625,1.919921875,10.2734375
1921290,10320549,CI.HYS.EHZ,0,up,10.785518646240234,1.7197265625,106.1875
1321700,14184916,AZ.KNW.HHZ,1,down,34.586830139160156,1.7197265625,38.6875
1166773,10167605,CI.MAR.EHZ,0,up,3.7512152194976807,1.6904296875,71.0625
2190028,10636557,ZY.OCCM.EHZ,0,up,12.413212776184082,1.08984375,10.453125
2491849,15191289,PB.B916.EHZ,1,down,7.617883205413818,0.1199951171875,16.234375
186325,14500256,AZ.HWB.HHZ,1,down,12.842459678649902,1.98046875,116.9375
1608178,10321805,CI.WCS.EHZ,1,down,3.667994260787964,1.7001953125,86.0
1132392,9645365,CI.ERR.HHZ,0,up,29.844820022583008,2.939453125,12.859375
892213,14243120,CI.BLK.EHZ,0,up,20.56429100036621,1.3095703125,41.34375
1957354,9167183,CI.HMT.EHZ,1,down,9.23587703704834,1.849609375,92.75
405770,13962384,CI.PEM.EHZ,0,up,85.04521942138672,2.560546875,74.5625
1310321,10295849,CI.MWC.EHZ,0,up,31.10903549194336,4.05859375,99.3125
880819,10378265,AZ.MONP2.HHZ,0,up,3.381293535232544,1.01953125,23.671875
963835,10990101,AZ.RDM.HHZ,0,up,1.3508824110031128,1.2099609375,67.1875
2197910,9716161,CI.WRV.EHZ,0,up,19.976404190063477,1.990234375,17.875
1120188,11129450,PB.B084.EHZ,0,up,14.100174903869629,0.9599609375,18.09375
131477,12880740,WR.CSP.EHZ,0,up,3.6452982425689697,1.6904296875,80.1875
884601,14257756,CI.BEL.HHZ,1,down,259.65789794921875,2.560546875,70.9375
121637,14187692,CI.SIM.EHZ,0,up,6.420723915100098,1.7802734375,80.1875
679693,9686741,CI.JRC.HHZ,0,up,3.0294182300567627,1.0,10.6015625
125218,14262456,CI.PMD.HHZ,1,down,15.785969734191895,1.490234375,60.34375
2357351,9723493,CI.WCH.EHZ,0,up,13.73433780670166,1.599609375,35.6875
379908,11422418,CI.EML.HHZ,0,up,39.661617279052734,1.41015625,55.375
2430456,14090900,CI.JRC2.HHZ,1,down,16.26197624206543,0.7998046875,12.21875
502979,14158840,CI.HDB.EHZ,0,up,5.4320855140686035,1.3603515625,38.40625
828902,11381330,PB.B082.EHZ,1,down,5.792949676513672,0.429931640625,15.0
1994489,10624205,ZY.USG.EHZ,1,down,6.110663890838623,1.509765625,12.4765625
199420,9702105,CI.TEJ.EHZ,0,up,7.134074687957764,1.8603515625,39.25
305781,14772468,CI.YUH.EHZ,1,down,92.80973815917969,1.4501953125,6.6015625
1765981,11408498,PB.B084.EHZ,0,up,23.002220153808594,1.23046875,36.5625
1236592,10369821,CI.CBK.EHZ,1,down,19.76426124572754,1.599609375,67.0
2083774,14288124,AZ.SND.HHZ,1,down,14.125767707824707,0.990234375,51.53125
1925914,10398417,CI.BAC.EHZ,1,down,95.59991455078125,1.9599609375,44.9375
895407,14465512,PB.B087.EHZ,1,down,5.0357747077941895,0.509765625,20.875
495126,14467328,PB.B081.EHZ,1,down,11.568367958068848,1.3203125,27.65625
2051048,12457864,CI.MPM.HHZ,1,down,41.129608154296875,0.91015625,21.671875
956555,9694073,CI.TEH.HHZ,1,down,9.278923988342285,1.740234375,91.8125
1672396,10006701,CI.RMR.EHZ,1,down,20.43995475769043,1.2900390625,68.8125
1872100,10736437,AZ.LVA2.HHZ,0,up,9.713591575622559,1.6298828125,12.3828125
355785,14214660,CI.TPO.EHZ,0,up,36.37546157836914,2.4296875,53.78125
2204097,9973777,CI.WAS.EHZ,0,up,9.237149238586426,1.2001953125,24.546875
1091944,9133573,CI.SHE.EHZ,0,up,8.56300163269043,2.880859375,79.6875
1472440,9773785,CI.BBS.HHZ,0,up,10.927265167236328,3.0,92.0625
1810816,10493205,CI.ERR.HHZ,0,up,4.269015789031982,1.6796875,24.265625
2195179,10527869,CI.TEH.HHZ,1,down,17.63958168029785,2.849609375,97.5625
982980,11131274,NN.QSM.EHZ,1,down,5.253953456878662,1.5703125,106.4375
2187484,14998572,CI.SUN.EHZ,1,down,37.717620849609375,1.3701171875,19.125
1629708,10231041,AZ.WMC.HHZ,0,up,3.069200277328491,0.340087890625,13.703125
963025,10873477,AZ.MONP2.HHZ,0,up,9.608182907104492,1.419921875,50.71875
1125397,13979288,CI.BBR.HHZ,0,up,83.29696655273438,1.900390625,16.515625
2280136,13658288,CI.WMF.EHZ,1,down,166.77334594726562,1.5595703125,4.6484375
1634833,14174260,CI.BAC.EHZ,0,up,5.114086627960205,0.9599609375,52.53125
689111,12456428,CI.COA.EHZ,1,down,3.336085796356201,2.580078125,67.875
227640,9856365,CI.WCH.EHZ,1,down,3.9776692390441895,1.0302734375,50.28125
1085306,14152960,CI.PMD.HHZ,0,up,10.268611907958984,0.75,19.375
856168,14006780,CI.PSP.EHZ,1,down,7.864719390869141,1.3095703125,33.28125
1479249,14890996,PB.B082.EHZ,1,down,391.4280090332031,2.240234375,15.1015625
2144609,11132642,PB.B081.EHZ,0,up,31.227773666381836,0.7900390625,5.4296875
464660,14618380,CI.DRE.HHZ,1,down,29.314287185668945,2.619140625,65.0
1189217,14208496,CI.BLK.EHZ,0,up,14.940877914428711,0.5,26.734375
1744472,15194977,PB.B084.EHZ,1,down,34.03473663330078,1.6796875,80.625
489644,9152101,CI.GRP.EHZ,1,down,5.166782379150391,1.599609375,66.0625
1047234,10188425,CI.WOR.EHZ,1,down,2.4098355770111084,1.01953125,23.90625
2046222,11104562,AZ.CRY.HHZ,0,up,8.181065559387207,1.080078125,80.75
2428201,13936940,WR.CSP.EHZ,1,down,6.095789909362793,1.7099609375,46.96875
78679,10000229,CI.WMF.EHZ,0,up,3.4819564819335938,0.300048828125,12.296875
1073703,9143533,CI.RAG.EHZ,1,down,7.420137405395508,1.400390625,15.859375
2194975,14098764,CI.FRK.EHZ,0,up,2.8969056606292725,1.66015625,24.515625
266572,10863333,CI.FRK.EHZ,0,up,67.55704498291016,2.16015625,23.40625
534942,10794213,PB.B082.EHZ,1,down,102.167724609375,1.58984375,22.1875
271093,11323170,CI.CRR.EHZ,0,up,7.695590019226074,1.419921875,42.125
1218514,14255844,CI.BAC.EHZ,1,down,17.732847213745117,1.2197265625,35.78125
343492,14117448,AZ.FRD.HHZ,1,down,4.441412448883057,0.7998046875,30.09375
196080,11380786,CI.MPM.HHZ,1,down,180.73500061035156,0.27001953125,2.619140625
991987,14155844,AZ.CRY.HHZ,1,down,24.043575286865234,1.9296875,60.25
119384,10285437,AZ.KNW.HHZ,0,up,17.08604621887207,0.9501953125,10.5
2103708,9159233,CI.WLH.EHZ,1,down,26.207656860351562,1.759765625,29.1875
1812412,11280722,CI.LRR.EHZ,1,down,7.555724620819092,1.8701171875,38.28125
894064,9634861,CI.HOL.EHZ,0,up,4.404008388519287,2.029296875,84.5
1700040,9805553,CI.WNM.EHZ,1,down,2.310518741607666,0.68994140625,20.5
1142831,9162692,CI.WOR.EHZ,1,down,6.0103607177734375,2.76953125,58.5
1398600,10543013,CI.LUC.EHZ,1,down,150.72613525390625,2.630859375,53.84375
1845197,14350472,CI.ISA.HHZ,1,down,15.525182723999023,0.97021484375,65.625
576672,10995981,CI.LPC.HHZ,0,up,120.32125854492188,1.7998046875,36.09375
282508,10151493,AZ.CRY.HHZ,0,up,11.36685848236084,2.169921875,62.40625
202348,14001088,AZ.YAQ.HHZ,1,down,13.194159507751465,1.349609375,20.390625
2031039,14184440,AZ.WMC.HHZ,1,down,5.361691951751709,1.990234375,96.4375
116013,10766653,CI.COA.EHZ,0,up,2.1167428493499756,1.509765625,59.1875
18584,14900180,CI.WWP.EHZ,1,down,3.8080546855926514,0.830078125,41.8125
2273293,9142521,CI.WNM.EHZ,1,down,4.3130784034729,1.400390625,23.171875
556756,9697973,CI.WRV.EHZ,1,down,30.72999382019043,0.489990234375,1.91015625
79403,11329714,CI.BOR.HHZ,0,up,3.955207347869873,0.58984375,26.75
1988161,11388386,CI.CIA.HHZ,1,down,24.948400497436523,2.83984375,52.375
761970,10532397,AZ.FRD.HHZ,1,down,113.02469635009766,1.4599609375,9.296875
1872592,10756461,CI.CBK.EHZ,1,down,21.174448013305664,1.4599609375,37.875
304454,10175930,CI.CRR.EHZ,1,down,3.47092604637146,2.05078125,28.3125
2119105,14158808,CI.RMR.EHZ,0,up,176.72178649902344,2.029296875,44.28125
939078,14217752,CI.DNR.HHZ,0,up,8.079564094543457,0.830078125,17.203125
1192326,14182080,CI.WCS.EHZ,0,up,11.524978637695312,3.359375,47.6875
694825,9153817,CI.WNM.EHZ,0,up,27.623485565185547,1.6103515625,21.828125
1229796,10226357,AZ.BZN.HHZ,1,down,1.7568399906158447,0.580078125,22.53125
1662162,10094749,AZ.FRD.HHZ,1,down,61.555152893066406,1.330078125,31.3125
666856,10100565,CI.WCH.EHZ,1,down,16.83751106262207,1.73046875,96.875
1015355,14213424,CI.CLC.HHZ,0,up,23.753480911254883,1.4697265625,76.1875
1914120,14159308,CI.TOW.EHZ,1,down,12.483838081359863,0.5400390625,3.560546875
1753403,14209036,CI.RAG.EHZ,0,up,146.20529174804688,2.259765625,15.453125
313574,9700589,CI.AGA.HHZ,1,down,41.56681823730469,0.81005859375,28.9375
1304386,14064216,CI.WNM.EHZ,1,down,7.456503391265869,1.400390625,26.5
1743605,12903432,CI.SIL.EHZ,1,down,2.088724136352539,0.93994140625,33.53125
1154598,10929173,PB.B081.EHZ,1,down,3.793665885925293,0.9501953125,37.875
1980423,11006685,AZ.KNW.HHZ,1,down,17.989849090576172,2.169921875,48.71875
148599,14236824,AZ.TRO.HHZ,1,down,6.314276695251465,1.5498046875,49.03125
805136,11339482,CI.WCS.EHZ,0,up,10.33707332611084,1.3095703125,2.970703125
2211300,9962073,CI.WOF.EHZ,0,up,10.384038925170898,1.400390625,26.609375
786379,10329797,AZ.CRY.HHZ,1,down,62.94420623779297,1.8203125,49.9375
1101747,14165868,CI.CHN.HHZ,1,down,17.587646484375,2.650390625,18.953125
1607440,14419920,CI.PEM.EHZ,1,down,8.440496444702148,1.1396484375,27.484375
1323746,10150689,CI.PLM.HHZ,1,down,6.047896385192871,0.85009765625,35.84375
314599,14151276,CI.CFT.EHZ,1,down,3.632444143295288,1.8603515625,56.21875
1544819,11022245,PB.B081.EHZ,0,up,12.657222747802734,1.2802734375,54.21875
2031278,10059901,AZ.KNW.HHZ,0,up,91.91765594482422,3.0,84.3125
2400585,10207157,CI.WCS.EHZ,0,up,15.744295120239258,1.580078125,16.84375
1441280,15195393,CI.MPM.HHZ,1,down,1.3827931880950928,0.43994140625,21.84375
2179922,9174594,CI.TPO.EHZ,0,up,59.93474197387695,1.759765625,20.421875
1301705,10343757,CI.CLI.EHZ,0,up,16.144168853759766,2.939453125,70.1875
124284,14286372,CI.PER.HHZ,0,up,11.240296363830566,1.91015625,30.59375
1031909,14850980,WR.PEC.EHZ,1,down,10.010650634765625,1.580078125,48.375
1002228,9941841,CI.DNR.HHZ,1,down,5.537376880645752,0.7001953125,17.609375
2125700,14343608,CI.LTC.EHZ,0,up,2.3850674629211426,1.26953125,58.40625
837067,10775501,CI.BAC.EHZ,0,up,17.365978240966797,1.2001953125,91.6875
921004,12458160,CI.COA.EHZ,0,up,13.139592170715332,2.109375,63.0
1968537,10236537,AZ.CRY.HHZ,0,up,9.786372184753418,0.58984375,10.8671875
2302876,10232745,NC.MMI.EHZ,1,down,29.392789840698242,2.4296875,115.5
918881,10151493,CI.MUR.HHZ,1,down,6.043857097625732,2.169921875,49.46875
1635188,10926173,CI.BLA2.HHZ,0,up,4.127748966217041,1.4296875,61.21875
2438106,10783613,CI.JEM.HHZ,1,down,19.04620361328125,2.009765625,55.21875
281386,14285224,CI.SGL.EHZ,0,up,9.807579040527344,1.4296875,29.953125
311180,13944756,CI.SIL.EHZ,0,up,86.15199279785156,1.8095703125,4.01953125
381857,10035533,CI.EDW2.HHZ,0,up,10.582667350769043,1.8798828125,66.8125
1543029,14087620,AZ.FRD.HHZ,0,up,11.688249588012695,0.89990234375,23.890625
2262478,14386004,CI.BLA.HHZ,1,down,2.271428346633911,1.4599609375,71.4375
1300537,10893317,PB.B084.EHZ,0,up,30.919851303100586,1.1103515625,27.28125
606941,10215085,CI.RMM.EHZ,0,up,5.678016185760498,1.75,104.8125
464301,10544261,CI.JVA.HHZ,1,down,7.565526962280273,1.1103515625,66.8125
2378584,10319021,CI.BEL.HHZ,0,up,18.923078536987305,1.7099609375,73.0625
2475600,14058584,CI.MPM.HHZ,0,up,6.129340171813965,0.7001953125,33.59375
1619513,10747597,CI.LAF.HHZ,0,up,8.198305130004883,2.19921875,10.7578125
1866932,13231448,CI.SAL.HHZ,0,up,4.965214729309082,1.240234375,14.75
1802480,10165977,CI.BLC.EHZ,0,up,11.390093803405762,1.58984375,23.515625
2035398,14006244,AZ.SND.HHZ,0,up,15.358776092529297,1.2001953125,28.9375
849184,14149948,AZ.KNW.HHZ,1,down,5.890194892883301,1.2099609375,48.53125
752039,9851169,CI.SKY.EHZ,0,up,22.36433982849121,1.5595703125,30.25
2086461,14163056,AZ.KNW.HHZ,1,down,17.884246826171875,0.9599609375,34.09375
1247745,13909368,CI.DTP.EHZ,1,down,16.161029815673828,2.349609375,61.8125
1059535,9992729,CI.EML.HHZ,0,up,80.02349090576172,2.109375,75.8125
58458,13949040,AZ.KNW.HHZ,1,down,46.96465301513672,1.4501953125,33.1875
1986992,9142091,CI.WWP.EHZ,1,down,13.750818252563477,1.2001953125,45.28125
1036953,11102810,CI.PMD.HHZ,1,down,2.3913326263427734,0.280029296875,32.0
1443002,10633693,ZY.USG.EHZ,1,down,62.0231819152832,2.310546875,48.65625
775299,11242618,CI.ARV.HHZ,1,down,3.9387972354888916,1.2998046875,55.90625
624752,11410938,CI.PEM.EHZ,1,down,6.002781867980957,1.3798828125,31.9375
2282156,11370490,PB.B917.EHZ,0,up,2.818446397781372,0.990234375,97.125
1807366,15163721,AZ.PFO.HHZ,1,down,2.145420551300049,0.509765625,28.6875
1623538,14183912,AZ.BZN.HHZ,1,down,54.43770217895508,1.66015625,27.203125
2124238,14242640,CI.HMT.EHZ,0,up,6.892885208129883,0.830078125,46.59375
1056793,10835413,CI.TPC.EHZ,0,up,30.30938720703125,2.51953125,77.9375
172601,14263116,CI.WRC.EHZ,1,down,16.223209381103516,1.4296875,13.109375
1214922,14096980,CI.TM2.EHZ,1,down,6.211930751800537,2.75,117.0
1817412,13966416,CI.DVT.HHZ,1,down,11.566292762756348,2.349609375,61.03125
1923531,14184520,CI.JRC2.HHZ,1,down,4.285719871520996,0.409912109375,14.8671875
1214298,10491925,CI.SGL.EHZ,0,up,19.468326568603516,1.83984375,7.08984375
2160464,10185710,CI.SGL.EHZ,0,up,4.838961601257324,1.5595703125,22.25
670167,10478381,CI.SPG2.HHZ,0,up,68.72435760498047,2.390625,85.3125
1544965,9615949,CI.RVR.HHZ,1,down,9.341730117797852,1.7001953125,19.59375
140897,14241672,AZ.CRY.HHZ,0,up,15.610566139221191,0.9599609375,9.9921875
768714,12935432,CI.CLC.EHZ,0,up,3.1888201236724854,0.919921875,35.0625
695105,9651453,CI.CLC.HHZ,0,up,2.8958563804626465,1.5595703125,40.0
1906125,9169800,CI.WVP.EHZ,0,up,116.06919860839844,1.9296875,31.765625
42864,9717241,CI.WSH.EHZ,1,down,137.20849609375,2.970703125,35.3125
1033522,14478808,CI.TEJ.EHZ,1,down,273.6715087890625,1.9599609375,9.75
917489,13998656,AZ.CRY.HHZ,0,up,22.692365646362305,0.85986328125,28.265625
1634487,10205130,CI.YUH.EHZ,0,up,4.612765312194824,0.97021484375,15.1796875
17505,9803449,CI.SBB.EHZ,0,up,10.023463249206543,1.5400390625,41.46875
491160,15164433,CI.WWC.HHZ,1,down,6.488256931304932,1.4404296875,60.625
266448,10059881,CI.RMM.EHZ,1,down,16.677734375,1.76953125,37.625
1555043,10215445,CI.PMD.HHZ,1,down,14.649052619934082,1.5498046875,66.0
1264636,14096852,CI.FRK.EHZ,1,down,16.663705825805664,1.150390625,17.859375
1733353,10546333,CI.ABL.EHZ,1,down,41.22197341918945,1.900390625,18.3125
341712,14516276,PB.B082.EHZ,1,down,11.574925422668457,0.93994140625,54.40625
931456,9172176,CI.EL2.EHZ,0,up,3.9817442893981934,1.5498046875,61.15625
550446,9805521,CI.SME.EHZ,1,down,4.325155258178711,1.599609375,73.0625
591366,10345853,AZ.HWB.HHZ,0,up,4.363835334777832,1.150390625,45.09375
1088879,11320242,CI.WOR.EHZ,1,down,8.984067916870117,1.330078125,23.265625
483764,9986713,CI.CRR.EHZ,0,up,4.293168544769287,2.01953125,88.1875
1501411,14073404,CI.QAL.EHZ,0,up,26.95993995666504,2.3203125,46.75
315753,10858837,PB.B082.EHZ,0,up,28.84969139099121,1.330078125,31.359375
2468453,9664305,CI.WAS.EHZ,1,down,7.851604461669922,2.099609375,54.125
1512400,9164102,CI.PLC.HHZ,1,down,3.6904666423797607,2.140625,40.71875
2035910,10312525,CI.TPM.EHZ,0,up,3.666828155517578,1.6904296875,69.0625
265471,9168263,CI.CLC.HHZ,0,up,17.58510398864746,1.5302734375,39.21875
2358944,10373169,CI.SIL.EHZ,1,down,16.411392211914062,1.1103515625,23.15625
2451290,15143353,AZ.SND.HHZ,1,down,23.197181701660156,1.4501953125,66.625
642331,9722669,CI.SSW.HHZ,1,down,3.8547351360321045,3.1796875,17.09375
1040258,13911364,CI.TJR.EHZ,0,up,34.93067932128906,1.3798828125,31.890625
1669313,13953852,CI.TOW.EHZ,0,up,1.4956988096237183,1.099609375,23.296875
1997541,10356513,CI.FLS.EHZ,0,up,5.803864002227783,2.1796875,98.3125
294132,9888953,CI.WCS.EHZ,0,up,6.190976619720459,1.75,8.0078125
511321,14312804,CI.CHF.HHZ,0,up,6.4700822830200195,0.93994140625,30.5625
1468341,14333384,CI.PMD.HHZ,0,up,9.325543403625488,0.419921875,23.40625
352434,14174436,AZ.PFO.HHZ,0,up,8.392093658447266,0.66015625,15.3515625
1841150,14159872,CI.SS2.EHZ,0,up,6.63826847076416,1.330078125,52.75
317492,14468152,CI.WRV.EHZ,1,down,15.437623023986816,0.39990234375,0.320068359375
2114244,9699613,CI.WRV.EHZ,0,up,10.543713569641113,0.93994140625,4.51953125
1437378,9635177,CI.WOF.EHZ,0,up,14.83464241027832,1.6298828125,23.046875
1267519,10177410,CI.YUH.EHZ,1,down,2.213235378265381,2.16015625,16.171875
2493509,10343765,AZ.CRY.HHZ,0,up,13.794036865234375,0.320068359375,11.5625
487471,9140140,CI.WIN.EHZ,0,up,10.35417366027832,1.349609375,42.53125
1270238,14207180,CI.WCS.EHZ,0,up,12.223724365234375,0.60009765625,0.7099609375
1532224,10727573,CI.CRR.EHZ,0,up,101.9935073852539,1.3701171875,22.640625
1540529,10294281,CI.COA.EHZ,0,up,9.833636283874512,2.490234375,87.5
1916384,10330885,CI.ERP.EHZ,1,down,3.306936264038086,1.3603515625,27.625
1863168,10218457,CI.WBM.EHZ,1,down,19.33530044555664,1.900390625,30.125
2438389,10933069,CI.SIL.EHZ,0,up,14.487730026245117,1.51953125,3.01953125
1091588,10479357,CI.MWC.HHZ,0,up,128.44107055664062,2.859375,47.46875
1356457,9150534,CI.PEM.EHZ,0,up,29.356178283691406,2.30078125,58.375
1303459,9805993,CI.PLM.HHZ,1,down,11.898550033569336,1.349609375,30.265625
254108,11088282,AZ.CPE.HHZ,0,up,42.569828033447266,1.830078125,34.375
800812,9141683,CI.RAG.EHZ,1,down,12.048813819885254,1.599609375,15.5703125
2207067,14179740,CI.SWS.HHZ,1,down,3.830507755279541,3.41015625,26.953125
354719,14421128,CI.ERR.HHZ,1,down,8.430169105529785,1.919921875,20.484375
201959,9162337,CI.OAK.EHZ,0,up,99.71456909179688,1.8603515625,5.2109375
1477069,10834885,CI.TOW.EHZ,0,up,6.547797203063965,1.1201171875,25.640625
1605750,11319162,CI.PMD.HHZ,0,up,37.77702331542969,1.900390625,18.265625
2305348,10752477,AZ.MONP2.HHZ,0,up,12.424406051635742,1.6201171875,54.9375
1479067,9941961,CI.PER.HHZ,1,down,7.47698974609375,1.490234375,16.296875
1502884,11416250,CI.BOR.HHZ,1,down,41.00752639770508,1.6201171875,26.484375
2481048,13937664,CI.BTL.EHZ,0,up,8.113763809204102,0.9599609375,16.15625
2092609,9153775,CI.RMM.EHZ,1,down,197.4272003173828,2.640625,38.1875
452195,10182205,CI.JVA.HHZ,1,down,16.22512435913086,1.740234375,45.15625
1557506,11034677,PB.B093.EHZ,0,up,24.40287208557129,0.580078125,15.5078125
652117,10406065,PB.B087.EHZ,0,up,7.590583324432373,0.669921875,10.5234375
1207110,10405873,CI.PSD.HHZ,1,down,3.1097512245178223,1.8203125,34.28125
2314555,10296557,AZ.PFO.HHZ,0,up,14.701835632324219,0.81005859375,25.3125
721382,9720229,CI.POB.EHZ,1,down,150.86752319335938,3.029296875,68.75
266201,14120672,CI.TOW.EHZ,0,up,6.249594211578369,0.89990234375,22.71875
2324422,14217184,CI.CLC.EHZ,1,down,7.993993282318115,1.4296875,28.25
1022541,14162592,CI.FLS.EHZ,1,down,2.442434310913086,1.75,65.5625
665783,14516436,CI.JRC2.HHZ,1,down,8.36579704284668,0.77978515625,14.90625
1821967,14421096,AZ.SND.HHZ,1,down,30.56414031982422,1.3701171875,10.8828125
312470,11085250,CI.ERP.EHZ,1,down,15.597783088684082,1.75,18.359375
2393018,10479461,CI.PEM.EHZ,1,down,14.844503402709961,1.509765625,29.390625
2237378,9673057,CI.WHF.EHZ,0,up,8.235275268554688,1.5400390625,7.91015625
2462361,13979288,AZ.WMC.HHZ,0,up,2.5168509483337402,1.900390625,84.5625
1713132,9805769,AZ.KNW.HHZ,1,down,65.3504867553711,1.349609375,39.96875
707714,10797157,AZ.CPE.HHZ,1,down,8.439654350280762,1.5302734375,103.0
2433004,11011797,PB.B082.EHZ,0,up,50.107078552246094,0.990234375,17.078125
923750,14066472,CI.CBK.EHZ,0,up,5.3796491622924805,1.400390625,85.0625
2449448,14285356,AZ.KNW.HHZ,0,up,2.7656655311584473,1.240234375,65.125
874686,10603429,ZY.MLDN.EHZ,1,down,50.62065505981445,1.9697265625,8.7109375
37115,14614796,PB.B086.EHZ,1,down,13.012709617614746,3.279296875,119.875
451458,11393834,CI.WRV.EHZ,1,down,54.93219757080078,1.0302734375,4.3984375
1997078,14353680,CI.HMT.EHZ,1,down,3.481029987335205,1.2001953125,100.0625
1632475,9150351,CI.RMR.EHZ,0,up,9.92702579498291,1.099609375,16.984375
807637,15101636,CI.WBM.EHZ,1,down,10.926936149597168,2.80078125,78.375
613198,9720589,AZ.BZN.HHZ,0,up,93.72774505615234,1.5,15.9609375
2364073,10317733,AZ.BZN.HHZ,1,down,6.933662414550781,2.0703125,109.9375
318110,14383812,AZ.FRD.HHZ,1,down,4.969035625457764,0.7900390625,44.9375
670115,14238796,AZ.BZN.HHZ,1,down,3.144522190093994,0.5,21.578125
881971,10175610,CI.COK.EHZ,0,up,4.415624141693115,1.7197265625,22.296875
1945180,11407074,PB.B084.EHZ,1,down,12.290390968322754,1.4296875,86.0625
226841,10358269,CI.MCT.HHZ,1,down,22.308155059814453,1.16015625,28.53125
2092240,13688376,CI.IKP.EHZ,0,up,6.5681352615356445,1.9296875,75.1875
1554505,9717981,CI.HEC.HHZ,1,down,16.32436752319336,2.0390625,17.3125
1215164,9965905,CI.WCS.EHZ,0,up,3.054227113723755,1.400390625,81.5
1779705,11133866,CI.EML.HHZ,0,up,44.856258392333984,1.5400390625,54.0
726250,14681900,ZY.PNTO.EHZ,1,down,214.0601806640625,1.5400390625,10.9296875
1821938,9886961,CI.YEG.EHZ,1,down,14.791823387145996,2.650390625,118.375
2412828,10180013,AZ.FRD.HHZ,0,up,221.96640014648438,1.01953125,5.7109375
1753514,14372696,CI.CLI.EHZ,1,down,3.0842082500457764,2.140625,42.34375
1864130,10722925,CI.CRR.EHZ,1,down,1.6189501285552979,3.490234375,19.40625
1633682,10837189,CI.HDB.EHZ,0,up,6.1313862800598145,1.4697265625,23.984375
958708,12472504,CI.MPM.HHZ,0,up,21.599075317382812,0.83984375,26.734375
113232,9990753,CI.XTL.EHZ,0,up,7.296184539794922,2.01953125,61.125
1434115,15188137,CI.HMT.EHZ,1,down,6.862944602966309,0.9501953125,67.75
1782739,14384192,CI.PSR.HHZ,1,down,3.1721925735473633,1.6796875,18.109375
2191488,10772165,CI.DNR.HHZ,1,down,6.955261707305908,0.4599609375,13.140625
854661,10762021,AZ.FRD.HHZ,0,up,6.805748462677002,1.4296875,67.4375
1372750,13978756,CI.WHF.EHZ,0,up,28.474462509155273,1.6298828125,49.1875
95739,14072844,AZ.CRY.HHZ,0,up,15.128602981567383,1.3896484375,47.53125
99672,15014732,CI.SAL.HHZ,1,down,10.166117668151855,1.919921875,36.21875
2169249,9649789,CI.MPM.HHZ,0,up,193.8413543701172,1.9697265625,14.296875
1146749,14256132,CI.SLR.HHZ,0,up,4.527927398681641,1.0302734375,13.0234375
875004,14378544,CI.GTM.EHZ,1,down,1.6637163162231445,0.89013671875,27.875
1475400,14262588,CI.SPF.HHZ,0,up,4.184290409088135,2.099609375,70.25
1092360,10619765,CI.BEL.HHZ,0,up,5.602104663848877,0.89013671875,37.4375
1599723,10665957,CI.MPM.HHZ,0,up,100.23452758789062,1.849609375,36.3125
769350,10595405,ZY.OYSB.EHZ,0,up,17.084999084472656,1.6396484375,8.7578125
2478392,9808809,CI.RAG.EHZ,1,down,4.53132438659668,1.2197265625,29.6875
346391,14206184,CI.GAV.EHZ,0,up,3.508829116821289,1.98046875,36.625
605964,9916045,AZ.RDM.HHZ,0,up,5.250986099243164,1.2998046875,12.3984375
918627,14598476,AZ.BZN.HHZ,1,down,5.718628883361816,2.029296875,62.25
1819702,9160419,CI.CDY.EHZ,0,up,23.358993530273438,1.7900390625,27.875
1558117,14519796,CI.WBS.HHZ,1,down,5.4325456619262695,2.810546875,98.375
598050,11130818,CI.MLAC.HHZ,1,down,39.09523391723633,1.66015625,36.15625
287574,11278962,PB.B093.EHZ,1,down,13.180740356445312,1.0302734375,66.0625
1451644,10722005,AZ.MONP2.HHZ,0,up,291.39068603515625,3.060546875,48.03125
500406,10345541,PB.B084.EHZ,1,down,2.9098572731018066,1.41015625,108.0625
2388934,10348341,CI.XTL.EHZ,0,up,34.85710906982422,2.119140625,38.8125
614905,10988373,CI.ERR.HHZ,0,up,1.8808250427246094,1.7900390625,60.4375
1900967,10094989,CI.YUH.EHZ,0,up,3.35333251953125,2.05078125,68.4375
895022,10719853,CI.GLA.HHZ,0,up,13.920157432556152,1.9296875,108.6875
293660,9172365,CI.TPM.EHZ,1,down,69.71426391601562,1.5,5.66015625
2034166,9138429,CI.ARV.EHZ,1,down,29.584867477416992,2.25,34.78125
1461162,14176644,CI.WVP.EHZ,0,up,16.619306564331055,0.6298828125,30.59375
185285,15156849,CI.COK.EHZ,1,down,3.712830066680908,1.740234375,39.0625
1474971,10768909,ZY.MGD.EHZ,1,down,7.723226070404053,1.4296875,71.375
489289,10246813,PB.B086.EHZ,0,up,17.828203201293945,0.52001953125,6.3515625
2025452,10797885,AZ.MONP2.HHZ,0,up,4.191895008087158,0.93994140625,46.40625
1963437,10541413,CI.MUR.HHZ,1,down,2.103407382965088,2.060546875,87.0625
909666,14175628,CI.WMF.EHZ,0,up,3.853062868118286,0.300048828125,17.6875
2135819,10000005,CI.RAY.EHZ,0,up,2.5080440044403076,1.6103515625,39.0625
1891366,14163056,CI.PLM.HHZ,0,up,7.754706859588623,0.9599609375,38.71875
746778,13958336,CI.DEV.HHZ,0,up,5.565207481384277,2.0703125,18.46875
385499,14098628,CI.WCH.EHZ,1,down,9.353705406188965,1.76953125,74.0
2322031,14190260,CI.LEO.EHZ,0,up,18.756153106689453,1.400390625,46.28125
1134602,9997105,CI.EML.HHZ,0,up,45.75376892089844,1.76953125,60.90625
1841615,9716041,CI.TJR.EHZ,0,up,10.819952011108398,1.5302734375,34.375
1963362,10318785,CI.CLC.HHZ,0,up,232.71713256835938,1.1103515625,13.5
1685495,10298441,AZ.CRY.HHZ,1,down,33.22500228881836,1.58984375,17.453125
294466,10825333,CI.COA.EHZ,0,up,8.607027053833008,1.650390625,30.15625
800183,14523540,AZ.LVA2.HHZ,1,down,25.292604446411133,0.6298828125,12.96875
405006,9984113,CI.TEH.HHZ,1,down,9.182032585144043,1.5595703125,100.3125
1660491,14130400,CI.AGA.HHZ,1,down,5.888652801513672,0.39990234375,29.15625
1016539,10352977,PB.B087.EHZ,0,up,4.453382968902588,0.300048828125,10.5234375
562217,9880937,CI.PLS.HHZ,1,down,63.80850601196289,2.099609375,5.73828125
739358,9991329,CI.CRR.EHZ,0,up,33.03699493408203,2.890625,50.6875
685725,14567044,CI.DGR.HHZ,1,down,17.987815856933594,1.3203125,91.3125
2205499,11206474,PB.B084.EHZ,0,up,5.053127765655518,1.4404296875,91.375
1118580,14564140,AZ.PFO.HHZ,1,down,13.033684730529785,0.7001953125,29.953125
2127622,14153068,CI.PLM.HHZ,0,up,5.817521572113037,0.75,35.6875
1928285,13687848,CI.WVP.EHZ,0,up,29.0599308013916,1.25,9.8203125
93532,9147293,CI.IR2.EHZ,0,up,8.206808090209961,1.6298828125,34.40625
1577500,12419440,AZ.FRD.HHZ,0,up,10.398290634155273,1.48046875,73.25
2278257,14384144,CI.GAV.EHZ,1,down,2.1111559867858887,1.5400390625,29.90625
2437690,10543413,CI.CBK.EHZ,1,down,23.053550720214844,1.919921875,80.5625
11729,11204586,EN.HAT.EHZ,1,down,4.1018548011779785,1.1396484375,17.953125
2380938,9748589,CI.LUC.EHZ,1,down,19.971214294433594,2.779296875,68.5
116770,14085732,CI.OAK.EHZ,0,up,5.628710746765137,1.4599609375,19.296875
2405477,14311496,CI.WES.HHZ,0,up,3.91119647026062,1.2099609375,30.15625
1371224,10273413,PB.B081.EHZ,1,down,5.242570877075195,0.8701171875,30.21875
1402092,14209108,CI.JCS.HHZ,1,down,43.943607330322266,1.490234375,45.9375
1875527,13958548,AZ.BZN.HHZ,0,up,3.895480155944824,1.7001953125,92.3125
1798146,10099097,CI.PLT.EHZ,0,up,5.837523460388184,1.8798828125,66.4375
555405,14374820,AZ.CRY.HHZ,1,down,4.535765647888184,1.16015625,31.953125
1656102,10406249,CI.PMD.HHZ,0,up,30.04430389404297,1.48046875,35.9375
1223059,10347905,AZ.PFO.HHZ,0,up,72.636962890625,2.099609375,31.484375
1790980,13961516,CI.SES.HHZ,0,up,53.80812072753906,2.30078125,1.7900390625
393297,14716052,ZY.WAGN.EHZ,1,down,5.842157363891602,1.419921875,6.5390625
2400487,10962917,CI.JEM.HHZ,1,down,23.828046798706055,1.400390625,44.28125
51592,9985665,CI.WMF.EHZ,0,up,337.789794921875,1.5498046875,4.41015625
1176496,9651693,CI.AGA.HHZ,0,up,36.012351989746094,1.490234375,22.484375
309374,14185340,AZ.LVA2.HHZ,0,up,9.81033992767334,1.1796875,48.6875
1586232,10796621,AZ.CRY.HHZ,0,up,13.277913093566895,0.64990234375,14.1484375
316350,10275993,CI.CRN.EHZ,0,up,12.68950366973877,3.23046875,21.515625
895251,10768717,PB.B082.EHZ,0,up,8.871941566467285,0.5400390625,17.640625
1139944,14283136,AZ.LVA2.HHZ,0,up,11.470212936401367,0.93994140625,14.828125
723542,10596741,ZY.OYSB.EHZ,1,down,12.833121299743652,2.919921875,19.375
2255525,12880020,CI.DTP.EHZ,1,down,8.118069648742676,1.0498046875,100.4375
483523,10924357,CI.WES.HHZ,1,down,11.195197105407715,1.73046875,14.28125
1770594,14511468,CI.WCS.EHZ,1,down,8.842365264892578,0.31005859375,1.6103515625
526369,11319850,CI.WCS.EHZ,0,up,5.388123035430908,-0.04998779296875,3.689453125
1173653,9875589,CI.ISA.HHZ,0,up,19.589035034179688,1.3603515625,42.09375
2085725,10665317,ZY.GVBC.HHZ,0,up,11.260482788085938,1.900390625,21.28125
155475,14372884,EN.ENG.EHZ,1,down,3.862135887145996,1.150390625,11.0078125
1365855,14379184,AZ.CRY.HHZ,1,down,8.646940231323242,0.9599609375,15.4296875
1816635,10368077,AZ.FRD.HHZ,1,down,20.639816284179688,0.93017578125,12.2265625
908487,14057856,CI.TPC.EHZ,0,up,13.617310523986816,1.849609375,76.625
1446426,9998897,CI.POB.EHZ,0,up,5.029262542724609,1.0703125,16.734375
1728017,10963997,CI.DGR.HHZ,0,up,51.245792388916016,1.25,29.0625
507671,10786717,CI.BTP.HHZ,0,up,1.5024850368499756,1.1396484375,106.75
1195009,9165713,CI.MIR.EHZ,1,down,6.537399768829346,1.2900390625,18.40625
367227,15201665,CI.SGL.EHZ,1,down,10.472103118896484,2.26953125,37.75
923063,11023093,PB.B916.EHZ,0,up,60.313045501708984,1.0703125,18.0625
1022985,9800357,CI.HMT.EHZ,1,down,8.250746726989746,1.599609375,81.25
2097691,14311048,CI.PMD.HHZ,1,down,7.797216892242432,0.64990234375,24.765625
983931,15194777,PB.B087.EHZ,1,down,16.05108070373535,1.16015625,29.140625
2137989,10741981,AZ.PFO.HHZ,1,down,28.982452392578125,0.91015625,10.453125
813814,9635357,CI.BMT.EHZ,1,down,17.388568878173828,1.650390625,23.609375
283109,14406960,CI.SLA.HHZ,1,down,39.84471893310547,0.85986328125,10.28125
1709970,11333554,PB.B086.EHZ,1,down,9.168423652648926,1.9404296875,76.6875
1609442,9155731,CI.HDB.EHZ,0,up,21.377546310424805,1.7099609375,14.2578125
2437922,14120080,AZ.KNW.HHZ,1,down,10.191466331481934,0.7998046875,10.0078125
1806924,10371337,CI.CLI.EHZ,1,down,13.421921730041504,1.3701171875,12.0703125
1324129,10147325,CI.RAG.EHZ,1,down,12.675947189331055,1.099609375,14.9921875
537046,9796441,CI.WNM.EHZ,1,down,6.800129413604736,1.2001953125,28.046875
1972856,11242826,CI.WRV.EHZ,0,up,9.815077781677246,0.35009765625,11.25
482708,10408561,PB.B087.EHZ,0,up,6.278139114379883,0.409912109375,3.55078125
2091359,14120304,AZ.RDM.HHZ,0,up,7.611126899719238,0.72021484375,13.9765625
2091163,13985548,CI.WCH.EHZ,0,up,9.721796989440918,1.2900390625,12.6015625
98988,9648545,CI.ISA.HHZ,0,up,11.636720657348633,2.150390625,33.46875
550113,10355905,CI.BOR.HHZ,1,down,13.78453254699707,0.669921875,14.40625
1162408,9878069,CI.HEC.HHZ,1,down,5.668153285980225,1.08984375,32.125
1027175,10862565,CI.BLA2.HHZ,1,down,6.737977027893066,1.3203125,91.5
593086,15082084,PB.B087.EHZ,1,down,9.54089641571045,0.409912109375,5.05078125
231946,10867861,CI.BAT.EHZ,0,up,9.590910911560059,1.4599609375,35.09375
34440,10166473,CI.ISA.HHZ,1,down,25.29923439025879,1.849609375,78.625
1713281,14333148,CI.TOW.EHZ,1,down,6.505557537078857,0.93994140625,31.84375
165222,14253240,CI.CHF.HHZ,0,up,5.645900726318359,1.7099609375,83.75
1883843,13948372,CI.TPM.EHZ,1,down,7.032553672790527,1.900390625,70.75
222371,10275657,PB.B082.EHZ,0,up,3.346316337585449,1.33984375,73.1875
599085,9679437,CI.CLC.HHZ,0,up,11.320263862609863,1.2001953125,32.25
810640,10237605,AZ.BZN.HHZ,0,up,24.60246467590332,1.16015625,30.5625
2406872,11003093,CI.DGR.HHZ,0,up,38.84938049316406,1.5,68.125
2039325,9171621,CI.WIN.EHZ,0,up,15.280128479003906,1.599609375,42.53125
1386850,14004484,CI.RMR.EHZ,0,up,12.70272159576416,1.8203125,37.78125
1621761,14253696,AZ.CRY.HHZ,0,up,18.468576431274414,0.6298828125,18.140625
744881,10984199,CI.WOR.EHZ,0,up,5.950314044952393,1.1396484375,49.09375
1725068,10781397,CI.COA.EHZ,0,up,12.759553909301758,2.330078125,67.5625
76585,13994448,CI.RMR.EHZ,1,down,27.5926570892334,2.1796875,63.3125
787465,10872229,CI.EMS.EHZ,1,down,5.929231643676758,2.369140625,65.5
407743,10149649,CI.PEM.EHZ,0,up,6.6447978019714355,1.51953125,102.625
2111320,10280921,CI.EL2.EHZ,1,down,11.431680679321289,2.720703125,89.6875
717023,9802753,CI.SLA.HHZ,0,up,31.40496063232422,2.529296875,35.90625
1399865,9744645,AZ.CRY.HHZ,1,down,9.310354232788086,0.7001953125,9.3828125
927836,10750237,AZ.FRD.HHZ,0,up,33.05888748168945,0.60986328125,19.34375
338414,13941784,CI.CHF.HHZ,1,down,57.132484436035156,1.490234375,47.625
816068,14855860,PB.B082.EHZ,1,down,30.993343353271484,1.3798828125,37.84375
91935,10227693,CI.DNR.HHZ,1,down,74.98837280273438,1.33984375,13.5390625
2460096,13978804,CI.RMR.EHZ,0,up,13.388537406921387,1.23046875,12.2109375
1322175,14131444,AZ.YAQ.HHZ,0,up,28.75509262084961,1.8896484375,23.1875
1421934,14185240,CI.PEM.EHZ,0,up,9.975567817687988,1.0400390625,15.2421875
1891048,9163516,CI.SRT.EHZ,0,up,4.836672782897949,1.2001953125,40.21875
1883610,10067213,CI.DNR.HHZ,0,up,10.51767349243164,0.66015625,24.953125
25837,13937716,CI.DNR.HHZ,0,up,8.59051513671875,2.109375,84.8125
1334286,9132531,CI.DTP.EHZ,0,up,66.64888763427734,1.6904296875,28.625
828413,14049256,CI.WRV.EHZ,0,up,73.65190887451172,1.509765625,8.03125
65042,9134123,CI.GTM.EHZ,1,down,11.655303955078125,1.6796875,37.59375
2184465,10287893,AZ.KNW.HHZ,1,down,12.415433883666992,1.16015625,28.90625
2197382,9983969,CI.SDR.HHZ,1,down,5.428846836090088,1.23046875,63.5625
1365163,10989453,CI.POB.EHZ,0,up,10.885394096374512,1.0400390625,22.40625
615227,10148897,CI.SLR.HHZ,0,up,5.201874732971191,1.2900390625,19.6875
1264866,14873396,CI.IR2.EHZ,1,down,3.7644784450531006,0.60986328125,41.8125
11439,14286352,PB.B081.EHZ,0,up,4.084734916687012,0.740234375,9.03125
331611,14464912,AZ.TRO.HHZ,1,down,18.085660934448242,1.1201171875,5.78125
145762,10603757,ZY.WAGN.EHZ,0,up,4.2094407081604,2.880859375,68.8125
137550,14121512,CI.AGA.HHZ,0,up,5.9253458976745605,1.400390625,32.28125
1378732,10001177,CI.MIR.EHZ,1,down,34.457088470458984,1.66015625,18.046875
1751705,13692668,CI.WVP.EHZ,0,up,29.17675018310547,0.68994140625,10.28125
820454,9754905,CI.CJV.EHZ,0,up,9.361224174499512,1.9501953125,51.8125
2062787,11324986,CI.TPC.EHZ,0,up,38.91399383544922,2.130859375,76.875
977064,11414394,CI.IR2.EHZ,1,down,113.62084197998047,3.630859375,90.4375
978890,14257596,CI.SAL.HHZ,0,up,70.92852783203125,1.76953125,6.58984375
620811,14472552,AZ.CRY.HHZ,1,down,3.532174587249756,1.099609375,46.0
2233192,14872404,PB.B916.EHZ,1,down,134.05636596679688,1.1201171875,8.4921875
1860297,10742765,AZ.PFO.HHZ,0,up,2.6620001792907715,0.449951171875,20.1875
307983,14077400,AZ.FRD.HHZ,0,up,35.55500793457031,0.7998046875,12.6484375
139093,15080236,CI.WRC.EHZ,1,down,84.880126953125,2.490234375,63.625
868417,10488437,CI.RMR.EHZ,0,up,5.234354496002197,1.0302734375,58.09375
2075559,10321877,CI.WCS.EHZ,0,up,20.74070167541504,2.330078125,85.125
270066,9848677,CI.COA.EHZ,1,down,230.9661407470703,3.240234375,53.875
1661992,13961000,CI.BTL.EHZ,0,up,2.100921630859375,1.0400390625,53.375
1816320,13967368,CI.WOR.EHZ,1,down,12.978951454162598,2.01953125,55.9375
499404,10272813,CI.WCS.EHZ,0,up,19.109533309936523,0.39990234375,1.7998046875
696597,10760165,CI.EML.HHZ,0,up,29.926868438720703,3.0390625,111.9375
1555190,12883640,AZ.PFO.HHZ,0,up,0.9847919344902039,2.060546875,80.6875
961218,10662541,PB.B081.EHZ,0,up,9.967642784118652,0.830078125,28.921875
1267436,13939752,CI.POB.EHZ,1,down,58.123558044433594,2.400390625,70.625
237007,10285585,PB.B084.EHZ,1,down,105.53620910644531,2.130859375,48.1875
1913462,9799009,CI.CAP.HHZ,1,down,7.118773460388184,1.7001953125,28.140625
687686,9733673,CI.SME.EHZ,0,up,84.28601837158203,2.30078125,41.46875
1109082,9811005,AZ.WMC.HHZ,0,up,11.395419120788574,1.3798828125,18.296875
782911,10769541,CI.DNR.HHZ,0,up,8.156045913696289,1.7099609375,69.8125
686455,13672568,CI.AGA.HHZ,1,down,33.057804107666016,1.48046875,29.546875
139413,14074172,CI.CCC.HHZ,0,up,39.607948303222656,1.1201171875,13.78125
810174,9983405,CI.RMR.EHZ,1,down,10.9102201461792,1.2001953125,23.984375
86997,9614425,CI.TAB.EHZ,0,up,1.7805930376052856,1.58984375,66.3125
2249992,9969377,AZ.BZN.HHZ,0,up,10.215860366821289,1.419921875,30.1875
1138522,9718221,AZ.SND.HHZ,0,up,9.30702018737793,1.1201171875,12.0234375
2173500,14151668,AZ.CRY.HHZ,1,down,7.9681172370910645,1.16015625,19.5625
961141,15163729,AZ.SND.HHZ,1,down,4.4462432861328125,1.169921875,86.0
329223,14346948,CI.SNR.EHZ,1,down,39.308921813964844,2.490234375,51.09375
1028887,10770309,AZ.MONP2.HHZ,0,up,65.87972259521484,1.76953125,27.84375
689576,11082418,PB.B082.EHZ,1,down,5.565726280212402,1.1103515625,68.75
455214,10598597,ZY.WAGN.EHZ,0,up,38.57600784301758,2.029296875,17.34375
413157,10068569,CI.WMF.EHZ,0,up,4.818694114685059,1.599609375,17.765625
1659906,10905389,CI.HOL.EHZ,0,up,254.68869018554688,2.98046875,94.4375
810967,14263552,CI.SGL.EHZ,0,up,38.459781646728516,1.6298828125,30.3125
1921296,14418984,CI.CCC.HHZ,1,down,4.9426960945129395,1.349609375,49.84375
745726,10593925,ZY.MLDN.EHZ,1,down,16.334339141845703,1.9599609375,22.375
1798406,10872077,AZ.SND.HHZ,0,up,9.49923324584961,0.43994140625,13.53125
1917560,14092236,CI.MLAC.HHZ,1,down,24.906314849853516,2.740234375,43.90625
468305,14282500,PB.B082.EHZ,0,up,17.024927139282227,0.68994140625,23.0625
159029,9775333,CI.DEC.HHZ,1,down,6.27764368057251,1.6396484375,18.765625
1856413,14186928,CI.PDE.HHZ,1,down,6.56401252746582,3.689453125,78.1875
1626024,9151375,CI.SME.EHZ,1,down,276.04150390625,3.650390625,68.9375
58017,14602796,CI.WCH.EHZ,1,down,9.851252555847168,1.76953125,30.625
1982371,13447432,CI.HYS.EHZ,1,down,4.05521297454834,1.580078125,88.5
2125018,14094292,CI.WRC.EHZ,0,up,3.909255266189575,0.7998046875,22.625
2146809,9140946,CI.WMF.EHZ,0,up,110.61050415039062,2.529296875,23.0625
366879,14358380,CI.WNM.EHZ,1,down,12.014050483703613,2.05078125,37.75
762622,9148735,CI.RAG.EHZ,0,up,96.56884765625,1.8095703125,16.640625
1915114,10225985,CI.GOR.HHZ,0,up,20.423891067504883,2.94921875,102.5625
259297,9996381,CI.WMF.EHZ,1,down,5.346050262451172,0.60009765625,12.9921875
784301,10836869,CI.THC.EHZ,0,up,7.909134864807129,1.76953125,48.0
592092,9876517,CI.WNM.EHZ,0,up,31.119781494140625,2.279296875,90.4375
2223407,10495941,CI.SS2.EHZ,1,down,4.5428924560546875,1.0302734375,39.375
2062335,9774337,AZ.BZN.HHZ,1,down,2.8265323638916016,0.68994140625,19.796875
1714440,10487333,CI.HMT.EHZ,0,up,33.63386535644531,0.93994140625,16.953125
1629571,15102692,CI.WCS.EHZ,1,down,12.560880661010742,0.56982421875,0.419921875
752376,14074444,CI.HMT.EHZ,0,up,11.875094413757324,1.259765625,39.46875
1469337,10839541,CI.RUN.EHZ,0,up,33.86298751831055,1.830078125,9.8515625
2318078,10078089,CI.TIN.HHZ,0,up,8.627985954284668,1.2998046875,22.0
2372948,13939756,CI.SS2.EHZ,1,down,6.474127769470215,1.6396484375,60.96875
891468,9879893,CI.SLR.HHZ,1,down,18.826868057250977,1.5703125,19.984375
1587574,14739780,CI.BAR.HHZ,1,down,13.68552303314209,1.740234375,96.375
1660721,10321805,CI.ISA.HHZ,1,down,66.70565795898438,1.7001953125,21.640625
331308,10403281,AZ.FRD.HHZ,1,down,19.768253326416016,0.22998046875,10.15625
1239402,14617060,CI.ERP.EHZ,1,down,16.402359008789062,2.19921875,16.96875
2020037,14252384,CI.SPF.HHZ,1,down,15.358762741088867,1.6298828125,27.6875
1244778,14385336,CI.WMF.EHZ,1,down,5.141552448272705,1.240234375,6.55078125
705755,14024820,CI.WWP.EHZ,0,up,8.713399887084961,1.2900390625,48.21875
313595,14313904,CI.DRE.HHZ,1,down,4.215091705322266,1.1201171875,11.171875
1321804,14073316,CI.PLM.HHZ,0,up,10.632049560546875,0.5498046875,40.25
524188,10480837,PB.B087.EHZ,0,up,11.36053466796875,0.58984375,9.421875
1126546,14508364,CI.CBK.EHZ,1,down,11.253889083862305,1.6796875,61.3125
2216316,10760733,CI.CBK.EHZ,1,down,90.03944396972656,3.970703125,112.375
1011641,13946432,CI.JCS.HHZ,1,down,43.14571762084961,1.73046875,22.390625
529022,9166022,CI.ALV.EHZ,0,up,12.86333179473877,1.2001953125,23.515625
1288344,10035317,CI.WOR.EHZ,0,up,8.824478149414062,1.33984375,22.84375
2301704,10997821,CI.POB.EHZ,0,up,45.927276611328125,0.8701171875,8.453125
1325021,9683969,CI.TOW.EHZ,0,up,9.816256523132324,1.25,23.09375
1062235,9719509,CI.WIN.EHZ,0,up,9.463469505310059,1.25,61.4375
463617,14182356,AZ.KNW.HHZ,1,down,3.355431079864502,0.5400390625,4.8515625
780237,10995325,AZ.LVA2.HHZ,1,down,27.820558547973633,0.8798828125,17.40625
917411,9671629,CI.DTP.EHZ,0,up,6.56337833404541,1.0,52.71875
723711,9675797,CI.WRV.EHZ,0,up,39.059566497802734,1.1904296875,1.6396484375
2422357,10206157,CI.WGR.HHZ,1,down,250.80377197265625,2.7890625,58.03125
1069524,11325674,CI.WI2.EHZ,0,up,1.8637462854385376,1.330078125,11.640625
2235403,14314400,NC.MMI.EHZ,0,up,4.830652236938477,1.16015625,79.3125
1256969,14286008,CI.DNR.HHZ,1,down,13.139704704284668,0.91015625,13.34375
603435,11392778,PB.B918.EHZ,0,up,46.02654266357422,0.8701171875,23.15625
769860,13171432,CI.MAR.EHZ,0,up,9.120696067810059,1.0,13.7265625
880288,10371745,CI.LCP.HHZ,1,down,16.163238525390625,2.66015625,86.5
1150889,14248424,CI.YEG.EHZ,0,up,7.563443660736084,1.76953125,74.9375
2305734,9137086,CI.CDY.EHZ,0,up,25.28412628173828,1.2998046875,8.796875
1003839,9992153,CI.ALV.EHZ,0,up,18.869558334350586,1.5,30.375
389840,14203728,AZ.KNW.HHZ,0,up,6.853673934936523,1.3798828125,99.0
2175157,14924836,CI.MSC.HHZ,1,down,23.177459716796875,1.9599609375,39.0625
2387947,15118425,AZ.LVA2.HHZ,1,down,35.762962341308594,0.9599609375,14.34375
133853,10000657,CI.WHF.EHZ,0,up,21.05537223815918,1.2998046875,11.3203125
2485340,11361674,CI.POB.EHZ,1,down,7.34161376953125,0.60009765625,32.125
2414223,14603116,CI.HYS.EHZ,1,down,53.53608703613281,2.060546875,101.875
746021,15153249,PB.B084.EHZ,1,down,20.34267807006836,0.58984375,14.8125
940291,14395372,AZ.WMC.HHZ,1,down,5.507201194763184,1.490234375,85.3125
2073525,10366693,CI.PMD.HHZ,1,down,191.01290893554688,1.98046875,20.890625
1195828,11088050,CI.TOR.HHZ,1,down,16.155271530151367,1.1298828125,32.4375
1558650,10726461,CI.SGL.EHZ,1,down,6.595432281494141,1.669921875,16.375
2346289,14002304,AZ.CRY.HHZ,0,up,8.667623519897461,0.58984375,15.9296875
2440065,14871580,CI.SGL.EHZ,1,down,24.943378448486328,2.2109375,63.3125
2313845,12456188,AZ.PFO.HHZ,1,down,8.261714935302734,2.189453125,88.5625
1030873,11378594,AZ.SND.HHZ,0,up,6.735581398010254,0.60986328125,16.8125
1691517,13944092,CI.RMM.EHZ,1,down,7.72896146774292,1.01953125,41.125
169917,14286816,AZ.WMC.HHZ,0,up,8.454861640930176,0.93994140625,13.359375
1091016,14215496,CI.WRC.EHZ,0,up,12.084860801696777,1.6103515625,38.84375
444034,10146633,AZ.FRD.HHZ,1,down,89.02729034423828,1.3095703125,26.546875
2403751,11332690,EN.ELM.EHZ,1,down,3.996866464614868,1.1103515625,6.87109375
492266,14174700,CI.WBM.EHZ,0,up,10.695480346679688,1.849609375,68.875
842740,14519028,PB.B916.EHZ,1,down,58.01091003417969,1.91015625,29.296875
1941308,9173404,CI.PLM.HHZ,0,up,62.13617706298828,2.509765625,90.0625
582831,10931693,CI.IKP.HHZ,1,down,35.32478713989258,1.2900390625,21.0
2013952,9153796,CI.MDA.EHZ,1,down,12.717906951904297,2.9296875,41.03125
1114674,12727428,CI.WCS.EHZ,0,up,6.558647155761719,0.72998046875,7.80078125
1547173,14550732,CI.CRR.EHZ,1,down,16.161590576171875,1.4296875,52.78125
1837664,10479309,CI.EDW2.HHZ,0,up,3.6316821575164795,1.3095703125,102.9375
1538401,14186852,CI.EDW2.HHZ,1,down,10.717143058776855,2.44921875,95.125
762521,11371978,CI.SS2.EHZ,1,down,33.16256332397461,0.77001953125,0.239990234375
1031707,14072460,CI.WRV.EHZ,0,up,244.7047119140625,1.2001953125,1.3095703125
1708288,9725873,CI.TPO.EHZ,0,up,12.212422370910645,1.830078125,52.6875
22218,15154161,CI.SS2.EHZ,1,down,14.900683403015137,3.169921875,108.4375
1793171,10277909,PB.B082.EHZ,1,down,14.577937126159668,1.4501953125,51.875
1194539,14371816,SB.WLA.HLZ,1,down,9.066361427307129,1.73046875,6.390625
2188086,9722641,CI.JUL.EHZ,1,down,3.8905928134918213,2.310546875,87.25
2135895,9159496,CI.WS2.EHZ,1,down,48.982418060302734,1.900390625,26.875
2456739,10048309,CI.SIL.EHZ,0,up,9.732348442077637,1.1201171875,4.328125
1980705,9928725,CI.WCS.EHZ,0,up,26.0878849029541,0.3701171875,3.0703125
1312583,11394554,PB.B084.EHZ,0,up,18.198169708251953,0.7900390625,29.90625
1548562,10870229,EN.RED.EHZ,1,down,40.82130432128906,1.1796875,0.93994140625
2077313,14258532,CI.DNR.HHZ,0,up,5.690550804138184,0.580078125,15.4296875
1938309,14312956,CI.PMD.HHZ,0,up,16.480106353759766,0.83984375,27.3125
2057029,9820745,CI.JRC.HHZ,0,up,26.151594161987305,1.5400390625,9.1875
482530,9644921,CI.WVP.EHZ,1,down,17.402860641479492,2.359375,45.4375
1156595,14894324,CI.SWS.HHZ,1,down,4.469884872436523,1.16015625,35.9375
183134,14018620,CI.DVT.HHZ,0,up,3.1011297702789307,0.990234375,17.015625
1093576,10329929,CI.YUH.EHZ,1,down,9.93674087524414,1.5400390625,48.8125
1760295,9136370,CI.WWP.EHZ,0,up,17.597064971923828,1.330078125,7.94921875
361143,14078188,AZ.KNW.HHZ,1,down,1.9722867012023926,1.099609375,49.21875
1986457,13945568,CI.SME.EHZ,0,up,6.387569904327393,0.9599609375,42.40625
295595,15190313,CI.MSC.HHZ,1,down,4.086798191070557,0.81005859375,27.734375
1602404,10836317,CI.MPM.HHZ,0,up,8.536039352416992,0.9501953125,31.65625
1296041,11409698,PB.B082.EHZ,0,up,29.085453033447266,0.85009765625,22.59375
274044,13947632,AZ.CRY.HHZ,0,up,1.942344307899475,1.0703125,27.171875
545451,11249130,CI.WLH.EHZ,1,down,10.909686088562012,2.189453125,51.375
2085912,10791461,CI.COA.EHZ,0,up,18.132478713989258,2.189453125,70.3125
53363,9135868,CI.CDY.EHZ,1,down,8.83909797668457,1.7001953125,19.296875
2102049,9673477,CI.ISA.HHZ,0,up,4.479982852935791,1.490234375,67.0625
1218475,11375538,EN.RED.EHZ,1,down,36.912559509277344,0.5,7.359375
1765651,9171641,CI.RAY.EHZ,0,up,117.98365783691406,3.279296875,40.0
1149102,9879933,AZ.KNW.HHZ,1,down,10.812355041503906,1.2099609375,8.6875
2056470,14982580,CI.TPM.EHZ,1,down,174.49461364746094,2.560546875,35.1875
1022222,9144813,CI.WCH.EHZ,0,up,2.536250114440918,1.400390625,32.96875
1463797,10543061,CI.SVD.HHZ,1,down,19.462581634521484,0.85009765625,14.15625
822974,11323170,CI.SWS.HHZ,0,up,5.889708995819092,1.419921875,25.796875
888819,11078306,CI.TOR.HHZ,1,down,3.797297239303589,0.77001953125,25.359375
325097,14214428,CI.DPP.HHZ,0,up,4.289891242980957,1.169921875,66.8125
2215296,13910020,CI.RMR.EHZ,0,up,19.428102493286133,1.8203125,52.40625
436218,9803253,CI.WHF.EHZ,1,down,18.23546028137207,1.080078125,63.53125
851753,15202849,CI.SNR.HHZ,1,down,36.52074432373047,2.630859375,20.46875
719891,9132604,CI.GTM.EHZ,0,up,5.823458194732666,2.0,64.25
1708745,9976261,CI.SBB.EHZ,1,down,12.53370189666748,2.19921875,55.0625
376139,10999325,CI.SGL.EHZ,1,down,40.59458541870117,1.490234375,2.330078125
1114267,9990021,CI.COK.EHZ,1,down,2.181959629058838,1.7001953125,40.53125
1049911,10667349,ZY.USG.EHZ,0,up,2.1749966144561768,1.419921875,11.7265625
985083,10094393,CI.MPM.HHZ,0,up,39.23238754272461,1.1396484375,27.34375
1986501,9679033,CI.CLC.HHZ,0,up,10.974810600280762,1.1103515625,33.59375
28465,10182321,CI.CHF.HHZ,0,up,4.4423441886901855,0.9599609375,42.6875
500542,14073864,CI.TPM.EHZ,0,up,15.685455322265625,1.919921875,105.0
997023,15116313,AZ.FRD.HHZ,1,down,20.729270935058594,1.6201171875,65.125
1301306,11372770,AZ.TRO.HHZ,1,down,7.059510231018066,0.77978515625,11.2265625
1105368,14343104,CI.SLR.HHZ,1,down,96.347412109375,2.30078125,1.33984375
1480043,15182577,CI.PMD.HHZ,1,down,13.405440330505371,1.6103515625,70.1875
2305099,10100305,CI.RAG.EHZ,0,up,17.982646942138672,2.66015625,80.9375
2318877,9647965,CI.POB.EHZ,0,up,8.642656326293945,1.599609375,67.5
160609,14122708,CI.EMS.EHZ,0,up,9.08095932006836,1.9599609375,41.71875
511396,14683860,ZY.SHCM.EHZ,1,down,294.67694091796875,2.009765625,8.6875
206159,11285426,CI.TEJ.EHZ,0,up,379.0185241699219,3.109375,39.34375
1731288,14346396,AZ.PFO.HHZ,1,down,46.00046920776367,2.0390625,52.375
294794,7186035,CI.WRV.EHZ,0,up,40.608665466308594,1.7197265625,24.734375
377155,9147981,CI.SIL.EHZ,0,up,14.698631286621094,1.0,8.6796875
788125,9655697,CI.BTL.EHZ,0,up,26.221235275268555,1.8896484375,50.03125
1622227,10398529,CI.PMD.HHZ,1,down,32.997467041015625,1.240234375,44.25
1974374,10534469,CI.HMT.EHZ,1,down,4.777894973754883,1.1904296875,59.65625
1451119,14155160,CI.WOR.EHZ,0,up,3.96612548828125,0.60986328125,43.125
392985,13423428,CI.CHF.HHZ,1,down,19.553369522094727,1.76953125,50.96875
981999,11278778,CI.JRC2.HHZ,0,up,59.23719787597656,1.009765625,8.4921875
2046897,9153151,CI.MPM.HHZ,0,up,165.6346435546875,2.189453125,59.09375
158694,9164659,CI.LTC.EHZ,1,down,22.947294235229492,1.76953125,68.875
1483817,14208480,CI.JVA.HHZ,1,down,5.36694860458374,1.419921875,69.625
2208064,14595052,CI.BAC.EHZ,1,down,66.6972885131836,2.0,45.34375
1095666,9640305,AZ.KNW.HHZ,1,down,22.493444442749023,1.58984375,34.9375
709047,14187504,CI.BAC.EHZ,0,up,4.984826564788818,0.669921875,53.25
2125379,10346597,AZ.FRD.HHZ,0,up,115.20753479003906,2.439453125,73.8125
19319,10356729,CI.SNR.EHZ,1,down,19.45806884765625,3.0390625,49.40625
305070,10721005,CI.YUH.EHZ,0,up,16.070199966430664,0.97021484375,5.23828125
2081551,7186559,CI.IR2.EHZ,0,up,86.46006774902344,2.490234375,35.09375
1657324,14351436,PB.B086.EHZ,1,down,7.876921653747559,0.22998046875,14.1328125
792310,11279882,PB.B082.EHZ,1,down,6.8772196769714355,0.7099609375,16.65625
1218919,12459592,CI.CRR.EHZ,1,down,7.4687628746032715,2.08984375,74.25
2088021,15164937,PB.B086.EHZ,1,down,9.456130027770996,1.0703125,26.1875
215427,14079048,CI.PSP.EHZ,1,down,12.5204439163208,1.5703125,36.96875
1553082,9882369,CI.VES.HHZ,1,down,18.191360473632812,2.400390625,70.6875
762272,11415130,AZ.KNW.HHZ,0,up,66.25409698486328,1.66015625,46.375
2453143,9706397,AZ.KNW.HHZ,0,up,16.627368927001953,0.72998046875,8.5078125
1578196,10347797,AZ.CRY.HHZ,0,up,17.432003021240234,0.85986328125,39.15625
1043627,14689764,ZY.GVBC.HHZ,1,down,15.47360897064209,2.330078125,45.46875
2443044,9707325,CI.SIP.EHZ,0,up,6.680413722991943,1.3798828125,29.15625
1697982,9714437,CI.BTL.EHZ,1,down,4.374477863311768,1.490234375,54.71875
1911410,9675789,CI.WCS.EHZ,0,up,4.095460414886475,1.0,10.6484375
2139771,9963433,CI.RMR.EHZ,0,up,23.70569610595703,1.759765625,71.125
810340,10293917,CI.CBK.EHZ,1,down,28.366065979003906,1.580078125,24.015625
2047428,9142027,CI.HYS.EHZ,0,up,19.958080291748047,1.9599609375,95.0
2154209,10276197,CI.SDG.HHZ,1,down,54.181976318359375,4.05859375,19.015625
1150682,10369357,AZ.BZN.HHZ,0,up,8.966443061828613,1.509765625,72.875
2254229,11409322,CI.BBR.HHZ,0,up,6.842217445373535,1.26953125,9.421875
29185,10892325,CI.DRE.HHZ,1,down,30.954980850219727,3.419921875,70.25
1026846,10526125,CI.BLA2.HHZ,0,up,4.940806865692139,1.740234375,119.4375
360731,11003933,CI.BEL.HHZ,1,down,5.9121270179748535,1.6904296875,83.5625
754534,14993236,CI.CFT.EHZ,1,down,12.202603340148926,1.3203125,0.97998046875
665457,9969629,AZ.BZN.HHZ,0,up,5.797126293182373,1.0,22.875
199659,11010509,CI.WES.HHZ,1,down,21.146127700805664,2.30078125,14.4609375
1416634,10057761,CI.BOR.HHZ,1,down,27.313316345214844,1.1201171875,27.3125
1657270,9636373,CI.WLH.EHZ,1,down,23.385953903198242,2.5,69.125
2031351,14607084,AZ.LVA2.HHZ,1,down,29.738893508911133,1.3701171875,44.5
113600,9909213,CI.MCT.HHZ,0,up,19.317304611206055,1.7001953125,35.34375
1736686,11407970,CI.SNO.HHZ,1,down,115.56487274169922,3.080078125,66.75
2047730,10433521,CI.WBS.HHZ,0,up,3.2086877822875977,0.83984375,9.1328125
348470,14346516,CI.PMD.HHZ,1,down,28.20188331604004,1.419921875,24.296875
1886904,10036257,CI.FRK.EHZ,1,down,16.305044174194336,1.5400390625,25.671875
481284,9962181,CI.IRM.HHZ,1,down,11.69896411895752,2.7890625,119.75
2074302,9907057,CI.WSS.HHZ,0,up,3.2387683391571045,1.3095703125,34.21875
437777,13967132,CI.BAT.EHZ,0,up,11.07272720336914,1.7099609375,36.3125
2095964,9716569,CI.SAL.HHZ,1,down,8.077237129211426,2.080078125,26.125
104002,11326378,PB.B082.EHZ,0,up,5.014149188995361,0.9599609375,59.53125
1062354,10079617,CI.BEL.HHZ,1,down,4.30150032043457,1.2001953125,59.09375
489723,9774881,AZ.CRY.HHZ,1,down,34.67984390258789,1.099609375,77.125
282163,10167453,AZ.FRD.HHZ,1,down,53.57658386230469,0.919921875,8.0234375
1428847,10069681,NC.MMI.EHZ,1,down,6.3435258865356445,2.41015625,111.5
176662,10009289,CI.EW2.EHZ,0,up,50.61492919921875,1.76953125,32.65625
1182500,14202496,AZ.FRD.HHZ,1,down,43.797908782958984,1.3798828125,29.234375
1153636,10437529,PB.B082.EHZ,0,up,4.0785088539123535,0.509765625,18.234375
881820,9989181,CI.WMF.EHZ,1,down,36.07880783081055,0.89990234375,4.44921875
1089816,10670133,ZY.PNTO.EHZ,0,up,86.82927703857422,1.48046875,8.7890625
757036,10993885,AZ.MONP2.HHZ,1,down,2.628911256790161,1.080078125,50.375
124896,10793069,CI.JRC2.HHZ,0,up,15.213051795959473,0.5,11.40625
831649,10028849,CI.HEC.HHZ,1,down,2.8502540588378906,1.2998046875,27.25
511464,14206324,CI.JRC2.HHZ,0,up,69.56883239746094,0.39990234375,2.51953125
1825231,10926141,PB.B082.EHZ,1,down,28.465316772460938,0.97021484375,21.703125
2485302,10491317,CI.TA2.HHZ,0,up,4.808432102203369,1.1796875,47.375
1683822,11363162,CI.JRC2.HHZ,1,down,9.868599891662598,0.0200042724609375,13.0234375
889719,10788701,CI.WCS.EHZ,0,up,27.12500762939453,1.26953125,7.66015625
232018,10349277,CI.POB.EHZ,0,up,13.351872444152832,0.9599609375,46.0
1618570,9851353,CI.BFS.HHZ,1,down,7.181981563568115,1.490234375,37.3125
187048,10536957,CI.LEV.EHZ,0,up,2.1158127784729004,2.7890625,74.125
2219988,14896708,ZY.MGD.EHZ,1,down,14.80373764038086,1.0302734375,37.96875
434073,10167689,CI.RAY.EHZ,1,down,5.243600845336914,1.490234375,31.875
928489,11394594,AZ.RDM.HHZ,1,down,270.66754150390625,1.650390625,7.46875
1529723,9689397,CI.WNM.EHZ,1,down,22.375770568847656,0.0,22.296875
1972692,10080321,CI.BAC.EHZ,0,up,3.5444347858428955,0.60009765625,26.1875
2310402,15084484,PB.B087.EHZ,1,down,44.58976364135742,0.93994140625,10.6796875
827440,10377709,AZ.WMC.HHZ,1,down,23.87896156311035,1.4296875,31.875
55481,10013761,CI.VES.HHZ,1,down,10.90534496307373,1.51953125,33.6875
469828,10330101,CI.ABL.EHZ,1,down,2.1247735023498535,1.580078125,91.125
1034886,9725533,CI.WIN.EHZ,0,up,9.687472343444824,1.2998046875,23.34375
1670854,14314456,CI.YUH.EHZ,1,down,17.658981323242188,1.0498046875,44.65625
1829758,10013697,CI.CBK.EHZ,0,up,11.754666328430176,1.6796875,63.375
1377366,10607189,ZY.OYSB.EHZ,1,down,189.1268768310547,2.369140625,9.3203125
884591,9645537,CI.WNM.EHZ,0,up,43.24031448364258,2.380859375,41.40625
1863743,14196408,AZ.SND.HHZ,0,up,59.641456604003906,1.849609375,14.5234375
622728,9653405,CI.SRT.EHZ,0,up,3.5266647338867188,1.5400390625,27.71875
2170730,11406906,AZ.BZN.HHZ,1,down,53.748497009277344,2.91015625,67.5
455608,9688877,CI.WNM.EHZ,1,down,33.134765625,1.5,15.921875
1732356,14204284,CI.WMF.EHZ,0,up,4.146010398864746,1.099609375,63.5625
1655115,11129594,CI.BFS.HHZ,1,down,9.715749740600586,0.8798828125,15.8125
2209093,9773705,CI.BLC.EHZ,0,up,13.093632698059082,0.7998046875,13.15625
2317688,14204968,CI.QAL.EHZ,1,down,10.734119415283203,1.2802734375,16.75
785905,10232773,AZ.WMC.HHZ,1,down,12.581681251525879,1.6103515625,58.6875
1448212,10991773,CI.BBR.HHZ,0,up,3.4263153076171875,1.1103515625,38.40625
11830,10353817,AZ.LVA2.HHZ,1,down,4.098973751068115,1.009765625,46.0
2376180,10726813,PB.B087.EHZ,0,up,8.477947235107422,1.0,27.90625
37159,10793197,CI.JRC2.HHZ,0,up,18.71116065979004,0.81005859375,12.90625
2130674,9167808,CI.CRR.EHZ,1,down,38.62332534790039,1.400390625,6.5
2289476,10345693,CI.WCS.EHZ,0,up,2.642690658569336,0.3701171875,11.328125
1064525,14727836,ZY.USG.EHZ,1,down,11.268453598022461,1.2197265625,13.3125
2063537,9851325,CI.LRL.HHZ,0,up,2.9826595783233643,1.919921875,65.0625
1310729,10893381,CI.BOR.HHZ,1,down,160.9334259033203,2.91015625,52.3125
343961,10736965,PB.B082.EHZ,0,up,7.428083896636963,0.990234375,13.9765625
1720364,11022725,PB.B087.EHZ,0,up,6.333305358886719,0.56982421875,14.40625
1685646,14212760,CI.LUG.HHZ,0,up,11.313432693481445,3.240234375,46.53125
459088,10786477,PB.B917.EHZ,1,down,13.47945785522461,0.7099609375,66.125
1851957,10928749,CI.EML.HHZ,1,down,5.516854763031006,1.9599609375,74.375
567755,14403252,CI.GSC.HHZ,1,down,2.801625967025757,1.26953125,31.234375
1613631,10181353,CI.WMF.EHZ,0,up,3.040494441986084,0.89990234375,61.3125
954600,10913237,CI.HOL.EHZ,0,up,90.18012237548828,1.7099609375,66.25
1048308,14344492,CI.JRC2.HHZ,0,up,47.816707611083984,1.0,19.921875
438514,11046197,NC.PSM.EHZ,1,down,8.466538429260254,1.5498046875,69.75
1153158,10255757,CI.MUR.HHZ,0,up,5.844261646270752,2.44921875,103.1875
1041619,13843580,CI.COA.EHZ,0,up,20.611122131347656,2.23046875,82.875
1503606,11088074,CI.SHE.EHZ,1,down,108.90071868896484,3.51953125,58.875
2268227,10169405,CI.SGL.EHZ,1,down,3.961334466934204,1.849609375,40.40625
1364864,9165093,CI.BAC.EHZ,1,down,8.227333068847656,1.5595703125,55.03125
1413590,14151364,CI.JCS.HHZ,1,down,5.951638698577881,2.240234375,48.90625
780403,10283765,PB.B082.EHZ,0,up,17.93951988220215,1.0703125,15.9296875
1701542,9673069,CI.WRV.EHZ,1,down,67.69859313964844,1.669921875,2.8203125
1918806,10478621,CI.WBS.HHZ,1,down,1.6798511743545532,0.9599609375,98.6875
88731,12881064,CI.RMM.EHZ,1,down,2.840606927871704,1.8095703125,39.53125
1439604,11378234,PB.B093.EHZ,1,down,145.37620544433594,1.5703125,20.46875
1382448,9806409,AZ.BZN.HHZ,0,up,17.317441940307617,1.1396484375,22.515625
1848841,10961661,CI.BTC.HHZ,0,up,2.5032036304473877,1.41015625,36.125
1038987,10287649,CI.MPM.HHZ,1,down,33.9273567199707,1.0703125,29.34375
1450268,12295472,AZ.FRD.HHZ,0,up,64.22218322753906,1.490234375,27.203125
1666851,14069352,CI.WCH.EHZ,0,up,3.326997995376587,0.5,26.59375
1629900,15163537,CI.DGR.HHZ,1,down,6.1635518074035645,1.2998046875,47.5
2399676,9878773,CI.WWP.EHZ,0,up,10.356361389160156,2.140625,67.5625
335258,11046909,CI.ARV.HHZ,1,down,4.8815460205078125,1.75,64.125
439124,10604749,ZY.MLDN.EHZ,0,up,516.6481323242188,3.619140625,3.189453125
300419,10458637,CI.PMD.HHZ,0,up,25.809816360473633,0.830078125,29.40625
1725445,9172928,CI.WRV.EHZ,1,down,208.57806396484375,1.7001953125,3.400390625
2012250,11379778,AZ.MONP2.HHZ,0,up,53.90814208984375,1.0703125,14.03125
954755,10355357,AZ.MONP2.HHZ,0,up,2.684877634048462,0.990234375,49.03125
1908662,3329648,CI.QAL.EHZ,1,down,5.020612716674805,1.5,47.28125
2262891,10276073,CI.WRV.EHZ,0,up,35.94662857055664,1.849609375,26.140625
497895,9707985,CI.MCT.HHZ,0,up,15.682564735412598,1.6201171875,33.28125
2185061,14188368,CI.LEO.EHZ,0,up,5.141132831573486,1.2802734375,78.1875
1347100,14254196,CI.SAL.HHZ,0,up,175.77102661132812,2.69921875,12.7109375
1425024,9873345,CI.HDB.EHZ,1,down,7.742340564727783,0.77001953125,16.0625
2313457,9848741,CI.WMF.EHZ,1,down,14.268888473510742,0.85986328125,10.0703125
524089,13937492,CI.CTW.EHZ,0,up,76.71721649169922,3.5390625,114.1875
797525,15081748,AZ.PFO.HHZ,1,down,25.965923309326172,1.2099609375,26.59375
1075794,14094780,CI.RMR.EHZ,0,up,6.880555152893066,1.2900390625,43.125
291941,14843628,AZ.FRD.HHZ,1,down,689.942626953125,2.08984375,8.7421875
1420415,14509124,CI.MCT.HHZ,1,down,25.56338882446289,2.2109375,94.25
2240816,9715413,CI.RYS.EHZ,0,up,135.3436737060547,2.970703125,109.4375
562017,10478541,PB.B087.EHZ,0,up,12.165939331054688,0.60986328125,2.919921875
2343619,10358689,PB.B086.EHZ,0,up,61.186607360839844,1.1796875,20.84375
735423,14596580,CI.SVD.HHZ,1,down,28.7883243560791,2.810546875,106.75
1763954,13952944,CI.BBS.HHZ,1,down,2.0625555515289307,1.099609375,21.265625
1819786,10871461,CI.WES.HHZ,0,up,22.96076011657715,2.8203125,30.609375
965315,13978936,AZ.KNW.HHZ,1,down,8.22627067565918,1.0,3.779296875
2250893,9686285,CI.WOR.EHZ,1,down,4.45737361907959,1.7900390625,51.21875
558933,14008300,CI.JCS.HHZ,0,up,30.186351776123047,1.2998046875,16.796875
853768,10925693,AZ.CRY.HHZ,0,up,17.73859214782715,1.1298828125,28.25
1352341,14180836,CI.WRC.EHZ,1,down,1.8328948020935059,0.7001953125,19.734375
255755,15072924,CI.TOR.HHZ,1,down,15.262001037597656,1.419921875,61.5
1368937,10064621,AZ.FRD.HHZ,0,up,10.246932029724121,0.5,25.734375
231177,9966369,CI.POB.EHZ,1,down,28.778636932373047,1.5595703125,46.09375
473770,10750901,CI.TOR.HHZ,0,up,2.4020895957946777,0.740234375,29.234375
2424728,14039160,AZ.RDM.HHZ,1,down,14.227554321289062,1.7802734375,75.5
1562599,10236925,CI.PMD.HHZ,1,down,425.291259765625,2.48046875,25.25
501759,10098229,CI.SPG.HHZ,0,up,7.0869059562683105,2.08984375,68.4375
298803,14190768,CI.TPM.EHZ,1,down,3.120760440826416,1.41015625,35.53125
1873962,13962976,CI.SGL.EHZ,0,up,16.964548110961914,2.130859375,30.0
608677,9170217,CI.BAC.EHZ,0,up,3.182507276535034,1.0,49.5625
277354,11210346,CI.WRC.EHZ,1,down,72.09144592285156,0.72021484375,1.669921875
1078157,14344660,CI.TPC.EHZ,0,up,19.550691604614258,1.009765625,34.1875
62455,10298325,CI.SME.EHZ,0,up,7.283308029174805,1.3798828125,31.1875
1530269,10055893,CI.POB.EHZ,0,up,148.4288330078125,1.4599609375,13.8828125
920627,10876181,CI.PMD.HHZ,0,up,3.3572871685028076,0.81982421875,72.5625
1852470,9800457,CI.WOF.EHZ,0,up,10.126126289367676,1.2001953125,61.21875
647467,9809645,CI.RRX.HHZ,1,down,3.026801824569702,2.51953125,89.1875
1047398,14134204,CI.BOR.HHZ,0,up,40.15643310546875,1.7099609375,28.65625
476930,15160705,PB.B093.EHZ,1,down,27.257465362548828,0.64990234375,8.1015625
989712,10321825,CI.EDW2.HHZ,1,down,82.9752197265625,3.44921875,76.4375
922577,10873605,CI.SGL.EHZ,0,up,27.082225799560547,1.900390625,16.265625
812455,13992736,AZ.KNW.HHZ,0,up,3.276777505874634,0.489990234375,33.75
48297,14422384,AZ.KNW.HHZ,1,down,12.156394004821777,0.68017578125,9.7734375
874819,10025077,CI.XTL.EHZ,1,down,13.87619400024414,1.9697265625,62.96875
666143,9155273,CI.WRC.EHZ,0,up,14.121771812438965,0.89990234375,19.203125
490710,14964180,AZ.FRD.HHZ,1,down,4.766688346862793,1.08984375,28.765625
1164393,11089250,CI.DGR.HHZ,0,up,11.414798736572266,1.3701171875,81.6875
1796877,10933973,PB.B081.EHZ,0,up,2.7665936946868896,0.89013671875,53.40625
2305620,15134529,PB.B086.EHZ,1,down,38.92430114746094,1.0,7.76171875
1508046,10272505,AZ.PFO.HHZ,1,down,39.922115325927734,0.9501953125,10.859375
619173,14188552,CI.WVP.EHZ,1,down,5.116616725921631,0.39990234375,6.671875
7489,9657177,CI.WIN.EHZ,1,down,13.218647956848145,1.5302734375,51.75
1600676,11205994,CI.PMD.HHZ,1,down,5.84612512588501,0.389892578125,19.09375
1253568,9135107,CI.WMF.EHZ,0,up,17.27734375,1.6201171875,54.125
978262,14262196,AZ.FRD.HHZ,1,down,90.20834350585938,1.9501953125,100.0625
707470,9737065,CI.BAC.EHZ,0,up,10.62055778503418,1.1396484375,47.875
114409,9720625,AZ.CRY.HHZ,0,up,34.950157165527344,1.2998046875,19.546875
2020757,14217384,CI.HEC.HHZ,1,down,2.711477756500244,1.4296875,75.25
2272869,14218244,CI.TPM.EHZ,1,down,2.844888687133789,1.26953125,70.4375
2169455,10543693,AZ.KNW.HHZ,0,up,29.0116024017334,1.5,54.34375
532155,10319317,AZ.FRD.HHZ,0,up,2.383594512939453,1.1904296875,57.625
1982417,13937696,CI.CPP.HHZ,0,up,3.810798406600952,3.30078125,93.25
894350,10487453,CI.TPC.EHZ,0,up,21.536344528198242,1.33984375,37.9375
344233,12887752,CI.LRL.HHZ,0,up,19.38810157775879,2.0,43.96875
87469,14734308,CI.SWS.HHZ,1,down,4.629786491394043,1.4296875,33.1875
866960,9746569,CI.SGL.EHZ,0,up,4.690639972686768,2.48046875,31.125
144960,14289644,CI.EDW2.HHZ,0,up,11.650309562683105,1.4501953125,35.28125
85833,11130802,CI.LRL.HHZ,0,up,4.656313419342041,0.919921875,16.953125
2145284,10046997,CI.RMM.EHZ,0,up,106.82701873779297,1.9404296875,3.650390625
1178014,9997261,CI.SIP.EHZ,0,up,8.983994483947754,1.8603515625,20.359375
1871688,11068957,EN.HAT.EHZ,0,up,9.077821731567383,0.39990234375,1.8798828125
1223033,14957900,CI.TPO.EHZ,1,down,5.435111045837402,1.900390625,66.5625
35770,9854277,CI.WVP.EHZ,0,up,46.99662780761719,1.0,8.9375
1218571,10217153,CI.PEM.EHZ,0,up,14.040597915649414,0.97998046875,15.5625
2174726,14042520,AZ.LVA2.HHZ,0,up,20.41706085205078,1.51953125,58.78125
1371347,10355381,PB.B081.EHZ,0,up,2.770036458969116,1.16015625,78.125
375636,9975625,CI.WCH.EHZ,1,down,15.217886924743652,1.2998046875,13.21875
572332,10782805,CI.HMT.EHZ,1,down,4.08478307723999,1.349609375,75.625
1240370,10283501,CI.SLR.HHZ,1,down,26.063034057617188,1.58984375,14.2734375
2432684,9133836,CI.CDY.EHZ,0,up,43.30244827270508,1.7998046875,16.359375
952180,10227321,CI.JCS.HHZ,0,up,6.3732194900512695,1.1103515625,29.328125
985275,14095876,CI.POB.EHZ,0,up,2.804053544998169,0.409912109375,27.796875
1534194,9135862,CI.CTW.EHZ,0,up,54.55682373046875,2.970703125,82.25
1770387,9711733,CI.JRC.HHZ,1,down,44.46994400024414,1.099609375,2.859375
1138841,14094996,CI.SMM.HLZ,1,down,13.722387313842773,4.91015625,62.84375
1097086,9877333,CI.WNM.EHZ,0,up,4.404716491699219,1.5498046875,90.9375
1613942,11389186,AZ.HWB.HHZ,0,up,9.552176475524902,1.759765625,64.125
1591301,9878689,CI.TPO.EHZ,1,down,28.985876083374023,1.990234375,62.6875
1522802,9161536,CI.XTL.EHZ,1,down,8.655573844909668,1.2001953125,55.71875
687254,10093965,CI.CLC.HHZ,0,up,10.115598678588867,1.580078125,75.75
766506,14312904,CI.WRV.EHZ,0,up,3.321916103363037,1.3798828125,37.34375
2026250,11672880,CI.WRC.EHZ,0,up,14.07508373260498,1.66015625,20.140625
1400846,11366562,CI.RHC.EHZ,0,up,56.65773010253906,3.75,22.90625
987582,10227781,AZ.MONP.HHZ,0,up,16.682600021362305,1.4501953125,14.8203125
1208192,9755077,AZ.TRO.EHZ,1,down,21.198760986328125,1.2998046875,4.94921875
1854435,11379386,PB.B916.EHZ,0,up,65.04315185546875,1.240234375,19.65625
538301,14358684,CI.LDR.HHZ,1,down,2.6598379611968994,2.439453125,81.5625
711126,9150203,CI.SAL.HHZ,0,up,8.056619644165039,2.08984375,34.65625
442856,13939560,CI.MCT.HHZ,0,up,6.540899276733398,1.73046875,74.8125
2042550,14181916,CI.BLK.EHZ,1,down,4.4629106521606445,1.580078125,94.5625
400988,10001141,CI.SDR.HHZ,0,up,13.820035934448242,2.01953125,63.9375
677920,9163001,CI.RAY.EHZ,1,down,14.345475196838379,1.9599609375,55.125
1100702,15084364,CI.PASC.HHZ,1,down,6.519669532775879,1.7001953125,32.8125
9934,14007128,CI.AGA.HHZ,1,down,32.332855224609375,1.3701171875,17.125
500711,13984504,CI.DVT.HHZ,0,up,10.81531810760498,2.240234375,62.71875
919859,10456133,CI.WSH.EHZ,1,down,104.99248504638672,2.439453125,96.5
333106,10287989,CI.RMR.EHZ,1,down,80.82134246826172,1.3798828125,22.265625
1641677,10296881,PB.B082.EHZ,0,up,50.89259719848633,1.349609375,18.53125
1822367,14096008,CI.PEM.EHZ,0,up,72.46390533447266,2.48046875,48.9375
2431588,14286616,AZ.PFO.HHZ,1,down,3.158658266067505,0.7099609375,48.875
1033634,15015444,CI.JVA.HHZ,1,down,23.229259490966797,0.83984375,12.4921875
194392,9930093,CI.BAC.EHZ,1,down,12.193426132202148,1.2998046875,41.875
2204682,10761621,PB.B082.EHZ,1,down,6.7573699951171875,0.85986328125,43.5
790810,14855740,AZ.FRD.HHZ,1,down,18.837379455566406,1.0703125,40.5
467074,10738245,CI.PLM.HHZ,0,up,38.00556564331055,1.9599609375,38.4375
599482,14186432,CI.BLA.HHZ,1,down,6.495669841766357,2.359375,79.125
2452065,9743885,AZ.PFO.HHZ,1,down,7.980032920837402,1.080078125,15.25
130137,9696277,CI.WCH.EHZ,1,down,2.9378724098205566,1.2998046875,21.9375
1217873,11065829,AZ.LVA2.HHZ,1,down,9.183714866638184,1.51953125,37.71875
2292828,14420920,CI.PSR.HHZ,1,down,6.647802352905273,1.5,28.046875
1471187,11275994,CI.IR2.EHZ,1,down,22.118757247924805,1.0703125,15.3828125
1635231,10237933,PB.B087.EHZ,1,down,17.334335327148438,1.099609375,58.71875
755319,10280757,PB.B087.EHZ,0,up,3.7840912342071533,0.56982421875,25.265625
462151,11125802,PB.B093.EHZ,1,down,17.624916076660156,1.2802734375,34.46875
1522542,14558852,PB.B082.EHZ,1,down,21.035696029663086,0.77978515625,15.53125
726630,10358461,CI.BBS.HHZ,0,up,10.7528715133667,2.26953125,22.34375
1091652,10746637,PB.B087.EHZ,0,up,9.974466323852539,0.580078125,13.2578125
167368,9646561,CI.MPM.HHZ,0,up,13.687699317932129,1.98046875,22.328125
970918,9691253,CI.WLH.EHZ,0,up,5.790263652801514,1.51953125,43.0625
213681,10933213,CI.TOR.HHZ,0,up,14.020424842834473,1.330078125,24.375
1427841,14147352,CI.BAC.EHZ,1,down,18.350261688232422,2.7890625,97.6875
758599,13940928,CI.HDB.EHZ,0,up,17.512067794799805,0.97998046875,22.703125
898964,10272877,CI.COA.EHZ,0,up,4.406790256500244,1.58984375,30.6875
487199,11011109,PB.B082.EHZ,1,down,10.284602165222168,0.39990234375,18.796875
1958124,14376332,AZ.FRD.HHZ,1,down,4.0139994621276855,0.6298828125,27.015625
1619020,9168667,CI.CLC.EHZ,0,up,4.675409317016602,1.91015625,69.4375
1903016,10922845,AZ.FRD.HHZ,0,up,17.1800479888916,1.26953125,35.875
814682,13984788,CI.HOL.EHZ,1,down,12.573273658752441,1.330078125,21.984375
634423,10177230,CI.CRR.EHZ,0,up,2.246375799179077,2.73046875,38.125
1719736,14689852,ZY.OCCM.EHZ,1,down,7.325577259063721,2.279296875,38.875
1513115,10979341,CI.HYS.EHZ,1,down,11.331725120544434,1.5595703125,100.375
2179602,10057197,CI.DNR.HHZ,0,up,132.0561981201172,2.720703125,48.75
843013,13966672,CI.SGL.EHZ,1,down,75.41494750976562,3.759765625,38.625
1327481,14085704,CI.SGL.EHZ,1,down,4.898080825805664,1.01953125,44.84375
1194008,11371754,CI.DGR.HHZ,1,down,457.6038818359375,2.669921875,47.6875
630058,9161073,CI.GSC.HHZ,0,up,4.782249450683594,1.9697265625,82.5
106874,14404956,CI.COK.EHZ,1,down,50.21580123901367,2.189453125,51.78125
1994387,14024612,CI.WES.HHZ,0,up,2.054384231567383,1.25,17.09375
2100316,9999481,CI.IR2.EHZ,1,down,24.494001388549805,1.6201171875,25.96875
143004,14257892,CI.BAC.EHZ,0,up,10.634982109069824,1.169921875,68.0
1635866,14352524,PB.B082.EHZ,1,down,7.3501152992248535,1.6904296875,82.9375
177544,9141773,CI.RAG.EHZ,0,up,6.026613235473633,1.2998046875,29.546875
167186,9640969,CI.TOW.EHZ,1,down,7.313008785247803,1.900390625,28.125
2219858,10332285,CI.MPP.HHZ,1,down,16.13169288635254,2.279296875,44.5
2330760,10095133,CI.BTL.EHZ,0,up,7.86252498626709,0.759765625,15.2578125
1836635,10166953,CI.WMF.EHZ,1,down,6.554381370544434,0.5,16.125
592708,10098517,CI.TPC.EHZ,0,up,14.035658836364746,1.98046875,109.6875
1015749,14238372,CI.JRC2.HHZ,0,up,2.7534303665161133,0.7001953125,21.5625
1651871,10497317,PB.B916.EHZ,1,down,15.688521385192871,1.169921875,56.9375
897753,14063748,CI.POB.EHZ,1,down,7.155984878540039,1.08984375,50.34375
923768,11034677,PB.B084.EHZ,0,up,4.6069440841674805,0.580078125,43.71875
432627,9723457,AZ.BZN.HHZ,0,up,2.7772533893585205,1.330078125,30.84375
847168,14254148,CI.EML.HHZ,0,up,55.463043212890625,1.98046875,78.5
147756,10401177,CI.PMD.HHZ,0,up,3.2203147411346436,0.68994140625,54.6875
627640,13966192,CI.DVT.HHZ,1,down,29.86760139465332,2.779296875,59.90625
1487497,14121104,CI.SWS.HHZ,0,up,2.4299521446228027,1.4501953125,41.71875
419138,10744013,PB.B081.EHZ,1,down,39.664432525634766,2.099609375,39.0
2185555,10099877,CI.COK.EHZ,0,up,13.24419116973877,2.0,64.125
935503,14239920,CI.PEM.EHZ,1,down,72.73780059814453,1.5595703125,14.2265625
1150428,9882205,CI.MPM.HHZ,0,up,106.4169692993164,1.759765625,34.78125
1830748,9682349,CI.WLH.EHZ,0,up,4.8945159912109375,1.0,40.90625
101528,10483669,PB.B082.EHZ,1,down,26.224994659423828,1.23046875,13.953125
1150279,9150567,CI.WRV.EHZ,0,up,4.064347743988037,0.7998046875,21.796875
665075,10095809,AZ.SOL.HHZ,0,up,24.211132049560547,2.509765625,68.125
1504459,11062341,CI.TPM.EHZ,0,up,7.823539733886719,1.3095703125,62.59375
958112,14063728,CI.DNR.HHZ,1,down,7.185436248779297,1.1396484375,20.375
90485,9158933,CI.AGA.HHZ,1,down,123.08458709716797,1.5,17.34375
652038,9686757,CI.WNM.EHZ,1,down,20.51691436767578,1.0,23.359375
2127516,14042660,CI.WNM.EHZ,1,down,6.741135597229004,0.60009765625,20.9375
40314,14202252,CI.SME.EHZ,1,down,3.8365092277526855,1.9501953125,88.75
1855709,14334912,PB.B087.EHZ,0,up,19.671722412109375,0.7998046875,26.671875
2060091,15137121,CI.JRC2.HHZ,1,down,20.873991012573242,0.64990234375,10.5234375
46591,10632501,ZY.OYSB.EHZ,0,up,14.185410499572754,1.4599609375,16.734375
779442,9676629,CI.WSH.EHZ,0,up,16.11550521850586,1.66015625,61.1875
2232010,9980909,AZ.MONP.HHZ,0,up,2.267385244369507,1.2001953125,41.625
2181053,13635504,CI.WWP.EHZ,1,down,7.229079246520996,1.8896484375,86.5
2159227,14297172,CI.JVA.HHZ,1,down,2.5557808876037598,1.16015625,14.40625
986914,10910797,CI.PMD.HHZ,0,up,38.54960632324219,1.759765625,20.765625
1097027,14096488,CI.WRV.EHZ,0,up,11.517494201660156,1.8701171875,56.34375
2398820,10871309,CI.CLI.EHZ,0,up,8.727865219116211,1.3896484375,9.15625
2413737,9625081,CI.WHF.EHZ,0,up,26.197336196899414,1.6796875,10.7265625
176262,10037133,AZ.FRD.HHZ,0,up,235.1782684326172,1.8603515625,15.796875
1472616,14621052,AZ.TRO.HHZ,1,down,19.56771469116211,3.080078125,60.0625
348546,11089682,CI.IDO.HHZ,0,up,7.850815773010254,0.97998046875,9.2734375
485360,9986801,CI.WCH.EHZ,0,up,4.826889991760254,1.3798828125,51.03125
1239423,9719437,CI.PLM.HHZ,0,up,118.26611328125,1.7802734375,36.8125
698452,9720717,AZ.RDM.HHZ,1,down,31.181352615356445,2.259765625,66.75
1514073,10909317,PB.B081.EHZ,1,down,4.643496513366699,0.759765625,26.171875
2312843,14419628,AZ.KNW.HHZ,1,down,50.07347869873047,1.6298828125,68.5
1696540,10725973,CI.FRK.EHZ,1,down,6.616937160491943,3.009765625,82.5
1472728,11080322,PB.B084.EHZ,1,down,40.70811080932617,0.85986328125,14.4609375
1566339,9647381,CI.WNM.EHZ,0,up,5.484098434448242,1.9404296875,20.296875
1877060,11323306,CI.BTP.HHZ,1,down,17.27550506591797,1.830078125,39.59375
75113,11387290,CI.THC.EHZ,1,down,8.313409805297852,1.58984375,27.359375
526439,10145122,CI.DRE.HHZ,1,down,169.5467987060547,3.91015625,74.0
1638868,14069096,AZ.WMC.HHZ,0,up,3.647939443588257,0.77001953125,23.078125
1225439,10001081,CI.YEG.EHZ,1,down,39.10318374633789,2.73046875,69.5
1973260,14388244,AZ.BZN.HHZ,1,down,2.749187707901001,0.8701171875,61.75
319655,15186321,CI.JRC2.HHZ,1,down,46.460140228271484,2.880859375,65.875
1460304,10230889,CI.SBB.EHZ,1,down,28.93293571472168,1.6201171875,60.0
316042,14138244,CI.WRC.EHZ,0,up,3.2188329696655273,0.7001953125,25.125
1145682,14845924,CI.CRR.EHZ,1,down,6.546286582946777,1.48046875,32.6875
624514,14464976,CI.WHF.EHZ,1,down,29.335309982299805,1.349609375,17.4375
1009503,10489533,PB.B093.EHZ,1,down,42.212093353271484,1.26953125,12.4609375
2264613,11389570,CI.SKY.EHZ,1,down,23.329252243041992,1.91015625,26.453125
1106223,14147548,CI.DTP.EHZ,1,down,96.25951385498047,1.9501953125,29.875
994470,14258724,AZ.RDM.HHZ,1,down,12.906628608703613,1.2998046875,8.8671875
1313646,14202876,AZ.RDM.HHZ,1,down,2.297518253326416,0.58984375,20.125
427168,10083881,CI.WOF.EHZ,1,down,28.614797592163086,1.099609375,17.84375
1511606,11280962,CI.TOR.HHZ,1,down,14.954402923583984,1.3203125,27.875
1806,10150525,CI.BTL.EHZ,1,down,19.724979400634766,2.359375,90.625
2397424,15157057,EN.OBS.EHZ,1,down,11.549766540527344,0.39990234375,5.7109375
713450,11278826,CI.DNR.HHZ,0,up,6.879046440124512,0.669921875,18.203125
2381079,14393824,WR.CSP.EHZ,1,down,58.22599792480469,3.08984375,54.46875
1496927,10543757,CI.BEL.HHZ,1,down,13.085872650146484,1.9404296875,87.6875
2462956,14378292,CI.DVT.HHZ,1,down,1.8119434118270874,3.5703125,99.875
2177302,10347029,AZ.KNW.HHZ,1,down,6.826361656188965,1.330078125,49.78125
2483541,14209188,CI.EDW2.HHZ,0,up,23.171100616455078,1.8203125,34.09375
1666776,9950185,WR.CSP.EHZ,1,down,14.201200485229492,1.6904296875,46.75
1417023,10149769,CI.SIL.EHZ,0,up,14.308036804199219,1.33984375,35.0
1031846,14884492,CI.BAC.EHZ,1,down,17.852069854736328,1.76953125,41.53125
2482136,11085338,AZ.TRO.HHZ,0,up,5.150689125061035,1.1904296875,17.234375
2266239,10785773,CI.YUH.EHZ,1,down,35.7734375,1.6796875,68.4375
1746890,9136498,CI.WSH.EHZ,0,up,54.10051345825195,1.8603515625,14.453125
1255273,12535428,CI.RMR.EHZ,0,up,4.2147216796875,0.9599609375,18.234375
1880391,14311464,AZ.LVA2.HHZ,1,down,8.86988639831543,0.580078125,45.90625
1224612,9970457,CI.SAL.HHZ,1,down,16.631616592407227,2.509765625,54.1875
900512,9163634,CI.PSP.EHZ,1,down,9.145467758178711,2.099609375,72.8125
941269,14006680,CI.BOR.HHZ,0,up,16.71736717224121,1.150390625,63.65625
1105787,10181717,CI.LUG.HHZ,0,up,1.7805331945419312,1.4599609375,41.90625
90581,10602677,ZY.WAGN.EHZ,1,down,30.52088165283203,2.109375,18.484375
2248464,10167617,CI.BAC.EHZ,0,up,3.9489989280700684,1.8701171875,36.28125
449313,11364146,CI.JNH.EHZ,1,down,10.196659088134766,2.599609375,78.5625
634773,10356217,CI.SIL.EHZ,0,up,2.533445119857788,1.7197265625,45.125
1361636,11134442,AZ.RDM.HHZ,1,down,55.54568862915039,2.05078125,19.5625
1591654,10930333,CI.YUH.EHZ,1,down,216.4158172607422,2.4609375,43.1875
1533495,10367925,CI.MPM.HHZ,0,up,113.86817932128906,1.2001953125,18.0625
2133011,14857404,PB.B087.EHZ,1,down,10.424269676208496,0.830078125,29.828125
380980,9870985,CI.WES.HHZ,1,down,4.8347320556640625,2.83984375,66.75
736334,14775340,CI.MPI.HHZ,1,down,26.05539894104004,2.3203125,39.96875
1311377,13974676,CI.SS2.EHZ,0,up,11.220379829406738,2.099609375,52.46875
851248,10748253,AZ.LVA2.HHZ,1,down,24.509992599487305,0.5400390625,13.1328125
1518358,10330729,CI.SLR.HHZ,0,up,2.326087474822998,1.3203125,38.15625
730320,11411250,CI.DPP.HHZ,0,up,8.39958381652832,1.400390625,51.15625
628444,10248973,CI.POB.EHZ,0,up,63.3213996887207,2.73046875,46.46875
1293170,9167346,CI.CDY.EHZ,1,down,16.532909393310547,1.2998046875,16.515625
1747322,9142235,CI.TPM.EHZ,0,up,7.845733165740967,1.5,20.03125
2172843,9151277,CI.RAG.EHZ,1,down,21.542829513549805,1.2001953125,24.953125
332602,13687432,CI.WCH.EHZ,0,up,2.646414041519165,0.64990234375,24.15625
319196,14436744,CI.BOM.HHZ,1,down,8.736568450927734,1.259765625,3.8203125
1702785,9643365,CI.WRV.EHZ,0,up,8.288300514221191,1.4697265625,20.203125
1460138,9990457,CI.JRC2.HHZ,0,up,10.616413116455078,0.7998046875,12.359375
