source_index,evid,sncl,label,label_name,snr,mag,dist
0,10344777,CI.CCC.HHZ,1,down,30.88924217224121,1.9697265625,50.84375
398,10169485,CI.HMT.EHZ,1,down,20.80415916442871,2.140625,92.75
412,14597524,CI.DEC.HHZ,1,down,5.074382781982422,1.1201171875,21.09375
628,15164337,CI.SVD.HHZ,1,down,16.47110366821289,2.0390625,13.8828125
1630,9793325,CI.RMR.EHZ,1,down,8.127850532531738,1.5498046875,27.140625
1792,14187944,CI.CRR.EHZ,1,down,5.715790748596191,1.8798828125,112.3125
1811,10299033,AZ.KNW.HHZ,0,up,2.1548125743865967,0.330078125,2.390625
2724,14694740,ZY.PNTO.EHZ,1,down,40.07506561279297,1.4404296875,15.65625
2845,11405930,EN.YOU.EHZ,1,down,3.6260695457458496,0.300048828125,4.921875
3061,9652113,CI.CPE.EHZ,0,up,5.997231483459473,2.470703125,80.6875
3155,10227681,AZ.WMC.HHZ,1,down,20.975187301635742,1.7001953125,73.0625
3225,14333772,PB.B081.EHZ,1,down,13.47179889678955,0.9599609375,54.53125
3301,10096097,AZ.LVA2.HHZ,0,up,30.174333572387695,1.58984375,47.6875
3859,14333044,CI.TAB.EHZ,1,down,3.4762964248657227,1.1904296875,27.5
4132,10723141,CI.SGL.EHZ,0,up,4.193861961364746,1.1396484375,11.5390625
4405,14311612,CI.SLR.HHZ,1,down,12.393624305725098,1.25,20.265625
4565,9652733,AZ.PFO.HHZ,1,down,15.510493278503418,1.599609375,8.0
4747,14253372,CI.DNR.HHZ,0,up,5.474215507507324,0.64990234375,23.78125
5029,9985949,CI.RAG.EHZ,0,up,3.517155170440674,1.2998046875,38.84375
6020,10404561,PB.B086.EHZ,1,down,62.839500427246094,1.3095703125,11.2421875
6118,10757741,BC.CBX.HHZ,0,up,19.927370071411133,2.349609375,80.1875
6493,9878637,CI.YUH.EHZ,1,down,3.58288836479187,1.7099609375,49.71875
6538,10545501,AZ.FRD.HHZ,0,up,6.4015607833862305,1.7001953125,78.25
6643,9141753,CI.WRC.EHZ,1,down,87.31416320800781,1.75,15.65625
6657,10178877,CI.DSC.HHZ,1,down,4.6773247718811035,1.2802734375,54.34375
7121,10025313,CI.HMT.EHZ,1,down,57.44734191894531,2.2109375,44.875
7264,10993357,AZ.BZN.HHZ,0,up,20.398805618286133,0.97021484375,8.640625
7659,14347944,CI.YUH.EHZ,1,down,40.762290954589844,1.7900390625,61.375
7721,12279484,CI.SBK.EHZ,0,up,79.06634521484375,1.4599609375,7.41015625
8044,9140681,CI.WSH.EHZ,0,up,32.73067855834961,1.0,14.96875
8096,11367802,CI.GVR.EHZ,1,down,5.078393459320068,1.490234375,15.1796875
8885,10319389,AZ.CRY.HHZ,1,down,23.200735092163086,1.6796875,84.0
8938,14072572,CI.WBM.EHZ,0,up,1.986042857170105,0.89990234375,20.265625
9853,13945928,CI.RAY.EHZ,0,up,6.723327159881592,2.05078125,72.5625
9911,10765605,NP.5062.HLZ,1,down,28.74787712097168,1.080078125,0.340087890625
10053,14217872,CI.LEO.EHZ,1,down,61.61469268798828,1.2802734375,26.90625
10504,9136964,CI.HDB.EHZ,1,down,23.688011169433594,1.6396484375,8.2734375
10529,9802689,CI.WLH.EHZ,1,down,8.881555557250977,1.66015625,28.9375
10660,11674632,CI.WNM.EHZ,0,up,6.312948703765869,0.60009765625,20.59375
10714,14376384,PB.B081.EHZ,1,down,17.379703521728516,1.48046875,26.4375
10945,10400793,PB.B084.EHZ,0,up,13.81055736541748,3.0703125,99.6875
11366,13914868,CI.CTC.HHZ,0,up,6.744154453277588,3.01953125,88.8125
11611,10224077,CI.WCH.EHZ,1,down,3.8335278034210205,0.89013671875,36.4375
11634,9647217,CI.TOW.EHZ,1,down,69.28582000732422,2.779296875,26.90625
11682,11080282,CI.WRC.EHZ,0,up,6.820112228393555,0.8798828125,22.125
11917,14869980,CI.PASC.HHZ,1,down,14.566817283630371,1.75,15.8671875
12132,11333378,PB.B086.EHZ,1,down,217.9094696044922,1.9599609375,7.12890625
12417,10356241,CI.BBR.HHZ,0,up,8.361021995544434,1.66015625,33.5625
12496,14550700,AZ.PFO.HHZ,1,down,10.393564224243164,1.1396484375,31.5
12531,14244256,AZ.RDM.HHZ,1,down,2.6600492000579834,0.81982421875,5.3984375
12633,14131100,CI.SBB2.HHZ,0,up,21.03156852722168,1.169921875,60.1875
12663,9851325,CI.CCC.HHZ,0,up,25.590009689331055,1.919921875,74.0625
12705,10004949,CI.BTL.EHZ,1,down,11.704865455627441,1.6298828125,35.375
12727,10493405,CI.SPG2.HHZ,0,up,62.37824249267578,1.990234375,85.9375
13885,14434240,CI.DNR.HHZ,1,down,8.412219047546387,2.119140625,93.3125
13963,14189588,CI.BTP.HHZ,0,up,13.072089195251465,2.529296875,46.65625
14188,10526221,PB.B086.EHZ,1,down,42.13224792480469,0.81005859375,7.51953125
14247,10865821,CI.WBM.EHZ,0,up,5.896153450012207,1.5595703125,44.25
14558,10006129,CI.COA.EHZ,1,down,26.870372772216797,2.390625,60.90625
14645,14041992,CI.BTC.HHZ,0,up,2.2712290287017822,1.2001953125,31.265625
15086,14057608,CI.WBS.HHZ,1,down,2.278671979904175,1.099609375,13.4296875
15308,14403628,CI.CHF.HHZ,1,down,272.6658630371094,1.5,14.8515625
15509,11343546,CI.SME.EHZ,0,up,22.952741622924805,1.2099609375,12.4609375
15566,13819680,AZ.SND.HHZ,0,up,62.55373764038086,2.1796875,66.4375
15572,9140482,CI.CDY.EHZ,0,up,15.498735427856445,0.93994140625,15.8671875
16005,9699993,CI.CRR.EHZ,1,down,19.208589553833008,1.6904296875,16.3125
16432,14598868,EN.ELM.EHZ,1,down,4.061565399169922,1.4296875,0.68017578125
16703,14775708,CI.BOR.HHZ,1,down,7.573245048522949,1.3701171875,35.46875
16807,10728549,CI.YUH.EHZ,1,down,50.88609313964844,2.509765625,65.625
16864,11247962,CI.MSC.HHZ,1,down,32.33442687988281,1.91015625,37.0
17027,14381872,CI.WLH.EHZ,1,down,3.325425148010254,0.9599609375,54.0625
17061,10188133,CI.MPM.HHZ,0,up,51.5769157409668,1.26953125,27.453125
17148,14603004,CI.BEL.HHZ,1,down,702.7626953125,1.900390625,22.6875
17288,14254252,CI.CAP.HHZ,0,up,16.547183990478516,2.7890625,101.0625
17294,11375642,EN.SIM.EHZ,0,up,16.502662658691406,0.5,5.33984375
17303,9145630,CI.HLN.EHZ,0,up,4.0374979972839355,2.650390625,20.125
17421,10326493,CI.MCT.HHZ,0,up,16.733158111572266,1.6298828125,39.4375
17579,9879793,CI.JVA.HHZ,1,down,10.639930725097656,1.9404296875,63.15625
17655,14551948,PB.B082.EHZ,1,down,8.483715057373047,1.150390625,41.0625
17711,10437249,PB.B086.EHZ,0,up,5.152719974517822,1.1904296875,61.71875
17745,9157544,CI.EW2.EHZ,0,up,34.9838981628418,1.25,5.8984375
18121,14432264,CI.SIL.EHZ,1,down,7.611332416534424,1.330078125,35.84375
18328,9723857,CI.WVP.EHZ,0,up,86.35311126708984,1.8896484375,19.234375
18410,9673681,CI.WLH.EHZ,0,up,73.08010864257812,2.599609375,42.34375
18614,10789285,AZ.KNW.HHZ,0,up,3.9203975200653076,0.66015625,30.296875
18731,10169049,CI.HDB.EHZ,1,down,15.80332088470459,2.810546875,92.75
18760,14253820,CI.SIL.EHZ,0,up,2.8076930046081543,1.6103515625,87.8125
18877,14156680,AZ.CRY.HHZ,0,up,14.786678314208984,0.6298828125,21.5625
18995,13940840,CI.BTL.EHZ,0,up,4.925534725189209,0.68017578125,16.375
19645,10372625,PB.B081.EHZ,1,down,14.177844047546387,0.77978515625,22.125
20344,9940705,BK.BDM.HHZ,1,down,25.729591369628906,0.0,19.09375
20545,14467512,AZ.PFO.HHZ,1,down,7.684851169586182,0.3798828125,10.96875
20649,14088396,CI.MAR.EHZ,1,down,79.9153060913086,1.849609375,19.796875
20798,9134472,CI.RAG.EHZ,0,up,30.296018600463867,2.0,14.2109375
21021,14169612,CI.BAC.EHZ,1,down,12.250542640686035,1.3203125,57.5
21029,11415682,AZ.LVA2.HHZ,0,up,101.60164642333984,1.2900390625,47.0625
21050,10665309,ZY.MLDN.EHZ,1,down,19.104724884033203,1.7900390625,6.921875
21192,10861829,AZ.HWB.HHZ,0,up,21.66954803466797,1.8701171875,59.6875
21720,11103842,CI.WWC.HHZ,1,down,311.2680969238281,1.6904296875,7.01953125
22348,14929180,CI.YUH.EHZ,1,down,60.49267578125,1.4697265625,13.4921875
22547,10922581,CI.GMR.HHZ,1,down,53.38051223754883,2.5,58.78125
22640,9779141,AZ.CRY.HHZ,0,up,5.556729316711426,0.72021484375,5.94140625
22809,10772205,CI.WLH.EHZ,1,down,89.56610107421875,2.240234375,32.78125
22990,9991325,CI.YUH.EHZ,0,up,2.54823899269104,1.5498046875,68.4375
23337,9672261,CI.WWP.EHZ,1,down,16.73744773864746,1.6298828125,36.96875
23468,14198660,CI.RMM.EHZ,0,up,15.932353019714355,1.6201171875,19.25
23518,10275437,CI.WNM.EHZ,0,up,16.35930824279785,2.390625,33.03125
23869,10257257,CI.PLE.EHZ,0,up,18.376096725463867,2.330078125,90.625
24061,11405506,PB.B916.EHZ,0,up,10.931849479675293,1.48046875,59.65625
24502,13978584,CI.DNR.HHZ,0,up,30.640016555786133,0.72021484375,15.2734375
24537,12448232,AZ.BZN.HHZ,0,up,8.881241798400879,1.2998046875,17.046875
24775,10368457,CI.BAC.EHZ,0,up,75.80657958984375,1.330078125,46.53125
25083,9701037,AZ.PFO.HHZ,0,up,16.466434478759766,1.509765625,27.484375
25229,10862909,AZ.MONP2.HHZ,1,down,4.896054744720459,0.9501953125,48.59375
25354,14354284,PB.B086.EHZ,1,down,18.40452003479004,0.9501953125,43.03125
25376,9880025,CI.LRL.HHZ,0,up,5.6684746742248535,1.6796875,90.9375
25725,10147609,AZ.SND.HHZ,1,down,14.151144981384277,1.580078125,60.8125
25811,9709381,CI.WJP.EHZ,0,up,6.381988048553467,1.83984375,28.46875
25854,9805897,CI.TOW.EHZ,0,up,2.8488829135894775,0.409912109375,24.546875
25904,14138412,CI.MPM.HHZ,0,up,11.32404613494873,0.7998046875,28.234375
26232,9695741,CI.AGA.HHZ,1,down,151.16220092773438,2.490234375,87.6875
26258,11272378,AZ.PFO.HHZ,0,up,6.4787678718566895,0.64013671875,37.875
26790,10354393,CI.BOR.HHZ,0,up,207.72360229492188,1.900390625,10.3203125
27138,14478072,CI.JNH.EHZ,1,down,5.730708122253418,1.259765625,49.625
27301,10768637,CI.IBP.HHZ,0,up,14.004979133605957,3.16015625,36.375
27393,9159348,CI.COK.EHZ,0,up,5.414854049682617,1.76953125,24.46875
27916,14478760,PB.B084.EHZ,1,down,13.605252265930176,0.81982421875,12.8203125
27952,14850964,ZY.COON.EHZ,1,down,5.2162675857543945,2.830078125,97.5625
28280,9716093,CI.WNM.EHZ,1,down,34.917022705078125,1.5400390625,13.2265625
28333,14237636,CI.COK.EHZ,0,up,37.534507751464844,1.9599609375,21.1875
28649,11671588,CI.WOR.EHZ,0,up,24.116159439086914,1.099609375,21.296875
28787,10366225,CI.DVT.HHZ,0,up,79.11865997314453,3.25,58.28125
28857,14057428,CI.HOL.EHZ,1,down,4.941771030426025,1.25,38.375
28999,10275581,AZ.LVA2.HHZ,1,down,46.143558502197266,1.599609375,46.46875
29193,14183516,CI.CLI.EHZ,0,up,3.581066608428955,1.669921875,9.0078125
29600,10532717,CI.WCS.EHZ,0,up,20.320236206054688,1.5595703125,5.640625
29656,9751869,CI.HMT.EHZ,1,down,9.863038063049316,1.33984375,26.953125
30019,10146745,CI.WCS.EHZ,1,down,1.6353651285171509,0.5,6.21875
30385,9677401,CI.XMS.EHZ,0,up,8.131729125976562,1.7998046875,75.5
30607,9148781,CI.WWP.EHZ,0,up,5.472989559173584,1.509765625,63.8125
30747,14116860,CI.SNR.EHZ,0,up,7.712808609008789,2.349609375,21.078125
31227,14064016,CI.BFS.HHZ,0,up,54.896400451660156,1.8701171875,19.546875
31706,14189020,AZ.KNW.HHZ,1,down,4.356482028961182,0.509765625,9.078125
32163,10738357,AZ.TRO.HHZ,0,up,463.1216735839844,3.400390625,8.65625
32693,10183093,CI.JNH.EHZ,0,up,3.681609869003296,1.6201171875,102.9375
33177,9817425,CI.TEJ.EHZ,0,up,10.63388442993164,1.7001953125,24.09375
33759,14282984,CI.PSD.HHZ,1,down,7.636834144592285,1.7998046875,23.8125
33801,12880008,CI.SUN.EHZ,0,up,16.36849021911621,1.1904296875,26.015625
34123,14208252,AZ.LVA2.HHZ,1,down,26.949758529663086,0.77001953125,15.953125
34820,11419386,CI.DRE.HHZ,0,up,2.1688668727874756,1.490234375,16.171875
34828,10791445,CI.BOR.HHZ,1,down,3.200982093811035,1.5400390625,50.78125
34949,14421816,CI.BLK.EHZ,1,down,32.801666259765625,1.8095703125,40.90625
34970,11672352,CI.SPG.HHZ,0,up,3.443141222000122,1.6103515625,85.5
35024,9879705,CI.RYS.EHZ,0,up,14.720453262329102,2.380859375,114.9375
35379,10378817,CI.POB.EHZ,1,down,16.06326675415039,1.509765625,35.09375
35471,10054761,CI.RMR.EHZ,1,down,5.527034282684326,1.4697265625,57.6875
35489,14218528,CI.WRC.EHZ,0,up,4.232791900634766,0.5,14.3671875
35845,11010613,CI.SNO.HHZ,1,down,58.75720977783203,1.669921875,14.953125
36035,14353760,CI.MWC.HHZ,1,down,3.8168108463287354,1.5302734375,45.40625
36357,10542669,CI.JRC2.HHZ,0,up,388.5198669433594,2.369140625,10.640625
36745,14161056,AZ.PFO.HHZ,0,up,2.917707681655884,0.89013671875,36.65625
36962,14006400,CI.DVT.HHZ,1,down,40.14665985107422,2.869140625,112.1875
37340,11277762,CI.COK.EHZ,0,up,16.530305862426758,2.630859375,76.1875
37901,14920308,CI.HMT.EHZ,1,down,5.971693992614746,0.990234375,37.5625
38020,13431428,CI.BTL.EHZ,0,up,144.42640686035156,1.759765625,17.25
38164,9155234,CI.OAK.EHZ,0,up,3.813225746154785,0.85009765625,16.5625
38341,14617844,CI.MCT.HHZ,1,down,6.566546440124512,2.310546875,91.625
38414,13587440,CI.WWP.EHZ,1,down,35.55381393432617,2.05078125,36.03125
39467,15086580,AZ.LVA2.HHZ,1,down,10.6256742477417,1.0498046875,58.625
40516,9665429,AZ.BZN.HHZ,1,down,5.24589204788208,1.3896484375,25.328125
41242,9776305,CI.WRV.EHZ,1,down,113.34639739990234,0.7001953125,3.869140625
41260,11006117,CI.PLS.HHZ,1,down,2.67769718170166,0.85009765625,26.0625
41586,14189748,AZ.KNW.HHZ,0,up,16.075593948364258,1.3095703125,71.9375
41622,15179433,PB.B086.EHZ,1,down,21.382802963256836,1.08984375,17.6875
42071,10149873,CI.WNM.EHZ,0,up,3.4062352180480957,1.080078125,31.875
42374,14003388,AZ.FRD.HHZ,0,up,16.77389144897461,1.48046875,22.828125
42463,10748605,AZ.SND.HHZ,0,up,2.4827592372894287,0.43994140625,18.53125
42772,10701469,PB.B087.EHZ,0,up,7.0448198318481445,0.68994140625,23.234375
42934,9173441,CI.HDB.EHZ,0,up,6.300371170043945,1.599609375,32.09375
43226,10906349,AZ.SND.HHZ,1,down,34.39150619506836,1.9501953125,93.5
44103,9734797,CI.WOF.EHZ,1,down,104.76133728027344,3.05078125,91.875
44143,10369609,CI.SNO.HHZ,1,down,30.359851837158203,1.26953125,8.0078125
44287,13937396,CI.TPM.EHZ,1,down,7.242452144622803,1.7099609375,70.3125
44309,10999013,CI.BOR.HHZ,0,up,36.875938415527344,1.23046875,44.25
44380,9796557,CI.MPM.HHZ,0,up,102.47850036621094,0.990234375,12.21875
44381,9876533,CI.WWP.EHZ,1,down,7.421970367431641,1.9404296875,69.6875
45027,14188944,CI.WMF.EHZ,1,down,9.174619674682617,0.77978515625,14.9296875
45616,11279362,PB.B918.EHZ,0,up,70.06800842285156,1.650390625,26.625
46200,9709073,CI.WMF.EHZ,1,down,4.596688747406006,1.0,16.8125
46536,11208722,AZ.BZN.HHZ,0,up,12.202399253845215,1.0498046875,42.09375
46572,11335258,CI.WBS.HHZ,0,up,10.354455947875977,0.759765625,14.5078125
46605,10356293,AZ.BZN.HHZ,1,down,9.98946475982666,0.72021484375,25.953125
46703,9149630,CI.RMR.EHZ,1,down,12.85220718383789,1.099609375,14.1171875
47044,10631333,ZY.PNTO.EHZ,1,down,68.67445373535156,1.6201171875,8.078125
47698,9633781,CI.WHF.EHZ,1,down,11.743268013000488,2.109375,58.90625
47971,9721493,CI.SME.EHZ,1,down,1.9532631635665894,1.4501953125,73.8125
48132,9641341,AZ.LVA2.HHZ,1,down,11.659477233886719,1.2099609375,25.421875
48190,10533853,EN.ELM.EHZ,0,up,5.517541408538818,0.5,0.72021484375
48264,10746349,CI.MSC.HHZ,1,down,14.784652709960938,1.669921875,63.71875
48400,10347973,PB.B084.EHZ,0,up,12.682811737060547,0.990234375,26.015625
48664,14237008,AZ.CRY.HHZ,0,up,53.02836608886719,0.85986328125,12.609375
48671,14183076,CI.SRT.EHZ,0,up,7.759256839752197,0.64990234375,25.78125
49101,14621644,CI.SWS.HHZ,1,down,3.938281536102295,2.689453125,69.625
49523,14197484,CI.WNM.EHZ,0,up,6.075087547302246,1.2197265625,54.9375
49634,9632061,CI.LUC.EHZ,0,up,7.0253376960754395,1.8701171875,47.6875
49752,9908729,CI.ABL.EHZ,1,down,7.397946834564209,1.830078125,75.75
50004,9644521,CI.WWP.EHZ,1,down,7.806279182434082,1.9404296875,34.84375
50252,14002796,CI.HOL.EHZ,0,up,6.888981819152832,1.7001953125,68.5
51207,14282068,CI.DNR.HHZ,1,down,16.57893180847168,1.7197265625,48.21875
51336,9666397,CI.WHF.EHZ,0,up,6.300611972808838,1.41015625,29.734375
51508,11672604,CI.JRC.HHZ,0,up,7.337159156799316,1.0,13.0078125
52033,9822533,CI.DAN.HHZ,0,up,82.4683609008789,2.4296875,83.125
52085,14607108,CI.SGL.EHZ,1,down,9.59980583190918,1.9599609375,60.71875
52147,14172308,AZ.KNW.HHZ,1,down,2.244075298309326,0.509765625,29.046875
53068,14382088,CI.POB.EHZ,1,down,9.839558601379395,0.419921875,15.2734375
53216,9943201,AZ.LVA2.HHZ,1,down,19.43755531311035,1.1201171875,13.78125
53574,10400025,PB.B093.EHZ,0,up,5.784017562866211,1.33984375,60.46875
53616,9800993,CI.RMR.EHZ,0,up,2.5881028175354004,1.169921875,52.84375
53737,14057000,AZ.TRO.HHZ,0,up,3.3805506229400635,1.23046875,11.8984375
53837,10931141,CI.TPC.EHZ,1,down,24.8413028717041,1.2099609375,36.1875
53861,14287944,CI.EML.HHZ,0,up,13.905768394470215,1.2001953125,78.4375
54207,10348517,AZ.MONP2.HHZ,0,up,5.053354263305664,1.3095703125,43.4375
54454,10670861,CI.OAT.EHZ,1,down,3.3528027534484863,1.330078125,72.5
54638,14313896,CI.BTL.EHZ,1,down,32.23379898071289,2.470703125,89.125
54979,10272629,CI.POB.EHZ,0,up,26.455320358276367,0.91015625,48.9375
55489,11686272,CI.HYS.EHZ,0,up,69.56825256347656,1.8095703125,21.875
55492,9633781,CI.MPM.HHZ,0,up,34.44154357910156,2.109375,36.9375
55549,10326177,PB.B084.EHZ,0,up,8.6370849609375,0.7001953125,22.8125
55587,10056581,CI.WCH.EHZ,0,up,36.40705490112305,1.3896484375,34.5
55588,10329501,AZ.PFO.HHZ,1,down,8.46410846710205,1.1396484375,13.578125
55670,14366024,AZ.TRO.HHZ,1,down,2.9967942237854004,0.64013671875,11.8515625
55742,10479357,CI.SBB2.HHZ,1,down,19.93071174621582,2.859375,75.5625
55818,10255345,AZ.BZN.HHZ,1,down,87.63339233398438,1.1103515625,10.0
55988,10222533,CI.POB.EHZ,0,up,13.110960960388184,0.7001953125,24.5
56065,9645641,CI.WRV.EHZ,0,up,230.8981475830078,2.7890625,40.03125
56359,14097732,CI.RMR.EHZ,1,down,24.240482330322266,1.990234375,81.5625
56799,9716213,CI.MIR.EHZ,0,up,44.30718994140625,2.2109375,26.765625
56898,9929797,CI.AGA.HHZ,1,down,61.42509078979492,1.7001953125,17.484375
57147,14155996,AZ.PFO.HHZ,1,down,18.041900634765625,1.150390625,12.671875
57337,10720165,CI.WMF.EHZ,1,down,95.31988525390625,0.4599609375,2.23046875
57501,14213688,AZ.PFO.HHZ,0,up,5.5615434646606445,1.2998046875,33.78125
57769,13937492,CI.PLS.HHZ,0,up,32.57870101928711,3.5390625,90.3125
57993,15201113,CI.PMD.HHZ,1,down,8.171026229858398,0.219970703125,25.1875
58188,9158080,CI.CDY.EHZ,0,up,11.155571937561035,1.2998046875,73.6875
58288,10724861,CI.CRR.EHZ,0,up,4.053622722625732,1.7197265625,33.875
58346,10910653,PB.B086.EHZ,0,up,73.0090560913086,1.48046875,23.71875
58376,10536701,CI.YUH.EHZ,1,down,26.594432830810547,1.33984375,42.15625
59292,10179969,CI.GRP.EHZ,0,up,8.491585731506348,1.4501953125,64.125
59447,9974801,CI.OAT.EHZ,1,down,5.562193870544434,1.2998046875,13.7578125
59506,10345865,SB.GVDA.HLZ,0,up,9.68734359741211,1.7802734375,41.3125
60076,14240252,CI.PMD.HHZ,1,down,6.391523361206055,1.26953125,36.90625
60141,10532525,AZ.PFO.HHZ,0,up,21.839031219482422,1.0400390625,23.390625
60209,11125730,CI.RMM.EHZ,1,down,2.281285047531128,1.51953125,42.65625
60283,9134181,CI.RAG.EHZ,1,down,3.7401680946350098,0.7001953125,24.859375
60663,9715953,CI.WOF.EHZ,1,down,19.209428787231445,1.400390625,26.546875
60666,14262264,CI.SGL.EHZ,0,up,11.096213340759277,1.58984375,30.265625
60721,9872937,CI.MPI.HHZ,0,up,52.262603759765625,2.08984375,22.375
60804,10744005,CI.CLI.EHZ,0,up,12.923322677612305,1.400390625,7.1015625
60942,10762197,AZ.BZN.HHZ,0,up,22.992080688476562,1.349609375,8.7578125
61616,11365690,CI.WMF.EHZ,0,up,36.81707763671875,1.3798828125,43.34375
61639,10530029,CI.BLA2.HHZ,0,up,7.1919426918029785,1.009765625,60.46875
61787,10533045,AZ.KNW.HHZ,0,up,6.091529846191406,1.1904296875,36.25
62142,14206436,CI.PLM.HHZ,0,up,53.91317367553711,1.7802734375,38.0625
62198,9800777,CI.SWS.HHZ,0,up,3.039018392562866,1.8798828125,26.328125
62217,9150355,CI.LTC.EHZ,0,up,10.564064025878906,2.060546875,62.0
62245,10901005,CI.DGR.HHZ,0,up,24.634794235229492,1.7900390625,57.59375
62358,10380421,CI.PLM.HHZ,0,up,117.61096954345703,2.19921875,42.0625
62458,14170372,CI.WLH.EHZ,1,down,3.789255142211914,1.01953125,20.65625
62696,10998453,ZY.COON.EHZ,0,up,5.930179119110107,2.119140625,24.6875
62743,11048861,CI.WWC.HHZ,1,down,10.523770332336426,1.01953125,22.703125
63294,10488021,PG.BL.EHZ,1,down,7.299551486968994,2.19921875,110.3125
64248,14216424,CI.JNH.EHZ,0,up,53.80944061279297,0.919921875,7.3203125
64287,9153718,CI.CLI.EHZ,0,up,8.766949653625488,1.66015625,9.7265625
64352,10478965,AZ.WMC.HHZ,1,down,21.590700149536133,2.2890625,39.125
64509,11393178,CI.XTL.EHZ,0,up,27.535327911376953,1.5498046875,21.109375
65419,10206549,AZ.FRD.HHZ,0,up,11.534594535827637,0.7001953125,31.109375
65533,14287748,CI.PMD.HHZ,1,down,21.958433151245117,0.9599609375,24.8125
65774,9702829,AZ.CRY.HHZ,0,up,38.08879089355469,1.58984375,9.171875
65867,10355381,AZ.KNW.HHZ,1,down,4.270318984985352,1.16015625,78.375
66200,14080044,CI.CTC.HHZ,0,up,4.956170082092285,1.7998046875,57.46875
66387,11129426,PB.B079.EHZ,0,up,3.4503681659698486,1.5,73.0625
66485,9832133,CI.BTL.EHZ,0,up,186.98001098632812,2.16015625,13.71875
67282,10353821,CI.SKY.EHZ,1,down,2.7330245971679688,1.4697265625,39.75
68255,10168149,AZ.SND.HHZ,1,down,11.414545059204102,1.51953125,68.6875
68294,10993605,AZ.CRY.HHZ,0,up,120.80878448486328,1.5400390625,8.3984375
68583,10961997,AZ.RDM.HHZ,0,up,8.2307710647583,0.7900390625,13.890625
69172,13910360,CI.WHF.EHZ,1,down,22.884109497070312,1.599609375,9.0
69642,14557596,AZ.LVA2.HHZ,1,down,45.65209197998047,1.240234375,16.03125
69667,9713721,CI.EMS.EHZ,1,down,2.9898014068603516,1.599609375,61.0625
70089,10149741,CI.TPM.EHZ,1,down,43.520450592041016,1.509765625,13.21875
70543,10056113,CI.BEL.HHZ,0,up,5.91623592376709,1.5400390625,43.3125
70692,9792685,CI.BOR.HHZ,0,up,8.721818923950195,1.5302734375,40.75
70731,14387420,CI.HMT.EHZ,1,down,27.339786529541016,1.1904296875,34.3125
71031,9942109,CI.WS2.EHZ,1,down,24.606319427490234,2.099609375,44.0625
71091,10908685,CI.BAR.HHZ,1,down,36.80992889404297,2.359375,92.6875
71388,14563196,AZ.WMC.HHZ,1,down,1.6109637022018433,0.7900390625,13.5078125
72423,10321397,AZ.CRY.HHZ,0,up,6.018520832061768,0.35009765625,17.953125
73485,14379824,CI.SUN.EHZ,1,down,2.595590591430664,1.16015625,75.0625
73566,10928253,AZ.CRY.HHZ,1,down,23.657392501831055,0.830078125,49.40625
73577,11377802,EN.ELM.EHZ,0,up,8.444915771484375,1.26953125,6.359375
73902,15166089,EN.RED.EHZ,1,down,2.8997890949249268,0.60009765625,4.390625
74001,14599444,PB.B087.EHZ,1,down,8.160706520080566,1.16015625,28.359375
74343,11009093,CI.JRC2.HHZ,1,down,68.09471893310547,2.849609375,102.5
74469,10437777,CI.PMD.HHZ,0,up,6.295694351196289,0.389892578125,27.34375
74790,9707045,CI.ABL.EHZ,1,down,22.340757369995117,2.0390625,23.3125
74956,9987065,CI.WBM.EHZ,0,up,81.4197769165039,2.880859375,21.8125
75148,14199864,CI.HMT.EHZ,0,up,38.09788131713867,1.6904296875,11.7109375
75202,13944436,AZ.YAQ.HHZ,0,up,27.561967849731445,1.6201171875,74.8125
75921,15098076,CI.PMD.HHZ,1,down,153.56068420410156,1.3203125,25.09375
76148,10480909,CI.DNR.HHZ,1,down,34.74571228027344,1.1201171875,1.740234375
76966,10044405,CI.LEO.EHZ,1,down,5.852106094360352,2.029296875,81.75
77008,9909153,CI.QAL.EHZ,1,down,9.600616455078125,2.259765625,59.84375
77163,9875085,NC.PSM.EHZ,1,down,130.52931213378906,3.029296875,40.53125
77309,14176696,CI.MPP.HHZ,1,down,23.345293045043945,2.66015625,56.15625
78786,9615145,CI.BTL.EHZ,1,down,60.695865631103516,2.05078125,26.59375
78838,14892812,AZ.SND.HHZ,1,down,10.88316822052002,0.97998046875,17.171875
79064,9635405,CI.HMT.EHZ,1,down,11.342989921569824,1.5400390625,14.28125
79146,14216000,CI.SUN.EHZ,1,down,10.969769477844238,1.849609375,22.859375
79284,14433832,CI.WBS.HHZ,1,down,5.783298015594482,1.66015625,31.765625
79482,10872869,CI.BAC.EHZ,1,down,22.91651725769043,1.6298828125,93.25
79616,14154816,AZ.FRD.HHZ,1,down,243.6217803955078,1.2001953125,5.828125
79712,9743789,CI.ALV.EHZ,1,down,4.242938995361328,1.5498046875,72.8125
79755,9159028,CI.RMR.EHZ,0,up,7.707956314086914,1.330078125,55.84375
80305,11364890,CI.FRK.EHZ,0,up,10.73900318145752,1.3203125,25.5625
80316,9159937,CI.LRR.EHZ,0,up,26.488168716430664,2.0390625,33.625
80918,10792509,CI.CBK.EHZ,0,up,12.458874702453613,2.41015625,90.0625
81480,14098784,CI.WCH.EHZ,0,up,11.311229705810547,1.8603515625,75.8125
82786,12880648,CI.SIL.EHZ,1,down,2.2049732208251953,1.5703125,49.21875
83021,10024385,AZ.LVA2.HHZ,0,up,7.995276927947998,0.27001953125,23.34375
83510,10409497,PB.B084.EHZ,1,down,6.100554466247559,0.5498046875,20.15625
83611,14988372,AZ.CRY.HHZ,1,down,10.210222244262695,1.3603515625,72.4375
83634,11408394,PB.B087.EHZ,0,up,146.93063354492188,2.130859375,25.953125
83795,9132539,CI.RMM.EHZ,1,down,9.913238525390625,1.7001953125,30.515625
83933,10599117,ZY.OCCM.EHZ,1,down,70.58040618896484,2.41015625,8.3125
84013,14169488,CI.WHF.EHZ,0,up,5.1568522453308105,1.2099609375,56.25
84268,10347761,CI.ERR.HHZ,0,up,5.015921115875244,1.099609375,10.5
84436,14175016,AZ.WMC.HHZ,0,up,25.010509490966797,1.009765625,13.4296875
84855,10769093,AZ.FRD.HHZ,1,down,18.33786392211914,1.2802734375,55.5625
84934,9730377,CI.WS2.EHZ,1,down,22.577503204345703,1.5498046875,23.59375
85029,14183836,CI.BTP.HHZ,1,down,2.4723541736602783,1.26953125,72.125
85822,14172736,AZ.HWB.HHZ,0,up,86.57354736328125,1.9296875,51.25
85904,10313669,CI.LUG.HHZ,1,down,4.583337783813477,1.3203125,28.59375
86193,11132954,CI.BLA2.HHZ,1,down,4.358504295349121,1.009765625,55.15625
86393,10877645,PB.B093.EHZ,0,up,7.673666000366211,1.01953125,41.375
86588,10182690,EN.YOU.EHZ,0,up,2.2988955974578857,2.23046875,39.84375
86821,10294517,CI.LRR.EHZ,0,up,19.853736877441406,1.76953125,64.8125
86872,9656917,CI.MIR.EHZ,1,down,9.136826515197754,1.7099609375,29.8125
86921,9163246,CI.DTP.EHZ,1,down,9.612899780273438,1.83984375,91.5
87101,9171798,CI.ARG.EHZ,1,down,3.269397735595703,2.029296875,44.34375
87146,10276413,CI.WLH.EHZ,0,up,45.1612548828125,2.0703125,36.25
87427,11065893,CI.JRC2.HHZ,0,up,7.247837066650391,1.73046875,68.3125
87923,14079612,CI.CGO.HHZ,1,down,9.86449909210205,1.0703125,19.734375
87942,10005901,CI.MCT.HHZ,0,up,137.9941864013672,2.169921875,45.46875
87945,12887732,CI.CGO.HHZ,0,up,61.39384460449219,3.83984375,96.6875
88413,11614592,CI.BLC.EHZ,1,down,8.351584434509277,1.5703125,17.484375
88421,9138626,CI.HMT.EHZ,0,up,2.941131591796875,1.7001953125,43.84375
88721,10059809,AZ.CRY.HHZ,1,down,4.251400470733643,1.0,14.421875
88862,9827625,CI.WNM.EHZ,1,down,14.194199562072754,1.4404296875,28.765625
88988,10780109,AZ.FRD.HHZ,0,up,18.787275314331055,0.239990234375,7.6484375
89274,9887057,CI.ISA.HHZ,0,up,962.4967651367188,3.169921875,41.125
89391,14506812,CI.JEM.HHZ,1,down,3.791998863220215,1.9296875,38.5
89432,14147000,CI.POB.EHZ,1,down,25.45140838623047,0.83984375,18.125
89790,9635897,AZ.FRD.HHZ,0,up,60.219520568847656,1.6201171875,17.734375
89970,15184625,PB.B087.EHZ,1,down,55.008575439453125,1.259765625,9.5390625
90277,13688160,CI.YUH.EHZ,1,down,35.63163375854492,0.85986328125,20.34375
90278,14432488,CI.DVT.HHZ,1,down,6.106724262237549,2.80078125,80.3125
90329,10326761,PB.B082.EHZ,0,up,6.943732261657715,0.360107421875,12.7578125
90896,11330322,AZ.LVA2.HHZ,1,down,7.338956356048584,1.2001953125,74.0625
91831,11364402,CI.DNR.HHZ,0,up,28.242033004760742,0.97021484375,16.515625
92082,11247810,CI.FHO.HHZ,1,down,5.221466064453125,1.0595703125,19.1875
92560,10059421,CI.BAC.EHZ,1,down,4.010944366455078,1.009765625,44.9375
92675,14443944,CI.LRL.HHZ,1,down,1.4449942111968994,1.5302734375,65.6875
92928,10930781,CI.WES.HHZ,0,up,2.2003140449523926,1.8203125,28.6875
92938,10318869,PB.B081.EHZ,1,down,11.391924858093262,0.68017578125,8.7578125
93271,11005245,CI.DGR.HHZ,0,up,20.806882858276367,1.099609375,44.9375
93442,11334418,CI.SVD.HHZ,0,up,6.7456440925598145,0.85986328125,18.078125
93446,9881041,CI.HYS.EHZ,1,down,49.66972732543945,3.099609375,111.8125
93588,9661133,CI.WNM.EHZ,1,down,49.89584732055664,2.150390625,14.15625
93596,14891292,CI.CBK.EHZ,1,down,6.391697883605957,1.3603515625,39.53125
93640,10632165,WR.PEC.EHZ,0,up,13.210039138793945,1.4697265625,22.546875
93748,9658217,CI.JCS.HHZ,0,up,11.40027141571045,2.51953125,24.234375
93855,9149489,AZ.RDM.HHZ,1,down,72.06564331054688,2.669921875,48.125
94156,15018084,CI.WRC.EHZ,1,down,3.7819597721099854,0.60986328125,64.25
94200,12643472,CI.SKY.EHZ,0,up,5.988524913787842,1.580078125,43.0625
94318,14376604,CI.STG.HHZ,1,down,3.1160993576049805,2.560546875,64.0625
94764,10634869,ZY.USG.EHZ,1,down,220.6690216064453,3.30078125,75.1875
94973,11089146,CI.SLR.HHZ,0,up,8.305006980895996,2.810546875,58.25
95045,14174824,AZ.CRY.HHZ,0,up,39.442481994628906,1.3798828125,20.859375
95112,14196436,AZ.WMC.HHZ,1,down,4.207180500030518,1.48046875,37.9375
95214,12899432,CI.AGA.HHZ,0,up,35.17278289794922,0.60986328125,27.234375
95321,14003004,CI.CRR.EHZ,0,up,25.3416805267334,2.0390625,48.125
95545,10165737,CI.SGL.EHZ,0,up,15.849230766296387,1.6201171875,23.65625
95558,9702409,CI.JRC.HHZ,0,up,5.487220764160156,1.1201171875,10.03125
95626,10997757,PB.B086.EHZ,1,down,8.86709213256836,1.7197265625,95.1875
96104,10080229,CI.HDB.EHZ,0,up,9.408894538879395,1.7998046875,14.4296875
96244,14311132,CI.COA.EHZ,0,up,32.01201629638672,1.5595703125,37.40625
96339,14187100,CI.WCH.EHZ,1,down,5.129197120666504,1.3203125,46.75
96449,9653781,CI.WCS.EHZ,0,up,5.036362171173096,2.400390625,36.34375
96553,11422466,AZ.CRY.HHZ,0,up,37.21574401855469,0.489990234375,11.640625
96851,14157092,CI.SBB2.HHZ,1,down,25.147531509399414,2.060546875,97.0625
97117,13967260,CI.CFT.EHZ,0,up,8.17306900024414,1.8095703125,19.96875
97463,9645717,CI.BTL.EHZ,0,up,4.94333028793335,2.25,31.25
97837,9944801,AZ.KNW.HHZ,1,down,4.367905139923096,1.400390625,6.16015625
98020,10064737,CI.HYS.EHZ,1,down,71.73770904541016,3.119140625,111.25
98523,9720625,AZ.PFO.HHZ,1,down,10.095378875732422,1.2998046875,13.1171875
98817,9755077,AZ.LVA2.HHZ,0,up,28.462963104248047,1.2998046875,18.046875
99667,10147473,CI.COK.EHZ,0,up,11.664107322692871,1.9501953125,36.34375
99707,14511804,AZ.WMC.HHZ,1,down,6.392550468444824,1.509765625,61.28125
99790,10369257,PB.B086.EHZ,0,up,53.169395446777344,1.669921875,75.9375
99876,10180237,CI.JVA.HHZ,0,up,1.510049819946289,1.0703125,13.4921875
99970,14234360,CI.SUN.EHZ,1,down,180.04928588867188,2.91015625,9.28125
100367,10999245,CI.IKP.HHZ,0,up,20.210527420043945,1.8798828125,37.0625
101248,13999236,CI.FLS.EHZ,0,up,78.12064361572266,2.0,9.1875
101269,9991389,CI.DRE.HHZ,1,down,10.729297637939453,1.8798828125,6.26171875
101426,10221849,CI.DPP.HHZ,1,down,9.607932090759277,0.830078125,68.125
101432,9677945,CI.WWP.EHZ,1,down,83.07988739013672,2.5390625,40.875
101762,10263325,CI.DNR.HHZ,1,down,29.178804397583008,0.93994140625,16.0625
102230,11418906,CI.TOR.HHZ,0,up,4.465941429138184,0.72021484375,21.265625
102470,14314124,PB.B082.EHZ,0,up,4.691312313079834,0.300048828125,16.03125
102669,9647157,CI.WWP.EHZ,1,down,3.1982831954956055,1.599609375,37.5
102727,14186768,CI.BTP.HHZ,1,down,20.576147079467773,2.560546875,54.40625
102988,10874501,AZ.FRD.HHZ,1,down,25.983753204345703,1.8203125,67.4375
103147,10062021,AZ.PFO.HHZ,0,up,5.780880928039551,0.6298828125,28.0625
103168,10893725,AZ.CRY.HHZ,1,down,393.5003662109375,2.419921875,41.75
103188,14334676,CI.RAG.EHZ,1,down,1.992050051689148,1.400390625,45.5
103335,9713897,AZ.KNW.HHZ,1,down,33.91126251220703,1.759765625,30.765625
103713,10493773,CI.YUH.EHZ,0,up,42.37266159057617,1.26953125,24.5625
103806,10330693,CI.WAS.EHZ,0,up,13.177538871765137,1.349609375,23.203125
104189,10542941,PB.B916.EHZ,1,down,5.434646129608154,0.9599609375,21.59375
104343,10058889,WR.CSP.EHZ,0,up,2.0028719902038574,1.349609375,29.703125
104630,14604524,AZ.LVA2.HHZ,1,down,5.8165974617004395,0.89990234375,44.875
104933,7188765,CI.WIN.EHZ,0,up,31.079200744628906,2.05078125,90.1875
104938,10588181,ZY.PNTO.EHZ,0,up,16.041160583496094,2.759765625,62.9375
105209,10327197,PB.B086.EHZ,0,up,3.9201860427856445,0.68994140625,39.625
105578,10534469,PB.B093.EHZ,0,up,13.550376892089844,1.1904296875,34.03125
105904,9167078,CI.WLH.EHZ,0,up,2.1660430431365967,0.89990234375,59.9375
106768,14382944,PB.B086.EHZ,1,down,5.877416610717773,1.1201171875,57.5
106856,10272625,AZ.CRY.HHZ,0,up,41.0823860168457,1.4296875,27.265625
106868,14489904,CI.PER.HHZ,1,down,14.425189971923828,1.73046875,16.65625
107100,9706821,AZ.SND.HHZ,0,up,21.62647819519043,1.5498046875,12.75
107371,10099853,CI.GAV.EHZ,0,up,38.7551383972168,2.83984375,66.125
107561,14436600,CI.CTW.EHZ,1,down,2.567392110824585,1.3701171875,42.15625
107732,11129098,AZ.KNW.HHZ,0,up,77.24039459228516,2.76953125,31.1875
107799,9157352,CI.SGL.EHZ,0,up,15.92470932006836,1.2998046875,10.203125
107830,10992341,CI.SIL.EHZ,0,up,2.500643491744995,2.41015625,66.25
107916,14615564,CI.RMR.EHZ,1,down,12.10809326171875,1.990234375,69.875
107930,9151436,CI.CDY.EHZ,1,down,6.785029888153076,0.52001953125,18.3125
109627,9671957,CI.JRC.HHZ,0,up,25.982269287109375,2.2890625,8.9765625
109648,10788541,CI.TEH.HHZ,1,down,12.761266708374023,1.580078125,56.0625
109922,14888660,CI.TEH.HHZ,1,down,34.05202865600586,0.81982421875,19.484375
109949,10368141,CI.MPM.HHZ,0,up,162.12779235839844,1.1396484375,18.375
110013,10532997,AZ.FRD.HHZ,1,down,28.7091121673584,1.1796875,14.6484375
110171,11127698,CI.WRV.EHZ,1,down,3.1999988555908203,0.199951171875,7.30078125
110299,9167512,CI.DTP.EHZ,0,up,66.76493835449219,1.6201171875,29.15625
111269,10962045,AZ.CRY.HHZ,0,up,5.007546901702881,0.330078125,3.44921875
111416,10221409,CI.TUQ.HHZ,1,down,4.565486431121826,2.2109375,85.1875
111654,9691777,CI.SGL.EHZ,0,up,9.681475639343262,2.560546875,107.625
111770,9632317,CI.BTP.HHZ,0,up,5.5001301765441895,2.23046875,73.3125
111933,9810421,AZ.KNW.HHZ,1,down,734.8062133789062,2.259765625,28.8125
112047,10925389,CI.WCS.EHZ,0,up,2.650376081466675,0.6201171875,10.2265625
112526,14376500,CI.TOR.HHZ,1,down,16.551748275756836,1.83984375,89.3125
112880,10992125,PB.B087.EHZ,0,up,19.8399658203125,0.5,13.0234375
113182,9688965,CI.TOW.EHZ,0,up,11.935173988342285,1.759765625,28.671875
113382,10201673,AZ.TRO.HHZ,1,down,25.23042106628418,2.630859375,97.75
113409,10874989,CI.BLA2.HHZ,1,down,599.043701171875,2.7109375,36.125
113449,14219796,CI.BEL.HHZ,0,up,24.7051944732666,1.73046875,66.125
113464,14175748,AZ.SND.HHZ,0,up,18.53274154663086,1.58984375,82.625
113867,9776845,CI.TJR.EHZ,1,down,11.42263412475586,1.009765625,19.34375
113903,10871685,PB.B082.EHZ,1,down,156.25469970703125,2.3203125,44.4375
113995,10543013,CI.RSS.HHZ,1,down,6.8941264152526855,2.630859375,13.40625
114176,12475516,CI.WCS.EHZ,0,up,3.7822048664093018,1.3095703125,13.640625
114567,10728205,PB.B084.EHZ,1,down,69.68881225585938,1.0595703125,13.3203125
114701,10167361,CI.DTP.EHZ,0,up,12.550592422485352,1.26953125,49.3125
114727,10827461,CI.DGR.HHZ,0,up,66.4714126586914,1.0703125,30.875
114926,10702981,CI.ERP.EHZ,0,up,2.4036993980407715,1.2197265625,60.84375
115076,9724365,CI.WLH.EHZ,0,up,68.89248657226562,2.880859375,95.5
115509,14897772,CI.HOL.EHZ,1,down,21.174339294433594,1.3203125,48.375
116295,10588813,CI.YUH.EHZ,0,up,7.1310505867004395,2.560546875,82.625
116417,11338610,CI.BHP.HHZ,0,up,11.990760803222656,1.5400390625,3.58984375
116516,10546973,CI.WWC.HHZ,0,up,23.610340118408203,1.759765625,73.125
116755,9723333,CI.BLC.EHZ,0,up,7.476603984832764,0.7998046875,54.125
116900,14157112,CI.TPC.EHZ,0,up,5.776068210601807,1.2998046875,86.9375
117393,10662141,CI.BBR.HHZ,0,up,34.53493118286133,1.4697265625,6.859375
117510,14162172,CI.WNM.EHZ,0,up,2.1564242839813232,0.56982421875,36.1875
117699,11010677,CI.LRL.HHZ,1,down,10.371720314025879,2.779296875,70.25
118067,11342058,NC.MDPB.HHZ,0,up,17.133970260620117,1.2900390625,19.625
118219,10756893,CI.MLAC.HHZ,1,down,27.869140625,1.259765625,2.689453125
118502,11359450,CI.FHO.HHZ,0,up,25.179031372070312,1.419921875,24.875
118549,9132468,CI.RAG.EHZ,0,up,8.089385986328125,1.2998046875,24.484375
118997,10750005,AZ.MONP2.HHZ,0,up,6.330484867095947,1.240234375,52.875
119140,10285553,CI.XTL.EHZ,1,down,17.85350799560547,1.1298828125,21.625
119356,9994773,CI.EML.HHZ,1,down,40.23137664794922,0.7998046875,38.0
119574,14325560,CI.BBR.HHZ,0,up,125.90312194824219,3.939453125,77.375
119708,11086898,PB.B916.EHZ,1,down,18.941341400146484,1.16015625,22.4375
119714,10345297,CI.WSH.EHZ,1,down,85.07530975341797,1.830078125,45.75
119729,10721525,CI.SNO.HHZ,0,up,26.127771377563477,2.380859375,75.8125
119869,9969145,CI.SKY.EHZ,1,down,6.104445934295654,1.1904296875,15.578125
120395,9717137,CI.MWC.HHZ,1,down,19.50920867919922,1.75,38.59375
120504,10925117,PB.B082.EHZ,1,down,5.932116508483887,1.3095703125,70.75
121470,14049048,CI.TAB.EHZ,0,up,14.677739143371582,2.01953125,74.5
121518,9136495,CI.ELS.EHZ,1,down,24.740571975708008,1.509765625,52.4375
121729,10838165,AZ.KNW.HHZ,1,down,5.933870315551758,1.0302734375,49.53125
122125,9935441,AZ.BZN.HHZ,1,down,4.748226165771484,0.919921875,21.828125
122216,14153920,AZ.PFO.HHZ,1,down,10.573019027709961,1.0703125,13.9921875
122744,11283298,CI.DRE.HHZ,0,up,7.696685314178467,2.69921875,40.0
122982,9137419,CI.IR2.EHZ,0,up,4.272869110107422,1.259765625,31.40625
123038,10913517,AZ.BZN.HHZ,1,down,33.68851852416992,1.4501953125,20.140625
123269,11327530,ZY.MGD.EHZ,1,down,4.177553653717041,1.91015625,44.375
123289,10785901,CI.YUH.EHZ,1,down,26.40316390991211,1.8203125,44.875
123317,10378249,CI.DVT.HHZ,1,down,2.314901113510132,1.8798828125,85.8125
123671,10327249,CI.TOR.HHZ,0,up,12.790715217590332,1.75,59.65625
124268,9688121,AZ.FRD.HHZ,0,up,24.736696243286133,0.66015625,17.0625
124749,9805329,CI.ISA.HHZ,1,down,58.915550231933594,1.9697265625,75.125
125147,12472716,CI.COA.EHZ,0,up,4.100451469421387,1.7099609375,64.3125
125195,14218168,AZ.KNW.HHZ,0,up,2.857565402984619,0.66015625,17.15625
125375,13978564,CI.RMM.EHZ,1,down,4.546105861663818,1.08984375,37.5625
125495,10996765,PB.B918.EHZ,0,up,3.4241623878479004,0.18994140625,18.3125
125546,11022253,CI.EML.HHZ,1,down,47.47557830810547,2.0390625,72.5
125794,10605293,ZY.WAGN.EHZ,1,down,15.120223045349121,2.490234375,13.5078125
126671,10296201,CI.SME.EHZ,0,up,13.619743347167969,1.8095703125,48.625
126716,13970876,CI.COK.EHZ,0,up,76.77354431152344,3.5703125,19.796875
126764,9829433,CI.WSH.EHZ,1,down,14.29443645477295,1.3798828125,44.0625
126794,9660429,CI.CLC.HHZ,0,up,9.3867769241333,1.7900390625,35.375
126980,11050949,CI.WWP.EHZ,1,down,9.923474311828613,1.26953125,33.90625
127210,9819089,CI.CHF.HHZ,1,down,22.093265533447266,1.919921875,52.03125
127216,10667325,CI.SRT.EHZ,0,up,1.8975154161453247,1.2197265625,46.15625
127239,14557596,CI.POB.EHZ,1,down,9.958697319030762,1.240234375,51.84375
127323,10773589,AZ.HWB.HHZ,1,down,2.4041545391082764,0.83984375,67.0
127588,14992508,AZ.KNW.HHZ,1,down,12.382027626037598,1.08984375,63.9375
127604,10743485,AZ.BZN.HHZ,0,up,3.596545934677124,0.77978515625,12.109375
127734,15010788,CI.COK.EHZ,1,down,2.576883316040039,1.2197265625,21.1875
127937,14476952,CI.SAL.HHZ,1,down,15.0979642868042,3.279296875,69.875
128255,11089226,CI.JRC2.HHZ,0,up,8.639833450317383,0.35009765625,12.5703125
128506,12559496,CI.CLC.HHZ,0,up,66.64212036132812,1.2802734375,17.59375
128826,11026973,CI.RMR.EHZ,0,up,17.569313049316406,1.2998046875,65.3125
129456,10482021,CI.RIN.HHZ,0,up,25.088729858398438,1.8203125,6.12109375
129605,14024708,CI.DNR.HHZ,1,down,34.133392333984375,1.1796875,15.796875
129651,11086154,PB.B081.EHZ,0,up,3.548225164413452,0.300048828125,7.26953125
129827,10181585,CI.JCS.HHZ,1,down,18.629798889160156,1.4697265625,36.4375
130302,11367394,AZ.SND.HHZ,1,down,14.463751792907715,0.8701171875,21.8125
130580,10980111,CI.WLH.EHZ,0,up,41.68950653076172,1.419921875,41.96875
130703,11374450,CI.RMR.EHZ,1,down,29.008085250854492,1.240234375,29.3125
130717,13969620,AZ.PFO.HHZ,0,up,19.424272537231445,1.51953125,25.265625
130734,13992976,CI.SME.EHZ,1,down,7.618891716003418,1.669921875,25.515625
130788,10001521,CI.GTM.EHZ,0,up,6.929555892944336,1.9296875,40.96875
130815,10866757,PB.B086.EHZ,1,down,38.8982048034668,1.6201171875,42.9375
130879,9162150,CI.RMM.EHZ,0,up,17.222082138061523,1.7900390625,40.875
131231,11057517,CI.LDR.HHZ,0,up,61.17568588256836,1.33984375,5.16015625
132030,14334860,CI.DEV.HHZ,1,down,4.553561210632324,3.30078125,85.3125
132093,11070461,PB.B087.EHZ,0,up,31.45321273803711,1.5498046875,58.6875
132207,11393578,AZ.MONP2.HHZ,0,up,44.948883056640625,1.669921875,15.6171875
133430,10860061,CI.PSD.HHZ,0,up,2.0399205684661865,1.0595703125,22.1875
133639,10327105,CI.BLA.HHZ,0,up,32.81297302246094,1.919921875,44.1875
133814,10721269,CI.CRR.EHZ,1,down,7.554011344909668,1.2099609375,19.78125
133917,10530565,AZ.CRY.HHZ,1,down,17.648773193359375,1.2900390625,71.5625
133941,9724389,CI.TJR.EHZ,0,up,67.07962036132812,2.48046875,35.65625
134199,9690465,CI.WCH.EHZ,1,down,3.159893274307251,0.830078125,40.0625
134431,14277616,CI.DVT.HHZ,1,down,28.25267219543457,1.58984375,6.328125
134491,14214812,CI.BEL.HHZ,1,down,50.825050354003906,1.3798828125,27.40625
134508,9737765,CI.WGR.HHZ,1,down,75.20755767822266,2.380859375,13.6171875
134778,9161547,CI.LUC.EHZ,1,down,19.865394592285156,2.470703125,73.9375
135207,11128178,CI.SBB2.HHZ,1,down,71.23573303222656,1.4599609375,31.59375
135382,9916601,CI.CHF.HHZ,1,down,16.61247444152832,2.7109375,119.0625
135628,13475440,CI.BBR.HHZ,1,down,13.266290664672852,0.9599609375,0.83984375
136203,14212916,CI.JCS.HHZ,0,up,2.636052370071411,1.5302734375,44.625
136565,14407484,CI.LEO.EHZ,1,down,124.43212890625,2.16015625,69.0
136868,9723029,CI.GOR.HHZ,1,down,44.206539154052734,2.80078125,71.0625
137765,10168633,AZ.RDM.HHZ,0,up,3.964357376098633,0.919921875,8.25
138045,14185552,CI.BFS.HHZ,0,up,43.163814544677734,1.3896484375,22.234375
138458,11410474,PB.B093.EHZ,1,down,23.42934799194336,0.419921875,7.6796875
138587,9641469,AZ.CRY.HHZ,1,down,40.498046875,2.099609375,61.46875
138632,13656008,CI.DNR.HHZ,0,up,79.54974365234375,2.419921875,3.169921875
138714,15118465,CI.CGO.HHZ,1,down,24.144826889038086,1.419921875,43.84375
138733,11349610,CI.CRR.EHZ,0,up,9.88563346862793,1.3798828125,26.640625
138751,10726845,AZ.TRO.HHZ,1,down,2.3702311515808105,0.8798828125,19.9375
138881,10747461,CI.JEM.HHZ,1,down,98.15480041503906,2.05078125,38.34375
138934,10247757,AZ.PFO.HHZ,0,up,13.356120109558105,1.08984375,44.4375
139336,11377418,CI.IKP.HHZ,1,down,35.3173713684082,2.529296875,73.875
139441,14282868,AZ.KNW.HHZ,1,down,10.430581092834473,1.0400390625,33.8125
139713,9683209,CI.MPM.HHZ,0,up,10.273223876953125,1.0,35.3125
139756,10547053,CI.GMR.HHZ,1,down,14.314241409301758,1.1796875,57.90625
139872,12887672,CI.CCC.HHZ,0,up,88.73802185058594,3.009765625,67.6875
140608,14618980,CI.SDR.HHZ,1,down,9.853408813476562,2.26953125,113.75
140733,14343172,CI.COK.EHZ,1,down,8.908221244812012,1.830078125,35.75
141324,11416634,CI.TOW.EHZ,0,up,16.526992797851562,1.3603515625,30.765625
141741,10225629,CI.DNR.HHZ,1,down,197.17498779296875,2.0,0.66015625
141879,9135735,CI.DTP.EHZ,0,up,3.2970619201660156,1.2998046875,54.84375
141922,14096332,CI.WGR.HHZ,0,up,25.10891342163086,2.970703125,113.8125
141963,10793293,CI.TPM.EHZ,0,up,12.695039749145508,2.380859375,114.75
142247,14062608,CI.TOW.EHZ,0,up,4.562605381011963,1.0703125,45.0625
142356,10285213,CI.JRC2.HHZ,1,down,18.610376358032227,0.8701171875,15.1015625
142375,11089042,CI.CTC.HHZ,0,up,19.8403377532959,2.0703125,27.515625
142730,11130770,CI.DTP.EHZ,0,up,6.665499687194824,1.3701171875,61.75
142756,12456120,CI.POB.EHZ,0,up,2.026062250137329,1.4296875,35.0625
142888,10494309,CI.BLA2.HHZ,0,up,12.367176055908203,1.330078125,42.3125
142916,9806077,CI.CBK.EHZ,1,down,23.21025276184082,1.5,44.0
143691,12887520,CI.BTL.EHZ,0,up,6.09628963470459,1.5703125,44.1875
144118,10278109,PB.B081.EHZ,1,down,4.693941116333008,0.3701171875,4.109375
144196,11384826,CI.BOR.HHZ,0,up,23.322240829467773,1.5703125,18.5625
144705,10283169,AZ.CRY.HHZ,0,up,295.7238464355469,1.9501953125,13.8125
144850,9719069,AZ.CRY.HHZ,0,up,27.99103355407715,1.7099609375,22.0
145175,14206332,CI.PEM.EHZ,1,down,11.47509765625,1.3798828125,34.3125
145242,10495477,AZ.CRY.HHZ,0,up,6.845953941345215,0.469970703125,18.3125
145402,11584055,CI.WCH.EHZ,1,down,3.5518136024475098,0.66015625,23.203125
146218,11007293,CI.WRC.EHZ,1,down,18.286476135253906,0.7099609375,10.703125
146581,9686545,CI.WNM.EHZ,1,down,5.5208635330200195,1.98046875,23.328125
146742,14997260,CI.MSC.HHZ,1,down,14.161917686462402,1.8203125,89.8125
146776,15135521,AZ.FRD.HHZ,1,down,3.0650126934051514,0.77978515625,23.84375
146814,14296452,CI.BAC.EHZ,1,down,15.832279205322266,1.400390625,25.765625
146904,11120059,CI.WHF.EHZ,1,down,6.599537372589111,1.849609375,54.09375
146927,10230969,CI.YUH.EHZ,0,up,80.19971466064453,1.080078125,13.2578125
147016,9673261,CI.JRC.HHZ,0,up,5.997725963592529,1.599609375,7.48046875
147201,15147505,CI.CRR.EHZ,1,down,10.071311950683594,1.58984375,57.59375
147337,9150976,CI.RMM.EHZ,1,down,27.46776008605957,2.19921875,28.21875
147359,9829709,AZ.SND.HHZ,0,up,4.694046974182129,0.740234375,12.3125
147386,14153132,AZ.CRY.HHZ,0,up,4.60277795791626,0.72998046875,9.0625
147399,9148906,CI.PSP.EHZ,0,up,5.615390777587891,1.8896484375,42.3125
147480,14202176,CI.SME.EHZ,0,up,7.019336223602295,1.490234375,80.6875
147705,14218504,AZ.SND.HHZ,0,up,606.738525390625,3.66015625,47.84375
148379,13687480,AZ.KNW.HHZ,1,down,5.970165729522705,1.0,15.5078125
148696,10480237,AZ.FRD.HHZ,0,up,10.026782989501953,1.509765625,81.9375
148843,14187504,AZ.RDM.HHZ,0,up,1.1916931867599487,0.669921875,37.03125
149253,14418896,CI.CBK.EHZ,1,down,22.232730865478516,2.3203125,92.5
149280,10228145,AZ.MONP.HHZ,0,up,4.292776107788086,0.7900390625,19.25
149515,10890685,CI.JRC2.HHZ,0,up,98.71493530273438,0.97998046875,6.91015625
149802,10601565,ZY.USG.EHZ,0,up,3.5956506729125977,1.1396484375,11.7109375
149945,14240232,CI.MIR.EHZ,1,down,80.98936462402344,2.3203125,19.765625
150165,9706249,CI.SMS.HHZ,1,down,7.675457000732422,1.25,7.96875
150578,9158447,CI.WRC.EHZ,1,down,9.443029403686523,1.0595703125,24.234375
150589,10202341,CI.WHF.EHZ,1,down,108.01187133789062,1.669921875,59.84375
150614,9166551,CI.MIR.EHZ,1,down,9.245094299316406,1.599609375,18.265625
150667,10726773,PB.B081.EHZ,1,down,5.902066230773926,0.669921875,24.015625
150747,9146614,CI.TPM.EHZ,1,down,30.41845703125,2.01953125,42.71875
150788,10321837,CI.CLC.HHZ,0,up,12.226042747497559,1.58984375,84.5
150799,14205020,CI.RMR.EHZ,1,down,4.062344074249268,1.5703125,83.0
151015,10001445,CI.LMR2.HHZ,0,up,8.447733879089355,2.0703125,61.25
151070,14147420,CI.BCC.HHZ,0,up,25.834514617919922,2.740234375,74.0625
151392,10380397,CI.CRN.EHZ,1,down,2.3523356914520264,1.4296875,14.359375
151580,10169657,CI.RMR.EHZ,0,up,58.076171875,1.6298828125,46.5625
151807,14239504,CI.MPM.HHZ,0,up,132.12583923339844,1.599609375,20.1875
151926,14134276,AZ.RDM.HHZ,0,up,3.7554659843444824,1.1396484375,45.28125
151986,10860533,CI.DGR.HHZ,1,down,14.070786476135254,1.2099609375,41.03125
152151,11085194,PG.PB.EHZ,1,down,15.576273918151855,2.83984375,93.5
152236,10356377,CI.WES.HHZ,0,up,2.5906567573547363,1.1396484375,27.171875
152678,9936333,CI.HMT.EHZ,0,up,12.584922790527344,0.52001953125,44.96875
153489,10152650,ZY.PNTO.EHZ,0,up,23.01449203491211,0.93017578125,7.23046875
153505,13912848,CI.JFS.EHZ,0,up,2.0431177616119385,1.919921875,64.125
153556,9677949,CI.WLH.EHZ,0,up,3.66526460647583,0.89013671875,40.875
153883,10923109,CI.CCC.HHZ,1,down,2.287808895111084,1.599609375,83.25
153921,13163428,CI.TPM.EHZ,0,up,10.83769416809082,2.119140625,62.625
154045,9852117,CI.CJV.EHZ,0,up,20.43641471862793,1.0498046875,8.578125
154476,9713413,AZ.SND.HHZ,1,down,13.4725341796875,1.849609375,10.9765625
154627,9677757,CI.SRT.EHZ,0,up,10.26734733581543,1.669921875,40.53125
154798,9644293,AZ.KNW.HHZ,0,up,66.52505493164062,1.5400390625,12.2109375
154930,9147290,CI.BTC.HHZ,0,up,29.009340286254883,2.279296875,37.96875
154973,12458180,CI.ERP.EHZ,0,up,7.908013820648193,1.919921875,60.125
155063,10825453,CI.CCC.HHZ,0,up,1.782606601715088,1.91015625,78.9375
155276,14049276,CI.WMF.EHZ,0,up,2.3982467651367188,0.199951171875,13.5234375
155619,9994681,CI.CBK.EHZ,0,up,19.894489288330078,2.16015625,75.3125
155971,13938228,CI.LUG.HHZ,0,up,5.515584945678711,3.26953125,47.59375
156016,10535597,CI.WMF.EHZ,0,up,11.537361145019531,1.080078125,11.9609375
156491,10078721,CI.HEC.HHZ,0,up,14.608536720275879,1.1796875,24.765625
157152,9161170,CI.HOL.EHZ,0,up,17.0719051361084,1.5,92.125
157704,12295460,CI.DNR.HHZ,1,down,379.1052551269531,2.390625,32.40625
157716,10433217,PB.B084.EHZ,1,down,26.494712829589844,1.3603515625,34.5625
158075,10544269,CI.SBB2.HHZ,0,up,7.213441848754883,1.650390625,95.9375
158202,9142680,CI.SME.EHZ,0,up,13.093655586242676,1.580078125,29.203125
158477,10588989,ZY.OCCM.EHZ,0,up,10.755934715270996,1.5,16.65625
158572,11327082,AZ.LVA2.HHZ,1,down,48.82890319824219,0.97021484375,31.90625
158657,9690889,CI.RAG.EHZ,0,up,5.403890609741211,1.2998046875,19.65625
158735,9942881,CI.GOR.HHZ,1,down,3.189889430999756,1.599609375,91.0
158937,13947720,CI.BEL.HHZ,0,up,30.559370040893555,2.099609375,83.8125
158985,10220829,AZ.WMC.HHZ,0,up,3.6496005058288574,1.1396484375,11.1171875
159635,10273581,AZ.LVA2.HHZ,0,up,17.624282836914062,1.6796875,96.125
159676,10220709,CI.GTM.EHZ,0,up,4.920621871948242,1.4404296875,39.75
160067,10736069,CI.BAC.EHZ,0,up,481.6077575683594,5.4296875,56.78125
160071,10777237,AZ.CRY.HHZ,1,down,23.255298614501953,0.89013671875,32.75
160201,10099853,CI.CHF.HHZ,0,up,197.0410614013672,2.83984375,102.375
160242,11671892,CI.TOW.EHZ,0,up,7.673809051513672,0.7001953125,26.0625
160253,10356977,CI.CLI.EHZ,0,up,9.727005958557129,1.48046875,36.625
160390,11057661,NN.MCA.EHZ,0,up,3.0440659523010254,0.72021484375,84.0
161092,14050068,CI.HOL.EHZ,1,down,10.912945747375488,2.490234375,114.125
161180,10293393,CI.POB.EHZ,1,down,5.685408115386963,1.5302734375,70.8125
161316,13323780,AZ.LVA2.HHZ,1,down,8.382745742797852,1.9501953125,63.03125
162252,10489493,AZ.LVA2.HHZ,1,down,34.43355941772461,1.8603515625,111.75
162266,10001141,AZ.WMC.HHZ,0,up,7.085899829864502,2.01953125,34.28125
162360,10797997,CI.CLC.HHZ,0,up,465.3570861816406,1.2197265625,7.46875
162377,10723389,CI.IBP.HHZ,0,up,19.095518112182617,1.240234375,14.421875
162745,14620620,CI.WES.HHZ,1,down,2.629688262939453,2.16015625,10.84375
162921,13937696,AZ.WMC.HHZ,1,down,369.0690002441406,3.30078125,84.0
162967,10345469,CI.LDR.HHZ,0,up,3.2974085807800293,1.16015625,64.1875
163113,9156008,CI.RAG.EHZ,0,up,26.629220962524414,1.2998046875,12.6484375
163130,11324738,CI.TOR.HHZ,1,down,31.246984481811523,1.1796875,38.5625
163527,10910645,AZ.PFO.HHZ,0,up,2.15820574760437,0.7099609375,15.7890625
163759,10222681,CI.BC3.HHZ,1,down,2.1149134635925293,2.130859375,69.0
163769,9677841,CI.WLH.EHZ,0,up,4.808865070343018,0.97998046875,40.90625
163771,9719713,CI.BLA.HHZ,0,up,2.60489559173584,1.58984375,45.21875
164539,10054173,CI.FRK.EHZ,0,up,12.840435028076172,1.58984375,44.25
164556,11421754,AZ.SND.HHZ,1,down,114.8912582397461,1.5,14.1328125
164860,11060059,CI.WCS.EHZ,0,up,9.7340087890625,1.9404296875,10.7421875
164894,10437561,AZ.KNW.HHZ,1,down,4.247801303863525,0.7900390625,49.15625
165103,10826277,CI.BAL.EHZ,1,down,43.36859893798828,3.73046875,84.5
165266,10760525,CI.FON.EHZ,0,up,1.3220064640045166,1.0498046875,104.8125
165448,14212992,CI.WSH.EHZ,1,down,2.939474582672119,1.1298828125,79.625
165515,15196473,PB.B087.EHZ,1,down,10.712638854980469,1.3798828125,57.625
165538,9673837,CI.TOW.EHZ,0,up,2.1610753536224365,0.89990234375,26.984375
165797,9878085,CI.RMR.EHZ,1,down,46.7528190612793,1.4501953125,30.828125
166069,10044193,CI.GTM.EHZ,0,up,53.75627136230469,1.4501953125,10.3828125
166166,9709657,CI.WVP.EHZ,0,up,20.98248863220215,1.0,9.21875
166784,9628369,CI.WIN.EHZ,1,down,236.9350128173828,3.080078125,69.6875
166864,15119417,NC.MRH.EHZ,1,down,3.803421974182129,1.919921875,104.75
167581,10738493,PB.B087.EHZ,0,up,5.357093334197998,0.75,14.40625
167713,11372490,CI.SNO.HHZ,1,down,15.064020156860352,2.060546875,88.75
168006,10235201,AZ.TRO.HHZ,0,up,16.489898681640625,1.6298828125,3.400390625
168365,10658589,ZY.WAGN.EHZ,0,up,5.223171234130859,1.5498046875,11.9765625
168491,14347304,CI.DRE.HHZ,0,up,3.6241674423217773,2.69921875,44.6875
168886,9994597,CI.WCH.EHZ,1,down,3.1096181869506836,0.7001953125,32.59375
168965,14360204,CI.PMD.HHZ,1,down,7.110040187835693,1.240234375,55.6875
169245,14282892,AZ.BZN.HHZ,1,down,26.883705139160156,2.109375,64.875
169279,9687221,CI.WCH.EHZ,0,up,3.0115740299224854,1.2998046875,24.8125
169375,9655461,CI.WOF.EHZ,0,up,6.733633995056152,1.0498046875,38.1875
169593,9873989,CI.POB.EHZ,0,up,11.329109191894531,1.4404296875,86.5
169887,10614941,ZY.USG.EHZ,1,down,153.35894775390625,2.4609375,14.0
169940,14153904,AZ.KNW.HHZ,1,down,35.91263961791992,1.3095703125,27.5625
170177,10992227,CI.WCS.EHZ,0,up,3.4664182662963867,1.73046875,10.2421875
170474,11208034,CI.WWC.HHZ,1,down,16.0611515045166,1.6396484375,78.75
170596,14219132,AZ.PFO.HHZ,1,down,7.365822792053223,0.60009765625,13.65625
171000,9989205,CI.MLAC.HHZ,0,up,11.574085235595703,1.580078125,8.46875
171062,13986700,CI.GOR.HHZ,0,up,3.2820188999176025,1.91015625,65.75
171398,9743457,CI.WCS.EHZ,0,up,8.756073951721191,1.7001953125,11.8203125
171416,11369330,PB.B082.EHZ,0,up,9.805206298828125,0.6298828125,16.53125
171511,13930904,CI.THC.EHZ,1,down,3.8411874771118164,1.5302734375,48.125
171601,10285809,CI.DNR.HHZ,0,up,38.98722457885742,2.05078125,14.2109375
171695,13986008,CI.WMF.EHZ,1,down,1.7511794567108154,1.150390625,24.71875
171860,10295177,CI.SNR.EHZ,0,up,2.1417527198791504,1.3798828125,31.515625
171968,14599580,AZ.RDM.HHZ,1,down,7.082554340362549,1.669921875,36.3125
172014,14087916,CI.BAC.EHZ,1,down,10.259079933166504,1.5400390625,79.25
172173,11286274,PB.B916.EHZ,0,up,23.000734329223633,0.9501953125,18.8125
172235,10722293,CI.JEM.HHZ,1,down,6.75792121887207,0.64990234375,36.03125
172333,9145381,CI.BAC.EHZ,1,down,69.16217803955078,2.259765625,31.984375
172370,14149336,CI.TPM.EHZ,0,up,3.347226619720459,1.0,35.71875
172398,14183992,CI.POB.EHZ,0,up,36.92219161987305,1.1796875,35.71875
172872,14181672,CI.LRR.EHZ,0,up,61.79572677612305,2.0390625,65.875
173009,14408748,CI.SIL.EHZ,1,down,8.332623481750488,1.2197265625,62.90625
173057,11205426,PB.B082.EHZ,0,up,9.316137313842773,0.360107421875,12.5703125
173245,14150888,CI.MIR.EHZ,0,up,109.4742660522461,3.0703125,42.03125
174014,12458540,CI.WHF.EHZ,0,up,7.401069164276123,1.419921875,62.3125
174077,10055189,AZ.TRO.HHZ,0,up,3.4729275703430176,0.81005859375,28.859375
174180,11391082,PB.B082.EHZ,0,up,12.463318824768066,0.31005859375,7.48046875
174391,14165432,CI.JNH.EHZ,0,up,88.56353759765625,2.439453125,96.5625
174666,9871673,CI.BLA.HHZ,0,up,15.427536964416504,1.5703125,11.75
174827,10025001,CI.BFS.HHZ,1,down,2.192321538925171,1.400390625,26.375
175021,9629973,CI.TOW.EHZ,0,up,4.668117046356201,1.2001953125,9.1484375
175673,10373277,CI.SIL.EHZ,0,up,23.904563903808594,1.75,46.75
176202,14962708,AZ.MONP2.HHZ,1,down,17.103464126586914,0.9599609375,24.484375
176456,9172967,CI.CLC.HHZ,0,up,56.211936950683594,2.5390625,53.59375
177000,14403784,CI.DVT.HHZ,1,down,4.82256555557251,1.169921875,22.15625
177027,14210000,AZ.YAQ.HHZ,0,up,3.1009654998779297,1.4296875,80.0625
178346,14333484,CI.CRR.EHZ,1,down,142.06658935546875,2.2890625,31.1875
178448,10727397,AZ.SND.HHZ,1,down,17.908248901367188,1.400390625,76.4375
178623,10433353,CI.HEC.HHZ,1,down,22.014984130859375,1.4404296875,11.7734375
179339,9881021,CI.AGA.HHZ,0,up,5.686149597167969,1.25,55.1875
179514,9744033,CI.EMS.EHZ,1,down,18.604677200317383,2.4296875,35.21875
179565,9707377,CI.ARG.EHZ,0,up,8.886486053466797,1.76953125,32.0625
180021,10347077,AZ.HWB.HHZ,1,down,5.759791851043701,1.740234375,67.125
180052,10183689,CI.PLM.HHZ,0,up,18.56267547607422,1.23046875,35.28125
180333,14379536,CI.RMM.EHZ,1,down,44.168766021728516,1.48046875,35.3125
180564,9888769,CI.WRC.EHZ,0,up,38.62495803833008,0.5,9.2109375
180780,10256393,CI.EML.HHZ,0,up,11.03157901763916,1.33984375,65.0
180964,9943433,CI.CAP.HHZ,1,down,50.48347854614258,1.5703125,28.484375
180981,14380768,CI.TFT.HHZ,1,down,3.224592447280884,0.8701171875,11.6484375
181021,9645213,CI.WOF.EHZ,0,up,80.62767791748047,2.830078125,60.03125
181139,9698893,CI.VPD.EHZ,1,down,46.990928649902344,1.6298828125,2.5
181263,10060397,CI.CRR.EHZ,0,up,32.515350341796875,1.9404296875,66.4375
181467,10397793,AZ.PFO.HHZ,0,up,25.1242733001709,1.349609375,61.59375
181480,11088538,PB.B087.EHZ,1,down,24.632726669311523,1.3701171875,57.40625
182126,10484805,NP.5442.HLZ,1,down,59.006324768066406,2.189453125,12.21875
182342,14183840,AZ.KNW.HHZ,0,up,73.54645538330078,1.240234375,20.359375
182699,9163353,CI.CDY.EHZ,0,up,19.198301315307617,1.740234375,16.15625
182776,14941636,CI.SBB2.HHZ,1,down,51.98935317993164,2.240234375,106.8125
183246,10496805,CI.MCT.HHZ,0,up,4.504829406738281,2.0,94.5
183941,9161461,CI.RAY.EHZ,1,down,28.703189849853516,2.80078125,86.1875
184443,14560404,AZ.KNW.HHZ,1,down,4.222945213317871,0.91015625,15.2890625
184664,14087212,CI.CAP.HHZ,0,up,8.31318187713623,1.259765625,28.234375
185463,9687649,CI.WSH.EHZ,0,up,31.84764862060547,2.150390625,59.3125
186311,14207948,CI.JCS.HHZ,1,down,3.5995326042175293,0.830078125,47.75
187007,15194505,CI.CLC.HHZ,1,down,152.3580780029297,0.9599609375,21.046875
187157,10747117,CI.GLA.HHZ,1,down,3.7160754203796387,1.7802734375,100.8125
187219,11414626,PB.B916.EHZ,0,up,3.1534626483917236,0.09002685546875,23.28125
187490,13992516,AZ.LVA2.HHZ,0,up,52.31013870239258,1.33984375,20.296875
188154,14509292,AZ.RDM.HHZ,1,down,3.0170252323150635,0.5,24.421875
188300,9689829,CI.WWP.EHZ,1,down,71.88501739501953,2.3203125,38.0625
188844,9148264,CI.RAG.EHZ,1,down,11.715892791748047,1.2001953125,26.484375
189194,12472524,CI.HMT.EHZ,0,up,5.265668869018555,1.0302734375,16.1875
190182,10541565,AZ.KNW.HHZ,1,down,12.749711990356445,0.43994140625,6.1796875
190378,10283601,CI.WBS.HHZ,1,down,43.33909606933594,2.880859375,70.5
190483,11065589,PB.B086.EHZ,0,up,3.518110513687134,0.3798828125,25.15625
190559,9665421,CI.TA2.HHZ,1,down,24.076047897338867,2.490234375,85.75
191014,11417178,CI.TPC.EHZ,0,up,16.689573287963867,0.9599609375,33.375
191108,9775389,CI.WNM.EHZ,0,up,4.954919815063477,0.89990234375,44.28125
191225,14956444,AZ.FRD.HHZ,1,down,10.450310707092285,1.5302734375,52.96875
191517,14406360,CI.ALV.EHZ,1,down,44.37088394165039,2.509765625,119.0
191831,9746445,CI.EML.HHZ,0,up,30.17967414855957,1.490234375,36.46875
192079,10379345,AZ.FRD.HHZ,1,down,7.752955913543701,0.77001953125,33.125
192098,14899436,CI.FRK.EHZ,1,down,78.41151428222656,2.9296875,42.84375
192973,14443512,CI.PDU.HHZ,1,down,19.55752182006836,2.6796875,20.046875
192988,10221469,CI.SWS.HHZ,1,down,9.077116012573242,1.2001953125,38.71875
193357,13992060,CI.PEM.EHZ,1,down,7.840042591094971,1.98046875,91.875
193717,14217328,CI.LDF.HHZ,0,up,2.3763957023620605,2.029296875,114.0
193820,14344552,PB.B082.EHZ,1,down,12.901333808898926,1.0302734375,19.296875
194067,10728557,AZ.CRY.HHZ,1,down,9.965974807739258,0.31005859375,10.40625
194798,14148836,CI.RMR.EHZ,0,up,12.75475788116455,1.740234375,75.8125
195004,14186184,CI.POB.EHZ,1,down,51.040626525878906,2.009765625,42.375
195011,10547357,PB.B086.EHZ,1,down,19.21590232849121,0.77978515625,8.34375
195925,14172924,CI.BTL.EHZ,1,down,55.462059020996094,2.060546875,35.125
196275,10099033,CI.BEL.HHZ,0,up,246.25534057617188,3.1796875,98.4375
196310,14209880,CI.TFT.HHZ,0,up,5.767235279083252,2.390625,75.5
196372,9800653,CI.OAK.EHZ,0,up,23.71257209777832,0.60009765625,4.421875
197489,10403369,CI.PMD.HHZ,1,down,11.187829971313477,0.56005859375,27.625
198038,11126658,EN.HAT.EHZ,0,up,21.729398727416992,2.880859375,15.8984375
198300,14985092,AZ.PFO.HHZ,1,down,1.4425550699234009,0.31005859375,27.828125
198466,9154133,CI.SGL.EHZ,0,up,7.587357521057129,2.0,32.375
198663,9133177,CI.DEV.HHZ,0,up,7.148769855499268,2.900390625,87.75
198667,14435760,CI.BAT.EHZ,1,down,4.9827446937561035,1.83984375,21.265625
198677,9627229,CI.DEV.HHZ,0,up,5.127543926239014,1.9296875,9.640625
198733,9167333,CI.WBM.EHZ,0,up,10.249781608581543,1.4599609375,42.34375
198798,14137812,AZ.CRY.HHZ,1,down,720.0079345703125,2.0703125,14.1796875
199158,14079708,CI.COA.EHZ,0,up,10.555461883544922,2.08984375,61.03125
199207,9909197,CI.TPC.EHZ,1,down,10.014379501342773,2.25,119.125
199435,9776753,CI.OAT.EHZ,0,up,19.514799118041992,1.23046875,5.66015625
199492,13623436,AZ.CRY.HHZ,1,down,33.38127517700195,0.85009765625,8.671875
200080,10530437,AZ.FRD.HHZ,0,up,11.229328155517578,0.330078125,15.96875
200093,14087724,CI.YUH.EHZ,0,up,40.51957702636719,1.7900390625,46.75
200462,14249308,CI.WCH.EHZ,0,up,4.255382061004639,0.93994140625,31.71875
200476,9687933,CI.WNM.EHZ,1,down,5.533580780029297,1.099609375,20.171875
200680,9172324,CI.ALV.EHZ,0,up,18.58841323852539,1.5595703125,30.4375
201047,10723765,AZ.SND.HHZ,1,down,130.67628479003906,2.349609375,34.15625
201341,10669917,CI.SLR.HHZ,0,up,2.0170798301696777,0.93017578125,36.96875
201488,7197258,CI.EW2.EHZ,1,down,35.48905563354492,2.740234375,82.5
202263,9830093,CI.SIL.EHZ,0,up,21.08232307434082,2.400390625,61.75
202767,11407874,EN.YOU.EHZ,0,up,2.983381509780884,1.0595703125,11.5625
203092,9816273,CI.PTD.EHZ,0,up,4.396580696105957,2.009765625,45.90625
203675,10313153,ZY.SHF7.HHZ,1,down,85.9451675415039,3.029296875,73.4375
204052,14775820,CI.SWS.HHZ,1,down,10.61159610748291,2.05078125,35.625
204108,10933373,CI.DNR.HHZ,0,up,12.198230743408203,0.31005859375,6.1015625
204166,10182073,CI.PSR.HHZ,1,down,20.80722999572754,1.8701171875,33.53125
204397,14872620,CI.TOW.EHZ,1,down,11.574488639831543,1.400390625,33.09375
204725,9135943,CI.OLY.EHZ,0,up,3.874863862991333,1.4501953125,42.03125
205139,9139805,CI.SBB.EHZ,0,up,18.173158645629883,1.7197265625,105.5625
205201,9966205,CI.CTW.EHZ,1,down,12.791977882385254,2.109375,49.9375
205464,9137474,CI.CDY.EHZ,0,up,15.71375560760498,1.5,16.5625
205678,11127378,AZ.BZN.HHZ,0,up,26.87210464477539,0.93994140625,26.953125
206043,11387050,AZ.MONP2.HHZ,0,up,15.006736755371094,1.1796875,2.01953125
206428,14599204,AZ.RDM.HHZ,1,down,88.96730041503906,2.140625,13.296875
206447,14596908,AZ.WMC.HHZ,1,down,9.228621482849121,2.369140625,61.625
206509,14188404,AZ.RDM.HHZ,0,up,12.240057945251465,1.3603515625,37.25
206832,9673849,CI.WSH.EHZ,1,down,4.65556526184082,1.919921875,60.0625
207480,10737413,AZ.MONP2.HHZ,1,down,66.71625518798828,2.7109375,55.0
207817,10904269,CI.RXH.HHZ,0,up,3.545977830886841,0.7001953125,1.1396484375
207871,11048381,CI.TPM.EHZ,0,up,10.870805740356445,2.150390625,85.625
207929,14352756,CI.TOW.EHZ,1,down,129.99716186523438,2.98046875,16.375
207997,9171653,CI.OAK.EHZ,0,up,79.29202270507812,3.099609375,22.609375
208255,10250341,CI.SRT.EHZ,0,up,3.023048162460327,1.2900390625,32.34375
208431,9948237,CI.ERP.EHZ,0,up,5.622561454772949,1.5400390625,22.390625
208513,10636133,ZY.SHCM.EHZ,1,down,67.42999267578125,1.1103515625,2.810546875
208798,14161500,CI.JRC2.HHZ,0,up,3.1384048461914062,0.9599609375,29.40625
208895,14376296,PB.B086.EHZ,1,down,14.326311111450195,1.66015625,93.375
209138,13965996,CI.RMR.EHZ,0,up,23.12995719909668,1.98046875,40.78125
209281,10185749,CI.EMS.EHZ,1,down,3.312026023864746,1.4296875,52.3125
209682,9851889,CI.WBM.EHZ,1,down,5.757709503173828,1.3896484375,24.03125
209952,14333544,CI.TOR.HHZ,0,up,3.50557541847229,0.8798828125,52.5
210004,14979884,CI.YUH.EHZ,1,down,183.7264404296875,2.890625,65.875
210256,10100001,AZ.SND.HHZ,1,down,12.355676651000977,0.66015625,8.84375
210330,14613012,EN.YOU.EHZ,1,down,2.05682373046875,2.41015625,51.4375
210387,10294941,PB.B084.EHZ,1,down,149.86585998535156,1.919921875,60.375
210423,9672409,CI.WLH.EHZ,0,up,9.040375709533691,1.3896484375,41.0625
211280,10586781,CI.CRR.EHZ,1,down,5.108823299407959,1.400390625,21.703125
211390,11208530,BC.SFX.HHZ,0,up,1.3112361431121826,2.6796875,72.875
211544,11273594,AZ.CRY.HHZ,0,up,31.385805130004883,1.16015625,28.859375
211621,11369666,PB.B087.EHZ,0,up,37.3875617980957,1.009765625,12.328125
212058,10184633,CI.SAL.HHZ,1,down,2.250636100769043,1.0703125,23.375
212146,11582608,CI.WSH.EHZ,0,up,98.92122650146484,1.8701171875,30.796875
212166,14117888,CI.WWP.EHZ,0,up,6.939807891845703,1.830078125,71.5625
212357,10319481,AZ.CRY.HHZ,0,up,6.819540023803711,1.1103515625,39.5
212657,10208185,CI.PER.HHZ,0,up,4.280324459075928,1.5595703125,28.375
212869,13687920,CI.WOF.EHZ,1,down,20.18071174621582,1.4599609375,29.109375
212997,9907325,CI.SGL.EHZ,1,down,3.962658643722534,2.220703125,59.625
213172,13942116,AZ.BZN.HHZ,1,down,19.562734603881836,1.7197265625,91.6875
213312,14513236,AZ.TRO.HHZ,1,down,13.634751319885254,0.68017578125,5.23046875
213326,9648057,CI.WWP.EHZ,1,down,13.797232627868652,1.9404296875,36.6875
213486,14209080,CI.HDB.EHZ,0,up,29.510507583618164,2.3203125,31.09375
213638,9934765,AZ.BZN.HHZ,0,up,3.4869518280029297,1.5498046875,39.1875
214831,11070541,CI.JVA.HHZ,1,down,106.63335418701172,1.3095703125,14.546875
215766,9990853,CI.HMT.EHZ,1,down,4.008223533630371,0.72021484375,5.609375
216097,9647033,CI.JRC.HHZ,0,up,9.359797477722168,1.900390625,8.8125
216139,15181225,CI.JEM.HHZ,1,down,1.8233686685562134,0.5498046875,62.84375
216392,14002108,CI.SGL.EHZ,1,down,14.957250595092773,1.2802734375,15.8125
216510,14941444,AZ.WMC.HHZ,1,down,7.523087024688721,1.7001953125,85.125
217024,15012452,CI.PLM.HHZ,1,down,26.070966720581055,0.83984375,12.4375
217254,10068077,CI.LAF.HHZ,1,down,4.840462684631348,2.140625,10.65625
217434,14404460,AZ.SND.HHZ,1,down,17.879783630371094,0.759765625,9.78125
217438,10833181,CI.IBP.HHZ,0,up,10.7962007522583,1.650390625,78.25
218011,12457508,CI.YMD.EHZ,0,up,12.223015785217285,3.140625,79.9375
218192,9827941,CI.SMF.EHZ,0,up,5.915208339691162,1.7197265625,5.1484375
218222,14208908,CI.WVP.EHZ,1,down,6.947794437408447,1.650390625,32.46875
218656,10346525,AZ.RDM.HHZ,0,up,2.7621757984161377,0.9599609375,46.75
219054,10151201,CI.TPO.EHZ,1,down,8.569540023803711,1.5,54.3125
219086,14253116,CI.CLC.HHZ,0,up,32.394195556640625,1.650390625,43.875
219292,9161596,CI.SBK.EHZ,0,up,164.44728088378906,2.150390625,9.546875
219515,10532381,PB.B093.EHZ,0,up,8.37242603302002,1.0400390625,27.015625
219760,9795709,CI.RUN.EHZ,1,down,5.258167266845703,1.7900390625,81.125
220041,14171324,CI.JRC2.HHZ,1,down,4.91618013381958,1.1103515625,29.578125
220375,11319250,CI.DEV.HHZ,0,up,3.5748980045318604,1.849609375,13.6875
220394,11279626,PB.B087.EHZ,0,up,17.685659408569336,0.7099609375,25.03125
220438,10354617,CI.BAC.EHZ,0,up,37.023563385009766,1.0595703125,28.09375
220448,9935149,CI.LDR.HHZ,0,up,6.47873592376709,1.240234375,42.03125
220749,10908029,AZ.KNW.HHZ,1,down,2.716242551803589,0.3701171875,6.37890625
221317,10546797,CI.PMD.HHZ,1,down,9.537676811218262,1.3095703125,84.9375
221511,9136401,CI.GTM.EHZ,0,up,2.954648971557617,2.6796875,113.875
222089,9881373,CI.EMS.EHZ,1,down,65.5077133178711,3.439453125,52.78125
222261,9800293,CI.WNM.EHZ,1,down,6.363340377807617,0.93017578125,27.234375
222353,10358461,PB.B086.EHZ,0,up,48.975772857666016,2.26953125,79.375
222367,10259841,CI.PMD.HHZ,0,up,11.286199569702148,0.81982421875,30.6875
222668,11672808,CI.WCS.EHZ,0,up,15.497823715209961,1.2998046875,9.796875
222893,10276933,CI.GAV.EHZ,0,up,47.482749938964844,2.900390625,31.46875
222901,14374760,CI.TEH.HHZ,1,down,108.3744125366211,1.33984375,17.53125
224651,9996933,CI.JVA.HHZ,0,up,3.988861560821533,1.599609375,42.625
224779,11372114,CI.PMD.HHZ,0,up,22.495946884155273,0.58984375,18.046875
225325,9167183,CI.JCS.HHZ,0,up,19.090299606323242,1.849609375,18.125
225910,14343612,CI.HDB.EHZ,0,up,12.79703426361084,1.490234375,35.90625
226599,10167245,CI.SLR.HHZ,0,up,4.74176025390625,1.0498046875,28.3125
226894,9991329,CI.AGA.HHZ,1,down,1.4546375274658203,2.890625,89.9375
227039,10314141,AZ.CRY.HHZ,0,up,9.58859920501709,1.740234375,54.78125
227354,11391842,PB.B086.EHZ,1,down,9.066771507263184,0.31005859375,8.2109375
227389,10169157,AZ.PFO.HHZ,0,up,46.06680679321289,2.080078125,34.5
227394,10740653,CI.SLR.HHZ,0,up,13.006080627441406,1.75,64.4375
227671,9140143,CI.CFT.EHZ,0,up,5.525753021240234,1.5,15.71875
228738,14509972,AZ.PFO.HHZ,1,down,5.652778148651123,1.25,79.125
229497,10352989,AZ.BZN.HHZ,1,down,3.3211100101470947,0.360107421875,18.40625
229578,14078340,CI.EL2.EHZ,0,up,14.52846908569336,2.66015625,85.875
229928,10285585,CI.SWS.HHZ,1,down,1.9747612476348877,2.130859375,60.96875
230151,11023237,CI.BOM.HHZ,0,up,3.629962921142578,1.6298828125,43.4375
230464,10772997,CI.DGR.HHZ,0,up,20.84552001953125,0.990234375,63.75
230500,9967469,CI.SPG.HHZ,1,down,10.095398902893066,1.400390625,86.4375
230602,9707377,CI.WWP.EHZ,1,down,7.061172962188721,1.76953125,48.5
230710,9721481,CI.WHV.EHZ,0,up,47.07587814331055,1.3896484375,17.0625
230856,11372274,PB.B084.EHZ,0,up,5.245081424713135,0.7099609375,29.15625
230922,15195329,AZ.RDM.HHZ,1,down,7.820154666900635,1.1796875,44.0625
230932,10440401,PB.B084.EHZ,1,down,7.240338325500488,0.280029296875,16.59375
231092,9166206,CI.WVP.EHZ,0,up,19.69806480407715,1.2001953125,12.7578125
231683,9658005,CI.BAC.EHZ,0,up,2.984100103378296,1.3095703125,17.921875
231868,10346313,AZ.TRO.HHZ,0,up,6.836378574371338,0.97021484375,34.84375
231887,14344032,CI.EL2.EHZ,0,up,9.377155303955078,2.259765625,61.3125
232177,15086540,CI.HYS.EHZ,1,down,9.501367568969727,1.8701171875,110.25
232562,9734805,CI.WNM.EHZ,1,down,12.439048767089844,1.0595703125,20.8125
233003,13978504,CI.ALV.EHZ,0,up,5.186863899230957,1.6796875,43.5
233364,14200752,AZ.WMC.HHZ,0,up,79.61785888671875,1.6103515625,23.59375
233577,9689661,CI.DEC.HHZ,1,down,4.171567916870117,1.5498046875,17.375
233629,9966213,CI.BAC.EHZ,0,up,10.415903091430664,1.0,12.109375
233664,9795321,AZ.BZN.HHZ,0,up,16.340394973754883,1.66015625,8.2265625
233710,10372725,AZ.LVA2.HHZ,1,down,18.10658073425293,1.8095703125,88.9375
233785,11026005,AZ.CRY.HHZ,0,up,24.00564193725586,0.6298828125,12.359375
233992,10656653,ZY.OCCM.EHZ,1,down,6.25235652923584,1.2001953125,21.375
234256,11408506,PB.B916.EHZ,0,up,4.241369724273682,0.58984375,36.3125
234327,14519756,CI.WAS.EHZ,1,down,74.49714660644531,4.73828125,95.5
234948,14436888,CI.SIL.EHZ,1,down,3.6707839965820312,1.0498046875,32.15625
234967,11088186,CI.PMD.HHZ,1,down,20.285106658935547,1.4599609375,43.375
235284,9734029,CI.WRV.EHZ,0,up,29.705318450927734,0.81005859375,2.23046875
235671,10770373,CI.BLK.EHZ,0,up,2.7820026874542236,1.3203125,98.75
235701,14177696,CI.TEH.HHZ,0,up,4.990018367767334,1.26953125,57.8125
235994,10762357,CI.RMR.EHZ,1,down,49.08488082885742,1.6904296875,47.15625
236269,14185984,AZ.SND.HHZ,1,down,7.712062358856201,1.7900390625,107.875
236741,10215997,CI.CBK.EHZ,1,down,184.73214721679688,2.73046875,28.78125
237139,10739221,CI.TOR.HHZ,1,down,23.775915145874023,0.9501953125,27.265625
237162,9670989,CI.BBR.HHZ,0,up,33.65800857543945,2.330078125,46.25
237184,9828129,CI.WRV.EHZ,0,up,11.573893547058105,0.260009765625,4.51171875
237246,14000432,CI.STC.HHZ,0,up,9.284364700317383,2.58984375,40.9375
237292,14086616,CI.HOL.EHZ,0,up,18.612178802490234,1.9404296875,100.5625
237642,11384714,AZ.BZN.HHZ,0,up,9.713347434997559,1.0595703125,30.828125
237697,11373938,CI.CBK.EHZ,0,up,90.06876373291016,2.900390625,36.28125
238094,10356829,CI.CBK.EHZ,0,up,7.038547992706299,1.830078125,35.28125
238235,9982369,CI.WRV.EHZ,0,up,9.902803421020508,0.199951171875,11.96875
238519,14168576,CI.BLA.HHZ,0,up,6.6137776374816895,1.4296875,34.28125
238646,11088002,PB.B093.EHZ,0,up,381.8583068847656,1.7197265625,11.3671875
239875,10862253,AZ.WMC.HHZ,0,up,28.491790771484375,0.91015625,12.703125
241025,13939552,CI.BTL.EHZ,0,up,18.44511604309082,0.89990234375,15.84375
241057,9711613,CI.JUL.EHZ,1,down,109.88825225830078,1.5,43.875
241192,9645649,CI.WCH.EHZ,0,up,21.025007247924805,2.189453125,25.578125
241253,10294049,PB.B086.EHZ,1,down,46.75462341308594,1.1201171875,7.0703125
241901,9613933,CI.WOF.EHZ,1,down,19.047157287597656,2.08984375,82.4375
242177,14057476,CI.WNM.EHZ,0,up,4.050477981567383,1.0400390625,47.28125
242207,10793349,AZ.TRO.HHZ,1,down,3.871922254562378,0.9599609375,2.9609375
242404,9856377,CI.CBK.EHZ,1,down,14.28213119506836,1.4296875,20.875
242521,10037293,CI.WVP.EHZ,0,up,11.05574893951416,1.0498046875,58.40625
242539,14205436,CI.BLK.EHZ,1,down,2.896710157394409,2.119140625,78.75
242595,10287349,CI.HOL.EHZ,0,up,10.821097373962402,1.2900390625,21.671875
243157,10069813,CI.BEL.HHZ,0,up,19.87445068359375,2.029296875,57.84375
243201,11078050,WR.PEC.EHZ,0,up,35.51632308959961,1.5,31.703125
243422,10294461,CI.RMR.EHZ,1,down,8.476921081542969,1.7001953125,61.4375
243811,9702981,CI.WMF.EHZ,1,down,37.91424560546875,1.41015625,11.828125
243892,9997177,CI.LRR.EHZ,1,down,4.752639293670654,1.7001953125,72.5625
243948,10541461,CI.SLR.HHZ,0,up,8.741347312927246,1.8701171875,62.4375
244069,9813901,CI.TEH.HHZ,1,down,73.99107360839844,1.7900390625,54.125
244513,10146413,CI.WLT.HHZ,1,down,2.2682292461395264,2.7890625,107.625
244832,9164602,CI.WRV.EHZ,0,up,85.4483642578125,1.2998046875,9.1171875
244876,9695157,CI.SRT.EHZ,1,down,3.0250282287597656,1.2001953125,28.1875
244897,11209578,CI.JEM.HHZ,1,down,11.17520809173584,0.9501953125,37.5
244967,9622909,CI.EW2.EHZ,0,up,6.82999849319458,1.2001953125,38.96875
245129,11131698,CI.CTW.EHZ,0,up,137.69732666015625,3.359375,51.84375
245173,9923837,CI.CHF.HHZ,1,down,288.3131103515625,2.560546875,21.265625
245559,10280509,CI.COK.EHZ,1,down,2.0496933460235596,1.849609375,39.3125
245842,14215668,CI.MCT.HHZ,0,up,9.886139869689941,1.2001953125,49.71875
246740,10487053,PB.B086.EHZ,1,down,15.02639389038086,1.2001953125,38.3125
246891,14161688,CI.DNR.HHZ,0,up,12.03201961517334,0.97998046875,15.671875
247005,13970208,CI.SS2.EHZ,0,up,4.410178184509277,1.400390625,22.0625
247011,13693100,CI.WCS.EHZ,0,up,2.4112493991851807,1.2802734375,26.796875
247311,13015428,CI.COK.EHZ,1,down,2.352604866027832,1.4599609375,21.796875
247411,9140141,CI.SME.EHZ,1,down,15.328018188476562,1.3095703125,27.453125
247982,11413762,CI.WVP.EHZ,0,up,5.086958408355713,0.740234375,8.71875
247999,10398753,AZ.CRY.HHZ,0,up,6.7153544425964355,0.52978515625,18.484375
248271,10900709,CI.DNR.HHZ,0,up,4.896400451660156,0.60009765625,22.125
248668,14598260,AZ.CRY.HHZ,1,down,38.624027252197266,1.9697265625,73.0
248818,11125418,CI.DGR.HHZ,1,down,9.858041763305664,0.7099609375,50.0625
249010,10799581,CI.PMD.HHZ,0,up,9.579176902770996,0.6298828125,20.578125
249270,9155533,CI.RAG.EHZ,0,up,166.3860626220703,3.66015625,17.5625
249462,10057441,CI.BBR.HHZ,0,up,4.816783428192139,0.89990234375,10.1796875
249469,14993612,EN.RED.EHZ,1,down,5.872498035430908,0.5,2.5390625
249489,13914104,CI.WRV.EHZ,0,up,8.695125579833984,0.669921875,11.828125
250457,10407393,CI.SPF.HHZ,1,down,6.410506248474121,1.83984375,101.5
250924,12457556,CI.COK.EHZ,0,up,2.5695226192474365,2.0,72.8125
251041,10776733,CI.JRC2.HHZ,0,up,54.848411560058594,0.830078125,6.26953125
251102,15119505,CI.IDO.HHZ,1,down,5.262262344360352,1.5498046875,21.84375
251118,11131258,CI.EL2.EHZ,1,down,2.696263074874878,0.58984375,17.515625
251122,14386400,CI.SRN.HHZ,1,down,3.4545958042144775,1.3798828125,13.140625
251128,10795901,CI.FHO.HHZ,0,up,23.091745376586914,1.41015625,29.3125
251189,11382722,CI.BTL.EHZ,0,up,10.53235149383545,0.93017578125,33.40625
251542,13657192,CI.PNM.EHZ,1,down,2.994514226913452,1.6904296875,99.0
251757,10988157,CI.PLM.HHZ,1,down,20.172060012817383,0.919921875,15.6796875
252141,10774581,PB.B082.EHZ,1,down,18.93853759765625,0.66015625,14.921875
252160,13909304,CI.DTP.EHZ,1,down,7.230623722076416,1.5302734375,68.4375
253370,10008621,CI.ERP.EHZ,1,down,3.4226901531219482,0.9501953125,15.2265625
253563,14729644,CI.PER.HHZ,1,down,15.066038131713867,1.7197265625,16.75
253771,9876977,CI.DJJ.HHZ,1,down,64.60259246826172,1.740234375,17.984375
253932,9173708,CI.WRC.EHZ,1,down,28.7445011138916,0.89990234375,11.6015625
254550,9653641,CI.WJP.EHZ,1,down,3.1156551837921143,1.849609375,58.71875
254651,10369065,EN.ENG.EHZ,0,up,28.04849624633789,1.150390625,6.23046875
254677,14122092,CI.COA.EHZ,0,up,74.78192901611328,2.439453125,31.046875
255250,10005465,CI.WWP.EHZ,1,down,3.1715636253356934,0.5498046875,45.15625
255493,9988733,CI.JRC2.HHZ,1,down,5.565968990325928,0.5,11.921875
255505,14896732,CI.SLR.HHZ,1,down,5.841084957122803,0.68994140625,17.375
255506,10348837,CI.SPG2.HHZ,0,up,567.9705810546875,2.810546875,76.5625
255809,9800333,CI.WOR.EHZ,0,up,3.0918941497802734,0.64013671875,54.25
256336,10836749,CI.ERR.HHZ,0,up,5.623677730560303,1.8896484375,44.65625
256481,9163702,CI.WAS.EHZ,1,down,37.800010681152344,3.689453125,70.3125
256625,10614069,ZY.PNTO.EHZ,1,down,27.41666603088379,1.7802734375,60.125
256708,14287516,AZ.BZN.HHZ,0,up,89.701416015625,1.2099609375,8.3671875
257477,11131426,CI.WHF.EHZ,0,up,2.2671079635620117,1.73046875,6.51953125
257955,14608204,CI.ERR.HHZ,1,down,14.582763671875,3.359375,48.6875
258424,10353365,AZ.CPE.HHZ,0,up,68.01842498779297,3.33984375,111.875
258584,10490461,CI.DPP.HHZ,0,up,14.625299453735352,1.6796875,56.3125
258791,14000436,AZ.CRY.HHZ,0,up,28.14893913269043,2.69921875,112.0
259213,13978704,AZ.RDM.HHZ,0,up,2.537419080734253,0.72998046875,11.4375
259242,14155752,AZ.SND.HHZ,1,down,23.256107330322266,0.9501953125,10.4765625
259540,14257632,CI.HMT.EHZ,1,down,12.315401077270508,1.0595703125,28.734375
259549,9653677,CI.WRV.EHZ,1,down,10.533498764038086,1.9501953125,26.765625
259889,11243938,CI.MSC.HHZ,0,up,46.46134567260742,1.1103515625,27.984375
259967,9659225,CI.WOR.EHZ,1,down,8.591108322143555,1.58984375,32.71875
260473,9707473,CI.HMT.EHZ,1,down,48.70486068725586,2.30078125,68.25
260986,10137442,CI.PLM.HHZ,1,down,214.5672607421875,2.279296875,38.75
261010,14159680,CI.HDB.EHZ,1,down,9.932267189025879,0.89990234375,26.546875
261464,10228561,CI.YUH.EHZ,1,down,29.324716567993164,2.5,102.75
261881,9136363,CI.TOW.EHZ,0,up,2.741546630859375,0.89990234375,23.046875
261903,10356669,CI.BC3.HHZ,1,down,3.242702007293701,2.9296875,78.0
261974,10862517,AZ.MONP2.HHZ,0,up,9.627313613891602,1.5,43.0625
262035,9647873,CI.SIM.EHZ,0,up,55.74557113647461,2.609375,74.3125
263031,11207314,CI.WCS.EHZ,1,down,9.416635513305664,0.1500244140625,1.5400390625
263152,9828861,CI.COK.EHZ,1,down,7.811332702636719,1.669921875,43.4375
263209,9853753,CI.TEH.HHZ,1,down,33.45356750488281,1.669921875,93.8125
263905,11208818,CI.BBS.HHZ,0,up,3.438849687576294,2.80078125,41.71875
264063,11103682,AZ.WMC.HHZ,0,up,4.570997714996338,2.23046875,54.40625
264812,9723793,CI.WOR.EHZ,1,down,5.976607322692871,2.220703125,88.25
264921,14514308,CI.PEM.EHZ,1,down,28.684097290039062,1.7998046875,35.8125
264985,9673477,CI.JRC.HHZ,0,up,10.576653480529785,1.490234375,8.21875
264995,10484749,CI.WOF.EHZ,0,up,2.7344255447387695,1.1201171875,56.28125
265021,10365901,AZ.FRD.HHZ,0,up,81.59082794189453,1.2900390625,11.6171875
265051,10411681,CI.PMD.HHZ,1,down,4.585980415344238,1.2099609375,66.0
265140,14238792,AZ.KNW.HHZ,1,down,9.859844207763672,1.4501953125,30.40625
265240,14852836,PB.B087.EHZ,1,down,36.544578552246094,2.080078125,55.0625
265317,14474104,CI.SS2.EHZ,1,down,41.48818588256836,2.060546875,57.9375
265448,14076084,CI.GAV.EHZ,0,up,27.766681671142578,2.1796875,26.609375
265476,11412602,CI.MSC.HHZ,0,up,30.858938217163086,1.3701171875,40.125
265477,9641841,CI.EL2.EHZ,1,down,16.840303421020508,2.080078125,32.71875
265693,14241344,CI.BBR.HHZ,0,up,8.829853057861328,2.380859375,25.34375
266103,14861380,CI.GLA.HHZ,1,down,5.596446514129639,2.6796875,101.5625
266533,10347901,CI.ERR.HHZ,1,down,4.128054141998291,1.650390625,11.921875
266665,14002176,CI.DVT.HHZ,0,up,3.1631906032562256,1.7001953125,31.375
266730,11127802,CI.WRV.EHZ,1,down,28.275585174560547,1.5498046875,9.0625
267457,11367714,AZ.CRY.HHZ,1,down,8.76952075958252,1.1298828125,112.125
268190,15186537,CI.THC.EHZ,1,down,4.088746070861816,2.5,73.1875
268222,14088288,CI.LEO.EHZ,0,up,23.951778411865234,2.4609375,70.0625
268388,14408540,PB.B082.EHZ,1,down,34.55625534057617,1.2998046875,48.34375
268555,10083193,CI.RAG.EHZ,1,down,4.724903583526611,1.6201171875,38.125
268963,14597644,PB.B081.EHZ,1,down,54.90629196166992,1.3896484375,25.484375
268969,15073860,CI.BLA2.HHZ,1,down,7.981804370880127,0.93994140625,43.5
268983,9876741,CI.WOR.EHZ,0,up,21.38265609741211,1.9599609375,52.875
269135,10868245,CI.COA.EHZ,0,up,61.594207763671875,2.1796875,40.5625
269228,11134490,PB.B921.EHZ,0,up,26.95904541015625,2.189453125,73.25
269267,14091524,CI.WCH.EHZ,0,up,3.0957255363464355,1.0,30.484375
270073,9155844,CI.VCS.HHZ,0,up,12.233617782592773,1.6298828125,34.1875
270089,9169536,CI.FLS.EHZ,1,down,24.111125946044922,2.609375,100.0
270341,10542189,CI.PEM.EHZ,0,up,43.89439392089844,1.9697265625,65.5625
270491,10767533,CI.COK.EHZ,0,up,5.478316307067871,1.4296875,24.671875
270832,10756981,CI.CBK.EHZ,0,up,109.79334259033203,1.0302734375,1.8701171875
270852,9928669,AZ.BZN.HHZ,1,down,23.724729537963867,1.66015625,9.6875
270880,14355020,AZ.FRD.HHZ,1,down,80.3368148803711,1.4296875,10.671875
270960,10224677,CI.SWS.HHZ,1,down,5.694256782531738,1.3896484375,70.3125
271062,10237257,CI.YUH.EHZ,0,up,65.82256317138672,2.349609375,85.9375
271210,10358289,CI.PLS.HHZ,0,up,8.492429733276367,2.9609375,106.75
271510,9711225,CI.WNM.EHZ,0,up,2.498850107192993,1.2001953125,25.875
271554,14599124,AZ.FRD.HHZ,1,down,17.54731559753418,0.97021484375,28.1875
271942,9168284,CI.PLM.HHZ,0,up,27.704069137573242,1.900390625,47.53125
272218,14007356,CI.COK.EHZ,0,up,3.496912717819214,1.75,24.453125
272357,9803313,CI.WOR.EHZ,0,up,10.914505004882812,0.97021484375,24.0625
272758,14133028,CI.POB.EHZ,0,up,2.9011738300323486,1.2197265625,67.375
273450,10150809,CI.EML.HHZ,0,up,46.420570373535156,2.419921875,118.9375
273768,10186741,AZ.WMC.HHZ,0,up,3.9872047901153564,0.5498046875,12.2421875
273869,10723789,PG.DPD.EHZ,0,up,18.812650680541992,3.25,54.9375
274076,10909709,PB.B086.EHZ,1,down,58.556541442871094,1.6396484375,15.6171875
274141,10825389,PB.B081.EHZ,1,down,63.74259567260742,2.26953125,35.5625
275209,9851417,AZ.FRD.HHZ,0,up,105.62999725341797,1.1201171875,8.3125
275302,10249889,CI.WVP.EHZ,1,down,12.107361793518066,1.66015625,21.546875
275542,9626129,CI.JRC.HHZ,0,up,2.0653576850891113,1.2998046875,11.453125
275615,11050797,AZ.FRD.HHZ,0,up,13.690911293029785,0.93994140625,9.328125
275738,9848725,AZ.BZN.HHZ,0,up,23.360185623168945,0.77978515625,13.34375
275891,14188812,CI.HMT.EHZ,1,down,4.271655559539795,1.330078125,35.15625
276125,14324936,AZ.BZN.HHZ,0,up,9.713580131530762,1.1103515625,55.84375
276437,11393186,CI.LRL.HHZ,0,up,10.66767406463623,2.240234375,65.125
276716,11009085,PB.B084.EHZ,0,up,2.4006154537200928,0.1600341796875,34.53125
277490,12731452,CI.DNR.HHZ,0,up,46.1260871887207,1.7001953125,18.5
277704,10150377,CI.SLR.HHZ,1,down,8.0803804397583,1.919921875,20.53125
277804,14134972,CI.WWP.EHZ,0,up,5.016343593597412,1.400390625,61.34375
278040,11047613,CI.WRC.EHZ,0,up,8.863008499145508,0.5,13.40625
278289,10225629,AZ.WMC.HHZ,1,down,31.695600509643555,2.0,4.2890625
279580,11381066,CI.TPC.EHZ,1,down,11.622588157653809,0.77978515625,29.0
280056,13985304,CI.GOR.HHZ,0,up,4.973360061645508,1.849609375,99.1875
281941,13951756,CI.LRR.EHZ,0,up,8.152965545654297,2.08984375,111.0
282145,11374154,CI.TPM.EHZ,0,up,50.104766845703125,1.7802734375,43.21875
282172,13951732,CI.RMR.EHZ,1,down,54.98357009887695,2.009765625,98.25
282207,14382520,AZ.CRY.HHZ,1,down,16.9760799407959,1.3603515625,31.90625
282665,14183664,CI.WLT.HHZ,1,down,3.3511507511138916,2.599609375,50.625
283541,10479645,CI.YUH.EHZ,1,down,5.06870174407959,1.1904296875,95.875
283559,11383130,AZ.FRD.HHZ,1,down,18.380701065063477,0.47998046875,8.4375
283863,11012413,CI.MPM.HHZ,0,up,16.666088104248047,0.91015625,32.03125
283961,14585628,CI.STT.EHZ,1,down,5.668186187744141,1.3798828125,37.34375
284117,9165975,CI.MEC.EHZ,0,up,11.465409278869629,1.5,19.796875
284212,9145678,CI.PSP.EHZ,0,up,4.132094383239746,1.759765625,46.96875
284302,10485437,CI.BTL.EHZ,1,down,5.735681056976318,1.3095703125,44.5625
284623,10397305,CI.PSR.HHZ,0,up,13.75477123260498,1.509765625,14.609375
284904,10771533,CI.PLM.HHZ,1,down,138.41439819335938,1.5400390625,7.1484375
285171,10043405,CI.SGL.EHZ,0,up,22.56578254699707,2.0703125,60.875
285428,9940601,CI.DNR.HHZ,1,down,177.50856018066406,2.240234375,43.09375
285506,10260661,CI.YUH.EHZ,1,down,50.55677795410156,1.6796875,45.96875
285526,9142045,CI.SBK.EHZ,0,up,68.80304718017578,2.05078125,10.1328125
285663,13966716,CI.CRR.EHZ,0,up,11.990548133850098,1.5,39.90625
286275,9662757,CI.WRV.EHZ,0,up,6.921083450317383,1.490234375,20.78125
286280,14096828,CI.WCH.EHZ,1,down,3.10766339302063,0.7001953125,30.625
286655,9852109,AZ.PFO.HHZ,1,down,12.110299110412598,1.48046875,39.71875
286660,14334448,PB.B086.EHZ,0,up,3.846287727355957,0.60986328125,30.375
286704,14997092,CI.SRT.EHZ,1,down,30.090669631958008,1.9599609375,17.5625
287436,9775245,CI.WMF.EHZ,1,down,53.29740524291992,1.08984375,13.171875
287918,9170631,CI.SBB.EHZ,1,down,7.05211067199707,1.3896484375,28.84375
288142,10862565,CI.YUH.EHZ,1,down,10.469195365905762,1.3203125,75.6875
288151,10478661,CI.JRC2.HHZ,1,down,16.114730834960938,1.3701171875,47.25
288392,14617100,CI.DPP.HHZ,1,down,151.4508514404297,4.55859375,118.25
288584,9986489,CI.NBS.HHZ,1,down,5.670479774475098,3.580078125,116.0625
288607,10024153,CI.BLA.HHZ,0,up,13.179276466369629,1.6298828125,14.0390625
288942,14381992,AZ.KNW.HHZ,1,down,2.4151313304901123,0.60986328125,36.53125
289173,14940084,CI.MSC.HHZ,1,down,10.405888557434082,1.580078125,40.84375
289248,10281077,PB.B081.EHZ,1,down,22.2829532623291,0.89990234375,23.15625
289475,10530493,CI.TEH.HHZ,1,down,2.851062536239624,1.08984375,66.875
289565,11052013,AZ.CRY.HHZ,0,up,19.22962188720703,0.52001953125,10.8671875
290122,14073824,CI.WS2.EHZ,0,up,4.76993989944458,1.650390625,66.0625
290147,14196612,CI.WHF.EHZ,1,down,78.25474548339844,2.2109375,47.25
290304,14605700,CI.WRV.EHZ,1,down,4.842030048370361,0.60009765625,0.990234375
290567,14215812,CI.RXH.HHZ,1,down,8.235149383544922,3.740234375,68.5
290715,9883837,AZ.CRY.HHZ,0,up,34.84312057495117,1.009765625,15.1015625
291190,9969733,CI.WRV.EHZ,0,up,43.354122161865234,0.5,8.6796875
291196,10545461,PB.B093.EHZ,0,up,6.4583539962768555,0.669921875,10.078125
291271,10007493,CI.TIN.HHZ,1,down,6.249507904052734,2.48046875,88.0625
291619,10988877,CI.SKY.EHZ,0,up,13.987113952636719,1.3798828125,25.34375
291906,10151369,CI.SRT.EHZ,0,up,3.4357893466949463,0.5498046875,29.21875
292203,11622660,AZ.RDM.HHZ,0,up,18.45296859741211,1.169921875,13.3203125
292306,14514356,PB.B082.EHZ,1,down,2.604060173034668,1.3203125,93.0
292391,10287153,CI.PMD.HHZ,1,down,9.992321014404297,0.77001953125,27.5625
292539,9709589,CI.BAK.HHZ,0,up,19.103694915771484,3.009765625,50.875
292754,11282290,CI.WWC.HHZ,1,down,26.840940475463867,1.9599609375,50.0
292803,9154968,CI.MWC.EHZ,1,down,71.17477416992188,1.650390625,16.5
293028,14587556,CI.HOL.EHZ,1,down,3.1081223487854004,1.169921875,77.0
293239,9773225,CI.ISA.HHZ,0,up,6.262044906616211,1.2001953125,37.28125
293295,9828385,AZ.BZN.HHZ,1,down,6.177855014801025,1.6103515625,48.5625
293463,10356973,CI.BC3.HHZ,1,down,1.5851114988327026,1.2099609375,51.875
293932,10661085,CI.WMF.EHZ,0,up,27.193809509277344,1.5302734375,15.8671875
294276,14188940,AZ.RDM.HHZ,0,up,2.5520002841949463,0.5,8.90625
294341,10005073,CI.WRV.EHZ,0,up,5.4016852378845215,0.60009765625,19.234375
294448,9634041,CI.MPM.HHZ,0,up,7.1549458503723145,0.919921875,28.984375
294772,10264293,PB.B087.EHZ,1,down,19.189109802246094,1.169921875,31.796875
295039,9820357,CI.RAY.EHZ,1,down,6.08489990234375,0.8701171875,25.078125
295200,9133602,CI.HDB.EHZ,0,up,17.869626998901367,2.380859375,44.53125
295256,14489780,NP.5399.HLZ,1,down,1.6388311386108398,1.7001953125,3.630859375
295355,10206069,CI.CRG.EHZ,0,up,4.340958118438721,2.05078125,105.375
295453,10344517,CI.WRC.EHZ,0,up,4.405231952667236,0.7099609375,68.5
295689,9993597,CI.JRC2.HHZ,1,down,13.488456726074219,0.39990234375,5.640625
295861,11129018,CI.FHO.HHZ,1,down,42.103553771972656,2.189453125,28.453125
295941,11244474,CI.QAL.EHZ,1,down,219.8762664794922,3.009765625,9.078125
296179,9679285,CI.WBM.EHZ,1,down,104.59708404541016,3.25,43.09375
297092,10493213,EN.YOU.EHZ,1,down,59.16007995605469,1.849609375,7.2109375
297502,10365433,CI.CLC.HHZ,1,down,39.774864196777344,1.41015625,31.0
297617,9696537,CI.HOL.EHZ,0,up,10.666967391967773,1.6396484375,83.25
297664,10412609,CI.JNH.EHZ,0,up,2.9728946685791016,1.259765625,56.59375
298035,10254961,CI.RMR.EHZ,0,up,13.153554916381836,0.7900390625,25.3125
298373,15014572,AZ.PFO.HHZ,1,down,167.48672485351562,1.830078125,17.5625
299111,13971420,CI.BFS.HHZ,0,up,5.738643646240234,2.0390625,68.0625
299384,10439721,CI.CBK.EHZ,0,up,13.052661895751953,0.669921875,20.734375
300073,14384408,CI.RMR.EHZ,1,down,6.556725978851318,1.48046875,63.09375
300168,10232185,AZ.MONP.HHZ,0,up,10.035029411315918,1.240234375,18.734375
300210,14234220,CI.WOF.EHZ,0,up,15.183837890625,1.0595703125,30.109375
300269,14377332,CI.SNR.EHZ,1,down,3.223017930984497,1.2099609375,16.140625
300478,14157200,CI.PLM.HHZ,0,up,17.67807960510254,1.599609375,36.3125
300796,9159480,CI.ALV.EHZ,0,up,3.9227590560913086,1.2001953125,43.09375
300964,11027341,NC.MCS.EHZ,0,up,12.97110652923584,2.19921875,40.9375
301098,11087994,AZ.FRD.HHZ,1,down,19.422513961791992,1.25,57.625
302192,15136033,CI.POB.EHZ,1,down,4.126753807067871,1.08984375,77.9375
302415,9666797,CI.GTM.EHZ,0,up,2.6915297508239746,2.119140625,38.3125
302914,10990933,PB.B086.EHZ,1,down,18.45689582824707,0.58984375,8.6171875
303479,14376440,ZY.SHF2.HHZ,1,down,6.578812599182129,1.740234375,46.21875
304125,13672504,CI.CGO.HHZ,0,up,64.02491760253906,3.740234375,106.25
304436,14405804,CI.CLI.EHZ,1,down,11.313469886779785,1.8896484375,17.609375
304483,10379393,CI.PER.HHZ,1,down,2.6267096996307373,1.41015625,14.0390625
304967,14239724,CI.MPM.HHZ,1,down,15.387833595275879,1.1796875,23.671875
305477,11336538,CI.CFT.EHZ,0,up,2.817830801010132,1.9404296875,13.9921875
305657,9164067,CI.RAG.EHZ,1,down,61.349056243896484,1.599609375,16.703125
306086,10025485,AZ.CRY.HHZ,0,up,12.81009292602539,0.340087890625,16.328125
306126,9661105,CI.WLH.EHZ,1,down,33.916168212890625,2.529296875,71.0
306346,10763029,PB.B082.EHZ,0,up,9.792889595031738,0.64013671875,19.171875
306664,14237696,AZ.FRD.HHZ,0,up,7.391897678375244,1.490234375,28.1875
306769,10982389,CI.LEO.EHZ,1,down,6.568174362182617,2.029296875,88.8125
306867,14862204,CI.COK.EHZ,1,down,8.659989356994629,1.5498046875,28.34375
307115,10543421,CI.SNO.HHZ,0,up,4.504070281982422,1.1103515625,18.203125
307228,11048053,CI.SNO.HHZ,1,down,15.104655265808105,1.2099609375,25.5625
307345,14295944,CI.DNR.HHZ,0,up,11.797028541564941,0.9501953125,23.609375
307683,14202348,CI.POB.EHZ,1,down,8.429631233215332,1.5498046875,54.9375
307790,14237296,CI.CBK.EHZ,0,up,5.667226314544678,0.919921875,30.625
307920,10330305,CI.SGL.EHZ,1,down,1.9150887727737427,3.2109375,61.34375
308206,9165140,CI.RAG.EHZ,1,down,6.4990105628967285,1.099609375,27.84375
308758,10221121,CI.DEC.HHZ,0,up,5.640038013458252,1.150390625,12.5234375
308952,10353525,EN.OBS.EHZ,0,up,6.998402118682861,1.5,8.53125
309965,10317729,AZ.SND.HHZ,0,up,1.9632712602615356,0.669921875,15.1328125
309990,10378657,AZ.FRD.HHZ,0,up,84.4864501953125,1.8603515625,19.421875
310000,10067181,CI.HOL.EHZ,1,down,38.50436019897461,1.7001953125,49.1875
311015,11129714,CI.RMR.EHZ,1,down,34.889862060546875,1.73046875,50.84375
311107,10297553,CI.HMT.EHZ,0,up,3.8843014240264893,0.81982421875,32.90625
311165,15201505,EN.YOU.EHZ,1,down,3.9577527046203613,1.849609375,17.984375
311217,13813264,CI.CHF.HHZ,0,up,33.61518096923828,1.669921875,51.53125
311355,10100193,CI.YEG.EHZ,0,up,32.986610412597656,2.94921875,69.25
311499,9668205,CI.CLC.HHZ,0,up,286.60369873046875,1.9404296875,14.6875
311969,11034965,EN.HAT.EHZ,0,up,19.121719360351562,0.919921875,1.9501953125
312033,10904077,AZ.BZN.HHZ,0,up,10.878690719604492,1.41015625,100.625
312199,9678769,CI.WCS.EHZ,0,up,4.89237117767334,0.830078125,10.5078125
312515,14162432,CI.BAC.EHZ,0,up,22.935571670532227,1.3896484375,48.375
312773,14190700,CI.THC.EHZ,0,up,24.926647186279297,1.490234375,11.421875
312946,14136916,CI.POB.EHZ,1,down,22.85154914855957,1.1396484375,17.203125
313602,10007545,AZ.BZN.HHZ,0,up,7.759374141693115,1.4404296875,11.9375
313683,10182221,CI.POB.EHZ,1,down,2.058553457260132,0.6298828125,38.84375
313827,10402385,AZ.MONP2.HHZ,1,down,11.55822467803955,2.75,104.6875
313901,14072688,CI.SS2.EHZ,0,up,32.24135971069336,2.25,17.59375
314223,14185288,CI.WRC.EHZ,0,up,13.3848237991333,0.85009765625,12.5234375
314259,10543621,CI.BOR.HHZ,1,down,25.68815040588379,2.73046875,108.75
314685,10781637,CI.TJR.EHZ,0,up,120.00749969482422,1.7900390625,38.21875
314752,14565652,CI.SWS.HHZ,1,down,2.8525993824005127,2.73046875,77.9375
315216,10008737,CI.PLM.HHZ,0,up,7.584311485290527,0.830078125,26.734375
315853,10057789,CI.DTP.EHZ,0,up,32.191009521484375,2.009765625,73.1875
315933,14080092,CI.THX.HHZ,0,up,1.5532556772232056,1.1904296875,37.625
316116,9167306,CI.WIN.EHZ,1,down,27.735748291015625,1.919921875,32.5
316225,10959469,CI.PMD.HHZ,1,down,6.554823398590088,1.16015625,73.8125
316242,10999669,CI.COA.EHZ,0,up,14.21517276763916,2.2109375,63.0625
316738,14511732,CI.BTL.EHZ,1,down,53.025753021240234,1.75,24.546875
316810,9719833,AZ.TRO.EHZ,1,down,6.202833652496338,1.490234375,7.44140625
316829,10721389,CI.RMR.EHZ,0,up,9.717270851135254,1.3203125,80.0625
316925,14388224,PB.B082.EHZ,1,down,4.449234485626221,1.419921875,112.375
317144,10344445,CI.JNH.EHZ,0,up,12.747533798217773,1.26953125,69.9375
317230,14346808,CI.PMD.HHZ,0,up,10.242156982421875,1.1201171875,73.0
317383,9969341,CI.WLT.HHZ,0,up,21.97145652770996,2.76953125,49.5
317594,14207528,CI.CBK.EHZ,0,up,14.056076049804688,2.1796875,101.125
317938,11387578,CI.HMT.EHZ,1,down,138.5420379638672,2.970703125,55.4375
317969,9147771,CI.CLC.EHZ,1,down,86.1789321899414,2.009765625,30.046875
318002,11337842,CI.CCC.HHZ,0,up,20.091100692749023,2.419921875,72.1875
318657,10744821,CI.TOR.HHZ,1,down,7.429742813110352,1.4697265625,29.453125
318659,10287853,CI.ERP.EHZ,0,up,2.502615213394165,1.58984375,43.375
318816,9144458,CI.RAG.EHZ,0,up,8.890731811523438,1.7001953125,21.46875
319084,14285852,CI.BAC.EHZ,0,up,363.2295837402344,3.560546875,45.21875
319302,9168965,CI.GAV.EHZ,1,down,4.431101322174072,1.599609375,26.046875
320031,10702605,PB.B093.EHZ,0,up,5.080080986022949,0.449951171875,8.609375
320036,14263568,CI.WES.HHZ,0,up,6.284086227416992,1.76953125,23.703125
320119,10348945,PB.B081.EHZ,0,up,4.349854946136475,0.22998046875,7.3984375
320463,9154684,CI.GTM.EHZ,0,up,16.29892349243164,1.8203125,35.125
320656,9648037,CI.LUC.EHZ,0,up,2.036879301071167,1.919921875,37.78125
320831,10201757,CI.MPM.HHZ,1,down,5.668367385864258,0.7998046875,25.703125
320955,14248336,CI.WNM.EHZ,0,up,3.75107479095459,1.2197265625,31.09375
321004,10217941,CI.HLL.HHZ,1,down,2.9115195274353027,1.580078125,16.15625
321039,14160228,CI.WVP.EHZ,1,down,105.27115631103516,1.91015625,13.1796875
321137,14351244,PB.B086.EHZ,1,down,8.63276481628418,0.56005859375,9.671875
322032,9657421,CI.BEL.HHZ,1,down,27.46298599243164,2.490234375,81.75
322077,14613308,CI.SWS.HHZ,1,down,2.243882417678833,1.0,40.15625
322983,9159020,CI.GRP.EHZ,1,down,22.85221290588379,1.7001953125,62.21875
323586,9171279,CI.RMR.EHZ,1,down,8.106040000915527,2.01953125,76.9375
323733,12487432,CI.LGB.HHZ,1,down,7.64285135269165,2.220703125,20.515625
323788,15102196,CI.LMR2.HHZ,1,down,20.810047149658203,2.66015625,92.6875
323808,14354296,CI.PLM.HHZ,1,down,18.037227630615234,1.3701171875,20.046875
323867,14296432,CI.PLM.HHZ,0,up,4.939922332763672,1.9501953125,103.9375
324339,10400593,CI.DVT.HHZ,1,down,3.9072425365448,1.6396484375,21.515625
325043,10348437,CI.BOR.HHZ,1,down,2.841265916824341,0.66015625,28.40625
325389,10766421,CI.SLR.HHZ,1,down,37.20906448364258,1.9599609375,22.796875
325609,10096021,CI.WRC.EHZ,0,up,9.224987030029297,1.7197265625,42.46875
325900,11067413,PB.B916.EHZ,1,down,17.952613830566406,1.2099609375,29.65625
325935,11207154,CI.WHF.EHZ,0,up,9.153934478759766,1.8701171875,61.90625
326435,14461784,AZ.PFO.HHZ,1,down,9.056690216064453,1.0400390625,20.640625
326565,11394530,CI.TEH.HHZ,1,down,45.73088836669922,1.490234375,33.875
326569,14277612,PB.B082.EHZ,0,up,19.036624908447266,0.9599609375,19.953125
327510,9757281,CI.POB.EHZ,1,down,33.77094268798828,1.7001953125,39.8125
327963,11409378,CI.TOR.HHZ,0,up,4.304526329040527,0.43994140625,24.203125
327985,10370177,CI.MCT.HHZ,0,up,99.34505462646484,3.279296875,117.25
328263,9647361,CI.WWP.EHZ,1,down,96.38219451904297,2.4296875,37.0625
329143,11208914,CI.DPP.HHZ,0,up,17.729089736938477,1.5595703125,54.375
329299,11328402,CI.WRV.EHZ,0,up,5.255914211273193,0.52001953125,10.953125
329523,14313032,PB.B086.EHZ,0,up,8.03816032409668,0.52978515625,21.4375
330449,14471704,CI.SPF.HHZ,1,down,5.998897552490234,2.349609375,93.3125
330685,14218708,CI.JRC2.HHZ,1,down,19.273902893066406,0.39990234375,5.30078125
330703,10398305,CI.WCS.EHZ,0,up,15.719681739807129,1.0703125,1.0703125
330918,10330565,CI.PSD.HHZ,0,up,8.474870681762695,1.26953125,17.203125
331145,9712093,CI.HOL.EHZ,1,down,69.03655242919922,2.5390625,56.0
331310,10321917,CI.WNM.EHZ,1,down,5.477859020233154,1.6904296875,62.75
331446,9936837,AZ.CRY.HHZ,0,up,9.52148151397705,1.5,78.375
331617,9628917,CI.CLC.EHZ,1,down,67.17230224609375,1.400390625,11.8984375
331775,10232501,AZ.BZN.HHZ,0,up,6.810722351074219,0.77001953125,18.03125
332270,9143316,CI.RAY.EHZ,1,down,7.326901912689209,1.33984375,31.328125
332430,9720449,CI.SSW.HHZ,1,down,27.8714542388916,2.060546875,4.80859375
332905,9700781,CI.WHF.EHZ,0,up,4.189844131469727,1.740234375,27.046875
333104,11376618,CI.ISA.HHZ,1,down,17.173669815063477,1.2802734375,0.6298828125
333300,10767541,CI.SGL.EHZ,0,up,33.531246185302734,1.9296875,8.0
333617,13023488,CI.TEH.HHZ,1,down,5.86510705947876,1.599609375,100.5
333753,10054517,CI.SBB.EHZ,0,up,5.723045349121094,2.0390625,86.75
334207,10193990,CI.HMT.EHZ,0,up,17.527193069458008,1.2900390625,38.84375
334261,9657593,CI.RAY.EHZ,0,up,12.029128074645996,1.58984375,34.71875
334291,9163754,CI.HDB.EHZ,1,down,21.447484970092773,1.7001953125,11.8125
334326,14212840,CI.SGL.EHZ,0,up,2.984306812286377,2.189453125,71.6875
334365,10055137,CI.BAC.EHZ,1,down,12.851572036743164,1.41015625,48.875
334721,10597365,ZY.OCCM.EHZ,0,up,11.822107315063477,1.9599609375,12.15625
334756,10149785,CI.THC.EHZ,1,down,22.55388832092285,2.33984375,72.4375
334914,9989297,CI.RMR.EHZ,1,down,33.56031799316406,1.150390625,12.4765625
335510,11047933,CI.BTC.HHZ,1,down,6.511861324310303,4.30859375,97.0
335704,14523308,CI.SLA.HHZ,1,down,10.013298988342285,2.759765625,75.8125
336125,14346176,CI.WBM.EHZ,0,up,3.696521282196045,1.41015625,67.9375
336146,11049053,CI.DGR.HHZ,0,up,40.21501541137695,1.7099609375,65.5625
336478,10780309,PB.B093.EHZ,0,up,15.311298370361328,0.7998046875,30.25
336491,10782861,PB.B093.EHZ,1,down,7.725323677062988,1.150390625,60.5625
336618,14286228,CI.WLH.EHZ,0,up,44.06230926513672,1.2900390625,27.3125
336658,9909049,CI.SLR.HHZ,0,up,6.013768196105957,2.0,65.0625
336787,9168173,CI.HEC.HHZ,1,down,4.070897579193115,1.7998046875,42.375
337404,11248098,CI.LDR.HHZ,0,up,16.496692657470703,1.2099609375,7.30859375
337550,10411545,CI.MWC.HHZ,1,down,261.2880554199219,4.0390625,40.75
337559,9653477,CI.WRC.EHZ,0,up,6.039355278015137,1.4697265625,39.0625
338177,10750213,CI.CRR.EHZ,1,down,114.85358428955078,2.0703125,23.6875
338480,10356901,EN.YOU.EHZ,0,up,12.123018264770508,2.44921875,29.75
338508,10529493,PB.B082.EHZ,0,up,3.084658145904541,0.8701171875,41.75
338701,9169264,CI.CHF.HHZ,0,up,10.092740058898926,1.580078125,29.734375
338791,14859444,CI.BEL.HHZ,1,down,37.547325134277344,0.97998046875,29.375
338831,11343458,CI.SKY.EHZ,0,up,13.090517044067383,1.3701171875,38.09375
339019,10784093,PB.B087.EHZ,1,down,33.9212532043457,1.16015625,15.390625
339342,14148708,CI.RMM.EHZ,0,up,3.1431655883789062,1.0595703125,46.34375
339343,9671877,AZ.PFO.HHZ,1,down,28.66861915588379,1.5595703125,30.3125
339355,11671176,CI.WLH.EHZ,0,up,66.95718383789062,2.470703125,43.875
339438,13938956,CI.BAC.EHZ,1,down,103.03182220458984,2.779296875,79.0
339564,14594804,CI.PLM.HHZ,1,down,9.512378692626953,1.9501953125,98.125
339626,11340370,PG.BL.EHZ,0,up,224.67962646484375,2.5703125,11.578125
339725,14057464,CI.WVP.EHZ,0,up,8.34052848815918,0.7001953125,19.125
339770,9992737,CI.TPM.EHZ,1,down,32.79920196533203,3.099609375,104.9375
340130,10396569,CI.LTC.EHZ,1,down,47.88543701171875,2.720703125,59.8125
340541,15072812,PB.B093.EHZ,1,down,11.676895141601562,1.01953125,48.25
340564,11129258,CI.IKP.HHZ,1,down,8.177380561828613,0.990234375,47.15625
340572,14197476,CI.CTW.EHZ,1,down,15.564326286315918,2.669921875,81.625
340724,9721993,CI.FRG.EHZ,1,down,5.255878448486328,1.5,47.4375
341130,10373233,CI.TPM.EHZ,0,up,20.09621810913086,2.91015625,76.875
341506,10065921,CI.SLA.HHZ,1,down,8.339942932128906,1.2001953125,23.65625
341674,10165777,CI.JVA.HHZ,0,up,3.064974546432495,1.2900390625,15.25
341966,9153762,CI.CRR.EHZ,1,down,3.9384241104125977,1.76953125,42.71875
342522,11671144,CI.SRT.EHZ,0,up,102.14437103271484,2.859375,42.3125
342703,10909549,CI.SLB.HHZ,1,down,5.082224369049072,1.8603515625,73.5
342827,9143596,CI.TPM.EHZ,1,down,11.801213264465332,1.5,16.09375
343232,14214696,CI.PMD.HHZ,1,down,10.809700012207031,0.740234375,20.21875
343425,9686429,CI.WLH.EHZ,0,up,8.070627212524414,1.5400390625,40.84375
343946,14116960,CI.PLM.HHZ,1,down,64.12247467041016,3.30078125,99.5
344109,9148580,CI.MIR.EHZ,0,up,44.249629974365234,3.560546875,50.40625
344146,14049984,CI.SGL.EHZ,1,down,54.02762985229492,1.490234375,8.03125
345015,10285533,CI.BBR.HHZ,0,up,238.24766540527344,4.19921875,66.875
345407,14085524,CI.BBR.HHZ,1,down,4.590217590332031,1.990234375,67.25
345615,14178204,CI.SGL.EHZ,1,down,7.289788722991943,3.109375,58.28125
345642,10178969,CI.SHE.EHZ,0,up,6.210669994354248,2.01953125,76.1875
347275,9648661,CI.MEC.EHZ,1,down,19.40483283996582,2.279296875,42.34375
347383,11414394,CI.VTV.HHZ,0,up,19.838640213012695,3.630859375,87.6875
347493,10479133,AZ.PFO.HHZ,1,down,20.64445686340332,1.150390625,20.0625
348336,10055057,CI.WAS.EHZ,1,down,9.088075637817383,1.58984375,40.53125
348451,10903957,AZ.MONP2.HHZ,0,up,50.33501052856445,1.990234375,74.75
348537,9728025,CI.HEC.HHZ,0,up,8.487956047058105,1.5,21.328125
348643,10410713,CI.WCS.EHZ,1,down,13.88224983215332,1.51953125,0.759765625
348848,11063397,NC.PSM.EHZ,1,down,16.0345401763916,1.599609375,60.09375
348903,10541957,CI.RIO.HHZ,0,up,18.24479103088379,4.1015625,74.5
349016,13693028,CI.RMM.EHZ,0,up,7.067986965179443,1.4697265625,32.1875
349219,9140304,CI.TPM.EHZ,1,down,5.099634647369385,1.2998046875,28.046875
349269,14490968,AZ.PFO.HHZ,1,down,23.589338302612305,2.16015625,61.125
349442,14181864,CI.CBK.EHZ,0,up,5.492015361785889,1.66015625,68.375
349466,10287561,CI.EDW2.HHZ,0,up,169.08946228027344,1.8095703125,33.0
349489,10235457,CI.YUH.EHZ,0,up,56.688846588134766,1.2998046875,50.1875
350401,13940788,CI.CBK.EHZ,0,up,50.8908576965332,2.48046875,68.8125
350668,14474240,EN.RED.EHZ,1,down,252.28443908691406,2.169921875,5.23828125
350730,10410681,CI.LCG.HHZ,0,up,1.8681257963180542,1.3603515625,7.98046875
350743,13935728,CI.GAV.EHZ,1,down,17.202131271362305,1.9599609375,22.546875
350922,14206452,CI.SWS.HHZ,0,up,3.9575414657592773,1.5,36.625
351374,12963432,CI.DNR.HHZ,0,up,9.890043258666992,1.5,43.15625
351626,13945544,AZ.RDM.HHZ,0,up,4.8667073249816895,0.64990234375,21.171875
351807,13912140,CI.AGA.HHZ,1,down,23.473909378051758,1.3203125,27.078125
351927,13279460,AZ.FRD.HHZ,1,down,10.499420166015625,1.1904296875,58.25
351981,14008280,CI.WNM.EHZ,0,up,7.309109210968018,1.400390625,44.125
352357,14956092,CI.SNO.HHZ,1,down,27.34173583984375,0.9501953125,8.5
352455,9146484,CI.WRC.EHZ,1,down,63.31519317626953,1.4697265625,13.8828125
352480,15115993,AZ.KNW.HHZ,1,down,3.9543843269348145,0.2099609375,8.40625
352490,10208389,CI.COK.EHZ,0,up,7.671122074127197,2.08984375,34.71875
352532,9794785,AZ.BZN.HHZ,0,up,9.64715576171875,1.3603515625,23.4375
352606,14007980,AZ.PFO.HHZ,0,up,6.540785312652588,1.6904296875,96.6875
354411,14200892,AZ.WMC.HHZ,0,up,7.233938217163086,0.97998046875,13.09375
354586,10042797,CI.RMR.EHZ,1,down,63.2503776550293,2.259765625,66.4375
355235,9749637,AZ.SND.HHZ,0,up,16.04490089416504,2.0,92.4375
355250,10062961,CI.TOW.EHZ,1,down,4.715374946594238,0.89990234375,31.8125
355694,10367817,WR.CSP.EHZ,1,down,2.4439752101898193,1.259765625,35.5
355933,9708261,CI.WOR.EHZ,1,down,7.742331504821777,1.830078125,45.96875
355998,9171172,CI.COK.EHZ,1,down,1.3063783645629883,2.0,47.3125
356205,14149352,CI.HEC.HHZ,0,up,49.55697250366211,3.330078125,37.03125
356223,9172989,CI.TPM.EHZ,1,down,6.909182071685791,1.2001953125,19.25
356229,9773261,CI.YMD.EHZ,0,up,12.567193984985352,2.16015625,82.0
356335,9152920,CI.SWS.HHZ,0,up,9.534477233886719,2.400390625,32.53125
356418,10891645,PB.B082.EHZ,1,down,9.516385078430176,0.320068359375,12.3984375
356765,10479333,AZ.PFO.HHZ,0,up,50.913597106933594,1.8798828125,78.1875
356816,10166453,CI.EMS.EHZ,1,down,29.18229866027832,3.75,61.40625
356905,14723668,CI.BOR.HHZ,1,down,25.52837371826172,0.6201171875,24.796875
357049,14180728,CI.SS2.EHZ,0,up,6.617561340332031,1.51953125,40.96875
357092,11249538,AZ.WMC.HHZ,0,up,8.915167808532715,1.4599609375,25.25
357421,9147581,CI.WNM.EHZ,1,down,4.834838390350342,1.2197265625,18.734375
357690,9648761,CI.PLS.HHZ,1,down,55.15687942504883,2.55078125,23.0625
358087,13950768,CI.CBK.EHZ,0,up,13.019918441772461,1.83984375,68.25
358630,10024361,CI.WRC.EHZ,1,down,64.94200897216797,0.7099609375,3.19921875
358893,10373189,CI.TOW.EHZ,1,down,29.29269790649414,3.119140625,46.71875
359443,14870564,PB.B093.EHZ,1,down,19.57634925842285,0.27001953125,11.8984375
359788,14384488,CI.RMR.EHZ,1,down,4.320449352264404,1.400390625,111.3125
359847,9175656,CI.BTL.EHZ,0,up,47.07099533081055,1.2998046875,7.80859375
360368,11415898,CI.TOR.HHZ,1,down,6.754304885864258,1.240234375,37.75
360586,10186389,CI.SLR.HHZ,1,down,4.594404220581055,1.16015625,15.671875
360638,9851257,CI.CCA.EHZ,0,up,33.686370849609375,1.98046875,34.09375
360732,10869861,CI.BAC.EHZ,1,down,5.0868377685546875,0.419921875,26.015625
361140,14242920,CI.TJR.EHZ,0,up,7.504715919494629,1.3603515625,33.875
361225,14064364,CI.WI2.EHZ,1,down,12.277348518371582,1.6103515625,9.2265625
361327,11375498,EN.RED.EHZ,1,down,31.963958740234375,0.39990234375,2.240234375
361473,10297745,CI.PMD.HHZ,0,up,53.299495697021484,0.91015625,26.265625
361548,9151868,CI.PAS.EHZ,1,down,4.188104152679443,2.630859375,72.375
361679,14613748,CI.YUH.EHZ,1,down,6.199790954589844,2.169921875,5.171875
361757,9682797,CI.WOF.EHZ,0,up,27.734331130981445,1.669921875,93.3125
362090,11249522,CI.COA.EHZ,0,up,4.047634601593018,0.300048828125,30.484375
362591,14156144,AZ.SND.HHZ,1,down,7.070498466491699,1.16015625,6.23828125
362978,9996581,AZ.MONP.HHZ,0,up,11.270783424377441,2.419921875,107.375
363435,10528869,CI.BAC.EHZ,1,down,9.036956787109375,1.400390625,42.09375
364284,14196632,CI.JRC2.HHZ,1,down,6.321077346801758,1.099609375,27.234375
364350,14005480,CI.BLA.HHZ,0,up,22.800182342529297,1.419921875,7.19921875
364366,10222245,AZ.SND.HHZ,0,up,22.818660736083984,1.990234375,22.328125
364966,14718564,ZY.USG.EHZ,1,down,27.487125396728516,1.8203125,8.6484375
365105,9973389,CI.COA.EHZ,0,up,9.618647575378418,1.83984375,32.28125
365306,13985536,AZ.CRY.HHZ,1,down,14.851567268371582,1.400390625,51.34375
365478,10866173,CI.HYS.EHZ,1,down,7.567955017089844,1.1796875,90.6875
365993,10740949,AZ.FRD.HHZ,0,up,121.87168884277344,1.169921875,9.7734375
366161,11331314,AZ.WMC.HHZ,0,up,3.4315602779388428,0.740234375,21.890625
366173,14312384,AZ.FRD.HHZ,1,down,420.168701171875,2.869140625,54.1875
366728,13974528,CI.WMF.EHZ,1,down,108.79988861083984,1.080078125,10.21875
367422,14380368,AZ.KNW.HHZ,1,down,9.826587677001953,1.2001953125,34.84375
367603,11127762,CI.BBR.HHZ,1,down,7.425164222717285,2.119140625,39.3125
367676,14080228,CI.WRC.EHZ,0,up,9.795433044433594,0.60009765625,13.609375
367756,14558756,AZ.BZN.HHZ,1,down,7.445268154144287,0.830078125,20.09375
368339,10795597,CI.YUH.EHZ,0,up,19.32488250732422,1.900390625,33.09375
368608,13935788,CI.MPP.HHZ,0,up,396.39251708984375,2.7109375,41.5
368934,11336602,AZ.WMC.HHZ,0,up,139.25460815429688,1.3896484375,14.34375
368969,10763061,PB.B084.EHZ,1,down,24.771459579467773,1.099609375,21.3125
369076,11005301,CI.MSC.HHZ,0,up,29.850706100463867,1.0498046875,30.421875
369156,10236585,CI.SMM.HHZ,1,down,19.384000778198242,3.220703125,59.125
370007,11377266,NN.BEN.EHZ,1,down,22.279441833496094,1.2001953125,35.9375
370197,11362626,AZ.BZN.HHZ,0,up,14.889558792114258,1.3896484375,27.78125
370378,10095001,AZ.SND.HHZ,1,down,11.506755828857422,1.73046875,57.5625
370436,11386082,CI.WBM.EHZ,0,up,10.922657012939453,2.23046875,68.625
370443,10348001,CI.SME.EHZ,0,up,5.958613395690918,1.3203125,60.625
370454,10227621,CI.WBM.EHZ,1,down,4.793417930603027,1.3203125,35.3125
370457,10870709,CI.PLM.HHZ,1,down,5.931439399719238,1.7197265625,90.1875
371033,10794149,AZ.SND.HHZ,0,up,19.70577049255371,1.3203125,31.046875
371433,11084570,PB.B087.EHZ,1,down,32.187557220458984,1.169921875,25.875
371617,10231677,CI.SBB.EHZ,1,down,8.892205238342285,1.3203125,33.03125
371973,10263805,AZ.PFO.HHZ,1,down,3.4265849590301514,0.18994140625,15.5625
372286,10261801,CI.PSD.HHZ,1,down,2.0902857780456543,1.25,39.09375
372360,10931805,CI.EML.HHZ,0,up,54.55452346801758,3.58984375,51.28125
372474,11102314,PB.B082.EHZ,1,down,7.909848690032959,1.0595703125,35.90625
372502,10959693,PB.B084.EHZ,0,up,11.43420124053955,1.1904296875,50.9375
372656,10094637,CI.AGA.HHZ,0,up,8.196553230285645,1.7900390625,59.25
372671,13913564,CI.TEH.HHZ,0,up,451.2967529296875,2.3203125,20.5625
372819,9152521,CI.WRV.EHZ,0,up,5.808686256408691,1.5400390625,32.53125
373182,10758253,WR.PEC.EHZ,1,down,91.50814819335938,1.51953125,13.53125
373360,9134293,CI.TPC.EHZ,0,up,7.7737531661987305,1.900390625,98.3125
373454,10740501,PB.B082.EHZ,0,up,10.693967819213867,0.9501953125,22.3125
374581,10791757,CI.BTL.EHZ,1,down,12.861932754516602,1.8798828125,76.625
374808,14609932,CI.LTC.EHZ,1,down,12.49519157409668,3.05078125,68.125
375025,10871045,PB.B087.EHZ,1,down,13.075820922851562,1.08984375,41.625
375032,14215144,CI.PMD.HHZ,1,down,97.1517562866211,1.5498046875,16.6875
375756,10838797,NC.MMT.EHZ,0,up,23.22311019897461,1.8798828125,75.9375
375865,12458500,CI.SSW.HHZ,1,down,1.7989414930343628,1.5703125,4.53125
376079,9720665,AZ.KNW.HHZ,0,up,17.66316032409668,1.48046875,29.296875
376261,14385260,CI.CHN.HHZ,1,down,2.3682620525360107,1.1904296875,9.8125
376594,10217377,SB.GVDA.HLZ,0,up,12.838018417358398,1.099609375,5.140625
376724,9172728,CI.MIR.EHZ,1,down,1.8435654640197754,1.1796875,49.625
376935,11066765,CI.GOR.HHZ,0,up,11.014416694641113,2.060546875,43.25
376975,15140633,AZ.LVA2.HHZ,1,down,9.361016273498535,1.8896484375,93.5
377097,10992341,CI.XTL.EHZ,0,up,11.800225257873535,2.41015625,104.75
377237,10750389,CI.YUH.EHZ,0,up,8.604701042175293,0.93994140625,18.1875
377420,9849437,CI.GTM.EHZ,0,up,5.0565032958984375,1.6298828125,47.625
377750,11276826,CI.WAS.EHZ,1,down,7.065047740936279,1.5,47.5625
378052,10149629,AZ.FRD.HHZ,0,up,145.183837890625,1.3095703125,23.734375
378453,14157612,CI.BTL.EHZ,0,up,32.90046310424805,1.1796875,9.859375
378625,12459528,CI.PLT.EHZ,1,down,3.762362241744995,2.19921875,63.03125
378933,10984981,PB.B082.EHZ,1,down,12.49372386932373,0.7900390625,20.78125
378974,11361834,AZ.PFO.HHZ,1,down,39.029441833496094,1.48046875,12.7734375
379089,12879988,CI.SIL.EHZ,1,down,5.56398868560791,1.73046875,41.75
379149,14184000,CI.MPM.HHZ,0,up,6.226624488830566,0.39990234375,19.8125
379224,11323266,CI.TOR.HHZ,0,up,10.779029846191406,1.5400390625,49.6875
379561,10371589,CI.HYS.EHZ,0,up,25.888446807861328,1.7197265625,87.5625
379581,10069381,CI.CHF.HHZ,1,down,37.786659240722656,1.6904296875,55.625
379639,14185264,CI.HMT.EHZ,1,down,2.7483737468719482,0.89013671875,34.28125
380241,15086300,CI.BLA2.HHZ,1,down,8.631514549255371,1.5498046875,59.96875
380504,14206440,CI.JRC2.HHZ,0,up,21.544620513916016,0.300048828125,6.30859375
380656,10372653,PB.B086.EHZ,1,down,22.88971519470215,1.3701171875,62.5625
380688,14205704,CI.FLS.EHZ,1,down,18.827730178833008,2.490234375,105.0
381388,10780421,CI.SBB2.HHZ,1,down,7.142583847045898,1.2099609375,82.4375
382130,14333932,AZ.WMC.HHZ,0,up,7.336119651794434,0.81982421875,19.140625
382205,10186621,CI.POB.EHZ,0,up,1.6028666496276855,2.849609375,88.25
382363,13979140,AZ.PFO.HHZ,0,up,9.23642349243164,1.169921875,47.5
382470,14282916,CI.SLR.HHZ,0,up,61.525779724121094,1.8095703125,17.734375
382639,10353033,CI.BOR.HHZ,0,up,5.7857232093811035,1.51953125,47.96875
382651,10345821,PB.B086.EHZ,0,up,8.48916244506836,0.66015625,26.78125
382776,9919729,CI.RUN.EHZ,0,up,56.397464752197266,1.830078125,61.40625
382880,9162958,CI.WWP.EHZ,1,down,3.623478651046753,1.2197265625,45.78125
382965,9718181,AZ.PFO.HHZ,1,down,44.558616638183594,1.58984375,11.390625
383367,10608549,ZY.SHCM.EHZ,1,down,20.351133346557617,2.91015625,79.125
383715,14257672,AZ.FRD.HHZ,0,up,101.68814086914062,1.3896484375,23.59375
383933,14079580,CI.WVP.EHZ,0,up,6.177756309509277,0.89990234375,13.5234375
384216,9721569,AZ.TRO.EHZ,0,up,7.457961082458496,1.150390625,5.0
384569,9168001,CI.WAS.EHZ,1,down,10.62637710571289,1.2998046875,19.984375
384824,9157343,CI.WRV.EHZ,0,up,9.973285675048828,1.3896484375,30.15625
384834,13991860,CI.HEC.HHZ,0,up,62.65687942504883,1.5,3.55078125
385038,10380117,PB.B087.EHZ,1,down,8.730209350585938,0.5498046875,8.5390625
385708,15165121,CI.DNR.HHZ,1,down,10.092238426208496,1.599609375,43.875
385952,13968792,CI.LGB.HHZ,1,down,8.847493171691895,2.529296875,16.65625
386103,11280346,CI.CWC.HHZ,0,up,4.037985801696777,2.439453125,48.1875
386171,15073172,PB.B084.EHZ,1,down,46.55386734008789,1.8896484375,81.75
386278,10313953,AZ.WMC.HHZ,1,down,12.423408508300781,1.51953125,23.765625
386577,10047957,CI.QAL.EHZ,0,up,22.498964309692383,1.080078125,13.2265625
386712,14386168,AZ.CRY.HHZ,1,down,11.439580917358398,0.93994140625,28.078125
386713,10225053,CI.WRV.EHZ,0,up,15.290555000305176,0.8701171875,18.375
387033,10174210,AZ.SOL.HHZ,0,up,2.547926187515259,0.2900390625,63.375
387384,10748597,CI.CRR.EHZ,1,down,5.856147289276123,1.7001953125,50.03125
387385,9717013,CI.BRE.HHZ,1,down,4.532065391540527,2.849609375,32.6875
387420,14347000,CI.BTC.HHZ,0,up,13.278009414672852,2.3203125,64.6875
387527,14188720,AZ.CRY.HHZ,0,up,3.9954118728637695,0.83984375,29.5625
388845,14094248,CI.WNM.EHZ,1,down,3.619504928588867,1.400390625,26.796875
388870,9161963,CI.HDB.EHZ,0,up,4.439523220062256,1.2998046875,28.8125
388982,10963565,AZ.LVA2.HHZ,0,up,44.74978256225586,0.8701171875,14.4609375
389552,10205997,CI.MCT.HHZ,1,down,794.12060546875,3.619140625,43.40625
389814,10905357,AZ.FRD.HHZ,0,up,17.594560623168945,1.009765625,26.390625
390235,10987437,CI.JEM.HHZ,1,down,26.938077926635742,1.830078125,49.1875
391379,9717441,AZ.WMC.HHZ,0,up,8.070619583129883,1.5498046875,3.810546875
391394,12551432,CI.WHF.EHZ,0,up,17.163463592529297,1.8603515625,69.0
391507,11359370,CI.WRC.EHZ,1,down,51.43143844604492,1.990234375,19.328125
391650,9169410,CI.OLY.EHZ,0,up,4.2917351722717285,0.89990234375,34.25
391943,9948917,CI.WWP.EHZ,1,down,5.488815784454346,1.400390625,56.84375
392134,14189668,CI.DEV.HHZ,0,up,1.6927635669708252,1.3603515625,13.890625
392756,10541181,PB.B087.EHZ,0,up,18.589853286743164,0.7900390625,7.7109375
393000,10544949,CI.SBPX.HHZ,1,down,3.5654215812683105,1.83984375,26.21875
393079,15147433,PB.B918.EHZ,1,down,11.069867134094238,0.68994140625,25.828125
393118,13966816,CI.WBM.EHZ,0,up,7.780876159667969,1.5498046875,53.59375
394469,10372313,AZ.CRY.HHZ,1,down,13.002707481384277,1.490234375,65.5
394642,9673165,CI.WNM.EHZ,1,down,65.98128509521484,1.9296875,22.3125
394755,10071301,CI.CTC.HHZ,1,down,11.239169120788574,1.98046875,48.4375
395247,9163754,CI.RAY.EHZ,0,up,4.455623626708984,1.7001953125,66.8125
395523,13980720,CI.TEH.HHZ,0,up,8.78868293762207,0.97998046875,24.25
395551,10762301,CI.BOR.HHZ,1,down,819.4771728515625,0.77978515625,0.77001953125
395708,10703733,ZY.MLDN.EHZ,1,down,6.99976110458374,1.4599609375,8.890625
395822,9147987,CI.AGA.HHZ,0,up,71.41197204589844,1.990234375,29.4375
395930,14754172,AZ.MONP2.HHZ,1,down,29.20557403564453,1.1201171875,10.6484375
396054,14605532,CI.JVA.HHZ,1,down,658.0816040039062,3.05078125,13.8203125
396524,9164399,CI.POB.EHZ,0,up,6.431547164916992,1.2001953125,50.25
396641,14243988,CI.JCS.HHZ,1,down,2.8261570930480957,1.490234375,44.03125
396733,10348709,CI.HMT.EHZ,1,down,4.179399490356445,1.169921875,47.0
397194,14345272,AZ.SND.HHZ,0,up,287.7254638671875,2.849609375,27.65625
397230,14350308,CI.MPM.HHZ,1,down,13.659838676452637,0.72998046875,23.84375
397294,10226877,CI.GOR.HHZ,0,up,116.1268310546875,3.810546875,87.1875
397896,14960308,CI.IBP.HHZ,1,down,9.049254417419434,1.2998046875,34.46875
398058,11671264,CI.WRV.EHZ,0,up,36.87338638305664,1.0,3.4296875
398743,9619949,CI.WSH.EHZ,0,up,11.752897262573242,1.51953125,36.375
399272,10722005,EN.RED.EHZ,1,down,11.927962303161621,3.060546875,63.0625
399394,14383940,CI.PEM.EHZ,1,down,25.921249389648438,2.23046875,98.375
399609,9966077,CI.WOF.EHZ,1,down,18.718231201171875,1.33984375,33.375
399880,13944516,CI.BAC.EHZ,0,up,10.660785675048828,1.2998046875,28.109375
399964,10491877,CI.EML.HHZ,0,up,33.839088439941406,2.23046875,86.125
400014,10627725,ZY.SHCM.EHZ,1,down,14.705338478088379,1.8798828125,7.12890625
400338,9151938,CI.WCS.EHZ,0,up,8.05809211730957,1.259765625,3.859375
400603,9168754,CI.LUC.EHZ,0,up,2.0380945205688477,1.400390625,31.40625
400638,11045125,EN.ELM.EHZ,1,down,8.867119789123535,1.33984375,3.1796875
400839,10962317,CI.BAC.EHZ,0,up,8.606167793273926,1.240234375,26.625
401075,10312085,PB.B086.EHZ,1,down,32.130470275878906,0.60986328125,7.8984375
401223,14136728,CI.CFT.EHZ,0,up,7.83735466003418,1.2900390625,19.09375
401330,10753693,CI.POB.EHZ,1,down,35.23571014404297,1.4697265625,101.5
401350,9811789,AZ.SND.HHZ,0,up,20.30525779724121,0.91015625,6.44921875
401561,10893141,CI.ERP.EHZ,0,up,7.387878894805908,2.529296875,81.9375
401611,10093901,CI.POB.EHZ,0,up,12.18209171295166,1.669921875,50.1875
401675,10345285,CI.CRR.EHZ,0,up,10.278446197509766,1.2900390625,48.71875
402052,9135512,CI.GTM.EHZ,1,down,31.093534469604492,2.939453125,62.0
402972,13980536,CI.CLC.HHZ,1,down,18.31607437133789,1.0,31.015625
403057,9723017,CI.YUH.EHZ,1,down,23.755937576293945,1.7001953125,76.75
403441,14552828,CI.OLI.HHZ,1,down,104.44931030273438,2.220703125,9.9765625
403445,10730309,CI.PLM.HHZ,0,up,12.194157600402832,0.9501953125,28.984375
404349,10005453,CI.MPM.HHZ,0,up,22.630578994750977,1.349609375,33.28125
404558,10378725,AZ.RDM.HHZ,1,down,10.822915077209473,1.1201171875,8.0078125
404917,13936736,CI.HEC.HHZ,0,up,103.46391296386719,3.109375,73.8125
405223,14007776,CI.PER.HHZ,0,up,7.031125545501709,1.75,23.4375
405260,15017076,NP.5081.HLZ,1,down,20.285736083984375,1.6103515625,15.0234375
405871,14283388,CI.DPP.HHZ,0,up,8.338988304138184,1.4501953125,89.0
406068,10344685,CI.SLR.HHZ,1,down,3.325334310531616,1.4404296875,21.703125
406663,10330877,CI.DVT.HHZ,1,down,2.2997424602508545,1.3701171875,60.78125
406664,14151000,CI.MDA.EHZ,0,up,4.358945846557617,1.6103515625,14.421875
406849,11407610,CI.BOM.HHZ,0,up,5.947627067565918,3.30078125,56.0
407066,10610685,ZY.WAGN.EHZ,0,up,15.679844856262207,1.6904296875,15.6015625
407943,14242200,AZ.FRD.HHZ,0,up,26.493457794189453,0.830078125,33.28125
408007,10865565,PB.B084.EHZ,1,down,15.00677490234375,0.5,16.75
408327,9724081,AZ.SND.HHZ,1,down,30.680400848388672,2.669921875,100.6875
408372,14185072,CI.PMD.HHZ,1,down,88.49785614013672,2.119140625,61.84375
408449,9758149,CI.PDE.HHZ,1,down,210.7391815185547,2.75,11.78125
408745,10047097,CI.CFT.EHZ,0,up,48.71626281738281,2.830078125,60.21875
408996,15203417,EN.ENG.EHZ,1,down,12.234654426574707,1.419921875,15.3203125
409018,9711205,CI.MWC.HHZ,0,up,3.472296953201294,1.41015625,31.953125
409279,11418866,CI.MPM.HHZ,0,up,611.5281982421875,1.3603515625,7.37890625
409373,14311460,CI.PMD.HHZ,1,down,42.6697883605957,1.4599609375,55.84375
409453,9720381,AZ.SND.HHZ,1,down,10.819193840026855,1.0595703125,11.5625
409715,11050301,CI.WMF.EHZ,1,down,8.059395790100098,1.01953125,13.8671875
409820,9693629,CI.EW2.EHZ,1,down,11.742998123168945,1.2900390625,30.828125
410265,10149774,ZY.WAGN.EHZ,0,up,4.7963948249816895,1.009765625,7.4296875
410415,10248961,PB.B086.EHZ,1,down,37.09344482421875,0.77001953125,10.328125
410428,14348396,CI.COA.EHZ,1,down,2.6725828647613525,2.810546875,49.8125
410803,10790773,CI.TOR.HHZ,1,down,7.928432464599609,0.85009765625,25.453125
411759,9950169,CI.SME.EHZ,1,down,57.21120071411133,3.51953125,94.5625
411945,13103428,CI.RAG.EHZ,1,down,11.131534576416016,1.33984375,27.65625
412334,11325666,NN.FMT.EHZ,1,down,38.35169219970703,2.19921875,111.5
412462,11614668,CI.WLT.HHZ,1,down,6.801768779754639,1.76953125,11.7109375
413052,9962957,CI.CAP.HHZ,0,up,15.854808807373047,1.7802734375,33.375
413373,9724525,CI.WOF.EHZ,0,up,7.575717449188232,1.3095703125,31.765625
413488,10238053,PB.B087.EHZ,0,up,142.6991729736328,1.650390625,15.1015625
413497,10594117,ZY.MLDN.EHZ,0,up,159.7445526123047,1.8701171875,7.421875
413681,10378277,CI.SS2.EHZ,1,down,2.2377564907073975,1.0595703125,28.703125
413722,9644661,CI.WCH.EHZ,0,up,18.367109298706055,1.9404296875,26.5625
414312,10236433,CI.WRV.EHZ,1,down,27.850053787231445,0.919921875,8.4921875
414355,11413810,AZ.MONP2.HHZ,1,down,3.025172233581543,0.93994140625,40.3125
414943,11102762,AZ.PFO.HHZ,0,up,10.878177642822266,0.81005859375,23.234375
415130,11278690,AZ.PFO.HHZ,1,down,18.275671005249023,0.5400390625,13.1484375
415239,10765725,CI.JRC2.HHZ,1,down,11.569713592529297,1.240234375,33.375
415292,14384336,CI.BAC.EHZ,1,down,21.00105857849121,1.6298828125,76.9375
415883,10187469,CI.BEL.HHZ,1,down,174.82383728027344,2.720703125,80.375
415979,9735405,CI.PLT.EHZ,0,up,11.42091178894043,1.849609375,66.6875
416318,15012108,CI.BTL.EHZ,1,down,4.467712879180908,0.97021484375,33.5625
416423,9936893,CI.POB.EHZ,1,down,6.23942756652832,1.5,40.53125
416833,10902461,CI.RMR.EHZ,1,down,58.192481994628906,2.16015625,46.34375
417013,10220785,CI.JRC2.HHZ,0,up,12.224611282348633,0.7998046875,11.9375
417088,11276818,AZ.SMER.HHZ,0,up,23.832494735717773,1.5,67.5625
417171,10931381,CI.RXH.HHZ,0,up,7.5908098220825195,1.3701171875,5.2109375
417292,13980332,CI.SRN.HHZ,1,down,4.377954959869385,1.9697265625,36.25
417458,10406617,CI.MPI.HHZ,1,down,9.419435501098633,1.5498046875,41.75
417485,14376864,CI.EML.HHZ,1,down,2.635624885559082,1.240234375,102.1875
417600,9730481,CI.EL2.EHZ,0,up,12.821832656860352,1.849609375,60.5625
417814,13978692,CI.HDB.EHZ,1,down,24.497982025146484,1.849609375,20.15625
417863,9662909,CI.CLC.EHZ,0,up,24.132213592529297,1.009765625,15.2109375
417869,9742121,CI.WCS.EHZ,0,up,3.5153896808624268,1.3095703125,10.8671875
417939,14563236,AZ.FRD.HHZ,1,down,5.395503997802734,0.1099853515625,19.296875
418105,14333648,CI.BEL.HHZ,0,up,91.75939178466797,3.2890625,69.5625
418185,10293433,CI.WNM.EHZ,0,up,4.269731044769287,1.099609375,23.9375
418320,14074616,CI.HDB.EHZ,1,down,2.165970802307129,1.2998046875,28.65625
418362,11385818,WR.PEC.EHZ,0,up,14.989129066467285,1.419921875,31.34375
418400,14196164,AZ.RDM.HHZ,0,up,54.57279968261719,1.4404296875,44.0625
418649,11205578,CI.WES.HHZ,0,up,21.143640518188477,1.0498046875,13.4296875
418695,11209170,CI.BBS.HHZ,1,down,8.459083557128906,3.41015625,52.875
418783,9887853,CI.WMF.EHZ,0,up,79.428466796875,1.1201171875,16.296875
418829,9639077,AZ.WMC.HHZ,0,up,24.832502365112305,1.5,15.6484375
419258,14394932,CI.ISA.HHZ,1,down,3.9175801277160645,1.0595703125,59.3125
419295,9950549,CI.WCS.EHZ,0,up,18.00535774230957,1.5595703125,13.7265625
419405,10491221,CI.WRV.EHZ,0,up,5.186867713928223,0.18994140625,8.21875
419418,14691444,ZY.PNTO.EHZ,1,down,33.704017639160156,2.509765625,58.28125
419434,14697020,ZY.SHCM.EHZ,1,down,24.49445915222168,1.990234375,60.1875
419508,3329536,CI.EW2.EHZ,0,up,16.451236724853516,2.05078125,56.75
419782,10169741,AZ.CRY.HHZ,1,down,10.523736000061035,1.23046875,62.90625
419962,10593045,ZY.SHCM.EHZ,1,down,151.23098754882812,2.490234375,3.400390625
420001,12880560,AZ.KNW.HHZ,1,down,37.99323654174805,1.0302734375,10.1796875
420073,9829365,CI.WVP.EHZ,0,up,4.74708890914917,1.26953125,48.03125
420148,10589453,ZY.MLDN.EHZ,1,down,58.42462158203125,1.66015625,9.671875
420201,10604949,ZY.OCCM.EHZ,0,up,3.4197123050689697,2.4609375,43.0625
420612,9882533,CI.TPC.EHZ,1,down,76.06449890136719,2.560546875,94.5625
421676,14891268,CI.PLM.HHZ,1,down,88.22402954101562,1.6103515625,38.3125
421816,9949865,CI.SUN.EHZ,1,down,5.5196685791015625,1.6796875,43.4375
421892,14199824,AZ.LVA2.HHZ,1,down,29.21231460571289,1.7802734375,74.375
422691,14160908,CI.CBK.EHZ,0,up,10.97411060333252,0.9501953125,39.0625
422839,10001393,CI.JRC2.HHZ,1,down,33.53122329711914,0.199951171875,2.419921875
423172,10262533,AZ.BZN.HHZ,1,down,4.318912982940674,1.0703125,15.171875
423354,15118769,CI.WCS.EHZ,1,down,15.424735069274902,1.849609375,0.66015625
423614,14345652,WR.PYR.EHZ,1,down,9.094605445861816,1.4501953125,31.65625
423857,11343602,PB.B918.EHZ,1,down,21.06540870666504,0.5498046875,11.359375
424460,10054649,CI.WMF.EHZ,0,up,4.751485824584961,0.35009765625,11.859375
424655,14510772,CI.TPC.EHZ,1,down,8.699995040893555,1.740234375,79.75
424680,9774469,CI.COA.EHZ,1,down,9.978599548339844,1.9697265625,65.3125
424693,10353669,CI.BAC.EHZ,1,down,11.02838134765625,1.0595703125,36.40625
424973,10146957,CI.SAL.HHZ,0,up,27.215412139892578,1.669921875,13.1171875
425964,12371456,AZ.WMC.HHZ,1,down,7.203749656677246,2.009765625,68.8125
426538,9169432,CI.RAY.EHZ,1,down,33.39935302734375,1.6201171875,25.3125
426785,10479397,CI.PLM.HHZ,1,down,43.21465301513672,1.0400390625,20.09375
426829,9735113,CI.OLI.HHZ,1,down,9.432219505310059,1.759765625,19.921875
427078,14360228,CI.BEL.HHZ,1,down,1.5037671327590942,1.400390625,83.6875
427733,14249612,CI.MPM.HHZ,0,up,36.96376037597656,1.5,37.40625
427857,9704421,CI.GAV.EHZ,0,up,11.910630226135254,1.830078125,27.90625
428447,10901069,AZ.PFO.HHZ,1,down,43.18414306640625,2.439453125,81.8125
428585,10993949,CI.YUH.EHZ,1,down,21.823305130004883,2.630859375,67.5625
429279,9168736,CI.RMM.EHZ,0,up,3.666719913482666,1.400390625,31.625
429323,11070789,AZ.RDM.HHZ,0,up,3.9680089950561523,1.8896484375,73.0625
429454,9679481,CI.WCS.EHZ,0,up,9.186251640319824,1.2001953125,9.7421875
429924,9653173,CI.HMT.EHZ,0,up,7.109020233154297,1.75,40.84375
429985,10097345,CI.ALV.EHZ,0,up,13.700861930847168,1.400390625,34.65625
430174,10488685,PB.B093.EHZ,0,up,15.079906463623047,1.5595703125,65.8125
431982,10489765,CI.WSH.EHZ,0,up,12.766830444335938,1.8095703125,63.8125
432244,10326033,WR.CSP.EHZ,0,up,83.0472412109375,2.5390625,20.8125
432596,10184709,CI.BAT.EHZ,1,down,23.427221298217773,1.6103515625,19.625
432611,14883196,CI.BAC.EHZ,1,down,480.673828125,3.6796875,86.25
432659,10720597,CI.IBP.HHZ,0,up,6.408480167388916,0.91015625,15.0390625
432870,9137126,CI.RAG.EHZ,0,up,110.09746551513672,2.029296875,17.546875
432989,14262524,CI.CHF.HHZ,1,down,32.927677154541016,1.0,26.8125
433487,10749285,CI.HDB.EHZ,0,up,8.973145484924316,1.259765625,18.0625
433966,10961925,PB.B087.EHZ,1,down,547.1411743164062,2.05078125,10.3125
434450,9161146,CI.TPM.EHZ,1,down,23.815635681152344,1.9697265625,41.46875
435035,9719749,CI.PSP.EHZ,0,up,3.8934266567230225,1.2998046875,24.65625
435056,10770149,CI.BAT.EHZ,0,up,5.807561874389648,1.16015625,40.5
435117,14604876,CI.JVA.HHZ,1,down,2.5299675464630127,1.23046875,29.265625
435399,11672012,CI.WRC.EHZ,0,up,4.332322597503662,0.7001953125,24.125
435539,10185257,CI.SIL.EHZ,0,up,5.417618274688721,0.97021484375,27.90625
435577,10592061,ZY.MLDN.EHZ,0,up,17.64748764038086,1.8798828125,3.7890625
435696,14233156,CI.SGL.EHZ,0,up,15.345391273498535,2.240234375,104.8125
435827,10787325,CI.DGR.HHZ,0,up,12.248072624206543,0.77001953125,22.53125
436489,14048832,AZ.LVA2.HHZ,1,down,36.30536651611328,2.23046875,108.125
436497,11046261,EN.YOU.EHZ,0,up,63.030487060546875,1.66015625,2.26953125
436701,12619440,CI.SIL.EHZ,0,up,12.095669746398926,1.91015625,52.25
436878,9727141,CI.MIR.EHZ,1,down,38.368934631347656,1.7197265625,35.1875
436915,10407169,PB.B082.EHZ,1,down,9.065262794494629,0.469970703125,14.9921875
436957,9632105,CI.WJP.EHZ,0,up,33.04319763183594,1.580078125,18.875
437512,9774045,CI.DPP.HHZ,1,down,6.628056049346924,3.029296875,117.125
437572,10790997,AZ.RDM.HHZ,0,up,2.029297351837158,0.97021484375,44.0
437951,9165187,CI.BTL.EHZ,0,up,2.6897807121276855,1.91015625,13.78125
437957,10150545,CI.WOR.EHZ,0,up,4.321866035461426,0.740234375,19.046875
438004,11686280,CI.WRV.EHZ,0,up,22.04389762878418,1.2998046875,2.5703125
438060,11361538,PB.B082.EHZ,0,up,10.0078763961792,0.0999755859375,12.7109375
438127,10494613,CI.SNO.HHZ,0,up,5.202977657318115,0.89990234375,45.75
438134,14135692,CI.SME.EHZ,0,up,25.024425506591797,1.7001953125,47.625
438271,14096588,CI.BFS.HHZ,0,up,2.3093161582946777,1.16015625,7.37109375
438328,11208002,CI.RMM.EHZ,1,down,115.48707580566406,1.4697265625,3.689453125
438460,11344794,CI.BAR.HHZ,0,up,11.463957786560059,1.5,45.0625
438625,14396332,CI.MPM.HHZ,1,down,65.05844116210938,1.6201171875,34.78125
438906,9916569,CI.SSW.HHZ,0,up,331.9169616699219,2.419921875,1.490234375
438918,13969752,CI.WNM.EHZ,0,up,3.288198471069336,1.2001953125,40.59375
439123,9948169,CI.SKY.EHZ,0,up,1.4346210956573486,1.2001953125,28.484375
440200,14255224,CI.HMT.EHZ,0,up,51.39616775512695,1.919921875,74.0
440289,10099853,CI.LMR2.HHZ,1,down,33.542606353759766,2.83984375,96.3125
440344,9749097,CI.BTP.HHZ,1,down,9.235674858093262,1.8701171875,62.8125
440881,14190008,CI.YUH.EHZ,0,up,87.83890533447266,2.5703125,62.28125
441267,14941660,AZ.RDM.HHZ,1,down,2.094827890396118,0.449951171875,29.53125
441386,10217813,CI.SLR.HHZ,1,down,16.712810516357422,1.0595703125,14.703125
441630,10148429,AZ.FRD.HHZ,0,up,15.175453186035156,1.7099609375,60.03125
441706,14395104,AZ.CRY.HHZ,1,down,7.9420623779296875,0.8798828125,11.109375
441772,14216268,CI.CFT.EHZ,1,down,3.91170072555542,1.2998046875,6.19921875
441905,11273482,CI.LUC2.HHZ,0,up,3.989428758621216,1.580078125,23.953125
442059,9727221,CI.WOR.EHZ,0,up,4.685894012451172,2.009765625,65.6875
442072,14436008,CI.SLB.HHZ,1,down,1.9524502754211426,1.6904296875,25.6875
442337,14500956,CI.MSJ.HHZ,1,down,19.30632209777832,2.41015625,45.21875
442900,9152103,CI.WOR.EHZ,1,down,3.5034265518188477,1.2998046875,54.34375
443061,10739949,AZ.CRY.HHZ,0,up,11.766140937805176,0.6298828125,25.328125
443279,9134322,CI.GRP.EHZ,1,down,23.13873291015625,2.080078125,64.625
443770,13819836,CI.BLA.HHZ,0,up,6.8253960609436035,1.740234375,45.6875
443811,9672973,CI.BTL.EHZ,0,up,30.85861587524414,1.8603515625,22.203125
443877,9665593,CI.PLM.HHZ,1,down,34.56606674194336,2.740234375,89.8125
444132,10262665,CI.GRP.EHZ,0,up,14.008126258850098,1.669921875,68.875
444396,10396817,CI.SRT.EHZ,1,down,1.7543442249298096,0.6298828125,23.171875
444436,15010372,CI.PMD.HHZ,1,down,68.91905212402344,1.4296875,26.328125
444598,9145762,CI.WWP.EHZ,1,down,5.584784507751465,0.93994140625,34.3125
444676,10056581,CI.WRC.EHZ,0,up,15.626045227050781,1.3896484375,73.625
445316,10825485,CI.ERP.EHZ,1,down,24.71255111694336,1.5302734375,9.5
445578,14432488,CI.BEL.HHZ,1,down,19.250093460083008,2.80078125,80.1875
445802,9728841,CI.WOR.EHZ,0,up,4.853525161743164,1.150390625,51.1875
445810,14620516,CI.EMS.EHZ,1,down,9.69221019744873,2.66015625,77.6875
445834,11380122,CI.DNR.HHZ,0,up,38.12405014038086,0.97998046875,10.4375
446052,14213640,CI.SBB.EHZ,1,down,6.38787841796875,2.140625,85.625
446086,14404048,CI.HOL.EHZ,1,down,20.152132034301758,1.919921875,56.875
446225,9677505,CI.WNM.EHZ,1,down,7.889885902404785,1.25,20.59375
446541,10036929,AZ.RDM.HHZ,0,up,1.8399884700775146,0.759765625,37.21875
446652,10284713,CI.SPG2.HHZ,0,up,8.550894737243652,1.080078125,76.5
446662,10330345,CI.TPC.EHZ,1,down,4.025974750518799,0.7998046875,58.09375
446725,11362738,CI.POB.EHZ,0,up,2.8845252990722656,0.7099609375,48.9375
446797,9615585,CI.ALV.EHZ,1,down,23.490093231201172,1.740234375,45.03125
446909,10824285,PB.B087.EHZ,0,up,93.06474304199219,1.5302734375,15.828125
446933,9908069,CI.TPC.EHZ,0,up,10.039412498474121,1.5,52.46875
447275,9160213,CI.DTP.EHZ,1,down,19.957958221435547,2.130859375,66.4375
447491,10354677,PB.B084.EHZ,0,up,11.163561820983887,1.33984375,48.0625
447668,9697433,CI.WIN.EHZ,0,up,8.655488014221191,1.23046875,36.09375
448883,10227685,CI.COA.EHZ,1,down,2.131479024887085,1.7998046875,111.125
449268,9855281,CI.RMM.EHZ,1,down,200.07479858398438,2.599609375,37.46875
449275,12471444,CI.ALV.EHZ,0,up,10.513322830200195,2.1796875,86.0
450214,11101850,CI.FRK.EHZ,0,up,25.006235122680664,2.33984375,71.8125
451284,10257105,CI.CLC.HHZ,0,up,8.653444290161133,2.0,6.6484375
451354,10367849,PB.B086.EHZ,1,down,39.957950592041016,1.330078125,42.25
451651,10439681,CI.JEM.HHZ,1,down,12.099959373474121,0.91015625,45.53125
451887,11084442,NN.BEN.EHZ,1,down,101.67198181152344,2.30078125,49.8125
452138,10320841,CI.PMD.HHZ,0,up,1.343542456626892,0.93994140625,52.40625
452256,9149087,CI.PLT.EHZ,0,up,3.684673547744751,1.7900390625,68.375
452321,9963693,AZ.CRY.HHZ,0,up,49.847740173339844,1.2802734375,19.125
452885,14920892,CI.SWS.HHZ,1,down,6.855077266693115,1.419921875,40.8125
453093,10891117,CI.JEM.HHZ,0,up,6.928498268127441,1.5,25.296875
453133,10228841,AZ.MONP.HHZ,0,up,39.86869812011719,2.189453125,41.0
453212,10179673,AZ.SND.HHZ,0,up,10.346242904663086,2.140625,102.0
453404,13939212,AZ.BZN.HHZ,1,down,18.508310317993164,1.9697265625,81.0
453646,14234940,CI.PMD.HHZ,0,up,18.585596084594727,1.150390625,53.59375
453667,11035893,PB.B087.EHZ,1,down,4.7430500984191895,0.64990234375,55.0625
453924,11085058,CI.CRN.EHZ,1,down,1.782106876373291,2.470703125,31.875
454077,11365090,CI.MSC.HHZ,1,down,13.96474838256836,1.669921875,69.5
454106,10994469,CI.SS2.EHZ,0,up,123.27499389648438,2.7109375,42.34375
454544,14189176,AZ.SND.HHZ,1,down,22.602331161499023,1.6103515625,51.625
454582,10149601,CI.PLM.HHZ,0,up,3.3865511417388916,0.60009765625,36.53125
454697,10743701,AZ.LVA2.HHZ,1,down,31.631938934326172,1.2900390625,19.984375
455037,10258189,CI.YUH.EHZ,0,up,88.98715209960938,2.240234375,46.6875
455986,10996709,CI.SME.EHZ,0,up,16.769838333129883,1.33984375,13.2734375
456270,14062284,CI.SKY.EHZ,1,down,3.078733205795288,1.51953125,84.875
456357,13913592,CI.SLR.HHZ,0,up,4.615871906280518,2.189453125,63.59375
456660,10903789,CI.TOR.HHZ,0,up,17.881887435913086,1.83984375,47.34375
457034,10741949,AZ.BZN.HHZ,0,up,218.1187286376953,2.66015625,27.453125
457043,10993333,AZ.CRY.HHZ,1,down,4.99506139755249,0.1700439453125,19.4375
457142,14148292,CI.MWC.HHZ,0,up,4.686437129974365,1.1396484375,32.28125
457145,9675453,CI.WOR.EHZ,1,down,5.582874298095703,1.51953125,47.28125
457236,10527253,NP.5062.HLZ,0,up,5.973278999328613,0.7998046875,1.3896484375
457355,9625473,CI.ELS.EHZ,0,up,14.236861228942871,1.400390625,43.25
457433,10406673,CI.PEM.EHZ,0,up,17.98793601989746,1.1201171875,15.0078125
457493,11279226,EN.RED.EHZ,1,down,9.558356285095215,0.39990234375,9.1875
457556,10972287,CI.WCH.EHZ,1,down,51.78569030761719,1.740234375,21.640625
458072,14156984,CI.ALV.EHZ,1,down,12.224647521972656,2.66015625,80.4375
458087,10276149,CI.CLC.HHZ,0,up,7.152444362640381,0.360107421875,35.625
458228,12467576,CI.SGL.EHZ,0,up,39.2996940612793,1.98046875,44.59375
458441,9706825,CI.SKY.EHZ,1,down,6.049402713775635,1.4296875,23.734375
458540,9163865,CI.BBR.HHZ,1,down,6.099028587341309,2.01953125,69.75
458751,9942225,AZ.LVA2.HHZ,0,up,7.55066442489624,1.099609375,18.171875
458842,14332676,CI.WRV.EHZ,0,up,5.859375476837158,0.990234375,10.75
458925,14181340,CI.HAY.EHZ,0,up,12.9153413772583,2.919921875,112.75
460131,9806045,CI.CLI.EHZ,0,up,35.157249450683594,1.580078125,6.05078125
460327,11412506,CI.POB.EHZ,0,up,81.22584533691406,1.580078125,15.15625
460510,14174988,CI.COK.EHZ,1,down,2.5763442516326904,1.509765625,39.125
460667,14375704,CI.COK.EHZ,1,down,4.966381072998047,1.490234375,25.640625
460668,14065284,CI.JRC2.HHZ,1,down,23.97637939453125,1.599609375,18.671875
460756,14462192,CI.CGO.HHZ,1,down,43.35923385620117,1.7001953125,15.9921875
461053,11418794,PB.B087.EHZ,0,up,58.506103515625,1.5,31.15625
461056,10329961,CI.PLM.HHZ,0,up,23.02227783203125,1.48046875,23.71875
461119,14329268,PB.B081.EHZ,0,up,4.709656715393066,0.449951171875,26.59375
461598,14239784,CI.WCH.EHZ,1,down,7.015275001525879,1.2001953125,26.546875
461612,10355253,CI.BOR.HHZ,1,down,2.5162153244018555,1.0703125,66.25
461720,14599996,AZ.MONP2.HHZ,1,down,28.457887649536133,1.5703125,46.34375
461926,10330509,CI.LRR.EHZ,0,up,15.034444808959961,1.580078125,66.25
462125,10493405,CI.WBS.HHZ,0,up,4.902752876281738,1.990234375,101.125
462126,9163485,CI.SIL.EHZ,1,down,4.379306316375732,2.390625,74.625
462586,10533669,EN.HAT.EHZ,1,down,4.791698455810547,0.7998046875,7.0703125
462914,14058268,CI.WAS.EHZ,1,down,4.985533714294434,1.6298828125,23.828125
463190,9144795,CI.SSW.HHZ,1,down,2.163944721221924,2.609375,22.53125
463296,10330397,AZ.KNW.HHZ,1,down,25.483964920043945,0.580078125,3.76953125
463310,10218337,CI.MWC.HHZ,0,up,7.688288688659668,1.7001953125,26.265625
463836,9983429,CI.MOP.HHZ,1,down,30.746009826660156,4.33984375,87.125
463870,14989036,CI.WRC.EHZ,1,down,5.986273765563965,0.47998046875,13.9609375
464083,14209688,CI.SBB2.HHZ,1,down,19.07353401184082,1.6201171875,87.0
464135,11003141,PB.B084.EHZ,1,down,9.437393188476562,0.239990234375,14.7421875
464839,10149457,CI.TPO.EHZ,0,up,5.293071746826172,1.4501953125,117.1875
465574,14248980,CI.YUH.EHZ,0,up,33.52056884765625,1.4404296875,70.0
465884,9136843,CI.SIL.EHZ,1,down,8.188216209411621,1.9404296875,83.5
465909,10754157,CI.PLM.HHZ,1,down,33.463863372802734,1.330078125,6.921875
466773,10271721,PG.OC.EHZ,0,up,9.268359184265137,1.830078125,29.65625
466821,9815705,CI.BOR.HHZ,0,up,10.725199699401855,1.58984375,11.9609375
466919,10047045,CI.WSH.EHZ,1,down,29.1884765625,2.029296875,65.25
467864,14375436,CI.SME.EHZ,1,down,9.505451202392578,2.419921875,88.3125
468110,14152600,AZ.CRY.HHZ,0,up,10.46173095703125,0.8701171875,17.78125
468266,9170553,CI.WOF.EHZ,1,down,125.91358947753906,1.5595703125,26.703125
468296,9149159,CI.RMR.EHZ,0,up,4.402105331420898,1.2001953125,51.46875
468682,9726429,CI.WBM.EHZ,0,up,2.6527340412139893,1.599609375,25.1875
468755,9775445,CI.TJR.EHZ,1,down,15.366859436035156,1.0,11.75
468815,10326013,CI.SAL.HHZ,0,up,11.127863883972168,1.0595703125,11.9375
469096,14958228,EN.OBS.EHZ,1,down,15.021352767944336,1.0,2.939453125
469236,11132226,CI.POB.EHZ,0,up,29.054637908935547,0.66015625,18.15625
469354,10486149,AZ.FRD.HHZ,0,up,32.80576705932617,0.43994140625,16.1875
469381,12271432,CI.SME.EHZ,1,down,2.9469337463378906,1.76953125,51.5
469415,10489789,CI.CBK.EHZ,0,up,9.28912353515625,1.91015625,63.0
469979,10599061,ZY.WAGN.EHZ,0,up,35.91020965576172,2.48046875,22.078125
470154,9145290,CI.WCH.EHZ,1,down,4.0267486572265625,1.1201171875,21.796875
470513,9644405,CI.MPM.HHZ,0,up,124.53776550292969,2.73046875,75.5
470529,10493997,CI.MSC.HHZ,1,down,6.955434322357178,1.259765625,62.5
471491,11671388,CI.WRV.EHZ,1,down,18.287954330444336,0.75,3.5703125
471502,10178753,CI.HOL.EHZ,0,up,43.55162811279297,1.849609375,109.875
471680,15019692,AZ.CRY.HHZ,1,down,28.34335708618164,0.5498046875,9.0078125
471902,10356173,CI.TOR.HHZ,0,up,10.764739990234375,1.6396484375,60.65625
472019,9800393,AZ.PFO.HHZ,0,up,5.157799243927002,1.1796875,36.8125
472063,10202357,CI.MLAC.HHZ,1,down,26.294015884399414,1.580078125,9.7109375
472266,11004107,CI.WWP.EHZ,1,down,57.261566162109375,2.5703125,33.875
472401,9800385,CI.DAN.HHZ,1,down,5.684983253479004,2.169921875,96.1875
472622,15104100,CI.BEL.HHZ,1,down,6.864464282989502,0.97998046875,26.453125
472742,10670333,ZY.USG.EHZ,0,up,57.58079528808594,1.740234375,14.3515625
472789,13115472,CI.LTC.EHZ,1,down,7.710195541381836,1.5595703125,57.375
472949,9775465,CI.EL2.EHZ,0,up,4.0724687576293945,2.0,92.1875
473002,10543989,CI.GAV.EHZ,0,up,19.424495697021484,2.5,28.625
473025,10489293,CI.CRR.EHZ,0,up,7.156115531921387,1.849609375,36.90625
473053,14843692,CI.SWS.HHZ,1,down,3.03033185005188,1.169921875,22.859375
473097,13968632,CI.DNR.HHZ,0,up,245.7779998779297,2.029296875,15.9921875
473247,12456916,CI.ERP.EHZ,1,down,4.253378868103027,1.990234375,56.0
473371,10094909,CI.BAC.EHZ,1,down,30.18384552001953,1.509765625,21.5625
473438,11001717,CI.DJJ.HHZ,1,down,39.589256286621094,2.169921875,24.84375
474191,10062881,CI.TPC.EHZ,0,up,30.29899787902832,1.6201171875,33.8125
474367,10349589,CI.BAL.EHZ,0,up,13.552742958068848,3.330078125,106.5
474378,10217009,CI.BBS.HHZ,0,up,16.3720760345459,2.44921875,30.359375
474462,14376248,AZ.BZN.HHZ,1,down,3.980516195297241,0.3701171875,24.625
474523,14074320,CI.HMT.EHZ,1,down,6.131520748138428,1.5498046875,43.53125
474746,14863716,PB.B082.EHZ,1,down,18.885974884033203,0.91015625,42.8125
475082,9758185,CI.LFP.HHZ,1,down,3.0466814041137695,2.220703125,18.609375
475182,14396284,CI.BFS.HHZ,1,down,4.212308883666992,1.5302734375,35.90625
475220,14049964,CI.POB.EHZ,1,down,4.205111503601074,0.68994140625,21.09375
475362,11011325,AZ.BZN.HHZ,1,down,7.557234764099121,1.8798828125,95.125
475935,14025816,CI.WCS.EHZ,1,down,22.424217224121094,0.58984375,3.58984375
475965,10042705,CI.WCS.EHZ,0,up,7.1666107177734375,0.449951171875,3.5
476252,14277864,AZ.BZN.HHZ,0,up,14.260003089904785,1.400390625,39.09375
476453,13966608,CI.SGL.EHZ,1,down,5.263698577880859,1.7001953125,36.875
476700,14752932,AZ.CRY.HHZ,1,down,27.63637351989746,1.4404296875,48.65625
476791,9792905,CI.PTD.EHZ,0,up,31.25733757019043,2.9609375,41.96875
476890,14095648,CI.WNM.EHZ,0,up,42.91807174682617,2.109375,82.8125
477539,15101436,AZ.KNW.HHZ,1,down,15.147062301635742,1.3203125,36.28125
477817,9990241,CI.EW2.EHZ,0,up,30.260530471801758,2.4296875,58.8125
478044,12887624,CI.AGA.HHZ,0,up,6.1494622230529785,0.740234375,16.375
478400,11414394,AZ.RDM.HHZ,0,up,85.49717712402344,3.630859375,80.5625
478535,10482477,PB.B087.EHZ,0,up,14.945279121398926,0.47998046875,3.359375
478593,14240720,AZ.BZN.HHZ,0,up,34.31397247314453,1.7099609375,19.9375
478659,14244076,CI.JRC2.HHZ,1,down,22.62424087524414,0.300048828125,4.98046875
479071,9775689,CI.WCH.EHZ,0,up,11.799322128295898,2.0,50.71875
479274,9880533,CI.SS2.EHZ,1,down,118.0622329711914,2.3203125,7.2890625
479635,10353881,CI.JRC2.HHZ,1,down,43.41865921020508,1.0400390625,6.23046875
479890,10365445,PB.B082.EHZ,1,down,7.789666652679443,1.330078125,65.4375
479953,10435561,CI.SME.EHZ,1,down,9.042190551757812,1.08984375,24.8125
480236,11089874,PG.ML.EHZ,0,up,49.08211135864258,2.330078125,45.4375
480391,10936589,CI.BFS.HHZ,1,down,3.552863121032715,1.4599609375,20.4375
480803,13951300,CI.BAC.EHZ,1,down,9.609881401062012,1.740234375,49.34375
480950,15165761,AZ.WMC.HHZ,1,down,10.996598243713379,1.33984375,38.40625
481045,10057293,CI.BLA.HHZ,0,up,7.308717250823975,1.0,19.328125
481123,14072496,CI.CBK.EHZ,0,up,37.916038513183594,2.529296875,64.75
481609,9637329,CI.LRR.EHZ,0,up,68.40316772460938,2.599609375,109.0625
481720,10747957,PB.B918.EHZ,0,up,72.08370208740234,1.3896484375,18.34375
482036,9927985,CI.CJV.EHZ,0,up,2.1628215312957764,1.3701171875,39.34375
482144,9151172,CI.TOW.EHZ,0,up,31.858478546142578,2.310546875,62.90625
482743,13909296,CI.TPO.EHZ,1,down,57.57740020751953,2.369140625,54.375
483434,10892941,CI.RXH.HHZ,0,up,4.63734245300293,0.7998046875,2.599609375
483614,14255672,CI.MIR.EHZ,1,down,5.47313117980957,0.9599609375,16.8125
483910,14063760,CI.SUN.EHZ,1,down,9.313364028930664,2.400390625,94.625
483969,10998885,CI.CBK.EHZ,1,down,12.714061737060547,0.93994140625,12.4375
484559,10908485,AZ.LVA2.HHZ,0,up,62.327667236328125,1.330078125,22.25
485708,9855997,CI.MCT.HHZ,0,up,10.563949584960938,1.6103515625,77.5
485825,9715625,CI.EL2.EHZ,0,up,2.59623646736145,1.6904296875,67.125
486139,9814065,CI.WSH.EHZ,0,up,2.6020727157592773,1.08984375,67.0625
486178,10354661,CI.WRV.EHZ,0,up,17.32134246826172,1.7802734375,30.4375
486461,10272381,CI.YUH.EHZ,0,up,85.37667846679688,1.23046875,16.625
486832,10753933,CI.SAL.HHZ,1,down,12.952668190002441,3.140625,83.9375
486956,14383128,CI.PMD.HHZ,1,down,8.90634536743164,1.1298828125,46.75
487143,10764389,AZ.BZN.HHZ,0,up,5.054680824279785,0.89013671875,16.0
487203,10743733,AZ.FRD.HHZ,1,down,121.70604705810547,0.9599609375,12.1015625
487341,9689429,CI.WCS.EHZ,0,up,9.544920921325684,1.1396484375,11.6171875
487478,10767517,PB.B087.EHZ,0,up,303.72705078125,2.08984375,22.703125
487884,10379045,PB.B084.EHZ,0,up,27.232940673828125,1.0498046875,20.375
488014,10370877,CI.PMD.HHZ,0,up,4.66802978515625,1.5703125,98.75
488254,9928821,CI.RMR.EHZ,1,down,16.298812866210938,0.9599609375,22.578125
488342,10366817,AZ.LVA2.HHZ,0,up,19.12255096435547,0.75,25.765625
488374,10981605,CI.IKP.HHZ,1,down,223.4429168701172,1.8203125,16.6875
488623,10488717,CI.DVT.HHZ,0,up,1.1101118326187134,2.4609375,40.21875
488671,14158464,CI.BTP.HHZ,1,down,3.315696954727173,2.0,67.5
488773,14844980,CI.LTC.EHZ,1,down,19.448049545288086,1.900390625,70.5625
488988,15164433,CI.MSC.HHZ,1,down,5.59989595413208,1.4404296875,68.0
489033,14358592,AZ.KNW.HHZ,1,down,41.50400161743164,1.7802734375,30.40625
489037,11336738,CI.SUN.EHZ,0,up,4.098222732543945,1.01953125,40.59375
489131,15022060,ZY.COON.EHZ,1,down,3.082305431365967,2.119140625,25.296875
489235,10908093,CI.SLR.HHZ,1,down,7.977518081665039,0.7900390625,17.984375
489424,9993153,CI.LRR.EHZ,1,down,141.5694580078125,2.419921875,44.25
490047,14085636,CI.RAY.EHZ,0,up,6.8169965744018555,1.400390625,20.0625
490056,11277666,PB.B087.EHZ,0,up,5.684269428253174,0.509765625,13.53125
490205,10287165,CI.POB.EHZ,0,up,10.077112197875977,1.3701171875,103.625
490528,10294825,CI.BAC.EHZ,1,down,4.93366813659668,1.099609375,28.734375
490554,10993197,AZ.SND.HHZ,1,down,12.296529769897461,0.66015625,8.15625
490766,14558788,CI.XTL.EHZ,1,down,37.88734817504883,1.9697265625,51.25
490989,10996469,CI.BAT.EHZ,0,up,13.259315490722656,2.23046875,27.296875
491499,10201989,CI.WCH.EHZ,1,down,36.77725601196289,2.140625,31.375
491547,10770869,EN.LIN.EHZ,0,up,4.026742458343506,1.509765625,3.73046875
491617,13595452,CI.DEC.HHZ,1,down,6.508076190948486,1.7998046875,41.59375
491755,9168732,CI.HYS.EHZ,1,down,11.175786972045898,1.7998046875,105.0625
491827,10226221,AZ.WMC.HHZ,0,up,8.605314254760742,1.599609375,43.09375
492394,11134074,CI.SNR.HHZ,0,up,3.1208174228668213,1.0,46.53125
492672,10931341,CI.SKY.EHZ,0,up,2.941579580307007,1.3203125,32.875
492775,11125466,EN.SIM.EHZ,0,up,153.7824249267578,1.330078125,3.80078125
492864,9147784,CI.WMF.EHZ,1,down,27.90888214111328,0.81005859375,13.09375
493033,14344248,AZ.RDM.HHZ,0,up,21.822710037231445,1.349609375,17.5625
493179,9942313,CI.SKY.EHZ,1,down,11.790705680847168,1.7998046875,64.0
493482,11396378,CI.RXH.HHZ,1,down,4.63017463684082,0.81005859375,3.44921875
493687,14121184,CI.CLC.EHZ,1,down,4.6267218589782715,1.599609375,45.4375
493838,10610301,ZY.PNTO.EHZ,0,up,46.2733154296875,1.91015625,10.7578125
493890,11672608,CI.WNM.EHZ,1,down,10.52634048461914,0.72998046875,16.375
494017,11420986,PB.B084.EHZ,0,up,13.415938377380371,0.669921875,25.890625
494344,14586860,EN.YOU.EHZ,1,down,127.81945037841797,1.3896484375,5.53125
495445,9635253,CI.LUC.EHZ,0,up,9.165184020996094,2.30078125,26.25
495946,9662909,CI.JRC.HHZ,0,up,3.5499489307403564,1.009765625,12.53125
496003,14117360,CI.HOL.EHZ,0,up,8.328544616699219,1.8798828125,68.0
496161,9642233,CI.BTL.EHZ,0,up,94.6260986328125,1.7197265625,6.69140625
496453,11067957,PB.B084.EHZ,1,down,63.5953483581543,1.8798828125,27.125
496481,14240336,CI.DNR.HHZ,0,up,2.7333126068115234,1.419921875,54.65625
496548,13937356,CI.POB.EHZ,0,up,18.024322509765625,1.2001953125,9.8984375
496959,10483349,CI.CLC.HHZ,1,down,22.706619262695312,1.2998046875,69.5
496991,11377898,CI.RVR.HHZ,0,up,2.9930808544158936,0.740234375,20.09375
497031,9632645,CI.ABL.EHZ,0,up,8.317790031433105,0.8798828125,25.734375
497660,10482725,CI.SUN.EHZ,1,down,10.035529136657715,1.1298828125,22.4375
497801,10592933,ZY.SHCM.EHZ,0,up,48.713748931884766,2.080078125,14.8671875
497881,14189908,CI.OLP.HHZ,0,up,2.732600450515747,1.3095703125,3.689453125
498113,10926541,CI.EMS.EHZ,1,down,19.598752975463867,2.650390625,60.0625
498534,14095872,AZ.FRD.HHZ,0,up,26.734514236450195,0.5400390625,21.96875
499030,13695520,CI.WNM.EHZ,0,up,17.346847534179688,1.6396484375,21.34375
499254,11046613,CI.BBR.HHZ,0,up,51.181087493896484,3.16015625,61.9375
499261,9924053,AZ.FRD.HHZ,1,down,17.46449851989746,1.6201171875,65.75
499419,9635253,CI.HMT.EHZ,1,down,10.625421524047852,2.30078125,65.875
499523,14206416,CI.DSC.HHZ,1,down,43.5656852722168,1.740234375,43.03125
499533,10530013,CI.EML.HHZ,1,down,360.9300231933594,4.28125,116.875
499864,14183500,CI.BBR.HHZ,0,up,4.424294471740723,2.119140625,48.5
500181,11416778,CI.ERR.HHZ,1,down,4.168664455413818,1.5595703125,21.625
500471,10986509,CI.BC3.HHZ,0,up,7.4179863929748535,1.3603515625,21.875
500702,9132629,CI.WVP.EHZ,0,up,18.499021530151367,1.8603515625,16.1875
500717,9804653,CI.TJR.EHZ,0,up,26.949254989624023,1.6796875,38.28125
501182,11280378,CI.WCS.EHZ,0,up,2.200878620147705,0.56982421875,10.2890625
501402,14376384,CI.MSJ.HHZ,1,down,3.188169240951538,1.48046875,4.48828125
501962,14156484,CI.BEL.HHZ,1,down,5.299610614776611,1.5,26.375
502367,10636005,ZY.WAGN.EHZ,0,up,34.17428207397461,1.1796875,14.84375
502414,14220260,AZ.SND.HHZ,1,down,19.572465896606445,1.099609375,18.4375
502452,10755621,CI.RMR.EHZ,0,up,14.09157943725586,1.01953125,26.265625
502814,9984901,CI.SIP.EHZ,0,up,12.884259223937988,3.0,103.375
503162,10317745,AZ.FRD.HHZ,0,up,5.0465898513793945,1.0,20.4375
503225,11135098,PB.B087.EHZ,1,down,13.046902656555176,0.75,8.1796875
503585,9135165,CI.HOD.EHZ,0,up,24.234712600708008,2.7890625,88.25
503601,14207800,AZ.YAQ.HHZ,1,down,3.4558351039886475,0.93017578125,29.84375
503731,10992183,CI.WNM.EHZ,1,down,11.587985038757324,1.9296875,16.359375
503831,9156393,CI.XMS.EHZ,0,up,2.7940356731414795,1.8203125,101.0
504038,10398153,EN.HAT.EHZ,0,up,13.221612930297852,1.3095703125,10.40625
504418,10752605,CI.YUH.EHZ,0,up,105.95513916015625,1.0,6.16015625
504439,14179812,CI.SAL.HHZ,0,up,3.6942996978759766,1.51953125,34.09375
504579,9164102,CI.HAY.EHZ,0,up,5.294910907745361,2.140625,82.0
505160,14898988,EN.ENG.EHZ,1,down,28.361299514770508,2.0703125,13.53125
505174,9171036,CI.MDA.EHZ,1,down,7.412641525268555,1.919921875,20.671875
505480,14560548,CI.WMF.EHZ,1,down,106.02783966064453,1.8203125,13.078125
505959,14436552,CI.SIL.EHZ,1,down,6.63017463684082,1.169921875,32.71875
505979,9672897,CI.WBM.EHZ,1,down,2.8667967319488525,1.5595703125,47.4375
506103,14395640,CI.WI2.EHZ,1,down,9.845191955566406,1.8603515625,9.8203125
506500,9172231,CI.RMR.EHZ,1,down,108.3757095336914,2.330078125,27.71875
507391,10799445,PB.B082.EHZ,1,down,10.444144248962402,0.89990234375,31.515625
507485,14181012,CI.CLC.HHZ,1,down,14.215540885925293,0.47998046875,48.34375
508082,9137661,CI.GRP.EHZ,1,down,8.038651466369629,1.400390625,67.4375
508158,14159160,AZ.KNW.HHZ,0,up,14.756153106689453,1.3798828125,10.5625
508502,10344773,AZ.RDM.HHZ,0,up,3.2734053134918213,1.2099609375,74.0625
508780,14352540,CI.ERP.EHZ,1,down,4.499005317687988,3.619140625,48.5
509368,10000341,AZ.BZN.HHZ,0,up,7.4456868171691895,0.7900390625,21.53125
509887,10840413,CI.BTL.EHZ,0,up,4.838742733001709,0.85986328125,29.90625
509941,13931884,CI.MIR.EHZ,0,up,9.54495620727539,1.650390625,39.5
510040,15198033,PG.BL.EHZ,1,down,7.462048530578613,2.30078125,60.3125
510644,9880537,CI.TJR.EHZ,0,up,3.7961719036102295,1.6396484375,33.90625
511564,10312297,CI.CTW.EHZ,1,down,30.095035552978516,2.529296875,56.25
512089,9134735,CI.GRP.EHZ,1,down,20.39906883239746,2.099609375,62.46875
512174,10218329,CI.WLH.EHZ,0,up,6.4549736976623535,1.1904296875,47.96875
512844,14558588,PB.B093.EHZ,1,down,12.009416580200195,0.4599609375,21.328125
513118,9985177,CI.HOL.EHZ,0,up,7.592203617095947,1.8798828125,74.625
513143,10587765,CI.WES.HHZ,1,down,18.04680633544922,1.169921875,17.453125
513907,14241560,CI.HDB.EHZ,0,up,12.169012069702148,1.4296875,23.515625
514008,14208256,CI.RMR.EHZ,0,up,12.241864204406738,1.7998046875,67.875
514051,9168796,CI.DTP.EHZ,0,up,161.8214569091797,2.009765625,29.296875
514460,14441568,CI.EDW2.HHZ,1,down,30.15471649169922,1.8896484375,88.3125
514528,14006312,CI.FRK.EHZ,0,up,14.841238975524902,1.7001953125,24.734375
514555,9929453,CI.BLA.HHZ,1,down,12.602367401123047,1.3095703125,10.2578125
514867,10769261,CI.YUH.EHZ,1,down,22.24521255493164,1.8701171875,66.0
514988,14189448,CI.TJR.EHZ,0,up,7.842806816101074,1.5703125,98.75
515056,10057033,AZ.LVA2.HHZ,1,down,5.499861240386963,0.75,31.65625
515373,9725873,CI.HYS.EHZ,0,up,39.94122314453125,1.830078125,22.453125
515510,10662685,CI.PLE.EHZ,0,up,11.477853775024414,1.4599609375,18.78125
515742,9159116,CI.HDB.EHZ,0,up,11.228452682495117,1.099609375,15.953125
516359,9634865,CI.TOW.EHZ,1,down,11.339920043945312,1.599609375,18.40625
516434,10481965,CI.LEO.EHZ,1,down,10.700420379638672,1.2001953125,45.28125
516926,10298377,SB.WLA.HLZ,1,down,153.178955078125,1.41015625,5.671875
517506,10861485,PB.B082.EHZ,1,down,30.55956268310547,0.8798828125,11.640625
517562,9633729,CI.SME.EHZ,0,up,4.6231689453125,1.2099609375,18.71875
518625,11618668,NN.BEN.EHZ,1,down,104.8587417602539,2.169921875,33.15625
518941,14501616,CI.WWC.HHZ,1,down,4.036089897155762,1.3203125,64.6875
519824,10095709,CI.BEL.HHZ,0,up,17.512601852416992,1.4697265625,31.90625
519937,9668997,CI.CJV.EHZ,0,up,8.754863739013672,1.0595703125,3.349609375
519946,10188690,CI.CRR.EHZ,1,down,5.50105094909668,1.740234375,16.953125
520149,9646665,CI.JRC.HHZ,0,up,32.71211624145508,2.060546875,9.5078125
520663,12651440,CI.SRT.EHZ,1,down,12.621960639953613,1.5703125,17.046875
520717,9143104,CI.SME.EHZ,0,up,6.176416397094727,1.0,39.375
520754,14067432,CI.BTL.EHZ,0,up,6.449334621429443,1.0,15.25
521008,9678877,CI.WRV.EHZ,0,up,84.21418762207031,0.5,2.740234375
521445,14286584,CI.PDU.HHZ,0,up,3.035871744155884,1.6904296875,43.78125
521679,10783437,CI.DGR.HHZ,1,down,18.425758361816406,0.81005859375,37.53125
522323,10345629,AZ.SND.HHZ,0,up,4.997307300567627,1.2802734375,75.625
522382,10353109,PB.B084.EHZ,0,up,4.53471040725708,0.280029296875,14.3125
522756,14207328,CI.WBM.EHZ,0,up,5.318077087402344,0.9501953125,41.5
522890,9616829,CI.RUN.EHZ,0,up,2.4205219745635986,1.7998046875,110.8125
523597,10263741,AZ.BZN.HHZ,1,down,5.510178565979004,1.490234375,59.15625
524003,10186521,CI.SLR.HHZ,1,down,9.792763710021973,1.41015625,10.6015625
524129,14738236,CI.SNO.HHZ,1,down,3.6515872478485107,1.26953125,32.34375
524367,10353553,CI.MCT.HHZ,1,down,3.9097139835357666,1.490234375,75.5625
524570,9798577,CI.TEH.HHZ,0,up,3.1049013137817383,0.77978515625,51.96875
525021,11278026,CI.DGR.HHZ,0,up,23.25352668762207,2.490234375,86.4375
525046,10188481,AZ.WMC.HHZ,0,up,12.071907997131348,0.93017578125,10.859375
525339,14736812,PB.B916.EHZ,1,down,28.067556381225586,0.9599609375,15.53125
525668,11329698,PB.B081.EHZ,0,up,9.802177429199219,0.60986328125,8.7265625
525876,13999216,AZ.LVA2.HHZ,0,up,32.754417419433594,1.2802734375,59.5
525977,10228921,CI.LEO.EHZ,1,down,176.2271270751953,2.810546875,44.5625
526041,10859181,AZ.SND.HHZ,0,up,15.56182861328125,0.990234375,17.984375
526242,9147264,CI.MWC.EHZ,1,down,3.8698060512542725,1.4697265625,75.6875
526303,14520556,CI.TOW.EHZ,1,down,70.9616470336914,2.98046875,65.1875
526626,10765533,CI.JEM.HHZ,0,up,109.14037322998047,2.640625,56.21875
526647,14991508,CI.TPM.EHZ,1,down,7.693133354187012,1.7998046875,52.8125
526707,14239624,AZ.LVA2.HHZ,0,up,68.60318756103516,2.44921875,85.6875
526752,14860756,CI.CAR.HHZ,1,down,20.58894920349121,1.4296875,59.59375
526962,10294277,CI.TOR.HHZ,1,down,8.875412940979004,1.1796875,32.875
527065,14439080,CI.CHF.HHZ,1,down,22.31067657470703,1.599609375,47.90625
527274,10179289,CI.HEC.HHZ,0,up,25.42854881286621,0.9599609375,20.28125
527832,14177756,CI.WRV.EHZ,0,up,5.536500453948975,0.300048828125,8.671875
528742,14941980,CI.SGL.EHZ,1,down,15.518712043762207,2.23046875,70.375
528833,10183370,CI.ERP.EHZ,0,up,3.496340036392212,1.009765625,26.640625
528877,9930073,CI.DSC.HHZ,1,down,6.008408069610596,2.830078125,39.8125
529034,9169842,CI.POB.EHZ,1,down,9.977630615234375,1.5498046875,65.25
529245,14204592,AZ.FRD.HHZ,0,up,31.4063663482666,0.97021484375,9.5234375
529412,10876093,CI.TA2.HHZ,1,down,16.642045974731445,2.26953125,88.375
529996,14375248,CI.PASC.HHZ,1,down,2.8395488262176514,2.01953125,89.375
530379,9654237,AZ.FRD.HHZ,1,down,41.41054916381836,1.0,20.796875
530630,9648677,CI.MPM.HHZ,0,up,5.051742076873779,2.119140625,35.78125
530725,9149901,CI.WMF.EHZ,1,down,49.66539764404297,0.89990234375,6.30859375
530789,9148617,CI.YUH.EHZ,0,up,3.798396110534668,2.41015625,95.625
530909,10534301,CI.WES.HHZ,0,up,23.570587158203125,1.25,10.71875
531425,10758693,CI.PMD.HHZ,1,down,14.456955909729004,0.64013671875,18.4375
531457,9718245,AZ.WMC.HHZ,0,up,25.784610748291016,1.6796875,18.171875
531742,9907413,CI.WGR.HHZ,0,up,14.059829711914062,1.900390625,23.984375
531947,14476592,CI.DNR.HHZ,1,down,38.36892318725586,1.240234375,40.84375
532276,15117337,PB.B081.EHZ,1,down,15.573517799377441,1.849609375,94.6875
532363,9969597,CI.WRC.EHZ,0,up,3.00471568107605,0.39990234375,14.09375
532452,11247954,PB.B087.EHZ,0,up,45.03493881225586,1.7001953125,50.78125
532477,10397225,CI.CBK.EHZ,1,down,9.709750175476074,1.3701171875,48.5625
532912,14202168,CI.BBS.HHZ,0,up,1.892089605331421,1.9501953125,40.1875
532971,14383940,CI.DEV.HHZ,1,down,3.656094789505005,2.23046875,23.4375
533012,11390610,PB.B082.EHZ,0,up,38.051361083984375,0.9599609375,20.265625
533289,10207765,CI.SWS.HHZ,0,up,2.418442964553833,1.099609375,32.71875
533933,12448656,CI.BTL.EHZ,1,down,4.571953773498535,1.2998046875,70.125
534135,10979349,CI.MUR.HHZ,0,up,19.146032333374023,2.490234375,30.09375
534183,14492048,PB.B093.EHZ,1,down,30.81191062927246,1.73046875,53.96875
534268,9655369,CI.GTM.EHZ,1,down,10.967399597167969,1.75,20.046875
534345,9704517,CI.RAG.EHZ,0,up,11.028968811035156,1.23046875,11.859375
534604,9814113,CI.CLC.HHZ,0,up,36.4173583984375,1.080078125,32.84375
534679,14048380,CI.WRC.EHZ,0,up,7.227569103240967,0.7001953125,30.484375
534842,15199065,EN.OBS.EHZ,1,down,166.423095703125,3.25,19.859375
534877,14559508,PB.B082.EHZ,1,down,20.491125106811523,0.72998046875,11.34375
534970,11349898,AZ.SND.HHZ,1,down,4.261330604553223,0.52001953125,13.9765625
535525,11205986,BC.RMX.HHZ,1,down,26.578462600708008,1.66015625,29.515625
536127,10752117,CI.WCS.EHZ,1,down,16.944305419921875,0.31005859375,1.1904296875
536265,9163751,CI.WRV.EHZ,1,down,50.63810348510742,0.7998046875,3.91015625
536369,9155114,CI.GTM.EHZ,1,down,4.079773902893066,1.83984375,53.1875
536403,9773385,CI.WMF.EHZ,0,up,58.74913024902344,1.91015625,49.875
536434,10319653,CI.CHF.HHZ,0,up,10.504708290100098,1.51953125,73.375
537373,14255092,AZ.LVA2.HHZ,1,down,27.166805267333984,2.25,53.375
537448,10980421,CI.EMS.EHZ,0,up,11.447895050048828,2.130859375,67.1875
538249,14247976,CI.GRA.HHZ,1,down,11.287696838378906,3.330078125,107.9375
538585,10281269,CI.SIL.EHZ,0,up,61.55643844604492,1.080078125,2.470703125
539385,10025329,CI.PLS.HHZ,1,down,6.185712814331055,1.3095703125,20.71875
539625,11243850,CI.XTL.EHZ,1,down,79.42337799072266,0.990234375,18.171875
539651,13936808,CI.SIL.EHZ,1,down,12.780696868896484,1.0498046875,5.2109375
539652,9137125,CI.RAG.EHZ,0,up,36.13903045654297,1.400390625,13.671875
540214,11322466,AZ.SND.HHZ,1,down,4.710574150085449,0.93994140625,13.203125
540710,14199168,CI.SKY.EHZ,0,up,3.3577404022216797,1.650390625,34.34375
541175,12727464,CI.STG.HHZ,1,down,16.693023681640625,2.23046875,24.046875
541534,10267101,CI.TOR.HHZ,0,up,188.29916381835938,1.7900390625,20.640625
541815,9797465,CI.XTL.EHZ,1,down,27.873720169067383,2.009765625,60.125
541908,11423026,CI.LPC.HHZ,0,up,3.44744873046875,1.26953125,50.25
542092,11330634,EN.OBS.EHZ,1,down,6.698829650878906,1.0,5.140625
542135,14003448,CI.DPP.HHZ,0,up,5.713717937469482,1.51953125,64.5625
542476,10007909,NP.OKV.HLZ,1,down,2.3968794345855713,2.150390625,22.015625
542499,9161622,CI.WRV.EHZ,0,up,6.988476276397705,1.349609375,44.375
542903,14345212,CI.SPG2.HHZ,1,down,26.91838836669922,1.6298828125,96.875
543088,9135473,CI.RMR.EHZ,1,down,17.648691177368164,1.669921875,43.4375
543188,9699037,CI.HYS.EHZ,0,up,17.464271545410156,2.01953125,79.875
543634,14169620,CI.TPC.EHZ,1,down,14.123092651367188,1.08984375,106.5
543675,9984225,CI.SWS.HHZ,0,up,4.537522315979004,1.490234375,30.671875
543707,10181677,CI.JCS.HHZ,0,up,13.91140365600586,1.58984375,17.046875
543784,15018924,CI.SNO.HHZ,1,down,2.179081678390503,0.68994140625,32.28125
544763,10982293,AZ.PFO.HHZ,1,down,86.44794464111328,1.419921875,13.78125
544780,11394594,CI.SNO.HHZ,1,down,9.011652946472168,1.650390625,41.78125
545006,10795229,CI.BAC.EHZ,0,up,62.86709213256836,1.33984375,20.203125
545082,14511116,CI.SLR.HHZ,1,down,3.082993268966675,0.64013671875,18.546875
545614,10317981,AZ.KNW.HHZ,1,down,26.9842586517334,1.16015625,27.375
545636,10439641,CI.DNR.HHZ,1,down,27.362089157104492,1.419921875,18.6875
545754,11672248,CI.JRC.HHZ,0,up,7.1450371742248535,0.89990234375,10.453125
545772,9655917,CI.WIN.EHZ,0,up,99.45500946044922,2.259765625,22.09375
545842,9165582,CI.WOF.EHZ,0,up,10.697039604187012,1.5400390625,63.5625
545939,15072724,CI.WTT2.HHZ,1,down,12.36313533782959,2.509765625,11.1796875
546349,11052037,CI.MCT.HHZ,0,up,66.05316925048828,1.5498046875,37.21875
546901,10629949,ZY.PNTO.EHZ,1,down,13.366863250732422,1.23046875,1.7802734375
547166,10926925,AZ.TRO.HHZ,1,down,27.785120010375977,1.6904296875,59.1875
547851,14249072,CI.BAC.EHZ,0,up,8.133509635925293,1.1103515625,27.015625
548542,11614292,CI.RAY.EHZ,0,up,86.49313354492188,1.099609375,6.69140625
548547,10353553,SB.GVDA.HLZ,1,down,4.40383243560791,1.490234375,61.6875
548737,10347553,CI.GOR.HHZ,0,up,3.7844696044921875,0.919921875,64.25
548776,10894661,AZ.FRD.HHZ,0,up,46.43191146850586,1.1904296875,41.75
550134,9165373,CI.GTM.EHZ,1,down,4.156119346618652,1.400390625,27.984375
550641,10185473,CI.SWS.HHZ,0,up,6.003036022186279,3.5,91.5625
551392,9736445,CI.WHF.EHZ,1,down,28.617149353027344,1.9599609375,54.5625
551447,10496445,PB.B918.EHZ,0,up,66.97595977783203,1.83984375,35.59375
551723,10294545,CI.CLC.HHZ,0,up,4.237563133239746,1.3896484375,56.875
551836,9645917,CI.BBR.HHZ,1,down,16.917491912841797,2.439453125,29.390625
552344,14284984,CI.TPC.EHZ,0,up,16.492549896240234,1.25,54.8125
552718,9775993,CI.TPM.EHZ,1,down,4.242590427398682,2.2109375,70.0625
552722,14236860,CI.COK.EHZ,1,down,34.83804702758789,2.919921875,51.71875
553111,13998292,CI.WSH.EHZ,0,up,105.14765930175781,1.7998046875,41.4375
553134,10247237,AZ.LVA2.HHZ,0,up,13.252799987792969,0.52978515625,18.84375
553540,10034809,CI.WWP.EHZ,0,up,53.432071685791016,1.900390625,64.6875
553661,11333522,CI.TOR.HHZ,0,up,18.889036178588867,1.58984375,65.0625
553915,14258252,CI.BAC.EHZ,1,down,5.037644386291504,0.72998046875,57.125
554047,9696829,CI.VPD.EHZ,0,up,12.28957748413086,2.30078125,56.40625
554051,10748005,CI.WCS.EHZ,0,up,11.10593032836914,1.240234375,11.5078125
554185,15083580,CI.PMD.HHZ,1,down,29.946815490722656,1.400390625,23.140625
554220,10780645,CI.SLR.HHZ,1,down,4.404714584350586,0.8798828125,22.671875
554393,10438473,AZ.WMC.HHZ,0,up,2.1486597061157227,0.75,11.71875
554491,10319489,CI.PSD.HHZ,0,up,4.268638610839844,2.109375,41.3125
555196,14201524,AZ.CRY.HHZ,0,up,9.099588394165039,1.33984375,39.0
555472,9154020,CI.QAL.EHZ,0,up,17.79030990600586,1.6103515625,44.9375
555670,14850372,CI.BBR.HHZ,1,down,76.59274291992188,2.080078125,31.203125
556263,14854644,AZ.FRD.HHZ,1,down,24.13507843017578,0.429931640625,8.96875
556678,10173982,CI.COK.EHZ,1,down,2.1210105419158936,2.830078125,26.015625
556874,12375432,CI.FLS.EHZ,1,down,2.0436840057373047,2.2890625,116.75
557357,10593349,ZY.SHCM.EHZ,1,down,50.1513557434082,1.900390625,3.76953125
558049,10370901,AZ.BZN.HHZ,1,down,3.366753578186035,0.85986328125,49.90625
558131,10723141,AZ.MONP2.HHZ,0,up,4.114048004150391,1.1396484375,59.25
558178,10182057,AZ.BZN.HHZ,0,up,4.097195625305176,0.5498046875,24.140625
558563,9993981,CI.WHF.EHZ,0,up,19.172889709472656,1.419921875,58.125
559083,14515860,CI.BLA2.HHZ,1,down,4.9282546043396,0.83984375,63.09375
559208,9989429,AZ.SND.HHZ,0,up,3.38736891746521,1.2099609375,15.5625
559254,10869061,CI.DRE.HHZ,0,up,5.670446872711182,1.58984375,38.125
559898,10793605,CI.SAL.HHZ,1,down,4.65941047668457,1.9501953125,55.1875
559940,10060897,CI.DSC.HHZ,1,down,11.234312057495117,1.6396484375,57.8125
560158,14237784,CI.COK.EHZ,1,down,10.953272819519043,2.220703125,52.125
560231,12472168,CI.COA.EHZ,0,up,43.73357391357422,2.890625,65.1875
560234,10775973,AZ.MONP2.HHZ,0,up,2.5047857761383057,1.1396484375,53.125
560284,9967149,NC.PSM.EHZ,1,down,69.24176788330078,2.919921875,61.625
560307,13937780,CI.RMR.EHZ,0,up,32.40017318725586,1.16015625,25.96875
560912,9856661,CI.JVA.HHZ,1,down,14.439899444580078,1.7802734375,58.90625
561067,10530781,PB.B084.EHZ,1,down,2.176563024520874,0.35009765625,26.828125
561177,11129066,CI.SLR.HHZ,0,up,1.3352361917495728,0.60986328125,16.4375
561291,15016460,AZ.KNW.HHZ,1,down,20.395503997802734,0.60986328125,1.650390625
561503,15165769,CI.IRM.HHZ,1,down,10.947181701660156,1.8603515625,113.375
562123,10054305,AZ.KNW.HHZ,0,up,11.087712287902832,1.2001953125,24.40625
562568,10036017,CI.WRV.EHZ,1,down,6.976998805999756,0.5,12.078125
562776,9145600,CI.TOW.EHZ,1,down,4.86577033996582,1.6796875,17.71875
563614,10739389,AZ.HWB.HHZ,1,down,7.742193698883057,1.1396484375,62.65625
563743,10408801,AZ.PFO.HHZ,1,down,17.25908088684082,0.5498046875,20.953125
564441,11283378,CI.MSC.HHZ,1,down,49.70513153076172,1.4501953125,24.78125
564656,9667757,CI.WJP.EHZ,0,up,2.6089439392089844,1.7998046875,58.25
564726,14288004,AZ.LVA2.HHZ,0,up,119.53191375732422,2.5703125,87.4375
565019,14348664,CI.ERP.EHZ,1,down,13.342845916748047,2.529296875,50.28125
565858,10722005,AZ.PFO.HHZ,1,down,68.10982513427734,3.060546875,110.5
566274,10631421,ZY.MLDN.EHZ,0,up,12.73024845123291,1.1396484375,7.2890625
566356,14122388,CI.WAS.EHZ,0,up,2.161086320877075,0.7998046875,42.5
566685,14073416,CI.LDR.HHZ,1,down,27.35784149169922,1.240234375,16.125
567069,10746141,AZ.BZN.HHZ,0,up,7.8330559730529785,1.01953125,21.1875
567712,14920884,EN.RED.EHZ,1,down,63.51704406738281,1.2998046875,3.48046875
567766,9647365,CI.WOF.EHZ,1,down,25.624650955200195,2.83984375,92.6875
569056,13693312,CI.JVA.HHZ,0,up,12.536069869995117,2.55078125,78.9375
569136,14331844,PB.B082.EHZ,0,up,4.338372230529785,0.66015625,41.53125
570055,10396641,NP.5062.HLZ,1,down,98.11418151855469,1.7001953125,1.76953125
570527,9695989,CI.WNM.EHZ,1,down,17.220552444458008,0.64990234375,17.625
570624,14288780,CI.CRR.EHZ,0,up,108.39907836914062,2.5703125,43.3125
570769,9132236,CI.HEC.HHZ,0,up,199.8279266357422,2.349609375,6.3984375
570775,10614997,AZ.LVA2.HHZ,0,up,5.5917253494262695,0.7998046875,37.9375
570864,14476136,AZ.MONP2.HHZ,1,down,26.297264099121094,1.58984375,32.53125
571437,15076076,WR.PEC.EHZ,1,down,289.045166015625,1.669921875,10.5390625
571640,11372930,CI.FHO.HHZ,0,up,6.980117321014404,1.1201171875,29.453125
571770,13980432,CI.WHF.EHZ,1,down,121.58908081054688,1.849609375,53.1875
571846,9672089,CI.WRV.EHZ,1,down,40.66713333129883,2.2109375,2.1796875
572453,9677433,CI.WLH.EHZ,0,up,3.9239816665649414,1.3603515625,41.4375
572573,14005808,CI.WGR.HHZ,1,down,14.055935859680176,1.83984375,96.75
572613,9705225,CI.AGA.HHZ,0,up,11.615398406982422,1.509765625,31.25
572739,10169709,CI.RVR.EHZ,0,up,2.314821243286133,1.509765625,13.171875
573118,14731196,CI.DGR.HHZ,1,down,16.903480529785156,1.0595703125,29.109375
573174,10752093,CI.WMF.EHZ,0,up,2.9454689025878906,0.199951171875,13.078125
573189,13950832,AZ.YAQ.HHZ,1,down,5.25254487991333,1.6796875,27.265625
574671,14188904,CI.TOW.EHZ,1,down,20.03188705444336,1.2802734375,34.59375
574883,11129154,AZ.LVA2.HHZ,0,up,10.042012214660645,0.7900390625,17.875
574884,10729325,CI.SGL.EHZ,0,up,49.597145080566406,3.58984375,17.484375
575190,13914340,CI.JCS.HHZ,1,down,3.9130728244781494,1.7099609375,70.5625
575268,9159953,CI.SS2.EHZ,1,down,22.098264694213867,1.4404296875,12.6171875
575521,10760357,CI.BAR.HHZ,0,up,19.68914031982422,1.2900390625,66.375
575678,10205989,CI.FRK.EHZ,0,up,11.640462875366211,1.1298828125,46.84375
576052,10986957,PB.B081.EHZ,0,up,10.32221508026123,0.280029296875,5.26171875
576750,10048113,CI.WRC.EHZ,0,up,298.4776306152344,1.7900390625,14.9296875
576791,9692405,AZ.KNW.HHZ,1,down,36.34618377685547,1.5302734375,8.546875
576819,10222401,CI.WSH.EHZ,0,up,6.656545639038086,0.580078125,52.1875
576996,14563180,PB.B084.EHZ,1,down,11.67815113067627,0.68994140625,11.03125
577293,10330069,EN.RED.EHZ,1,down,3.6057231426239014,1.150390625,17.9375
577682,11381058,PB.B093.EHZ,0,up,61.8530158996582,1.099609375,21.25
578058,11411490,CI.LAF.HHZ,1,down,8.59322738647461,2.359375,16.578125
578062,9673381,CI.WOR.EHZ,1,down,62.738914489746094,2.44921875,50.375
578764,12880596,CI.LFP.HHZ,0,up,3.6531877517700195,1.580078125,5.640625
579047,14184552,CI.BFS.HHZ,0,up,10.463288307189941,2.0703125,70.125
579145,11131498,AZ.CRY.HHZ,1,down,2.956221342086792,1.580078125,87.8125
579281,9928365,CI.JRC.HHZ,0,up,3.8585643768310547,1.1201171875,9.7421875
579376,14098020,AZ.YAQ.HHZ,1,down,19.47889518737793,0.89990234375,27.328125
580716,13942348,CI.WVP.EHZ,0,up,24.103246688842773,2.5,102.625
581194,10135922,CI.CLI.EHZ,1,down,24.20285987854004,1.8701171875,9.640625
581372,10488245,EN.OBS.EHZ,1,down,246.7367401123047,2.140625,3.099609375
581774,13974136,CI.DEV.HHZ,1,down,11.155692100524902,2.25,49.6875
582169,9147252,CI.SME.EHZ,0,up,44.331207275390625,2.029296875,28.21875
582197,11127386,PB.B086.EHZ,0,up,14.931127548217773,0.89990234375,27.84375
582291,15181233,CI.MUR.HHZ,1,down,2.488945484161377,1.5302734375,66.375
582493,10380137,CI.WNM.EHZ,1,down,4.905847072601318,1.169921875,27.75
583468,15082108,CI.MSC.HHZ,1,down,3.556051254272461,1.2197265625,67.8125
583470,9144954,CI.TPM.EHZ,1,down,7.594398021697998,1.900390625,50.96875
583529,11067565,CI.WWP.EHZ,1,down,13.437562942504883,0.72998046875,39.3125
583810,9877001,CI.LDR.HHZ,0,up,69.71646118164062,2.66015625,38.125
583988,10224285,AZ.PFO.HHZ,1,down,125.4258041381836,1.4599609375,14.859375
584146,12535432,AZ.FRD.HHZ,0,up,15.548142433166504,0.93994140625,30.203125
584301,7188294,CI.WRV.EHZ,0,up,13.000557899475098,1.150390625,10.7890625
584592,14069496,AZ.YAQ.HHZ,1,down,8.54963493347168,0.97021484375,25.75
584718,10546973,CI.PEM.EHZ,0,up,39.75498580932617,1.759765625,64.1875
585014,14329448,CI.BAC.EHZ,0,up,12.950237274169922,1.3603515625,55.5625
586216,14201588,AZ.RDM.HHZ,0,up,6.176054954528809,1.419921875,96.6875
586260,9139887,CI.TPM.EHZ,1,down,5.057033061981201,1.6796875,41.5
586824,11279602,CI.YUH.EHZ,0,up,37.538108825683594,2.0,34.5625
587422,9982717,CI.CBK.EHZ,1,down,24.3922176361084,1.080078125,13.40625
587782,12459692,CI.WRV.EHZ,0,up,4.853058338165283,0.72998046875,14.1875
587946,9630773,CI.CTC.HHZ,0,up,7.889034748077393,2.9609375,91.625
588162,10256493,NC.MMI.EHZ,0,up,8.193264961242676,1.7001953125,83.25
589029,14604604,CI.HMT.EHZ,1,down,26.806859970092773,2.259765625,100.625
589296,10965037,CI.BOR.HHZ,1,down,7.203725337982178,0.97021484375,28.203125
589341,14238124,CI.POB.EHZ,1,down,74.5151596069336,2.4609375,96.5625
589724,9134873,CI.TPO.EHZ,0,up,22.03618812561035,1.6796875,52.375
590038,10547197,CI.SVD.HHZ,0,up,18.501184463500977,1.3603515625,15.0703125
591403,11064069,PB.B084.EHZ,1,down,49.079654693603516,1.4599609375,27.6875
591454,10188670,CI.WES.HHZ,0,up,5.606164932250977,2.0,21.234375
592063,10990229,AZ.CRY.HHZ,0,up,30.148521423339844,1.2900390625,41.6875
592460,14257336,CI.TPC.EHZ,0,up,19.704792022705078,1.599609375,35.84375
592568,11083010,PB.B086.EHZ,0,up,11.820199012756348,0.81982421875,26.046875
592810,9160401,AZ.BZN.HHZ,0,up,4.3815484046936035,1.5,32.9375
593378,9160476,CI.PSP.EHZ,0,up,14.939148902893066,3.0703125,64.1875
593492,14087248,CI.MPM.HHZ,0,up,27.235042572021484,0.83984375,20.34375
593731,10730509,CI.SWS.HHZ,1,down,11.824165344238281,1.9501953125,26.4375
594797,9172928,CI.WWP.EHZ,1,down,16.89604949951172,1.7001953125,38.28125
594800,10635245,ZY.PNTO.EHZ,1,down,17.754377365112305,1.169921875,35.5
594907,10205610,ZY.OYSB.EHZ,0,up,5.8744330406188965,2.0,9.84375
595253,10599957,ZY.OYSB.EHZ,1,down,131.8339080810547,1.5,3.91015625
595394,14190264,CI.WHF.EHZ,0,up,3.955049991607666,1.330078125,66.8125
595517,13692668,CI.TOW.EHZ,0,up,2.4295735359191895,0.68994140625,26.203125
595569,10004797,CI.JRC2.HHZ,0,up,560.3703002929688,1.2998046875,4.51171875
595598,10058013,AZ.FRD.HHZ,1,down,82.94290161132812,1.169921875,6.28125
596398,14555348,CI.EMS.EHZ,1,down,23.286117553710938,2.669921875,39.65625
596434,10833317,CI.CLC.HHZ,0,up,38.16813659667969,1.349609375,29.484375
596655,10544685,CI.WOF.EHZ,1,down,7.766106128692627,0.89990234375,51.90625
597962,14252988,AZ.SND.HHZ,0,up,11.226717948913574,1.0595703125,19.546875
598051,15136241,CI.CAR.HHZ,1,down,135.5064697265625,3.4296875,48.375
598214,13986684,AZ.RDM.HHZ,1,down,19.86379623413086,1.1796875,10.8828125
598251,10310953,AZ.LVA2.HHZ,0,up,10.281228065490723,0.58984375,28.5625
598657,11333378,CI.SLR.HHZ,1,down,21.137248992919922,1.9599609375,46.46875
599308,10098305,CI.SWS.HHZ,1,down,4.877808570861816,1.6201171875,60.40625
599591,10777181,PB.B093.EHZ,1,down,6.191288948059082,0.5498046875,11.5
599803,10669909,CI.LPC.HHZ,0,up,5.357844352722168,0.8798828125,105.125
599925,14883876,CI.PLM.HHZ,1,down,10.377845764160156,1.3896484375,85.5625
600592,14283512,AZ.CRY.HHZ,1,down,29.25658416748047,1.0,19.078125
600889,10206345,AZ.LVA2.HHZ,0,up,6.267228126525879,0.7099609375,42.6875
600907,9629949,CI.WNM.EHZ,0,up,43.01201248168945,2.220703125,26.421875
601133,9805817,CI.WMF.EHZ,1,down,17.935741424560547,1.0498046875,19.9375
601324,12935468,CI.SMV.HLZ,1,down,3.791182279586792,2.16015625,8.609375
601672,11415594,CI.BAR.HHZ,0,up,3.107672691345215,0.85009765625,69.625
601733,14548468,AZ.WMC.HHZ,1,down,3.039285659790039,1.0498046875,14.9765625
601860,14209428,AZ.PFO.HHZ,0,up,4.939841270446777,0.97021484375,20.28125
602237,15063084,CI.BTL.EHZ,1,down,10.190317153930664,1.150390625,32.96875
602360,9163591,CI.WRC.EHZ,1,down,33.09734344482422,1.259765625,5.01953125
602504,10628293,ZY.PNTO.EHZ,1,down,248.292724609375,3.390625,2.779296875
602661,11246794,CI.WRV.EHZ,0,up,3.848881721496582,0.1700439453125,16.4375
602760,11408386,CI.JRC2.HHZ,0,up,9.446517944335938,0.77001953125,21.78125
603450,10755253,CI.BAR.HHZ,0,up,93.48087310791016,1.83984375,65.75
603870,10246857,PB.B087.EHZ,0,up,10.485833168029785,0.7900390625,23.265625
603907,10590149,ZY.OCCM.EHZ,1,down,90.61788940429688,1.580078125,8.2578125
604316,14379832,AZ.FRD.HHZ,1,down,15.999292373657227,0.7099609375,16.578125
605086,9673157,CI.MPM.HHZ,0,up,12.150199890136719,2.009765625,34.34375
606018,14404108,CI.GOR.HHZ,1,down,6.225649356842041,2.83984375,110.25
606276,9949821,CI.BEL.HHZ,0,up,12.7905855178833,1.650390625,94.3125
606466,9803097,AZ.KNW.HHZ,1,down,7.261477947235107,1.830078125,57.625
606933,14718700,ZY.WAGN.EHZ,1,down,44.10081481933594,1.8701171875,6.62890625
607050,9160692,CI.TOW.EHZ,0,up,18.99881362915039,2.1796875,70.9375
607441,10701629,CI.YUH.EHZ,0,up,151.98345947265625,1.4296875,7.8515625
607555,11324042,CI.RMR.EHZ,1,down,7.109654903411865,1.2001953125,47.34375
607754,9965585,AZ.RDM.HHZ,1,down,17.233415603637695,2.0,82.875
607880,10013925,CI.RMR.EHZ,0,up,44.49182891845703,1.3896484375,15.8984375
607909,10541749,AZ.BZN.HHZ,0,up,15.974284172058105,1.259765625,27.515625
607954,15149049,AZ.SND.HHZ,1,down,43.2067985534668,1.8798828125,42.28125
607965,14739524,PB.B084.EHZ,1,down,3.605323076248169,0.5400390625,24.6875
608123,10318205,CI.TOW.EHZ,1,down,8.112405776977539,1.6103515625,68.875
608397,13959148,AZ.SND.HHZ,0,up,5.010161399841309,1.0,17.65625
608480,9695213,CI.CLC.HHZ,0,up,12.358514785766602,1.650390625,31.78125
608588,13947052,CI.HOL.EHZ,0,up,12.97164535522461,1.6298828125,85.375
608691,9709617,CI.GTM.EHZ,0,up,33.260498046875,2.69921875,54.59375
608733,10365377,CI.PASC.HHZ,1,down,10.168805122375488,1.6103515625,30.34375
608991,10057857,AZ.KNW.HHZ,0,up,20.28986358642578,0.89013671875,65.75
609448,10066761,CI.SAL.HHZ,0,up,3.048844575881958,1.7001953125,14.1484375
610598,9849429,AZ.FRD.HHZ,0,up,18.097850799560547,1.1796875,27.1875
610648,14993708,CI.HOL.EHZ,1,down,9.979279518127441,1.490234375,69.75
610826,14986652,CI.WES.HHZ,1,down,6.838771343231201,2.509765625,50.375
611542,14058188,AZ.CRY.HHZ,1,down,9.11284065246582,1.5595703125,83.75
611785,10235297,CI.LGU.HHZ,1,down,4.417229652404785,2.94921875,50.75
612020,11056725,PB.B081.EHZ,1,down,4.930778980255127,0.219970703125,19.46875
612058,7173946,CI.RMR.EHZ,0,up,20.154464721679688,2.390625,70.75
612205,11370018,AZ.CRY.HHZ,1,down,10.705512046813965,1.2099609375,51.3125
612383,10631037,CI.PMD.HHZ,1,down,26.220319747924805,0.759765625,18.953125
612622,10296361,CI.LMR2.HHZ,1,down,99.29348754882812,2.859375,94.5
612886,9158780,CI.XTL.EHZ,0,up,40.98074722290039,1.48046875,36.15625
613729,10378201,EN.ENG.EHZ,0,up,6.922893524169922,1.48046875,15.3984375
613953,14282828,CI.FLS.EHZ,0,up,1.4775803089141846,1.0703125,77.6875
613980,14235028,CI.WSH.EHZ,1,down,19.711139678955078,1.0400390625,41.625
614202,10378029,AZ.HWB.HHZ,0,up,8.377138137817383,0.89990234375,29.375
614240,9851485,AZ.CRY.HHZ,0,up,4.844437599182129,0.9501953125,23.046875
614508,14385932,CI.EL2.EHZ,1,down,12.922439575195312,2.439453125,65.1875
614544,14204416,CI.FLS.EHZ,1,down,4.564058780670166,2.220703125,105.25
614554,9915329,CI.CBK.EHZ,0,up,48.09728240966797,1.900390625,19.953125
615073,14262640,CI.RYS.EHZ,1,down,4.945929527282715,1.4599609375,48.15625
615491,9987425,CI.DEC.HHZ,0,up,16.763229370117188,1.490234375,14.0078125
615514,10934325,CI.BAC.EHZ,0,up,4.391385078430176,2.55078125,18.5625
615580,9157908,CI.RAG.EHZ,1,down,17.36855125427246,1.2998046875,15.5625
615620,14235432,CI.POB.EHZ,0,up,12.234772682189941,1.2900390625,25.6875
615694,10260337,AZ.BZN.HHZ,1,down,4.0452423095703125,0.85009765625,25.953125
615846,11036149,CI.SWS.HHZ,0,up,23.674636840820312,2.349609375,39.8125
615948,9808585,CI.BBR.HHZ,0,up,11.752584457397461,1.7001953125,44.0
615964,10148393,CI.RMR.EHZ,0,up,4.2288007736206055,1.1904296875,28.828125
615995,10406657,CI.MCT.HHZ,0,up,6.215237140655518,0.60009765625,39.0
616069,11023101,CI.SDR.HHZ,0,up,29.424325942993164,2.23046875,109.375
616116,10366245,CI.PSD.HHZ,0,up,5.069477558135986,1.3203125,18.4375
616144,13099448,CI.RMM.EHZ,0,up,7.227422714233398,1.2900390625,36.65625
616970,10727397,PB.B093.EHZ,1,down,8.376945495605469,1.400390625,87.0
617845,10785301,CI.LPC.HHZ,1,down,9.617087364196777,0.7900390625,23.0625
617999,15074820,PB.B082.EHZ,1,down,51.92048645019531,2.380859375,84.0625
618020,13959680,CI.CTW.EHZ,1,down,70.14137268066406,3.33984375,65.1875
618196,9644533,CI.WWP.EHZ,1,down,61.19607162475586,2.80078125,35.875
618199,15165121,CI.DGR.HHZ,1,down,27.090835571289062,1.599609375,44.09375
618206,9876501,CI.THC.EHZ,0,up,40.840362548828125,2.849609375,46.21875
618237,9793969,CI.WVP.EHZ,1,down,15.25917911529541,1.0400390625,17.203125
618396,14237668,CI.PDU.HHZ,1,down,5.040573596954346,2.390625,32.0625
619012,14200284,CI.ALV.EHZ,0,up,161.72386169433594,3.05078125,57.46875
619459,9143815,CI.GTM.EHZ,0,up,6.247842788696289,1.2001953125,21.703125
619759,9136328,CI.SME.EHZ,1,down,16.250308990478516,1.5400390625,24.640625
619769,9779169,CI.TEH.HHZ,0,up,2.9189138412475586,1.830078125,53.71875
619986,10330381,CI.SAL.HHZ,0,up,3.730273723602295,0.89990234375,35.6875
620187,14611444,CI.COK.EHZ,1,down,9.906128883361816,2.30078125,23.28125
620789,9644685,CI.WNM.EHZ,0,up,59.802467346191406,2.640625,41.875
620960,9745377,CI.WMF.EHZ,1,down,224.24569702148438,1.98046875,4.16015625
621080,11397154,NC.MDPB.HHZ,0,up,91.77867889404297,2.80078125,25.578125
621276,14235120,CI.PLM.HHZ,1,down,13.592007637023926,0.64990234375,17.59375
622179,10203057,CI.PLM.HHZ,0,up,10.610453605651855,1.509765625,37.46875
622259,10871573,CI.RAG.EHZ,1,down,2.9489612579345703,1.419921875,35.375
622452,9152213,CI.RAY.EHZ,1,down,36.896339416503906,1.5400390625,14.1484375
623385,10298485,CI.POB.EHZ,1,down,12.917584419250488,1.490234375,64.3125
623461,9909081,CI.CTC.HHZ,0,up,9.946261405944824,1.66015625,17.828125
623481,14086792,AZ.WMC.HHZ,0,up,8.982075691223145,1.1904296875,13.5703125
623556,14091240,CI.CLC.HHZ,0,up,8.963066101074219,1.099609375,30.265625
623638,9170428,CI.PSP.EHZ,1,down,6.282680034637451,1.7099609375,43.03125
623877,12615428,CI.DNR.HHZ,0,up,32.97395324707031,3.4296875,110.25
624294,10202985,CI.DRE.HHZ,1,down,13.969860076904297,1.4296875,3.830078125
624310,9797581,CI.BEL.HHZ,0,up,11.957283020019531,1.3798828125,28.71875
624322,9691225,CI.LUG.HHZ,0,up,25.09273910522461,2.380859375,54.1875
625105,12539452,CI.POB.EHZ,0,up,123.03937530517578,2.01953125,9.609375
625312,14116972,CI.RIO.HHZ,0,up,42.55335998535156,4.421875,49.21875
625989,11421578,CI.BTL.EHZ,0,up,8.756081581115723,1.3798828125,60.3125
626357,10352641,CI.SME.EHZ,0,up,57.94585418701172,1.5,24.875
626408,9720381,AZ.CRY.HHZ,0,up,9.77916145324707,1.0595703125,23.046875
626489,10369265,CI.PSD.HHZ,0,up,2.0395047664642334,1.3798828125,37.25
626499,14491464,CI.SLR.HHZ,1,down,4.400742053985596,0.77978515625,21.953125
626638,11393178,CI.HOL.EHZ,0,up,8.787322998046875,1.5498046875,31.40625
626683,10231909,CI.SLR.HHZ,1,down,14.173480987548828,1.0703125,18.078125
626771,10228665,CI.WRV.EHZ,0,up,61.36846160888672,1.4296875,14.2109375
626891,14242136,CI.YUH.EHZ,1,down,50.09840774536133,1.419921875,14.6015625
626938,14610372,AZ.WMC.HHZ,1,down,3.70131778717041,1.5,29.125
627538,9672885,CI.WLH.EHZ,0,up,164.95582580566406,2.5703125,41.34375
627548,14609956,CI.CRR.EHZ,1,down,4.083321571350098,0.7001953125,26.1875
627608,9164098,CI.SBB.EHZ,0,up,8.442240715026855,2.30078125,109.8125
627645,14006256,CI.DEV.HHZ,0,up,20.70352554321289,3.470703125,39.4375
628043,10906341,AZ.KNW.HHZ,0,up,14.855104446411133,0.5400390625,48.25
628152,9690057,CI.WVP.EHZ,0,up,357.8785400390625,1.6103515625,6.80078125
628193,9719433,CI.BOR.HHZ,0,up,24.5737247467041,1.0,28.5625
629019,10205354,CI.COK.EHZ,1,down,9.322537422180176,1.8603515625,22.484375
629034,11047333,CI.GLA.HHZ,0,up,8.9451322555542,1.990234375,95.5625
629148,9827941,CI.CFL.EHZ,1,down,15.143632888793945,1.7197265625,51.15625
629299,10146557,CI.SAL.HLZ,1,down,46.19669723510742,1.4599609375,12.921875
630212,9879721,CI.SWS.HHZ,0,up,7.252914905548096,1.8095703125,20.34375
630401,11672076,CI.WCH.EHZ,1,down,5.270467758178711,0.68994140625,23.921875
630445,9855925,CI.SME.EHZ,0,up,11.429279327392578,1.0498046875,18.703125
630457,10998445,CI.SDR.HHZ,0,up,2.3316304683685303,1.1396484375,56.1875
630755,9776641,CI.TOW.EHZ,0,up,9.470403671264648,1.48046875,60.1875
630850,9774345,CI.JUL.EHZ,0,up,2.5707786083221436,0.64013671875,40.40625
631099,9735633,CI.WIN.EHZ,0,up,23.305627822875977,1.5302734375,39.78125
631424,11395026,PB.B086.EHZ,0,up,7.515688896179199,1.0703125,26.34375
631929,15190705,PB.B082.EHZ,1,down,28.556293487548828,1.5400390625,65.0
631994,10186450,CI.ERP.EHZ,0,up,2.9704596996307373,0.93017578125,27.515625
632000,10166749,CI.TM2.EHZ,1,down,3.1751835346221924,2.0,51.125
632016,10354109,CI.PLM.HHZ,1,down,5.115521430969238,1.0498046875,34.375
632223,10312757,CI.MPM.HHZ,0,up,221.97410583496094,2.220703125,27.65625
632905,9693709,CI.WNM.EHZ,0,up,4.34495735168457,1.7099609375,21.421875
633505,14549812,CI.DNR.HHZ,1,down,5.758853912353516,0.97998046875,22.765625
633627,9168852,CI.COK.EHZ,0,up,18.82050132751465,2.169921875,35.84375
633665,10487837,CI.SLR.HHZ,0,up,6.421638488769531,1.08984375,34.09375
634247,9673269,CI.WRV.EHZ,1,down,281.6014099121094,1.6298828125,2.94921875
634927,11328802,CI.LEO.EHZ,0,up,9.825762748718262,1.3798828125,46.625
636093,11371138,CI.HOL.EHZ,1,down,8.996745109558105,1.0595703125,70.1875
636156,10149773,CI.CLC.HHZ,1,down,177.18495178222656,0.7099609375,6.94921875
636187,11389146,CI.SNR.HHZ,1,down,15.80726432800293,1.6396484375,5.390625
636446,9930241,AZ.CRY.HHZ,0,up,12.544585227966309,1.51953125,57.9375
636594,10215653,CI.BBR.HHZ,0,up,16.091991424560547,1.3095703125,5.05859375
637465,13937492,CI.CHF.HHZ,0,up,656.9873046875,3.5390625,107.9375
638145,10765749,CI.WMF.EHZ,0,up,3.1272315979003906,0.39990234375,12.71875
638755,9698789,CI.TEH.HHZ,1,down,12.66307544708252,2.0703125,97.9375
639002,9158950,CI.CDY.EHZ,1,down,30.283096313476562,2.119140625,27.703125
639342,9164251,CI.RAG.EHZ,1,down,4.488468647003174,1.2001953125,19.453125
639477,14387824,PB.B086.EHZ,1,down,10.769450187683105,1.3701171875,61.8125
639907,10869741,CI.JRC2.HHZ,0,up,108.41498565673828,0.340087890625,4.2109375
640065,9150627,CI.PKM.EHZ,0,up,13.568300247192383,2.3203125,108.0
640266,10873557,PB.B916.EHZ,1,down,3.733914852142334,0.52978515625,22.0625
640511,14218696,AZ.TRO.HHZ,1,down,7.45986795425415,1.23046875,35.96875
640741,9813009,CI.BTL.EHZ,1,down,11.381001472473145,2.23046875,32.90625
640940,9661481,CI.ELS.EHZ,0,up,14.42623519897461,1.2998046875,8.703125
641333,9715465,CI.HMT.EHZ,1,down,5.501805305480957,1.150390625,33.6875
641514,14216164,CI.HOL.EHZ,0,up,4.6056671142578125,1.51953125,75.375
641551,10226197,CI.PEM.EHZ,0,up,6.59695291519165,1.33984375,32.96875
641701,9169673,CI.WNM.EHZ,1,down,17.62217903137207,1.6298828125,22.03125
641718,9716401,CI.HMT.EHZ,1,down,8.418811798095703,1.099609375,36.4375
641827,10379749,CI.FRK.EHZ,0,up,4.641667366027832,1.2998046875,23.15625
642022,11003813,CI.TOR.HHZ,1,down,11.333006858825684,1.599609375,51.78125
642149,10218005,CI.SUN.EHZ,1,down,7.6400532722473145,1.6201171875,32.09375
642332,14075848,CI.WNM.EHZ,1,down,4.327352046966553,1.1396484375,34.8125
642388,9673385,CI.WRV.EHZ,1,down,60.89080810546875,1.759765625,1.5703125
642498,10959413,AZ.KNW.HHZ,1,down,10.269965171813965,1.1904296875,25.765625
642523,10047541,CI.GRP.EHZ,0,up,8.720237731933594,1.3603515625,68.5
642972,11277274,AZ.PFO.HHZ,1,down,27.74404525756836,0.830078125,9.0234375
643103,10186925,CI.SME.EHZ,0,up,5.635049819946289,1.0400390625,57.09375
643105,9974813,CI.SLR.HHZ,1,down,14.071783065795898,2.009765625,66.75
643181,10217229,CI.POB.EHZ,1,down,9.982985496520996,1.490234375,46.09375
643394,10377725,CI.DNR.HHZ,1,down,4.9983978271484375,0.83984375,31.890625
643489,10310769,CI.BAC.EHZ,1,down,18.957765579223633,1.01953125,21.90625
643505,10982213,PB.B081.EHZ,0,up,5.316396713256836,0.77001953125,31.546875
643593,11279026,CI.LPC.HHZ,0,up,34.80259323120117,2.05078125,48.9375
643749,14201764,CI.MGE.HHZ,0,up,19.1953125,4.171875,70.9375
643767,9828929,CI.WSH.EHZ,1,down,40.463504791259766,2.26953125,41.625
643832,13960108,CI.SS2.EHZ,0,up,6.350231170654297,1.669921875,38.65625
644140,14581844,PB.B921.EHZ,1,down,20.086374282836914,1.6904296875,53.90625
644408,9943085,CI.CHF.HHZ,0,up,21.124820709228516,1.509765625,49.6875
644668,14690908,ZY.WAGN.EHZ,1,down,30.689441680908203,2.439453125,45.21875
645538,10368033,CI.SPG2.HHZ,0,up,10.799665451049805,1.8603515625,82.3125
645749,10793301,CI.WLH.EHZ,1,down,53.43498611450195,1.099609375,5.01171875
645837,10613053,ZY.USG.EHZ,1,down,5.439749240875244,1.6796875,19.421875
646072,14207764,CI.MPM.HHZ,0,up,2.481764316558838,0.39990234375,34.875
646169,9161597,AZ.PFO.HHZ,0,up,4.371847629547119,1.5,49.71875
646266,14180044,CI.MIR.EHZ,1,down,2.6009106636047363,2.5703125,49.625
646307,10620749,ZY.PNTO.EHZ,0,up,259.034912109375,1.240234375,4.5703125
647798,9724185,CI.CIA.HHZ,0,up,3.6023523807525635,2.41015625,79.5
647911,10353441,CI.PMD.HHZ,1,down,3.364487886428833,0.8798828125,32.15625
648406,10275485,AZ.CRY.HHZ,0,up,16.764280319213867,0.52001953125,16.78125
648569,14136148,AZ.TRO.HHZ,0,up,5.029440402984619,1.2001953125,35.40625
649265,11366562,CI.BTP.HHZ,0,up,5.248990535736084,3.75,98.6875
649387,10326501,AZ.LVA2.HHZ,0,up,4.046039581298828,0.7001953125,24.296875
650008,10543901,CI.GR2.HHZ,0,up,7.680314064025879,3.3203125,102.9375
650066,14333064,AZ.LVA2.HHZ,1,down,197.28268432617188,1.91015625,16.015625
650317,11071197,PB.B921.EHZ,1,down,43.69884490966797,1.1201171875,15.1796875
651108,9941721,CI.LEO.EHZ,0,up,8.175771713256836,1.9404296875,39.40625
651449,10149037,CI.CTW.EHZ,1,down,1.605129599571228,1.0400390625,58.53125
651842,14148204,CI.WWP.EHZ,0,up,32.04412078857422,1.2001953125,39.5625
652191,14352516,CI.TOR.HHZ,1,down,3.563140630722046,1.9697265625,116.4375
652678,9686777,CI.TOW.EHZ,0,up,28.343891143798828,1.9697265625,28.953125
652998,14518436,AZ.PFO.HHZ,1,down,86.77606201171875,2.189453125,40.90625
653293,9935457,CI.WMF.EHZ,1,down,5.960299968719482,0.5,18.453125
653438,9949917,AZ.PFO.HHZ,1,down,3.7811834812164307,0.8798828125,16.953125
653456,10992509,CI.WES.HHZ,0,up,7.281872749328613,1.490234375,39.71875
653526,14209440,CI.BLK.EHZ,1,down,39.31026077270508,2.0703125,91.3125
653678,14116948,CI.MIR.EHZ,0,up,1.7678865194320679,1.4697265625,45.1875
653727,9141317,CI.WSH.EHZ,1,down,106.52530670166016,2.109375,55.125
653892,10318181,CI.SLR.HHZ,0,up,14.538533210754395,1.509765625,49.40625
654271,9133399,CI.CLC.EHZ,1,down,15.153840065002441,1.2998046875,28.3125
654317,10838405,CI.WWP.EHZ,0,up,14.205248832702637,1.26953125,41.125
654636,10330261,CI.HMT.EHZ,1,down,46.90096664428711,1.48046875,68.0
655788,9993193,CI.WNM.EHZ,1,down,35.77530288696289,1.7001953125,26.375
656204,14614900,CI.COA.EHZ,1,down,4.622610092163086,2.259765625,72.9375
656249,10730269,CI.BOR.HHZ,1,down,5.48944616317749,1.4501953125,40.46875
656295,14773220,AZ.CRY.HHZ,1,down,15.74097728729248,1.400390625,81.8125
656398,10037285,CI.TOW.EHZ,0,up,51.46572494506836,2.140625,60.46875
658257,10265641,AZ.CRY.HHZ,1,down,4.319657325744629,1.0595703125,58.28125
658274,14333212,CI.LJR.HHZ,1,down,14.231593132019043,3.060546875,86.0
658338,10056397,CI.HMT.EHZ,1,down,5.963555812835693,1.6796875,79.625
658883,12457336,CI.WES.HHZ,0,up,2.813459634780884,2.0,64.625
659210,10922365,CI.BBR.HHZ,1,down,7.272854804992676,1.1298828125,33.28125
660339,9886313,CI.YUH.EHZ,1,down,12.857344627380371,1.8701171875,65.8125
660605,9149800,CI.HDB.EHZ,1,down,26.100942611694336,1.599609375,8.890625
660795,11206266,CI.SMF2.HHZ,1,down,2.922990322113037,1.26953125,7.12109375
660873,9998117,CI.WMF.EHZ,0,up,13.662723541259766,0.300048828125,12.0078125
661700,10665325,ZY.USG.EHZ,1,down,3.6764638423919678,1.3896484375,18.453125
661744,10620453,CI.MPI.HHZ,1,down,34.71034622192383,2.279296875,34.0625
661795,9929793,CI.PLM.HHZ,0,up,7.513589859008789,1.6904296875,84.75
661979,9722637,CI.FRG.EHZ,1,down,57.16889572143555,3.220703125,59.3125
662003,10236889,CI.TOW.EHZ,0,up,6.740138053894043,1.1201171875,11.3515625
662068,15086900,CI.BAR.HHZ,1,down,37.63425064086914,1.5,44.875
662085,11388178,CI.PDR.HHZ,0,up,6.731658935546875,1.5400390625,11.0234375
662216,10752677,CI.PLM.HHZ,0,up,26.694660186767578,1.2197265625,43.03125
662295,14688604,CI.TEH.HHZ,1,down,11.247823715209961,1.6396484375,102.6875
662311,10036225,CI.JRC2.HHZ,1,down,12.369686126708984,0.39990234375,7.171875
662817,14135536,CI.MIR.EHZ,1,down,18.769872665405273,2.310546875,79.875
662962,14382544,AZ.KNW.HHZ,1,down,10.799079895019531,0.68994140625,3.509765625
664084,10167001,CI.BAC.EHZ,0,up,3.228307008743286,0.56005859375,21.640625
664382,9159937,CI.BLK.EHZ,1,down,11.597785949707031,2.0390625,90.5625
665019,10728501,NC.MMI.EHZ,0,up,94.61445617675781,2.19921875,33.84375
665097,15074172,CI.SVD.HHZ,1,down,2.572479486465454,1.759765625,17.125
665777,11412330,CI.WRV.EHZ,1,down,17.722824096679688,0.81982421875,0.8798828125
666121,10186273,CI.BAC.EHZ,0,up,28.040956497192383,1.349609375,37.875
666312,10407313,PB.B918.EHZ,0,up,25.073461532592773,1.080078125,19.265625
666643,10525733,PB.B093.EHZ,0,up,8.562761306762695,0.449951171875,20.515625
666648,11002837,CI.RXH.HHZ,0,up,9.4397611618042,1.5,2.599609375
666818,10543477,AZ.PFO.HHZ,1,down,9.639239311218262,1.8798828125,80.5
667322,14288912,SB.GVDA.HLZ,0,up,27.05097198486328,1.0302734375,4.6796875
667331,9807393,CI.HOL.EHZ,0,up,33.03742218017578,1.669921875,87.0
667723,11087194,CI.POB.EHZ,1,down,146.9763946533203,3.0,34.90625
667841,10634461,ZY.SHCM.EHZ,0,up,179.39117431640625,1.1796875,2.859375
669136,14561356,PB.B082.EHZ,1,down,20.108190536499023,0.81982421875,15.3515625
669546,14080272,AZ.CRY.HHZ,0,up,8.636100769042969,1.400390625,48.125
669705,9796065,CI.WWP.EHZ,0,up,16.17237663269043,1.76953125,61.84375
669776,14350964,CI.HMT.EHZ,1,down,4.913809299468994,0.60986328125,27.65625
669894,9153451,CI.MOP.HHZ,0,up,23.081541061401367,1.919921875,9.5703125
669996,9748541,CI.CLC.HHZ,0,up,589.6990356445312,2.490234375,33.9375
670101,10207733,AZ.LVA2.HHZ,1,down,7.467531204223633,1.51953125,86.125
670132,14214156,CI.PLM.HHZ,0,up,15.888978958129883,1.2099609375,31.796875
670244,10330177,CI.BAC.EHZ,0,up,9.444231986999512,1.2197265625,30.21875
670327,9796369,CI.TA2.HHZ,1,down,6.123739719390869,2.240234375,37.8125
670386,10329937,CI.HDB.EHZ,0,up,2.7149717807769775,1.08984375,18.0625
670611,14088348,AZ.KNW.HHZ,1,down,42.50672912597656,1.349609375,38.75
670729,10264081,PB.B086.EHZ,0,up,3.3060998916625977,0.830078125,52.0
670790,10283869,PB.B086.EHZ,0,up,19.240720748901367,0.60009765625,6.05078125
671216,10777965,CI.WI2.EHZ,1,down,14.221508026123047,1.2802734375,9.3125
671927,11133802,CI.BAT.EHZ,1,down,29.703453063964844,2.4296875,22.140625
672173,11412242,CI.BTL.EHZ,0,up,42.29561233520508,2.369140625,82.625
672262,14213568,CI.WCH.EHZ,0,up,2.978013277053833,1.2099609375,38.78125
672597,9993921,CI.THC.EHZ,0,up,16.315793991088867,1.2001953125,29.5625
672676,10216101,NP.5402.EHZ,0,up,7.7180867195129395,3.599609375,76.6875
672830,14296432,CI.YUH.EHZ,1,down,60.13031005859375,1.9501953125,16.765625
673130,10770293,WR.PEC.EHZ,0,up,8.187599182128906,1.330078125,55.375
673138,9774521,CI.RMR.EHZ,1,down,21.41305923461914,1.259765625,25.703125
673207,14921452,AZ.MONP2.HHZ,1,down,187.95448303222656,1.4697265625,14.28125
673555,14201096,CI.ALV.EHZ,0,up,2.098206043243408,1.669921875,95.125
673565,14077352,CI.WAS.EHZ,0,up,36.82805252075195,1.5,16.796875
673586,9741193,AZ.KNW.HHZ,1,down,10.101557731628418,1.080078125,29.90625
674058,10167033,CI.MWC.HHZ,0,up,7.597831726074219,1.9404296875,50.0625
674249,10761989,CI.BAT.EHZ,1,down,22.514501571655273,1.830078125,37.0625
675229,9137766,CI.RAG.EHZ,0,up,6.440781116485596,1.0,26.125
675660,10053757,CI.DNR.HHZ,1,down,7.608190536499023,1.0400390625,14.8671875
676235,10321941,CI.WNM.EHZ,1,down,2.6286232471466064,0.66015625,23.203125
676297,14185632,CI.DVT.HHZ,0,up,4.307089805603027,3.08984375,83.25
676591,14187376,CI.TPM.EHZ,0,up,5.361783504486084,1.33984375,42.53125
676847,11361434,AZ.SND.HHZ,0,up,36.98435592651367,0.93994140625,15.8671875
677582,9165532,CI.MIR.EHZ,0,up,10.197073936462402,1.5595703125,50.75
677679,10228913,CI.SGL.EHZ,0,up,27.970626831054688,1.3603515625,12.0078125
677737,9975785,AZ.CRY.HHZ,1,down,23.208154678344727,1.3896484375,27.375
677858,9810117,CI.WMF.EHZ,1,down,27.96192169189453,0.72998046875,9.390625
678231,9999209,AZ.LVA2.HHZ,0,up,33.99170684814453,1.2900390625,46.875
678295,9929821,CI.RAY.EHZ,1,down,24.794172286987305,1.6904296875,29.125
678308,11370274,CI.IKP.HHZ,1,down,57.13969802856445,1.5498046875,29.953125
678356,9963805,CI.BLK.EHZ,1,down,4.402359962463379,1.349609375,51.5
678944,10435321,CI.SS2.EHZ,0,up,86.32660675048828,2.25,36.90625
678968,11385226,AZ.SND.HHZ,1,down,15.803139686584473,0.4599609375,13.1484375
679298,10370561,CI.XTL.EHZ,0,up,26.599931716918945,3.599609375,86.875
679589,9627817,CI.POB.EHZ,1,down,15.135351181030273,1.5,68.375
679626,11378634,CI.RVR.HHZ,0,up,1.8999615907669067,1.23046875,33.53125
680188,14684684,ZY.OCCM.EHZ,1,down,27.035261154174805,1.6201171875,6.55859375
680191,14614396,CI.WES.HHZ,1,down,1.855212688446045,1.8701171875,16.140625
680294,9698401,CI.WRV.EHZ,1,down,10.323793411254883,1.509765625,1.5400390625
680442,14209448,CI.SKY.EHZ,0,up,4.047247409820557,1.33984375,25.34375
680490,13997572,CI.PDU.HHZ,0,up,5.739943981170654,1.2900390625,32.46875
680942,11370418,PB.B081.EHZ,1,down,9.53769302368164,0.419921875,4.8515625
680961,10742237,CI.BOR.HHZ,1,down,92.1258773803711,1.580078125,23.734375
681140,11273170,CI.SLB.HHZ,0,up,5.768928527832031,2.609375,71.875
681856,14155260,CI.CFT.EHZ,0,up,33.4984130859375,4.87890625,9.640625
681974,9679069,CI.WCH.EHZ,1,down,23.69406509399414,1.8603515625,22.765625
682009,9164610,CI.WSH.EHZ,1,down,10.932915687561035,1.3896484375,59.25
682012,11011357,PB.B918.EHZ,1,down,31.135900497436523,1.5498046875,18.390625
682990,10227677,CI.BOR.HHZ,0,up,137.5112762451172,0.7900390625,5.171875
683012,9155883,CI.RMR.EHZ,1,down,5.595671653747559,0.0,29.8125
683081,10256257,CI.WNM.EHZ,0,up,17.81429100036621,0.990234375,13.3828125
683180,9691121,CI.WMF.EHZ,1,down,31.18143653869629,1.2998046875,14.8984375
683313,10775037,EN.ELM.EHZ,0,up,2.671269416809082,0.39990234375,3.51953125
683621,11134010,CI.JRC2.HHZ,0,up,6.517014980316162,0.31005859375,13.40625
683984,11210490,CI.BAC.EHZ,0,up,3.106698751449585,1.150390625,43.875
684101,11067029,AZ.CPE.HHZ,0,up,4.989963531494141,1.3701171875,63.9375
684930,14073072,CI.COK.EHZ,0,up,22.79433250427246,1.990234375,10.7109375
685436,9641853,AZ.SND.HHZ,0,up,9.707023620605469,1.5,14.7421875
685439,12472672,CI.WSH.EHZ,1,down,3.9001104831695557,1.8095703125,63.40625
685467,10541733,CI.DGR.HHZ,1,down,104.50741577148438,1.25,25.328125
685492,14247164,CI.BAC.EHZ,0,up,7.228031158447266,0.6201171875,37.21875
686296,10622149,ZY.PNTO.EHZ,0,up,166.30386352539062,3.669921875,52.03125
686420,14996748,CI.PLS.HHZ,1,down,58.63075256347656,3.400390625,62.71875
687492,10169081,CI.WMF.EHZ,0,up,31.429096221923828,1.150390625,26.25
687776,14616956,CI.FRK.EHZ,1,down,2.585745334625244,2.0,84.9375
688525,9161547,CI.HDB.EHZ,1,down,17.133155822753906,2.470703125,44.4375
688621,14207040,CI.WBM.EHZ,1,down,4.055362701416016,2.5390625,45.625
688954,14168196,CI.WOF.EHZ,0,up,13.854192733764648,1.009765625,30.203125
689024,13937344,CI.BAC.EHZ,1,down,5.8308539390563965,1.0595703125,45.40625
690074,14078604,AZ.KNW.HHZ,1,down,2.4705591201782227,0.83984375,42.53125
690185,14136548,CI.ERR.HHZ,0,up,9.423332214355469,2.19921875,18.625
690190,14287268,CI.DRE.HHZ,1,down,47.60341262817383,2.490234375,3.369140625
690202,10184901,CI.BBS.HHZ,0,up,4.282479763031006,1.9501953125,17.625
690222,14220604,CI.CHF.HHZ,0,up,7.484806537628174,1.490234375,90.125
690519,10410481,CI.DJJ.HHZ,0,up,23.953689575195312,1.6201171875,20.265625
690958,11671108,CI.WCS.EHZ,0,up,3.730389356613159,0.7001953125,10.2421875
691104,11275586,PB.B084.EHZ,1,down,32.10401153564453,0.93994140625,13.140625
691211,11210434,CI.SNO.HHZ,1,down,39.29486846923828,1.1298828125,8.953125
691501,10798637,CI.WES.HHZ,0,up,5.176779747009277,1.0595703125,17.234375
692277,14848940,CI.BOR.HHZ,1,down,17.15341567993164,1.419921875,26.453125
692515,11132354,CI.LUG.HHZ,0,up,8.197832107543945,2.619140625,48.78125
692567,10760517,CI.EML.HHZ,0,up,21.43829917907715,0.83984375,51.78125
692923,9646913,CI.WNM.EHZ,1,down,32.97124099731445,2.029296875,20.84375
693060,10215241,CI.RMR.EHZ,0,up,44.18183898925781,1.099609375,14.546875
693207,10908309,CI.DGR.HHZ,0,up,32.65996170043945,1.26953125,44.46875
693214,11366274,WR.PEC.EHZ,0,up,10.186527252197266,1.6904296875,61.0
693464,15156561,CI.YUH.EHZ,1,down,8.487398147583008,1.5,31.8125
693709,11050053,CI.LEO.EHZ,0,up,11.662005424499512,1.2099609375,44.8125
693948,15200145,EN.HAT.EHZ,1,down,41.87765121459961,2.8203125,17.953125
694231,10595549,CI.SPG2.HHZ,0,up,50.45545196533203,2.310546875,84.1875
694266,14884668,CI.DRE.HHZ,1,down,14.892970085144043,2.189453125,55.15625
694789,10740325,CI.CFT.EHZ,1,down,4.087796688079834,1.0302734375,12.171875
695177,10369185,CI.COK.EHZ,0,up,3.5447628498077393,1.1103515625,26.046875
695262,9147267,CI.OLY.EHZ,0,up,12.997447967529297,1.58984375,28.015625
695423,11069381,NN.QSM.EHZ,1,down,33.81271743774414,2.400390625,70.25
695706,10278073,CI.PDE.HHZ,1,down,2.108121395111084,1.4697265625,10.8828125
695772,13908892,CI.BEL.HHZ,0,up,35.640777587890625,3.080078125,92.6875
696069,13095436,CI.WRV.EHZ,0,up,52.079376220703125,1.08984375,2.470703125
696236,9168739,AZ.CRY.HHZ,1,down,6.439993858337402,1.2001953125,46.4375
696385,10003913,CI.SNR.EHZ,1,down,7.796435356140137,2.529296875,12.8828125
697262,9159564,CI.YMD.EHZ,0,up,20.597347259521484,1.7001953125,63.34375
697535,14165056,AZ.MONP.HHZ,0,up,11.020462989807129,1.9296875,53.59375
698235,14161528,CI.JCS.HHZ,1,down,6.632235050201416,1.2001953125,49.34375
698420,14179576,AZ.KNW.HHZ,1,down,5.428861618041992,0.81982421875,29.4375
698539,15140185,PB.B081.EHZ,1,down,7.867633819580078,0.4599609375,11.203125
698790,10321401,CI.SWS.HHZ,0,up,5.432851791381836,2.169921875,57.3125
698977,10717381,CI.MSC.HHZ,0,up,8.410284042358398,0.64013671875,7.890625
699290,9635889,CI.POB.EHZ,0,up,8.82297420501709,1.75,44.28125
699360,10095645,CI.PDE.HHZ,1,down,23.15074920654297,1.7900390625,7.609375
699460,11046941,CI.CCC.HHZ,0,up,31.995040893554688,1.1201171875,29.953125
700158,10179617,CI.CRG.EHZ,0,up,7.0662126541137695,1.580078125,100.0625
700220,12447964,CI.JUL.EHZ,0,up,2.8722140789031982,1.5498046875,49.90625
700476,9141631,CI.ALV.EHZ,0,up,70.75508880615234,1.599609375,16.484375
701054,9639957,CI.WJP.EHZ,0,up,5.571284770965576,1.41015625,19.15625
701239,10483045,CI.BOR.HHZ,0,up,1.9179848432540894,1.1298828125,29.65625
701542,14155376,CI.CFT.EHZ,0,up,3.6268856525421143,1.75,8.328125
701577,9888861,CI.WCS.EHZ,0,up,5.2826762199401855,2.220703125,5.44921875
701837,10730597,CI.YUH.EHZ,0,up,34.213321685791016,1.419921875,5.671875
701910,14117388,CI.TOW.EHZ,0,up,2.8586769104003906,0.89990234375,32.34375
701930,14983772,CI.COK.EHZ,1,down,4.525597095489502,1.849609375,39.34375
701965,10994757,NN.BON.EHZ,0,up,61.63188552856445,2.1796875,64.1875
702047,10369117,CI.CCC.HHZ,1,down,14.871826171875,1.66015625,51.0
702139,10926029,EN.ENG.EHZ,1,down,14.233250617980957,1.1103515625,5.94921875
702234,13949092,CI.WRC.EHZ,0,up,8.717140197753906,0.6201171875,15.84375
702691,10353481,SB.GVDA.HLZ,0,up,84.06829833984375,2.58984375,3.48046875
703075,11390386,CI.MSC.HHZ,1,down,6.276999473571777,1.0498046875,41.65625
703272,9677761,CI.WBM.EHZ,1,down,2.5365488529205322,1.8701171875,43.1875
703480,14242516,CI.BAC.EHZ,0,up,678.1865844726562,3.689453125,42.46875
704044,13948648,CI.WBM.EHZ,0,up,5.4274067878723145,2.0390625,76.5
704115,11674732,CI.WCS.EHZ,0,up,4.1511125564575195,1.58984375,10.0703125
704449,9745573,AZ.PFO.HHZ,1,down,80.82957458496094,2.810546875,40.15625
704754,10330073,CI.POB.EHZ,1,down,7.1827192306518555,0.72998046875,28.84375
704849,14078016,CI.WWP.EHZ,0,up,14.656147003173828,1.0,30.0625
705095,10625253,ZY.WAGN.EHZ,0,up,20.67436408996582,2.26953125,69.75
705163,11065661,CI.ISA.HHZ,0,up,10.638751983642578,0.66015625,74.625
705805,9138240,CI.EW2.EHZ,1,down,22.55486488342285,2.2890625,58.03125
705862,14979972,CI.WBS.HHZ,1,down,13.555971145629883,1.2001953125,9.7578125
706097,9672569,CI.WCS.EHZ,1,down,6.414584636688232,1.3701171875,10.859375
706419,12456968,CI.EMS.EHZ,1,down,5.736402988433838,2.26953125,44.40625
707226,10791629,CI.RMR.EHZ,1,down,61.860923767089844,2.390625,85.125
708009,11082346,CI.CLC.HHZ,1,down,59.60715103149414,0.89990234375,31.15625
708072,13937436,CI.BAC.EHZ,1,down,5.477851390838623,1.5302734375,79.25
708117,10317981,CI.SKY.EHZ,0,up,2.034433603286743,1.16015625,57.1875
708219,9927565,CI.WNM.EHZ,1,down,5.547120571136475,1.33984375,16.765625
708357,9695649,CI.POB.EHZ,0,up,14.788225173950195,0.39990234375,29.96875
708372,9748949,CI.MIR.EHZ,0,up,4.388212203979492,1.3203125,29.1875
708478,14313300,CI.WCH.EHZ,0,up,92.82512664794922,2.650390625,41.90625
708528,10458605,CI.RXH.HHZ,0,up,5.100217342376709,0.5,10.4375
709071,14718996,CI.WES.HHZ,1,down,8.864456176757812,1.6201171875,14.796875
709201,10486821,AZ.BZN.HHZ,0,up,70.28328704833984,0.9599609375,12.1328125
709283,10182125,CI.DRE.HHZ,0,up,3.6519525051116943,1.2802734375,6.48046875
709324,14615268,CI.YUH.EHZ,1,down,2.3291141986846924,1.900390625,13.96875
709454,14501060,CI.SNO.HHZ,1,down,9.187443733215332,0.97021484375,6.23046875
709566,11361146,CI.FHO.HHZ,1,down,4.787084579467773,0.85986328125,25.015625
710013,10288433,AZ.BZN.HHZ,0,up,21.366531372070312,0.72021484375,26.1875
710170,9630389,CI.WSH.EHZ,1,down,94.53424835205078,2.33984375,53.90625
710291,11407610,CI.BOR.HHZ,1,down,549.0264282226562,3.30078125,15.4921875
710428,14430288,CI.LUG.HHZ,1,down,3.2932240962982178,1.599609375,64.8125
711261,10477853,EN.ELM.EHZ,0,up,2.013155460357666,1.099609375,3.51953125
711548,9616365,CI.BMT.EHZ,1,down,5.429976463317871,1.9599609375,99.8125
712045,9169241,CI.WOF.EHZ,1,down,9.000160217285156,1.9501953125,95.6875
712548,10902469,CI.HMT.EHZ,0,up,2.472672700881958,0.75,16.734375
712562,15074820,AZ.TRO.HHZ,1,down,10.419797897338867,2.380859375,71.0
712728,14297832,CI.HOL.EHZ,0,up,9.662741661071777,1.2802734375,23.8125
713609,14888308,CI.MSC.HHZ,1,down,13.032135009765625,1.0595703125,28.28125
714250,11334914,CI.DNR.HHZ,1,down,3.9651880264282227,0.39990234375,15.2578125
714305,11284274,CI.DNR.HHZ,0,up,7.577177047729492,0.81982421875,22.921875
714352,11372050,CI.CGO.HHZ,1,down,109.75701904296875,2.48046875,49.03125
714403,10034949,CI.WMF.EHZ,0,up,8.923794746398926,1.669921875,84.0625
714744,9166716,CI.HEC.HHZ,0,up,232.8201904296875,1.98046875,7.19921875
714760,15181153,CI.SGL.EHZ,1,down,28.215423583984375,2.0390625,61.90625
714797,14347044,CI.SLA.HHZ,0,up,23.722026824951172,1.599609375,40.59375
714803,13812752,CI.MPM.HHZ,0,up,3.4031002521514893,0.60009765625,34.46875
714844,10744429,PB.B916.EHZ,1,down,22.389135360717773,1.83984375,64.875
714939,11342554,CI.FHO.HHZ,0,up,7.659579753875732,0.81982421875,7.80859375
715280,11328738,CI.SS2.EHZ,0,up,3.2465319633483887,0.89990234375,25.640625
715345,14234100,AZ.PFO.HHZ,0,up,12.483732223510742,1.08984375,30.21875
715594,14219832,CI.HMT.EHZ,1,down,13.448776245117188,0.89990234375,19.015625
716130,10437953,PB.B087.EHZ,1,down,28.738340377807617,1.01953125,5.73828125
716822,9942485,CI.YMD.EHZ,0,up,6.380812168121338,1.7900390625,83.0625
717322,10313381,EN.SIM.EHZ,0,up,87.79075622558594,1.73046875,5.890625
717447,9710717,AZ.LVA2.HHZ,0,up,30.45213508605957,1.3701171875,17.59375
717617,9705149,CI.SBK.EHZ,0,up,215.36676025390625,2.01953125,8.8515625
717652,9133539,CI.GSC.HHZ,0,up,21.36799430847168,2.94921875,68.4375
717682,9656761,CI.WOR.EHZ,0,up,11.85874080657959,2.2890625,53.09375
718012,10478909,CI.CLC.HHZ,0,up,44.0871467590332,1.3203125,68.8125
718705,10380509,AZ.MONP2.HHZ,0,up,4.9460039138793945,1.3701171875,54.125
718776,10961717,CI.SWS.HHZ,0,up,17.40494155883789,2.51953125,38.15625
718857,15143577,PB.B086.EHZ,1,down,33.55172348022461,1.66015625,46.21875
719295,14894228,CI.BFS.HHZ,1,down,21.4730224609375,1.73046875,39.375
719713,14994324,PB.B087.EHZ,1,down,13.711944580078125,1.650390625,101.625
719911,10870821,CI.CLC.HHZ,1,down,18.851177215576172,0.93017578125,35.15625
719930,11034749,CI.YUH.EHZ,0,up,2.5664443969726562,1.4599609375,55.59375
719954,10767869,CI.PMD.HHZ,1,down,5.681379795074463,0.580078125,26.015625
720106,14395028,AZ.CRY.HHZ,1,down,13.521602630615234,0.469970703125,11.421875
720217,10529493,AZ.TRO.HHZ,1,down,15.567079544067383,0.8701171875,29.546875
720260,14352624,CI.TEH.HHZ,1,down,28.048370361328125,2.1796875,96.6875
720296,14257724,AZ.MONP.HHZ,0,up,20.48540496826172,1.3701171875,18.171875
720300,10965469,CI.CLI.EHZ,1,down,4.320361137390137,1.2998046875,12.1875
720563,10347325,CI.DNR.HHZ,0,up,292.9907531738281,1.9404296875,17.0625
720587,10409585,CI.EML.HHZ,0,up,46.112735748291016,1.51953125,54.125
720734,14242688,CI.CRG.EHZ,1,down,11.946157455444336,1.7099609375,86.875
721467,9632929,CI.SIL.EHZ,0,up,14.894295692443848,1.3203125,12.3828125
721634,14958476,CI.CBK.EHZ,1,down,41.857574462890625,2.779296875,95.375
722397,13635548,CI.RMM.EHZ,1,down,7.167575359344482,1.419921875,65.75
722557,14886684,CI.RSS.HHZ,1,down,41.046844482421875,2.890625,10.109375
722681,14961108,CI.JEM.HHZ,1,down,12.623781204223633,1.150390625,43.71875
722785,9621341,CI.LEO.EHZ,1,down,27.94532585144043,1.400390625,33.40625
723072,10282893,AZ.LVA2.HHZ,1,down,66.12283325195312,0.81982421875,11.71875
723165,11208274,CI.WCS.EHZ,0,up,6.678126335144043,0.3701171875,1.509765625
723276,14564044,CI.TOR.HHZ,1,down,19.24153709411621,1.490234375,47.375
723476,14061480,CI.SDR.HHZ,0,up,8.164504051208496,1.5,2.439453125
723561,14006556,CI.POB.EHZ,1,down,13.09911060333252,0.81005859375,21.953125
723909,9167674,CI.PSP.EHZ,1,down,190.9178466796875,2.55078125,28.75
723938,11103642,AZ.KNW.HHZ,1,down,23.47892189025879,1.51953125,32.40625
724034,10481245,CI.DNR.HHZ,1,down,60.09452819824219,1.7099609375,36.34375
724767,10095933,CI.WHF.EHZ,1,down,5.431929588317871,1.9296875,104.1875
724846,11544055,CI.WWP.EHZ,1,down,70.58332824707031,1.8798828125,38.125
725030,13656528,CI.IR2.EHZ,0,up,3.9906535148620605,1.73046875,72.9375
725367,13951148,CI.WOF.EHZ,1,down,4.456881999969482,0.97021484375,32.5
725441,12391496,CI.CRR.EHZ,0,up,5.024909973144531,1.58984375,46.65625
726320,9153069,CI.RMR.EHZ,1,down,8.522016525268555,1.509765625,61.4375
726368,9687229,CI.WSH.EHZ,1,down,8.236725807189941,1.5302734375,58.8125
726444,14204948,CI.MPM.HHZ,1,down,2.2627763748168945,0.300048828125,24.96875
726682,9996025,CI.ALV.EHZ,1,down,6.193145751953125,1.73046875,62.90625
726724,12371452,CI.VVD.EHZ,0,up,2.766977310180664,1.3203125,6.73828125
726820,10527997,CI.TEH.HHZ,1,down,129.97409057617188,2.970703125,97.5
727066,14149888,CI.VCS.HHZ,1,down,4.317117214202881,1.8603515625,43.9375
727665,14560500,CI.RMR.EHZ,1,down,10.030449867248535,1.8798828125,59.25
727747,14199212,AZ.YAQ.HHZ,0,up,2.7096433639526367,0.81005859375,40.78125
728179,9142703,CI.SKY.EHZ,1,down,7.773798942565918,0.89990234375,28.90625
728433,9645421,CI.JFS.EHZ,0,up,37.54076385498047,1.9501953125,1.8701171875
728541,14854508,CI.WRV.EHZ,1,down,6.963113784790039,0.6201171875,9.7421875
728909,9143560,CI.WBS.EHZ,1,down,13.315107345581055,1.3896484375,26.8125
728918,10636805,PB.B916.EHZ,0,up,26.445850372314453,1.669921875,28.6875
729488,9711561,CI.WI2.EHZ,1,down,18.783693313598633,2.16015625,8.46875
729492,9693413,CI.FRG.EHZ,0,up,22.581083297729492,2.16015625,40.4375
729759,14062536,CI.AGA.HHZ,1,down,3.814347267150879,1.23046875,31.546875
729804,10365705,AZ.KNW.HHZ,1,down,18.989551544189453,1.150390625,71.3125
729939,10367433,CI.MPM.HHZ,0,up,110.66461944580078,1.3603515625,18.703125
730293,10099869,CI.ISA.HHZ,0,up,22.658527374267578,2.470703125,116.6875
730405,10070297,CI.MPM.HHZ,0,up,6.436421871185303,0.7001953125,34.03125
730934,9878617,CI.WRC.EHZ,0,up,13.85616397857666,1.0,14.15625
731277,9693745,CI.CLC.HHZ,0,up,6.6146674156188965,2.19921875,30.734375
731334,9159938,CI.VPD.EHZ,1,down,2.8200523853302,1.2900390625,63.03125
731767,10264121,NC.MMI.EHZ,0,up,5.398617744445801,1.2998046875,80.8125
731858,9822817,CI.HMT.EHZ,0,up,18.680912017822266,1.349609375,11.9375
731961,9722305,CI.PLS.HHZ,0,up,10.135546684265137,1.5,11.6171875
732060,13980668,AZ.LVA2.HHZ,0,up,4.576291084289551,1.3701171875,52.40625
732146,9802941,CI.WRC.EHZ,1,down,25.131397247314453,1.240234375,19.84375
732241,9692013,AZ.FRD.HHZ,0,up,7.2127909660339355,0.47998046875,43.375
732322,11242778,CI.SLR.HHZ,0,up,11.713852882385254,1.349609375,28.8125
732777,14207164,WR.PYR.EHZ,1,down,5.610091209411621,2.080078125,55.65625
732856,10330133,CI.CTC.HHZ,0,up,2.604717254638672,1.9404296875,114.25
733364,10327249,AZ.KNW.HHZ,0,up,118.50653839111328,1.75,18.796875
733424,11369386,CI.FRK.EHZ,1,down,21.496280670166016,1.6298828125,13.859375
733706,14468632,PB.B081.EHZ,1,down,44.1408805847168,1.4697265625,24.234375
734356,10215765,CI.BTC.HHZ,0,up,28.278287887573242,3.650390625,85.75
734942,14190288,CI.SLR.HHZ,1,down,3.419865608215332,0.9599609375,23.296875
735058,10533653,CI.RXH.HHZ,0,up,6.851313591003418,1.48046875,3.2890625
735404,11337690,PG.EC.EHZ,1,down,12.2623291015625,1.5,30.4375
735809,11365034,CI.PMD.HHZ,0,up,21.310775756835938,1.16015625,58.8125
736752,9143065,CI.GRP.EHZ,1,down,50.42402267456055,2.1796875,56.25
736891,15008724,PB.B093.EHZ,1,down,9.171957969665527,0.89990234375,34.09375
737479,10063713,CI.BBR.HHZ,1,down,16.565765380859375,1.259765625,13.28125
737732,13961848,CI.WOF.EHZ,0,up,230.6866912841797,2.51953125,36.9375
738342,10799773,CI.HYS.EHZ,1,down,6.822145462036133,1.83984375,99.6875
738344,14262164,CI.PEM.EHZ,0,up,5.334054946899414,1.2099609375,63.8125
738544,10320877,PB.B084.EHZ,1,down,18.909887313842773,1.25,62.5625
738770,13936556,CI.HYS.EHZ,1,down,5.021049976348877,1.41015625,91.4375
738798,14023572,CI.WHF.EHZ,0,up,6.8618550300598145,1.2802734375,75.1875
738961,14176900,AZ.KNW.HHZ,0,up,3.28497576713562,0.66015625,26.765625
739174,11049133,CI.CTW.EHZ,1,down,6.187707901000977,1.7001953125,62.71875
739264,10368965,CI.SPG2.HHZ,0,up,22.352783203125,1.48046875,39.71875
740567,10236509,PB.B084.EHZ,1,down,10.931034088134766,0.8701171875,25.6875
741461,14283340,CI.YUH.EHZ,1,down,61.32606887817383,1.490234375,58.5
741633,15072316,AZ.BZN.HHZ,1,down,8.821415901184082,0.3701171875,17.828125
741940,11004613,CI.SIL.EHZ,0,up,14.461030006408691,1.240234375,13.9296875
741952,12895576,CI.WBM.EHZ,0,up,6.77018928527832,1.98046875,19.84375
742047,10201037,CI.PMD.HHZ,1,down,14.66303825378418,1.4501953125,55.46875
742272,13966184,CI.SGL.EHZ,1,down,26.954238891601562,1.990234375,36.53125
742732,14002104,CI.WES.HHZ,0,up,33.22633743286133,2.75,20.875
742950,14987028,PB.B084.EHZ,1,down,171.57269287109375,2.150390625,60.75
742998,11407634,PB.B093.EHZ,0,up,9.051064491271973,0.7099609375,31.78125
743398,12655428,CI.BAC.EHZ,1,down,6.911256790161133,2.119140625,80.9375
743692,13937628,CI.BEL.HHZ,0,up,29.762041091918945,1.8798828125,84.5625
743731,10013625,CI.WNM.EHZ,0,up,8.78929328918457,1.099609375,52.625
744425,13946648,CI.MPM.HHZ,0,up,37.62161636352539,1.2001953125,28.3125
744554,14019212,NC.PSM.EHZ,1,down,342.6172180175781,3.51953125,62.0
744608,13443428,CI.HYS.EHZ,0,up,3.435687303543091,1.599609375,88.3125
744660,14131348,AZ.PFO.HHZ,1,down,40.03899383544922,1.1796875,11.171875
745367,13911384,CI.JRC.HHZ,1,down,27.32982635498047,0.5400390625,3.5
745757,10261729,CI.DLA.HHZ,0,up,3.920560598373413,2.01953125,8.203125
746016,13944292,CI.WNM.EHZ,1,down,4.387256145477295,0.52978515625,16.09375
746296,11413746,PB.B087.EHZ,1,down,191.16673278808594,2.240234375,43.78125
746607,10859285,CI.ERP.EHZ,0,up,26.340736389160156,1.830078125,18.375
746751,14999092,CI.PMD.HHZ,1,down,22.59208106994629,0.919921875,42.53125
747231,10029553,CI.JVA.HHZ,0,up,8.00523567199707,1.5703125,69.0
747344,13323508,CI.WSH.EHZ,1,down,44.330726623535156,0.990234375,31.234375
747940,14617252,CI.COK.EHZ,1,down,5.3829665184021,2.390625,25.46875
748325,13949232,CI.GSC.HHZ,0,up,4.7297821044921875,2.029296875,110.9375
748852,10187761,CI.GAV.EHZ,0,up,17.65936851501465,1.740234375,24.71875
749088,10874429,CI.BOR.HHZ,1,down,24.907957077026367,0.89990234375,38.0625
749470,10406217,PB.B082.EHZ,0,up,32.642127990722656,1.240234375,43.78125
749769,10224185,AZ.FRD.HHZ,1,down,32.797271728515625,1.4697265625,53.28125
750018,10062341,CI.CRR.EHZ,1,down,9.916810989379883,1.259765625,21.890625
750026,14289184,CI.HDB.EHZ,0,up,80.43919372558594,1.9501953125,14.1796875
750082,9908905,AZ.KNW.HHZ,0,up,33.01607131958008,1.650390625,48.5625
750371,9998341,CI.WRC.EHZ,0,up,7.785017013549805,1.599609375,24.3125
750409,10926101,CI.SLB.HHZ,1,down,29.850914001464844,3.0,54.21875
750432,9145844,CI.WVP.EHZ,0,up,213.80673217773438,2.009765625,8.671875
750492,13942604,CI.BBR.HHZ,0,up,24.298503875732422,1.7099609375,9.09375
750501,13997456,CI.WBS.HHZ,0,up,4.335521221160889,1.4404296875,16.0625
750637,10186390,CI.EMS.EHZ,0,up,29.86598777770996,3.58984375,63.15625
750904,10295385,CI.TOR.HHZ,0,up,36.078006744384766,1.3095703125,21.359375
751222,10968971,CI.WCS.EHZ,0,up,9.6619291305542,1.8798828125,10.3203125
751354,10165885,AZ.KNW.HHZ,0,up,4.758105278015137,1.0,6.671875
751953,9635897,CI.BOR.HHZ,0,up,6.793689727783203,1.6201171875,48.125
751991,14614956,CI.COK.EHZ,1,down,9.059812545776367,2.859375,22.65625
752185,14078044,CI.BEL.HHZ,1,down,100.46044921875,1.7802734375,24.828125
752241,10257105,CI.TOW.EHZ,0,up,6.3401970863342285,2.0,11.6875
752373,9697565,CI.WRV.EHZ,1,down,46.32025146484375,1.2001953125,4.03125
752419,14924404,AZ.FRD.HHZ,1,down,866.2337646484375,1.7099609375,8.9765625
752483,10055509,WR.PYR.EHZ,1,down,7.6461052894592285,1.76953125,80.5625
752635,9166821,CI.RMM.EHZ,1,down,12.300910949707031,1.75,43.625
752710,10345465,PB.B087.EHZ,0,up,11.922871589660645,0.56005859375,25.15625
752859,9157598,CI.RMM.EHZ,1,down,5.389867782592773,1.599609375,35.71875
753076,10825149,PB.B081.EHZ,1,down,39.63746643066406,1.740234375,32.71875
753080,10766589,CI.CBK.EHZ,0,up,68.62213134765625,2.109375,15.28125
753337,14963452,AZ.KNW.HHZ,1,down,84.7419204711914,1.5302734375,30.484375
753407,9163220,CI.YUH.EHZ,0,up,15.87619686126709,1.2001953125,14.828125
753783,9148923,CI.OAK.EHZ,0,up,7.728008270263672,1.8095703125,16.125
755121,14695300,ZY.OYSB.EHZ,1,down,17.001964569091797,3.2890625,69.0625
755217,10997661,AZ.LVA2.HHZ,1,down,20.781911849975586,1.099609375,46.46875
755230,14007724,CI.RAY.EHZ,1,down,11.142280578613281,1.2197265625,30.796875
755347,9749953,CI.COA.EHZ,1,down,59.21209716796875,2.33984375,49.46875
755359,9147611,CI.RAG.EHZ,1,down,5.444877624511719,1.5595703125,31.390625
755472,10207621,AZ.LVA2.HHZ,0,up,26.719968795776367,0.72021484375,21.8125
755689,11375354,EN.ELM.EHZ,1,down,11.96742057800293,0.39990234375,3.4609375
755719,10794237,CI.BAR.HHZ,1,down,16.36060333251953,2.150390625,108.25
755802,10280845,CI.PLS.EHZ,1,down,12.545674324035645,1.3798828125,13.7109375
756841,10349221,CI.GAV.EHZ,0,up,2.6547391414642334,1.3603515625,15.296875
756923,14238124,AZ.YAQ.HHZ,0,up,80.63897705078125,2.4609375,31.34375
758062,10792373,CI.FHO.HHZ,1,down,13.41585636138916,0.93017578125,22.296875
758326,9151338,CI.WMF.EHZ,0,up,31.406280517578125,1.5,31.203125
758415,11368202,CI.WHF.EHZ,0,up,7.697310447692871,1.169921875,29.453125
758541,10329589,AZ.PFO.HHZ,1,down,7.844058513641357,1.23046875,69.1875
758641,14895196,CI.BOR.HHZ,1,down,19.550718307495117,1.3798828125,13.8671875
758924,13939832,CI.BTL.EHZ,0,up,17.6718807220459,0.919921875,15.4609375
759051,10096069,CI.JRC2.HHZ,0,up,34.05419158935547,1.099609375,6.3515625
759064,9170479,CI.LEO.EHZ,1,down,14.133360862731934,1.2001953125,8.1875
759665,10722621,CI.BAR.HHZ,0,up,12.530908584594727,1.16015625,71.125
759693,10057197,CI.BAC.EHZ,0,up,247.55447387695312,2.720703125,82.8125
759814,14562276,AZ.FRD.HHZ,1,down,7.827211380004883,0.47998046875,4.078125
759909,10988917,ZY.COON.EHZ,1,down,9.915433883666992,1.6103515625,9.03125
759928,10433513,AZ.KNW.HHZ,1,down,59.79325866699219,1.580078125,30.5
760071,10297709,NC.PSM.EHZ,1,down,64.4614028930664,2.41015625,62.6875
760085,11048773,CI.DPP.HHZ,1,down,16.8519287109375,1.169921875,47.9375
761211,10251341,CI.SS2.EHZ,1,down,72.1498031616211,1.6201171875,20.4375
761524,9877081,CI.THC.EHZ,1,down,26.036352157592773,2.2109375,45.0625
761643,10825533,CI.WRV.EHZ,1,down,66.31118774414062,1.83984375,14.0390625
762541,9713785,CI.JFS.EHZ,0,up,4.071667194366455,1.830078125,22.03125
762558,10748021,CI.WRC.EHZ,0,up,5.210555553436279,0.330078125,14.2578125
762797,13946352,AZ.KNW.HHZ,1,down,37.7581672668457,1.2998046875,23.3125
762944,14611188,CI.SWS.HHZ,1,down,8.876352310180664,2.23046875,32.625
762990,14843668,AZ.WMC.HHZ,1,down,3.495260238647461,0.5498046875,16.234375
764252,13931680,AZ.WMC.HHZ,1,down,2.499333381652832,0.58984375,13.3125
764816,14382828,EN.ELM.EHZ,1,down,2.4971296787261963,0.830078125,6.3984375
764876,9849493,AZ.CRY.HHZ,1,down,9.62659740447998,1.080078125,82.6875
765770,10206101,CI.WCS.EHZ,0,up,5.103987216949463,0.300048828125,3.859375
765913,14157160,CI.MPM.HHZ,0,up,2.8606300354003906,0.469970703125,41.8125
765985,10761493,CI.PMD.HHZ,1,down,5.669185638427734,1.759765625,21.3125
766148,14254392,AZ.BZN.HHZ,0,up,17.641508102416992,1.330078125,30.34375
766151,10785093,CI.WWC.HHZ,0,up,52.5147705078125,2.48046875,27.84375
766443,10345305,CI.PLM.HHZ,0,up,10.527900695800781,1.08984375,55.53125
766637,14179756,CI.WI2.EHZ,1,down,4.045034408569336,2.890625,15.09375
766980,10725837,AZ.LVA2.HHZ,1,down,17.647523880004883,1.650390625,90.875
767018,10025709,AZ.KNW.HHZ,1,down,7.102614402770996,1.5302734375,70.9375
767297,11084194,CI.BAR.HHZ,0,up,74.25574493408203,2.029296875,88.375
767440,13966340,CI.SWS.HHZ,0,up,21.563148498535156,1.669921875,22.40625
768450,9655925,CI.RAY.EHZ,1,down,18.06422233581543,2.5,35.625
768463,14277500,CI.SGL.EHZ,0,up,5.980291843414307,1.080078125,28.59375
768569,10791757,AZ.CRY.HHZ,0,up,231.788818359375,1.8798828125,7.80859375
768674,9157508,CI.ALV.EHZ,0,up,13.762982368469238,1.2998046875,33.5625
768892,14200148,CI.DNR.HHZ,1,down,13.569917678833008,1.0498046875,17.78125
768954,9873489,CI.WMF.EHZ,0,up,15.08442211151123,1.650390625,114.25
769779,9710617,CI.WVP.EHZ,0,up,39.58736801147461,1.3798828125,9.7890625
770160,11373002,CI.PMD.HHZ,0,up,20.88568115234375,1.5,52.875
770364,9962065,AZ.KNW.HHZ,1,down,3.6489760875701904,1.4599609375,57.0625
770499,11283570,AZ.TRO.HHZ,0,up,12.025839805603027,1.0400390625,31.90625
770537,14239560,CI.MPM.HHZ,0,up,9.126248359680176,0.56005859375,34.59375
770590,10379777,PB.B087.EHZ,1,down,25.359853744506836,1.1796875,21.453125
770644,9137880,CI.GTM.EHZ,0,up,16.082279205322266,2.140625,46.3125
770811,9735453,CI.WJP.EHZ,1,down,9.574681282043457,1.2998046875,87.75
770814,9936853,CI.JRC.HHZ,0,up,4.675288200378418,1.16015625,19.1875
770965,14492064,AZ.RDM.HHZ,1,down,1.930098533630371,0.469970703125,21.34375
771053,14463856,PB.B087.EHZ,1,down,48.79165267944336,1.490234375,58.15625
771059,10864957,AZ.LVA2.HHZ,1,down,109.9595947265625,2.349609375,44.625
771111,9616141,CI.RMM.EHZ,1,down,3.3552041053771973,2.330078125,64.25
771726,9146612,CI.GTM.EHZ,0,up,7.959334850311279,1.740234375,21.046875
771746,9877897,CI.BLA.HHZ,1,down,21.228315353393555,1.3603515625,10.671875
772051,10984421,PB.B087.EHZ,1,down,7.943489074707031,1.1904296875,51.40625
772229,10779101,CI.SWS.HHZ,1,down,13.417287826538086,1.3203125,28.9375
773408,9724297,CI.TPO.EHZ,0,up,17.998689651489258,1.58984375,56.53125
773797,14096912,CI.TPM.EHZ,0,up,4.907191276550293,1.6396484375,71.5
773935,14216668,CI.CLC.EHZ,0,up,2.7153801918029785,1.2900390625,27.5
773965,9642737,AZ.KNW.HHZ,1,down,24.422618865966797,1.3603515625,67.75
774156,15186665,CI.TEH.HHZ,1,down,498.3473205566406,2.919921875,27.0
774492,14157832,CI.DTP.EHZ,0,up,7.352916717529297,1.1201171875,51.21875
774588,14091244,CI.HOL.EHZ,0,up,78.81494903564453,1.830078125,52.25
775206,15072788,CI.WWP.EHZ,1,down,56.43630599975586,2.810546875,56.53125
775317,9667345,CI.EW2.EHZ,1,down,2.518557071685791,1.7099609375,49.0
775450,11071029,CI.BTL.EHZ,1,down,9.332996368408203,1.3701171875,31.59375
775658,13527444,CI.WSH.EHZ,0,up,15.805933952331543,1.400390625,27.375
776344,11025213,CI.JRC2.HHZ,1,down,78.62857055664062,1.2099609375,18.09375
776494,9711961,CI.WBM.EHZ,0,up,11.060587882995605,1.400390625,50.125
777093,9700525,CI.WRV.EHZ,0,up,5.908442974090576,1.099609375,1.4404296875
777521,14367660,CI.LRL.HHZ,1,down,27.452486038208008,2.279296875,32.34375
777825,9718325,CI.PSP.EHZ,1,down,4.2219557762146,1.2802734375,32.125
778074,11207906,AZ.BZN.HHZ,0,up,57.96986389160156,1.1796875,18.65625
778076,10489421,CI.COK.EHZ,1,down,5.369960308074951,1.48046875,20.453125
778144,10025113,AZ.PFO.HHZ,0,up,4.304622650146484,0.81982421875,24.25
778670,11249130,PB.B918.EHZ,1,down,43.153194427490234,2.189453125,41.25
778938,10179793,CI.CBK.EHZ,1,down,17.095115661621094,1.6796875,38.3125
779260,9694569,NC.MTC.ELZ,1,down,5.153117656707764,2.509765625,19.65625
779555,10065045,CI.JRC2.HHZ,1,down,1.878562331199646,0.39990234375,16.15625
779556,9983453,AZ.SND.HHZ,0,up,4.5574822425842285,0.39990234375,11.53125
780040,10722749,CI.COK.EHZ,1,down,1.6006593704223633,1.240234375,26.203125
780228,10207773,CI.XTL.EHZ,1,down,31.685447692871094,1.0,17.8125
780429,11006781,CI.CLI.EHZ,0,up,9.828944206237793,1.5302734375,12.65625
780670,10247089,CI.STG.HHZ,0,up,10.849538803100586,3.0390625,95.625
780890,11366538,CI.BBR.HHZ,0,up,546.9754028320312,3.6796875,82.0
780930,9720785,CI.JUL.EHZ,0,up,2.6099722385406494,1.5,50.90625
780970,14324896,CI.BFS.HHZ,0,up,123.91877746582031,2.94921875,46.5
781275,11006709,CI.TOR.HHZ,1,down,18.877246856689453,1.1103515625,30.421875
781445,9672877,CI.WNM.EHZ,1,down,4.929025173187256,0.419921875,19.515625
781525,9156858,CI.WLH.EHZ,1,down,509.96392822265625,3.080078125,31.34375
782064,9876965,CI.WWP.EHZ,0,up,19.7390193939209,2.08984375,70.0
782100,14080144,CI.HMT.EHZ,1,down,231.56471252441406,2.630859375,45.46875
782225,13966516,CI.COA.EHZ,0,up,24.87985610961914,2.2890625,41.3125
782465,11002989,CI.YUH.EHZ,1,down,44.83757400512695,2.740234375,92.1875
783652,9723125,CI.BTL.EHZ,1,down,4.3441033363342285,1.91015625,23.375
784416,9879601,CI.TEJ.EHZ,0,up,275.0960998535156,1.580078125,10.671875
784753,11089970,CI.RVR.HHZ,0,up,2.3800477981567383,0.89013671875,36.90625
785246,11210354,CI.SLA.HHZ,0,up,2.4295542240142822,1.6298828125,40.25
785326,14382628,PB.B087.EHZ,1,down,10.50442123413086,1.4404296875,76.875
785472,10100533,CI.COA.EHZ,1,down,4.649259090423584,2.119140625,49.46875
785769,9161973,CI.RMM.EHZ,1,down,6.210246562957764,1.7001953125,31.34375
786413,9162869,CI.TOW.EHZ,1,down,10.23119831085205,1.240234375,31.515625
786541,9709745,CI.HYS.EHZ,1,down,107.36324310302734,2.19921875,117.4375
786560,14938692,CI.BFS.HHZ,1,down,6.156272888183594,1.1298828125,8.0703125
786675,9139127,CI.RAG.EHZ,0,up,65.06550598144531,2.66015625,23.859375
786811,10933205,CI.WRC.EHZ,1,down,146.6505584716797,1.1396484375,1.8603515625
787031,14217540,CI.CJV.EHZ,0,up,3.157817840576172,2.75,80.4375
787194,14372584,ZY.SHF2.HHZ,1,down,1.805694341659546,1.76953125,49.59375
787313,14077780,CI.WMF.EHZ,1,down,11.349324226379395,0.89990234375,7.1484375
787664,14846044,PB.B093.EHZ,1,down,11.781359672546387,0.990234375,24.4375
788262,10776693,CI.POB.EHZ,0,up,4.60181999206543,0.9501953125,24.4375
788860,14213240,CI.WES.HHZ,0,up,13.214814186096191,1.5498046875,21.84375
789214,13912564,CI.WRC.EHZ,0,up,24.881303787231445,1.0595703125,6.5703125
789328,12987480,CI.DNR.HHZ,1,down,4.412147045135498,1.1298828125,3.7890625
789586,11052581,AZ.FRD.HHZ,0,up,5.422059059143066,1.26953125,10.4921875
789600,10760533,CI.BBR.HHZ,1,down,9.551843643188477,1.5302734375,102.125
789608,9132315,CI.PSP.EHZ,1,down,16.60771369934082,2.810546875,65.5625
789744,10484445,AZ.BZN.HHZ,0,up,9.285383224487305,0.56005859375,8.828125
789786,14097036,AZ.TRO.HHZ,0,up,5.635511875152588,0.77001953125,18.390625
790256,10347705,EN.ELM.EHZ,0,up,4.314051151275635,0.740234375,10.8984375
791210,10222109,CI.WES.HHZ,1,down,13.25737476348877,2.810546875,21.484375
791676,9141627,CI.WWP.EHZ,0,up,14.272528648376465,1.5703125,58.375
791932,10483845,CI.HMT.EHZ,0,up,22.719877243041992,1.5703125,46.90625
791995,12927544,CI.CBK.EHZ,1,down,24.744340896606445,1.5595703125,41.625
792348,10348605,CI.GAV.EHZ,1,down,4.142201900482178,1.3701171875,18.546875
792482,9646497,AZ.BZN.HHZ,1,down,15.539987564086914,2.490234375,48.5625
792665,12547440,CI.VVD.EHZ,1,down,17.29837417602539,1.7197265625,8.75
792848,13655888,CI.SS2.EHZ,0,up,12.7142972946167,1.5,26.109375
792862,10610333,ZY.USG.EHZ,1,down,88.081787109375,3.5,70.3125
793177,10055477,CI.CLC.EHZ,0,up,6.28782844543457,0.5,15.5234375
793334,10962317,PB.B081.EHZ,0,up,22.547069549560547,1.240234375,6.1796875
795348,9163634,CI.RMR.EHZ,0,up,58.762413024902344,2.099609375,42.84375
795587,11284338,CI.DNR.HHZ,0,up,8.525625228881836,0.81982421875,19.53125
795622,9751401,CI.SRT.EHZ,1,down,15.853989601135254,1.6201171875,26.140625
795834,14238980,CI.LMR2.HHZ,1,down,56.62710952758789,2.220703125,24.1875
796103,11406738,AZ.SND.HHZ,1,down,4.084343433380127,0.040008544921875,12.3828125
796168,11127802,CI.JRC2.HHZ,0,up,156.56320190429688,1.5498046875,14.0625
796362,9696081,CI.HYS.EHZ,1,down,29.794151306152344,2.580078125,58.6875
796529,14170856,CI.BLC.EHZ,0,up,108.18762969970703,1.6103515625,5.75
796870,9851789,CI.BBR.HHZ,0,up,3.9693942070007324,0.72998046875,25.578125
796967,9646505,AZ.SND.HHZ,1,down,9.079023361206055,1.8896484375,54.4375
797024,9880781,CI.WNM.EHZ,0,up,23.13701820373535,2.83984375,89.75
797091,10054793,CI.WHF.EHZ,1,down,6.133021831512451,1.2998046875,21.046875
797905,10216217,CI.BAC.EHZ,0,up,29.409921646118164,1.2001953125,77.25
798003,7200830,CI.TAB.EHZ,1,down,5.131138801574707,1.51953125,47.1875
798040,9941645,CI.AGA.HHZ,1,down,9.936678886413574,1.41015625,20.109375
798171,9693349,CI.WRC.EHZ,0,up,15.991800308227539,1.2998046875,20.84375
798206,12979440,CI.WHF.EHZ,0,up,16.55644416809082,1.2197265625,70.25
798260,10358417,AZ.PFO.HHZ,1,down,28.345788955688477,2.0703125,12.171875
798945,9827757,CI.TEJ.EHZ,0,up,59.62393569946289,1.73046875,19.703125
799101,10223905,CI.SME.EHZ,0,up,40.10124588012695,2.41015625,46.59375
799151,13159460,CI.DPP.HHZ,1,down,19.12393569946289,2.009765625,51.25
799214,10964677,CI.WOF.EHZ,1,down,6.113638401031494,1.1298828125,23.796875
799336,9154146,CI.IRS.EHZ,1,down,3.277733087539673,3.16015625,35.71875
800432,10182901,CI.JCS.HHZ,1,down,3.7823946475982666,1.6201171875,53.375
801198,14199812,CI.MPM.HHZ,0,up,3.625626802444458,1.0703125,53.28125
802062,10905461,CI.CTC.HHZ,0,up,34.25196075439453,1.0703125,15.34375
802442,14325600,CI.PLS.EHZ,1,down,4.94068717956543,1.400390625,13.6171875
802489,14379552,CI.WOF.EHZ,1,down,31.09048843383789,1.4697265625,31.53125
802588,10901469,CI.DRE.HHZ,1,down,3.445927619934082,2.44921875,39.28125
802683,10250373,PB.B081.EHZ,0,up,4.872220039367676,0.77001953125,41.53125
803069,10750245,PB.B084.EHZ,1,down,7.641385555267334,0.2900390625,14.6015625
803140,12883804,AZ.KNW.HHZ,1,down,133.60194396972656,1.9599609375,51.65625
803762,11367442,PB.B087.EHZ,0,up,23.39535140991211,0.56005859375,5.921875
803774,9882329,CI.WRV.EHZ,0,up,158.90829467773438,4.5390625,103.3125
803938,14154828,AZ.PFO.HHZ,0,up,5.226672649383545,1.41015625,54.875
804192,9981233,CI.HEC.HHZ,0,up,29.504056930541992,1.33984375,27.90625
804850,14175912,CI.DTP.EHZ,0,up,243.69606018066406,1.7197265625,30.265625
805272,11010989,CI.ISA.HHZ,0,up,84.8443603515625,3.130859375,93.5
806109,14434392,CI.TOR.HHZ,1,down,2.634202718734741,1.4296875,54.84375
806630,9880781,CI.WOF.EHZ,0,up,112.44894409179688,2.83984375,25.09375
806793,10168753,CI.DSC.HHZ,0,up,4.000349044799805,2.0703125,65.625
807265,14343612,CI.SBB2.HHZ,0,up,2.42294979095459,1.490234375,114.125
807846,10778869,CI.IBP.HHZ,0,up,6.370540618896484,2.259765625,18.515625
807983,9658681,CI.POB.EHZ,0,up,301.90362548828125,3.150390625,15.171875
808227,10094253,CI.PDE.HHZ,1,down,38.44950485229492,3.58984375,71.5625
808646,14072556,CI.TOW.EHZ,0,up,2.8580853939056396,1.099609375,30.515625
809001,9943213,AZ.RDM.HHZ,0,up,8.026810646057129,1.2001953125,18.0
809198,14463808,CI.ISA.HHZ,1,down,17.025035858154297,1.919921875,98.1875
809415,9148436,CI.CDY.EHZ,0,up,195.94366455078125,3.08984375,20.203125
809511,9980649,AZ.BZN.HHZ,0,up,15.762083053588867,1.41015625,63.46875
810251,14097928,AZ.WMC.HHZ,0,up,5.507081508636475,0.83984375,11.7265625
811134,9619249,CI.ISA.HLZ,1,down,55.47103500366211,1.830078125,10.9375
811954,11328362,AZ.CPE.HHZ,0,up,6.431884288787842,1.099609375,66.75
812072,10530845,AZ.CRY.HHZ,0,up,53.01197814941406,1.2001953125,16.953125
812438,14202440,CI.CBK.EHZ,0,up,2.8293685913085938,0.93017578125,34.625
813357,10318789,ZY.SHF2.HHZ,0,up,9.662609100341797,1.7001953125,54.1875
813522,9721393,CI.WCS.EHZ,0,up,2.462660074234009,1.5,16.046875
813725,9711917,CI.WOR.EHZ,0,up,101.17512512207031,2.099609375,19.46875
813911,9653637,CI.JRC.HHZ,1,down,5.330796241760254,2.30078125,29.453125
814164,10411009,CI.TOR.HHZ,0,up,5.519388675689697,1.3798828125,42.96875
814272,11412122,PB.B082.EHZ,1,down,13.98458194732666,0.56005859375,15.7734375
814401,9643349,CI.STC.HHZ,0,up,8.409424781799316,2.880859375,65.8125
814485,14187200,CI.PLM.HHZ,1,down,15.656946182250977,1.5703125,41.5
814524,14430592,AZ.MONP2.HHZ,1,down,26.848251342773438,0.9599609375,17.28125
815136,10656341,AZ.PFO.HHZ,0,up,4.478240966796875,0.60009765625,29.0625
815269,11392386,CI.FHO.HHZ,1,down,13.126463890075684,0.97998046875,16.8125
816284,14288368,CI.SAL.HHZ,1,down,18.06801414489746,1.509765625,15.2890625
816343,10236309,CI.WGR.HHZ,1,down,74.31672668457031,1.6904296875,17.671875
816551,14555244,CI.HMT.EHZ,1,down,3.614564895629883,0.8701171875,59.9375
817552,10532821,CI.WWC.HHZ,0,up,6.127416610717773,1.2001953125,32.65625
817737,10317741,CI.CRG.EHZ,1,down,6.079664707183838,1.2900390625,82.5625
817758,13966364,CI.BTC.HLZ,0,up,7.905965805053711,2.4296875,32.15625
818256,14130180,CI.TPC.EHZ,0,up,13.551992416381836,1.240234375,88.375
818337,10398369,AZ.PFO.HHZ,1,down,5.811511993408203,0.7900390625,29.9375
818416,10767309,CI.YUH.EHZ,1,down,89.97274017333984,2.5390625,61.84375
818467,10863333,CI.BC3.HHZ,1,down,1.262473702430725,2.16015625,53.59375
818666,10293977,AZ.LVA2.HHZ,0,up,20.81325340270996,2.060546875,80.8125
818744,14189624,CI.RMR.EHZ,0,up,29.67088508605957,1.3798828125,17.09375
819086,9653857,CI.BMT.EHZ,1,down,40.715145111083984,2.75,89.0625
819344,14289340,CI.CBK.EHZ,1,down,48.60938262939453,1.76953125,31.15625
819790,10372461,CI.SAL.HHZ,0,up,3.8147575855255127,0.97021484375,14.9765625
820142,10343669,CI.WRC.EHZ,0,up,4.284518241882324,0.83984375,21.1875
820901,11281250,AZ.CPE.HHZ,0,up,11.547345161437988,1.33984375,91.25
821077,10320405,CI.BOR.HHZ,0,up,20.095705032348633,1.4296875,31.703125
821133,9964529,AZ.CRY.HHZ,0,up,163.25949096679688,1.7998046875,57.28125
821342,14069384,CI.DNR.HHZ,0,up,55.74003601074219,1.26953125,15.2421875
821354,10320581,AZ.BZN.HHZ,0,up,5.362387180328369,0.66015625,24.796875
821458,9698753,CI.WI2.EHZ,0,up,4.458530902862549,1.599609375,10.921875
822195,14570908,CI.EMS.EHZ,1,down,13.8289213180542,1.7998046875,39.28125
822596,14214344,CI.BFS.HHZ,0,up,20.90998649597168,2.080078125,49.78125
823158,14073040,CI.AGA.HHZ,0,up,62.187374114990234,1.6796875,42.8125
823384,12458832,CI.IKP.EHZ,1,down,4.424844264984131,2.630859375,76.5625
824118,10593093,ZY.SHCM.EHZ,1,down,7.077817440032959,2.130859375,31.015625
824121,10259345,CI.POB.EHZ,0,up,8.888867378234863,0.81005859375,69.6875
824152,14235804,CI.SMM.HHZ,0,up,4.399105072021484,3.25,87.0625
825172,9748925,CI.BMT.EHZ,1,down,42.851802825927734,1.6201171875,11.9296875
825210,14996596,EN.OBS.EHZ,1,down,5.260725975036621,0.300048828125,0.830078125
825716,14242616,CI.GOR.HHZ,0,up,23.350435256958008,2.509765625,103.25
826203,14606972,AZ.WMC.HHZ,1,down,6.861255168914795,1.0703125,15.953125
826403,13656632,CI.SLA.HHZ,0,up,3.389808416366577,1.8095703125,32.75
826781,14064416,CI.HYS.EHZ,0,up,32.10586929321289,2.619140625,96.625
826926,13998428,AZ.BZN.HHZ,0,up,19.800846099853516,1.150390625,56.375
826942,14086976,CI.MPM.HHZ,1,down,7.103591442108154,0.77978515625,34.0
827080,10624365,ZY.OCCM.EHZ,1,down,82.7513656616211,1.3701171875,21.171875
827411,9701701,CI.ALV.EHZ,0,up,11.185087203979492,2.150390625,45.125
827979,11057213,AZ.KNW.HHZ,1,down,110.2149658203125,2.169921875,58.59375
828012,9719941,CI.SME.EHZ,0,up,5.433145046234131,1.98046875,85.5625
828069,14334492,CI.HOL.EHZ,0,up,47.35548782348633,1.8896484375,56.09375
829294,15016052,CI.SNO.HHZ,1,down,43.337032318115234,2.6796875,89.6875
829452,10486389,CI.PLM.HHZ,0,up,9.95751953125,1.1201171875,28.8125
829481,14387956,CI.PMD.HHZ,1,down,2.776975393295288,0.56982421875,37.78125
829507,10000905,CI.WGR.HHZ,0,up,5.702238082885742,1.6201171875,64.625
830040,10701189,CI.SIL.EHZ,0,up,36.39957809448242,1.5400390625,35.03125
830202,11412770,CI.SBB2.HHZ,1,down,25.029512405395508,1.91015625,95.9375
830540,9928633,CI.WSH.EHZ,0,up,20.803096771240234,0.77978515625,60.75
830901,9855201,CI.SAL.HHZ,0,up,99.6064224243164,2.41015625,12.328125
831075,10373169,CI.BAC.EHZ,1,down,15.330803871154785,1.1103515625,67.6875
831383,14162692,CI.BAC.EHZ,0,up,5.4644269943237305,0.97021484375,21.4375
831521,10534421,CI.PMD.HHZ,0,up,10.979879379272461,1.33984375,59.375
831538,9174594,CI.SND.EHZ,0,up,75.93148803710938,1.759765625,11.1796875
831958,10662597,CI.BLA2.HHZ,0,up,14.9900541305542,0.9501953125,38.09375
831968,15181145,AZ.FRD.HHZ,1,down,3.0929412841796875,1.7998046875,102.4375
832253,10222313,AZ.FRD.HHZ,1,down,21.87431526184082,1.0595703125,61.625
832297,13946604,CI.RMR.EHZ,0,up,47.682411193847656,1.400390625,36.84375
832330,14368864,AZ.LVA2.HHZ,1,down,14.157032012939453,1.2001953125,55.375
832343,14003460,AZ.BZN.HHZ,0,up,151.34970092773438,2.119140625,28.125
832919,10228353,CI.LRL.HHZ,0,up,12.356438636779785,2.3203125,51.5
833153,9622025,CI.POB.EHZ,0,up,7.022785186767578,1.400390625,36.78125
833399,10249165,CI.EML.HHZ,0,up,90.32592010498047,1.4404296875,53.28125
833503,13447428,CI.WRV.EHZ,1,down,45.1329231262207,0.7998046875,4.5
833521,10352773,PB.B087.EHZ,1,down,3.325922966003418,1.150390625,31.984375
833820,9643705,CI.SRT.EHZ,0,up,48.91386032104492,3.080078125,61.5625
834050,10023905,CI.WCH.EHZ,0,up,7.084522247314453,0.449951171875,25.296875
834076,10769901,WR.CSP.EHZ,1,down,18.148250579833984,2.05078125,52.3125
834134,14937588,CI.HMT.EHZ,1,down,42.56995391845703,1.6796875,30.5625
834149,10225121,CI.BEL.HHZ,0,up,36.06833267211914,1.919921875,64.25
834282,14311600,PB.B086.EHZ,1,down,30.292972564697266,0.7099609375,10.640625
834660,10150325,AZ.PFO.HHZ,1,down,48.966129302978516,1.73046875,26.375
835239,10206093,AZ.BZN.HHZ,0,up,19.235055923461914,0.83984375,17.765625
835804,10399649,AZ.CRY.HHZ,1,down,14.918310165405273,1.599609375,51.96875
835981,10318493,CI.BTL.EHZ,0,up,29.34715461730957,2.279296875,44.53125
836076,9648849,CI.WCS.EHZ,0,up,7.016027927398682,1.900390625,11.5234375
837087,15152465,CI.WES.HHZ,1,down,6.6288251876831055,0.81005859375,12.0
837141,10180353,CI.SRT.EHZ,1,down,5.769739151000977,1.98046875,78.9375
837324,9757565,AZ.KNW.HHZ,1,down,14.88316822052002,1.6396484375,76.25
837410,14237376,CI.BOR.HHZ,0,up,2.652531385421753,1.509765625,35.8125
837791,10006701,CI.AGA.HHZ,0,up,49.6887321472168,1.2900390625,48.40625
838454,10988421,CI.WES.HHZ,1,down,38.728599548339844,1.76953125,15.046875
838505,14204128,CI.TPM.EHZ,1,down,74.8944091796875,2.779296875,52.96875
838701,13909360,CI.LRL.HHZ,1,down,117.82369232177734,3.060546875,62.71875
839012,9153215,CI.OAK.EHZ,0,up,17.081693649291992,1.0,7.96875
839469,14069432,CI.MPM.HHZ,0,up,4.735522270202637,0.300048828125,19.34375
839479,14097112,CI.TPO.EHZ,1,down,12.747479438781738,1.9599609375,68.1875
839490,10349589,CI.MPI.HHZ,1,down,37.303829193115234,3.330078125,49.125
839812,9666497,CI.SIL.EHZ,0,up,15.951788902282715,1.6904296875,32.9375
840985,10036825,CI.WMF.EHZ,0,up,1.7523126602172852,0.97998046875,21.578125
841230,10439785,PB.B086.EHZ,1,down,14.027222633361816,0.830078125,10.703125
841324,9143104,CI.SS2.EHZ,1,down,26.227802276611328,1.0,6.78125
841415,9848589,CI.EML.HHZ,0,up,4.459834575653076,1.6103515625,40.4375
841549,9692781,CI.SKY.EHZ,0,up,21.92027473449707,1.2998046875,13.703125
841559,9162062,AZ.FRD.HHZ,0,up,11.142683029174805,0.89990234375,25.546875
841694,10403713,CI.SGL.EHZ,0,up,2.324599266052246,1.41015625,30.6875
842034,9990101,CI.SME.EHZ,1,down,3.0983917713165283,1.2099609375,51.96875
842188,10179113,CI.RMR.EHZ,1,down,19.799646377563477,1.7197265625,85.3125
842224,11423106,PB.B082.EHZ,0,up,24.653152465820312,0.759765625,11.9296875
843177,14474552,CI.GSC.HHZ,1,down,16.2799129486084,2.560546875,65.125
843673,10064813,AZ.YAQ.HHZ,1,down,2.99139142036438,1.349609375,52.0
843779,14135960,CI.HOL.EHZ,1,down,9.419692039489746,1.51953125,71.5
843793,9688877,CI.JRC.HHZ,0,up,25.213350296020508,1.5,6.3515625
843884,9150770,CI.WCS.EHZ,0,up,10.490368843078613,1.66015625,11.59375
843893,14773284,AZ.CRY.HHZ,1,down,7.75623893737793,0.419921875,37.625
844093,15075404,PB.B087.EHZ,1,down,24.437671661376953,1.0498046875,48.625
844238,10834021,AZ.RDM.HHZ,0,up,11.85278606414795,1.8798828125,51.5
844310,10215745,CI.SWS.HHZ,0,up,46.37007522583008,1.9501953125,35.28125
844980,14078340,CI.SME.EHZ,0,up,11.285501480102539,2.66015625,74.625
845169,13119440,CI.WHF.EHZ,0,up,10.407722473144531,0.469970703125,29.84375
845193,9158560,CI.RAY.EHZ,0,up,6.865647792816162,1.919921875,67.9375
845309,13579428,CI.VVD.EHZ,0,up,3.439488410949707,1.33984375,45.6875
845605,14587348,CI.SVD.HHZ,1,down,2.850419521331787,1.1396484375,70.25
845734,9984189,CI.WES.HHZ,0,up,2.298915386199951,2.5,87.9375
845782,9750373,CI.TAB.EHZ,0,up,5.343597412109375,1.8203125,50.0
845913,14208356,AZ.KNW.HHZ,0,up,29.05205535888672,2.7109375,102.875
846040,14197680,CI.PLM.HHZ,1,down,10.78405475616455,1.25,34.90625
846256,9699345,CI.WVP.EHZ,0,up,6.007523059844971,1.580078125,11.8203125
846447,14203900,CI.TPO.EHZ,1,down,5.9066162109375,1.8798828125,111.75
846673,10405921,PB.B084.EHZ,1,down,23.668502807617188,0.330078125,7.0390625
846855,10147286,ZY.MLDN.EHZ,0,up,3.8513829708099365,1.7998046875,60.40625
846927,14208384,CI.SPF.HHZ,1,down,7.5039143562316895,2.349609375,26.03125
847491,14547324,PB.B082.EHZ,1,down,8.267976760864258,1.41015625,64.625
847928,14376524,CI.SS2.EHZ,1,down,41.22209167480469,1.4296875,9.0
847974,14985236,CI.MLAC.HHZ,1,down,48.79029846191406,1.400390625,19.265625
847999,13343440,CI.WOR.EHZ,0,up,4.541083812713623,0.669921875,11.8203125
848323,12458464,AZ.PFO.HHZ,1,down,3.0172736644744873,2.2890625,94.625
848699,11393786,PB.B086.EHZ,0,up,3.7188141345977783,0.3798828125,12.40625
849011,12467696,CI.IKP.EHZ,1,down,9.725934028625488,1.7900390625,80.1875
849181,9682789,CI.CLC.HHZ,0,up,8.405206680297852,0.68017578125,32.0625
849238,10208313,CI.CBK.EHZ,1,down,169.9861297607422,1.9296875,7.12890625
849240,12371456,CI.GOR.HHZ,0,up,7.815511226654053,2.009765625,111.5625
849458,9875113,CI.TEJ.EHZ,1,down,37.920082092285156,1.599609375,9.7890625
849496,10225621,CI.YUH.EHZ,0,up,26.83748435974121,2.48046875,96.75
849557,9137374,CI.HDB.EHZ,1,down,181.93673706054688,2.419921875,8.6015625
850136,9707933,CI.CLC.HHZ,0,up,6.161945343017578,1.1103515625,37.03125
850236,14205680,CI.CRR.EHZ,0,up,8.976432800292969,1.599609375,50.34375
850364,10353097,CI.PMD.HHZ,1,down,26.921815872192383,2.060546875,67.6875
850439,10996517,CI.TOW.EHZ,1,down,3.5411384105682373,0.81982421875,11.8125
850672,15163009,PB.B086.EHZ,1,down,4.969576358795166,1.099609375,68.5625
850684,14204672,CI.SME.EHZ,0,up,9.894731521606445,1.400390625,12.390625
850728,10083505,CI.SNR.EHZ,1,down,3.7378501892089844,1.83984375,39.25
850775,11062549,CI.PMD.HHZ,1,down,11.532835006713867,0.7001953125,23.40625
851268,13303456,CI.MIR.EHZ,1,down,16.673784255981445,1.759765625,30.078125
851380,9168696,CI.MDA.EHZ,0,up,2.4545037746429443,1.2001953125,13.8984375
851570,9777381,CI.DPP.HHZ,0,up,19.145824432373047,1.5595703125,35.96875
851572,10486821,AZ.SND.HHZ,1,down,30.455217361450195,0.9599609375,10.7578125
851687,13107428,CI.BFS.HHZ,0,up,4.099150657653809,1.2998046875,71.1875
852343,9653617,CI.WNM.EHZ,0,up,38.7559928894043,2.5390625,13.28125
852504,9161632,CI.BAC.EHZ,1,down,8.568114280700684,1.1298828125,22.890625
852622,10185390,CI.YUH.EHZ,1,down,6.991016387939453,1.0302734375,6.4609375
853013,11395026,AZ.FRD.HHZ,0,up,77.11498260498047,1.0703125,27.46875
853449,10248257,AZ.FRD.HHZ,0,up,14.22343635559082,0.6201171875,20.796875
853534,10480853,CI.WI2.EHZ,0,up,3.4546701908111572,1.0703125,7.21875
853745,10255289,PB.B081.EHZ,0,up,14.077099800109863,0.83984375,5.8515625
854213,9143562,CI.SKY.EHZ,0,up,8.352768898010254,1.400390625,30.3125
854570,9871465,AZ.LVA2.HHZ,0,up,5.516489028930664,0.72998046875,28.734375
855050,9667253,CI.WRV.EHZ,0,up,12.65450382232666,1.669921875,40.0625
855099,11088674,CI.RMR.EHZ,0,up,6.000988960266113,0.85986328125,55.4375
855980,10439777,CI.HYS.EHZ,1,down,8.046523094177246,0.9599609375,49.0625
855998,15075668,PB.B087.EHZ,1,down,7.65616512298584,1.3203125,98.5
856322,9646609,CI.CLC.HHZ,1,down,5.597181797027588,2.150390625,35.4375
856515,10536749,CI.JVA.HHZ,0,up,118.64949798583984,1.2001953125,23.3125
856886,9981457,CI.CBK.EHZ,0,up,6.408819198608398,0.81982421875,46.65625
856973,10150749,CI.WRC.EHZ,0,up,14.570859909057617,1.490234375,40.5
857130,14190708,AZ.FRD.HHZ,1,down,421.0799865722656,1.58984375,9.8515625
857514,10348205,CI.JEM.HHZ,0,up,69.73999786376953,1.150390625,19.46875
857651,14064720,CI.CGO.HHZ,1,down,7.925654888153076,1.740234375,52.90625
857665,9171839,CI.RAG.EHZ,0,up,5.982701301574707,1.2001953125,12.96875
857747,10230225,CI.SHE.EHZ,0,up,3.3536033630371094,1.4501953125,62.1875
858126,9162467,CI.WMF.EHZ,1,down,346.97918701171875,1.66015625,11.5703125
859464,14238980,CI.EL2.EHZ,1,down,10.849867820739746,2.220703125,65.75
860460,9135394,CI.CDY.EHZ,0,up,27.306249618530273,1.599609375,17.53125
860674,14087880,CI.CRR.EHZ,1,down,12.241424560546875,1.1201171875,42.15625
862136,14366244,CI.DEV.HHZ,1,down,25.865497589111328,3.640625,81.375
862188,10345701,CI.WSH.EHZ,1,down,16.785327911376953,1.6904296875,54.46875
862310,14864844,AZ.KNW.HHZ,1,down,16.642539978027344,1.33984375,71.875
862348,10320693,PB.B081.EHZ,1,down,5.3174543380737305,0.9501953125,29.46875
862738,9156652,CI.RMR.EHZ,0,up,13.301949501037598,1.099609375,42.5625
863449,10398241,CI.RXH.HHZ,0,up,3.5340006351470947,0.85009765625,4.421875
863654,14258392,AZ.RDM.HHZ,1,down,1.5160311460494995,0.6298828125,30.46875
864135,10488077,CI.WBM.EHZ,1,down,19.628341674804688,3.05078125,87.0625
864248,9981317,CI.MPM.HHZ,0,up,4.139165878295898,0.300048828125,24.609375
864738,10267081,PB.B084.EHZ,0,up,9.79394817352295,0.429931640625,23.53125
865563,10758981,CI.SME.EHZ,1,down,5.331035137176514,1.33984375,32.875
865656,9676765,CI.JRC.HHZ,0,up,7.817678928375244,1.2001953125,7.4609375
865839,14088144,CI.WWP.EHZ,0,up,15.494969367980957,1.75,44.59375
866062,10262665,CI.HDB.EHZ,0,up,23.83489418029785,1.669921875,15.3671875
866412,9708193,CI.JRC.HHZ,0,up,2.6725008487701416,1.5498046875,6.578125
866581,9151350,CI.SNR.EHZ,1,down,16.132164001464844,2.0390625,19.09375
866653,14285936,AZ.WMC.HHZ,1,down,45.16556930541992,1.759765625,35.6875
866966,10035297,CI.CJV.EHZ,0,up,5.187808036804199,1.9501953125,53.0625
866994,9160869,CI.DTP.EHZ,1,down,4.454338073730469,1.0,52.96875
867144,14049456,CI.DNR.HHZ,1,down,13.909586906433105,2.0,51.25
867626,10891965,CI.WCS.EHZ,1,down,9.204294204711914,0.330078125,0.91015625
867641,9822653,CI.RMR.EHZ,0,up,170.01815795898438,1.83984375,29.296875
868002,14618820,CI.JEM.HHZ,1,down,4.651318550109863,1.58984375,21.515625
868379,10532037,CI.TPM.EHZ,0,up,2.4994354248046875,1.3896484375,85.6875
869051,10979917,CI.RMR.EHZ,1,down,16.99225616455078,1.1396484375,26.140625
869505,13693124,CI.AGA.HHZ,1,down,10.082113265991211,0.8701171875,17.0
869744,10372237,CI.POB.EHZ,1,down,15.951852798461914,1.1298828125,33.4375
870048,13917100,CI.WOR.EHZ,0,up,76.79925537109375,2.19921875,70.75
870147,15153793,CI.HMT.EHZ,1,down,8.234214782714844,1.259765625,39.40625
870460,9709213,CI.KIK.EHZ,1,down,43.51375961303711,2.7890625,4.30859375
870575,10167857,CI.TOW.EHZ,1,down,2.278313159942627,0.469970703125,17.640625
870726,9149383,CI.MDA.EHZ,1,down,7.513923645019531,1.5498046875,8.4375
871088,13968612,CI.WSH.EHZ,0,up,41.41016387939453,1.9501953125,63.125
871165,11674792,CI.WCH.EHZ,0,up,5.725228309631348,1.6396484375,25.453125
871207,9692537,CI.WOR.EHZ,0,up,2.923236608505249,0.97998046875,45.84375
871348,10036773,CI.JVA.HHZ,0,up,4.773954391479492,1.349609375,50.0
871367,14989236,CI.CLC.HHZ,1,down,49.2635498046875,1.1103515625,25.015625
871494,14048932,CI.PLM.HHZ,1,down,28.611352920532227,2.0390625,109.375
872425,12339836,CI.BMT.EHZ,0,up,8.89802074432373,1.75,33.40625
873791,9882989,CI.ARV.EHZ,1,down,2.6984128952026367,1.1298828125,27.078125
874174,9970517,AZ.KNW.HHZ,1,down,33.122013092041016,0.7001953125,3.060546875
874299,10231673,CI.CLC.HHZ,0,up,7.824485778808594,0.9501953125,48.6875
874332,14609972,CI.FRK.EHZ,1,down,5.578922271728516,2.83984375,38.8125
874797,10373897,AZ.BZN.HHZ,0,up,5.146474361419678,1.0595703125,50.9375
874860,14429216,CI.DNR.HHZ,1,down,16.37954330444336,1.7197265625,65.5
875076,9720189,AZ.SND.HHZ,0,up,26.512451171875,1.5498046875,14.8203125
875110,11008059,CI.WCS.EHZ,1,down,29.7425594329834,1.9599609375,10.28125
875610,10755517,AZ.MONP2.HHZ,0,up,21.951732635498047,2.83984375,48.0
875638,10169042,CI.BOR.HHZ,1,down,737.6109008789062,0.740234375,3.490234375
875842,14385488,PB.B084.EHZ,1,down,6.754782676696777,0.449951171875,13.9609375
877185,14058052,CI.MPM.HHZ,0,up,11.75641918182373,1.599609375,99.5625
877568,14571028,CI.JEM.HHZ,1,down,8.393680572509766,0.64990234375,45.09375
877696,11026661,CI.CBK.EHZ,1,down,21.576610565185547,1.0302734375,12.546875
877761,11276210,CI.TOW.EHZ,1,down,4.664330959320068,0.64990234375,16.703125
877866,10370621,CI.TEH.HHZ,1,down,8.236493110656738,0.8798828125,100.0
878038,10871149,CI.CLC.HHZ,0,up,148.31887817382812,1.7802734375,28.984375
878618,12472064,AZ.CRY.HHZ,0,up,5.824614524841309,1.419921875,13.796875
879076,9651773,CI.ARG.EHZ,0,up,9.749628067016602,2.220703125,14.2109375
879503,11278754,AZ.KNW.HHZ,1,down,8.472195625305176,0.89990234375,32.84375
879639,15200953,EN.OBS.EHZ,1,down,10.801163673400879,2.66015625,21.34375
880100,14284212,AZ.SND.HHZ,0,up,9.340876579284668,1.259765625,28.484375
880364,9645065,CI.WHV.EHZ,1,down,7.828848838806152,2.55078125,55.375
880505,10262277,CI.LDR.HHZ,0,up,6.354927062988281,1.5302734375,61.125
880988,10724797,CI.BAR.HHZ,0,up,68.18093872070312,2.05078125,70.8125
881015,10208317,CI.HMT.EHZ,0,up,10.174646377563477,1.7197265625,93.3125
881983,14254212,CI.BOR.HHZ,1,down,25.479053497314453,0.85009765625,14.1171875
882076,10544773,EN.HAT.EHZ,0,up,16.199853897094727,0.7001953125,4.8203125
882135,14689892,ZY.PNTO.EHZ,1,down,63.808414459228516,1.3896484375,7.96875
882438,14371412,CI.CRR.EHZ,1,down,14.332404136657715,2.169921875,82.0625
882547,15014916,CI.TOR.HHZ,1,down,13.044049263000488,2.19921875,86.0625
882609,9666725,CI.SLG.EHZ,1,down,14.574563026428223,2.5703125,39.1875
882942,10230537,CI.BOR.HHZ,0,up,10.859959602355957,0.89013671875,43.6875
883334,14890324,CI.TOR.HHZ,1,down,6.947904109954834,1.23046875,40.9375
884086,10609973,ZY.OYSB.EHZ,0,up,452.8056640625,2.720703125,13.75
884088,9746945,AZ.TRO.EHZ,1,down,8.988216400146484,1.6796875,12.2890625
884144,14161072,CI.WHF.EHZ,0,up,8.547492980957031,1.98046875,85.3125
884210,9172247,AZ.WMC.HHZ,0,up,51.156822204589844,2.509765625,54.6875
884467,11388954,EN.SIM.EHZ,1,down,17.2479190826416,0.85009765625,10.3671875
884684,10753853,PB.B087.EHZ,1,down,8.826252937316895,0.66015625,9.359375
885018,9153842,CI.WNM.EHZ,0,up,3.566683292388916,1.259765625,21.4375
885187,10247245,PB.B087.EHZ,0,up,37.63116455078125,1.0595703125,14.4765625
885218,13962140,CI.ISA.HHZ,0,up,8.783330917358398,1.240234375,75.5625
885394,10491213,CI.WES.HHZ,0,up,2.5652706623077393,1.669921875,26.75
885548,11372562,AZ.LVA2.HHZ,1,down,15.241263389587402,0.93017578125,25.1875
885635,15180417,PB.B086.EHZ,1,down,4.238175868988037,1.1298828125,36.4375
885986,9744585,CI.AGA.HHZ,1,down,24.40321922302246,1.0703125,19.15625
886750,9691333,CI.WMF.EHZ,0,up,25.313377380371094,0.7099609375,10.1015625
887094,9691833,CI.POB.EHZ,0,up,4.437558650970459,0.60986328125,19.515625
887122,9727505,CI.DTP.EHZ,0,up,7.61871862411499,2.05078125,91.5
887486,10345949,CI.RIN.HHZ,0,up,3.9156370162963867,1.48046875,2.41015625
887950,14548556,CI.PLM.HHZ,1,down,4.373243808746338,1.0400390625,31.375
888187,10366889,AZ.CRY.HHZ,1,down,5.261670112609863,1.490234375,84.75
888209,9935001,CI.WNM.EHZ,1,down,12.764564514160156,1.099609375,13.5234375
888513,9167103,CI.ARV.EHZ,0,up,2.947835922241211,1.400390625,24.125
888796,10544893,CI.MSJ.HHZ,0,up,12.113753318786621,3.359375,30.328125
889072,14333536,CI.PLM.HHZ,1,down,35.20152282714844,1.01953125,12.453125
889282,9642585,CI.TIN.HHZ,1,down,11.242444038391113,2.810546875,74.5
889565,14689076,ZY.PNTO.EHZ,1,down,17.86037254333496,2.75,56.25
889874,13941840,CI.BAC.EHZ,1,down,90.9300308227539,3.009765625,81.0
890073,9803457,CI.WNM.EHZ,1,down,1.8545572757720947,1.5,38.53125
890179,14201136,CI.DVT.HHZ,1,down,3.959623098373413,2.099609375,58.875
890429,11418994,CI.JRC2.HHZ,0,up,9.505074501037598,1.419921875,28.953125
890669,10795485,CI.THC.EHZ,0,up,5.777042865753174,1.8603515625,42.09375
890729,14255428,CI.SIL.EHZ,0,up,25.351295471191406,2.279296875,29.4375
890952,10036257,CI.SAL.HHZ,0,up,5.36544132232666,1.5400390625,37.59375
891053,10757965,CI.MPM.HHZ,0,up,15.105122566223145,1.1298828125,35.5
891437,14441512,AZ.BZN.HHZ,1,down,4.695929050445557,0.4599609375,15.0625
891475,9153450,CI.WMF.EHZ,1,down,122.28662109375,1.6103515625,10.3203125
891551,9728673,CI.LUC.EHZ,1,down,15.221599578857422,1.7099609375,47.6875
891659,14205704,CI.JVA.HHZ,1,down,7.225864410400391,2.490234375,67.1875
891663,10760845,AZ.TRO.HHZ,0,up,7.786181449890137,1.080078125,12.6328125
891665,14569900,CI.BLA2.HHZ,1,down,8.205307960510254,1.4599609375,63.0625
891931,14435448,CI.CRR.EHZ,1,down,9.84727668762207,1.490234375,51.375
891949,14314324,AZ.BZN.HHZ,1,down,3.328794479370117,0.580078125,16.5
892002,10250625,CI.RYS.EHZ,0,up,5.262038230895996,1.41015625,41.84375
892148,13812224,CI.WOF.EHZ,0,up,10.115312576293945,1.259765625,32.125
892235,13952032,CI.BBR.HHZ,1,down,5.436553955078125,1.4296875,30.703125
892284,14235108,CI.TJR.EHZ,0,up,8.770373344421387,1.4599609375,38.90625
892431,9165828,CI.MIR.EHZ,0,up,10.943707466125488,2.08984375,54.21875
892443,10907557,CI.JRC2.HHZ,1,down,8.136897087097168,1.599609375,68.6875
892622,14981900,CI.CLC.HHZ,1,down,4.522522926330566,2.099609375,102.125
892726,9827221,AZ.PFO.HHZ,1,down,7.616180419921875,0.35009765625,16.421875
892738,14006156,AZ.YAQ.HHZ,0,up,5.84140682220459,1.8095703125,72.875
892812,14206628,CI.BAC.EHZ,0,up,61.13261413574219,1.6796875,43.0
893035,10987237,AZ.PFO.HHZ,1,down,52.21600341796875,1.4697265625,17.390625
893410,14163588,CI.WRC.EHZ,1,down,7.9660325050354,1.1396484375,16.859375
893897,10745773,CI.PLM.HHZ,0,up,3.795656442642212,0.75,43.5
894786,10438089,CI.IR2.EHZ,1,down,234.4744110107422,3.080078125,51.21875
894941,14332344,CI.BOR.HHZ,1,down,6.59870719909668,1.58984375,112.25
895358,9660801,AZ.LVA2.HHZ,0,up,75.00166320800781,1.849609375,21.5625
895564,10544645,CI.WI2.EHZ,0,up,3.7835307121276855,2.55078125,84.6875
895661,10150109,AZ.YAQ.HHZ,0,up,58.59319305419922,1.509765625,29.59375
896537,9653109,CI.FRG.EHZ,0,up,5.796031951904297,1.83984375,40.625
897648,9736437,CI.BAT.EHZ,1,down,8.924002647399902,1.8896484375,30.140625
897701,14295576,CI.HMT.EHZ,0,up,20.730579376220703,1.150390625,26.9375
897862,9687393,CI.WLH.EHZ,0,up,6.5474934577941895,1.7001953125,41.09375
898083,10371061,CI.WSH.EHZ,0,up,29.180274963378906,1.16015625,32.21875
898511,10405201,AZ.CRY.HHZ,0,up,107.69884490966797,1.33984375,33.65625
898576,14042048,CI.WLH.EHZ,1,down,57.10888671875,1.900390625,13.296875
899044,13656300,CI.BLA.HHZ,0,up,2.5945839881896973,1.75,95.8125
899298,10720117,CI.CRR.EHZ,1,down,49.274147033691406,2.490234375,24.15625
899518,13943264,AZ.BZN.HHZ,1,down,8.360115051269531,1.4404296875,17.59375
899538,14171268,AZ.WMC.HHZ,0,up,31.94717025756836,2.310546875,65.3125
899611,10536853,CI.WBM.EHZ,0,up,4.745519161224365,1.5595703125,50.3125
899951,10658349,CI.IR2.EHZ,1,down,24.01877212524414,1.4296875,29.90625
900388,10057077,AZ.CRY.HHZ,0,up,41.08363723754883,0.6298828125,4.53125
900623,14121612,CI.ISA.HHZ,0,up,20.74115562438965,2.119140625,80.8125
900776,14297092,CI.PSR.HHZ,0,up,3.9871304035186768,1.2998046875,26.96875
900931,14558852,PB.B086.EHZ,1,down,28.56786346435547,0.77978515625,8.0234375
901211,9657485,CI.GAV.EHZ,0,up,2.904278516769409,1.830078125,26.484375
901267,10168205,CI.SME.EHZ,0,up,15.414382934570312,2.30078125,102.1875
901270,9874361,CI.BLA.HHZ,1,down,9.85720157623291,2.19921875,69.875
901551,13930852,CI.BEL.HHZ,0,up,6.228211879730225,0.9599609375,27.6875
902143,10348165,PB.B082.EHZ,1,down,5.858913898468018,0.8701171875,30.9375
902169,10783269,CI.CRR.EHZ,1,down,13.30573558807373,1.2099609375,32.40625
902274,14562300,AZ.FRD.HHZ,1,down,8.787203788757324,1.1904296875,52.375
902392,14559404,AZ.FRD.HHZ,1,down,78.78459167480469,0.75,7.8515625
902816,14242616,CI.CTW.EHZ,1,down,47.74892044067383,2.509765625,52.8125
903238,9873377,CI.WS2.EHZ,0,up,3.03920841217041,1.240234375,80.9375
903567,10366941,CI.CCC.HHZ,1,down,28.84676170349121,2.560546875,51.3125
903908,12448584,CI.WNM.EHZ,0,up,8.606072425842285,0.509765625,10.640625
904557,10793981,CI.WWC.HHZ,1,down,8.91567611694336,1.1904296875,52.40625
904725,13936892,CI.BAC.EHZ,1,down,32.121829986572266,2.109375,80.125
905031,14289172,CI.POB.EHZ,0,up,10.997004508972168,1.26953125,53.71875
905167,11339050,CI.WBS.HHZ,0,up,18.399961471557617,1.2802734375,14.6328125
905408,11132138,CI.BLA2.HHZ,0,up,15.087624549865723,0.85986328125,13.96875
905454,14348588,CI.LTC.EHZ,1,down,105.14517974853516,4.96875,118.4375
905766,10025317,CI.BTL.EHZ,0,up,15.5614652633667,1.400390625,17.625
905825,11328402,CI.JRC2.HHZ,0,up,36.08650588989258,0.52001953125,6.80859375
905965,10330405,CI.XTL.EHZ,1,down,5.022529602050781,1.509765625,72.5625
906159,9965545,CI.SIL.EHZ,0,up,16.399961471557617,2.359375,60.0
906549,11343850,AZ.RDM.HHZ,1,down,1.9083486795425415,0.509765625,9.796875
906602,14240636,CI.THC.EHZ,1,down,10.015262603759766,2.3203125,92.9375
906719,13672472,AZ.LVA2.HHZ,1,down,16.735637664794922,1.25,48.40625
907076,14595036,AZ.SND.HHZ,1,down,10.289349555969238,1.759765625,29.1875
907416,10631917,CI.WMF.EHZ,0,up,82.16240692138672,1.8603515625,5.8203125
907579,14150628,AZ.LVA2.HHZ,0,up,12.984073638916016,0.89013671875,25.421875
907705,11333690,CI.THC.EHZ,1,down,14.090362548828125,1.5498046875,38.59375
908196,10167821,CI.ERR.HHZ,1,down,2.0262231826782227,1.1796875,22.0625
908257,14344792,AZ.TRO.HHZ,1,down,3.9819176197052,0.52001953125,4.171875
908281,15141057,CI.HYS.EHZ,1,down,38.25409698486328,1.490234375,37.125
908315,10410929,CI.SME.EHZ,0,up,4.797908782958984,0.60009765625,40.65625
908327,14611780,EN.HAT.EHZ,1,down,13.958220481872559,3.349609375,62.84375
908619,10207741,CI.YUH.EHZ,0,up,44.86149597167969,1.669921875,13.5625
908846,14297076,CI.TOR.HHZ,1,down,71.87861633300781,1.3896484375,28.28125
908936,10344505,CI.ERR.HHZ,0,up,1.7671537399291992,2.630859375,63.71875
909186,10766661,CI.CRR.EHZ,1,down,27.614341735839844,1.509765625,21.3125
909575,10165605,CI.WMF.EHZ,0,up,3.3698654174804688,0.56005859375,23.359375
909640,9139366,CI.RMM.EHZ,1,down,80.1872787475586,2.0390625,31.109375
909849,10183033,CI.GVR.EHZ,0,up,3.9510810375213623,2.390625,48.5
910182,14242616,CI.BAC.EHZ,0,up,175.62644958496094,2.509765625,94.125
910308,14382784,PB.B087.EHZ,1,down,13.245275497436523,0.9501953125,17.34375
910574,10929237,CI.RMR.EHZ,0,up,19.229759216308594,1.6796875,52.40625
910621,14239548,CI.ALV.EHZ,0,up,7.162116527557373,1.58984375,42.65625
910699,9142842,CI.RMM.EHZ,1,down,10.388906478881836,1.599609375,31.484375
910741,14716852,ZY.MLDN.EHZ,1,down,36.16836166381836,2.0390625,9.8828125
910749,15008124,CI.SME.EHZ,1,down,1.7371052503585815,0.7099609375,29.8125
910790,9820493,CI.WNM.EHZ,1,down,2.414073944091797,0.469970703125,22.65625
910858,12459520,CI.CLC.HHZ,0,up,20.111730575561523,1.599609375,35.625
911241,9682701,CI.CLC.HHZ,0,up,26.30707359313965,0.60986328125,30.984375
911478,11340914,AZ.CRY.HHZ,0,up,45.01580810546875,1.41015625,21.390625
912170,15181497,PB.B087.EHZ,1,down,1.4928919076919556,0.990234375,79.6875
912204,14358436,CI.MCT.HHZ,1,down,7.820328235626221,1.73046875,41.0
912326,14464904,PB.B082.EHZ,1,down,57.14604949951172,1.080078125,15.5
912527,9980841,CI.BLA.HHZ,0,up,8.18791675567627,1.48046875,29.375
912551,13943140,AZ.PFO.HHZ,0,up,9.139039039611816,0.7900390625,22.453125
912583,10440009,AZ.FRD.HHZ,0,up,11.488029479980469,0.7001953125,26.203125
912784,11004669,CI.BOR.HHZ,0,up,1.5545482635498047,0.89013671875,96.125
912872,10357765,CI.COK.EHZ,0,up,1.8080874681472778,1.7197265625,23.671875
912953,9136885,CI.CBK.EHZ,1,down,6.886892318725586,1.2998046875,52.1875
913263,10863317,EN.ELM.EHZ,0,up,4.421441555023193,1.26953125,2.2890625
913358,15060108,PB.B081.EHZ,1,down,1.870964765548706,0.83984375,28.0
913841,9708765,CI.WRV.EHZ,0,up,18.721040725708008,1.2998046875,1.8896484375
913844,14066520,CI.PKM.EHZ,0,up,8.140486717224121,1.5,41.0625
913884,12947476,CI.WWP.EHZ,0,up,78.41167449951172,1.0703125,2.640625
914013,10543333,CI.GLA.HHZ,0,up,20.738330841064453,1.5,11.1875
914354,10259205,CI.WCH.EHZ,0,up,26.083986282348633,2.109375,31.046875
914526,9775765,AZ.CRY.HHZ,0,up,1.4149339199066162,4.390625,113.9375
915439,9994629,CI.WRV.EHZ,1,down,10.778003692626953,1.099609375,30.984375
915796,10176150,CI.SGL.EHZ,1,down,5.561007976531982,2.26953125,45.75
916051,9889381,CI.BAC.EHZ,1,down,13.965603828430176,1.3095703125,28.453125
916232,11012197,CI.JVA.HHZ,1,down,20.884212493896484,1.2001953125,13.6484375
916333,11046285,CI.SNO.HHZ,1,down,34.03970718383789,1.2900390625,23.4375
916393,10612221,PB.B084.EHZ,0,up,4.415440559387207,0.489990234375,15.8671875
916453,14344432,PB.B082.EHZ,0,up,11.582616806030273,0.97998046875,19.59375
916708,14726516,CI.WRC.EHZ,1,down,49.10870361328125,1.009765625,2.94921875
916777,14441192,CI.MPM.HHZ,1,down,3.6587631702423096,0.1300048828125,31.234375
916885,9994409,AZ.BZN.HHZ,0,up,3.473601818084717,0.97998046875,18.984375
917666,14883212,CI.JEM.HHZ,1,down,13.994998931884766,0.89013671875,30.515625
917812,14213892,CI.TPC.EHZ,0,up,10.57576847076416,1.1103515625,37.1875
918156,11407746,AZ.TRO.HHZ,0,up,7.2334370613098145,1.7001953125,29.734375
918239,15020284,CI.SNO.HHZ,1,down,4.053988456726074,1.5703125,86.5
918367,9806877,CI.CHF.HHZ,0,up,7.904566287994385,1.8603515625,67.4375
918402,14150900,CI.TOW.EHZ,1,down,4.780424118041992,1.23046875,35.1875
918591,10206157,CI.MPP.HHZ,0,up,21.365575790405273,2.7890625,62.21875
918722,10532653,CI.WNM.EHZ,1,down,6.880030632019043,0.4599609375,12.6484375
918726,11009677,PB.B087.EHZ,0,up,7.493201732635498,0.830078125,25.703125
919072,14598764,PB.B081.EHZ,1,down,6.02970552444458,0.9501953125,51.59375
919152,10869861,AZ.WMC.HHZ,0,up,5.528896331787109,0.419921875,15.2265625
919212,14900108,CI.YUH.EHZ,1,down,47.759883880615234,1.6796875,23.65625
919556,14198004,CI.LDR.HHZ,0,up,2.787984848022461,1.6103515625,66.1875
919609,14186432,CI.HOL.EHZ,0,up,30.894161224365234,2.359375,72.125
919886,9718469,AZ.PFO.HHZ,1,down,38.15138626098633,1.6396484375,12.4921875
919911,11086466,CI.TOR.HHZ,0,up,4.259768009185791,0.5,24.203125
920215,14156760,CI.TPC.EHZ,0,up,15.945965766906738,1.75,90.125
920378,14863204,AZ.FRD.HHZ,1,down,44.73107147216797,2.740234375,99.0
921141,11027421,CI.SNO.HHZ,0,up,24.14033317565918,0.5400390625,6.75
921456,9909493,AZ.YAQ.HHZ,0,up,3.034099817276001,1.5,37.625
922280,10150553,CI.MCT.HHZ,1,down,7.477856159210205,2.240234375,71.3125
922284,11057069,CI.DGR.HHZ,0,up,102.49962615966797,1.16015625,8.390625
922299,10752341,CI.PLM.HHZ,0,up,19.92192840576172,1.0302734375,36.84375
922594,9711977,CI.WJP.EHZ,1,down,9.850053787231445,1.2998046875,58.5
922598,14247000,CI.RMR.EHZ,1,down,43.06669998168945,1.2001953125,16.484375
923106,14615100,EN.ENG.EHZ,1,down,4.763586044311523,2.5,59.21875
923242,11389298,CI.JVA.HHZ,1,down,31.575807571411133,2.83984375,69.25
923313,10798237,PB.B087.EHZ,1,down,160.250244140625,2.94921875,91.5625
923454,10095749,CI.WWP.EHZ,0,up,7.330708980560303,1.6298828125,42.84375
923547,14886100,CI.JRC2.HHZ,1,down,7.559882640838623,0.5,6.44140625
924100,10964365,CI.SDR.HHZ,1,down,4.738323211669922,1.1396484375,63.625
924740,14199156,CI.WSH.EHZ,1,down,14.676729202270508,0.91015625,32.4375
925236,10236505,AZ.CRY.HHZ,1,down,14.861761093139648,0.47998046875,29.1875
925684,14184836,CI.YUH.EHZ,1,down,9.110471725463867,1.7802734375,76.0
925775,15016452,CI.SBPX.HHZ,1,down,7.481906890869141,1.5302734375,20.640625
926165,10546973,CI.RMR.EHZ,0,up,36.361358642578125,1.759765625,61.3125
926335,14597036,CI.RPV.HHZ,1,down,30.691133499145508,2.08984375,28.34375
926996,9640205,CI.WLH.EHZ,0,up,27.490970611572266,2.859375,63.3125
927214,14134704,CI.CAP.HHZ,0,up,8.912384986877441,2.080078125,116.875
927285,10367401,CI.GOR.HHZ,0,up,16.773021697998047,1.759765625,58.0
927330,14385076,CI.HMT.EHZ,1,down,31.739307403564453,1.0498046875,22.234375
927446,10066741,CI.SIL.EHZ,0,up,5.163780689239502,1.6103515625,29.625
927447,14348760,CI.SAL.HHZ,1,down,4.497920036315918,3.490234375,110.9375
927981,10345229,CI.WSH.EHZ,1,down,84.92994689941406,1.830078125,45.6875
928069,9993265,CI.ALP.HHZ,1,down,1.6028320789337158,1.9501953125,48.53125
928278,10751901,AZ.TRO.HHZ,0,up,9.157840728759766,0.64990234375,3.26953125
928367,9962357,CI.CHF.HHZ,1,down,10.295336723327637,1.4599609375,85.6875
928776,14153132,CI.DNR.HHZ,0,up,4.633399486541748,0.72998046875,8.4375
928799,10741469,PB.B087.EHZ,0,up,19.631000518798828,0.68017578125,14.890625
928941,10008349,CI.JRC2.HHZ,0,up,62.99697494506836,0.68994140625,3.2890625
929021,10893885,CI.PMD.HHZ,0,up,5.134522438049316,0.990234375,42.25
930169,7183317,CI.WVP.EHZ,0,up,18.832324981689453,1.099609375,6.51953125
930305,14190008,CI.CRR.EHZ,0,up,4.575695991516113,2.5703125,89.25
930366,14324896,CI.CLT.HHZ,1,down,36.32852554321289,2.94921875,11.4921875
930607,10180417,CI.BLA.HHZ,0,up,7.830044746398926,1.490234375,49.28125
930951,10095965,AZ.SND.HHZ,1,down,26.74639892578125,0.60009765625,10.8515625
931088,10485293,PB.B921.EHZ,0,up,14.70055103302002,1.759765625,48.9375
931105,10457029,PB.B082.EHZ,0,up,9.843343734741211,0.85986328125,14.7109375
931239,14185424,CI.TEH.HHZ,0,up,3.4451072216033936,0.77001953125,50.9375
931893,14185864,CI.WI2.EHZ,0,up,105.58961486816406,1.33984375,6.609375
932001,14312448,CI.CLC.HHZ,0,up,12.763596534729004,0.56982421875,30.984375
932426,14282052,CI.COK.EHZ,1,down,2.7133917808532715,1.3798828125,32.3125
932540,9612909,CI.SBB.EHZ,0,up,8.43067741394043,2.4609375,107.6875
932566,15165801,CI.LUC.EHZ,1,down,9.025618553161621,1.5703125,59.21875
932674,10740525,CI.SWS.HHZ,1,down,4.531795024871826,1.330078125,28.375
933160,11243930,AZ.FRD.HHZ,1,down,8.782913208007812,-0.219970703125,4.19921875
933264,14772780,CI.CRR.EHZ,1,down,28.05752182006836,1.08984375,18.5625
933464,10481645,CI.JFS.EHZ,0,up,23.443973541259766,1.1201171875,13.078125
933645,10180045,CI.MCT.HHZ,0,up,4.794745445251465,1.8603515625,51.5
933803,10025045,CI.JCS.HHZ,1,down,18.199567794799805,0.77001953125,20.59375
934034,14083624,AZ.PFO.HHZ,0,up,24.163118362426758,1.759765625,78.625
934213,10258201,CI.LEO.EHZ,0,up,2.702775001525879,1.7197265625,96.5
934263,10861973,AZ.PFO.HHZ,1,down,4.020204067230225,0.60986328125,16.6875
934283,14005844,AZ.KNW.HHZ,0,up,6.928134918212891,1.3603515625,56.71875
934423,11366538,CI.BRE.HHZ,1,down,11.552389144897461,3.6796875,35.375
934781,9919901,CI.POB.EHZ,0,up,30.594364166259766,1.509765625,57.75
935147,13999696,CI.BLA.HHZ,1,down,125.48169708251953,2.330078125,22.953125
935189,10379169,PG.EC.EHZ,1,down,17.510862350463867,2.189453125,81.625
935485,14262712,CI.TPM.EHZ,0,up,210.67123413085938,3.48046875,3.740234375
935858,10330769,CI.LRL.HHZ,0,up,1.4066075086593628,1.0400390625,47.6875
935994,14432328,NP.5271.HLZ,1,down,45.90913772583008,1.7900390625,3.689453125
936600,10542477,PB.B918.EHZ,0,up,99.14871978759766,1.4599609375,20.296875
936670,9832061,AZ.KNW.HHZ,1,down,12.819720268249512,0.8701171875,29.0625
936769,14899116,EN.RED.EHZ,1,down,9.044660568237305,2.240234375,20.90625
937404,9909197,CI.EW2.EHZ,1,down,11.815478324890137,2.25,90.875
937458,9744989,CI.YUH.EHZ,1,down,24.25874137878418,2.4296875,80.8125
937646,10457245,PB.B082.EHZ,0,up,36.49959945678711,1.4296875,25.109375
937824,9940601,CI.PEM.EHZ,0,up,40.25346374511719,2.240234375,102.9375
938201,9692053,CI.WNM.EHZ,1,down,4.145756721496582,0.7001953125,23.71875
938446,14147392,CI.BLK.EHZ,0,up,38.692413330078125,2.189453125,41.65625
938609,10347497,CI.DNR.HHZ,1,down,1.4471197128295898,0.91015625,42.0625
938879,14384932,CI.EL2.EHZ,1,down,8.727909088134766,2.3203125,64.125
939036,10298593,AZ.LVA2.HHZ,0,up,37.343414306640625,1.509765625,38.375
939129,14256408,CI.SAL.HHZ,0,up,8.59035873413086,1.2099609375,9.703125
939445,9160219,CI.HOL.EHZ,1,down,7.761061191558838,1.6796875,76.3125
939669,14601876,CI.TOR.HHZ,1,down,8.3492431640625,1.0400390625,65.75
939770,9668457,CI.XTL.EHZ,0,up,48.85234069824219,1.8798828125,43.5625
939898,10492837,CI.WNM.EHZ,1,down,3.4536664485931396,1.150390625,30.953125
939950,10534685,PB.B093.EHZ,0,up,104.6233901977539,1.83984375,26.40625
940709,13938064,CI.BBR.HHZ,1,down,52.79600143432617,1.66015625,8.90625
940976,14730500,CI.YUH.EHZ,1,down,25.169824600219727,1.1796875,25.265625
941600,10621237,AZ.TRO.HHZ,1,down,6.6430344581604,0.64013671875,22.625
941780,10348841,CI.CCC.HHZ,0,up,17.1774845123291,1.4404296875,74.1875
942115,10150289,CI.WRV.EHZ,1,down,27.058731079101562,0.60986328125,12.9296875
942162,14343512,CI.JNH.EHZ,0,up,5.17014741897583,1.2998046875,50.53125
942372,10410465,CI.PDE.HHZ,1,down,4.615292549133301,2.310546875,60.625
942376,14169752,CI.DTP.EHZ,1,down,14.241122245788574,1.2197265625,100.375
942691,10179493,AZ.PFO.HHZ,0,up,7.0911970138549805,1.3095703125,51.34375
943187,14135968,CI.WWP.EHZ,0,up,12.449471473693848,1.669921875,88.0
943652,10193150,EN.HAT.EHZ,0,up,5.548771858215332,0.5,2.6796875
943872,10495293,CI.CCA.EHZ,0,up,39.793819427490234,1.6904296875,33.34375
944047,14185196,CI.RXH.HHZ,0,up,2.763329029083252,1.7001953125,11.3125
944343,13916460,CI.YUH.EHZ,1,down,75.7729721069336,1.3896484375,25.4375
944884,11080130,AZ.KNW.HHZ,1,down,11.984174728393555,0.56982421875,24.46875
944949,9143951,CI.RMM.EHZ,1,down,19.812803268432617,2.41015625,34.8125
945221,15167353,NN.TMO.EHZ,1,down,2.85801100730896,1.259765625,40.0625
945239,11418298,AZ.MONP2.HHZ,1,down,13.540070533752441,1.919921875,45.25
945308,10280889,CI.BFS.HHZ,1,down,5.157719135284424,1.5498046875,107.75
945381,11049341,PB.B082.EHZ,1,down,8.772782325744629,0.60986328125,21.015625
945538,14347796,SB.WLA.HLZ,1,down,1.477524995803833,2.349609375,74.8125
945604,9171075,CI.OAT.EHZ,1,down,12.202467918395996,1.76953125,45.09375
945619,10531133,CI.MWC.HHZ,1,down,99.05443572998047,2.259765625,25.15625
945845,10756565,CI.FRK.EHZ,1,down,13.083196640014648,2.310546875,85.625
946071,9718745,CI.OLY.EHZ,0,up,9.61406421661377,1.650390625,55.46875
946114,10480965,CI.SGL.EHZ,1,down,60.4818000793457,2.380859375,66.6875
946476,14255012,CI.EML.HHZ,1,down,18.53841209411621,1.4404296875,66.75
947990,14297744,CI.GMR.HHZ,0,up,17.30752944946289,1.169921875,58.625
948086,10527893,CI.CCC.HHZ,1,down,12.012075424194336,1.919921875,70.6875
948126,9717965,CI.FRK.EHZ,1,down,29.93120574951172,3.080078125,100.4375
948284,10247017,CI.BTP.HHZ,0,up,2.5276291370391846,1.830078125,81.1875
948341,9139915,CI.TPM.EHZ,1,down,59.5250129699707,1.2001953125,5.41015625
948368,14505572,AZ.LVA2.HHZ,1,down,899.7987060546875,1.830078125,25.984375
948664,14137980,CI.WNM.EHZ,1,down,2.844672441482544,0.39990234375,24.015625
949307,10347545,PB.B084.EHZ,0,up,5.454661846160889,1.1396484375,59.96875
949386,10736293,AZ.BZN.HHZ,0,up,2.175474166870117,1.4697265625,14.9296875
949388,10149477,CI.PMD.HHZ,1,down,66.11488342285156,1.1396484375,21.9375
950107,10488725,CI.SDR.HHZ,1,down,1.935732126235962,2.109375,118.6875
950361,10668053,ZY.PNTO.EHZ,0,up,52.939918518066406,1.08984375,4.66015625
950473,11380634,AZ.BZN.HHZ,1,down,50.22450637817383,1.580078125,11.15625
950501,10630101,CI.SRT.EHZ,0,up,7.112274646759033,1.349609375,54.09375
950665,14116988,CI.EDW2.HHZ,1,down,12.725278854370117,2.240234375,98.1875
950709,9687813,CI.CLC.EHZ,0,up,4.8121185302734375,1.2998046875,35.0
950997,10217541,CI.HOL.EHZ,1,down,12.33409309387207,1.419921875,100.9375
951028,9793549,CI.WVP.EHZ,0,up,29.01568603515625,0.9599609375,10.53125
951037,14203212,AZ.SND.HHZ,1,down,20.380321502685547,1.1396484375,10.3671875
951077,9686997,CI.WOF.EHZ,1,down,17.738391876220703,1.9501953125,21.625
951301,9884221,CI.MPM.HHZ,0,up,8.31399917602539,0.8798828125,57.4375
952209,14247264,NC.MMI.EHZ,1,down,24.29188346862793,2.19921875,106.125
952651,10014217,CI.SME.EHZ,1,down,2.9413135051727295,1.2998046875,24.65625
952755,9132318,CI.RAG.EHZ,0,up,69.66340637207031,2.05078125,14.4375
953188,9733897,CI.PLT.EHZ,1,down,48.26729202270508,3.140625,74.75
953672,10964589,AZ.PFO.HHZ,1,down,3.1261227130889893,0.97021484375,24.921875
953676,9169351,CI.BTL.EHZ,0,up,7.4224395751953125,1.9697265625,8.59375
953880,15150105,AZ.WMC.HHZ,1,down,217.46768188476562,2.7109375,19.921875
954334,11090442,CI.ERP.EHZ,0,up,8.679057121276855,2.0390625,19.78125
954814,9150207,CI.MWC.EHZ,0,up,3.9048573970794678,1.6396484375,41.0625
955284,9673901,CI.ISA.HHZ,1,down,15.35388469696045,1.8203125,67.8125
956376,10225429,CI.TPO.EHZ,0,up,7.872267246246338,2.2109375,91.75
957542,10530021,CI.BTL.EHZ,1,down,16.326885223388672,2.26953125,36.25
957599,14217792,AZ.FRD.HHZ,0,up,5.740636348724365,1.0400390625,19.125
957704,10529629,CI.TOW.EHZ,1,down,2.8150408267974854,0.6201171875,25.546875
958238,10438681,CI.CLC.HHZ,0,up,1.607361078262329,1.41015625,39.5
958617,10380889,AZ.KNW.HHZ,1,down,6.469760417938232,0.81982421875,35.6875
959336,11274122,AZ.WMC.HHZ,0,up,31.641508102416992,1.3603515625,21.65625
959405,11409674,CI.JEM.HHZ,0,up,27.6252498626709,1.1396484375,16.984375
959772,13191448,CI.HDB.EHZ,1,down,3.568598508834839,1.830078125,18.25
959781,14695996,ZY.OCCM.EHZ,1,down,14.485276222229004,1.4404296875,7.6015625
960051,14570524,CI.SWS.HHZ,1,down,14.827412605285645,2.2890625,40.28125
960785,10546149,CI.TOW.EHZ,0,up,1.3150023221969604,0.9599609375,66.0625
961241,10282805,CI.CBK.EHZ,1,down,54.269195556640625,2.169921875,91.375
961331,14134660,AZ.KNW.HHZ,1,down,15.0899019241333,1.3896484375,40.375
961383,11128610,CI.HOL.EHZ,0,up,24.309080123901367,1.7001953125,74.6875
961997,10181593,CI.CBK.EHZ,1,down,50.5551643371582,2.330078125,53.96875
962104,14057580,CI.CCA.EHZ,1,down,6.4223737716674805,1.58984375,31.0625
962223,10547037,PB.B084.EHZ,0,up,66.33077239990234,1.9404296875,64.1875
962535,14186184,CI.RAY.EHZ,0,up,25.337919235229492,2.009765625,32.625
963340,11387554,CI.MPM.HHZ,0,up,3.779836893081665,0.66015625,35.03125
963610,13916456,CI.BAC.EHZ,0,up,27.6453914642334,1.4404296875,34.40625
963801,14438680,CI.FRK.EHZ,1,down,2.180741786956787,1.5,50.5
963949,10725133,CI.TOR.HHZ,1,down,4.5037641525268555,0.509765625,25.140625
963960,9814825,CI.IR2.EHZ,0,up,3.9130630493164062,1.48046875,47.0625
964133,14153200,CI.PMD.HHZ,0,up,3.135495901107788,0.9599609375,20.265625
964229,14419444,CI.STT.EHZ,1,down,20.264375686645508,1.5703125,29.484375
964266,14493720,PB.B086.EHZ,1,down,7.547364711761475,1.3701171875,21.625
964828,9673381,CI.TEH.HLZ,1,down,6.804759979248047,2.44921875,96.25
964860,9173378,CI.ALV.EHZ,0,up,2.7619833946228027,1.099609375,53.34375
965016,10367325,CI.THC.EHZ,1,down,102.96405029296875,2.9609375,57.6875
965223,15139713,CI.WMF.EHZ,1,down,12.901387214660645,0.1800537109375,7.921875
965453,14237360,AZ.RDM.HHZ,0,up,20.66583824157715,1.16015625,11.546875
965457,9133899,CI.CRG.EHZ,0,up,8.160861015319824,2.19921875,57.34375
965769,10542797,CI.PEM.EHZ,0,up,15.463452339172363,1.669921875,65.5625
965975,10355717,CI.CRR.EHZ,1,down,121.92436218261719,1.9404296875,23.765625
966585,9915709,CI.CAP.HHZ,1,down,100.41632080078125,3.869140625,115.4375
966591,10217277,CI.RMR.EHZ,1,down,122.85747528076172,2.7890625,80.9375
966720,14159380,CI.DNR.HHZ,0,up,3.450049877166748,0.340087890625,14.1796875
967045,9994605,CI.WWP.EHZ,0,up,2.707892894744873,1.2001953125,49.84375
967268,10774229,CI.BAC.EHZ,0,up,9.09324836730957,1.3896484375,67.5625
967303,14378532,AZ.FRD.HHZ,1,down,35.01945877075195,0.5498046875,5.25
968424,9722649,CI.ERR.HHZ,0,up,2.55659818649292,2.470703125,23.828125
968430,13944460,CI.LUG.HHZ,0,up,10.109972953796387,2.5,48.0
968571,10862565,CI.BOR.HHZ,0,up,17.39476203918457,1.3203125,10.65625
968689,9974953,CI.HYS.EHZ,1,down,33.18193817138672,1.8603515625,36.28125
968711,10774293,PB.B087.EHZ,1,down,9.292200088500977,1.41015625,69.25
968968,11370970,CI.WWC.HHZ,1,down,5.4171342849731445,1.1904296875,56.1875
968993,14205480,CI.HMT.EHZ,1,down,5.472871780395508,1.7099609375,82.4375
969246,14443144,PG.BL.EHZ,1,down,2.0418148040771484,2.119140625,106.5625
969288,10168845,CI.CLI.EHZ,0,up,4.823075294494629,2.9296875,100.8125
969749,13984244,CI.BTL.EHZ,1,down,32.472145080566406,1.650390625,28.890625
969816,10758197,CI.CHN.HHZ,0,up,1.8082764148712158,1.6796875,12.640625
970047,13909816,CI.LCG.HHZ,0,up,10.178760528564453,2.2109375,4.859375
970516,9666149,CI.JRC.HHZ,0,up,21.325214385986328,2.400390625,10.140625
970877,11280666,CI.JVA.HHZ,0,up,8.812565803527832,2.869140625,79.0
971268,10255033,PB.B087.EHZ,0,up,22.579784393310547,1.0,2.529296875
971454,10774293,AZ.RDM.HHZ,1,down,10.337226867675781,1.41015625,92.625
971601,14605828,CI.WCS.EHZ,1,down,25.6331787109375,2.140625,10.0703125
971610,9136202,CI.RAG.EHZ,0,up,4.136122703552246,1.599609375,26.8125
971692,9637033,CI.CLC.EHZ,1,down,16.858198165893555,1.8095703125,28.3125
971830,11010653,CI.BLA2.HHZ,0,up,21.497343063354492,1.2099609375,49.28125
971877,14080380,CI.WHF.EHZ,1,down,3.739440679550171,0.7001953125,53.15625
972043,15154121,CI.BCW.HHZ,1,down,39.304317474365234,1.5,68.5
972198,13937608,CI.RMM.EHZ,1,down,5.793359756469727,1.16015625,41.28125
972349,14213880,CI.MSJ.HHZ,0,up,4.662966728210449,2.599609375,65.375
972430,13940872,CI.ERR.HHZ,0,up,2.4021995067596436,2.080078125,36.84375
972543,9169924,CI.WWP.EHZ,0,up,4.80618143081665,0.89990234375,42.5
972681,14199324,CI.CCC.HHZ,0,up,8.87603759765625,0.93994140625,38.1875
973027,14546364,EN.YOU.EHZ,1,down,12.977213859558105,0.9599609375,5.6484375
973597,14200120,CI.PEM.EHZ,0,up,62.65049362182617,2.369140625,65.625
973702,15081044,CI.PMD.HHZ,1,down,57.22205352783203,1.16015625,22.375
973780,14333320,CI.EML.HHZ,0,up,137.27183532714844,2.4296875,80.0
973905,10457045,CI.CLI.EHZ,0,up,1.8282310962677002,1.4697265625,23.109375
973993,10627877,ZY.SHCM.EHZ,0,up,94.84069061279297,1.6904296875,7.94140625
974062,9776889,CI.CPE.EHZ,1,down,1.9333972930908203,1.4404296875,23.796875
974168,14096368,CI.ARV.HHZ,0,up,82.56835174560547,2.23046875,35.21875
974313,14152080,AZ.LVA2.HHZ,1,down,2.605350971221924,0.68017578125,17.859375
974383,9944825,CI.CFT.EHZ,1,down,2.801158905029297,1.6396484375,50.5
974921,14962892,CI.TOR.HHZ,1,down,18.791440963745117,1.3798828125,36.84375
975513,10081897,CI.RAG.EHZ,1,down,10.103036880493164,1.419921875,14.3828125
976111,13914212,AZ.LVA2.HHZ,0,up,51.66288757324219,1.6904296875,77.9375
976224,14331836,CI.TPM.EHZ,1,down,7.001644611358643,1.2099609375,34.875
976404,9171417,CI.RAG.EHZ,0,up,50.245933532714844,2.349609375,28.046875
976493,13942032,AZ.KNW.HHZ,1,down,378.0320739746094,2.060546875,29.015625
976544,14263724,CI.CRR.EHZ,1,down,52.44010925292969,1.51953125,6.62109375
976655,10742965,AZ.SND.HHZ,1,down,6.0114426612854,0.89990234375,12.28125
977376,9138245,CI.TPC.EHZ,0,up,10.459049224853516,1.5,88.25
977826,14209884,CI.JRC2.HHZ,0,up,54.34520721435547,1.4404296875,21.296875
978204,15103436,CI.TOR.HHZ,1,down,8.0305757522583,0.97998046875,23.671875
978256,9164930,CI.TPM.EHZ,0,up,34.254974365234375,1.7001953125,13.84375
978259,12458712,CI.WMF.EHZ,1,down,71.32059478759766,1.150390625,6.94140625
978762,14333708,AZ.SND.HHZ,1,down,4.9098591804504395,0.389892578125,14.8125
979064,11205346,AZ.KNW.HHZ,0,up,6.618834972381592,1.2802734375,59.8125
979102,10215773,CI.CRR.EHZ,0,up,35.16633605957031,2.279296875,51.96875
979124,10600429,ZY.SHCM.EHZ,0,up,14.400949478149414,1.5400390625,4.23828125
979622,9747873,CI.WNM.EHZ,0,up,19.357257843017578,1.349609375,25.40625
979863,14091476,CI.SRN.HHZ,1,down,5.348538875579834,1.8798828125,27.953125
979888,14248120,CI.WLH.EHZ,1,down,4.529213905334473,1.0400390625,37.4375
980168,11064741,EN.ENG.EHZ,0,up,9.683761596679688,1.83984375,9.0234375
980297,14079784,CI.GTM.EHZ,1,down,10.522540092468262,1.6298828125,32.84375
981098,11318762,CI.BTL.EHZ,1,down,9.460336685180664,0.97998046875,34.03125
981158,11285338,CI.MPM.HHZ,0,up,7.025789737701416,0.5,33.28125
981565,14599660,CI.BLA2.HHZ,1,down,81.37355041503906,2.0390625,52.0625
981702,13688088,CI.SS2.EHZ,1,down,182.80801391601562,1.8095703125,10.7265625
981906,11046557,CI.WMF.EHZ,0,up,43.9782600402832,2.16015625,43.5625
981912,11056781,CI.CRR.EHZ,0,up,2.28256893157959,1.080078125,24.5625
981954,14277736,PB.B087.EHZ,0,up,174.56085205078125,2.150390625,18.65625
982462,10080557,CI.DEV.HHZ,0,up,8.494190216064453,1.4697265625,13.3125
982630,14095792,NC.MMI.EHZ,0,up,16.461366653442383,1.8798828125,76.0625
983013,10248617,AZ.CRY.HHZ,0,up,170.9004669189453,1.2001953125,16.296875
983260,9135885,CI.SIL.EHZ,1,down,6.620681285858154,1.7998046875,63.78125
983571,9168933,CI.THC.EHZ,1,down,37.83796691894531,1.9697265625,43.78125
983748,14382208,AZ.BZN.HHZ,1,down,5.358461380004883,1.009765625,20.15625
983840,10183033,CI.PEM.EHZ,1,down,41.498661041259766,2.390625,57.6875
984154,10764173,AZ.LVA2.HHZ,1,down,32.91611862182617,1.2099609375,19.953125
984372,14384232,CI.KML.EHZ,1,down,2.5466907024383545,1.6796875,37.625
984412,14254028,CI.WRC.EHZ,1,down,11.050195693969727,0.419921875,7.48828125
984430,11034213,AZ.KNW.HHZ,0,up,87.742431640625,0.77978515625,8.140625
984476,13938260,AZ.LVA2.HHZ,1,down,60.220970153808594,2.189453125,109.75
984676,11279122,CI.BAR.HHZ,0,up,14.769315719604492,1.4404296875,68.75
984693,10185197,AZ.TRO.HHZ,0,up,7.835326671600342,0.72998046875,18.921875
985151,9757593,CI.HMT.EHZ,1,down,8.64647102355957,1.51953125,70.3125
985398,10904229,EN.ENG.EHZ,0,up,10.544334411621094,0.7998046875,8.8203125
985831,10526573,CI.SNO.HHZ,0,up,15.838058471679688,1.740234375,9.8125
986150,10783981,CI.FHO.HHZ,1,down,94.61033630371094,1.26953125,4.921875
986345,10149493,CI.QAL.EHZ,0,up,11.847834587097168,1.7001953125,51.09375
986380,14131644,CI.JCS.HHZ,0,up,31.366043090820312,1.5595703125,33.71875
986486,10173410,CI.BAR.HHZ,0,up,3.876767158508301,0.830078125,66.0625
986519,9795661,CI.WMF.EHZ,1,down,34.63700866699219,1.509765625,14.8125
986571,10314261,CI.PMD.HHZ,1,down,4.43393611907959,0.77978515625,28.75
986585,9929109,CI.SME.EHZ,1,down,47.07526397705078,2.19921875,32.03125
986625,10004969,CI.JFS.EHZ,0,up,13.109227180480957,1.400390625,27.59375
986801,9697289,CI.WRV.EHZ,1,down,41.57197570800781,0.7001953125,3.830078125
986879,11168055,CI.WNM.EHZ,0,up,15.960180282592773,1.0,13.7109375
987052,10235473,CI.WCH.EHZ,0,up,21.778791427612305,1.3095703125,16.25
987504,10230613,CI.WBM.EHZ,0,up,4.170980453491211,0.72021484375,67.0625
987857,14132244,CI.DTP.EHZ,0,up,3.060264825820923,1.2998046875,56.65625
988072,10283925,AZ.CRY.HHZ,1,down,2.2487127780914307,1.26953125,62.78125
988233,9976053,CI.WER.HHZ,1,down,6.760263919830322,1.5,7.12109375
988373,14240444,CI.CLC.HHZ,0,up,10.057380676269531,0.93017578125,36.0625
988436,14333648,CI.MCT.HHZ,1,down,84.76993560791016,3.2890625,88.6875
988699,13994400,CI.HMT.EHZ,0,up,6.593494892120361,1.5,76.875
988805,9747797,CI.GTM.EHZ,0,up,10.031330108642578,2.220703125,46.3125
990510,9636909,CI.XMS.EHZ,1,down,7.899810791015625,1.169921875,62.5625
990564,9730749,CI.WOF.EHZ,0,up,147.8371124267578,2.380859375,30.140625
990693,12448500,CI.SIL.EHZ,0,up,2.163261651992798,1.599609375,33.71875
990864,10000961,CI.CLT.HHZ,1,down,4.852402687072754,1.66015625,6.80078125
990963,9613869,CI.EMS.EHZ,0,up,4.170765399932861,2.939453125,87.9375
991450,13952336,WR.PEC.EHZ,1,down,30.268712997436523,2.0390625,20.734375
991461,10790253,CI.IBP.HHZ,0,up,71.31674194335938,1.4599609375,14.1796875
991736,9982609,CI.FOX.EHZ,1,down,6.872096061706543,2.560546875,70.25
992371,10326813,AZ.FRD.HHZ,1,down,16.244890213012695,1.2099609375,60.96875
992442,15059468,AZ.PFO.HHZ,1,down,9.859417915344238,0.58984375,13.2734375
992615,9166840,CI.ARG.EHZ,0,up,4.165393352508545,1.0,34.03125
992863,14087912,AZ.CRY.HHZ,1,down,8.91292953491211,0.5,11.03125
993025,14332344,AZ.WMC.HHZ,1,down,4.401641845703125,1.58984375,71.375
993404,14435904,CI.SGL.EHZ,1,down,8.749842643737793,2.51953125,70.8125
994085,10399801,CI.IR2.EHZ,1,down,55.123695373535156,3.759765625,78.625
994107,9966245,CI.WBS.HHZ,1,down,1.2292377948760986,1.0,24.875
994113,10227165,AZ.PFO.HHZ,1,down,7.369220733642578,0.60009765625,13.2109375
994587,10148941,CI.RMR.EHZ,0,up,16.19535255432129,1.419921875,28.875
994892,10743949,CI.PMD.HHZ,1,down,25.750289916992188,1.1201171875,26.953125
995061,9615073,CI.SU2.EHZ,0,up,7.228768348693848,2.369140625,24.40625
995431,9157449,CI.GTM.EHZ,1,down,7.232606410980225,1.2998046875,29.953125
995576,14048284,CI.SWS.HHZ,0,up,16.95995330810547,1.599609375,35.4375
995673,10721997,CI.BAR.HHZ,0,up,5.827828884124756,1.009765625,73.4375
996102,10724565,CI.CRR.EHZ,1,down,15.84981632232666,1.1396484375,25.046875
996137,14383296,CI.WRV.EHZ,1,down,16.38207244873047,1.099609375,9.3828125
996257,9633717,CI.RMM.EHZ,1,down,7.018865585327148,2.0703125,79.75
996436,14461768,AZ.LVA2.HHZ,1,down,18.27547836303711,0.66015625,12.046875
996901,9730821,CI.MCT.HHZ,0,up,14.175901412963867,1.599609375,29.90625
997467,10672301,ZY.OCCM.EHZ,0,up,167.8604736328125,2.58984375,8.65625
998481,11208890,CI.HOL.EHZ,0,up,17.131404876708984,1.4404296875,69.75
998559,10480917,PB.B082.EHZ,1,down,4.041003704071045,0.330078125,17.015625
998860,10206533,CI.JVA.HHZ,0,up,2.7304985523223877,1.5595703125,22.71875
999268,12451716,CI.GTM.EHZ,1,down,4.778024673461914,1.1904296875,26.640625
999358,14240084,CI.ERR.HHZ,0,up,1.5239993333816528,1.4501953125,28.1875
999462,10623237,CI.SRN.HHZ,0,up,33.82595443725586,1.33984375,5.94140625
999822,14384460,CI.SUN.EHZ,1,down,18.33552360534668,1.3896484375,29.765625
1000128,9689273,CI.WHV.EHZ,0,up,8.792325973510742,1.9296875,40.53125
1000148,10933509,CI.MCT.HHZ,0,up,7.62581729888916,1.330078125,55.53125
1000483,10353573,CI.PMD.HHZ,0,up,12.477142333984375,1.4599609375,93.375
1000527,9164550,CI.GTM.EHZ,0,up,23.392986297607422,1.400390625,21.5
1000756,10297485,PB.B087.EHZ,1,down,11.952791213989258,0.43994140625,4.6015625
1001239,14858548,AZ.BZN.HHZ,1,down,5.132980823516846,1.990234375,75.0
1001290,14163500,CI.HOL.EHZ,0,up,31.099611282348633,1.2802734375,66.9375
1001429,14156980,CI.HMT.EHZ,0,up,4.757259368896484,0.9501953125,15.0234375
1001497,14870340,AZ.FRD.HHZ,1,down,11.302714347839355,0.97998046875,55.5
1001989,10875669,PB.B093.EHZ,0,up,20.164392471313477,1.4697265625,9.8671875
1002347,14850292,CI.GRA.HHZ,1,down,10.664098739624023,2.26953125,16.34375
1002478,10922989,CI.WLH.EHZ,0,up,14.41417121887207,0.8798828125,46.8125
1002597,10064497,CI.MDA.EHZ,1,down,4.498007774353027,2.060546875,8.3984375
1002676,10408617,CI.TOW.EHZ,0,up,92.343017578125,2.310546875,23.84375
1002727,10353553,CI.BAC.EHZ,1,down,12.825576782226562,1.490234375,67.5
1002805,10179077,CI.SKY.EHZ,1,down,2.2288477420806885,1.3896484375,25.90625
1002875,11419994,PB.B921.EHZ,0,up,4.932901859283447,0.830078125,50.5625
1003031,14201592,CI.LBW1.HLZ,0,up,1.7290204763412476,2.650390625,62.4375
1003340,11128106,CI.TEH.HHZ,1,down,43.36408233642578,2.880859375,99.5
1003614,11053053,CI.WMF.EHZ,0,up,4.714241027832031,1.23046875,39.125
1003615,14095756,CI.TEJ.EHZ,0,up,17.355945587158203,1.400390625,17.09375
1003622,9693469,CI.WRV.EHZ,1,down,17.031320571899414,1.98046875,5.2890625
1003950,14407900,PB.B084.EHZ,1,down,12.079086303710938,1.4599609375,76.4375
1003963,10224565,CI.BFS.HHZ,1,down,3.9873909950256348,1.4501953125,49.25
1004004,14957068,AZ.PFO.HHZ,1,down,6.939821243286133,1.4697265625,69.25
1004036,14844964,CI.TOR.HHZ,1,down,14.457550048828125,0.93017578125,24.796875
1004066,10534685,CI.BLA2.HHZ,0,up,62.90481948852539,1.83984375,43.84375
1004231,10295029,SB.GVDA.HLZ,0,up,2.146716594696045,1.8095703125,58.71875
1004281,9942685,CI.BBS.HHZ,1,down,2.40664005279541,2.26953125,25.359375
1004612,9747797,CI.SIL.EHZ,1,down,7.981846332550049,2.220703125,63.53125
1004817,14282968,CI.BAT.EHZ,0,up,3.9270007610321045,1.2197265625,32.25
1005424,11332354,CI.WVP.EHZ,0,up,43.14092254638672,1.8896484375,66.25
1006100,9687157,CI.CLC.HHZ,0,up,10.38582706451416,1.91015625,35.375
1006427,10288413,CI.TOR.HHZ,1,down,2.3163375854492188,0.64990234375,25.375
1006457,10597229,ZY.OCCM.EHZ,0,up,3.359208106994629,1.419921875,11.7578125
1006766,10631621,ZY.WAGN.EHZ,0,up,15.741771697998047,1.259765625,13.1796875
1006937,9163363,CI.BBR.HHZ,0,up,4.586828231811523,1.6396484375,44.34375
1007342,15014516,AZ.BZN.HHZ,1,down,4.044866561889648,0.3798828125,18.640625
1007667,11417538,PB.B084.EHZ,1,down,10.349193572998047,1.1103515625,31.953125
1008078,14893228,PB.B081.EHZ,1,down,18.420743942260742,0.60986328125,7.4609375
1008369,15149577,CI.COA.EHZ,1,down,78.25787353515625,2.509765625,63.84375
1008535,9148500,CI.QAL.EHZ,0,up,13.868608474731445,1.599609375,13.3671875
1008611,14462472,PB.B082.EHZ,1,down,12.682574272155762,0.77978515625,16.328125
1008901,9169300,CI.WNM.EHZ,1,down,6.581007480621338,1.669921875,26.859375
1009482,14842548,CI.WRC.EHZ,1,down,3.0399844646453857,0.7998046875,12.21875
1010089,14151364,CI.PSP.EHZ,1,down,17.520530700683594,2.240234375,30.078125
1010335,10397889,CI.JRC2.HHZ,0,up,38.31040573120117,1.080078125,15.3828125
1010337,9999693,CI.WOR.EHZ,1,down,3.8207595348358154,0.3798828125,13.6015625
1010431,10185665,CI.CBK.EHZ,1,down,3.122541666030884,1.4296875,68.9375
1010541,9666377,CI.WIN.EHZ,0,up,6.687757968902588,1.419921875,41.09375
1010658,9855961,CI.ERP.EHZ,0,up,12.706586837768555,1.7802734375,21.375
1010885,14329332,CI.SME.EHZ,1,down,114.01951599121094,2.880859375,30.0625
1011121,13431428,CI.PSP.EHZ,0,up,2.962592601776123,1.759765625,63.875
1011122,13937488,CI.TPM.EHZ,1,down,24.197826385498047,1.91015625,70.75
1011282,10872589,PB.B093.EHZ,0,up,6.883950710296631,0.360107421875,21.0625
1011435,14512868,CI.COA.EHZ,1,down,8.322689056396484,1.8095703125,89.5625
1012116,11210794,CI.WCH.EHZ,1,down,3.0189404487609863,1.1396484375,31.046875
1012431,14007864,AZ.SND.HHZ,0,up,33.14821243286133,2.6796875,69.9375
1012672,13947064,CI.EL2.EHZ,0,up,8.362005233764648,1.599609375,77.75
1012858,10931821,CI.DGR.HHZ,0,up,2.5854766368865967,0.740234375,55.625
1013873,11364810,CI.TOR.HHZ,1,down,16.079975128173828,0.83984375,22.453125
1014529,10084081,CI.JRC2.HHZ,1,down,18.286306381225586,1.919921875,7.37109375
1014550,10924741,CI.WCS.EHZ,1,down,12.944868087768555,1.0302734375,0.64990234375
1014588,10267253,AZ.FRD.HHZ,0,up,131.19134521484375,2.109375,43.5
1014667,14136836,CI.GTM.EHZ,1,down,10.939749717712402,1.01953125,27.125
1014763,10497005,CI.DEC.HHZ,0,up,26.792125701904297,1.5703125,13.8125
1015024,14336216,CI.RMR.EHZ,0,up,21.427417755126953,1.1796875,26.65625
1015072,9757577,CI.CTC.HHZ,1,down,4.517969131469727,2.19921875,79.0
1015400,9706905,CI.VPD.EHZ,1,down,22.642927169799805,1.490234375,11.6796875
1016409,10928189,CI.JEM.HHZ,1,down,6.596127510070801,1.1201171875,25.15625
1016489,10787357,CI.ERP.EHZ,0,up,5.50732421875,2.109375,44.5
1016499,9133094,CI.SLC.EHZ,0,up,13.216059684753418,1.7998046875,43.40625
1016969,15012460,CI.ERR.HHZ,1,down,15.917863845825195,1.349609375,4.8203125
1017419,14618684,AZ.HWB.HHZ,1,down,7.36497163772583,2.119140625,119.9375
1017790,14382056,CI.BAC.EHZ,1,down,27.408836364746094,1.4296875,43.8125
1017975,10401401,CI.CLC.HHZ,0,up,877.0533447265625,0.6298828125,3.69921875
1017981,9694097,CI.TEH.HHZ,1,down,11.169445991516113,1.830078125,94.0625
1018464,9658997,AZ.CRY.HHZ,0,up,41.85064697265625,1.6396484375,14.1875
1018518,11056701,CI.SME.EHZ,1,down,28.98629379272461,1.330078125,26.109375
1018985,11012341,PB.B082.EHZ,0,up,13.647176742553711,1.48046875,69.5625
1019259,10592949,ZY.OCCM.EHZ,0,up,357.14959716796875,2.619140625,11.703125
1019302,10903525,CI.CTW.EHZ,1,down,32.9235725402832,2.470703125,53.65625
1019766,9808905,AZ.SND.HHZ,1,down,39.3790397644043,1.01953125,10.3671875
1019787,14333768,CI.ERR.HHZ,0,up,18.30877685546875,1.740234375,19.0625
1020040,10767877,AZ.RDM.HHZ,0,up,32.43555450439453,3.060546875,91.8125
1020068,14287184,CI.IR2.EHZ,1,down,47.50385284423828,1.2900390625,14.359375
1020326,14073396,AZ.BZN.HHZ,0,up,30.49770736694336,1.6904296875,46.96875
1021088,10397577,CI.WOF.EHZ,1,down,27.15072250366211,1.259765625,28.09375
1021162,10615245,ZY.OYSB.EHZ,1,down,28.126346588134766,1.91015625,21.09375
1021202,14394576,CI.DVT.HHZ,1,down,40.096099853515625,2.9296875,83.25
1021337,10009145,AZ.BZN.HHZ,1,down,4.733166694641113,0.75,19.15625
1021355,10366389,PB.B081.EHZ,0,up,60.42738342285156,2.189453125,66.0625
1021381,14853516,CI.WCS.EHZ,1,down,5.430412292480469,0.7099609375,11.78125
1021582,11337490,CI.TOR.HHZ,0,up,12.5560941696167,0.64013671875,18.796875
1021933,10483781,CI.HEC.HHZ,1,down,101.33407592773438,3.240234375,95.75
1022135,10617677,ZY.WAGN.EHZ,0,up,4.271235466003418,1.099609375,14.890625
1022169,11245970,CI.PMD.HHZ,1,down,15.621540069580078,1.2197265625,69.75
1022628,13943368,AZ.KNW.HHZ,1,down,4.373234748840332,1.0,7.03125
1022671,14237560,CI.BAC.EHZ,0,up,7.9566874504089355,0.47998046875,28.296875
1022761,9876429,CI.TPO.EHZ,0,up,3.860645294189453,1.400390625,61.53125
1022877,9706217,CI.WBM.EHZ,0,up,11.648026466369629,2.060546875,50.71875
1022978,14218376,CI.JCS.HHZ,0,up,4.387085437774658,1.16015625,17.875
1023571,9916353,AZ.WMC.HHZ,0,up,4.058550834655762,1.2998046875,13.3984375
1024195,11415810,CI.WCH.EHZ,0,up,10.961931228637695,1.349609375,38.5625
1024207,14248796,CI.BBR.HHZ,1,down,5.895559310913086,1.509765625,45.03125
1024208,10766317,PB.B087.EHZ,0,up,3.640456438064575,0.7099609375,22.21875
1024328,14184000,CI.WCS.EHZ,0,up,2.4041123390197754,0.39990234375,5.51953125
1024826,14346264,CI.COA.EHZ,0,up,5.546289443969727,1.58984375,73.25
1024877,9749677,CI.EW2.EHZ,0,up,55.79024887084961,2.140625,43.09375
1025005,14462776,CI.DNR.HHZ,1,down,2.0467889308929443,0.52978515625,17.59375
1025042,10726341,CI.CRR.EHZ,1,down,9.704031944274902,1.4404296875,24.265625
1025144,12459692,CI.CLC.EHZ,0,up,2.150247573852539,0.72998046875,40.09375
1025197,13643432,CI.RAY.EHZ,1,down,31.83381462097168,2.830078125,98.3125
1025243,10044565,CI.DNR.HHZ,1,down,9.218095779418945,0.64990234375,14.703125
1025296,9829473,CI.WRV.EHZ,1,down,19.397384643554688,1.400390625,9.3984375
1025433,10771821,AZ.FRD.HHZ,1,down,2.927013397216797,1.0498046875,67.9375
1025451,14078696,CI.MIR.EHZ,1,down,104.99413299560547,3.26953125,93.0
1025628,14190768,CI.HEC.HHZ,0,up,1.2961530685424805,1.41015625,56.34375
1025907,10258609,CI.JRC2.HHZ,1,down,124.82434844970703,0.27001953125,4.26171875
1025965,12259760,CI.TOW.EHZ,1,down,5.5378923416137695,1.400390625,23.5625
1026691,14312152,CI.BAC.EHZ,0,up,5.684340000152588,0.5400390625,24.953125
1027674,11048893,CI.LRL.HHZ,1,down,15.916756629943848,2.009765625,51.6875
1028141,10205985,CI.LJR.HHZ,0,up,6.085044860839844,1.2099609375,21.09375
1028227,14117244,CI.PEM.EHZ,0,up,8.676285743713379,1.0,38.625
1028624,12473028,CI.PTD.EHZ,1,down,3.102260112762451,1.5498046875,41.40625
1028709,15101884,PB.B084.EHZ,1,down,23.332983016967773,2.009765625,69.4375
1029025,11274098,CI.TOR.HHZ,0,up,4.371870040893555,0.85986328125,22.046875
1029097,10321061,SB.GVDA.HLZ,0,up,6.13070821762085,0.7099609375,6.8203125
1029333,9147522,CI.SIL.EHZ,0,up,14.05327320098877,1.9501953125,35.1875
1029784,13937740,CI.RMR.EHZ,0,up,76.13459014892578,1.759765625,26.515625
1029947,9997809,CI.CLC.HHZ,0,up,31.723588943481445,1.099609375,13.546875
1030992,14981476,PB.B087.EHZ,1,down,17.106653213500977,0.72998046875,25.015625
1031123,14026364,CI.XTL.EHZ,0,up,3.6572697162628174,1.4697265625,54.1875
1031372,10532501,AZ.BZN.HHZ,1,down,500.3472900390625,3.369140625,62.59375
1031397,10329813,CI.XTL.EHZ,0,up,4.3032145500183105,1.7900390625,103.5625
1032085,14288936,CI.BAC.EHZ,0,up,6.958548069000244,0.6298828125,44.6875
1032429,14871220,CI.RMM.EHZ,1,down,269.57611083984375,2.73046875,31.84375
1032472,13279444,CI.TPO.EHZ,1,down,8.485952377319336,2.01953125,92.9375
1032608,9687821,CI.WCS.EHZ,0,up,7.872561931610107,1.0595703125,9.2109375
1032968,14155664,CI.DNR.HHZ,1,down,6.507036209106445,0.9501953125,9.2265625
1033052,14185596,CI.BEL.HHZ,0,up,12.629280090332031,1.740234375,112.9375
1033197,14296588,CI.DNR.HHZ,0,up,14.70836067199707,0.52978515625,15.71875
1033443,14962188,AZ.CPE.HHZ,1,down,2.9538767337799072,1.9404296875,108.25
1033528,11007221,CI.SRN.HHZ,0,up,14.828312873840332,1.599609375,7.23046875
1033591,10397785,CI.DVT.HHZ,0,up,6.495281219482422,1.4501953125,47.09375
1033713,10182541,AZ.LVA2.HHZ,0,up,21.65956687927246,0.89990234375,24.34375
1033747,9166742,CI.WNM.EHZ,0,up,15.341516494750977,1.58984375,58.78125
1033749,12458800,CI.WES.HHZ,1,down,6.513230323791504,2.66015625,55.03125
1033807,14378480,CI.JVA.HHZ,1,down,92.9460678100586,1.650390625,12.7265625
1033932,14376980,CI.CBK.EHZ,1,down,2.776503324508667,1.740234375,101.375
1034318,10169697,CI.PSD.HLZ,1,down,15.378230094909668,1.9404296875,20.40625
1034392,10356233,CI.VES.HHZ,0,up,5.606677055358887,1.900390625,43.21875
1034406,14000580,AZ.PFO.HHZ,1,down,2.9800031185150146,1.2998046875,18.421875
1034832,11005285,CI.SGL.EHZ,0,up,16.32158660888672,2.599609375,60.875
1034931,10600461,ZY.WAGN.EHZ,0,up,181.00502014160156,1.9296875,5.96875
1035946,10180589,CI.EML.HHZ,1,down,4.169499397277832,0.60986328125,61.84375
1036420,14599908,CI.SWS.HHZ,1,down,4.512948036193848,1.3798828125,24.140625
1036584,9157439,CI.WWP.EHZ,0,up,5.968075275421143,1.099609375,34.40625
1036645,10206237,AZ.KNW.HHZ,0,up,4.772458553314209,0.85986328125,13.59375
1036715,10346609,CI.MSJ.HHZ,0,up,2.3875362873077393,1.830078125,52.21875
1037418,10722021,CI.SWS.HHZ,1,down,8.491203308105469,1.26953125,28.90625
1037531,14895988,CI.YUH.EHZ,1,down,150.55491638183594,2.76953125,80.4375
1037694,9906649,CI.RAY.EHZ,1,down,30.35712432861328,2.23046875,30.15625
1037719,9148550,CI.WMF.EHZ,0,up,191.25918579101562,2.330078125,31.1875
1037748,10004081,CI.WRV.EHZ,0,up,1.6906605958938599,1.0,3.369140625
1037794,10276973,AZ.FRD.HHZ,1,down,102.80077362060547,1.8798828125,62.125
1038059,10541917,CI.BBR.HHZ,1,down,6.707702159881592,1.3603515625,38.15625
1038246,14924628,AZ.TRO.HHZ,1,down,29.617538452148438,1.419921875,52.875
1038410,13949768,CI.RMM.EHZ,1,down,19.315078735351562,1.66015625,41.53125
1039041,10726461,AZ.CPE.HHZ,1,down,3.142026424407959,1.669921875,115.3125
1039856,10607829,ZY.OYSB.EHZ,0,up,322.8312683105469,1.8603515625,11.4609375
1039899,13998640,CI.WCS.EHZ,0,up,7.618850231170654,2.220703125,45.25
1040182,9168684,AZ.FRD.HHZ,0,up,1.5587984323501587,1.900390625,40.46875
1040359,11134714,CI.JEM.HHZ,1,down,9.152606964111328,0.83984375,36.15625
1040401,9711705,AZ.KNW.HHZ,1,down,215.52919006347656,1.7998046875,47.0
1040554,9774789,CI.MAR.EHZ,0,up,8.95284366607666,1.7900390625,73.125
1040616,14152056,AZ.PFO.HHZ,1,down,5.456940650939941,1.009765625,13.046875
1040799,14436168,CI.SRN.HHZ,1,down,4.684162616729736,1.16015625,15.75
1041597,13938676,CI.POB.EHZ,1,down,18.01581382751465,1.6298828125,69.75
1041873,14118916,CI.BTL.EHZ,0,up,13.890414237976074,1.080078125,16.390625
1042072,9687169,CI.WCS.EHZ,1,down,29.693923950195312,2.970703125,10.1875
1042287,10778797,PB.B093.EHZ,1,down,67.38534545898438,2.529296875,91.8125
1042390,11246930,NN.BON.EHZ,1,down,28.274330139160156,1.509765625,22.921875
1042508,10181077,CI.WES.HHZ,0,up,5.8614349365234375,1.7900390625,14.3125
1042532,13985300,AZ.WMC.HHZ,1,down,23.850685119628906,1.0595703125,13.46875
1042678,14208356,WR.PEC.EHZ,0,up,6.364512920379639,2.7109375,58.8125
1043573,14134012,AZ.FRD.HHZ,0,up,66.79872131347656,2.109375,39.125
1043592,9649109,NN.CAS.EHZ,1,down,12.701408386230469,2.5,27.140625
1043704,10180673,CI.SIL.EHZ,1,down,7.2266740798950195,1.4501953125,28.15625
1044067,14598188,CI.JEM.HHZ,1,down,3.7690420150756836,0.919921875,40.6875
1044279,10319105,PB.B082.EHZ,0,up,19.335107803344727,1.0703125,16.9375
1044542,9806549,CI.JRC.HHZ,1,down,6.357038497924805,0.6298828125,6.640625
1045151,11372682,CI.JRC2.HHZ,0,up,4.834225177764893,0.340087890625,19.75
1045371,10726285,CI.CBK.EHZ,0,up,175.44346618652344,2.779296875,38.46875
1045661,10373653,CI.RMR.EHZ,0,up,7.2895684242248535,0.919921875,35.25
1046363,9993917,CI.MIR.EHZ,0,up,5.407208442687988,1.4697265625,20.515625
1046788,9696481,CI.POB.EHZ,1,down,19.23558235168457,1.4501953125,81.4375
1046935,14161496,CI.MPM.HHZ,0,up,2.5308799743652344,0.39990234375,32.75
1047199,14379156,CI.WRV.EHZ,1,down,2.1085333824157715,1.259765625,51.1875
1047275,10056673,CI.CRG.EHZ,0,up,50.560813903808594,3.279296875,79.75
1047419,10145766,ZY.PNTO.EHZ,0,up,22.203569412231445,0.77001953125,7.37109375
1047630,11208074,PB.B918.EHZ,1,down,393.6559143066406,0.77978515625,3.939453125
1047765,9676761,CI.WNM.EHZ,1,down,6.112672805786133,1.080078125,16.5625
1047887,14346100,CI.CBK.EHZ,1,down,165.1046600341797,2.869140625,89.9375
1047985,11204658,CI.BBR.HHZ,0,up,16.08893585205078,2.890625,62.90625
1048066,9883181,CI.WNM.EHZ,1,down,86.63345336914062,2.439453125,34.0
1048415,10024757,CI.WRC.EHZ,0,up,4.048318386077881,1.0,23.15625
1048879,10740549,PB.B082.EHZ,0,up,32.319515228271484,1.0400390625,21.578125
1048993,10737949,CI.TOR.HHZ,1,down,7.148233413696289,0.990234375,28.3125
1049488,10964661,PB.B093.EHZ,1,down,16.606307983398438,1.6103515625,76.25
1049875,9136496,CI.GTM.EHZ,0,up,56.658843994140625,1.7099609375,23.0625
1049919,12651460,CI.SS2.EHZ,0,up,4.583846092224121,1.490234375,42.375
1050746,10001577,CI.RAY.EHZ,0,up,14.990602493286133,1.4296875,44.34375
1050995,14026444,CI.DNR.HHZ,1,down,12.969559669494629,1.3701171875,15.0390625
1051272,14437080,PB.B087.EHZ,1,down,60.277587890625,2.140625,29.390625
1051294,9694269,CI.BTL.EHZ,1,down,41.404869079589844,1.6201171875,20.015625
1052125,9719157,CI.WBM.EHZ,0,up,10.156682014465332,2.75,88.9375
1052238,9145218,CI.SGL.EHZ,1,down,9.536335945129395,1.6904296875,39.8125
1053223,9706677,CI.WSH.EHZ,1,down,13.445281028747559,1.9599609375,58.0625
1053360,14384688,AZ.KNW.HHZ,1,down,36.517677307128906,1.740234375,23.203125
1053407,11396858,AZ.KNW.HHZ,1,down,197.54412841796875,2.099609375,15.4609375
1053949,13811532,CI.LUG.HHZ,0,up,4.216848850250244,1.490234375,78.625
1054252,12887740,AZ.PFO.HHZ,0,up,5.211052894592285,1.580078125,46.34375
1054293,10172078,CI.ERP.EHZ,0,up,1.2594443559646606,2.240234375,26.984375
1054550,11371538,CI.CHF.HHZ,1,down,307.8121337890625,2.1796875,35.96875
1054712,11420418,AZ.FRD.HHZ,0,up,11.034550666809082,0.4599609375,11.703125
1055438,14201664,CI.WRC.EHZ,0,up,2.275177478790283,0.5,14.1484375
1055790,9639077,AZ.FRD.HHZ,0,up,41.62745666503906,1.5,26.296875
1055808,10266353,PG.ML.EHZ,1,down,11.05496597290039,1.7197265625,79.4375
1055938,9733077,CI.HEC.HHZ,0,up,2.6184091567993164,1.2998046875,29.34375
1056624,9150098,CI.WI2.EHZ,0,up,2.8945374488830566,1.8896484375,13.5
1056792,9940769,CI.CHF.HHZ,1,down,74.81851959228516,0.7001953125,36.90625
1057287,10009217,CI.MPM.HHZ,0,up,14.502620697021484,0.72998046875,18.953125
1057364,10230713,AZ.CRY.HHZ,0,up,8.95720386505127,0.5,32.40625
1057799,9172305,CI.RAY.EHZ,0,up,207.39959716796875,2.83984375,9.6328125
1058072,10891813,PB.B084.EHZ,1,down,290.750732421875,1.6904296875,16.265625
1058531,10781653,CI.PMD.HHZ,1,down,29.29446029663086,1.4501953125,28.234375
1058534,9808121,AZ.BZN.HHZ,0,up,8.541585922241211,0.389892578125,31.8125
1058787,14158264,CI.MCT.HHZ,0,up,124.63396453857422,1.58984375,16.03125
1059119,14404728,PB.B084.EHZ,1,down,8.543375015258789,0.81982421875,18.75
1059333,14959164,PB.B082.EHZ,1,down,59.42450714111328,1.919921875,70.1875
1059587,9671985,CI.WRV.EHZ,1,down,35.60167694091797,1.7197265625,3.369140625
1059963,10276969,CI.PLM.HHZ,1,down,23.08950424194336,2.560546875,71.25
1060122,14603116,CI.BOR.HHZ,1,down,25.45859718322754,2.060546875,106.6875
1060190,10201449,AZ.HWB.HHZ,0,up,3.916748523712158,2.330078125,100.875
1060502,9730737,CI.HOL.EHZ,0,up,4.802342891693115,1.5595703125,51.375
1060582,10166705,CI.BAC.EHZ,0,up,14.757084846496582,1.23046875,30.546875
1060709,10498141,CI.TPO.EHZ,1,down,11.80885124206543,2.9609375,113.5625
1061121,10168185,CI.COK.EHZ,1,down,6.42699670791626,2.1796875,62.3125
1061290,14366372,CI.HDB.EHZ,1,down,8.277474403381348,1.419921875,19.8125
1061770,14508412,NC.PSM.EHZ,1,down,17.30274200439453,1.7998046875,71.5625
1061863,14563444,AZ.KNW.HHZ,1,down,4.005576133728027,0.58984375,54.21875
1062379,11361626,CI.SDR.HHZ,0,up,42.29035186767578,1.919921875,36.4375
1062643,14548908,AZ.PFO.HHZ,1,down,4.380404949188232,0.1500244140625,16.484375
1062874,10167129,CI.FRK.EHZ,0,up,23.557294845581055,2.119140625,45.90625
1062949,10227093,CI.WES.HHZ,0,up,2.4041049480438232,1.580078125,9.28125
1063130,10182089,CI.SME.EHZ,0,up,3.4709229469299316,1.1201171875,42.9375
1063446,14618292,CI.ERR.HHZ,1,down,16.043460845947266,3.189453125,47.15625
1063841,13978752,AZ.KNW.HHZ,1,down,3.4628546237945557,0.39990234375,4.16015625
1063853,10059777,AZ.LVA2.HHZ,0,up,5.277409076690674,1.009765625,27.265625
1063858,10744829,AZ.CRY.HHZ,0,up,5.8257670402526855,0.5498046875,32.3125
1064042,11339546,CI.BEL.HHZ,1,down,7.975780487060547,0.85986328125,22.90625
1064211,14479792,CI.PMD.HHZ,1,down,6.042654037475586,0.320068359375,20.8125
1064298,14350924,AZ.PFO.HHZ,1,down,20.701574325561523,1.1396484375,30.1875
1064385,9157656,CI.IR2.EHZ,1,down,88.68382263183594,1.0,11.203125
1064441,9793593,CI.LRL.HHZ,0,up,3.712035655975342,1.9501953125,73.1875
1064816,10662173,ZY.OCCM.EHZ,0,up,26.747787475585938,2.349609375,5.53125
1064949,9716429,CI.CLC.HHZ,0,up,11.679439544677734,1.48046875,40.1875
1065143,9906649,CI.LUG.HHZ,0,up,5.1731390953063965,2.23046875,47.90625
1065171,10403929,PB.B082.EHZ,0,up,38.5040168762207,0.75,16.296875
1065585,10923333,CI.JRC2.HHZ,1,down,42.37189483642578,0.8798828125,3.669921875
1065589,11080234,PB.B081.EHZ,1,down,6.368307113647461,0.08001708984375,4.66015625
1065786,14042080,CI.DTP.EHZ,0,up,7.270622253417969,2.390625,105.6875
1066504,14175496,AZ.KNW.HHZ,0,up,8.630339622497559,1.4501953125,87.3125
1066748,9718993,CI.VPD.EHZ,0,up,13.33270263671875,1.3798828125,7.8515625
1066879,9940641,CI.BRE.HHZ,1,down,4.33751916885376,2.119140625,10.6015625
1067202,11086258,CI.MSJ.HHZ,1,down,79.38286590576172,3.259765625,56.625
1067228,9167139,CI.WWP.EHZ,0,up,12.23049545288086,0.89990234375,24.484375
1067321,11412330,CI.WCS.EHZ,1,down,4.436313152313232,0.81982421875,10.8515625
1067325,10248369,CI.WCH.EHZ,1,down,13.309303283691406,2.26953125,39.0625
1067435,14090996,CI.SLR.HHZ,1,down,31.252798080444336,1.3603515625,25.15625
1067605,14187612,CI.WCH.EHZ,0,up,1.1382232904434204,2.220703125,23.90625
1067768,11331514,AZ.SND.HHZ,1,down,11.990157127380371,0.58984375,13.203125
1067796,10931637,CI.LEO.EHZ,1,down,10.501534461975098,1.7099609375,40.71875
1068151,10484677,ZY.OWL1.HHZ,1,down,146.5409698486328,1.2998046875,2.19921875
1068214,9635785,CI.ISA.HHZ,0,up,31.002702713012695,2.060546875,40.78125
1068428,10377753,AZ.TRO.HHZ,0,up,4.1383867263793945,0.56005859375,3.5
1068668,10537141,PB.B086.EHZ,1,down,30.019893646240234,0.47998046875,8.1484375
1068720,14190408,CI.PMD.HHZ,0,up,3.364762544631958,1.150390625,35.09375
1068827,9820777,CI.DNR.HHZ,1,down,72.03486633300781,1.7001953125,51.15625
1069148,14171152,AZ.MONP.HHZ,1,down,3.177924394607544,0.93994140625,19.265625
1069165,12457508,CI.COA.EHZ,0,up,51.186912536621094,3.140625,70.25
1069761,9162457,CI.HYS.EHZ,0,up,33.589195251464844,2.240234375,117.75
1070076,10441121,CI.TPM.EHZ,0,up,7.7108917236328125,1.51953125,80.4375
1070181,9735141,CI.XTL.EHZ,1,down,7.15018892288208,1.5400390625,38.96875
1070313,10348257,AZ.FRD.HHZ,0,up,3.274440050125122,1.5400390625,67.25
1070455,10379389,CI.PMD.HHZ,1,down,7.260075569152832,0.85986328125,57.5625
1070586,14150280,CI.MAR.EHZ,0,up,11.377784729003906,2.140625,87.5625
1070690,14684620,PB.B081.EHZ,1,down,8.639605522155762,0.52001953125,13.9296875
1070898,10543501,CI.LUC.EHZ,1,down,9.27612590789795,1.990234375,54.03125
1071031,10434953,CI.SPF.HHZ,0,up,2.5830698013305664,1.6298828125,28.4375
1071332,10905149,AZ.MONP2.HHZ,0,up,90.96652221679688,3.109375,77.25
1071351,11023637,CI.PMD.HHZ,0,up,5.254254341125488,0.469970703125,28.9375
1071556,9887513,CI.WSH.EHZ,0,up,37.818016052246094,1.91015625,82.0
1071672,10765325,CI.BAC.EHZ,0,up,24.598466873168945,0.77978515625,21.734375
1072252,14846364,CI.SGL.EHZ,1,down,114.92426300048828,1.8701171875,14.34375
1072375,14086068,CI.PLS.HHZ,0,up,3.0232810974121094,1.2001953125,12.6875
1072499,14283016,CI.TPC.EHZ,0,up,5.82942008972168,0.85986328125,52.15625
1072634,14312912,AZ.CRY.HHZ,0,up,29.66305923461914,0.449951171875,2.4296875
1072649,14957788,CI.SDR.HHZ,1,down,3.773524761199951,1.740234375,113.6875
1072902,10729029,AZ.BZN.HHZ,1,down,2.8278698921203613,0.3701171875,15.71875
1072972,14175232,CI.GTM.EHZ,0,up,4.6363325119018555,1.150390625,35.53125
1073185,14106760,AZ.WMC.HHZ,0,up,2.85803484916687,1.0,33.71875
1073338,9679565,CI.WOR.EHZ,1,down,65.73933410644531,1.830078125,48.0625
1073437,10229961,CI.CBK.EHZ,0,up,66.95136260986328,1.5,16.71875
1074416,14209080,CI.BTL.EHZ,0,up,8.228161811828613,2.3203125,80.5
1074511,10069457,CI.LEO.EHZ,1,down,8.633687019348145,1.98046875,86.6875
1074809,9710917,CI.BBR.HHZ,0,up,8.83158016204834,2.16015625,94.3125
1075105,10761973,CI.BC3.HHZ,1,down,64.60926055908203,3.80078125,75.4375
1075333,9829949,AZ.RDM.HHZ,1,down,7.288669109344482,1.4599609375,63.65625
1075454,10615373,ZY.SHCM.EHZ,0,up,25.934965133666992,1.6103515625,8.59375
1075508,14185820,CI.SBB.EHZ,1,down,8.213064193725586,1.76953125,69.625
1075677,9160190,CI.RAG.EHZ,1,down,1.8172860145568848,0.89990234375,17.59375
1075725,13947852,AZ.CRY.HHZ,1,down,6.001784324645996,0.89990234375,9.921875
1075980,10056233,CI.WOR.EHZ,0,up,3.283721446990967,1.580078125,50.9375
1076038,14215724,CI.MCT.HHZ,0,up,6.346131801605225,0.68017578125,38.71875
1076202,11007981,CI.TA2.HHZ,0,up,18.25827980041504,1.6201171875,35.21875
1076285,14774044,CI.SWS.HHZ,1,down,11.5564546585083,2.029296875,34.34375
1076569,10220741,CI.BOR.HHZ,1,down,20.7228946685791,0.9599609375,17.9375
1077124,10398945,AZ.TRO.HHZ,1,down,17.940563201904297,0.60009765625,6.48828125
1077199,10740757,CI.PLM.HHZ,0,up,21.31920623779297,1.240234375,38.40625
1077201,13688380,CI.SGL.EHZ,1,down,9.012210845947266,2.189453125,60.53125
1077331,9854557,CI.DPP.HHZ,0,up,252.85125732421875,2.76953125,66.375
1077629,9775213,CI.DNR.HHZ,1,down,12.425573348999023,1.2099609375,41.90625
1077752,14233488,CI.TPC.EHZ,0,up,36.92092514038086,1.2998046875,31.0
1078044,14077552,CI.WMF.EHZ,0,up,181.8746795654297,1.400390625,4.37109375
1078429,14087672,CI.JVA.HHZ,1,down,16.590972900390625,2.529296875,45.9375
1078525,10206537,CI.MPM.HHZ,0,up,5.142333984375,0.7998046875,37.59375
1079060,14135280,CI.BTL.EHZ,0,up,38.97169876098633,2.310546875,55.03125
1079514,10054229,CI.YEG.EHZ,0,up,28.096012115478516,3.150390625,85.4375
1079814,14150000,CI.CBK.EHZ,0,up,29.377370834350586,1.400390625,19.0625
1080332,10491453,CI.BAT.EHZ,1,down,1.4233603477478027,3.130859375,88.1875
1080515,10984725,CI.RXH.HHZ,1,down,6.4966230392456055,0.39990234375,1.6103515625
1080798,14985036,AZ.SND.HHZ,1,down,10.766444206237793,1.009765625,48.5
1081295,9153953,CI.HDB.EHZ,0,up,6.737884044647217,1.7802734375,14.828125
1081521,9136313,CI.CDY.EHZ,0,up,69.26993560791016,1.0,3.470703125
1081545,11326842,CI.MPM.HHZ,0,up,19.232868194580078,1.33984375,25.796875
1081833,13916604,CI.SLR.HHZ,1,down,139.92440795898438,2.330078125,48.4375
1081952,9798117,CI.WWP.EHZ,0,up,21.162324905395508,1.2900390625,39.78125
1082215,14208732,AZ.LVA2.HHZ,0,up,5.175351142883301,1.08984375,39.84375
1082331,10095769,CI.POB.EHZ,0,up,37.289031982421875,1.669921875,60.09375
1082404,9634565,CI.WSH.EHZ,0,up,43.87895202636719,1.0,25.8125
1083208,10069929,CI.SLR.HHZ,1,down,7.459533214569092,1.83984375,62.125
1083222,11348898,CI.WRV.EHZ,0,up,10.295756340026855,0.2900390625,11.3828125
1083291,10725925,CI.BTC.HHZ,0,up,5.374875545501709,1.990234375,75.625
1083395,14346128,PB.B082.EHZ,1,down,13.397390365600586,0.919921875,16.40625
1083663,12448668,CI.WRV.EHZ,0,up,16.985563278198242,0.68017578125,2.169921875
1083981,10892637,AZ.CRY.HHZ,0,up,26.237459182739258,0.47998046875,18.0625
1084019,10025101,CI.JVA.HHZ,0,up,8.948399543762207,1.400390625,36.25
1084228,11380055,CI.WRV.EHZ,1,down,153.22506713867188,1.650390625,2.109375
1084727,15202721,CI.CLI.EHZ,1,down,3.799248218536377,1.5,15.1484375
1084841,14584788,CI.BLA2.HHZ,1,down,18.950437545776367,0.93017578125,32.875
1085027,10787389,PB.B921.EHZ,1,down,19.208057403564453,1.4296875,39.8125
1085352,11078522,CI.MSC.HHZ,1,down,26.775150299072266,1.0,8.84375
1085584,14216156,CI.LRR.EHZ,0,up,4.147900581359863,0.77001953125,7.96875
1085675,14078080,CI.WRV.EHZ,0,up,44.20685958862305,1.150390625,26.6875
1085846,10356645,EN.OBS.EHZ,0,up,1.9786914587020874,1.75,28.5
1086015,10287989,CI.BLA.HHZ,0,up,78.96743774414062,1.3798828125,21.734375
1086105,9155725,CI.ALV.EHZ,0,up,27.084505081176758,2.720703125,43.0625
1086166,14157976,CI.MDA.EHZ,0,up,13.718550682067871,1.76953125,15.6328125
1086191,11391074,PB.B093.EHZ,0,up,122.4395980834961,1.2197265625,8.5234375
1086281,11091690,CI.BOR.HHZ,1,down,170.9492950439453,2.5703125,24.78125
1087120,9636481,CI.WJP.EHZ,1,down,18.777963638305664,1.599609375,16.03125
1087383,9653513,CI.WBM.EHZ,0,up,10.072348594665527,2.73046875,25.046875
1087691,9855169,AZ.SND.HHZ,0,up,17.01527976989746,2.19921875,87.125
1087973,9651189,CI.WAS.EHZ,1,down,23.638412475585938,2.19921875,53.09375
1088198,10208517,CI.WMF.EHZ,1,down,19.360919952392578,1.2099609375,44.25
1088359,9994253,AZ.KNW.HHZ,1,down,13.423867225646973,0.83984375,5.83984375
1088360,14023520,CI.DNR.HHZ,1,down,85.45919036865234,1.849609375,38.0
1088403,9721021,CI.JFS.EHZ,0,up,2.7089619636535645,1.919921875,35.65625
1089088,14242656,CI.WBM.EHZ,1,down,4.013429164886475,1.7099609375,30.796875
1089678,9615961,CI.RMM.EHZ,1,down,2.217655897140503,1.5,47.96875
1089849,14601764,PB.B082.EHZ,1,down,5.018418312072754,0.7998046875,35.40625
1089918,10741029,CI.TOR.HHZ,0,up,143.63461303710938,2.640625,20.984375
1090585,10207529,CI.CJV.EHZ,1,down,5.884078502655029,2.2109375,71.0
1090692,10188694,CI.COA.EHZ,0,up,6.01198673248291,1.66015625,77.6875
1090717,10250281,AZ.WMC.HHZ,0,up,4.100922584533691,0.56982421875,10.7890625
1091225,14396068,CI.PASC.HHZ,1,down,57.82240676879883,2.970703125,30.328125
1091580,14091072,CI.JRC2.HHZ,0,up,9.602788925170898,1.0,15.2109375
1091708,10182929,CI.CRR.EHZ,1,down,58.291812896728516,1.7900390625,42.46875
1091854,9968525,CI.TFT.HHZ,1,down,34.75820541381836,3.689453125,108.0625
1091948,10368869,CI.COK.EHZ,0,up,11.547220230102539,1.759765625,52.3125
1092051,10760461,CI.BOR.HHZ,0,up,6.891922950744629,0.72998046875,63.125
1092384,10201401,AZ.KNW.HHZ,0,up,3.1582229137420654,0.68017578125,30.546875
1092898,10201401,AZ.PFO.HHZ,1,down,11.363577842712402,0.68017578125,11.71875
1093240,14217776,AZ.FRD.HHZ,0,up,11.227164268493652,1.849609375,83.5
1093771,10166989,CI.ISA.HHZ,0,up,54.92942428588867,2.0,89.6875
1093886,10367741,CI.PER.HHZ,0,up,19.187095642089844,1.83984375,15.7421875
1093897,9162538,CI.WRV.EHZ,1,down,308.3836669921875,2.4296875,11.1796875
1094022,9872937,CI.CHF.HHZ,1,down,6.670815467834473,2.08984375,111.375
1094042,10491637,CI.DRE.HHZ,0,up,5.654905796051025,2.2109375,25.390625
1094417,10330377,AZ.RDM.HHZ,0,up,3.8111119270324707,0.580078125,9.9765625
1094450,10180417,CI.GTM.EHZ,0,up,6.735843181610107,1.490234375,62.1875
1094509,10167909,AZ.PFO.HHZ,1,down,7.2795000076293945,1.0703125,33.78125
1094783,13970292,CI.WNM.EHZ,0,up,9.16360855102539,1.2197265625,40.6875
1095169,10373577,PB.B086.EHZ,0,up,15.589837074279785,1.5,47.75
1095299,9829009,CI.WMF.EHZ,0,up,13.677094459533691,1.5,54.625
1095424,10407673,CI.LUC.EHZ,1,down,12.583639144897461,1.2998046875,12.7421875
1095810,9170286,CI.IKP.EHZ,0,up,6.56911039352417,1.099609375,32.03125
1096097,9981685,CI.YUH.EHZ,1,down,15.504202842712402,1.2099609375,35.375
1096424,9172187,CI.SME.EHZ,1,down,95.28748321533203,2.599609375,26.3125
1096748,13999704,CI.SGL.EHZ,0,up,5.210078716278076,1.0,29.453125
1096810,10991013,ZY.MGD.EHZ,0,up,2.9931929111480713,1.3203125,37.15625
1096850,9154197,CI.SNR.EHZ,0,up,15.04204273223877,1.8896484375,6.55078125
1097180,11390322,PB.B084.EHZ,0,up,130.8568115234375,3.08984375,84.625
1097840,9757949,CI.MWC.HHZ,0,up,5.977884292602539,1.669921875,58.71875
1098083,14080152,CI.FRK.EHZ,1,down,247.29397583007812,3.05078125,85.6875
1098091,9627073,CI.MWC.HHZ,0,up,3.5493223667144775,2.869140625,102.5
1098538,13951424,AZ.LVA2.HHZ,1,down,22.350330352783203,1.2998046875,24.46875
1098811,14200752,CI.MSJ.HHZ,0,up,17.893709182739258,1.6103515625,18.125
1098825,14371460,CI.SWS.HHZ,1,down,3.959581136703491,1.41015625,38.0625
1100890,10320525,CI.TPC.EHZ,1,down,9.940353393554688,1.6904296875,89.25
1101229,14324936,AZ.PFO.HHZ,0,up,5.737550258636475,1.1103515625,48.375
1101440,10869453,PB.B918.EHZ,0,up,45.915645599365234,0.81005859375,18.984375
1101488,10330325,AZ.CRY.HHZ,1,down,15.742864608764648,1.5302734375,73.9375
1101753,9648721,CI.RMR.EHZ,0,up,6.9433274269104,1.98046875,57.1875
1101820,14257568,CI.SBB.EHZ,0,up,5.1525068283081055,1.5302734375,78.8125
1101836,11204594,AZ.PFO.HHZ,1,down,13.074814796447754,0.7099609375,14.9375
1101846,14247180,CI.JNH.EHZ,1,down,10.352699279785156,2.169921875,59.71875
1102158,11006885,CI.MPM.HHZ,0,up,3.4155118465423584,0.18994140625,27.96875
1102303,10623869,ZY.MLDN.EHZ,1,down,14.569576263427734,1.8603515625,35.375
1102730,11416250,AZ.WMC.HHZ,1,down,20.53078842163086,1.6201171875,20.453125
1103216,13692952,CI.BAC.EHZ,1,down,5.432969093322754,0.81005859375,23.046875
1103478,10748493,CI.YUH.EHZ,1,down,20.51894187927246,1.580078125,29.234375
1103657,9662437,CI.ABL.EHZ,1,down,77.43647003173828,1.98046875,29.15625
1104237,10610805,ZY.WAGN.EHZ,0,up,9.754591941833496,1.599609375,16.3125
1104333,9657153,AZ.LVA2.HHZ,1,down,32.120845794677734,1.7900390625,37.0
1104586,10282885,CI.PDU.HHZ,0,up,2.734708309173584,1.4404296875,42.03125
1104667,10980211,CI.BMT.EHZ,1,down,24.687185287475586,2.7109375,114.8125
1104891,11088354,CI.RMR.EHZ,0,up,31.147653579711914,1.8203125,55.5625
1105301,10994733,CI.WOF.EHZ,0,up,63.9478759765625,2.689453125,101.3125
1105361,10070097,AZ.CRY.HHZ,1,down,9.467040061950684,1.73046875,53.6875
1105606,12731448,AZ.CRY.HHZ,1,down,32.005950927734375,1.51953125,42.75
1106081,10929381,CI.MPM.HHZ,1,down,3.484370231628418,0.64013671875,34.0625
1106140,10586253,ZY.PNTO.EHZ,0,up,4.173812389373779,1.7900390625,13.7421875
1106270,15113977,EN.RED.EHZ,1,down,6.830954551696777,0.7001953125,6.41015625
1106292,14329824,PB.B082.EHZ,0,up,8.057075500488281,0.419921875,19.984375
1106311,9852069,CI.CRR.EHZ,0,up,13.338841438293457,1.400390625,12.578125
1106314,14213704,CI.ARV.HHZ,0,up,126.98194885253906,2.4296875,6.671875
1106412,10001341,CI.JVA.HHZ,1,down,12.356078147888184,1.08984375,13.6171875
1106455,14215408,AZ.LVA2.HHZ,0,up,5.113283634185791,1.330078125,21.734375
1106557,10293749,PB.B086.EHZ,1,down,32.784908294677734,0.7099609375,8.796875
1107104,9628869,CI.CLC.HHZ,0,up,36.785396575927734,1.099609375,11.0625
1108273,9170426,CI.HMT.EHZ,1,down,12.423497200012207,1.7900390625,61.75
1108359,9986385,CI.ALV.EHZ,0,up,14.26312255859375,2.5,93.75
1108761,14149948,AZ.SND.HHZ,1,down,28.959978103637695,1.2099609375,33.34375
1109146,10624477,ZY.OYSB.EHZ,0,up,51.72827911376953,2.19921875,25.078125
1109328,9151955,CI.CTW.EHZ,0,up,4.21567964553833,1.5,25.84375
1110976,14524012,CI.CLI.EHZ,1,down,27.061176300048828,1.1103515625,6.66015625
1111656,14287824,CI.GRP.EHZ,1,down,16.350635528564453,1.33984375,65.6875
1111777,11422362,PB.B900.EHZ,0,up,3.880922317504883,2.400390625,113.375
1111987,11004981,PB.B087.EHZ,1,down,27.84907341003418,0.1300048828125,5.73046875
1112002,9172720,CI.HDB.EHZ,0,up,7.535409450531006,1.7802734375,27.484375
1112079,15018500,CI.SGL.EHZ,1,down,2.933022975921631,1.5595703125,32.40625
1112184,11361658,CI.WAS.EHZ,0,up,16.96331024169922,2.779296875,88.375
1112228,10623061,ZY.PNTO.EHZ,0,up,459.5778503417969,1.9296875,3.099609375
1112270,10753037,CI.PMD.HHZ,1,down,34.345367431640625,1.1904296875,18.171875
1112491,10063821,CI.CCC.HHZ,0,up,1.9377086162567139,1.1201171875,27.34375
1112686,10071257,AZ.WMC.HHZ,1,down,10.081543922424316,1.3203125,13.1484375
1112860,12291528,CI.RMM.EHZ,1,down,24.349950790405273,1.6201171875,34.96875
1112922,10542909,CI.WRC.EHZ,1,down,85.5165023803711,1.8095703125,0.43994140625
1113208,9663737,CI.WWP.EHZ,0,up,45.9648551940918,2.51953125,32.53125
1113302,14718396,AZ.CRY.HHZ,1,down,22.29902458190918,0.3701171875,8.2734375
1113309,9151968,CI.WWP.EHZ,0,up,8.2716703414917,1.0,37.40625
1113599,9923977,CI.SGL.EHZ,0,up,2.284032106399536,2.259765625,49.125
1113714,14206712,AZ.CRY.HHZ,0,up,14.970382690429688,0.8798828125,19.3125
1113733,9629593,CI.WHV.EHZ,0,up,77.30179595947266,2.25,92.25
1114331,10484605,CI.PMD.HHZ,1,down,9.731958389282227,0.72021484375,18.234375
1114471,11367442,PB.B084.EHZ,0,up,9.901347160339355,0.56005859375,16.6875
1114474,9714249,CI.ISA.HHZ,1,down,21.035966873168945,1.2998046875,10.8828125
1114484,10405161,AZ.BZN.HHZ,0,up,7.8668036460876465,0.409912109375,8.7265625
1114949,10181853,AZ.CRY.HHZ,0,up,7.360443115234375,0.7099609375,11.75
1114981,14217264,CI.HYS.EHZ,1,down,1.6166090965270996,1.23046875,59.8125
1114982,14555252,PB.B086.EHZ,1,down,14.074204444885254,1.0703125,45.65625
1115321,10187430,PB.B084.EHZ,1,down,6.154086112976074,0.419921875,44.90625
1115933,9674065,CI.CLC.EHZ,0,up,11.738804817199707,2.890625,36.96875
1116558,11325730,AZ.FRD.HHZ,0,up,58.06752395629883,1.0,16.1875
1117592,10798765,CI.IBP.HHZ,0,up,2.1602866649627686,1.740234375,22.859375
1118788,11416250,CI.PSD.HHZ,1,down,2.963606119155884,1.6201171875,36.46875
1118804,9692313,CI.WMF.EHZ,1,down,24.19999885559082,1.099609375,7.76953125
1118877,10179933,AZ.KNW.HHZ,0,up,13.099664688110352,0.97998046875,32.0625
1119007,14405924,CI.LMR2.HHZ,1,down,10.27649211883545,2.009765625,53.15625
1119168,9145053,CI.ISA.HHZ,1,down,35.913963317871094,3.4609375,66.25
1119181,10179585,CI.JRC2.HHZ,0,up,5.396952152252197,1.900390625,101.75
1119793,9849645,CI.WS2.EHZ,1,down,64.53433990478516,2.05078125,38.40625
1119997,10531541,CI.POB.EHZ,1,down,48.58570861816406,0.8701171875,25.125
1120217,14961292,PB.B084.EHZ,1,down,23.394685745239258,0.52978515625,11.78125
1120577,14557084,CI.WMF.EHZ,1,down,191.22256469726562,0.489990234375,1.6103515625
1120732,10352585,CI.POB.EHZ,1,down,17.97715187072754,0.830078125,23.75
1120876,14775812,CI.JEM.HHZ,1,down,17.759355545043945,0.5498046875,39.4375
1120926,9171679,CI.BTP.HHZ,1,down,870.1643676757812,4.421875,48.34375
1121051,9687385,CI.WNM.EHZ,1,down,11.862072944641113,1.5,16.046875
1121078,11351498,CI.JFS.EHZ,0,up,101.61062622070312,3.3203125,57.4375
1121090,14135944,CI.WVP.EHZ,0,up,6.417917728424072,0.300048828125,10.2421875
1121422,14199712,CI.THC.EHZ,1,down,18.530290603637695,1.23046875,12.453125
1121460,10367025,AZ.BZN.HHZ,0,up,54.07176971435547,1.3798828125,21.828125
1121498,10151401,AZ.PFO.HHZ,0,up,5.675508499145508,0.72998046875,29.625
1121744,9706233,AZ.CRY.HHZ,1,down,56.78278350830078,1.4501953125,9.9921875
1122613,14281956,AZ.FRD.HHZ,0,up,102.74947357177734,1.2001953125,23.046875
1122766,15157217,PB.B087.EHZ,1,down,5.347319602966309,1.8095703125,60.0625
1123020,10000777,CI.EML.HHZ,0,up,13.089066505432129,1.33984375,53.96875
1123130,10167237,CI.HMT.EHZ,0,up,17.547664642333984,1.6904296875,73.0
1123405,10436537,NP.5062.HLZ,0,up,3.9100229740142822,0.5,8.46875
1123578,14684140,ZY.SHCM.EHZ,1,down,309.1134033203125,2.05078125,3.169921875
1123600,11034917,EN.ELM.EHZ,1,down,6.181715965270996,1.150390625,0.9501953125
1123917,14287200,CI.DVT.HHZ,1,down,7.5380377769470215,1.1201171875,6.9609375
1124300,10356181,PB.B086.EHZ,0,up,3.0602684020996094,0.669921875,51.3125
1124543,13951956,AZ.YAQ.HHZ,1,down,8.170342445373535,1.58984375,39.625
1124901,10663757,ZY.PNTO.EHZ,0,up,49.797088623046875,1.83984375,13.359375
1124905,14314036,AZ.RDM.HHZ,1,down,2.6210925579071045,0.72021484375,10.890625
1125029,9930549,CI.PLC.HHZ,1,down,9.777857780456543,4.1484375,89.75
1125239,14433400,CI.TPC.EHZ,1,down,4.140214920043945,0.68017578125,40.0
1125748,14499796,CI.SBB2.HHZ,1,down,30.495254516601562,0.8798828125,31.015625
1125788,9666141,CI.WRV.EHZ,1,down,78.19451141357422,1.8603515625,3.650390625
1125855,10399945,AZ.FRD.HHZ,1,down,14.672563552856445,1.58984375,48.53125
1126309,10319713,AZ.SND.HHZ,0,up,18.879810333251953,1.009765625,16.609375
1126408,10254685,CI.SBB2.HHZ,1,down,8.889787673950195,1.650390625,84.1875
1126476,11024229,AZ.FRD.HHZ,0,up,57.59560775756836,0.52001953125,16.40625
1127078,10606677,ZY.PNTO.EHZ,0,up,25.78881072998047,1.900390625,2.259765625
1127503,13595440,CI.EL2.EHZ,1,down,4.441554069519043,1.080078125,15.546875
1127663,10348509,CI.LUC.EHZ,1,down,5.02120304107666,1.1396484375,33.4375
1127702,10506789,AZ.FRD.HHZ,0,up,18.905101776123047,0.740234375,16.90625
1127752,10260165,CI.WNM.EHZ,0,up,12.974600791931152,1.580078125,46.46875
1127800,11382202,PB.B918.EHZ,0,up,97.07857513427734,0.93017578125,11.9296875
1127808,13966312,CI.CBK.EHZ,0,up,6.349493026733398,1.259765625,65.25
1128006,14335856,CI.BLA.HHZ,0,up,9.856532096862793,1.7998046875,51.84375
1128058,10347657,CI.SCZ2.HHZ,1,down,6.861578464508057,1.7802734375,51.0625
1128114,14369348,CI.TOW.EHZ,1,down,6.441605567932129,1.73046875,67.25
1128353,9173354,CI.HYS.EHZ,1,down,20.269689559936523,1.8095703125,99.1875
1128459,14324728,CI.HMT.EHZ,1,down,33.90487289428711,1.4501953125,32.625
1128625,11671912,CI.SRT.EHZ,1,down,4.091367244720459,1.2001953125,37.75
1128787,10179817,AZ.CRY.HHZ,0,up,245.03176879882812,1.66015625,21.984375
1129081,9634013,CI.BAC.EHZ,1,down,4.664090156555176,1.5,82.5
1129185,9133613,CI.LUC.EHZ,1,down,11.653748512268066,2.240234375,71.3125
1129278,9746233,CI.WNM.EHZ,1,down,127.61292266845703,2.509765625,53.625
1129417,10347149,CI.PLM.HHZ,1,down,6.976685047149658,0.77001953125,32.625
1129533,10964741,CI.BOR.HHZ,1,down,10.596365928649902,1.8203125,31.1875
1129635,9629109,CI.EW2.EHZ,0,up,5.841412544250488,2.41015625,63.0625
1130025,9906569,CI.BOR.HHZ,0,up,3.4314701557159424,1.3603515625,28.9375
1130153,10277805,CI.SLR.HHZ,0,up,8.774314880371094,0.81005859375,15.65625
1131081,10235277,CI.PLS.EHZ,0,up,3.771618127822876,1.5,51.28125
1131131,9697725,CI.WJP.EHZ,1,down,8.147968292236328,1.599609375,82.0625
1131345,10179093,AZ.FRD.HHZ,1,down,11.34128475189209,0.93017578125,33.34375
1131480,10317825,CI.JRC2.HHZ,0,up,15.937381744384766,0.91015625,15.6484375
1131658,12459644,CI.SGL.EHZ,0,up,31.79349708557129,1.8896484375,47.3125
1132126,9916709,CI.MPM.HHZ,0,up,37.396240234375,1.75,37.6875
1132371,9171753,CI.RMR.EHZ,0,up,21.625743865966797,1.2998046875,20.296875
1132379,11341930,CI.FHO.HHZ,1,down,5.706228733062744,1.0,22.890625
1132477,14887092,CI.BTL.EHZ,1,down,22.456676483154297,1.7001953125,35.0
1132706,11395402,AZ.KNW.HHZ,0,up,12.311297416687012,0.27001953125,5.53125
1132782,9169771,CI.RMM.EHZ,1,down,4.185476303100586,1.2998046875,37.59375
1132888,10724709,CI.CLT.HHZ,0,up,1.956540584564209,2.98046875,43.1875
1133197,10231745,CI.SWS.HHZ,1,down,28.532268524169922,3.75,48.03125
1133331,10379665,CI.OLI.HHZ,0,up,10.66425609588623,1.830078125,15.5703125
1133776,10005313,CI.SGL.EHZ,1,down,6.489634990692139,1.330078125,20.4375
1133919,14138308,CI.THC.EHZ,0,up,4.431931972503662,1.9501953125,47.28125
1134564,10347877,EN.ENG.EHZ,1,down,1.6521449089050293,1.6103515625,36.84375
1135465,10867853,CI.MSC.HHZ,1,down,100.51424407958984,1.8203125,36.125
1135842,14252312,CI.XTL.EHZ,0,up,49.72621154785156,2.2109375,60.9375
1135930,14153056,CI.TPC.EHZ,1,down,10.027562141418457,1.5302734375,81.3125
1136021,11386370,CI.LCP.HHZ,0,up,45.26765823364258,1.599609375,12.46875
1136222,15019428,PB.B086.EHZ,1,down,23.784805297851562,0.8701171875,8.4375
1136538,10778021,EN.YOU.EHZ,1,down,14.810853004455566,1.1904296875,7.26171875
1136674,10792533,CI.BOR.HHZ,1,down,21.3791446685791,0.89013671875,15.78125
1136677,14983620,AZ.BZN.HHZ,1,down,2.825110912322998,-0.08001708984375,11.703125
1136828,9905941,CI.RMR.EHZ,0,up,8.458930969238281,1.6201171875,26.421875
1136874,9880785,CI.WOF.EHZ,1,down,93.78292846679688,2.69921875,25.046875
1137152,11332986,AZ.SND.HHZ,0,up,104.40889739990234,1.5,16.15625
1137398,10906693,PB.B093.EHZ,0,up,29.413755416870117,0.77001953125,21.15625
1137419,14697404,ZY.PNTO.EHZ,1,down,158.52801513671875,2.140625,38.4375
1137471,14133704,CI.BAC.EHZ,0,up,47.44706344604492,1.48046875,20.921875
1137627,11362394,AZ.KNW.HHZ,0,up,4.698238849639893,0.4599609375,5.44921875
1137859,14172592,CI.MPI.HHZ,1,down,15.896299362182617,1.6904296875,28.59375
1137864,9887357,CI.TEJ.EHZ,1,down,166.87623596191406,1.5,9.65625
1138311,11674588,CI.MPM.HHZ,0,up,4.713043212890625,1.0,35.90625
1138499,14255092,CI.SGL.EHZ,0,up,11.930763244628906,2.25,60.5625
1138550,10147901,CI.LTC.EHZ,0,up,10.237217903137207,1.66015625,95.75
1138712,9706937,CI.RAY.EHZ,0,up,12.40890121459961,1.5,6.28125
1139405,10225977,AZ.WMC.HHZ,1,down,6.959579944610596,0.89990234375,12.1875
1139450,10740501,CI.TOR.HHZ,0,up,9.614509582519531,0.9501953125,18.8125
1139512,14157740,CI.PLM.HHZ,0,up,7.449018955230713,0.77001953125,32.03125
1140040,11047573,CI.PMD.HHZ,0,up,40.53459930419922,1.1396484375,25.4375
1140340,9660205,CI.SIL.EHZ,1,down,21.974374771118164,3.0703125,73.375
1141028,14430320,AZ.TRO.HHZ,1,down,4.860986709594727,0.1800537109375,2.390625
1141177,9889097,CI.BAC.EHZ,0,up,361.5592956542969,2.26953125,21.4375
1141368,9797569,CI.LTC.EHZ,1,down,4.922380447387695,1.51953125,59.0625
1142074,10284473,PB.B082.EHZ,0,up,16.11700439453125,1.25,44.90625
1142198,10673077,ZY.USG.EHZ,0,up,12.636090278625488,1.91015625,25.703125
1142328,14546028,EN.ELM.EHZ,1,down,4.1410722732543945,0.39990234375,0.72998046875
1142497,10346561,CI.BLC.EHZ,1,down,7.135422706604004,1.2099609375,20.703125
1142760,9948953,AZ.SND.HHZ,1,down,11.970541000366211,0.97998046875,10.3984375
1143092,14236908,CI.CBK.EHZ,1,down,5.382360935211182,1.990234375,40.375
1143149,14117856,WR.PEC.EHZ,1,down,3.8233819007873535,2.439453125,48.9375
1143430,11391546,CI.JEM.HHZ,1,down,9.735042572021484,1.509765625,81.375
1143533,9691445,CI.WWP.EHZ,1,down,7.007413864135742,1.4599609375,30.3125
1143599,10603021,ZY.PNTO.EHZ,1,down,1.1083136796951294,2.48046875,49.65625
1143690,10236277,CI.GTM.EHZ,0,up,33.595008850097656,1.7802734375,44.65625
1143747,13499428,CI.CHN.HHZ,0,up,3.6229798793792725,1.0595703125,8.4765625
1143978,14433088,CI.PLM.HHZ,1,down,16.854745864868164,0.93994140625,14.3203125
1144194,12931544,CI.MIR.EHZ,0,up,2.079003095626831,1.169921875,61.625
1144528,13031448,AZ.WMC.HHZ,1,down,3.6143839359283447,1.66015625,85.6875
1144576,10358245,CI.BAC.EHZ,1,down,11.483501434326172,1.6103515625,54.75
1144704,14383108,AZ.LVA2.HHZ,1,down,4.371885299682617,0.919921875,42.875
1145401,10980157,PB.B918.EHZ,1,down,5.8531293869018555,1.900390625,10.9296875
1145693,15161585,AZ.LVA2.HHZ,1,down,33.3609733581543,2.359375,89.75
1145735,9994469,CI.JCS.HHZ,0,up,12.474897384643555,1.1298828125,17.65625
1146073,10824141,CI.BBR.HHZ,1,down,4.217279434204102,0.77001953125,31.859375
1146160,13948668,CI.SGL.EHZ,1,down,18.13597869873047,1.5,13.1796875
1146232,9991461,CI.RUN.EHZ,0,up,4.10422945022583,1.849609375,47.78125
1146796,14255572,CI.PMD.HHZ,0,up,7.855072021484375,1.1904296875,34.84375
1147000,11052029,CI.MPI.HHZ,0,up,11.303231239318848,1.6103515625,80.6875
1147051,14130484,NC.MMI.EHZ,0,up,85.39302062988281,2.740234375,82.9375
1147428,11367066,CI.PMD.HHZ,1,down,9.036125183105469,1.080078125,33.71875
1147767,10671853,CI.MPM.HHZ,0,up,44.508724212646484,1.150390625,22.0625
1147774,10910605,EN.RED.EHZ,0,up,3.6427249908447266,2.359375,38.21875
1147787,12451832,CI.WRV.EHZ,0,up,154.7088165283203,1.009765625,2.6796875
1147968,9153903,CI.CFL.EHZ,0,up,16.41693878173828,1.9296875,75.875
1148318,10260913,CI.SBB2.HHZ,1,down,20.609363555908203,1.400390625,75.25
1148530,14287080,CI.HDB.EHZ,1,down,53.16682815551758,1.6904296875,11.15625
1148589,9660161,CI.WWP.EHZ,1,down,38.45494842529297,1.9501953125,3.3203125
1148806,9725477,CI.WIN.EHZ,0,up,10.178560256958008,1.099609375,35.84375
1149708,14360120,CI.MPI.HHZ,1,down,22.037498474121094,1.919921875,30.375
1151685,14207424,CI.RYS.EHZ,0,up,4.896556854248047,1.9599609375,41.78125
1151821,10400385,CI.SME.EHZ,1,down,6.852078914642334,1.259765625,28.34375
1152025,10963997,AZ.LVA2.HHZ,0,up,101.23053741455078,1.25,24.0625
1152467,10602701,ZY.PNTO.EHZ,1,down,66.32866668701172,1.7197265625,5.3203125
1152686,10356217,CI.RMR.EHZ,0,up,17.255756378173828,1.7197265625,53.875
1153344,11249234,AZ.BZN.HHZ,1,down,77.31576538085938,1.5498046875,25.734375
1153465,9950141,CI.QAL.EHZ,0,up,2.8469436168670654,1.01953125,48.625
1153483,12457024,CI.WES.HHZ,0,up,4.79862117767334,2.26953125,64.4375
1153695,11087858,NN.BEN.EHZ,1,down,364.9465026855469,1.9296875,37.59375
1153722,14444536,CI.SBB2.HHZ,1,down,9.950119018554688,1.599609375,99.375
1153734,12456944,CI.CRR.EHZ,1,down,3.350809335708618,1.7197265625,47.3125
1153767,9689597,CI.CLC.HHZ,0,up,91.99266052246094,1.900390625,31.984375
1154021,13953684,CI.WMF.EHZ,1,down,13.039460182189941,1.0,8.5078125
1155098,14152972,CI.EML.HHZ,1,down,19.9883975982666,1.490234375,73.3125
1155611,13961176,AZ.MONP.HHZ,0,up,10.34764289855957,1.8701171875,15.9375
1155911,14859468,CI.TOR.HHZ,1,down,30.81885528564453,1.5302734375,27.71875
1156879,10097237,CI.BAC.EHZ,0,up,10.039323806762695,1.830078125,77.375
1157093,10543453,AZ.PFO.HHZ,1,down,9.920635223388672,1.58984375,80.375
1157105,14549540,PB.B093.EHZ,1,down,75.68033599853516,1.1796875,7.98828125
1157145,14098552,CI.WMF.EHZ,1,down,40.9042854309082,1.7001953125,9.3203125
1157698,9641685,AZ.BZN.HHZ,0,up,5.197263240814209,0.72021484375,10.640625
1157700,14346976,CI.COK.EHZ,1,down,1.4939340353012085,1.6103515625,23.25
1157718,10628205,ZY.OCCM.EHZ,1,down,8.911166191101074,1.9296875,38.34375
1158337,11126050,CI.BAC.EHZ,0,up,6.699622631072998,1.580078125,69.875
1159095,12467780,CI.YMD.EHZ,1,down,4.35652494430542,3.189453125,79.5625
1159776,11412066,CI.BFS.HHZ,0,up,9.176783561706543,0.72021484375,21.671875
1161018,10492821,CI.TOW.EHZ,1,down,11.157710075378418,2.0390625,67.3125
1161033,10875045,CI.DPP.HHZ,0,up,6.674431324005127,1.259765625,64.0625
1161309,10840661,EN.ENG.EHZ,0,up,11.798700332641602,0.7998046875,6.6484375
1161426,11396714,CI.DNR.HHZ,1,down,10.370512962341309,1.4404296875,44.84375
1161981,10096273,CI.SPG.HHZ,0,up,7.7561540603637695,1.7099609375,101.8125
1162369,14461432,PB.B093.EHZ,1,down,80.50789642333984,1.240234375,4.71875
1162450,14237356,CI.SAL.HHZ,1,down,41.00602340698242,1.3798828125,7.37890625
1162532,9800857,CI.WVP.EHZ,0,up,144.83526611328125,1.400390625,8.078125
1162785,9171071,CI.PDE.HHZ,1,down,2.2572336196899414,2.51953125,64.1875
1162889,14135332,CI.BOR.HHZ,0,up,56.33201217651367,1.3603515625,12.0625
1163018,10777925,PB.B087.EHZ,0,up,18.91847038269043,2.4609375,100.9375
1163167,9169233,AZ.CRY.HHZ,1,down,5.548689365386963,1.099609375,25.765625
1163966,14062720,AZ.KNW.HHZ,1,down,46.864601135253906,1.9296875,62.78125
1164710,10169645,CI.CGO.HHZ,1,down,7.695523262023926,1.1201171875,38.09375
1164747,9716425,CI.WRV.EHZ,0,up,6.947015285491943,1.599609375,26.953125
1164909,10875733,AZ.MONP2.HHZ,0,up,37.38857650756836,2.119140625,54.21875
1165085,10797381,AZ.CRY.HHZ,0,up,15.710972785949707,0.60986328125,22.046875
1165421,14214256,CI.SKY.EHZ,0,up,1.4440205097198486,1.5703125,33.21875
1165466,9167303,CI.POB.EHZ,1,down,12.27670955657959,0.7998046875,18.4375
1165776,9133948,CI.TPC.EHZ,1,down,29.25154685974121,1.83984375,27.203125
1165935,10317505,EN.OBS.EHZ,0,up,12.54224681854248,1.259765625,7.78125
1166103,9683085,CI.WRV.EHZ,1,down,144.43460083007812,0.58984375,1.6201171875
1166513,11673032,CI.TOW.EHZ,0,up,5.497997283935547,1.2001953125,21.984375
1167007,9981237,CI.MCT.HHZ,0,up,16.139205932617188,1.7001953125,39.4375
1167803,9990169,CI.SS2.EHZ,0,up,24.44402503967285,1.16015625,2.359375
1168180,9774045,CI.JCS.HHZ,1,down,48.421722412109375,3.029296875,83.625
1168261,9814745,CI.TPC.EHZ,1,down,4.746140956878662,1.2998046875,82.8125
1168322,10529045,PB.B916.EHZ,1,down,557.80078125,1.580078125,9.90625
1169167,10330773,CI.TOW.EHZ,0,up,2.5540103912353516,1.419921875,27.09375
1169811,14329100,SB.GVDA.HLZ,0,up,15.192580223083496,0.4599609375,4.69921875
1169880,9148580,CI.CRR.EHZ,1,down,9.1400785446167,3.560546875,43.875
1169894,9878105,CI.LRL.HHZ,0,up,9.500350952148438,2.240234375,89.3125
1169900,14168732,CI.TJR.EHZ,1,down,5.668125152587891,1.9296875,45.0
1169979,10284241,CI.BAT.EHZ,1,down,3.4241254329681396,1.01953125,36.25
1169984,13961592,CI.WSH.EHZ,0,up,17.455862045288086,1.5498046875,51.65625
1170152,14137928,CI.HMT.EHZ,0,up,5.1750078201293945,1.08984375,35.21875
1170322,10081153,CI.AGA.HHZ,1,down,11.311596870422363,1.16015625,23.65625
1170959,9672541,CI.CLC.EHZ,1,down,4.5259013175964355,1.25,33.375
1171060,9928341,CI.BLA.HHZ,0,up,96.4403076171875,2.44921875,33.375
1171460,14163708,CI.LUC.EHZ,0,up,12.96088695526123,1.5,11.71875
1171511,11417826,AZ.FRD.HHZ,1,down,51.406795501708984,1.0595703125,32.34375
1171552,12458296,CI.DTP.EHZ,1,down,21.83479118347168,2.5703125,87.6875
1172190,11057701,PB.B082.EHZ,0,up,6.017585277557373,1.349609375,65.0
1172219,14394416,CI.EML.HHZ,1,down,21.190738677978516,0.91015625,42.75
1172284,14277376,AZ.KNW.HHZ,1,down,109.5230712890625,3.41015625,84.625
1172350,13916780,CI.SLA.HHZ,0,up,42.16363525390625,1.26953125,24.171875
1172526,14548204,CI.YUH.EHZ,1,down,23.988353729248047,1.2001953125,57.15625
1172628,9748513,CI.WHF.EHZ,1,down,50.70116424560547,1.990234375,12.8984375
1173073,10655893,CI.WRV.EHZ,1,down,8.193137168884277,0.97998046875,6.48828125
1173211,11341210,CI.MSC.HHZ,0,up,144.68417358398438,1.4501953125,28.4375
1173323,10481669,AZ.PFO.HHZ,1,down,12.479567527770996,1.6201171875,69.3125
1173410,14434968,CI.WWP.EHZ,1,down,48.122413635253906,1.3701171875,8.140625
1173960,11672160,CI.TOW.EHZ,0,up,93.93763732910156,1.849609375,26.234375
1174148,9742225,CI.PSP.EHZ,0,up,3.7061572074890137,1.169921875,23.953125
1174431,9996157,CI.WRV.EHZ,0,up,3.3158364295959473,1.400390625,28.984375
1174526,10824109,AZ.KNW.HHZ,0,up,16.725563049316406,0.81982421875,28.765625
1174764,13135448,AZ.WMC.HHZ,0,up,1.831488013267517,1.2001953125,36.34375
1174770,10379537,CI.SME.EHZ,0,up,33.88636016845703,1.33984375,39.96875
1175138,10347361,CI.PLM.HHZ,1,down,7.9918413162231445,0.97998046875,54.90625
1175700,14188756,CI.RMR.EHZ,1,down,13.278780937194824,1.91015625,55.9375
1175981,9929321,CI.SWS.HHZ,0,up,7.631707668304443,2.189453125,34.9375
1176103,10065997,CI.BFS.HHZ,1,down,110.93649291992188,1.83984375,20.015625
1176130,13909492,CI.QAL.EHZ,1,down,11.519198417663574,1.1103515625,32.5625
1176135,13910124,WR.PEC.EHZ,1,down,2.5893259048461914,0.83984375,23.78125
1176872,13966396,CI.ERP.EHZ,1,down,76.44049072265625,4.171875,25.140625
1177053,10877701,CI.RMR.EHZ,1,down,4.977280139923096,1.4599609375,62.53125
1177280,10779541,CI.MSC.HHZ,0,up,17.670808792114258,0.759765625,16.34375
1177442,13287504,CI.COK.EHZ,1,down,2.6175143718719482,1.98046875,37.96875
1177447,9133763,CI.WIN.EHZ,1,down,24.6367244720459,1.5,34.84375
1177485,10294961,CI.YUH.EHZ,1,down,26.197031021118164,1.849609375,72.9375
1177487,10150317,CI.PLM.HHZ,1,down,13.888717651367188,1.419921875,47.53125
1177642,14186500,CI.JCS.HHZ,0,up,6.136855602264404,1.0498046875,59.8125
1177674,14196916,CI.MAR.EHZ,1,down,23.324764251708984,2.19921875,102.8125
1177860,10080693,CI.JRC2.HHZ,0,up,22.661388397216797,0.7001953125,10.34375
1177918,14431088,CI.TOR.HHZ,1,down,10.587162017822266,0.89013671875,20.953125
1177964,11408946,PB.B918.EHZ,0,up,657.7175903320312,1.1796875,4.55859375
1178071,14472512,AZ.TRO.HHZ,1,down,175.1126708984375,1.75,20.0625
1178104,10493221,NP.5062.HLZ,1,down,6.1137895584106445,0.7001953125,4.12890625
1178879,9745065,CI.MWC.HHZ,1,down,27.588327407836914,1.7998046875,38.78125
1178940,11388506,CI.ARV.HHZ,0,up,65.77466583251953,2.2109375,27.9375
1179082,14006256,AZ.RDM.HHZ,0,up,160.48440551757812,3.470703125,64.25
1179108,9743453,AZ.WMC.HHZ,1,down,79.14695739746094,1.599609375,19.8125
1180201,14253300,AZ.YAQ.HHZ,0,up,2.8139572143554688,0.93017578125,59.8125
1180389,11010517,PB.B081.EHZ,1,down,24.655332565307617,0.85986328125,6.640625
1180434,9796217,CI.DVT.HHZ,0,up,7.420605182647705,1.2998046875,9.4921875
1180555,10720117,BC.CBX.HHZ,0,up,24.709375381469727,2.490234375,86.8125
1180881,9165467,CI.JCS.HHZ,1,down,2.989377737045288,1.25,45.84375
1181053,11418810,PB.B916.EHZ,0,up,8.250812530517578,0.759765625,24.9375
1181222,9141579,CI.GTM.EHZ,0,up,85.97642517089844,1.66015625,12.203125
1181346,9944501,AZ.SND.HHZ,0,up,2.6206960678100586,1.099609375,11.4609375
1181460,10256697,CI.SNR.EHZ,1,down,9.081141471862793,1.83984375,13.0703125
1181598,14148540,CI.MPM.HHZ,1,down,2.257075548171997,1.0,46.03125
1181673,9880177,CI.BEL.HHZ,0,up,6.2771477699279785,1.2197265625,44.53125
1181840,10376277,CI.SDR.HHZ,0,up,9.25150203704834,2.16015625,73.375
1182199,10218029,CI.GAV.EHZ,0,up,3.389932632446289,2.3203125,50.8125
1182232,14375116,CI.VCS.HHZ,1,down,3.9928622245788574,2.0,96.625
1182681,14249492,AZ.CRY.HHZ,0,up,49.43435287475586,0.89990234375,13.4609375
1183346,10964037,AZ.LVA2.HHZ,1,down,31.926410675048828,1.16015625,35.96875
1183972,9148796,CI.RMM.EHZ,1,down,20.280595779418945,1.8203125,46.625
1184769,14206240,CI.BAC.EHZ,1,down,4.441517353057861,1.6298828125,71.875
1185079,10591493,CI.VVD.EHZ,1,down,8.118279457092285,2.009765625,24.40625
1185126,10183157,CI.DNR.HHZ,1,down,7.124636173248291,0.5,14.84375
1185337,11391154,EN.YOU.EHZ,1,down,9.558037757873535,0.39990234375,5.08984375
1185558,10987261,PB.B087.EHZ,1,down,19.31794548034668,0.75,3.69921875
1185737,9679425,CI.WHF.EHZ,1,down,3.683924674987793,1.0,55.3125
1186176,14625764,ZY.OCBC.HHZ,1,down,4.759425640106201,2.490234375,39.625
1186505,9718937,AZ.KNW.HHZ,0,up,9.389181137084961,1.0595703125,30.171875
1186581,14377372,AZ.LVA2.HHZ,1,down,7.313323020935059,1.009765625,68.875
1187090,9719481,AZ.CRY.HHZ,0,up,1.5235509872436523,0.7900390625,22.8125
1187517,13914496,CI.MCT.HHZ,0,up,7.969969272613525,1.7099609375,67.5
1188161,10098133,CI.YUH.EHZ,1,down,3.902163505554199,1.400390625,61.84375
1188463,14288360,PB.B081.EHZ,1,down,4.126280307769775,0.52978515625,17.546875
1188465,9160394,CI.RMR.EHZ,0,up,7.517336845397949,1.099609375,20.765625
1188876,10858645,CI.SPG2.HHZ,0,up,16.346620559692383,1.2900390625,86.4375
1189108,10202105,CI.SES.HHZ,0,up,17.067039489746094,1.3798828125,4.890625
1189225,14403420,AZ.CPE.HHZ,1,down,3.4563915729522705,1.2197265625,68.0625
1189681,13035432,CI.YUH.EHZ,0,up,18.636287689208984,1.7197265625,69.5
1189780,10927821,CI.DNR.HHZ,0,up,11.066237449645996,1.4697265625,21.234375
1189921,10370553,CI.WRC.EHZ,0,up,12.982595443725586,1.33984375,30.953125
1190216,14237576,CI.SRT.EHZ,1,down,5.50864315032959,1.08984375,14.6875
1190319,14263768,CI.EMS.EHZ,0,up,49.44240951538086,3.869140625,93.3125
1190393,14062508,CI.AGA.HHZ,0,up,13.351945877075195,1.2998046875,27.6875
1190471,9716245,CI.BTL.EHZ,1,down,58.52560043334961,2.919921875,100.375
1190530,11421386,CI.MPM.HHZ,1,down,26.793230056762695,0.85986328125,30.875
1190905,10167221,CI.POB.EHZ,1,down,24.199861526489258,1.919921875,50.25
1191389,14147264,CI.WOF.EHZ,1,down,38.612483978271484,2.16015625,64.625
1191538,9705949,CI.WMF.EHZ,0,up,9.563966751098633,1.6201171875,11.796875
1191592,11364314,AZ.WMC.HHZ,1,down,65.11702728271484,2.4609375,72.375
1191939,14697372,AZ.SND.HHZ,1,down,15.132611274719238,1.7900390625,86.4375
1192274,9148092,CI.WCS.EHZ,0,up,4.5607476234436035,1.01953125,10.1015625
1192385,11209618,CI.TPM.EHZ,0,up,3.3574483394622803,1.1103515625,38.5625
1192427,10277237,CI.FMP.HHZ,0,up,47.511940002441406,2.140625,15.421875
1193323,9137492,CI.RAG.EHZ,1,down,4.709688186645508,1.5,23.9375
1194117,14514948,NP.5062.HLZ,1,down,1.5980496406555176,1.6796875,18.203125
1194474,11131234,PB.B082.EHZ,1,down,16.043153762817383,0.8798828125,20.15625
1194839,10481173,CI.PMD.HHZ,1,down,8.107535362243652,0.740234375,19.546875
1195143,14518876,CI.CGO.HHZ,1,down,29.9393253326416,1.0595703125,18.734375
1195203,14403160,CI.SWS.HHZ,1,down,130.4506378173828,2.2890625,18.65625
1195263,11278194,CI.PLM.HHZ,0,up,43.594337463378906,1.6201171875,39.71875
1195292,10186985,AZ.LVA2.HHZ,1,down,282.7586975097656,1.98046875,38.78125
1195454,11336890,CI.POB.EHZ,0,up,11.81576919555664,0.9501953125,19.703125
1195652,11001373,AZ.LVA2.HHZ,0,up,4.71061372756958,0.340087890625,15.640625
1195824,9929733,CI.DVT.HHZ,1,down,12.59567928314209,1.6904296875,47.9375
1196031,14861244,CI.RMR.EHZ,1,down,3.476787567138672,1.0302734375,53.15625
1196305,9672057,CI.FLS.EHZ,0,up,2.1497621536254883,1.0,9.09375
1196311,11284570,PB.B093.EHZ,1,down,10.369954109191895,0.85986328125,8.90625
1197384,10402017,AZ.FRD.HHZ,1,down,8.455333709716797,1.25,52.0625
1197423,14479936,AZ.CRY.HHZ,1,down,8.78132438659668,0.3798828125,7.859375
1197545,14283336,CI.PLM.HHZ,0,up,8.375126838684082,1.0498046875,36.5625
1197727,14217540,CI.PEM.EHZ,0,up,8.249279975891113,2.75,79.9375
1197831,9740733,CI.POB.EHZ,0,up,46.592166900634766,2.609375,45.15625
1197984,9161296,CI.CDY.EHZ,0,up,47.84181213378906,0.7001953125,6.8203125
1198009,10838645,CI.TOR.HHZ,1,down,58.921836853027344,1.8203125,70.125
1198015,15081124,CI.SLR.HHZ,1,down,19.301565170288086,1.73046875,37.84375
1198354,13962672,CI.WMF.EHZ,1,down,185.581298828125,1.599609375,1.51953125
1198464,9871453,CI.WVP.EHZ,1,down,7.666720867156982,2.19921875,103.875
1198586,11516059,CI.SPG.HHZ,0,up,4.371414661407471,1.6201171875,85.5
1198688,10598077,ZY.WAGN.EHZ,0,up,10.9418363571167,1.740234375,19.78125
1198780,10063201,CI.WLH.EHZ,0,up,9.556015968322754,1.5498046875,41.625
1198808,14546212,AZ.FRD.HHZ,1,down,16.257116317749023,0.52978515625,8.96875
1199502,10373425,CI.ISA.HHZ,1,down,51.615020751953125,1.4404296875,39.125
1199504,10079425,CI.BFS.HHZ,0,up,17.335765838623047,2.169921875,42.34375
1199871,12475688,AZ.BZN.HHZ,0,up,15.360551834106445,1.5595703125,14.296875
1199900,14285396,AZ.TRO.HHZ,0,up,5.458944320678711,0.580078125,20.140625
1200058,9151251,CI.WNM.EHZ,1,down,3.5982558727264404,1.650390625,56.4375
1200123,10379461,EN.HAT.EHZ,1,down,8.997783660888672,2.66015625,39.90625
1200145,15196049,CI.JRC2.HHZ,1,down,547.1074829101562,1.4404296875,6.12109375
1200403,9144978,CI.SGL.EHZ,1,down,12.587828636169434,2.0,39.625
1200852,10754205,CI.RUN.EHZ,0,up,104.34970092773438,1.2998046875,11.328125
1200886,11078162,PB.B087.EHZ,1,down,7.337292194366455,1.4296875,61.8125
1201251,11127242,AZ.CRY.HHZ,1,down,6.031522750854492,0.66015625,18.53125
1202086,14524708,PB.B084.EHZ,1,down,4.673701286315918,0.7001953125,15.75
1202335,11671432,CI.WLH.EHZ,0,up,3.3581764698028564,0.7998046875,41.84375
1202517,14286772,CI.WRC.EHZ,0,up,4.347909450531006,0.52001953125,13.953125
1203243,14350744,WR.CSP.EHZ,1,down,6.870779991149902,1.669921875,45.09375
1203674,10366589,CI.WRC.EHZ,0,up,23.598316192626953,1.7802734375,29.6875
1203718,10587877,CI.SGL.EHZ,1,down,11.495646476745605,1.7099609375,9.59375
1204190,11008135,CI.WRV.EHZ,0,up,54.397499084472656,1.7099609375,2.98046875
1204269,10526693,EN.ENG.EHZ,0,up,1.9621812105178833,0.39990234375,6.16015625
1204287,13943620,WR.CSP.EHZ,0,up,5.2339959144592285,1.48046875,29.625
1204335,10784173,AZ.HWB.HHZ,0,up,2.836726188659668,0.56005859375,65.375
1204711,10604181,ZY.PNTO.EHZ,1,down,3.556417942047119,2.0,36.75
1204908,15187953,CI.YUH.EHZ,1,down,9.44777774810791,1.1904296875,60.625
1205963,9754281,CI.BLC.EHZ,0,up,16.370296478271484,1.9697265625,13.4921875
1206119,14196124,CI.SLR.HHZ,1,down,3.493976354598999,1.1904296875,19.53125
1206122,14854860,PB.B093.EHZ,1,down,9.491114616394043,1.08984375,55.96875
1206316,14888956,CI.WCS.EHZ,1,down,17.14864158630371,0.31005859375,3.080078125
1206325,9687909,CI.WLH.EHZ,0,up,5.162667274475098,1.2099609375,44.625
1206422,11247690,AZ.TRO.HHZ,0,up,258.91656494140625,3.630859375,47.1875
1206521,14849292,CI.BEL.HHZ,1,down,13.466461181640625,1.0595703125,27.703125
1206767,9991137,CI.RAY.EHZ,1,down,9.469659805297852,1.7099609375,49.9375
1206881,15136265,PB.B084.EHZ,1,down,17.87327766418457,0.580078125,11.2734375
1206905,10348989,EN.ENG.EHZ,1,down,2.2261245250701904,1.4599609375,23.140625
1207035,9146630,CI.BLC.EHZ,0,up,38.78753662109375,3.529296875,111.5
1207177,14008004,CI.DJJ.HHZ,0,up,27.903522491455078,3.390625,105.5625
1208462,10586549,ZY.WAGN.EHZ,0,up,14.163688659667969,1.51953125,14.2421875
1208878,10796957,AZ.TRO.HHZ,0,up,3.882312774658203,0.58984375,6.28125
1208969,9973157,CI.WWP.EHZ,0,up,5.442477703094482,0.60009765625,13.5
1209197,14286984,CI.PMD.HHZ,1,down,72.27302551269531,1.3798828125,42.15625
1209264,14149712,CI.JRC2.HHZ,1,down,6.94614839553833,0.5,15.5703125
1209446,15142201,CI.SNO.HHZ,1,down,6.311298370361328,0.6298828125,35.0625
1209799,11022605,CI.BAC.EHZ,1,down,20.726715087890625,1.240234375,26.296875
1210135,9880965,CI.QAL.EHZ,0,up,5.657270908355713,1.490234375,43.125
1211833,13695432,CI.TOW.EHZ,1,down,134.21258544921875,2.55078125,23.625
1212198,14173764,CI.PEM.EHZ,0,up,6.5359368324279785,1.240234375,12.09375
1212206,9160002,CI.BMT.EHZ,0,up,13.043473243713379,1.900390625,84.375
1212449,14066476,CI.WVP.EHZ,0,up,22.238155364990234,0.39990234375,14.0234375
1212770,10529701,AZ.KNW.HHZ,0,up,8.39899730682373,1.099609375,45.0
1212905,10483437,CI.FIG.HHZ,0,up,2.8752589225769043,2.58984375,74.0625
1213895,9172241,CI.SIL.EHZ,0,up,49.68555450439453,2.580078125,58.375
1214262,9667049,CI.BMT.EHZ,1,down,8.1043119430542,1.5,21.671875
1214414,14136724,CI.SS2.EHZ,0,up,4.546418190002441,1.9501953125,68.9375
1214464,15199665,EN.YOU.EHZ,1,down,5.5761613845825195,2.140625,16.078125
1214916,14068888,CI.YUH.EHZ,0,up,16.136327743530273,1.599609375,6.0390625
1215394,9675809,CI.LRL.HHZ,0,up,4.958661079406738,2.439453125,58.9375
1215553,11394082,CI.JEM.HHZ,0,up,2.7405576705932617,0.89013671875,51.125
1216778,10201945,AZ.SND.HHZ,0,up,5.149100303649902,1.4296875,88.375
1217046,11089962,PB.B081.EHZ,1,down,14.473764419555664,0.509765625,5.01953125
1217085,14150700,AZ.PFO.HHZ,0,up,4.776372909545898,0.5400390625,23.265625
1217277,11274154,PB.B916.EHZ,1,down,230.0487518310547,2.580078125,23.75
1217283,11006789,CI.RPV.HHZ,0,up,32.36965560913086,3.470703125,53.71875
1218079,14282008,CI.LRL.HHZ,0,up,24.23015022277832,4.109375,61.46875
1218128,11420690,CI.SMM.HHZ,1,down,35.850196838378906,3.58984375,86.25
1218134,10186525,AZ.RDM.HHZ,1,down,6.450070858001709,1.2197265625,35.96875
1218211,10772597,PB.B084.EHZ,1,down,12.498055458068848,0.7099609375,12.28125
1218354,10229181,CI.DNR.HHZ,1,down,19.39335060119629,1.26953125,17.265625
1218786,13992568,CI.PLM.HHZ,1,down,13.893399238586426,2.05078125,83.6875
1218810,9138003,CI.CDY.EHZ,0,up,106.38238525390625,1.099609375,7.2109375
1218877,14378200,AZ.CRY.HHZ,1,down,11.827035903930664,0.85009765625,33.28125
1218986,14695380,ZY.USG.EHZ,1,down,3.3537495136260986,1.2197265625,15.46875
1219188,10207801,CI.SNR.EHZ,1,down,7.780645370483398,1.1201171875,5.9296875
1220380,10906213,AZ.CPE.HHZ,1,down,1.8361138105392456,0.91015625,50.28125
1220429,10757109,CI.SWS.HHZ,0,up,3.6538660526275635,1.51953125,34.28125
1221665,10274077,CI.CRR.EHZ,0,up,8.19475269317627,1.7001953125,36.65625
1221694,9644993,CI.JRC.HHZ,1,down,5.161479473114014,2.55078125,47.3125
1221707,14217236,WR.PYR.EHZ,1,down,4.930013656616211,2.779296875,100.375
1221990,10739789,AZ.FRD.HHZ,0,up,41.45805358886719,0.85009765625,16.265625
1222169,15193081,CI.ERR.HHZ,1,down,10.20230770111084,1.849609375,16.734375
1222320,10070585,CI.SS2.EHZ,0,up,27.287988662719727,1.66015625,8.453125
1222973,10598829,ZY.USG.EHZ,1,down,10.862006187438965,1.599609375,15.140625
1223098,9740577,CI.PSP.EHZ,1,down,9.760619163513184,1.7197265625,51.03125
1223829,13953300,CI.BBR.HHZ,1,down,6.293699264526367,2.05078125,73.25
1223932,10186977,CI.HEC.HHZ,0,up,15.269941329956055,2.349609375,82.5
1223957,9735061,AZ.LVA2.HHZ,0,up,1.1772058010101318,1.3701171875,35.875
1224255,10237173,PB.B084.EHZ,1,down,5.143501281738281,0.759765625,16.046875
1224377,14568732,CI.BLC.EHZ,1,down,207.50802612304688,1.759765625,5.83984375
1224522,14732932,CI.BAC.EHZ,1,down,5.643091678619385,0.740234375,26.5
1224535,9168459,AZ.FRD.HHZ,0,up,28.867900848388672,1.5,26.171875
1225077,13692632,CI.GRP.EHZ,1,down,41.962120056152344,1.400390625,71.9375
1225193,9983405,CI.RAG.EHZ,1,down,3.9144086837768555,1.2001953125,42.625
1225420,10767293,CI.TA2.HHZ,0,up,56.58077621459961,2.470703125,55.03125
1225872,14137788,CI.WCH.EHZ,0,up,2.704582929611206,1.2001953125,30.25
1225890,14514820,AZ.CRY.HHZ,1,down,14.396902084350586,1.3203125,32.71875
1226288,10606429,ZY.SHCM.EHZ,1,down,10.16091537475586,1.5400390625,7.44140625
1226428,10181437,CI.WVP.EHZ,0,up,11.080533981323242,1.5302734375,63.75
1226641,14214280,CI.PLM.HHZ,0,up,5.250034332275391,1.2998046875,35.40625
1226808,11025573,CI.IKP.HHZ,1,down,34.080284118652344,1.3095703125,29.734375
1227047,9909049,AZ.CRY.HHZ,1,down,9.592510223388672,2.0,64.8125
1227196,10183929,CI.PLM.HHZ,1,down,41.25452423095703,1.51953125,40.34375
1227206,14931772,PB.B082.EHZ,1,down,674.2587890625,2.609375,42.25
1227605,9168419,CI.WNM.EHZ,1,down,2.760983467102051,1.099609375,80.4375
1227704,11103642,CI.EML.HHZ,1,down,13.46534252166748,1.51953125,79.75
1227794,10346597,CI.SWS.HHZ,0,up,50.97620391845703,2.439453125,22.765625
1227856,9714229,CI.JRC.HHZ,0,up,20.13702392578125,1.3798828125,7.21875
1227882,10483501,CI.PMD.HHZ,1,down,11.621898651123047,1.3798828125,42.9375
1228015,10602685,ZY.MLDN.EHZ,0,up,194.7220458984375,1.5400390625,3.01953125
1228180,10486141,AZ.FRD.HHZ,0,up,9.046387672424316,0.01000213623046875,11.25
1228556,10400009,AZ.SMER.HHZ,0,up,4.947049617767334,1.9296875,61.46875
1229029,14158120,CI.WOR.EHZ,1,down,5.38024377822876,1.3701171875,57.65625
1229584,9615953,CI.POB.EHZ,1,down,21.165761947631836,1.2998046875,46.46875
1229942,14174616,CI.MCT.HHZ,0,up,6.637993335723877,1.2998046875,36.53125
1229963,14283560,AZ.MONP.HHZ,0,up,19.854461669921875,1.41015625,18.796875
1230060,15178697,AZ.LVA2.HHZ,1,down,136.930908203125,1.5,24.1875
1230145,9744893,CI.EMS.EHZ,1,down,6.218080997467041,2.140625,37.84375
1230330,10543509,CI.HOL.EHZ,0,up,10.266275405883789,1.66015625,78.375
1230342,14254288,CI.LTC.EHZ,0,up,48.289608001708984,2.4296875,100.6875
1230357,10202037,CI.WRC.EHZ,0,up,7.281467914581299,1.169921875,31.40625
1230586,10871525,CI.YUH.EHZ,1,down,7.3985209465026855,1.740234375,31.53125
1230590,9647365,CI.WRV.EHZ,1,down,202.2247314453125,2.83984375,2.640625
1230779,14367412,AZ.FRD.HHZ,1,down,38.07144546508789,1.7099609375,56.5
1230934,11280802,CI.MSC.HHZ,1,down,12.83812141418457,1.6796875,62.71875
1231439,14019420,CI.SLR.HHZ,0,up,13.548298835754395,1.650390625,20.203125
1231457,11278282,PB.B087.EHZ,0,up,6.582564830780029,0.58984375,12.296875
1231943,10062825,CI.DSC.HHZ,1,down,10.696497917175293,1.4697265625,54.875
1232149,14287464,AZ.LVA2.HHZ,0,up,8.89473819732666,1.5595703125,88.9375
1232410,10723981,CI.PMD.HHZ,0,up,2.8539888858795166,1.25,114.875
1232858,10786309,AZ.PFO.HHZ,1,down,6.513126373291016,0.280029296875,14.96875
1232949,10866965,PB.B093.EHZ,1,down,8.910941123962402,1.1298828125,76.625
1233100,9820469,CI.SIP.EHZ,0,up,17.079769134521484,2.69921875,98.4375
1233383,15072972,BC.SPX.HHZ,1,down,9.160310745239258,3.580078125,119.75
1233394,15185769,NC.MDPB.HHZ,1,down,5.33065128326416,1.099609375,26.84375
1233856,14474904,AZ.BZN.HHZ,1,down,16.763391494750977,1.2900390625,51.28125
1234158,10404545,AZ.SND.HHZ,1,down,4.390848159790039,0.9599609375,25.484375
1234204,10664517,CI.SBB2.HHZ,0,up,5.691641330718994,1.3798828125,62.5
1234251,14097208,AZ.KNW.HHZ,0,up,70.88420104980469,1.5703125,33.71875
1234380,10262261,AZ.MONP.HHZ,0,up,1.4408313035964966,1.2099609375,45.625
1234556,14183788,AZ.WMC.HHZ,0,up,21.45659065246582,1.1396484375,13.6015625
1234607,9924825,CI.TEH.HHZ,1,down,14.735651969909668,1.400390625,29.234375
1234839,11422538,CI.TEH.HHZ,1,down,22.013364791870117,1.900390625,99.75
1234954,11418946,AZ.SND.HHZ,1,down,24.72772789001465,0.77001953125,14.28125
1235126,10870749,CI.DPP.HHZ,0,up,16.081357955932617,2.009765625,55.53125
1235278,10279289,CI.HMT.EHZ,1,down,67.72335052490234,2.490234375,109.0
1235716,14596020,PB.B086.EHZ,1,down,22.687910079956055,0.5400390625,7.66015625
1235760,9160110,CI.RAG.EHZ,0,up,3.8540639877319336,1.0,29.40625
1235820,10781829,CI.HMT.EHZ,1,down,24.80986785888672,1.650390625,26.65625
1236145,14200144,CI.POB.EHZ,0,up,8.093355178833008,1.0498046875,36.6875
1236654,10412569,CI.WOR.EHZ,1,down,7.9776177406311035,1.3896484375,31.515625
1237208,10754157,AZ.BZN.HHZ,1,down,9.664958953857422,1.330078125,21.5625
1237553,10055785,CI.SLR.HHZ,1,down,10.69644546508789,1.9599609375,59.34375
1237561,14374940,ZY.SHF7.HHZ,1,down,10.062514305114746,1.16015625,22.3125
1238136,10023993,CI.WVP.EHZ,0,up,8.000598907470703,0.64990234375,15.390625
1238573,14336200,CI.CLC.HHZ,0,up,4.334211826324463,0.990234375,28.6875
1238883,10231201,CI.SWS.HHZ,1,down,13.28649616241455,1.51953125,36.625
1238948,11369666,CI.TOR.HHZ,0,up,18.740310668945312,1.009765625,23.875
1239130,13931888,AZ.LVA2.HHZ,1,down,85.10777282714844,1.5498046875,14.1015625
1239393,9994449,CI.SDR.HHZ,1,down,6.741132736206055,2.630859375,99.125
1239479,9160151,CI.RMM.EHZ,0,up,10.328054428100586,1.400390625,24.40625
1239592,10346917,EN.HAT.EHZ,0,up,8.805411338806152,0.7998046875,3.740234375
1239743,9802741,CI.WHF.EHZ,1,down,178.86825561523438,2.259765625,63.1875
1240334,13980080,CI.CRR.EHZ,0,up,14.839631080627441,1.009765625,26.0
1240397,10071385,AZ.WMC.HHZ,0,up,34.0212516784668,1.3896484375,5.83984375
1240868,9163581,CI.WNM.EHZ,0,up,8.443285942077637,1.509765625,54.3125
1241017,9133445,CI.HDB.EHZ,1,down,3.8446810245513916,1.7001953125,32.25
1241020,9150639,CI.WRV.EHZ,1,down,70.92797088623047,2.490234375,6.51171875
1241166,11280282,AZ.LVA2.HHZ,1,down,9.265785217285156,1.4697265625,37.125
1241177,9139820,CI.CDY.EHZ,0,up,151.4940643310547,0.89990234375,8.828125
1241677,14098104,CI.TEJ.EHZ,0,up,9.642465591430664,1.2001953125,17.609375
1241900,14004056,CI.DNR.HHZ,1,down,24.349912643432617,1.08984375,11.0
1241911,9142232,CI.SRT.EHZ,0,up,25.09111213684082,2.330078125,87.0625
1242104,9661281,AZ.LVA2.HHZ,0,up,5.824490547180176,0.330078125,26.265625
1242115,14066504,CI.WMF.EHZ,0,up,85.16167449951172,1.98046875,107.1875
1242237,11296055,CI.MPM.HHZ,0,up,47.60282897949219,2.240234375,95.1875
1242386,10150425,CI.TPC.EHZ,0,up,8.789168357849121,1.080078125,46.6875
1242936,10149538,CI.ERP.EHZ,0,up,2.692471504211426,2.41015625,13.71875
1243020,13658108,CI.RAG.EHZ,1,down,21.161170959472656,1.0595703125,14.7578125
1243494,9941357,CI.WRC.EHZ,0,up,41.204124450683594,1.8095703125,27.015625
1243800,14614108,CI.SWS.HHZ,1,down,12.641146659851074,1.9697265625,32.6875
1243926,9990849,CI.WI2.EHZ,0,up,5.499814987182617,1.400390625,9.3515625
1244111,10546517,CI.PLE.EHZ,1,down,42.674705505371094,1.8701171875,22.75
1244132,11068085,CI.MPM.HHZ,0,up,72.41903686523438,1.3203125,18.90625
1244185,10776141,AZ.FRD.HHZ,1,down,25.219011306762695,0.580078125,23.265625
1244990,14346880,CI.ERR.HHZ,0,up,2.1364712715148926,2.599609375,89.25
1245494,9157447,AZ.RDM.HHZ,1,down,3.5608465671539307,1.400390625,42.125
1245583,9148754,CI.WCH.EHZ,1,down,25.516353607177734,0.89990234375,4.1015625
1245757,15178105,CI.BTL.EHZ,1,down,5.6582136154174805,1.8603515625,33.90625
1245776,15084428,CI.PMD.HHZ,1,down,13.741179466247559,1.6103515625,69.0625
1245829,10172870,CI.ERP.EHZ,1,down,4.49507999420166,2.419921875,40.53125
1245862,14207192,CI.RSB.HLZ,0,up,1.9773683547973633,1.580078125,14.5234375
1245989,9146095,CI.QAL.EHZ,1,down,167.24932861328125,2.240234375,17.484375
1246321,13978976,CI.SUN.EHZ,0,up,43.94266128540039,1.1298828125,12.828125
1246464,10765669,CI.DGR.HHZ,0,up,151.44961547851562,0.97998046875,27.046875
1246521,10770229,PB.B093.EHZ,1,down,17.13737678527832,1.1201171875,49.21875
1246606,9704985,CI.WMF.EHZ,1,down,23.388324737548828,0.8798828125,10.2578125
1246841,9135041,CI.RMM.EHZ,1,down,138.23301696777344,2.119140625,27.28125
1246858,15199729,CI.RUN.EHZ,1,down,4.276801586151123,3.150390625,52.84375
1246943,10904613,CI.SME.EHZ,0,up,11.196917533874512,2.470703125,66.625
1246983,10922573,CI.WBS.HHZ,0,up,4.024801731109619,1.1201171875,19.1875
1247433,10353609,CI.TOR.HHZ,0,up,6.379209041595459,1.1298828125,31.625
1247598,10146681,AZ.CRY.HHZ,1,down,8.474260330200195,1.2998046875,34.625
1248222,10168169,CI.JRC2.HLZ,0,up,36.48360061645508,2.44921875,65.9375
1248409,10542733,CI.CLC.HHZ,0,up,25.304155349731445,1.8896484375,37.15625
1248574,13967160,AZ.BZN.HHZ,0,up,40.16738510131836,1.6796875,25.421875
1249561,14237248,CI.DVT.HHZ,1,down,4.133864402770996,2.359375,66.0
1249696,14382784,PB.B084.EHZ,1,down,25.82213592529297,0.9501953125,21.875
1249970,10775325,CI.WES.HHZ,1,down,9.326536178588867,1.419921875,33.75
1250204,14349132,CI.COA.EHZ,1,down,39.12580108642578,2.41015625,49.71875
1250346,10148429,AZ.CRY.HHZ,0,up,28.44198989868164,1.7099609375,50.21875
1250361,9171702,CI.BOR.HHZ,0,up,16.445613861083984,1.599609375,8.859375
1250569,9683397,CI.WCH.EHZ,1,down,11.656129837036133,1.2998046875,22.359375
1250687,10745341,CI.ERP.EHZ,1,down,8.329032897949219,1.7802734375,42.40625
1250805,14773980,CI.JEM.HHZ,1,down,32.07524490356445,1.1201171875,41.03125
1251393,10004129,CI.PEM.EHZ,0,up,16.125886917114258,1.669921875,57.53125
1251449,9679257,CI.JRC.HHZ,0,up,5.836848735809326,0.5,6.87890625
1251475,14296488,CI.CJV.EHZ,0,up,3.45133638381958,0.97021484375,5.0390625
1251501,11284055,CI.WCH.EHZ,1,down,4.3084492683410645,1.51953125,21.453125
1252067,14335060,CI.SBB2.HHZ,1,down,24.01195526123047,1.5595703125,54.8125
1252295,14345916,CI.WAS.EHZ,0,up,13.944185256958008,1.7900390625,76.25
1252577,9627717,CI.SIL.EHZ,0,up,39.286224365234375,1.73046875,11.1015625
1252878,9675077,CI.WOR.EHZ,1,down,10.870240211486816,1.83984375,48.15625
1252897,9927821,AZ.RDM.HHZ,0,up,2.690558910369873,0.5,48.1875
1253204,14287360,CI.WRC.EHZ,1,down,2.170095682144165,0.52001953125,30.65625
1253425,10223485,CI.WRC.EHZ,1,down,5.491777420043945,0.97021484375,24.984375
1253487,13939480,CI.HOL.EHZ,0,up,225.1958770751953,2.640625,93.125
1253491,9152082,CI.LRL.EHZ,1,down,205.83506774902344,3.119140625,65.375
1253800,11407010,CI.CLI.EHZ,0,up,2.0696709156036377,1.259765625,8.2578125
1253865,9159967,CI.MPM.HHZ,0,up,533.5569458007812,1.6298828125,11.0390625
1253911,11347402,CI.PMD.HHZ,0,up,4.280397415161133,0.6201171875,55.71875
1254496,9950365,CI.HMT.EHZ,0,up,24.346721649169922,1.2998046875,26.8125
1255065,9803433,CI.IKP.EHZ,0,up,5.774871349334717,2.58984375,105.5
1255202,14162588,CI.LUC.EHZ,0,up,6.057783603668213,2.830078125,87.8125
1255214,14257600,CI.BAC.EHZ,0,up,17.466968536376953,0.81982421875,58.5
1255560,9779149,CI.PSP.EHZ,1,down,9.061319351196289,2.01953125,45.25
1255584,10294969,AZ.CRY.HHZ,0,up,8.322294235229492,1.08984375,34.75
1255980,14372304,CI.ISA.HHZ,1,down,37.62831115722656,1.6201171875,21.5625
1256418,10278113,SB.GVDA.HLZ,0,up,2.8273885250091553,0.3798828125,2.849609375
1256651,13916456,AZ.KNW.HHZ,1,down,35.632511138916016,1.4404296875,23.515625
1256888,14295480,CI.CBK.EHZ,1,down,6.215080738067627,0.85986328125,24.3125
1256891,14382228,CI.GOR.HHZ,1,down,2.367766857147217,1.5703125,79.4375
1257153,12559448,CI.WSH.EHZ,1,down,3.816162109375,1.0,60.28125
1258485,12447816,CI.WHV.EHZ,0,up,3.3938915729522705,1.1396484375,89.0625
1258795,10207981,CI.TPC.EHZ,0,up,27.69764518737793,1.7802734375,95.625
1258841,10261021,PB.B081.EHZ,1,down,4.171961307525635,0.72998046875,6.46875
1258901,14248768,AZ.BZN.HHZ,0,up,12.530227661132812,0.64990234375,9.1328125
1259272,10248469,CI.EML.HHZ,0,up,3.770432710647583,0.7900390625,66.4375
1259335,14547380,CI.ERP.EHZ,1,down,11.582508087158203,1.4697265625,20.75
1259384,10096961,CI.GRP.EHZ,1,down,8.282505989074707,1.240234375,87.0625
1259709,9642193,CI.MIR.EHZ,1,down,2.9259772300720215,1.48046875,44.5
1259848,14202496,CI.SKY.EHZ,0,up,1.6575883626937866,1.3798828125,31.90625
1259976,11386890,CI.JRC2.HHZ,1,down,11.069107055664062,0.08001708984375,14.1875
1260096,9628049,CI.SKY.EHZ,1,down,138.03677368164062,2.66015625,58.28125
1260468,10348965,AZ.WMC.HHZ,1,down,3.094775438308716,0.9599609375,34.6875
1260642,11664055,CI.WWP.EHZ,1,down,56.63313293457031,1.48046875,34.4375
1260724,10827589,PB.B084.EHZ,1,down,68.14134216308594,1.080078125,12.1328125
1261508,9909097,AZ.RDM.HHZ,1,down,22.065099716186523,3.169921875,72.5
1261639,14395588,EN.YOU.EHZ,1,down,12.615344047546387,1.2802734375,5.578125
1261649,10798005,CI.CRR.EHZ,1,down,75.65544128417969,4.9609375,118.125
1262024,3326938,CI.ERR.HHZ,0,up,4.34507417678833,1.7001953125,23.34375
1262172,11364314,AZ.SND.HHZ,1,down,160.84890747070312,2.4609375,76.8125
1262189,11328882,PB.B081.EHZ,1,down,6.532292366027832,0.25,12.546875
1262201,15012452,CI.POB.EHZ,1,down,27.78912925720215,0.83984375,27.375
1262323,10256409,AZ.TRO.HHZ,0,up,9.905923843383789,1.98046875,16.375
1262474,14283264,CI.POB.EHZ,1,down,267.3638916015625,1.9697265625,21.46875
1262517,10166909,AZ.CRY.HHZ,0,up,39.48334503173828,1.7099609375,36.28125
1262609,12880840,CI.TOW.EHZ,0,up,31.664159774780273,1.5595703125,20.125
1262834,10399577,AZ.FRD.HHZ,1,down,3.1114940643310547,0.39990234375,24.875
1262880,9969349,CI.WMF.EHZ,1,down,5.5816240310668945,0.5,10.3125
1262961,14238036,CI.MPM.HHZ,0,up,4.850249767303467,1.099609375,44.40625
1263098,10530357,PB.B918.EHZ,0,up,3.814779758453369,0.89990234375,23.484375
1263279,10368505,EN.HAT.EHZ,1,down,11.173384666442871,1.259765625,8.03125
1263298,9150050,CI.PLM.HHZ,1,down,11.186246871948242,1.2001953125,27.234375
1263874,14990964,AZ.SND.HHZ,1,down,29.92513084411621,1.2900390625,16.609375
1263898,9652545,CI.LGB.HHZ,0,up,23.93681526184082,3.83984375,70.875
1264193,9666517,AZ.MONP.HHZ,0,up,57.629241943359375,2.30078125,28.40625
1264327,15199361,EN.ELM.EHZ,1,down,2.3078689575195312,1.26953125,22.1875
1264465,10741349,CI.PLM.HHZ,0,up,16.762081146240234,1.0595703125,38.375
1264770,10097417,AZ.LVA2.HHZ,0,up,27.211673736572266,0.66015625,28.34375
1264796,10774693,CI.CBK.EHZ,1,down,134.82333374023438,1.7900390625,19.15625
1264881,10366817,AZ.WMC.HHZ,0,up,3.513181686401367,0.75,10.3984375
1265036,10272961,CI.DTP.EHZ,0,up,90.56623840332031,2.060546875,55.0
1265338,10223637,CI.RMR.EHZ,0,up,35.74189758300781,1.8203125,26.15625
1265829,9687437,CI.WRC.EHZ,0,up,6.452248573303223,1.740234375,21.0625
1266350,9652249,CI.AGA.HHZ,1,down,12.014662742614746,1.8095703125,59.9375
1267644,14000284,CI.SMF.EHZ,0,up,4.855594635009766,2.759765625,38.75
1267778,11387490,ZY.COON.EHZ,0,up,6.627303600311279,1.5,23.421875
1267830,14740196,CI.SGL.EHZ,1,down,11.183101654052734,1.2099609375,4.19140625
1268125,11250394,PB.B082.EHZ,1,down,5.216009140014648,1.2001953125,68.75
1268139,10607285,ZY.MLDN.EHZ,0,up,12.524693489074707,1.25,8.1015625
1268811,11247834,AZ.WMC.HHZ,0,up,1.9849785566329956,0.1300048828125,6.828125
1268917,11376042,PB.B084.EHZ,0,up,77.72773742675781,1.599609375,53.96875
1268949,11277922,AZ.FRD.HHZ,1,down,8.224209785461426,0.81005859375,58.0
1269118,9167321,CI.SLA.HHZ,0,up,5.49314022064209,1.580078125,24.0625
1269363,13843652,CI.RMM.EHZ,1,down,205.4827880859375,1.8603515625,29.28125
1270090,7206158,CI.SIL.EHZ,0,up,13.16549301147461,1.66015625,35.4375
1270325,9152794,CI.WNM.EHZ,1,down,28.057233810424805,1.6396484375,18.453125
1270387,10180713,AZ.LVA2.HHZ,0,up,464.17547607421875,1.8798828125,46.34375
1270669,10298297,CI.CBK.EHZ,0,up,47.337242126464844,1.919921875,30.5
1270839,14258024,CI.SNR.EHZ,1,down,12.856651306152344,1.5498046875,7.80078125
1271058,10438025,CI.CGO.HHZ,1,down,88.28660583496094,3.76953125,92.875
1271513,10223457,CI.CLC.HHZ,0,up,6.912713050842285,1.3896484375,97.125
1271995,9992893,CI.JRC2.HHZ,0,up,8.237062454223633,0.5,7.0
1272658,14061248,CI.COK.EHZ,0,up,5.626611232757568,1.6103515625,26.875
1273230,10925973,CI.BLA2.HHZ,0,up,122.16553497314453,2.26953125,28.171875
1273407,9853417,CI.STG.HHZ,0,up,10.858166694641113,3.830078125,111.4375
1273489,9692981,AZ.TRO.EHZ,0,up,9.673500061035156,1.4501953125,33.96875
1273607,15164937,PB.B087.EHZ,1,down,14.452889442443848,1.0703125,16.765625
1273709,9725941,CI.YUH.EHZ,1,down,42.387062072753906,1.6298828125,49.65625
1273764,11674716,CI.WCS.EHZ,0,up,4.648595809936523,1.6298828125,11.0625
1274921,10797181,AZ.SND.HHZ,0,up,29.511972427368164,0.68994140625,16.96875
1274992,15021916,CI.PMD.HHZ,1,down,29.08390235900879,1.1396484375,33.375
1275244,10007037,CI.SUN.EHZ,0,up,8.230389595031738,1.5595703125,41.71875
1275272,11080082,EN.YOU.EHZ,0,up,24.52874755859375,1.2099609375,9.8671875
1275278,14240140,CI.DVT.HHZ,1,down,22.828147888183594,3.4296875,94.9375
1276004,9166377,AZ.CRY.HHZ,0,up,11.204075813293457,1.6298828125,28.796875
1276025,14067816,CI.BEL.HHZ,0,up,11.614232063293457,1.580078125,70.8125
1276181,10067181,CI.BFS.HHZ,0,up,68.79962158203125,1.7001953125,20.625
1276318,14378552,PB.B086.EHZ,1,down,8.112183570861816,0.9501953125,62.03125
1276664,12455444,CI.WWP.EHZ,0,up,2.2371115684509277,1.7998046875,56.65625
1276679,14252684,AZ.PFO.HHZ,1,down,143.30703735351562,2.259765625,57.65625
1276824,9717085,CI.CHF.HHZ,1,down,9.058554649353027,1.5703125,52.3125
1277390,14130304,CI.CLC.HHZ,0,up,10.728861808776855,0.300048828125,28.1875
1277570,14474928,CI.ERP.EHZ,1,down,12.608098983764648,2.30078125,55.78125
1277722,10670989,CI.WMF.EHZ,0,up,2.828322410583496,1.4404296875,51.375
1278003,10182150,CI.CRR.EHZ,1,down,1.9003885984420776,2.23046875,20.96875
1278128,14256088,CI.SBB2.HHZ,0,up,18.7564697265625,1.83984375,108.0
1278678,12995460,CI.SPF.HHZ,0,up,5.117892265319824,2.099609375,26.34375
1279030,9165527,CI.WSH.EHZ,1,down,6.784180164337158,1.849609375,58.0625
1279224,14283320,CI.WCS.EHZ,0,up,8.446742057800293,2.75,83.75
1279421,9138973,CI.SME.EHZ,0,up,56.31460189819336,1.5498046875,18.703125
1279608,14207224,CI.BFS.HHZ,0,up,11.130162239074707,1.6796875,26.203125
1279719,9702121,CI.ARG.EHZ,0,up,6.782591819763184,2.080078125,23.3125
1279949,9644721,CI.WBM.EHZ,0,up,7.920138359069824,2.66015625,56.78125
1280096,11340055,CI.RAG.EHZ,1,down,6.987502098083496,1.7001953125,19.6875
1280287,10279249,CI.TIN.HHZ,0,up,5.454061508178711,1.849609375,113.8125
1280522,10605989,ZY.USG.EHZ,1,down,91.14361572265625,2.849609375,16.15625
1280555,9742041,AZ.KNW.HHZ,1,down,51.56842803955078,1.1796875,33.5625
1280591,14063976,CI.BOR.HHZ,0,up,3.42999529838562,0.990234375,26.859375
1280864,9723541,AZ.KNW.HHZ,0,up,160.6934356689453,1.509765625,20.484375
1280905,9828141,CI.WCS.EHZ,0,up,10.551548957824707,1.0302734375,9.8515625
1280980,14131732,CI.POB.EHZ,1,down,4.711923599243164,1.1396484375,41.875
1281272,10234741,CI.WRV.EHZ,1,down,26.08835792541504,1.23046875,12.40625
1281355,10586701,ZY.USG.EHZ,1,down,6.812902450561523,2.009765625,26.765625
1281440,9993725,CI.TEJ.EHZ,1,down,40.586814880371094,1.5,18.015625
1281679,11244746,AZ.KNW.HHZ,1,down,1.5522181987762451,0.91015625,8.09375
1281837,9968353,CI.TOW.EHZ,0,up,2.5738680362701416,1.0,10.7890625
1281945,11006685,CI.MCT.HHZ,0,up,15.59124755859375,2.169921875,87.5625
1281984,14987020,CI.MSC.HHZ,1,down,29.387287139892578,2.029296875,43.75
1282285,14311456,CI.CLC.HHZ,1,down,5.967195987701416,0.39990234375,37.28125
1282582,14135352,CI.COA.EHZ,0,up,5.739487171173096,1.58984375,43.0625
1282811,11045893,CI.PLM.HHZ,0,up,491.1762390136719,2.7890625,53.6875
1282954,14312596,CI.WBM.EHZ,1,down,27.48792839050293,3.009765625,55.71875
1283147,9929117,CI.WWP.EHZ,0,up,15.375566482543945,1.099609375,21.46875
1283862,14217688,CI.HYS.EHZ,0,up,1.1775368452072144,1.1796875,62.28125
1284371,11071037,CI.TOR.HHZ,0,up,2.7503578662872314,0.449951171875,24.34375
1284551,11066221,CI.GOR.HHZ,0,up,17.03851890563965,2.150390625,73.8125
1284708,14219580,CI.WOF.EHZ,1,down,12.445240020751953,1.08984375,27.125
1285477,10869741,PB.B918.EHZ,0,up,6.457917213439941,0.340087890625,18.84375
1285554,10222177,CI.TOW.EHZ,1,down,10.410425186157227,1.3603515625,31.40625
1285735,14353964,CI.CHF.HHZ,1,down,2.279862880706787,1.150390625,38.0625
1285916,10482901,ZY.OWL1.HHZ,0,up,486.6065368652344,2.01953125,4.69140625
1286220,10615837,ZY.PNTO.EHZ,1,down,41.44549560546875,2.0703125,19.15625
1286367,10781397,CI.YUH.EHZ,0,up,14.487199783325195,2.330078125,48.375
1286882,14157720,CI.RMM.EHZ,1,down,102.5202865600586,2.810546875,66.1875
1286931,10349133,CI.CLC.HHZ,0,up,22.344331741333008,1.2099609375,40.40625
1287064,10231781,CI.WLH.EHZ,0,up,8.381603240966797,1.6103515625,50.40625
1287390,9992973,CI.YUH.EHZ,1,down,65.87773895263672,2.2109375,100.4375
1287637,10100417,CI.EML.HHZ,0,up,3.759702682495117,1.4296875,91.8125
1287724,10604941,ZY.WAGN.EHZ,0,up,4.10373592376709,1.900390625,15.6484375
1287944,9144833,CI.SGL.EHZ,1,down,9.54306411743164,1.76953125,39.84375
1288116,9690309,CI.WRV.EHZ,1,down,173.10626220703125,1.73046875,6.73828125
1288509,9135714,CI.RAG.EHZ,0,up,86.95240783691406,2.150390625,21.28125
1288512,14367892,CI.BEL.HHZ,1,down,7.7476887702941895,1.01953125,29.125
1288705,15056660,PB.B087.EHZ,1,down,3.106754779815674,0.60986328125,22.3125
1288812,10036341,CI.ISA.HHZ,0,up,15.885868072509766,0.7001953125,11.40625
1288910,14122192,AZ.KNW.HHZ,1,down,25.817684173583984,0.89990234375,25.84375
1289100,15161065,CI.FRK.EHZ,1,down,1.7126821279525757,0.5,25.40625
1289123,9985253,CI.HEC.HHZ,0,up,13.606207847595215,2.4609375,117.875
1289620,11416098,CI.MSC.HHZ,0,up,29.530956268310547,2.05078125,54.25
1290093,10201761,CI.WCS.EHZ,1,down,2.227573871612549,0.8701171875,18.015625
1290161,14386872,SN.AMD.EHZ,1,down,14.728002548217773,1.33984375,107.0
1290276,10594549,CI.ERP.EHZ,1,down,5.700623512268066,1.3701171875,16.25
1290449,11409738,CI.LCG.HHZ,0,up,39.291561126708984,3.009765625,7.171875
1290506,11089506,AZ.FRD.HHZ,0,up,23.141164779663086,0.9599609375,15.203125
1290863,11082418,AZ.CRY.HHZ,1,down,14.285599708557129,1.1103515625,69.1875
1290873,14349732,CI.BOR.HHZ,1,down,8.878274917602539,1.0595703125,13.1484375
1290896,9138270,CI.CDY.EHZ,0,up,87.08860778808594,1.599609375,5.5390625
1291258,14887156,CI.WGR.HHZ,1,down,22.8864803314209,1.240234375,40.09375
1291565,10255569,PB.B082.EHZ,1,down,9.086094856262207,0.72021484375,34.5625
1292106,14137160,CI.OLP.HHZ,1,down,683.083251953125,3.939453125,16.53125
1292152,11036285,CI.EMS.EHZ,1,down,18.239791870117188,2.419921875,44.59375
1292367,14344516,AZ.WMC.HHZ,0,up,5.317148208618164,0.39990234375,12.703125
1292871,9737597,CI.WRC.EHZ,1,down,40.21619415283203,1.33984375,18.0
1292999,10169549,CI.DNR.HHZ,1,down,8.53809642791748,1.75,90.3125
1293124,13936876,CI.HMT.EHZ,1,down,8.66072940826416,1.7802734375,68.4375
1293320,10330781,CI.LJR.HHZ,0,up,24.59902572631836,1.349609375,10.6875
1293620,13998872,AZ.YAQ.HHZ,0,up,21.187715530395508,1.2998046875,11.9296875
1294109,11418410,PB.B918.EHZ,0,up,114.41187286376953,3.390625,106.625
1294228,10492757,CI.LEO.EHZ,0,up,7.40277624130249,1.990234375,71.25
1294305,15018948,AZ.CRY.HHZ,1,down,17.70351791381836,0.05999755859375,9.3984375
1294441,9162925,CI.WRV.EHZ,1,down,19.724342346191406,1.099609375,11.0
1294651,11276218,CI.PMD.HHZ,1,down,198.26248168945312,2.119140625,84.625
1294885,14139064,CI.CCA.EHZ,1,down,4.381904602050781,1.33984375,52.03125
1295048,10910277,CI.WOF.EHZ,1,down,44.70406723022461,1.419921875,23.25
1296005,15015740,PB.B087.EHZ,1,down,34.505855560302734,0.75,6.41015625
1296268,9155665,CI.WWP.EHZ,1,down,128.0644073486328,2.73046875,54.875
1296296,14551092,PB.B086.EHZ,1,down,28.00531005859375,0.68017578125,7.12109375
1296642,15083140,CI.EMS.EHZ,1,down,2.2523815631866455,1.5400390625,74.8125
1297197,10371925,CI.LRL.HHZ,0,up,1.605391263961792,1.7197265625,64.25
1297486,13931712,CI.SBB.EHZ,0,up,7.683241844177246,1.8896484375,41.8125
1297615,14313384,CI.TPM.EHZ,0,up,67.28108978271484,2.66015625,70.5
1297668,10487453,CI.SNO.HHZ,0,up,27.179227828979492,1.33984375,36.78125
1298038,10169741,CI.GTM.EHZ,0,up,3.002347469329834,1.23046875,60.8125
1298305,13946644,CI.WMF.EHZ,0,up,229.83590698242188,1.4404296875,4.640625
1298336,14000436,CI.IRM.HHZ,1,down,9.822443962097168,2.69921875,113.5625
1298618,10064829,AZ.FRD.HHZ,0,up,9.171677589416504,1.849609375,84.5625
1298941,14386680,CI.PEM.EHZ,1,down,27.035400390625,1.26953125,26.578125
1299318,9698765,CI.CLC.HHZ,0,up,38.30241775512695,2.080078125,34.3125
1299487,15062780,CI.TOR.HHZ,1,down,29.818477630615234,2.01953125,74.3125
1300250,14120652,CI.SS2.EHZ,0,up,4.183380603790283,1.0498046875,24.296875
1300279,10319489,CI.PLM.HHZ,1,down,12.50810432434082,2.109375,85.0625
1300546,10236737,CI.HMT.EHZ,1,down,3.4082257747650146,1.26953125,22.34375
1300675,14478632,CI.TEH.HHZ,1,down,112.08661651611328,1.2998046875,21.875
1300747,15204881,CI.BC3.HHZ,1,down,4.220087051391602,1.8798828125,74.0
1300925,14202188,AZ.KNW.HHZ,1,down,26.751527786254883,1.0703125,22.265625
1301119,9679165,CI.WHF.EHZ,1,down,8.833653450012207,1.2099609375,55.125
1301501,10099869,CI.CLC.HHZ,0,up,30.267045974731445,2.470703125,58.75
1301538,10348793,PB.B086.EHZ,0,up,3.1120452880859375,0.56005859375,34.8125
1301753,9169787,CI.RMM.EHZ,1,down,10.576443672180176,1.6796875,31.046875
1301758,9693701,CI.WNM.EHZ,0,up,9.771142959594727,1.4697265625,21.734375
1302216,9733025,CI.XTL.EHZ,1,down,36.720577239990234,1.7099609375,39.28125
1302217,12879972,CI.JUL.EHZ,0,up,47.38815689086914,1.740234375,54.875
1302270,11618612,CI.WOR.EHZ,0,up,6.985298156738281,1.759765625,21.125
1302283,14502772,CI.JEM.HHZ,1,down,7.483096122741699,1.009765625,52.1875
1302808,14204756,CI.LTC.EHZ,0,up,6.25830078125,1.9501953125,96.75
1302966,14190828,AZ.FRD.HHZ,0,up,9.1480073928833,0.43994140625,28.734375
1303178,10876037,CI.SGL.EHZ,0,up,25.313884735107422,1.83984375,53.78125
1303257,10637133,ZY.MLDN.EHZ,0,up,21.91771125793457,0.91015625,3.8203125
1303280,9133723,CI.ELR.EHZ,0,up,2.0292413234710693,2.330078125,23.3125
1303583,14419000,CI.SLA.HHZ,1,down,11.732897758483887,1.2802734375,9.2734375
1303710,10277877,CI.CRR.EHZ,1,down,27.33458709716797,1.2099609375,29.375
1303727,15194817,AZ.FRD.HHZ,1,down,7.406948089599609,0.83984375,54.875
1304218,9650917,CI.WOR.EHZ,0,up,75.97484588623047,2.9296875,34.21875
1304262,14215764,CI.TPC.EHZ,1,down,30.112220764160156,1.25,37.125
1304621,9165691,CI.RAY.EHZ,0,up,10.307589530944824,1.8095703125,73.4375
1304623,11003541,CI.RMR.EHZ,0,up,30.132200241088867,1.0703125,26.109375
1304694,10987117,CI.BOR.HHZ,0,up,5.40117883682251,0.81982421875,30.453125
1304740,13993884,CI.HMT.EHZ,0,up,7.369333267211914,0.469970703125,30.6875
1305052,10221389,CI.SME.EHZ,1,down,5.985550403594971,2.33984375,113.8125
1305340,15182225,EN.HAT.EHZ,1,down,8.773811340332031,0.7001953125,2.0
1305649,10368121,CI.BAT.EHZ,0,up,3.7149949073791504,1.6103515625,41.15625
1306178,14396052,EN.RED.EHZ,1,down,33.13145446777344,0.7998046875,6.12109375
1306860,10605125,ZY.SHCM.EHZ,0,up,40.9150276184082,2.0703125,2.76953125
1307229,9985665,CI.SPG.HHZ,0,up,16.107093811035156,1.5498046875,81.875
1307592,11125394,AZ.CRY.HHZ,0,up,4.284307956695557,1.3798828125,75.9375
1308054,13011468,CI.ERP.EHZ,0,up,10.32310962677002,2.279296875,102.3125
1308098,10064133,CI.MPM.HHZ,0,up,219.75453186035156,1.6904296875,25.84375
1308464,9170582,CI.CJV.EHZ,1,down,14.55889892578125,2.83984375,89.5
1308680,11326274,CI.PLM.HHZ,1,down,45.77182388305664,2.9609375,86.9375
1308807,14599932,AZ.WMC.HHZ,1,down,46.98357009887695,2.130859375,36.125
1308920,14150824,AZ.RDM.HHZ,0,up,6.2886881828308105,1.0595703125,31.71875
1308973,11378858,CI.SME.EHZ,1,down,96.09825897216797,2.060546875,25.90625
1309063,10366857,CI.ISA.HHZ,0,up,31.466629028320312,2.2890625,91.1875
1309128,9774341,CI.JUL.EHZ,1,down,39.949344635009766,1.580078125,30.109375
1309489,14165936,CI.HMT.EHZ,1,down,5.456264495849609,1.509765625,40.90625
1309566,9793685,CI.WVP.EHZ,0,up,6.602902412414551,1.0302734375,30.15625
1309834,10771677,AZ.KNW.HHZ,1,down,12.876073837280273,1.2900390625,38.8125
1310023,9962957,AZ.CRY.HHZ,1,down,90.87715148925781,1.7802734375,29.84375
1310448,9684077,CI.WRV.EHZ,0,up,31.46904754638672,0.5,3.33984375
1310648,10184453,CI.TEH.HHZ,1,down,10.88302230834961,1.0595703125,63.40625
1310761,10147689,CI.MUR.HHZ,1,down,3.132244110107422,1.33984375,17.953125
1311272,9696153,CI.BLA.HHZ,0,up,13.441267967224121,1.8203125,10.65625
1311279,10207973,CI.BFS.HHZ,1,down,4.609302997589111,1.66015625,71.0
1311661,9697857,CI.WMF.EHZ,1,down,39.335514068603516,1.4599609375,9.7421875
1311677,14189588,CI.SMF.EHZ,0,up,4.937453746795654,2.529296875,27.71875
1311769,10353209,CI.TEJ.EHZ,1,down,5.056152820587158,1.4404296875,17.671875
1311807,11132314,CI.RVR.HHZ,0,up,91.18777465820312,3.509765625,59.9375
1311880,14989732,EN.OBS.EHZ,1,down,7.343100070953369,0.89990234375,4.109375
1312203,14161396,CI.LUG.HHZ,0,up,4.093929290771484,1.5400390625,29.15625
1312410,11285634,CI.CLC.HHZ,0,up,14.96189022064209,1.51953125,30.796875
1312514,10728165,CI.SPG2.HHZ,1,down,214.08738708496094,2.69921875,85.1875
1312515,15195417,CI.HYS.EHZ,1,down,10.966669082641602,1.8203125,81.875
1312719,14219304,CI.JRC2.HHZ,1,down,11.245973587036133,0.509765625,5.3984375
1312776,10792821,CI.SWS.HHZ,1,down,3.8056113719940186,2.0703125,40.53125
1313091,10346765,AZ.RDM.HHZ,0,up,13.195927619934082,0.7998046875,14.359375
1313108,9998345,AZ.PFO.HHZ,0,up,5.70236349105835,1.669921875,88.625
1313150,10188029,CI.SBPX.HHZ,0,up,9.5217866897583,2.69921875,51.71875
1313727,9692437,CI.WJP.EHZ,0,up,2.629840612411499,1.259765625,84.75
1313896,11376418,CI.TEJ.EHZ,0,up,5.839524745941162,1.6904296875,41.90625
1314385,10263229,CI.TPO.EHZ,0,up,31.556852340698242,1.5703125,20.6875
1314475,10787477,CI.DGR.HHZ,0,up,20.04757308959961,0.7099609375,29.8125
1314522,14189596,CI.EML.HHZ,1,down,4.742401123046875,1.3203125,72.5
1314935,10166945,AZ.LVA2.HHZ,1,down,396.89697265625,2.099609375,32.125
1315505,12458224,CI.WCS.EHZ,1,down,2.7378787994384766,1.009765625,13.5234375
1315793,11088634,PB.B086.EHZ,1,down,8.380481719970703,1.2197265625,47.6875
1315797,10624621,ZY.USG.EHZ,0,up,3.160090923309326,1.580078125,18.578125
1316194,14371948,CI.WI2.EHZ,1,down,6.968751430511475,2.240234375,27.671875
1316892,9636341,CI.ISA.HHZ,0,up,204.6668701171875,2.109375,12.953125
1317127,10056241,CI.SPG.HHZ,0,up,62.61383056640625,2.490234375,84.5625
1317418,10277229,CI.CBK.EHZ,1,down,382.01470947265625,3.099609375,90.5625
1317529,14098252,AZ.CRY.HHZ,0,up,29.526981353759766,1.01953125,13.9375
1317690,11417938,PB.B087.EHZ,0,up,4.685041427612305,0.3798828125,10.7109375
1317799,10892469,CI.ERR.HHZ,1,down,8.787590026855469,3.109375,117.0
1318050,10543109,CI.PMD.HHZ,1,down,2.589104652404785,0.7900390625,32.96875
1318696,9671753,NN.CAS.EHZ,1,down,22.589080810546875,1.01953125,23.609375
1318706,10356177,AZ.WMC.HHZ,1,down,50.070518493652344,0.6201171875,4.921875
1319225,10169657,CI.FRK.EHZ,1,down,4.57295036315918,1.6298828125,78.3125
1319336,10439233,CI.BFS.HHZ,1,down,3.40891432762146,1.51953125,66.5
1319736,9170282,CI.YUH.EHZ,1,down,23.453256607055664,1.2998046875,9.1484375
1319844,14041648,CI.JCS.HHZ,1,down,12.963739395141602,1.759765625,70.0
1319851,14163764,CI.CLC.HHZ,1,down,6.090062141418457,0.2099609375,3.359375
1319959,14256456,AZ.RDM.HHZ,1,down,2.435216188430786,0.669921875,29.953125
1320186,14247220,CI.RMR.EHZ,1,down,13.604159355163574,1.169921875,63.21875
1320692,10533485,CI.RXH.HHZ,1,down,37.9970588684082,1.4697265625,4.26171875
1320886,9704025,CI.WS2.EHZ,0,up,13.66356372833252,1.759765625,62.34375
1320982,10311849,CI.LUC.EHZ,1,down,36.29334259033203,1.8203125,20.5625
1321722,14256028,CI.SKY.EHZ,0,up,7.093496322631836,1.1904296875,15.671875
1321957,14154108,AZ.CRY.HHZ,0,up,10.193208694458008,0.9501953125,37.125
1321973,14135324,CI.JCS.HHZ,1,down,6.055373191833496,0.919921875,64.0
1322286,14567140,CI.SGL.EHZ,1,down,61.1759033203125,2.109375,46.15625
1322348,14288968,PB.B086.EHZ,0,up,35.6616325378418,1.349609375,30.765625
1322518,10354869,CI.MSJ.HHZ,0,up,23.364770889282227,2.140625,5.78125
1323120,10874821,CI.EML.HHZ,0,up,36.406429290771484,2.279296875,112.75
1323309,9718765,AZ.BZN.HHZ,0,up,10.925615310668945,1.400390625,15.4921875
1323406,10276773,ZY.SHF2.HHZ,0,up,47.07638168334961,2.939453125,57.0625
1323466,10979421,PB.B087.EHZ,0,up,17.737865447998047,1.48046875,3.369140625
1323633,10006821,CI.MPM.HHZ,1,down,9.181811332702637,0.9599609375,44.6875
1324370,10747749,AZ.CRY.HHZ,0,up,108.77156829833984,1.3798828125,41.75
1324422,11102106,PB.B082.EHZ,0,up,14.808687210083008,1.0703125,26.6875
1324468,10595149,ZY.OCCM.EHZ,0,up,15.640083312988281,1.8095703125,16.046875
1324613,14687556,ZY.OYSB.EHZ,1,down,24.113445281982422,1.2802734375,8.5234375
1325294,13961320,CI.WMF.EHZ,0,up,61.11820983886719,1.7900390625,19.6875
1325383,13961848,CI.WBS.HLZ,0,up,27.073596954345703,2.51953125,16.78125
1325392,14197452,CI.GTM.EHZ,1,down,25.510915756225586,1.2998046875,9.0
1325657,10369793,PB.B086.EHZ,0,up,10.125386238098145,0.409912109375,24.25
1325861,14212680,CI.WVP.EHZ,0,up,22.94887351989746,0.7998046875,8.25
1326020,9173450,CI.SKY.EHZ,1,down,6.980611801147461,1.7001953125,29.875
1326108,10785477,CI.BOM.HHZ,0,up,3.423621416091919,4.21875,115.1875
1326301,14175328,CI.WNM.EHZ,1,down,38.4923210144043,1.3896484375,37.34375
1326447,9696741,CI.SIL.EHZ,0,up,12.073349952697754,1.98046875,33.15625
1326548,14002060,CI.TAB.EHZ,0,up,10.871817588806152,1.900390625,22.9375
1327006,9928601,CI.WNM.EHZ,0,up,5.858384132385254,1.400390625,49.34375
1327147,14439544,AZ.FRD.HHZ,1,down,14.402018547058105,1.2802734375,61.0
1327160,10893701,PB.B084.EHZ,0,up,5.529096603393555,0.97021484375,75.8125
1327314,11414298,CI.LUG.HHZ,1,down,25.98745346069336,1.76953125,25.734375
1327317,14312932,PB.B087.EHZ,1,down,7.897632598876953,1.33984375,75.125
1327440,9796725,CI.WRV.EHZ,0,up,8.460420608520508,1.400390625,40.09375
1327455,9166985,CI.TOW.EHZ,1,down,4.259733200073242,1.1904296875,22.78125
1328010,10657637,AZ.FRD.HHZ,0,up,3.866205930709839,0.509765625,26.109375
1328229,11056685,CI.SS2.EHZ,1,down,10.437121391296387,1.1396484375,39.375
1328914,12472044,CI.DEV.HHZ,0,up,11.595992088317871,2.3203125,34.625
1328918,13672572,CI.BBR.HHZ,1,down,16.964933395385742,2.740234375,110.8125
1329057,10043461,CI.CLC.HHZ,1,down,25.249801635742188,0.990234375,27.953125
1329980,11209914,AZ.PFO.HHZ,1,down,14.556029319763184,2.73046875,70.5
1330455,14119456,CI.WWP.EHZ,1,down,4.483217716217041,1.7998046875,32.5625
1331074,10893661,AZ.BZN.HHZ,0,up,16.861949920654297,0.89990234375,16.265625
1331156,11208410,CI.TEH.HHZ,1,down,30.16422462463379,1.7998046875,66.125
1331190,10720653,AZ.LVA2.HHZ,1,down,121.12798309326172,2.5,90.5625
1331273,10859349,CI.EML.HHZ,1,down,28.88813591003418,1.0400390625,48.4375
1332042,14383136,CI.SS2.EHZ,1,down,4.795679569244385,1.25,35.65625
1332598,14375440,CI.BAC.EHZ,1,down,28.8883113861084,2.109375,73.625
1332758,14219268,CI.GTM.EHZ,0,up,2.948080062866211,0.68994140625,26.484375
1333983,14048244,CI.TOW.EHZ,0,up,8.37562370300293,2.369140625,11.5234375
1334031,14006548,AZ.CRY.HHZ,0,up,18.07269859313965,1.2998046875,58.15625
1334324,14120856,CI.TJR.EHZ,0,up,13.482373237609863,1.8603515625,41.65625
1334751,10870821,CI.JRC2.HHZ,1,down,27.235204696655273,0.93017578125,16.796875
1335101,10771989,CI.DRE.HHZ,0,up,3.4395506381988525,1.58984375,34.21875
1335364,13980688,CI.BBR.HHZ,0,up,10.706258773803711,1.900390625,41.34375
1335442,14549732,CI.TPM.EHZ,1,down,44.2480354309082,2.669921875,49.59375
1335825,11279138,CI.ERP.EHZ,0,up,5.590303421020508,1.7802734375,26.796875
1335938,9999489,CI.SKY.EHZ,0,up,10.970484733581543,0.93994140625,9.5390625
1336241,13283440,CI.AGA.HHZ,0,up,48.05632400512695,2.240234375,41.84375
1336324,14258568,AZ.SND.HHZ,1,down,63.06442642211914,1.0302734375,5.421875
1336503,9628509,CI.BTL.EHZ,0,up,81.39602661132812,1.830078125,5.55859375
1337506,9983977,CI.DTP.EHZ,0,up,27.511512756347656,1.919921875,61.4375
1338066,14158792,AZ.LVA2.HHZ,1,down,8.354202270507812,1.1103515625,25.34375
1338110,10747421,CI.ERR.HHZ,1,down,16.299625396728516,2.16015625,51.21875
1338142,9967889,CI.PER.HHZ,1,down,10.395386695861816,1.5400390625,18.40625
1338429,10279057,CI.JRC2.HHZ,1,down,69.16067504882812,0.89990234375,10.7578125
1338622,9876869,CI.WNM.EHZ,0,up,4.638293266296387,1.5498046875,90.8125
1338774,11279490,CI.JRC2.HHZ,0,up,52.51621627807617,1.1396484375,13.140625
1339032,13949232,CI.BEL.HHZ,0,up,18.882978439331055,2.029296875,84.75
1339099,9812033,CI.LEO.EHZ,0,up,13.492944717407227,1.7001953125,46.3125
1339504,9165889,CI.WWP.EHZ,1,down,41.578365325927734,1.9404296875,66.625
1339738,14078868,CI.DVT.HHZ,1,down,8.728687286376953,0.5400390625,9.390625
1339788,14332700,AZ.FRD.HHZ,1,down,17.511098861694336,0.89990234375,11.71875
1341316,10224393,CI.WRV.EHZ,0,up,10.540772438049316,0.7001953125,25.625
1341908,15071396,CI.CBK.EHZ,1,down,101.43087768554688,2.970703125,52.0625
1342118,10606789,ZY.PNTO.EHZ,1,down,26.541603088378906,2.849609375,57.0625
1342138,9856573,CI.WNM.EHZ,0,up,7.082886695861816,0.919921875,26.046875
1342139,10327033,AZ.LVA2.HHZ,0,up,44.49225616455078,1.6103515625,50.71875
1342383,15134729,CI.TOR.HHZ,1,down,12.992788314819336,1.0498046875,28.296875
1342522,14981172,CI.BAC.EHZ,1,down,120.42604064941406,2.130859375,85.5625
1342619,15074676,CI.DGR.HHZ,1,down,2.140476703643799,0.1300048828125,44.09375
1342722,11622640,CI.WRV.EHZ,0,up,6.075146198272705,1.5400390625,30.921875
1342780,9140742,CI.SME.EHZ,1,down,11.636616706848145,2.009765625,46.40625
1342793,14523548,AZ.BZN.HHZ,1,down,5.305219650268555,0.320068359375,12.5
1342988,10346641,CI.DNR.HHZ,1,down,10.303062438964844,0.81982421875,24.0625
1343122,9142006,CI.WIN.EHZ,0,up,3.9307503700256348,1.849609375,77.6875
1343209,10925245,PB.B093.EHZ,0,up,67.25891876220703,2.859375,118.125
1343363,10775741,AZ.TRO.HHZ,1,down,3.1267592906951904,0.919921875,27.0625
1343941,10064585,CI.MCT.HHZ,0,up,15.622282981872559,1.6396484375,60.15625
1344111,14156636,CI.BAC.EHZ,0,up,18.62230682373047,1.7099609375,83.625
1344270,14217884,CI.RXH.HHZ,0,up,3.366727590560913,3.650390625,65.625
1344564,10025161,AZ.PFO.HHZ,1,down,7.462664604187012,1.009765625,37.65625
1344574,14205224,CI.EML.HHZ,0,up,31.599695205688477,1.5400390625,37.90625
1345096,11409018,CI.RVR.HHZ,1,down,5.367183685302734,0.8701171875,14.7890625
1345248,9676377,CI.WNM.EHZ,1,down,5.696892738342285,1.8701171875,17.046875
1345594,13941508,CI.BBR.HHZ,0,up,5.578646659851074,1.0,8.5625
1345711,13980448,CI.SKY.EHZ,1,down,2.312831163406372,1.33984375,25.390625
1345719,13239440,CI.STC.HHZ,1,down,3.4351906776428223,1.26953125,16.3125
1346165,14924836,PB.B087.EHZ,1,down,36.07600784301758,1.9599609375,92.125
1346202,15152657,CI.WWC.HHZ,1,down,6.562069416046143,1.6201171875,51.9375
1346266,14469880,CI.HMT.EHZ,1,down,8.552372932434082,1.169921875,69.3125
1346328,11671572,CI.WJP.EHZ,0,up,37.65565490722656,2.060546875,58.65625
1346457,10055677,CI.LRL.HHZ,0,up,2.454525947570801,2.0703125,45.875
1346621,9644685,CI.XMS.EHZ,0,up,21.053173065185547,2.640625,101.3125
1347121,10352949,CI.MWC.HHZ,0,up,26.179767608642578,1.9501953125,46.46875
1347209,10149789,CI.CJV.EHZ,1,down,8.580293655395508,1.900390625,57.03125
1347276,10660493,ZY.MLDN.EHZ,1,down,61.3780403137207,1.76953125,10.3203125
1347370,14407152,CI.FUR.HHZ,1,down,2.5656485557556152,2.830078125,69.25
1347750,12987512,CI.SGL.EHZ,0,up,20.303327560424805,2.009765625,39.96875
1347757,10862637,CI.IBP.HHZ,1,down,5.197644233703613,1.009765625,51.21875
1347804,14204928,CI.MPM.HHZ,0,up,14.045336723327637,0.68017578125,25.390625
1348341,10542661,CI.TA2.HHZ,1,down,99.89820861816406,2.099609375,22.109375
1348356,10402801,PB.B084.EHZ,1,down,140.3314971923828,1.23046875,11.609375
1348869,14243560,CI.WNM.EHZ,1,down,3.2203502655029297,1.009765625,28.0625
1349706,9709693,CI.SRT.EHZ,0,up,6.328949928283691,1.400390625,25.65625
1349812,14215292,CI.POB.EHZ,1,down,6.460980415344238,0.81005859375,62.84375
1349901,10200537,CI.SAL.HHZ,0,up,4.244624614715576,1.1796875,13.25
1350211,14564556,AZ.KNW.HHZ,1,down,4.620718002319336,0.429931640625,16.9375
1350485,9140528,CI.RMM.EHZ,1,down,8.85819149017334,1.900390625,37.375
1350499,10121905,AZ.PFO.HHZ,0,up,3.094527006149292,1.0302734375,48.15625
1350620,14432304,AZ.PFO.HHZ,1,down,29.46388053894043,1.6103515625,40.28125
1350757,10082241,CI.BEL.HHZ,0,up,141.0591583251953,2.4296875,62.46875
1351573,15074556,CI.PMD.HHZ,1,down,26.004650115966797,0.89013671875,25.265625
1351629,14284964,AZ.WMC.HHZ,0,up,2.99147367477417,0.830078125,18.140625
1352208,10400617,PB.B918.EHZ,1,down,18.928287506103516,1.9296875,66.0
1352526,10056397,CI.EW2.EHZ,1,down,4.076947212219238,1.6796875,66.625
1352770,15163033,CI.WWC.HHZ,1,down,69.38756561279297,2.740234375,34.40625
1353345,10763981,CI.BAR.HHZ,0,up,16.399038314819336,1.5703125,64.5625
1353452,14209440,CI.DNR.HHZ,1,down,15.981682777404785,2.0703125,86.625
1353519,13688444,CI.WSH.EHZ,0,up,80.61038208007812,1.23046875,23.703125
1354104,9157149,CI.TPM.EHZ,1,down,4.584537506103516,0.89990234375,18.6875
1354685,15021596,AZ.KNW.HHZ,1,down,3.3486440181732178,0.07000732421875,28.15625
1355014,14405496,CI.COK.EHZ,1,down,12.297078132629395,2.26953125,23.09375
1356421,9880217,CI.WAS.EHZ,0,up,68.97315216064453,3.25,64.0625
1356476,10177150,CI.SGL.EHZ,1,down,1.3813540935516357,2.0,9.6171875
1356486,9158306,CI.TPC.EHZ,1,down,103.11348724365234,3.48046875,67.9375
1356911,9648713,CI.WRV.EHZ,1,down,65.7081298828125,1.5703125,2.3203125
1357011,14151388,AZ.SND.HHZ,1,down,4.522559642791748,1.9404296875,7.96875
1357314,14599652,CI.LRL.HHZ,1,down,11.716573715209961,2.390625,54.96875
1357525,9711477,CI.WVP.EHZ,0,up,35.64377212524414,1.5498046875,16.84375
1358118,11409050,CI.MCT.HHZ,1,down,142.36427307128906,1.599609375,33.34375
1358856,10992223,CI.WOR.EHZ,1,down,16.932588577270508,2.08984375,46.84375
1359259,9976053,CI.TJR.EHZ,0,up,7.792251110076904,1.5,28.5625
1359685,10766517,AZ.WMC.HHZ,0,up,3.0213401317596436,0.5,12.1015625
1359988,10259361,CI.TPC.EHZ,1,down,4.808248996734619,1.2099609375,64.8125
1360198,9673421,CI.WNM.EHZ,1,down,4.046444892883301,1.76953125,20.703125
1360300,10726125,CI.SAL.HHZ,1,down,23.435104370117188,2.25,68.6875
1360660,10739229,AZ.WMC.HHZ,0,up,4.949981212615967,0.9599609375,22.78125
1360891,14197424,CI.WRC.EHZ,0,up,10.917590141296387,0.97021484375,16.0625
1361001,11408986,AZ.PFO.HHZ,1,down,9.398490905761719,0.52001953125,14.6796875
1361021,10368813,CI.DPP.HHZ,0,up,9.734549522399902,1.2099609375,64.625
1361291,11407490,CI.RXH.HHZ,0,up,5.888885498046875,1.0400390625,2.880859375
1361321,9154315,CI.TPC.EHZ,0,up,13.66952133178711,2.0,46.71875
1361336,9135700,CI.SUN.EHZ,1,down,19.241586685180664,1.5595703125,25.1875
1361361,10867845,CI.LPC.HHZ,1,down,14.95091724395752,1.2802734375,30.8125
1361640,14312960,CI.PMD.HHZ,0,up,5.878055572509766,0.7900390625,34.6875
1362141,10319813,AZ.SND.HHZ,1,down,17.640474319458008,2.19921875,54.21875
1362471,10294641,CI.TAB.EHZ,1,down,21.21063804626465,2.41015625,28.046875
1362767,13946340,CI.WGR.HHZ,0,up,208.1787567138672,1.7802734375,19.0625
1362780,9149031,CI.CDY.EHZ,0,up,10.1495361328125,0.68017578125,15.453125
1363243,10231797,CI.SRT.EHZ,0,up,6.5592360496521,2.0703125,37.34375
1363279,14961276,PB.B086.EHZ,1,down,36.58839416503906,2.0703125,64.6875
1363340,10738757,CI.PLM.HHZ,0,up,4.763008117675781,0.77978515625,39.9375
1363777,11318898,CI.IKP.HHZ,1,down,21.901472091674805,1.01953125,29.640625
1363817,14209232,CI.POB.EHZ,0,up,63.75214385986328,2.990234375,94.0
1363957,10766477,AZ.BZN.HHZ,0,up,4.9545135498046875,0.68017578125,19.4375
1364124,14843820,CI.FHO.HHZ,1,down,3.020939826965332,0.97021484375,35.375
1364435,9880465,CI.WMF.EHZ,0,up,57.468841552734375,2.119140625,115.25
1364732,13931960,CI.TPO.EHZ,1,down,4.347501277923584,1.4501953125,61.875
1364763,14253156,CI.DVT.HHZ,0,up,4.7127509117126465,0.7998046875,8.75
1365904,10225801,CI.DVT.HHZ,0,up,4.198326110839844,1.2998046875,7.83984375
1365948,9154440,WR.PEC.EHZ,0,up,41.83552551269531,2.080078125,14.9375
1366107,15016068,AZ.LVA2.HHZ,1,down,5.582818031311035,0.75,56.875
1366351,14190924,CI.BAL.EHZ,0,up,6.1349663734436035,1.990234375,37.25
1366500,9821781,CI.MCT.HHZ,0,up,54.4248161315918,2.1796875,41.03125
1366540,9774769,CI.THC.EHZ,1,down,7.388591289520264,1.5400390625,32.03125
1366610,14622052,CI.SWS.HHZ,1,down,4.6445088386535645,2.33984375,36.6875
1366739,14174444,AZ.CRY.HHZ,0,up,6.315115451812744,0.9501953125,18.125
1366905,13914868,CI.MIR.EHZ,0,up,64.2182846069336,3.01953125,96.4375
1367353,9814089,CI.BAC.EHZ,0,up,58.58997344970703,1.8701171875,67.375
1367540,9696077,CI.LCG.HHZ,0,up,7.178035736083984,1.3603515625,5.5703125
1367991,10184941,AZ.RDM.HHZ,0,up,3.6188154220581055,1.51953125,65.6875
1368348,10922061,PB.B087.EHZ,0,up,379.13873291015625,2.060546875,12.609375
1368519,13978800,AZ.LVA2.HHZ,1,down,29.0162296295166,0.77978515625,16.0
1368644,14847884,AZ.FRD.HHZ,1,down,41.286861419677734,0.72021484375,13.671875
1368653,9691473,CI.CJV.EHZ,0,up,3.2638282775878906,1.5498046875,60.6875
1368762,9671925,CI.WHF.EHZ,1,down,137.96649169921875,2.4609375,57.125
1368773,9643373,CI.BAC.EHZ,1,down,12.263307571411133,1.7099609375,71.4375
1368970,15189185,AZ.MONP2.HHZ,1,down,11.492076873779297,1.2802734375,50.21875
1369048,10223837,CI.DRE.HHZ,0,up,7.504663944244385,0.7001953125,4.640625
1369104,11002413,CI.BEL.HHZ,0,up,29.94228172302246,1.2998046875,29.703125
1369509,14378196,AZ.LVA2.HHZ,1,down,6.5213303565979,0.3701171875,16.6875
1369516,10482237,CI.DNR.HHZ,0,up,18.415645599365234,0.9501953125,36.6875
1369589,10838037,AZ.WMC.HHZ,1,down,3.461226224899292,0.6201171875,8.328125
1369940,10353909,CI.HMT.EHZ,0,up,47.750343322753906,0.72998046875,23.3125
1370422,13974828,AZ.YAQ.HHZ,0,up,21.096878051757812,1.6298828125,28.390625
1370632,11408122,CI.PMD.HHZ,1,down,9.124585151672363,1.0400390625,26.703125
1370751,9714281,AZ.TRO.EHZ,1,down,15.365796089172363,1.58984375,10.9375
1371157,10992301,AZ.LVA2.HHZ,0,up,25.334190368652344,0.449951171875,19.484375
1371634,14213560,CI.TJR.EHZ,0,up,4.632070064544678,1.0498046875,58.8125
1371841,10767333,PB.B093.EHZ,1,down,5.29381799697876,0.35009765625,13.9296875
1372129,10326561,AZ.LVA2.HHZ,1,down,12.793209075927734,0.509765625,17.21875
1372755,9750265,CI.SGL.EHZ,1,down,28.935779571533203,1.849609375,55.96875
1372914,10255277,CI.ERR.HHZ,1,down,10.851035118103027,2.2109375,31.296875
1372990,10745701,PB.B086.EHZ,0,up,1.9184621572494507,0.6298828125,6.69140625
1373013,9169084,CI.RMR.EHZ,0,up,20.824474334716797,1.580078125,33.1875
1373123,15087412,PB.B093.EHZ,1,down,98.92656707763672,1.3095703125,20.59375
1373415,10098001,CI.RUN.EHZ,0,up,2.1397950649261475,2.109375,64.0625
1373643,14182096,AZ.SND.HHZ,1,down,10.106158256530762,0.580078125,9.2265625
1373898,14369088,PB.B084.EHZ,1,down,4.850423812866211,1.2900390625,77.4375
1373901,10791749,AZ.HWB.HHZ,1,down,69.56620788574219,2.48046875,70.6875
1373907,11027285,CI.SMW.HHZ,0,up,13.818641662597656,3.359375,112.625
1374005,13998244,AZ.LVA2.HHZ,0,up,15.872865676879883,0.489990234375,44.96875
1374095,10005057,CI.WCS.EHZ,1,down,14.9329252243042,0.300048828125,0.6201171875
1374114,14242460,CI.SRT.EHZ,0,up,14.706396102905273,1.2998046875,23.734375
1374408,14696220,ZY.MLDN.EHZ,1,down,20.99329376220703,2.490234375,63.15625
1375076,9724937,CI.BAC.EHZ,1,down,11.253458976745605,1.2099609375,40.0625
1375277,9908081,CI.RUS.HHZ,1,down,8.415382385253906,2.41015625,19.953125
1375673,10599189,CI.TEJ.EHZ,0,up,42.64811706542969,1.2802734375,18.1875
1375845,10863829,CI.JEM.HHZ,0,up,38.68705749511719,1.650390625,37.0
1375973,10751837,CI.WES.HHZ,0,up,11.117912292480469,3.119140625,79.6875
1375998,10326197,PB.B084.EHZ,0,up,8.755510330200195,0.7998046875,19.390625
1376003,10541597,AZ.KNW.HHZ,1,down,8.327930450439453,0.89013671875,37.875
1376111,13965908,CI.SRT.EHZ,0,up,221.84742736816406,2.849609375,26.5625
1376669,11422930,AZ.FRD.HHZ,0,up,10.23654842376709,0.81982421875,19.046875
1376999,9992801,CI.WVP.EHZ,1,down,25.454660415649414,1.650390625,49.65625
1377074,11344618,AZ.CRY.HHZ,1,down,6.434151649475098,1.0,69.375
1377349,14135272,CI.WWP.EHZ,0,up,102.78365325927734,1.41015625,42.5
1377519,10297065,CI.BTL.EHZ,1,down,3.075275421142578,1.08984375,29.625
1377754,15085356,AZ.PFO.HHZ,1,down,104.2674331665039,1.7001953125,27.515625
1377784,9662989,CI.WWP.EHZ,1,down,3.6688895225524902,1.740234375,41.09375
1377954,10495261,CI.CBK.EHZ,0,up,11.980463981628418,1.5595703125,77.8125
1378017,14522804,CI.WRV.EHZ,1,down,21.902372360229492,1.7802734375,43.375
1378246,9650349,CI.RAY.EHZ,1,down,6.5584893226623535,1.6904296875,28.875
1378394,10749069,CI.CRR.EHZ,0,up,24.280237197875977,1.8095703125,48.65625
1378870,7189487,CI.ERR.HHZ,0,up,34.9548454284668,2.30078125,15.78125
1378898,9719385,AZ.RDM.HHZ,0,up,11.054167747497559,1.4599609375,36.125
1379023,11087562,CI.PLM.HHZ,0,up,13.715683937072754,0.919921875,34.65625
1379069,10179969,CI.TPM.EHZ,1,down,5.499716758728027,1.4501953125,40.71875
1379242,15199369,EN.ENG.EHZ,1,down,22.76944351196289,1.58984375,15.40625
1379455,9138146,CI.WAS.EHZ,0,up,25.70591163635254,2.599609375,48.6875
1380482,14252312,CI.DJJ.HHZ,0,up,20.72381019592285,2.2109375,21.234375
1380966,11065661,CI.WRC.EHZ,0,up,21.89260482788086,0.66015625,15.109375
1381101,10786893,CI.PLM.HHZ,0,up,16.11914825439453,1.23046875,37.28125
1382087,14220668,AZ.FRD.HHZ,1,down,13.637260437011719,1.23046875,2.73046875
1382369,14171888,CI.BTL.EHZ,0,up,3.7178878784179688,2.16015625,52.5625
1382942,11411850,PB.B082.EHZ,0,up,12.54719066619873,0.60986328125,12.5390625
1383002,11008733,CI.LRL.HHZ,1,down,5.768517017364502,1.509765625,32.5
1383221,10263137,CI.RSB.HLZ,1,down,1.3824994564056396,1.2998046875,9.90625
1383600,9168194,CI.GRP.EHZ,0,up,19.12196159362793,1.7001953125,68.6875
1383668,10235677,CI.JCS.HHZ,0,up,7.740981578826904,1.25,31.609375
1384519,10479749,CI.RHC.EHZ,1,down,105.091064453125,2.580078125,21.328125
1384902,9150084,CI.COA.EHZ,1,down,6.219686031341553,2.189453125,57.625
1385224,14062900,CI.WNM.EHZ,0,up,19.200349807739258,2.009765625,83.4375
1385538,14607500,CI.SGL.EHZ,1,down,7.084188938140869,1.080078125,13.6875
1386172,11084306,CI.RMR.EHZ,0,up,18.5620059967041,1.08984375,13.78125
1386696,14121372,AZ.MONP.HHZ,0,up,23.432783126831055,1.51953125,17.953125
1386753,13966032,AZ.WMC.HHZ,0,up,4.533960819244385,1.900390625,67.0
1386845,12472552,CI.POB.EHZ,0,up,20.0821590423584,0.9501953125,10.703125
1386932,10043641,CI.WSH.EHZ,1,down,13.683374404907227,0.64990234375,47.875
1388295,11088826,CI.PMD.HHZ,1,down,23.00351333618164,1.8798828125,31.15625
1388414,14182040,CI.WMF.EHZ,0,up,5.854455947875977,0.5,11.703125
1388547,11049637,CI.SLR.HHZ,1,down,9.891956329345703,1.4599609375,14.0390625
1388603,14163112,CI.LJR.HHZ,0,up,16.28619956970215,1.08984375,10.28125
1388818,14994844,PB.B086.EHZ,1,down,1.6996463537216187,0.5400390625,29.09375
1389081,10726181,CI.TOR.HHZ,1,down,99.13760375976562,1.900390625,53.65625
1390195,13966432,CI.ERP.EHZ,1,down,27.598234176635742,2.130859375,24.234375
1390237,14146752,CI.WCS.EHZ,0,up,6.454044818878174,1.2001953125,9.171875
1390279,10755677,PB.B084.EHZ,1,down,23.377334594726562,1.580078125,56.125
1390299,9659021,CI.PSP.EHZ,0,up,13.45950698852539,2.2109375,28.453125
1390502,14067388,CI.SME.EHZ,0,up,13.853609085083008,1.5703125,30.765625
1390515,9936877,AZ.BZN.HHZ,0,up,4.177554130554199,0.68994140625,23.078125
1390750,14146956,CI.BTC.HHZ,0,up,55.78369903564453,4.05859375,94.5
1390798,12472476,CI.WSH.EHZ,0,up,9.288138389587402,1.2998046875,54.34375
1391483,10007901,AZ.CRY.HHZ,0,up,36.27062225341797,0.759765625,16.6875
1391530,9137395,CI.WBM.EHZ,0,up,3.12770676612854,1.3603515625,27.1875
1391695,14213164,CI.HMT.EHZ,0,up,7.144059181213379,0.7099609375,24.0625
1391712,9166921,CI.RMR.EHZ,0,up,9.056404113769531,1.9404296875,45.25
1392063,9999177,AZ.LVA2.HHZ,0,up,40.839908599853516,1.169921875,19.484375
1392136,9140679,CI.GRP.EHZ,1,down,24.039588928222656,1.8603515625,66.4375
1392371,9642033,CI.BBR.HHZ,0,up,2.325678586959839,1.91015625,40.5
1392703,11369522,CI.TOR.HHZ,1,down,34.348541259765625,1.6396484375,24.4375
1393339,10873645,CI.WRC.EHZ,0,up,5.312830448150635,0.56982421875,14.859375
1393614,11339466,CI.BLA2.HHZ,0,up,1.9472357034683228,0.89990234375,62.90625
1394166,10187169,CI.SME.EHZ,0,up,9.025400161743164,1.58984375,63.3125
1394245,14313432,PB.B087.EHZ,1,down,27.288543701171875,2.310546875,70.875
1395409,14387220,CI.DPP.HHZ,1,down,4.459564208984375,1.330078125,66.0625
1395695,10055261,CI.ISA.HHZ,0,up,14.610675811767578,1.580078125,73.375
1395954,14287828,CI.PLM.HHZ,0,up,30.440526962280273,1.26953125,46.25
1396221,10370761,CI.BBR.HHZ,0,up,2.5042989253997803,1.08984375,37.375
1396301,10357505,CI.SME.EHZ,1,down,4.490076065063477,0.9599609375,56.46875
1397118,10100197,CI.SGL.EHZ,0,up,8.681527137756348,1.8203125,47.125
1397663,10200393,CI.BAT.EHZ,1,down,3.2103395462036133,1.240234375,30.65625
1397771,9857141,CI.SS2.EHZ,0,up,13.32117748260498,1.4697265625,40.28125
1398683,10365745,AZ.HWB.HHZ,0,up,24.965280532836914,2.19921875,64.1875
1398855,11416194,AZ.KNW.HHZ,1,down,7.253245830535889,0.31005859375,32.09375
1399351,11329754,PB.B082.EHZ,1,down,15.22142219543457,0.509765625,15.203125
1399362,10994005,PB.B081.EHZ,1,down,10.201590538024902,0.64990234375,3.4296875
1399469,9856161,CI.CLC.HHZ,1,down,10.786917686462402,0.7001953125,41.0
1399583,9164161,CI.RAY.EHZ,1,down,3.7943115234375,1.2001953125,17.09375
1400074,14346000,EN.ENG.EHZ,0,up,9.299515724182129,0.89990234375,7.328125
1400208,10486989,CI.SUN.EHZ,0,up,12.121011734008789,1.5498046875,37.5
1400433,11415178,CI.CBK.EHZ,0,up,18.762683868408203,1.1103515625,9.921875
1400440,14073112,CI.LFP.HHZ,0,up,8.193818092346191,1.4296875,3.529296875
1400831,9880533,CI.BBR.HHZ,0,up,18.053651809692383,2.3203125,50.59375
1400834,14931596,PB.B084.EHZ,1,down,114.54547882080078,1.349609375,15.296875
1401037,10397289,CI.CBK.EHZ,1,down,7.7447590827941895,2.1796875,88.3125
1401482,10169334,CI.SWS.HHZ,1,down,6.922585964202881,3.05078125,31.984375
1402031,9677613,CI.ISA.HHZ,1,down,7.47139835357666,0.85986328125,65.0625
1402266,14395004,CI.SMR.HHZ,1,down,16.979793548583984,2.16015625,74.5625
1402390,10284289,CI.BBR.HHZ,1,down,4.20823860168457,1.8701171875,27.609375
1402531,9745753,CI.RMM.EHZ,1,down,154.51596069335938,3.150390625,24.015625
1402799,13339436,AZ.BZN.HHZ,0,up,5.864747047424316,0.89990234375,10.15625
1403154,13994636,CI.COK.EHZ,0,up,5.215273380279541,1.599609375,19.953125
1403320,14208332,AZ.CRY.HHZ,0,up,6.609407901763916,0.81982421875,9.0234375
1403859,9636377,CI.WWP.EHZ,0,up,15.573195457458496,1.7197265625,44.40625
1404178,10247785,CI.SPF.HHZ,1,down,49.317955017089844,1.5302734375,31.890625
1404241,10759269,CI.DGR.HHZ,0,up,3.8479371070861816,0.91015625,55.09375
1404540,9830629,AZ.FRD.HHZ,1,down,36.047119140625,1.669921875,30.578125
1405062,10399041,CI.LDR.HHZ,0,up,101.13148498535156,1.2998046875,6.37109375
1405079,14181716,CI.RXH.HHZ,1,down,12.246684074401855,1.76953125,0.509765625
1405275,9171779,CI.IKP.EHZ,1,down,80.7685775756836,3.009765625,93.9375
1405358,9996329,CI.WSH.EHZ,1,down,23.832332611083984,1.599609375,38.40625
1405607,11421962,PG.EC.EHZ,0,up,32.793399810791016,1.4599609375,17.296875
1405647,14153020,CI.PLM.HHZ,0,up,21.755582809448242,1.509765625,34.78125
1405726,11024845,PB.B916.EHZ,1,down,28.80538558959961,1.3203125,25.015625
1405853,9674585,CI.WHF.EHZ,1,down,12.414891242980957,2.490234375,57.0625
1405866,11023613,AZ.PFO.HHZ,0,up,7.503357887268066,0.56982421875,21.640625
1405958,10719917,CI.TPM.EHZ,0,up,19.178091049194336,1.98046875,80.125
1406039,9170284,CI.TEJ.EHZ,1,down,232.24331665039062,2.890625,51.84375
1406065,14500844,CI.HMT.EHZ,1,down,9.179636001586914,1.51953125,40.3125
1406287,11333618,CI.LRL.HHZ,0,up,13.022710800170898,2.369140625,74.0
1406479,13937692,CI.SLR.HHZ,1,down,7.285974502563477,1.3798828125,53.125
1406723,10318001,ZY.SHF2.HHZ,0,up,4.962446689605713,1.169921875,46.875
1407235,10296529,CI.FRK.EHZ,1,down,6.38181209564209,1.650390625,46.625
1407367,14980780,CI.SRN.HHZ,1,down,26.691425323486328,1.75,23.6875
1407815,10767925,CI.HMT.EHZ,0,up,10.145483016967773,1.4404296875,65.625
1408147,10080153,WR.PYR.EHZ,0,up,4.4123311042785645,2.30078125,85.375
1408193,10542949,EN.LIN.EHZ,0,up,1.527665138244629,0.39990234375,7.19140625
1408390,11396346,AZ.CRY.HHZ,1,down,4.529576778411865,0.4599609375,24.59375
1408695,10532957,PB.B086.EHZ,1,down,16.87770652770996,1.7001953125,65.6875
1408793,14155844,AZ.SND.HHZ,1,down,18.578022003173828,1.9296875,67.125
1408883,14003100,CI.DJJ.HHZ,1,down,43.460391998291016,1.4404296875,7.640625
1410266,14285000,AZ.WMC.HHZ,0,up,6.7239580154418945,0.580078125,9.6015625
1410378,14395528,CI.TOR.HHZ,1,down,3.8921542167663574,1.7197265625,71.3125
1410444,9157461,CI.SKY.EHZ,0,up,9.670136451721191,1.599609375,50.40625
1411354,10406081,PB.B084.EHZ,0,up,14.09605884552002,1.16015625,26.484375
1411419,10891517,CI.NSS2.HHZ,0,up,13.614645957946777,3.619140625,83.5625
1411666,10992341,CI.WWC.HHZ,0,up,143.90513610839844,2.41015625,52.34375
1411673,14240688,AZ.BZN.HHZ,0,up,40.12691116333008,1.169921875,20.421875
1411826,9666633,CI.SRT.EHZ,0,up,5.081083297729492,1.7099609375,52.65625
1412104,9719853,AZ.KNW.HHZ,0,up,20.141660690307617,0.93017578125,31.796875
1412381,10260669,PB.B082.EHZ,1,down,5.970129013061523,0.89990234375,34.125
1412679,10288569,PB.B082.EHZ,1,down,9.5045747756958,0.489990234375,16.546875
1413484,9157827,CI.MAR.EHZ,0,up,9.529352188110352,2.109375,72.25
1413598,10763493,CI.SLA.HHZ,1,down,5.165961265563965,0.85986328125,8.5234375
1413608,10093985,CI.SDR.HHZ,0,up,2.5910804271698,1.1904296875,65.0
1413772,10759613,CI.HMT.EHZ,0,up,9.32208251953125,0.72998046875,5.8203125
1413835,9882797,CI.WHF.EHZ,0,up,14.546046257019043,1.3798828125,51.46875
1414004,14085896,CI.SIL.EHZ,1,down,6.737875938415527,0.8798828125,4.41015625
1414905,10784301,CI.MSC.HHZ,0,up,4.9594407081604,0.72998046875,48.84375
1414930,10256833,PB.B084.EHZ,0,up,12.835762977600098,0.580078125,13.2265625
1416002,14379604,AZ.LVA2.HHZ,1,down,68.79214477539062,2.119140625,84.8125
1416085,15080164,AZ.WMC.HHZ,1,down,2.8944473266601562,0.419921875,6.37890625
1416221,11598264,CI.BTL.EHZ,0,up,5.407373428344727,1.7998046875,17.53125
1416228,10964829,CI.SWS.HHZ,1,down,54.59075164794922,3.080078125,28.796875
1416446,3322161,CI.RMM.EHZ,1,down,11.222890853881836,1.400390625,30.90625
1416464,9137547,CI.POB.EHZ,0,up,6.206054210662842,0.89990234375,11.5078125
1416596,9728285,CI.LGU.HHZ,1,down,8.054344177246094,2.259765625,36.0625
1416879,11250642,CI.MWC.HHZ,0,up,402.22113037109375,1.5,30.03125
1416931,11068765,AZ.FRD.HHZ,1,down,13.708473205566406,0.64990234375,23.578125
1417371,10347549,CI.DNR.HHZ,0,up,6.485978126525879,0.419921875,24.421875
1417385,9710157,CI.SME.EHZ,0,up,80.7406997680664,1.900390625,47.75
1417541,14197892,AZ.RDM.HHZ,1,down,151.41452026367188,2.0390625,62.6875
1417688,15178497,CI.POB.EHZ,1,down,9.92505931854248,1.0,27.875
1417787,11558756,CI.BBR.HHZ,0,up,20.79474449157715,1.830078125,3.259765625
1418163,9707025,CI.WRV.EHZ,1,down,18.66010284423828,1.2802734375,0.3798828125
1418438,13994432,CI.MDA.EHZ,0,up,5.4393110275268555,1.400390625,3.740234375
1418713,10798253,CI.JRC2.HHZ,0,up,32.01426315307617,0.300048828125,6.48046875
1418795,14155760,CI.BBR.HHZ,1,down,36.53184127807617,2.380859375,24.15625
1418853,11279138,CI.BAR.HHZ,0,up,38.56929016113281,1.7802734375,69.6875
1419085,9996221,CI.WNM.EHZ,1,down,9.148412704467773,1.2001953125,44.71875
1419569,15164249,CI.MSC.HHZ,1,down,571.2240600585938,2.2890625,31.234375
1419846,14042160,CI.WLH.EHZ,0,up,25.021665573120117,1.2998046875,15.140625
1419963,10636557,ZY.WAGN.EHZ,0,up,2.550694227218628,1.08984375,13.71875
1420132,14049940,CI.AGA.HHZ,1,down,43.98590850830078,2.69921875,76.375
1420135,10840421,CI.BAR.HHZ,1,down,68.96296691894531,2.060546875,89.0
1420223,10491005,CI.WMF.EHZ,0,up,4.909434795379639,1.16015625,41.78125
1420420,9884181,CI.HMT.EHZ,0,up,31.730871200561523,1.4501953125,4.76953125
1420465,14083584,AZ.SND.HHZ,0,up,13.670342445373535,1.099609375,18.6875
1420493,14349364,CI.COA.EHZ,1,down,17.33026885986328,2.640625,50.6875
1420832,10727405,PB.B087.EHZ,1,down,4.459996700286865,1.23046875,61.3125
1421045,10925925,CI.BBR.HHZ,0,up,4.951412200927734,1.650390625,79.25
1421113,9641365,CI.BTL.EHZ,1,down,3.6731839179992676,1.76953125,54.78125
1421199,9148592,CI.PSP.EHZ,0,up,23.874561309814453,3.33984375,109.875
1421738,9676537,CI.XMS.EHZ,0,up,32.148101806640625,2.650390625,73.5625
1421872,14198324,AZ.HWB.HHZ,0,up,4.110766887664795,1.4697265625,85.875
1421958,9677913,CI.WHF.EHZ,0,up,7.061471462249756,0.9599609375,49.0
1422232,14548788,NP.5062.HLZ,1,down,7.394357204437256,0.39990234375,1.6904296875
1422247,14238988,CI.BLK.EHZ,0,up,214.8216094970703,2.75,30.09375
1422799,14180088,AZ.FRD.HHZ,0,up,6.221260070800781,1.919921875,95.875
1422865,10081261,CI.JCS.HHZ,0,up,6.05313777923584,1.7001953125,37.0
1423449,13910220,CI.BBR.HHZ,0,up,8.370152473449707,1.2001953125,11.3984375
1423538,14342400,CI.LUC.EHZ,1,down,1.7924950122833252,1.1298828125,52.78125
1424226,14346700,AZ.SND.HHZ,1,down,3.306142807006836,0.360107421875,11.1015625
1424625,10768333,CI.BTP.HHZ,1,down,11.776346206665039,1.919921875,46.3125
1424648,13930508,CI.MPM.HHZ,0,up,28.23552131652832,1.599609375,45.75
1425097,9969441,AZ.BZN.HHZ,0,up,2.9984138011932373,0.60009765625,30.453125
1425233,11129882,BC.CPX.HHZ,1,down,108.95533752441406,3.44921875,22.3125
1425326,14252672,AZ.PFO.HHZ,1,down,25.966032028198242,1.1298828125,13.0625
1425633,10964533,NN.MCA.EHZ,1,down,39.292503356933594,2.240234375,90.0625
1425733,12459664,AZ.BZN.HHZ,0,up,2.5853359699249268,1.400390625,51.1875
1426065,14138352,AZ.LVA2.HHZ,1,down,7.564717769622803,1.259765625,43.40625
1426112,10672069,ZY.PNTO.EHZ,0,up,10.88428020477295,1.900390625,23.234375
1426174,14324784,ZY.SHF7.HHZ,0,up,2.0761637687683105,1.41015625,14.96875
1426767,10749109,CI.SGL.EHZ,0,up,5.171240329742432,1.8701171875,20.390625
1427526,10658205,ZY.USG.EHZ,1,down,23.73233413696289,1.669921875,7.87890625
1427815,10329673,CI.POB.EHZ,1,down,12.204276084899902,1.4501953125,40.4375
1428096,10258721,CI.GRP.EHZ,0,up,5.388681888580322,1.1396484375,65.0
1428170,14277072,CI.BAC.EHZ,0,up,5.166594982147217,1.3203125,87.375
1428355,9975549,CI.PLS.HHZ,1,down,16.739093780517578,2.150390625,19.125
1428558,11364994,CI.TOR.HHZ,0,up,8.22603988647461,0.75,22.09375
1428798,10215681,CI.BAT.EHZ,1,down,6.6271586418151855,1.8603515625,68.6875
1429135,11025229,CI.WES.HHZ,0,up,1.3940050601959229,0.97998046875,23.71875
1429185,11362042,CI.SCZ2.HHZ,0,up,21.026641845703125,2.439453125,29.5625
1429241,10923429,CI.LEO.EHZ,1,down,28.547245025634766,1.6103515625,48.9375
1429515,10724525,AZ.FRD.HHZ,0,up,2.5492987632751465,0.31005859375,26.953125
1429516,10048077,CI.BOR.HHZ,1,down,10.224197387695312,0.429931640625,26.859375
1430598,14288900,AZ.FRD.HHZ,0,up,5.143836498260498,1.25,53.1875
1430731,10368669,CI.SIL.EHZ,1,down,15.31501293182373,1.650390625,40.5625
1430900,15158633,PB.B087.EHZ,1,down,6.077131748199463,1.51953125,16.796875
1430907,14287180,CI.WES.HHZ,0,up,4.3476033210754395,1.509765625,30.953125
1431001,11368114,AZ.BZN.HHZ,0,up,35.35215759277344,1.830078125,10.75
1431179,11282082,CI.WCH.EHZ,0,up,3.950434923171997,1.3798828125,80.25
1431506,9637053,CI.WNM.EHZ,0,up,6.082327365875244,1.740234375,32.03125
1431575,10990165,AZ.PFO.HHZ,1,down,16.016523361206055,1.0,37.125
1432066,9709725,CI.TAB.EHZ,1,down,2.1250956058502197,1.8603515625,23.1875
1432071,14091820,CI.MLAC.HHZ,1,down,3.699547052383423,2.51953125,45.8125
1432356,14473424,EN.RED.EHZ,1,down,14.766529083251953,0.60009765625,4.71875
1432413,10724429,CI.SGL.EHZ,0,up,10.728506088256836,1.0400390625,9.3828125
1432729,14240188,CI.ISA.HHZ,1,down,270.27410888671875,3.029296875,68.8125
1432774,10602405,ZY.WAGN.EHZ,0,up,36.258628845214844,3.0390625,67.4375
1433498,9807405,CI.VCS.HHZ,1,down,30.018836975097656,2.740234375,56.5625
1433608,11083658,AZ.WMC.HHZ,0,up,5.3853440284729,0.8701171875,19.3125
1433685,14131916,CI.JCS.HHZ,0,up,9.368547439575195,1.2900390625,33.34375
1434145,13139428,AZ.PFO.HHZ,1,down,3.5768826007843018,1.58984375,77.4375
1434519,14007808,AZ.BZN.HHZ,0,up,2.5421507358551025,0.77978515625,26.65625
1435538,10545957,EN.ELM.EHZ,1,down,6.164027214050293,1.26953125,4.26953125
1435753,9747397,CI.YUH.EHZ,1,down,230.08868408203125,3.109375,85.25
1436018,14159612,WR.PYR.EHZ,0,up,7.210995197296143,1.2197265625,24.265625
1436061,9634037,CI.PLM.HHZ,0,up,57.14584732055664,2.189453125,39.6875
1436336,11208730,CI.WNM.EHZ,1,down,24.93225860595703,0.97998046875,5.62890625
1436564,11275386,CI.WRC.EHZ,1,down,97.2236099243164,1.76953125,17.265625
1436980,10835581,CI.SGL.EHZ,0,up,10.266613006591797,1.58984375,21.625
1437153,9711165,CI.WNM.EHZ,0,up,10.157201766967773,1.1201171875,16.578125
1437215,10723469,CI.SWS.HHZ,1,down,5.8964009284973145,1.4404296875,29.78125
1437754,10700645,CI.WSH.EHZ,1,down,30.706890106201172,1.9404296875,28.234375
1437755,10297549,PB.B082.EHZ,1,down,9.147614479064941,0.66015625,12.03125
1437947,14163732,CI.DTP.EHZ,0,up,41.76822280883789,1.2998046875,29.40625
1438051,11277346,CI.BAR.HHZ,1,down,20.560243606567383,1.349609375,48.875
1438086,9943081,CI.ERP.EHZ,1,down,7.5262908935546875,1.5,14.6796875
1438650,9613609,CI.DTP.EHZ,0,up,13.37641716003418,1.8603515625,66.1875
1438696,10218365,CI.TPO.EHZ,1,down,29.2980899810791,1.3203125,43.28125
1438797,10226777,CI.CBK.EHZ,0,up,15.872194290161133,1.0400390625,11.5
1438806,9138147,CI.WNM.EHZ,1,down,6.524301528930664,1.330078125,14.1171875
1438918,14772452,CI.SGL.EHZ,1,down,8.988030433654785,1.41015625,18.9375
1439402,10457109,AZ.SND.HHZ,0,up,11.37540054321289,1.1103515625,29.296875
1440015,14186520,CI.WRC.EHZ,1,down,14.560571670532227,0.9599609375,17.8125
1440277,11368586,CI.WBS.HHZ,0,up,6.342207908630371,1.9501953125,36.03125
1440405,10824653,CI.CRR.EHZ,0,up,8.949625968933105,1.25,29.90625
1440938,9693061,CI.WHF.EHZ,0,up,25.956972122192383,2.150390625,47.375
1441457,11377930,CI.ERR.HHZ,0,up,3.312793731689453,1.3896484375,16.96875
1441856,14069384,AZ.PFO.HHZ,0,up,20.375503540039062,1.26953125,23.921875
1442339,14007172,AZ.CRY.HHZ,0,up,19.233482360839844,0.83984375,80.5
1442439,14057648,CI.GOR.HHZ,1,down,6.04044246673584,2.23046875,51.875
1442453,9734193,CI.WCH.EHZ,0,up,2.0667104721069336,1.0498046875,24.484375
1443381,10259317,AZ.WMC.HHZ,0,up,7.031795978546143,0.759765625,12.8671875
1443575,11410514,NC.MDPB.HHZ,0,up,46.87703323364258,2.900390625,26.3125
1443626,14981756,CI.WRC.EHZ,1,down,77.0632095336914,0.56982421875,3.630859375
1443846,13692316,CI.POB.EHZ,0,up,8.997628211975098,0.6201171875,21.65625
1444238,10081737,AZ.FRD.HHZ,1,down,4.242846965789795,1.5400390625,74.25
1444403,9916357,CI.WI2.EHZ,1,down,28.198545455932617,1.8896484375,10.5390625
1444432,10658877,ZY.WAGN.EHZ,0,up,92.56543731689453,1.3701171875,15.1328125
1444604,11208242,CI.PSD.HHZ,1,down,31.193538665771484,2.919921875,41.1875
1445157,9709213,CI.LUG.HHZ,0,up,66.87638092041016,2.7890625,73.9375
1445161,10287461,SB.GVDA.HLZ,0,up,2.0149734020233154,0.77001953125,11.3828125
1445307,10497381,CI.JVA.HHZ,0,up,2.87148118019104,1.58984375,71.375
1445511,14386080,CI.TEH.HHZ,1,down,233.38414001464844,1.6103515625,29.296875
1445551,10167293,CI.BLK.EHZ,0,up,4.9987406730651855,1.9296875,104.625
1446119,9719569,CI.OLY.EHZ,0,up,31.944599151611328,2.099609375,57.375
1446541,9908973,CI.BLA.HHZ,0,up,4.81133508682251,1.4501953125,40.25
1446550,10047529,CI.WRV.EHZ,0,up,5.634485721588135,0.7998046875,3.380859375
1447224,11286386,CI.IPT.HHZ,1,down,3.2723960876464844,1.33984375,21.296875
1447423,14062920,CI.BTP.HHZ,1,down,41.707984924316406,2.509765625,55.0
1447454,10024661,CI.WVP.EHZ,0,up,4.036386966705322,0.39990234375,7.890625
1447787,14441240,PB.B082.EHZ,1,down,24.772247314453125,1.5498046875,83.6875
1447972,15158969,PB.B900.EHZ,1,down,13.440543174743652,1.2900390625,28.4375
1448081,11345978,AZ.LVA2.HHZ,0,up,15.753101348876953,0.97021484375,21.125
1448172,10035285,CI.ABL.EHZ,0,up,7.523289680480957,1.0,41.625
1448282,10369217,CI.RAG.EHZ,0,up,66.32648468017578,1.990234375,28.546875
1448354,10782797,AZ.KNW.HHZ,1,down,3.890902519226074,0.77978515625,54.1875
1448358,9883153,CI.EML.HHZ,1,down,49.17422866821289,1.349609375,25.40625
1448979,10185657,CI.MUR.HHZ,1,down,2.159771680831909,1.349609375,36.59375
1449155,11083226,EN.OBS.EHZ,0,up,6.2791218757629395,0.5,2.849609375
1449231,11084994,CI.BFS.HHZ,0,up,14.161375045776367,1.83984375,24.34375
1449744,15138593,EN.ELM.EHZ,1,down,33.58890914916992,1.419921875,1.0703125
1449842,14118936,CI.HMT.EHZ,0,up,4.605668544769287,1.099609375,40.875
1449871,14594684,AZ.KNW.HHZ,1,down,3.79301118850708,0.580078125,35.78125
1449917,10048197,AZ.KNW.HHZ,1,down,23.44491958618164,1.0,32.21875
1450315,11090282,CI.TOR.HHZ,1,down,12.343973159790039,1.1201171875,31.90625
1450351,14172396,AZ.PFO.HHZ,0,up,4.103280067443848,0.93994140625,67.9375
1450822,11385794,CI.POB.EHZ,1,down,25.380516052246094,1.1298828125,25.390625
1451202,14023892,CI.WWP.EHZ,1,down,52.168819427490234,1.6796875,28.65625
1451255,14218096,AZ.CRY.HHZ,1,down,4.675022602081299,0.740234375,11.7265625
1451289,14159424,CI.BAC.EHZ,0,up,6.943868637084961,0.81005859375,28.8125
1451990,12823428,CI.SS2.EHZ,0,up,4.398410797119141,2.009765625,98.5625
1453054,10491589,CI.COK.EHZ,1,down,61.305335998535156,3.2890625,21.765625
1453079,9149060,CI.WRV.EHZ,0,up,198.47064208984375,1.099609375,0.89013671875
1453490,11376474,CI.WOF.EHZ,0,up,7.80900764465332,1.5,26.4375
1453593,14263060,AZ.KNW.HHZ,1,down,34.152957916259766,0.72021484375,16.53125
1454172,9654517,CI.GAV.EHZ,0,up,6.329681873321533,1.5498046875,5.87890625
1454222,12371456,CI.EML.HHZ,0,up,58.81531524658203,2.009765625,85.8125
1454665,14332460,CI.CBK.EHZ,0,up,13.90957260131836,1.5,66.5625
1454702,14085980,CI.WRC.EHZ,0,up,5.775064945220947,0.64990234375,14.8515625
1454817,9156757,CI.WWP.EHZ,0,up,11.400260925292969,2.609375,65.1875
1455524,14333448,CI.LDR.HHZ,1,down,4.493205547332764,1.7197265625,91.375
1455660,10488317,CI.ERR.HHZ,0,up,5.086124420166016,0.990234375,16.46875
1455661,10869741,CI.WWP.EHZ,0,up,1.761415719985962,0.340087890625,41.28125
1456081,10864605,CI.JEM.HHZ,1,down,7.690951347351074,2.0,25.421875
1458746,10930365,CI.BOR.HHZ,1,down,5.394768714904785,0.509765625,26.296875
1459239,11282162,PB.B087.EHZ,0,up,84.26146697998047,1.669921875,42.90625
1459632,9886825,AZ.BZN.HHZ,0,up,10.440034866333008,0.93017578125,26.796875
1459822,10166973,CI.PER.HHZ,1,down,7.053709506988525,2.060546875,11.9296875
1460165,9696461,CI.BLK.EHZ,1,down,93.32537078857422,3.05078125,116.1875
1460191,9165554,CI.OLY.EHZ,0,up,4.725534439086914,1.400390625,56.1875
1460419,15016588,CI.WSH.EHZ,1,down,44.99219512939453,1.41015625,44.1875
1460632,14190980,CI.VVD.EHZ,1,down,8.849918365478516,2.060546875,21.609375
1461016,11339314,PB.B087.EHZ,1,down,9.45927906036377,1.080078125,70.0
1461229,11326954,CI.PMD.HHZ,1,down,4.104238033294678,0.8701171875,39.125
1461410,10321677,AZ.FRD.HHZ,0,up,27.557382583618164,0.56005859375,8.6484375
1461473,14169664,CI.ISA.HHZ,1,down,5.710359573364258,1.7197265625,65.25
1461673,9692817,CI.TPM.EHZ,1,down,87.69087982177734,2.19921875,22.890625
1462549,14216544,AZ.LVA2.HHZ,1,down,468.3979187011719,3.529296875,107.0625
1462722,10379241,PB.B093.EHZ,0,up,123.19242858886719,0.93017578125,10.8671875
1462766,10227681,CI.JNH.EHZ,1,down,16.196683883666992,1.7001953125,113.3125
1462901,15160057,CI.JEM.HHZ,1,down,1.8309224843978882,0.300048828125,50.1875
1463261,10352709,PB.B087.EHZ,0,up,11.122496604919434,0.81982421875,16.5625
1463603,14858716,CI.IBP.HHZ,1,down,94.61278533935547,2.939453125,80.1875
1463655,15185889,CI.ARV.HHZ,1,down,1.826200246810913,1.900390625,87.75
1464833,13939136,CI.BEL.HHZ,0,up,15.1481294631958,2.16015625,85.75
1465397,9687273,CI.WRV.EHZ,0,up,39.932090759277344,1.599609375,3.279296875
1465467,10186533,AZ.SND.HHZ,0,up,302.4653625488281,2.640625,56.4375
1466587,14387776,CI.CTW.EHZ,1,down,1.7612833976745605,1.01953125,56.0625
1466802,12456896,CI.WES.HHZ,1,down,3.7530176639556885,2.26953125,61.8125
1467149,14332108,AZ.PFO.HHZ,1,down,10.13757610321045,1.0302734375,23.53125
1467318,14096040,CI.WOF.EHZ,1,down,138.7506561279297,1.6796875,18.3125
1467321,10529501,NP.5062.HLZ,0,up,7.972692489624023,0.7998046875,0.60986328125
1468082,9172157,CI.SME.EHZ,0,up,3.360944986343384,1.5595703125,31.640625
1468343,9158917,CI.GTM.EHZ,1,down,13.355354309082031,2.26953125,28.953125
1468605,11369106,CI.PASC.HHZ,0,up,3.1468405723571777,1.2900390625,12.328125
1468753,14381552,AZ.WMC.HHZ,1,down,2.0021250247955322,0.68994140625,12.25
1468841,10227953,CI.SNR.EHZ,1,down,4.982189655303955,1.5595703125,39.125
1469504,11410450,CI.PLM.HHZ,1,down,51.000247955322266,1.2099609375,28.109375
1469545,10189250,AZ.LVA2.HHZ,0,up,3.9691405296325684,3.240234375,99.125
1469546,14026044,AZ.RDM.HHZ,1,down,3.568214178085327,1.0400390625,9.78125
1469845,9682609,CI.TEH.HHZ,0,up,70.89920043945312,1.4599609375,22.328125
1469847,11411562,CI.GSC.HHZ,1,down,61.62746047973633,2.5703125,39.25
1470032,10257201,CI.MUR.HHZ,0,up,4.08035945892334,1.0595703125,6.140625
1470741,10905149,CI.CBK.EHZ,0,up,106.36616516113281,3.109375,65.0625
1471659,9164964,CI.SWS.HHZ,0,up,58.14683532714844,2.880859375,64.875
1471812,11374162,PB.B081.EHZ,0,up,16.36649513244629,1.0302734375,68.0
1472276,10365745,AZ.LVA2.HHZ,0,up,180.17001342773438,2.19921875,13.7109375
1472291,14085720,CI.HDB.EHZ,0,up,7.197848796844482,1.599609375,14.4296875
1472633,9983461,CI.GRP.EHZ,1,down,18.26055908203125,2.099609375,63.5
1473050,10081721,CI.CBK.EHZ,0,up,9.58543586730957,1.6201171875,35.8125
1473317,9826565,CI.WMF.EHZ,1,down,88.76986694335938,0.97998046875,8.2890625
1473653,10367517,CI.SGL.EHZ,0,up,42.427154541015625,2.26953125,23.71875
1473789,14419804,CI.POB.EHZ,1,down,14.796464920043945,1.009765625,32.65625
1474101,10056469,CI.HYS.EHZ,1,down,5.957421779632568,1.7197265625,88.25
1474306,9873749,AZ.PFO.HHZ,1,down,5.596637725830078,1.4404296875,45.375
1474344,14077176,CI.MPM.HHZ,0,up,32.58629608154297,0.60009765625,11.9609375
1474504,9757333,CI.POB.EHZ,1,down,48.52074432373047,1.0498046875,8.8984375
1474930,10010389,CI.SGL.EHZ,0,up,10.168021202087402,1.9501953125,43.3125
1475057,11089146,CI.TPC.EHZ,1,down,218.19122314453125,2.810546875,29.765625
1475584,11368114,CI.BAT.EHZ,1,down,3.526289224624634,1.830078125,67.375
1475677,10149481,CI.LLS.HHZ,1,down,6.082014560699463,3.109375,58.1875
1475862,9665753,CI.MPM.HHZ,0,up,590.8136596679688,1.48046875,9.5234375
1475883,9990461,AZ.RDM.HHZ,0,up,4.4769606590271,0.449951171875,28.484375
1476187,9153349,CI.LRL.HHZ,0,up,15.8990478515625,3.060546875,33.53125
1476246,9696709,CI.WLH.EHZ,1,down,48.798099517822266,1.5400390625,46.84375
1476675,9698445,CI.WVP.EHZ,0,up,42.73379898071289,1.099609375,6.69921875
1477438,10356333,CI.BOR.HHZ,1,down,6.203791618347168,0.9599609375,24.8125
1477477,10780325,CI.SS2.EHZ,1,down,4.828360080718994,1.1396484375,36.09375
1477571,10370757,AZ.PFO.HHZ,0,up,12.141959190368652,1.6298828125,79.25
1477989,11415810,CI.WHF.EHZ,0,up,80.56110382080078,1.349609375,8.6015625
1478556,9704737,CI.CRG.EHZ,1,down,23.724912643432617,1.990234375,43.15625
1478566,10380869,AZ.KNW.HHZ,1,down,7.289951801300049,0.56982421875,54.125
1478604,10741661,EN.RED.EHZ,1,down,18.456602096557617,1.7802734375,16.296875
1478698,9679449,CI.WHF.EHZ,1,down,11.942373275756836,1.0,54.84375
1478792,14254624,AZ.CRY.HHZ,1,down,8.278571128845215,1.2900390625,60.125
1478842,10062429,CI.POB.EHZ,0,up,6.5668110847473145,0.64990234375,13.6875
1479715,10766285,CI.LEO.EHZ,1,down,14.175312995910645,1.75,66.875
1480035,14068852,CI.HDB.EHZ,1,down,5.019272804260254,1.400390625,30.84375
1480333,10283169,CI.BLA.HHZ,1,down,28.064828872680664,1.9501953125,52.96875
1480388,9666305,CI.WNM.EHZ,0,up,17.96658706665039,0.7001953125,13.1484375
1480456,10497893,PB.B093.EHZ,0,up,28.579099655151367,1.01953125,27.515625
1480914,11386002,CI.GLA.HHZ,0,up,8.175057411193848,1.5498046875,78.125
1480959,14335992,CI.GOR.HHZ,0,up,12.368054389953613,1.9599609375,80.875
1481286,10235141,CI.PMD.HHZ,0,up,6.854605674743652,1.3798828125,34.46875
1481582,14073852,CI.WSS.HHZ,0,up,1.9953728914260864,1.4501953125,18.78125
1481898,15180449,CI.TA2.HHZ,1,down,7.860746383666992,1.150390625,22.296875
1482138,9734661,CI.AGA.HHZ,0,up,5.493227958679199,0.81982421875,41.8125
1482214,10775341,PB.B084.EHZ,0,up,7.064702033996582,1.4296875,106.9375
1482519,10483981,CI.HMT.EHZ,0,up,6.550177097320557,0.919921875,47.4375
1482565,14220272,AZ.WMC.HHZ,0,up,26.978313446044922,1.150390625,18.828125
1482693,10202517,CI.SRT.EHZ,0,up,5.314878940582275,1.4296875,50.25
1482727,14435720,CI.BAT.EHZ,1,down,14.350944519042969,1.91015625,21.8125
1482870,15083988,NP.5402.EHZ,1,down,15.929794311523438,2.720703125,19.25
1483577,11088282,AZ.HWB.HHZ,0,up,192.60641479492188,1.830078125,48.0625
1484112,14383940,AZ.LVA2.HHZ,1,down,100.55101013183594,2.23046875,73.625
1484457,10179209,CI.BOR.HHZ,1,down,9.190590858459473,1.6396484375,28.9375
1484546,10527629,EN.YOU.EHZ,0,up,8.211824417114258,0.5,5.62890625
1484737,9720453,CI.WRV.EHZ,1,down,4.741666793823242,1.849609375,26.375
1485263,14131952,CI.BLK.EHZ,0,up,33.150856018066406,2.779296875,104.0
1485852,10353557,SB.WLA.HLZ,0,up,9.898658752441406,2.169921875,17.125
1485927,9797253,CI.GRP.EHZ,0,up,18.990856170654297,1.9404296875,66.4375
1485968,11386914,PG.BL.EHZ,1,down,58.69771194458008,1.4296875,13.296875
1486259,9168030,CI.TOW.EHZ,0,up,2.9711384773254395,1.400390625,22.84375
1486631,13966284,CI.CRR.EHZ,0,up,7.57615852355957,2.130859375,38.65625
1487057,9143711,CI.RAG.EHZ,1,down,15.148576736450195,2.44921875,30.890625
1487062,10786549,CI.ERP.EHZ,0,up,6.498897075653076,0.58984375,12.546875
1487140,14384536,AZ.WMC.HHZ,1,down,13.457146644592285,1.9501953125,110.75
1487282,11276202,PB.B081.EHZ,1,down,56.21134948730469,1.919921875,44.75
1487283,11284282,PB.B093.EHZ,0,up,50.894859313964844,1.490234375,31.46875
1487387,14074008,CI.WMF.EHZ,0,up,15.830652236938477,0.740234375,21.203125
1487435,10167429,CI.MIR.EHZ,1,down,2.698026418685913,1.490234375,42.53125
1487599,14131940,CI.BBR.HHZ,0,up,5.708249568939209,1.8095703125,44.75
1487706,14366800,CI.TOW.EHZ,1,down,2.6680092811584473,0.58984375,24.546875
1487975,10000373,CI.CRR.EHZ,0,up,5.682694911956787,2.19921875,87.25
1488085,11391762,CI.BTP.HHZ,0,up,5.743617534637451,1.3701171875,46.75
1488415,9964041,CI.MPM.HHZ,0,up,7.682849407196045,1.099609375,21.078125
1488770,9172201,CI.PLM.HHZ,1,down,35.36454391479492,0.990234375,15.84375
1488873,10316977,PB.B087.EHZ,0,up,9.78652286529541,0.740234375,11.8203125
1489534,14215616,AZ.CRY.HHZ,0,up,193.7747344970703,1.51953125,11.6796875
1489683,14333664,AZ.TRO.HHZ,1,down,38.48398971557617,1.0595703125,3.029296875
1489944,9929769,CI.POB.EHZ,1,down,20.76677131652832,1.48046875,36.78125
1490612,11034493,CI.TPC.EHZ,1,down,29.589786529541016,2.0390625,97.3125
1490659,10067869,CI.SES.HHZ,1,down,6.2957658767700195,2.5703125,73.375
1490695,10317965,AZ.CRY.HHZ,1,down,7.076381206512451,1.259765625,52.0625
1491026,14286580,AZ.BZN.HHZ,0,up,22.82208824157715,0.990234375,9.1796875
1491498,14479960,PB.B918.EHZ,1,down,20.85651969909668,1.830078125,57.3125
1491581,14096404,AZ.LVA2.HHZ,0,up,20.468225479125977,0.830078125,20.65625
1491791,9694017,CI.XTL.EHZ,0,up,15.835350036621094,2.08984375,43.9375
1491943,14164988,CI.TOW.EHZ,0,up,3.7666990756988525,0.6201171875,12.6796875
1492078,10719053,AZ.LVA2.HHZ,1,down,12.237285614013672,1.26953125,10.6171875
1492390,10797957,CI.BAC.EHZ,1,down,8.121343612670898,0.31005859375,21.671875
1492410,13959480,CI.WHF.EHZ,0,up,21.56705093383789,1.0,26.8125
1492418,9699557,CI.WVP.EHZ,0,up,30.76288414001465,1.2001953125,9.078125
1492544,10437017,PB.B084.EHZ,0,up,5.522171974182129,1.009765625,38.46875
1492586,9948709,CI.DNR.HHZ,1,down,6.653665065765381,1.400390625,16.9375
1493294,9146174,CI.WRC.EHZ,1,down,66.0263671875,1.4296875,13.59375
1493444,10358689,CI.POB.EHZ,1,down,21.744741439819336,1.1796875,19.5
1493615,10148605,CI.TAB.EHZ,0,up,26.802217483520508,2.91015625,93.1875
1493959,9161157,CI.GRP.EHZ,0,up,6.3194732666015625,1.0,60.75
1494401,14434672,CI.FRK.EHZ,1,down,23.1695556640625,0.759765625,12.0
1494587,14151724,AZ.KNW.HHZ,1,down,4.196580410003662,1.150390625,26.0625
1494856,14376280,CI.RMR.EHZ,1,down,8.5933256149292,1.01953125,34.90625
1495397,11070517,AZ.FRD.HHZ,1,down,3.8229870796203613,0.83984375,54.3125
1495568,10765533,CI.CBK.EHZ,0,up,21.264039993286133,2.640625,35.59375
1495876,10405625,EN.ELM.EHZ,0,up,1.7745131254196167,0.300048828125,4.578125
1496004,9616365,CI.HYS.EHZ,1,down,6.727008819580078,1.9599609375,106.9375
1496290,9676697,CI.WLH.EHZ,0,up,10.217179298400879,1.5595703125,42.1875
1496369,10542101,AZ.RDM.HHZ,0,up,4.205942630767822,1.2900390625,51.5625
1496522,10147473,CI.SAL.HHZ,0,up,5.697415828704834,1.9501953125,34.25
1496853,11088522,CI.BEL.HHZ,1,down,6.441461086273193,0.81982421875,21.1875
1497548,11051117,PB.B082.EHZ,1,down,13.947168350219727,0.85986328125,21.34375
1497632,10330561,PB.B084.EHZ,1,down,12.115354537963867,1.740234375,98.1875
1497791,10402761,CI.GTM.EHZ,0,up,3.5079281330108643,1.5,65.125
1497925,13966700,CI.GTM.EHZ,0,up,2.292325973510742,1.1103515625,11.53125
1497942,10348193,CI.CBK.EHZ,1,down,4.457361698150635,1.2998046875,45.78125
1497977,11418306,CI.BBS.HHZ,0,up,3.616111993789673,0.580078125,8.9609375
1498310,10968955,CI.JRC.HLZ,0,up,10.307476043701172,1.9501953125,10.0078125
1498948,14334304,CI.WRC.EHZ,1,down,10.794925689697266,0.8798828125,12.5390625
1499042,14278176,CI.HMT.EHZ,1,down,5.654734134674072,1.6396484375,47.4375
1499146,10179061,CI.MLAC.HHZ,1,down,4.788667678833008,1.7998046875,30.953125
1500003,10285321,PB.B081.EHZ,1,down,8.429654121398926,0.91015625,2.080078125
1500252,9718537,AZ.PFO.HHZ,1,down,19.45615005493164,1.099609375,11.8671875
1500413,10777005,PB.B921.EHZ,0,up,118.45734405517578,1.7998046875,5.87109375
1500668,9647045,CI.WRV.EHZ,0,up,315.69903564453125,2.55078125,1.8798828125
1500846,14376464,AZ.FRD.HHZ,1,down,175.9536895751953,2.23046875,63.5
1500895,11386874,CI.WMF.EHZ,0,up,102.71761322021484,0.830078125,3.169921875
1500950,14064252,CI.HMT.EHZ,0,up,7.969165802001953,0.6201171875,38.53125
1500992,11066005,PB.B918.EHZ,0,up,21.58016014099121,0.91015625,20.4375
1501232,9166227,CI.POB.EHZ,1,down,294.5127258300781,2.599609375,33.53125
1501304,13007448,CI.MCT.HHZ,0,up,1.3228082656860352,0.89013671875,39.0
1501454,13913584,AZ.CRY.HHZ,0,up,3.439765691757202,2.060546875,62.875
1501496,14163312,CI.TPC.EHZ,0,up,28.693601608276367,1.73046875,63.3125
1501613,10166645,CI.COK.EHZ,0,up,5.951756954193115,3.4609375,83.1875
1501632,10263597,CI.MPM.HHZ,0,up,44.89521789550781,0.77978515625,20.625
1502063,9919793,AZ.CRY.HHZ,1,down,42.48661804199219,2.109375,79.875
1502628,14131756,CI.JCS.HHZ,0,up,18.499711990356445,1.2099609375,33.46875
1502663,13974572,WR.PEC.EHZ,1,down,14.767374038696289,1.7900390625,9.90625
1503383,11410818,AZ.KNW.HHZ,0,up,24.601070404052734,0.449951171875,7.94921875
1503415,14155524,CI.HMT.EHZ,0,up,12.409185409545898,1.7001953125,39.1875
1503459,14203528,AZ.KNW.HHZ,1,down,31.938053131103516,1.7099609375,78.8125
1503491,9714921,CI.XMS.EHZ,0,up,17.968059539794922,1.8798828125,72.375
1504106,11367090,CI.DNR.HHZ,0,up,36.596595764160156,1.8798828125,32.84375
1505221,10498149,EN.YOU.EHZ,0,up,8.19860553741455,0.60009765625,4.171875
1505297,10773061,CI.EMS.EHZ,0,up,8.4684476852417,1.849609375,69.1875
1505321,9159324,CI.WRC.EHZ,1,down,45.61685562133789,1.509765625,13.25
1505544,9635421,CI.TEJ.EHZ,1,down,36.05552291870117,2.169921875,12.4296875
1505787,14518260,CI.PLM.HHZ,1,down,27.24335479736328,1.4501953125,11.75
1505859,9727081,CI.LEO.EHZ,1,down,12.55947494506836,1.6796875,56.90625
1506151,14395624,CI.WOR.EHZ,1,down,5.705212116241455,1.2001953125,53.75
1506225,10228965,CI.SWS.HHZ,0,up,7.3647356033325195,1.759765625,46.8125
1506595,15165537,CI.PMD.HHZ,1,down,24.043291091918945,0.64990234375,21.65625
1506609,10993845,AZ.RDM.HHZ,0,up,3.16983699798584,1.4404296875,24.0625
1506768,9660597,CI.MIR.EHZ,0,up,4.730659008026123,2.830078125,25.375
1506814,13978596,AZ.LVA2.HHZ,0,up,123.53775024414062,1.7998046875,19.796875
1507052,13913508,CI.WHF.EHZ,0,up,26.487316131591797,1.2900390625,10.59375
1507265,10080909,CI.WRC.EHZ,0,up,3.260561227798462,1.1103515625,70.0625
1507364,14506716,PB.B084.EHZ,1,down,3.9591870307922363,1.4296875,92.625
1507864,10223813,CI.BLA.HHZ,0,up,7.16367244720459,1.2099609375,39.71875
1507914,10671261,CI.ERP.EHZ,1,down,12.554055213928223,1.23046875,7.33984375
1508002,10355409,CI.PMD.HHZ,1,down,26.684240341186523,1.3701171875,54.28125
1508335,11276146,CI.MPM.HHZ,0,up,30.855308532714844,1.919921875,107.9375
1508771,14257572,CI.WRV.EHZ,0,up,6.10529899597168,0.93017578125,43.75
1509185,10318021,CI.WCS.EHZ,1,down,3.4967384338378906,2.240234375,85.75
1509635,10754717,CI.YUH.EHZ,1,down,11.151558876037598,1.580078125,69.1875
1509863,10294657,PB.B086.EHZ,1,down,9.765470504760742,1.41015625,61.21875
1509906,9991381,CI.CBK.EHZ,1,down,11.952696800231934,2.419921875,112.0
1510105,9647577,CI.LRL.HHZ,1,down,6.551769733428955,2.279296875,63.1875
1510233,9992693,CI.WNM.EHZ,1,down,2.570711374282837,1.099609375,26.4375
1510449,9171694,CI.SBPX.HHZ,1,down,17.854257583618164,2.279296875,38.6875
1510549,11132810,NC.MCS.EHZ,1,down,64.93801879882812,2.19921875,24.21875
1510648,10070645,CI.PLT.EHZ,1,down,5.959029674530029,1.6904296875,62.0625
1510665,9136376,CI.TPO.EHZ,1,down,97.90403747558594,3.599609375,98.5
1511185,11413586,CI.WWC.HHZ,0,up,57.7183837890625,1.9404296875,31.015625
1511442,10761333,AZ.LVA2.HHZ,1,down,10.215713500976562,0.52978515625,19.359375
1511649,14334688,CI.BOR.HHZ,1,down,21.07562255859375,1.2001953125,8.296875
1512392,12571428,CI.SND.EHZ,0,up,2.736861228942871,1.23046875,36.40625
1512422,11103578,EN.ELM.EHZ,0,up,17.139028549194336,1.4697265625,3.970703125
1512822,11279506,EN.RED.EHZ,1,down,16.192344665527344,0.7998046875,8.0
1512992,10544309,CI.PLM.HHZ,1,down,4.953287601470947,0.52001953125,43.3125
1513010,10891733,CI.WES.HHZ,0,up,2.2419919967651367,0.72998046875,13.4921875
1513962,10368645,AZ.KNW.HHZ,1,down,17.145767211914062,1.66015625,49.84375
1513968,14174120,CI.DVT.HHZ,1,down,33.13823318481445,3.009765625,97.0625
1514018,14421232,CI.RRX.HHZ,1,down,2.3480777740478516,1.66015625,32.0
1514031,10343625,CI.PLM.HHZ,1,down,13.181967735290527,2.439453125,106.4375
1514061,14096416,CI.WBS.HHZ,0,up,1.121088981628418,1.51953125,48.0625
1514238,9874537,CI.OLP.HHZ,0,up,5.7976298332214355,1.91015625,65.75
1514682,14161944,AZ.FRD.HHZ,1,down,77.13632202148438,0.3701171875,2.859375
1515062,13915944,CI.CLC.HHZ,0,up,44.497989654541016,1.48046875,29.0625
1515137,10367177,CI.PLM.HHZ,0,up,4.739526748657227,0.72021484375,36.90625
1515567,15157057,EN.HAT.EHZ,1,down,2.1561155319213867,0.39990234375,9.1015625
1515808,11332754,PB.B084.EHZ,1,down,13.86468505859375,0.449951171875,10.2265625
1516128,13940672,CI.FRK.EHZ,0,up,2.8890933990478516,1.599609375,55.625
1516634,14171952,CI.HMT.EHZ,0,up,4.326188564300537,0.7998046875,40.625
1516768,10531093,CI.RMR.EHZ,1,down,6.450453758239746,1.3896484375,71.5
1516799,9878785,CI.SPG.HHZ,1,down,13.273144721984863,1.73046875,90.25
1517214,14209212,CI.BBR.HHZ,1,down,14.536279678344727,1.4697265625,15.09375
1517622,9163859,CI.CDY.EHZ,0,up,4.2160139083862305,1.5,6.01171875
1517730,14343644,CI.WOF.EHZ,1,down,12.262969017028809,1.3701171875,58.4375
1517900,14198500,CI.DRE.HHZ,0,up,20.681407928466797,2.6796875,94.3125
1518010,10755677,PB.B093.EHZ,0,up,9.815521240234375,1.580078125,79.1875
1518438,14183700,CI.XTL.EHZ,0,up,25.247894287109375,1.6201171875,42.28125
1518523,10497237,CI.COA.EHZ,1,down,4.98905611038208,1.009765625,54.625
1519397,13937492,CI.CPP.HHZ,0,up,8.434964179992676,3.5390625,92.3125
1519528,9706853,CI.ELR.EHZ,0,up,27.803319931030273,2.310546875,23.796875
1519559,11130130,BC.SJX.HHZ,0,up,15.87854290008545,2.55078125,67.6875
1520088,14257688,CI.WCS.EHZ,1,down,16.60874366760254,0.56982421875,0.7001953125
1520098,9153649,CI.WBM.EHZ,1,down,18.756784439086914,2.33984375,37.125
1520437,9662705,CI.SGL.EHZ,1,down,13.862643241882324,2.650390625,108.8125
1520921,10927973,CI.TA2.HHZ,1,down,70.69155883789062,1.58984375,53.46875
1521021,10987501,EN.ENG.EHZ,0,up,16.21244239807129,0.81005859375,8.03125
1521083,9677153,CI.WNM.EHZ,0,up,20.735876083374023,1.990234375,23.25
1521317,14216932,CI.SMF.EHZ,0,up,2.2622644901275635,3.23046875,91.0
1521469,13915636,CI.HDB.EHZ,0,up,3.5139663219451904,0.8798828125,24.421875
1521571,11420434,CI.BOR.HHZ,1,down,171.7193603515625,0.509765625,6.55859375
1521859,14296924,CI.CLI.EHZ,1,down,3.1368863582611084,1.150390625,12.5
1522201,14282780,PB.B087.EHZ,0,up,4.600200176239014,0.60986328125,23.265625
1522351,14473752,AZ.BZN.HHZ,1,down,3.5668160915374756,0.93994140625,51.65625
1522425,13979132,CI.EW2.EHZ,0,up,3.5062923431396484,1.849609375,58.125
1522493,9907041,CI.WI2.EHZ,1,down,14.259163856506348,1.9501953125,11.1796875
1522521,11000613,CI.JRC2.HHZ,0,up,130.6121063232422,1.0400390625,10.140625
1522734,14286972,CI.GTM.EHZ,1,down,23.07669448852539,1.5595703125,32.09375
1522814,13916404,CI.WLT.HHZ,1,down,15.043844223022461,2.240234375,13.609375
1522968,14733628,CI.MSC.HHZ,1,down,8.209108352661133,0.97998046875,17.546875
1523215,10747493,CI.HMT.EHZ,1,down,5.565067768096924,0.68017578125,23.515625
1523225,9730205,AZ.TRO.EHZ,0,up,21.909080505371094,1.3203125,6.80078125
1523324,10319341,CI.TPM.EHZ,0,up,6.754293441772461,1.849609375,35.25
1523954,14148860,CI.WNM.EHZ,0,up,11.312731742858887,1.6103515625,85.8125
1524005,9636117,CI.WWP.EHZ,0,up,45.09720230102539,1.3896484375,6.69140625
1524039,9678833,CI.SRT.EHZ,0,up,7.531406879425049,1.2001953125,35.1875
1524228,9707577,CI.BAC.EHZ,0,up,8.084578514099121,1.5302734375,96.5
1524263,10402337,CI.BEL.HHZ,1,down,85.20979309082031,1.2001953125,24.453125
1524321,10356221,CI.POB.EHZ,1,down,3.301870822906494,0.7900390625,14.8125
1524435,10936949,CI.SRN.HHZ,1,down,8.764425277709961,1.66015625,9.4765625
1524520,9881593,AZ.KNW.HHZ,0,up,10.861777305603027,0.0,33.53125
1524697,10310953,CI.POB.EHZ,0,up,3.1222589015960693,0.58984375,23.28125
1525153,9803301,CI.BTL.EHZ,1,down,4.1896467208862305,0.75,30.515625
1525165,13942072,CI.HMT.EHZ,0,up,59.23382568359375,1.3603515625,22.25
1525929,9639977,CI.ISA.HHZ,0,up,10.663930892944336,1.48046875,39.46875
1526352,10293973,AZ.CRY.HHZ,0,up,8.586694717407227,0.60009765625,16.796875
1526524,11250458,PB.B081.EHZ,1,down,25.305126190185547,1.2001953125,24.375
1526722,10771621,AZ.HWB.HHZ,1,down,170.12428283691406,4.05078125,116.0625
1526795,13687876,CI.WHF.EHZ,0,up,10.321455955505371,0.43994140625,20.984375
1526881,10545389,CI.RRX.HHZ,1,down,3.7626900672912598,2.310546875,97.6875
1526974,15161553,CI.BLK.EHZ,1,down,11.893725395202637,1.4599609375,91.75
1527070,10216101,CI.WLT.HHZ,0,up,21.75334358215332,3.599609375,40.75
1527108,9717333,CI.WES.HHZ,1,down,16.495567321777344,2.01953125,61.8125
1527331,14282060,CI.WRV.EHZ,0,up,8.946301460266113,0.300048828125,11.578125
1527484,10054105,CI.SUN.EHZ,1,down,10.208648681640625,1.5302734375,34.5
1527695,14461864,PB.B081.EHZ,1,down,121.18367767333984,1.4697265625,13.3203125
1527764,9710913,CI.AGA.HHZ,0,up,17.57513427734375,2.029296875,33.59375
1527817,9673441,CI.WCH.EHZ,1,down,10.098353385925293,1.2998046875,24.15625
1527953,9695713,CI.RRX.HHZ,1,down,4.200328826904297,2.060546875,64.25
1528033,10997165,PB.B093.EHZ,1,down,97.11588287353516,1.3603515625,7.23046875
1528061,14289500,CI.BOR.HHZ,1,down,94.72389221191406,1.51953125,11.7265625
1528209,14164896,CI.LUC.EHZ,0,up,1.816709041595459,1.330078125,7.05859375
1528968,15164145,CI.TA2.HHZ,1,down,7.908025741577148,1.6904296875,53.875
1529033,11209458,CI.BOR.HHZ,1,down,160.23757934570312,1.2998046875,30.59375
1529410,14198276,AZ.RDM.HHZ,1,down,130.43336486816406,2.400390625,42.4375
1529447,14172232,CI.BOR.HHZ,1,down,4.772459030151367,0.64990234375,28.3125
1529507,11339018,CI.SNO.HHZ,0,up,208.0680389404297,1.9296875,25.03125
1529884,10221389,CI.LUC.EHZ,1,down,10.349031448364258,2.33984375,40.03125
1529940,11080314,CI.SGL.EHZ,1,down,25.945411682128906,2.0703125,31.296875
1530738,14170340,CI.JRC2.HHZ,0,up,16.330265045166016,1.1298828125,29.34375
1530775,10185837,AZ.SND.HHZ,1,down,14.8331880569458,1.25,20.4375
1531003,10495941,CI.CFT.EHZ,0,up,1.8242831230163574,1.0302734375,7.05078125
1531291,9133552,CI.RMR.EHZ,0,up,30.429519653320312,2.130859375,42.21875
1531316,10768965,PB.B916.EHZ,1,down,17.07737922668457,0.72021484375,19.1875
1531495,14753212,CI.YUH.EHZ,1,down,7.376512050628662,1.76953125,5.98828125
1531773,10372517,CI.TOR.HHZ,1,down,1.8928667306900024,0.91015625,81.8125
1532104,10437169,CI.MUR.HHZ,1,down,60.963401794433594,3.919921875,101.5625
1532295,9718441,CI.PSP.EHZ,0,up,10.962788581848145,1.8701171875,30.953125
1532520,13692920,CI.WES.HHZ,1,down,48.05030822753906,2.419921875,55.375
1532696,9950165,CI.HYS.EHZ,0,up,54.720703125,2.140625,58.59375
1532773,9699733,CI.LUC.EHZ,0,up,7.182264804840088,1.8701171875,57.03125
1532801,14480896,CI.SLA.HHZ,1,down,140.99195861816406,1.8798828125,8.3828125
1532854,11370658,CI.SLR.HHZ,1,down,5.561628341674805,1.169921875,47.375
1532880,10047189,CI.WMF.EHZ,1,down,5.545144557952881,1.0,9.1171875
1532960,14883380,PB.B087.EHZ,1,down,11.934236526489258,1.3896484375,56.5
1532984,10237985,CI.EDW2.HHZ,1,down,107.64100646972656,3.189453125,36.03125
1532989,9796433,CI.CFL.EHZ,0,up,7.5490217208862305,1.83984375,54.6875
1533003,10366941,CI.ISA.HHZ,1,down,15.138301849365234,2.560546875,110.625
1533084,10484085,PB.B093.EHZ,1,down,79.09989166259766,1.91015625,37.375
1533480,9793809,CI.POB.EHZ,1,down,9.914887428283691,1.5302734375,104.1875
1534280,14067760,CI.WHF.EHZ,1,down,3.5854291915893555,1.0400390625,75.6875
1534554,11005197,CI.MPM.HHZ,1,down,38.402587890625,0.830078125,28.3125
1535073,12383464,CI.HMT.EHZ,0,up,8.907694816589355,1.1904296875,18.65625
1535329,10058841,CI.MDA.EHZ,1,down,3.148672103881836,1.6201171875,9.5078125
1535798,10028741,CI.HDB.EHZ,1,down,8.169673919677734,2.19921875,35.25
1536010,14500224,AZ.KNW.HHZ,1,down,12.645247459411621,0.580078125,24.53125
1536238,11316055,CI.WRV.EHZ,0,up,44.140926361083984,1.58984375,5.6015625
1536427,13959772,CI.WNM.EHZ,0,up,59.85758972167969,2.58984375,38.6875
1536518,10007901,AZ.SND.HHZ,0,up,5.565851211547852,0.759765625,22.375
1536785,11008173,PB.B087.EHZ,0,up,16.304834365844727,0.60986328125,14.3671875
1536817,11273650,PB.B082.EHZ,0,up,7.560408592224121,2.5703125,18.84375
1536871,10373785,CI.WSH.EHZ,1,down,30.186800003051758,1.2900390625,47.34375
1537135,10721013,CI.SWS.HHZ,1,down,5.624582767486572,1.580078125,29.578125
1537321,9693673,CI.WRV.EHZ,1,down,79.53398132324219,2.08984375,1.8701171875
1537324,9750269,CI.HEC.HHZ,1,down,15.227420806884766,2.169921875,25.0625
1537570,12456188,CI.PLM.HHZ,1,down,11.982309341430664,2.189453125,106.25
1537766,10352965,CI.BAC.EHZ,1,down,4.98699426651001,0.64013671875,30.71875
1537846,9160735,CI.POB.EHZ,1,down,72.0257339477539,2.169921875,69.75
1538124,13939704,CI.WRV.EHZ,0,up,34.502017974853516,1.400390625,10.5625
1538318,9873397,CI.WHF.EHZ,0,up,19.98871421813965,1.490234375,51.28125
1538438,10482157,CI.JNH.EHZ,1,down,46.114139556884766,1.8701171875,65.125
1538659,9962741,CI.HDB.EHZ,1,down,44.42311096191406,1.5595703125,5.05078125
1538765,9806405,CI.WNM.EHZ,1,down,11.325393676757812,1.2900390625,30.609375
1538870,9806017,CI.ERP.EHZ,1,down,24.115230560302734,2.51953125,25.09375
1538898,14077716,CI.HDB.EHZ,0,up,3.0663340091705322,1.2001953125,16.40625
1539281,10181897,CI.BOR.HHZ,0,up,18.84588623046875,1.73046875,27.28125
1539552,12457236,CI.WCH.EHZ,0,up,2.795809268951416,1.08984375,26.53125
1540084,9651317,CI.AGA.HHZ,0,up,8.310844421386719,2.25,76.375
1541067,10378221,AZ.FRD.HHZ,0,up,16.333066940307617,1.25,27.84375
1541677,9817785,CI.MIR.EHZ,0,up,3.1478841304779053,1.7197265625,57.9375
1541978,10346237,CI.HMT.EHZ,0,up,3.1048226356506348,1.0703125,62.375
1542210,9793557,CI.WNM.EHZ,1,down,3.4628357887268066,0.47998046875,20.8125
1542388,14155272,CI.SLR.HHZ,0,up,5.939758777618408,2.169921875,29.875
1542489,11103978,AZ.WMC.HHZ,0,up,2.8056864738464355,0.1300048828125,18.4375
1542659,10275485,CI.PLM.HHZ,1,down,3.693897008895874,0.52001953125,31.28125
1542861,14697420,ZY.USG.EHZ,1,down,10.343714714050293,1.7998046875,36.1875
1542968,11344770,CI.MUR.HHZ,0,up,2.1820995807647705,1.0703125,52.625
1543206,14585796,PB.B087.EHZ,1,down,3.995870590209961,0.39990234375,11.28125
1543338,14061676,CI.POB.EHZ,0,up,85.35792541503906,2.0390625,51.34375
1543486,14297416,CI.MSJ.HHZ,1,down,1.858973503112793,1.5595703125,14.0625
1543520,14213108,CI.SUN.EHZ,0,up,3.7920501232147217,1.5703125,49.53125
1543713,14175776,CI.BEL.HHZ,1,down,6.779128551483154,1.150390625,82.4375
1544031,15157625,AZ.KNW.HHZ,1,down,33.607391357421875,0.7998046875,22.84375
1544309,10924653,EN.RED.EHZ,1,down,58.22248840332031,1.0,3.26953125
1544378,10146997,CI.WBM.EHZ,0,up,6.857439994812012,1.4697265625,65.75
1544478,14241836,CI.EL2.EHZ,0,up,30.60040855407715,2.80078125,63.21875
1544479,14253468,CI.TPM.EHZ,1,down,8.284920692443848,1.830078125,114.1875
1544910,12659440,CI.VVD.EHZ,0,up,22.091291427612305,4.6015625,106.125
1545394,9136037,CI.HOD.EHZ,0,up,34.534645080566406,2.83984375,74.25
1545474,11282522,CI.SS2.EHZ,0,up,35.12827682495117,1.990234375,75.625
1545771,10348029,AZ.SOL.HHZ,1,down,5.814051151275635,2.970703125,102.25
1546315,10226993,AZ.HWB.HHZ,0,up,16.84491539001465,1.580078125,61.34375
1546496,15183977,CI.IKP.HHZ,1,down,3.7880747318267822,1.6396484375,61.34375
1546978,13099448,AZ.KNW.HHZ,0,up,4.465686798095703,1.2900390625,73.25
1547251,10526741,PB.B093.EHZ,0,up,24.505874633789062,0.93994140625,20.6875
1547268,14382516,CI.CLT.HHZ,1,down,2.2867538928985596,2.75,82.5
1547613,10729693,AZ.BZN.HHZ,0,up,5.246390342712402,1.0,17.234375
1547790,14147640,CI.SMS.HHZ,1,down,5.950451850891113,2.640625,46.46875
1548166,9152102,AZ.PFO.HHZ,0,up,16.048316955566406,1.5,12.609375
1548635,14166560,AZ.WMC.HHZ,0,up,25.839689254760742,2.390625,45.53125
1548903,14199436,CI.RMM.EHZ,0,up,7.418336391448975,1.759765625,47.0
1549110,10180149,CI.MCT.HHZ,1,down,2.0227489471435547,1.1201171875,52.3125
1549183,14857364,CI.WCS.EHZ,1,down,8.331711769104004,1.5302734375,45.375
1549515,9678081,CI.WOR.EHZ,1,down,180.0107879638672,2.859375,47.5625
1549594,10366033,CI.CHF.HHZ,1,down,57.78461456298828,2.169921875,36.53125
1549734,9808453,AZ.SND.HHZ,0,up,3.2998440265655518,1.330078125,17.546875
1549778,15205137,EN.HAT.EHZ,1,down,5.212717056274414,1.490234375,17.796875
1549808,14212512,CI.ABL.EHZ,1,down,12.959875106811523,1.1796875,39.3125
1550022,9628901,CI.THX.HHZ,1,down,29.855026245117188,3.470703125,101.875
1550179,9141173,WR.PEC.EHZ,1,down,26.367111206054688,1.8896484375,21.0625
1550344,11133954,CI.BBR.HHZ,0,up,17.78566551208496,1.669921875,9.34375
1550857,14396328,PB.B081.EHZ,1,down,4.473114013671875,1.3603515625,90.4375
1551058,14026136,WR.PEC.EHZ,1,down,5.7664923667907715,2.130859375,47.65625
1551732,14344972,AZ.BZN.HHZ,1,down,9.62779426574707,1.1396484375,56.96875
1552188,11408410,CI.CJM.HHZ,0,up,43.81895065307617,1.9404296875,17.109375
1552632,14870628,ZY.COON.EHZ,1,down,70.70417022705078,1.259765625,8.5078125
1552658,14502128,PB.B082.EHZ,1,down,8.651558876037598,0.52978515625,17.96875
1552727,14377200,CI.JNH.EHZ,1,down,19.664398193359375,1.7001953125,66.125
1552929,14151916,AZ.FRD.HHZ,0,up,3.8305792808532715,0.89013671875,20.25
1552974,14088688,CI.WRV.EHZ,1,down,3.6069090366363525,0.60009765625,9.75
1553993,15159705,AZ.LVA2.HHZ,1,down,5.253123760223389,0.18994140625,15.828125
1554279,10372849,CI.TOW.EHZ,1,down,100.54264068603516,2.25,5.828125
1554328,10179029,AZ.SND.HHZ,0,up,4.45321798324585,0.5400390625,18.296875
1554376,10833845,PB.B082.EHZ,1,down,21.33108901977539,1.5498046875,70.75
1554587,10349313,CI.CLI.EHZ,1,down,2.6343157291412354,1.25,15.6484375
1554709,10838397,CI.DRE.HHZ,1,down,6.258487224578857,2.259765625,68.0625
1555073,10906197,AZ.TRO.HHZ,0,up,4.008321762084961,0.56982421875,30.125
1555813,14388244,AZ.SND.HHZ,1,down,9.046669960021973,0.8701171875,56.65625
1556035,9689805,CI.WLH.EHZ,0,up,43.352237701416016,1.9404296875,39.15625
1556049,10741733,CI.TOR.HHZ,0,up,44.10185241699219,2.169921875,28.21875
1556169,14220972,CI.CHF.HHZ,0,up,129.14797973632812,1.48046875,16.921875
1556340,11420290,AZ.FRD.HHZ,0,up,8.792413711547852,0.39990234375,21.59375
1556599,9625873,CI.BTL.EHZ,0,up,12.302456855773926,1.400390625,19.234375
1556740,10587637,ZY.OCCM.EHZ,0,up,34.844520568847656,1.919921875,10.6015625
1556825,9740241,CI.AGA.HHZ,1,down,37.07450866699219,1.5302734375,18.203125
1556903,10836781,ZY.COON.EHZ,0,up,6.257125377655029,2.169921875,78.875
1557031,9830521,CI.LEO.EHZ,0,up,17.699764251708984,1.599609375,29.703125
1557232,10179433,CI.PSR.HHZ,1,down,11.517471313476562,1.73046875,23.828125
1557617,14122664,CI.DVT.HHZ,0,up,15.34221076965332,2.080078125,64.25
1558304,12679428,CI.WOR.EHZ,0,up,6.501802921295166,1.1103515625,55.78125
1558312,9132155,CI.RAG.EHZ,0,up,1.890411138534546,1.2998046875,19.34375
1558359,10237301,CI.BBS.HHZ,0,up,5.678805828094482,2.16015625,15.15625
1558585,9172241,CI.CDY.EHZ,1,down,26.012046813964844,2.580078125,46.90625
1558731,10146505,CI.WRV.EHZ,0,up,4.800409317016602,1.169921875,46.21875
1558957,14063720,AZ.SND.HHZ,1,down,22.14851951599121,1.4599609375,31.28125
1559292,10784933,PB.B093.EHZ,1,down,21.442174911499023,0.6201171875,10.953125
1559861,11339082,CI.WHF.EHZ,1,down,48.2960090637207,2.740234375,24.28125
1560995,9982413,AZ.KNW.HHZ,0,up,10.797018051147461,0.419921875,0.89013671875
1561214,10545957,EN.RED.EHZ,1,down,30.634618759155273,1.26953125,4.83984375
1561245,10765453,AZ.FRD.HHZ,1,down,24.543359756469727,1.73046875,81.0625
1561335,9644093,CI.WVP.EHZ,0,up,6.440721035003662,1.4404296875,16.875
1561379,14587044,AZ.PFO.HHZ,1,down,33.4185905456543,0.9501953125,14.453125
1561812,14382636,CI.CHF.HHZ,1,down,37.642784118652344,0.919921875,22.703125
1562420,11244738,CI.WNM.EHZ,0,up,7.28538179397583,1.8896484375,69.4375
1563464,11420386,CI.POB.EHZ,0,up,107.21334075927734,3.0703125,71.4375
1563701,14558988,CI.ERP.EHZ,1,down,48.933929443359375,1.7001953125,11.65625
1563799,10185413,CI.COK.EHZ,0,up,7.4589433670043945,2.439453125,77.875
1564151,14106676,CI.BTL.EHZ,0,up,6.9301581382751465,1.7998046875,42.28125
1564305,14854644,PB.B082.EHZ,1,down,11.487828254699707,0.429931640625,13.921875
1564582,14064248,AZ.LVA2.HHZ,0,up,3.38801646232605,0.35009765625,29.0625
1564684,14518852,CI.SLR.HHZ,1,down,8.98009967803955,1.080078125,60.5625
1565043,10247661,PB.B082.EHZ,1,down,10.824606895446777,0.6201171875,18.109375
1565175,12880112,CI.WWP.EHZ,1,down,3.1990718841552734,1.599609375,45.4375
1565533,10379261,CI.LRL.HHZ,1,down,1.3062853813171387,1.0,61.09375
1565589,9984377,AZ.PFO.HHZ,0,up,18.206472396850586,1.7099609375,63.8125
1565697,10221877,AZ.KNW.HHZ,1,down,26.21525764465332,2.05078125,24.734375
1565914,9653573,CI.WNM.EHZ,0,up,26.11235809326172,1.0,13.5625
1566914,11672392,CI.WNM.EHZ,1,down,21.94280242919922,0.85009765625,19.15625
1567055,10779213,CI.YMD.EHZ,1,down,37.183467864990234,2.259765625,80.9375
1567167,10936829,CI.DGR.HHZ,0,up,5.011346817016602,0.3701171875,27.671875
1567353,10542237,CI.PLE.EHZ,0,up,14.451141357421875,1.2802734375,9.1328125
1567830,11126106,PB.B086.EHZ,1,down,11.404143333435059,0.5498046875,6.578125
1567951,11207026,CI.BLA2.HHZ,0,up,19.26799774169922,2.26953125,82.375
1567989,14147420,CI.DVT.HHZ,1,down,9.632538795471191,2.740234375,99.8125
1568381,10399441,AZ.PFO.HHZ,0,up,3.2630069255828857,1.0,23.421875
1568447,10438441,CI.ISA.HHZ,0,up,10.006933212280273,1.240234375,77.875
1568495,10585141,ZY.OCCM.EHZ,0,up,19.940359115600586,1.740234375,11.640625
1568960,10726053,CI.WMF.EHZ,1,down,6.700300693511963,0.97998046875,32.4375
1569072,9746953,CI.TOW.EHZ,0,up,5.828336715698242,1.3203125,28.4375
1569272,10355849,CI.PMD.HHZ,0,up,492.0408935546875,2.359375,33.375
1569477,10992191,CI.WCH.EHZ,1,down,3.8808135986328125,1.6904296875,21.546875
1569512,9772989,CI.BMT.EHZ,0,up,22.91617202758789,1.0,7.390625
1569867,9145394,CI.MIR.EHZ,0,up,125.59000396728516,3.220703125,50.71875
1569900,10349589,CI.RYS.EHZ,1,down,158.67538452148438,3.330078125,60.96875
1570182,9738429,CI.SKY.EHZ,0,up,4.9248552322387695,1.0703125,60.65625
1570393,14202588,AZ.SND.HHZ,1,down,6.6654438972473145,0.66015625,9.1015625
1570741,13656220,CI.WCH.EHZ,1,down,40.13249969482422,1.080078125,11.75
1571692,10699877,ZY.PNTO.EHZ,0,up,14.101940155029297,2.529296875,92.875
1571887,13971180,CI.SBPX.HHZ,0,up,11.635282516479492,3.150390625,37.59375
1572000,14155060,CI.PLM.HHZ,0,up,25.335918426513672,0.9501953125,32.125
1572028,9168121,CI.WCS.EHZ,0,up,17.988037109375,1.650390625,11.0390625
1572244,9935565,AZ.SND.HHZ,1,down,8.605674743652344,1.490234375,42.3125
1572604,10295741,CI.WNM.EHZ,1,down,6.694091320037842,0.60009765625,7.6015625
1572995,14557860,CI.WMF.EHZ,1,down,46.15771484375,1.5400390625,30.921875
1573060,13932000,CI.CTW.EHZ,0,up,23.644254684448242,1.1201171875,17.640625
1573791,9692341,CI.WNM.EHZ,1,down,8.259672164916992,1.2998046875,20.265625
1573930,11069325,EN.LIN.EHZ,1,down,3.4645352363586426,0.7001953125,4.0703125
1574184,12927476,CI.MWC.HHZ,0,up,7.110179424285889,2.25,111.125
1574229,10235653,AZ.FRD.HHZ,1,down,104.76508331298828,1.2998046875,8.3828125
1574739,10014733,CI.AGA.HHZ,1,down,8.598471641540527,1.98046875,74.1875
1574921,9734845,AZ.KNW.HHZ,0,up,7.369715213775635,1.490234375,70.9375
1575708,10999389,NP.5442.HLZ,0,up,5.817053318023682,1.9501953125,44.6875
1576005,9887821,CI.ERP.EHZ,0,up,4.052931308746338,1.7001953125,50.78125
1576084,11672244,CI.WRC.EHZ,0,up,5.416249752044678,0.7998046875,25.40625
1576122,10496293,CI.HOL.EHZ,0,up,4.248236179351807,1.2900390625,58.6875
1576323,14120028,CI.RMR.EHZ,0,up,13.68224048614502,0.8701171875,15.40625
1576372,9159305,CI.RMM.EHZ,1,down,10.378399848937988,1.7998046875,29.359375
1576507,14188504,AZ.CRY.HHZ,1,down,4.768059253692627,1.2099609375,52.5
1577035,10904229,CI.CLI.EHZ,0,up,4.186911106109619,0.7998046875,10.6171875
1577217,12883508,WR.PEC.EHZ,0,up,1.9053997993469238,1.0498046875,27.953125
1577293,10373057,AZ.PFO.HHZ,1,down,5.612053871154785,0.75,24.65625
1577399,9757281,CI.AGA.HHZ,1,down,5.014529705047607,1.7001953125,52.96875
1577407,9609393,CI.BMT.EHZ,1,down,24.657955169677734,1.240234375,26.234375
1577450,14196436,CI.SLR.HHZ,0,up,3.264284610748291,1.48046875,7.37890625
1577688,13959328,CI.WES.HHZ,0,up,3.0634403228759766,1.2802734375,14.1875
1577896,9173262,CI.WRV.EHZ,0,up,91.42713928222656,1.0400390625,1.900390625
1577905,9800617,CI.TPC.EHZ,0,up,7.940349578857422,1.150390625,44.875
1577972,11275314,CI.MSC.HHZ,0,up,13.802275657653809,0.81005859375,43.90625
1578151,9724945,CI.SKY.EHZ,0,up,42.876522064208984,1.4599609375,29.59375
1578232,10296393,CI.SWS.HHZ,0,up,16.778905868530273,1.76953125,57.3125
1578715,13692716,CI.SBB.EHZ,1,down,19.672000885009766,2.080078125,86.75
1578910,9701833,CI.JRC.HHZ,0,up,7.182591915130615,1.76953125,13.609375
1579019,9820501,CI.HEC.HHZ,1,down,2.95438551902771,1.3798828125,28.578125
1579078,9651673,AZ.CRY.HHZ,0,up,11.0061616897583,1.669921875,46.5625
1579153,14419192,CI.POB.EHZ,1,down,26.856889724731445,1.6796875,66.9375
1579157,14236768,CI.SHE.EHZ,1,down,96.70807647705078,4.37109375,114.875
1579306,11064421,CI.FHO.HHZ,1,down,139.23316955566406,1.91015625,17.265625
1579313,11085146,CI.GMR.HHZ,1,down,20.178531646728516,1.2001953125,64.625
1579444,15117825,CI.SRN.HHZ,1,down,14.241931915283203,1.4296875,4.921875
1579541,14189176,AZ.YAQ.HHZ,1,down,15.572745323181152,1.6103515625,72.125
1580068,10249505,CI.BOR.HHZ,0,up,7.049276351928711,1.0703125,26.046875
1580258,9875093,CI.THC.EHZ,1,down,7.77687931060791,2.359375,46.125
1580408,10200953,CI.SGL.EHZ,0,up,5.86014986038208,1.400390625,31.25
1580574,14991892,CI.DGR.HHZ,1,down,39.7731819152832,1.150390625,31.96875
1580798,9159620,CI.MDA.EHZ,1,down,4.788775444030762,1.8701171875,70.3125
1580805,10533565,CI.COK.EHZ,1,down,11.538044929504395,2.130859375,35.1875
1580876,14332872,CI.ALV.EHZ,1,down,23.58356285095215,2.169921875,51.84375
1581126,13974640,CI.WCS.EHZ,0,up,3.9119081497192383,1.1103515625,10.0
1581460,10349041,PB.B087.EHZ,1,down,4.7714128494262695,0.60986328125,20.109375
1581604,13656184,CI.PLM.HHZ,1,down,19.52801513671875,0.60009765625,14.65625
1581685,13948748,CI.DSC.HHZ,1,down,29.87163734436035,1.9404296875,58.5625
1582058,9655001,CI.GSC.HHZ,0,up,3.509004831314087,2.16015625,63.5625
1582105,14988820,CI.TPC.EHZ,1,down,104.81487274169922,2.0390625,37.25
1582140,10326625,CI.MAR.EHZ,0,up,3.9978935718536377,1.66015625,51.59375
1582259,14058224,CI.CLC.HHZ,0,up,23.791336059570312,0.469970703125,18.6875
1582403,14018480,CI.MPM.HHZ,0,up,5.415724754333496,0.9501953125,36.59375
1582596,10532317,PB.B086.EHZ,1,down,43.573760986328125,2.0390625,64.9375
1582749,10865469,AZ.RDM.HHZ,0,up,6.368105888366699,1.4501953125,57.71875
1582790,10368281,CI.SGL.EHZ,1,down,31.897918701171875,2.33984375,53.875
1583152,13998828,CI.BCC.HHZ,0,up,10.763710975646973,1.5,57.3125
1583426,9816561,CI.PLT.EHZ,0,up,18.87220001220703,2.150390625,61.625
1583478,9689461,CI.SRT.EHZ,0,up,5.946980953216553,1.2197265625,36.875
1583633,10928341,EN.YOU.EHZ,0,up,4.957005023956299,1.75,14.1171875
1583966,14335472,WR.FRI.EHZ,0,up,6.021145343780518,1.9404296875,104.5625
1583971,15163809,AZ.SMER.HHZ,1,down,6.349280834197998,1.8095703125,82.0
1584241,11381554,CI.PLM.HHZ,0,up,47.89279556274414,1.2802734375,53.78125
1584356,15156585,EN.YOU.EHZ,1,down,5.7402544021606445,0.5,6.62890625
1584802,10013573,CI.TPC.EHZ,1,down,11.564546585083008,1.509765625,98.5
1585078,10345101,CI.MLAC.HHZ,1,down,6.243038654327393,3.0390625,58.5625
1585192,9741105,CI.YMD.EHZ,0,up,8.858710289001465,2.4609375,56.75
1585861,3329062,CI.TPO.EHZ,0,up,10.740641593933105,1.3203125,32.1875
1585879,10668573,ZY.MLDN.EHZ,1,down,12.383859634399414,1.669921875,59.78125
1586243,9173374,CI.RUS.HHZ,0,up,26.814048767089844,4.05078125,39.6875
1587122,14492016,PB.B087.EHZ,1,down,9.046006202697754,0.85009765625,28.296875
1587268,13959652,CI.SME.EHZ,1,down,6.579959392547607,1.3203125,31.15625
1587608,10151445,AZ.CRY.HHZ,0,up,12.243327140808105,0.81982421875,24.34375
1587689,14334172,PB.B086.EHZ,0,up,4.132792949676514,1.0595703125,75.6875
1587730,11011261,CI.MGE.HHZ,1,down,42.702781677246094,2.609375,24.171875
1587797,14204300,CI.PMD.HHZ,0,up,3.296011447906494,0.85009765625,65.5625
1588129,10839341,PB.B918.EHZ,0,up,6.089214324951172,-0.01000213623046875,18.265625
1588220,11391898,CI.DPP.HHZ,0,up,11.229218482971191,1.4404296875,94.0
1588446,10726453,AZ.LVA2.HHZ,0,up,23.631074905395508,0.5498046875,16.515625
1588547,9935293,AZ.WMC.HHZ,1,down,18.93324089050293,1.9599609375,86.0625
1588572,13946760,CI.SIL.EHZ,1,down,7.394411087036133,1.2197265625,5.30859375
1588804,14218140,AZ.KNW.HHZ,1,down,7.500739574432373,1.2802734375,65.4375
1589102,11130842,PB.B916.EHZ,1,down,13.293400764465332,1.0595703125,33.40625
1589545,14607156,AZ.WMC.HHZ,1,down,24.369455337524414,2.580078125,83.6875
1590051,11057885,CI.LMR2.HHZ,0,up,49.3841438293457,1.4404296875,11.640625
1590072,14554756,PB.B081.EHZ,1,down,9.075204849243164,0.8701171875,31.609375
1590188,14205864,CI.CRR.EHZ,0,up,4.28105354309082,2.259765625,107.8125
1590859,10774405,CI.WLH.EHZ,0,up,13.658082962036133,1.2802734375,22.421875
1591044,9643049,CI.SIL.EHZ,0,up,4.135810375213623,2.099609375,52.25
1591366,10985653,EN.ELM.EHZ,1,down,5.9639973640441895,0.5,0.72021484375
1591762,14167560,CI.WMF.EHZ,1,down,14.782711029052734,0.60986328125,13.40625
1591887,9140309,CI.RAG.EHZ,0,up,10.451866149902344,0.830078125,11.6875
1592046,13978648,CI.CAP.HHZ,1,down,11.808069229125977,1.9599609375,68.4375
1592090,14048916,CI.PDU.HHZ,1,down,3.6607472896575928,1.5595703125,21.625
1592650,14197132,AZ.SOL.HHZ,1,down,13.00777530670166,3.359375,92.375
1592897,14599620,AZ.FRD.HHZ,1,down,52.11020278930664,1.0400390625,28.4375
1593201,14209616,CI.SKY.EHZ,0,up,14.01140308380127,1.8095703125,29.59375
1593385,14347232,CI.COK.EHZ,1,down,3.5569307804107666,2.330078125,58.09375
1593474,14025348,CI.PLM.HHZ,1,down,983.709228515625,2.650390625,29.15625
1593823,13998768,CI.DRE.HHZ,1,down,87.84080505371094,3.58984375,61.46875
1593827,9146868,CI.HDB.EHZ,0,up,4.3058366775512695,1.509765625,12.140625
1593998,14997500,CI.BAC.EHZ,1,down,17.65267562866211,1.740234375,74.1875
1594220,11248994,CI.JRC2.HHZ,0,up,8.408228874206543,0.409912109375,13.359375
1594602,10237889,SB.WLA.HLZ,1,down,123.78274536132812,1.490234375,9.21875
1594660,12473076,CI.WS2.EHZ,1,down,9.47684383392334,1.3203125,34.15625
1594661,9883833,CI.WAS.EHZ,0,up,15.1074800491333,1.8701171875,45.71875
1594713,10922365,CI.SLR.HHZ,1,down,8.930086135864258,1.1298828125,15.7109375
1595582,9880825,CI.TPO.EHZ,1,down,28.341312408447266,2.119140625,63.375
1595777,10215997,AZ.WMC.HHZ,1,down,103.41101837158203,2.73046875,111.6875
1596226,10593437,ZY.MLDN.EHZ,1,down,27.97115707397461,1.66015625,1.51953125
1596698,9730461,CI.MAR.EHZ,1,down,59.79194259643555,1.5302734375,8.0078125
1596873,15117641,CI.POB.EHZ,1,down,67.43378448486328,1.2197265625,17.625
1596911,9968841,CI.PEM.EHZ,0,up,245.30511474609375,2.3203125,26.4375
1597161,10601157,ZY.OYSB.EHZ,0,up,19.329191207885742,2.8203125,58.46875
1597399,10317769,CI.WMF.EHZ,1,down,4.1576361656188965,2.330078125,40.3125
1597639,10345405,CI.RUN.EHZ,1,down,16.590003967285156,2.2109375,53.65625
1597655,14187496,CI.CAP.HHZ,1,down,37.75761032104492,2.51953125,63.34375
1597918,14403376,PB.B087.EHZ,1,down,7.54128885269165,0.830078125,21.8125
1599027,14254772,CI.PMD.HHZ,0,up,11.165321350097656,0.93994140625,35.78125
1599556,10216661,AZ.FRD.HHZ,1,down,16.03746223449707,0.990234375,11.5
1600048,9934637,CI.WAS.EHZ,1,down,5.619772434234619,1.7998046875,45.0625
1600170,10372997,CI.ALV.EHZ,1,down,31.511497497558594,2.400390625,118.375
1600510,10981013,PB.B087.EHZ,0,up,10.396049499511719,0.01000213623046875,3.560546875
1600943,9923585,CI.AGA.HHZ,1,down,21.86716651916504,1.58984375,18.609375
1601126,9793253,CI.PSP.EHZ,1,down,26.997167587280273,1.5302734375,26.046875
1601243,10797389,CI.WRV.EHZ,0,up,8.384114265441895,0.300048828125,1.7099609375
1601361,10587509,ZY.OYSB.EHZ,0,up,5.777272701263428,2.369140625,46.78125
1601364,10228829,CI.HOL.EHZ,1,down,22.288272857666016,1.4404296875,82.0
1601810,14149992,CI.HEC.HHZ,0,up,9.642950057983398,1.0,13.9296875
1602311,15008460,PB.B081.EHZ,1,down,1.805087924003601,0.830078125,57.40625
1602366,14086132,CI.JRC2.HHZ,0,up,37.16474533081055,0.7998046875,6.9296875
1602495,14176652,CI.HDB.EHZ,0,up,21.62225341796875,1.0302734375,15.453125
1602722,9961737,CI.TEH.HHZ,0,up,10.819064140319824,1.2099609375,23.015625
1602848,10183105,CI.MPI.HHZ,1,down,2.7195756435394287,1.4599609375,90.0
1602871,14722628,CI.CCC.HHZ,1,down,14.396471977233887,1.759765625,47.8125
1602874,14325148,CI.POB.EHZ,1,down,54.3400993347168,1.3701171875,26.0
1602919,14007864,CI.EW2.EHZ,0,up,32.31154251098633,2.6796875,51.5
1603297,9802833,CI.ISA.HHZ,1,down,10.2003755569458,1.6796875,72.4375
1604217,11370506,CI.SLR.HHZ,0,up,11.53409481048584,1.9404296875,92.5
1604595,14086120,AZ.PFO.HHZ,0,up,22.007888793945312,1.4501953125,46.71875
1605107,10285553,CI.LRR.EHZ,1,down,3.509899377822876,1.1298828125,38.25
1605114,10281313,CI.SLR.HHZ,1,down,12.926789283752441,2.390625,55.03125
1605186,10541485,CI.ADO.HHZ,1,down,5.053263187408447,2.2109375,63.875
1605236,14848964,CI.ERP.EHZ,1,down,32.036067962646484,2.099609375,11.1484375
1605564,14500484,PB.B084.EHZ,1,down,10.035665512084961,1.0595703125,24.4375
1605570,10738405,AZ.SND.HHZ,0,up,26.67237091064453,1.7099609375,20.703125
1606052,10098121,CI.PLT.EHZ,0,up,12.276093482971191,2.25,64.75
1606060,14604860,AZ.PFO.HHZ,1,down,15.036149024963379,1.6298828125,45.4375
1606135,10296913,AZ.HWB.HHZ,1,down,4.704131126403809,1.4404296875,70.9375
1606228,14239240,AZ.MONP.HHZ,0,up,16.91436004638672,0.89990234375,12.609375
1606632,9722137,CI.WNM.EHZ,0,up,57.22612380981445,1.009765625,13.90625
1607789,14200284,CI.SLR.HHZ,0,up,3.8869454860687256,3.05078125,93.9375
1607815,13944068,AZ.FRD.HHZ,0,up,91.70665740966797,1.2001953125,16.90625
1608076,9171795,CI.TPO.EHZ,1,down,8.981208801269531,1.0,33.125
1608197,10166421,CI.MWC.HHZ,0,up,2.1223011016845703,0.81982421875,38.09375
1608374,15102844,EN.HAT.EHZ,1,down,5.022430419921875,1.259765625,16.703125
1608715,10379045,AZ.SND.HHZ,1,down,9.13560962677002,1.0498046875,10.7265625
1608749,10028661,CI.EML.HHZ,1,down,124.51924896240234,2.2890625,49.21875
1608862,10907133,AZ.RDM.HHZ,0,up,7.549979209899902,0.60009765625,12.953125
1609124,10367833,CI.WSH.EHZ,1,down,6.70354700088501,0.740234375,22.78125
1609381,13813256,CI.WCH.EHZ,1,down,3.081202745437622,0.5,22.015625
1609560,14395624,CI.WMF.EHZ,1,down,3.4171810150146484,1.2001953125,6.21875
1609569,15180977,AZ.BZN.HHZ,1,down,3.4239306449890137,1.6103515625,76.5
1609627,11364746,CI.XTL.EHZ,1,down,35.08110427856445,1.2099609375,25.84375
1609639,9171609,CI.TPM.EHZ,1,down,5.921082019805908,1.400390625,34.5625
1609926,11389930,EN.YOU.EHZ,0,up,20.802875518798828,1.0498046875,6.33984375
1610037,9936285,CI.BOR.HHZ,1,down,5.844118595123291,1.259765625,10.7109375
1610045,10321973,CI.BAC.EHZ,0,up,6.576790809631348,0.97998046875,58.875
1610395,14132768,CI.BAC.EHZ,1,down,17.231903076171875,2.140625,96.75
1610853,14722484,ZY.USG.EHZ,1,down,2.9149205684661865,1.759765625,24.796875
1611394,13935820,CI.BLA.HHZ,1,down,5.207709789276123,1.23046875,25.1875
1611491,11208162,AZ.KNW.HHZ,1,down,10.494353294372559,1.419921875,70.8125
1611803,14185260,AZ.LVA2.HHZ,0,up,19.242816925048828,0.919921875,48.84375
1611815,9661241,CI.WWP.EHZ,0,up,9.064292907714844,1.2001953125,8.578125
1612239,10372109,AZ.WMC.HHZ,1,down,6.342145919799805,0.64013671875,14.8125
1612326,10542805,CI.SNO.HHZ,0,up,9.13071346282959,1.009765625,35.0625
1612497,10992373,CI.GAV.EHZ,0,up,1.7704066038131714,0.990234375,18.59375
1612719,12927544,AZ.MONP.HHZ,0,up,1.9872692823410034,1.5595703125,49.90625
1612798,9160138,CI.RAG.EHZ,0,up,493.2085266113281,2.650390625,16.71875
1613077,10906165,CI.PMD.HHZ,0,up,5.023030757904053,0.68994140625,35.125
1613390,11088506,PB.B087.EHZ,1,down,19.2281436920166,1.5400390625,57.78125
1613477,10356505,AZ.RDM.HHZ,1,down,11.6272611618042,1.48046875,69.9375
1613801,10068893,CI.HOL.EHZ,1,down,17.471912384033203,2.220703125,83.6875
1613841,10757061,CI.PMD.HHZ,0,up,17.323030471801758,0.8798828125,30.65625
1614150,14198984,CI.DJJ.HHZ,0,up,82.20756530761719,1.3896484375,17.765625
1614643,15010244,EN.LIN.EHZ,1,down,3.4885482788085938,1.2802734375,1.759765625
1614779,11335706,AZ.KNW.HHZ,0,up,111.62561798095703,2.080078125,32.46875
1615026,9774789,CI.TEH.HHZ,0,up,395.0552673339844,1.7900390625,16.40625
1615387,10411545,CI.RUS.HHZ,1,down,21.65879249572754,4.0390625,26.3125
1615505,11127810,CI.EML.HHZ,0,up,25.44963836669922,1.26953125,58.09375
1616445,9677273,CI.WJP.EHZ,1,down,4.707594871520996,1.509765625,86.5
1616461,10276837,CI.BOR.HHZ,0,up,9.262861251831055,2.4609375,89.3125
1616466,11210066,PB.B087.EHZ,0,up,30.465076446533203,0.7998046875,5.80078125
1616605,10908733,AZ.SND.HHZ,0,up,2.1067347526550293,0.60009765625,15.1796875
1616929,14243704,CI.SIM.EHZ,0,up,7.388620853424072,2.140625,78.0
1616981,9645217,CI.WHV.EHZ,0,up,6.4137864112854,2.349609375,54.625
1617061,14237152,CI.SAL.HHZ,0,up,5.829640865325928,0.81982421875,6.0390625
1617067,14147984,CI.THC.EHZ,1,down,9.195556640625,1.2998046875,38.1875
1617406,10737765,AZ.CRY.HHZ,0,up,20.089298248291016,1.16015625,28.75
1617825,11326698,CI.TPC.EHZ,0,up,16.14202117919922,1.349609375,41.15625
1617863,14371580,AZ.RDM.HHZ,1,down,9.303587913513184,1.169921875,47.125
1618308,11085674,CI.HMT.EHZ,1,down,2.689950942993164,0.489990234375,40.28125
1618334,9690565,CI.WLH.EHZ,1,down,4.68140172958374,1.830078125,38.8125
1619289,10871197,CI.SWS.HHZ,1,down,5.320220947265625,1.3701171875,51.3125
1619317,14208196,AZ.HWB.HHZ,0,up,24.921606063842773,1.33984375,33.0
1619409,14298068,CI.TOR.HHZ,0,up,303.6408386230469,3.419921875,21.703125
1619590,10737701,CI.BLA2.HHZ,1,down,52.142391204833984,1.9697265625,73.375
1620775,10222277,CI.PLM.HHZ,0,up,20.367469787597656,1.4501953125,40.46875
1620921,11360546,CI.CTW.EHZ,1,down,48.560543060302734,2.83984375,95.5625
1620932,9634589,CI.AGA.HHZ,0,up,27.096755981445312,1.7099609375,27.875
1621325,15164145,CI.PLS.HHZ,1,down,1.529055118560791,1.6904296875,20.640625
1621497,11129842,CI.SNO.HHZ,1,down,2.2389440536499023,1.9599609375,7.171875
1621602,14085732,CI.XTL.EHZ,0,up,4.510035514831543,1.4599609375,67.125
1621891,14157556,CI.ISA.HHZ,0,up,7.150365829467773,0.330078125,15.1796875
1622586,14161256,AZ.SND.HHZ,1,down,11.577072143554688,0.58984375,11.296875
1622701,9645025,CI.WWP.EHZ,1,down,21.552494049072266,1.48046875,26.84375
1623018,15080036,PB.B081.EHZ,1,down,93.89501953125,1.41015625,23.875
1623126,9792529,CI.WRV.EHZ,0,up,19.133930206298828,1.1201171875,1.5400390625
1623872,10742621,CI.SAL.HHZ,0,up,4.461334228515625,1.7802734375,52.3125
1624025,10167633,CI.MUR.HHZ,1,down,3.835740804672241,1.41015625,38.59375
1624198,14285232,CI.LUG.HHZ,0,up,3.2219488620758057,2.220703125,57.65625
1624218,14962508,CI.DNR.HHZ,1,down,11.283900260925293,0.85986328125,14.109375
1624716,14884692,PG.ML.EHZ,1,down,23.608388900756836,1.900390625,12.4609375
1624846,11614420,CI.TAB.EHZ,0,up,29.751893997192383,2.6796875,53.28125
1625557,10372837,CI.SGL.EHZ,0,up,14.885927200317383,2.669921875,57.5625
1626011,14685908,ZY.USG.EHZ,1,down,23.32259750366211,2.76953125,22.640625
1626081,10367837,CI.SNO.HHZ,1,down,18.9791259765625,1.9697265625,37.96875
1626101,14213312,AZ.LVA2.HHZ,1,down,3.276923894882202,0.429931640625,18.765625
1626438,9163386,CI.WVP.EHZ,0,up,48.69576644897461,1.3701171875,11.1484375
1626599,14686820,ZY.PNTO.EHZ,1,down,41.33128356933594,1.349609375,5.7109375
1626827,10276773,CI.GOR.HHZ,0,up,18.157930374145508,2.939453125,87.375
1626829,9161166,CI.WRV.EHZ,0,up,5.642113208770752,1.349609375,33.84375
1627088,11103210,CI.JEM.HHZ,0,up,9.819334983825684,0.8701171875,30.6875
1627178,9161307,CI.HYS.EHZ,0,up,52.2830696105957,1.849609375,21.546875
1627397,14219560,CI.RUN.EHZ,1,down,42.861289978027344,2.380859375,66.4375
1627557,14599140,PG.ML.EHZ,1,down,21.21266746520996,2.9296875,115.375
1627925,11389594,PB.B918.EHZ,0,up,66.46260070800781,1.0703125,18.265625
1628212,10094129,CI.WOF.EHZ,0,up,95.72367095947266,2.439453125,67.5
1628433,14585236,PB.B084.EHZ,1,down,40.8231086730957,1.26953125,29.984375
1628950,10349213,CI.SPG2.HHZ,0,up,7.026707649230957,2.3203125,83.625
1629049,11276394,CI.HMT.EHZ,0,up,3.677551746368408,1.0703125,56.46875
1629440,14562476,CI.HEC.HHZ,1,down,10.258746147155762,1.5,13.3125
1629482,10008781,AZ.CRY.HHZ,1,down,7.754228591918945,0.759765625,13.59375
1629508,14562892,CI.ERP.EHZ,1,down,12.263105392456055,1.7802734375,65.0
1629582,10497221,CI.BOR.HHZ,1,down,288.8733825683594,1.2197265625,8.8125
1629960,14086564,CI.WCS.EHZ,1,down,19.670312881469727,0.300048828125,2.51953125
1630000,9154871,CI.WNM.EHZ,0,up,9.30563735961914,1.4296875,35.0625
1630044,13959648,AZ.KNW.HHZ,0,up,2.9988815784454346,0.60009765625,35.625
1630303,13947552,CI.EW2.EHZ,0,up,2.8607523441314697,1.759765625,57.8125
1630778,10276637,CI.BLA.HHZ,0,up,174.36383056640625,3.5,107.1875
1630850,14215120,CI.JCS.HHZ,0,up,10.142976760864258,2.94921875,93.375
1630880,9697437,CI.WVP.EHZ,0,up,139.0592041015625,1.41015625,11.7265625
1630943,9724125,CI.WHF.EHZ,0,up,15.280269622802734,1.91015625,73.125
1631060,14202124,CI.THC.EHZ,0,up,23.262643814086914,2.2890625,83.1875
1631221,14929388,AZ.BZN.HHZ,1,down,6.264341354370117,0.669921875,31.234375
1631239,14085440,CI.STT.EHZ,0,up,3.6357076168060303,1.759765625,34.65625
1631670,9848285,AZ.BZN.HHZ,0,up,9.173835754394531,1.099609375,30.8125
1631701,10777277,AZ.SND.HHZ,0,up,307.6434020996094,2.55078125,22.984375
1631704,9153620,CI.COK.EHZ,1,down,3.7725794315338135,1.8701171875,34.34375
1631741,14148116,CI.HOL.EHZ,0,up,2.7343697547912598,1.58984375,90.6875
1631979,14297256,CI.WBM.EHZ,0,up,4.138463020324707,1.169921875,41.375
1632075,10347301,AZ.PFO.HHZ,0,up,2.576756000518799,1.2001953125,46.1875
1632500,14186660,CI.RYS.EHZ,1,down,33.228797912597656,2.33984375,53.25
1632948,11410562,CI.POB.EHZ,1,down,224.79412841796875,2.5390625,46.65625
1632968,9880465,CI.CLC.EHZ,0,up,4.365299701690674,2.119140625,112.0
1633130,14118340,CI.TOW.EHZ,0,up,10.947089195251465,1.990234375,43.34375
1633392,9165751,CI.RAY.EHZ,1,down,22.063650131225586,1.83984375,30.9375
1633469,11408058,CI.JRC2.HHZ,0,up,5.83238410949707,0.6201171875,22.125
1633816,9992749,AZ.FRD.HHZ,1,down,18.12895965576172,1.0595703125,30.8125
1633937,9799641,CI.ISA.HHZ,1,down,41.482276916503906,2.939453125,102.25
1635035,14929836,AZ.CPE.HHZ,1,down,25.97088623046875,2.9609375,95.75
1635036,14282788,CI.SWS.HHZ,0,up,5.5525031089782715,1.259765625,33.90625
1635469,13937648,CI.SIL.EHZ,0,up,37.476097106933594,1.26953125,4.66015625
1635744,10754397,CI.YUH.EHZ,1,down,51.439937591552734,1.990234375,67.3125
1636009,10250725,CI.YUH.EHZ,1,down,179.03485107421875,2.650390625,65.4375
1636038,15191649,CI.WAS.EHZ,1,down,48.154327392578125,3.5390625,83.4375
1636162,3329708,CI.WBS.EHZ,1,down,9.959342002868652,3.400390625,108.125
1636554,10373009,CI.CCC.HHZ,1,down,2.1867666244506836,1.4599609375,51.53125
1637270,15056116,CI.NOT.EHZ,1,down,15.41600227355957,2.919921875,39.125
1637488,14094764,CI.XTL.EHZ,0,up,8.010168075561523,1.5595703125,30.609375
1637592,10484677,CI.WRC.EHZ,0,up,2.2275164127349854,1.2998046875,54.28125
1637861,9158426,CI.SRT.EHZ,0,up,19.068439483642578,1.2900390625,22.84375
1638570,10906205,PB.B084.EHZ,0,up,8.438896179199219,1.1298828125,49.625
1638703,9673681,CI.WRV.EHZ,1,down,30.981077194213867,2.599609375,1.759765625
1638705,9828133,AZ.WMC.HHZ,1,down,13.50403881072998,1.0498046875,15.40625
1638862,10029333,CI.MDA.EHZ,0,up,5.205091953277588,1.4599609375,11.65625
1638915,13938288,CI.SIL.EHZ,0,up,56.219451904296875,0.85009765625,4.109375
1639116,11034469,BC.CBX.HHZ,1,down,131.63223266601562,3.849609375,110.0
1639352,12755464,AZ.LVA2.HHZ,0,up,10.368680000305176,1.25,16.21875
1639567,10438233,CI.PMD.HHZ,1,down,10.056268692016602,0.89013671875,55.5625
1640111,13315432,CI.IR2.EHZ,1,down,7.019867897033691,2.470703125,62.71875
1640128,10607597,ZY.USG.EHZ,1,down,15.787381172180176,2.439453125,20.65625
1640320,14025084,CI.ALV.EHZ,0,up,207.38308715820312,3.080078125,40.3125
1640740,14463376,CI.CGO.HHZ,1,down,89.18165588378906,1.509765625,17.265625
1640915,10226925,CI.BOR.HHZ,1,down,29.776485443115234,1.7802734375,33.21875
1640939,9164789,CI.WRV.EHZ,1,down,40.344268798828125,0.7001953125,5.55078125
1641062,10751813,CI.YUH.EHZ,1,down,214.89990234375,2.08984375,6.9609375
1641502,9717089,CI.CHF.HHZ,1,down,3.66494083404541,1.8095703125,51.375
1641619,10150365,AZ.WMC.HHZ,1,down,8.336115837097168,1.33984375,12.34375
1641652,14277636,AZ.KNW.HHZ,0,up,13.530792236328125,0.7998046875,25.796875
1641659,10320693,CI.PSD.HHZ,0,up,1.0882660150527954,0.9501953125,41.625
1641740,10545109,CI.HMT.EHZ,1,down,34.99919509887695,1.8095703125,36.0
1642586,13994068,AZ.RDM.HHZ,0,up,2.968151807785034,1.400390625,13.21875
1642694,14150572,AZ.FRD.HHZ,0,up,9.786707878112793,0.66015625,20.984375
1642962,10083273,CI.MCT.HHZ,0,up,3.8309333324432373,1.7197265625,97.625
1643059,9670757,CI.BBR.HHZ,1,down,68.92402648925781,2.919921875,27.421875
1643635,13916268,CI.PLS.HHZ,0,up,2.346118211746216,1.349609375,37.8125
1644363,11387514,CI.SS2.EHZ,0,up,5.301431179046631,1.4697265625,93.0
1644975,10146601,AZ.BZN.HHZ,0,up,3.603485584259033,1.330078125,40.40625
1645128,10408553,CI.MCT.HHZ,1,down,7.37734842300415,1.990234375,101.3125
1645324,9143695,CI.SME.EHZ,0,up,24.184907913208008,2.330078125,41.125
1645460,10922469,AZ.WMC.HHZ,0,up,14.806927680969238,1.16015625,34.4375
1645509,14152652,CI.RAY.EHZ,1,down,6.471819877624512,1.7099609375,63.9375
1645731,10980941,CI.BLA2.HHZ,1,down,13.585057258605957,1.1103515625,36.4375
1646018,9167699,CI.YMD.EHZ,0,up,2.3910648822784424,1.83984375,75.125
1646089,11383898,CI.WRV.EHZ,0,up,15.915959358215332,0.81982421875,7.66015625
1646109,10827205,PB.B082.EHZ,1,down,70.30184173583984,1.16015625,13.578125
1646219,11418882,CI.DTP.EHZ,0,up,244.024658203125,2.83984375,58.90625
1646250,9773821,CI.BMT.EHZ,0,up,6.271019458770752,1.0,51.4375
1646661,14214852,CI.ISA.HHZ,1,down,209.2863311767578,1.6904296875,23.296875
1647127,14887228,AZ.CRY.HHZ,1,down,26.982309341430664,0.27001953125,10.53125
1647197,15194985,AZ.CRY.HHZ,1,down,11.349678039550781,1.0595703125,87.8125
1647375,10487269,CI.WLH.EHZ,1,down,52.65806198120117,2.060546875,11.65625
1647699,14179960,CI.WI2.EHZ,1,down,4.47879695892334,1.8095703125,11.9296875
1648158,12459428,CI.DVT.HHZ,1,down,15.562530517578125,2.580078125,82.6875
1648488,10741885,CI.TOR.HHZ,0,up,7.319524765014648,1.23046875,24.640625
1648588,10994357,CI.LFP.HHZ,1,down,31.62745475769043,2.509765625,4.19140625
1648650,9806433,CI.SLR.HHZ,1,down,2.7007339000701904,1.4599609375,47.6875
1648739,9630441,CI.SIP.EHZ,1,down,16.243560791015625,2.0,35.9375
1648920,14342960,CI.MLAC.HHZ,1,down,145.5323028564453,2.939453125,38.5625
1649257,9146581,CI.SHE.EHZ,1,down,9.527490615844727,2.740234375,80.5
1649294,11047885,CI.PMD.HHZ,1,down,17.67109489440918,0.85009765625,34.53125
1649420,14343104,AZ.LVA2.HHZ,1,down,141.13011169433594,2.30078125,57.25
1649509,15159041,CI.SME.EHZ,1,down,5.929778575897217,1.73046875,104.625
1649982,12719432,CI.ALV.EHZ,1,down,4.109013557434082,1.7197265625,109.6875
1650226,9141395,CI.WRC.EHZ,1,down,107.35006713867188,1.9296875,15.5625
1650339,11133762,CI.FHO.HHZ,1,down,10.553232192993164,1.9404296875,45.65625
1650347,10985917,CI.RXH.HHZ,0,up,6.5515828132629395,0.89990234375,1.3896484375
1650369,9157599,CI.SBK.EHZ,0,up,50.71958923339844,1.9697265625,9.390625
1650579,9989585,AZ.WMC.HHZ,1,down,17.091838836669922,1.5400390625,67.9375
1650623,10067405,CI.MWC.HHZ,1,down,13.394829750061035,3.640625,73.75
1651085,14199556,CI.SLR.HHZ,1,down,8.45403003692627,1.330078125,57.125
1651446,10319369,CI.BBR.HHZ,0,up,2.555708646774292,1.0595703125,27.234375
1651878,11064405,CI.CLC.HHZ,1,down,78.1883544921875,1.3203125,27.0625
1652277,10100585,CI.SWS.HHZ,0,up,11.120147705078125,2.490234375,73.125
1652348,15008220,AZ.WMC.HHZ,1,down,4.811945915222168,1.400390625,71.3125
1652432,11068373,EN.OBS.EHZ,0,up,40.750823974609375,1.240234375,3.23046875
1652548,9150176,CI.LUC.EHZ,0,up,3.621657371520996,1.73046875,48.0
1652979,11027045,AZ.BZN.HHZ,1,down,17.91696548461914,1.3798828125,60.59375
1653290,10776853,CI.PMD.HHZ,1,down,44.23638916015625,0.830078125,16.90625
1653393,9171034,CI.HMT.EHZ,0,up,5.864075183868408,2.240234375,84.75
1653991,9666033,CI.WOR.EHZ,0,up,97.44508361816406,1.6396484375,21.375
1654249,14552972,CI.WBS.HHZ,1,down,64.40068054199219,2.140625,26.40625
1654873,11062901,CI.SBB2.HHZ,1,down,23.411136627197266,0.72998046875,12.9609375
1654939,14422264,CI.CLC.HHZ,1,down,110.13983917236328,1.3603515625,48.625
1655501,14171644,CI.BTL.EHZ,0,up,5.084622383117676,1.4697265625,44.15625
1655734,9146630,CI.LKL.HHZ,1,down,7.494231224060059,3.529296875,62.78125
1655996,14502508,PB.B093.EHZ,1,down,28.682668685913086,1.9296875,81.0
1656038,9663641,CI.SRN.HHZ,0,up,2.6340203285217285,2.94921875,54.375
1656051,10235481,CI.MWC.HHZ,0,up,12.531330108642578,1.6796875,54.90625
1656091,15075468,PB.B081.EHZ,1,down,5.326920986175537,0.6201171875,37.96875
1656359,9718577,CI.BAC.EHZ,0,up,17.278085708618164,1.349609375,56.5
1656446,9661445,CI.GTM.EHZ,0,up,8.309505462646484,2.669921875,41.03125
1656517,13974488,CI.BTL.EHZ,0,up,6.393727779388428,2.01953125,35.53125
1656801,10491453,CI.CRR.EHZ,1,down,27.083698272705078,3.130859375,36.875
1656931,10408361,AZ.CRY.HHZ,0,up,11.851865768432617,0.68994140625,10.9375
1657019,11103794,CI.DGR.HHZ,0,up,18.83934211730957,0.58984375,24.53125
1657044,11346274,AZ.BZN.HHZ,0,up,2.577099561691284,1.509765625,68.6875
1657827,9683413,CI.WCS.EHZ,0,up,6.120192050933838,1.0,10.546875
1658125,9146336,CI.WOF.EHZ,1,down,3.797647714614868,1.990234375,91.3125
1658402,3329536,CI.HMT.EHZ,1,down,29.95513916015625,2.05078125,43.3125
1658437,10745485,CI.DGR.HHZ,0,up,11.855475425720215,1.150390625,53.40625
1658444,10215953,CI.CBK.EHZ,0,up,3.93281888961792,1.7099609375,75.375
1658548,10099889,CI.YUH.EHZ,1,down,4.676908016204834,1.7001953125,60.0625
1659361,10284841,CI.TOW.EHZ,1,down,3.9777939319610596,0.7001953125,45.21875
1659577,11132330,PB.B084.EHZ,1,down,15.01248550415039,0.7998046875,19.421875
1659876,10285065,AZ.FRD.HHZ,1,down,13.589035987854004,1.0498046875,28.578125
1659889,10826037,CI.SHE.EHZ,0,up,28.319263458251953,2.380859375,67.3125
1660012,10875733,PB.B093.EHZ,1,down,9.239822387695312,2.119140625,77.75
1660045,14570092,CI.MSC.HHZ,1,down,27.081527709960938,2.4296875,66.5
1660221,10320073,PB.B082.EHZ,0,up,11.368341445922852,1.1796875,47.65625
1660697,10963901,CI.DGR.HHZ,0,up,8.548723220825195,0.68994140625,27.234375
1660738,10545309,AZ.HWB.HHZ,1,down,8.435723304748535,1.75,107.5625
1661552,14683140,ZY.OCCM.EHZ,1,down,10.941976547241211,1.41015625,8.203125
1661645,14406272,CI.WBM.EHZ,1,down,39.159305572509766,2.4609375,37.3125
1661988,13887432,AZ.WMC.HHZ,0,up,2.9235172271728516,0.93017578125,14.6875
1662097,9887289,CI.RYS.EHZ,1,down,7.503140926361084,0.0,54.96875
1662356,10355321,PB.B087.EHZ,1,down,9.933259963989258,1.08984375,27.140625
1662372,14443328,CI.WSH.EHZ,1,down,19.93702507019043,0.81005859375,44.625
1662529,14585836,EN.LIN.EHZ,1,down,4.129793167114258,1.8701171875,4.12890625
1663274,9133737,CI.RMR.EHZ,0,up,26.51673126220703,1.990234375,67.25
1663315,10458485,CI.BOR.HHZ,1,down,11.885104179382324,1.2900390625,12.4296875
1663428,12443920,CI.AGA.HHZ,0,up,39.237735748291016,1.6103515625,35.0
1663620,10216937,CI.ISA.HHZ,0,up,23.03816795349121,1.16015625,33.5
1663672,14598684,AZ.LVA2.HHZ,1,down,343.197998046875,2.529296875,15.828125
1663926,14248448,CI.CAP.HHZ,0,up,5.256314754486084,1.2001953125,26.1875
1664561,14257040,CI.XTL.EHZ,0,up,24.156068801879883,2.560546875,83.625
1664797,9815813,CI.RAY.EHZ,0,up,7.888526439666748,1.6796875,48.8125
1665278,9810457,CI.JCS.HHZ,0,up,3.3299832344055176,0.7998046875,25.109375
1665509,14693404,CI.CCA.EHZ,1,down,12.121176719665527,1.3603515625,19.34375
1665668,14217236,CI.LUC.EHZ,0,up,11.28296947479248,2.779296875,104.5
1665839,14287296,CI.EDW2.HHZ,0,up,15.440573692321777,1.8095703125,66.75
1665902,14219924,CI.FRK.EHZ,1,down,5.105181694030762,1.98046875,43.125
1667058,14185680,CI.BOR.HHZ,1,down,4.287998199462891,1.23046875,25.21875
1667175,10246829,CI.CHF.HHZ,1,down,9.11195182800293,1.2099609375,44.75
1667640,10187393,CI.DNR.HHZ,0,up,12.690362930297852,0.740234375,15.0234375
1667935,10014269,CI.WRV.EHZ,0,up,22.371845245361328,0.7001953125,6.6015625
1668102,14091180,CI.SGL.EHZ,0,up,21.95166015625,1.8798828125,37.6875
1668496,9171589,CI.WCS.EHZ,1,down,11.284181594848633,1.5302734375,13.0078125
1668775,14368316,CI.DNR.HHZ,1,down,6.821352958679199,1.0400390625,12.53125
1668911,10930853,CI.XTL.EHZ,1,down,11.88244915008545,1.509765625,47.5625
1669145,13992264,CI.BOR.HHZ,1,down,94.8288803100586,1.2998046875,23.3125
1669579,9975373,CI.ERP.EHZ,0,up,6.797961235046387,1.7802734375,33.0625
1669705,9796577,CI.SS2.EHZ,0,up,3.216581344604492,1.5595703125,21.6875
1669782,14561452,CI.TOR.HHZ,1,down,30.578310012817383,1.26953125,26.5
1670093,14554548,CI.CGO.HHZ,1,down,160.61376953125,1.91015625,19.546875
1670171,10486205,PB.B086.EHZ,1,down,27.308330535888672,0.85009765625,12.6015625
1670481,13914448,CI.WS2.EHZ,0,up,10.437383651733398,1.76953125,68.625
1670497,14434552,CI.BC3.HHZ,1,down,1.3756959438323975,1.6103515625,46.6875
1670561,9970109,AZ.WMC.HHZ,1,down,19.514589309692383,1.0,12.890625
1670609,14200624,CI.DNR.HHZ,1,down,10.260126113891602,1.2998046875,19.109375
1670897,10228453,AZ.CRY.HHZ,1,down,10.63619613647461,0.97998046875,20.171875
1670978,15159129,PB.B086.EHZ,1,down,14.050274848937988,1.3603515625,13.0390625
1671022,10288145,CI.POB.EHZ,0,up,5.934665679931641,1.0302734375,27.90625
1671417,11394890,AZ.PFO.HHZ,0,up,9.467584609985352,0.85009765625,29.59375
1671834,14189644,CI.BC3.HHZ,0,up,4.284592628479004,2.720703125,119.75
1672097,13913356,CI.RMR.EHZ,1,down,135.27774047851562,2.2890625,55.96875
1672112,14333064,AZ.PFO.HHZ,1,down,546.9730834960938,1.91015625,14.6015625
1672187,14353880,CI.ABL.EHZ,1,down,40.98698043823242,3.470703125,32.4375
1672584,11614316,CI.AGA.HHZ,1,down,42.01321792602539,1.849609375,27.203125
1672603,9805053,CI.AGA.HHZ,0,up,31.10279083251953,1.16015625,35.53125
1672631,9157919,CI.WJP.EHZ,0,up,4.952913284301758,1.7001953125,29.171875
1672783,10838645,PB.B084.EHZ,1,down,56.7416877746582,1.8203125,73.25
1672914,11387274,CI.IPT.HHZ,0,up,2.8023085594177246,1.2900390625,61.5625
1673023,9636053,CI.ARV.EHZ,0,up,13.786164283752441,2.009765625,27.53125
1673411,9876909,CI.SLR.HHZ,1,down,41.4680061340332,1.990234375,15.1875
1673414,10368925,CI.MCT.HHZ,0,up,40.573326110839844,2.23046875,75.375
1673826,10200841,CI.FRK.EHZ,0,up,13.62732219696045,3.6796875,40.9375
1673955,14852476,PB.B093.EHZ,1,down,13.78673267364502,0.3701171875,12.1328125
1674012,14407812,CI.CLC.HHZ,1,down,98.29529571533203,1.169921875,28.34375
1674104,9700933,CI.BOR.HHZ,0,up,2.956174612045288,0.83984375,22.03125
1674210,14387248,AZ.LVA2.HHZ,1,down,11.657322883605957,1.150390625,77.1875
1674862,14079240,CI.WRC.EHZ,0,up,3.2462713718414307,0.5,30.3125
1675184,14196804,AZ.YAQ.HHZ,1,down,7.574736595153809,1.490234375,77.125
1675466,14006108,CI.SES.HHZ,0,up,7.737277507781982,1.990234375,1.419921875
1675510,14002304,CI.DNR.HHZ,1,down,5.371272563934326,0.58984375,11.078125
1676285,14202672,CI.WVP.EHZ,1,down,1.2411895990371704,0.68994140625,10.7734375
1676552,10057197,CI.MGE.HHZ,0,up,13.92626667022705,2.720703125,19.359375
1676947,9141850,CI.SUN.EHZ,0,up,16.305599212646484,1.6796875,25.984375
1677106,14151900,CI.BOR.HHZ,0,up,3.3138115406036377,1.08984375,30.078125
1677349,14147900,CI.RMR.EHZ,1,down,109.24112701416016,1.9697265625,29.984375
1677433,10827205,AZ.LVA2.HHZ,1,down,27.749059677124023,1.16015625,18.484375
1677462,14981540,CI.JEM.HHZ,1,down,9.411404609680176,1.83984375,89.125
1677652,10228577,CI.JVA.HHZ,1,down,1.9446836709976196,0.990234375,48.15625
1678156,14621052,CI.YUH.EHZ,1,down,18.88116455078125,3.080078125,55.53125
1678741,10595213,ZY.WAGN.EHZ,0,up,17.25752830505371,1.2998046875,9.3984375
1678763,10151405,CI.HDB.EHZ,0,up,3.666630268096924,0.9501953125,18.265625
1679040,10287657,CI.POB.EHZ,1,down,5.874773025512695,1.1103515625,23.71875
1679464,9635825,CI.SIL.EHZ,1,down,43.42880630493164,2.009765625,70.75
1679678,9163887,CI.WVP.EHZ,0,up,11.66982364654541,1.0,10.5234375
1680664,11049653,PB.B921.EHZ,1,down,8.939873695373535,1.51953125,63.96875
1681140,11411658,AZ.BZN.HHZ,0,up,3.364902973175049,0.580078125,26.1875
1681229,9652033,AZ.FRD.HHZ,0,up,526.25146484375,2.08984375,17.546875
1681488,14367616,CI.GRP.EHZ,1,down,31.000179290771484,1.6103515625,64.125
1682150,12448020,CI.LEO.EHZ,1,down,23.860620498657227,1.849609375,59.8125
1682412,9648193,CI.LRL.HHZ,0,up,9.57895278930664,2.689453125,51.4375
1682446,9714737,CI.WOF.EHZ,0,up,11.903809547424316,1.0,38.96875
1682517,9776349,CI.SGL.EHZ,0,up,57.651390075683594,3.16015625,103.3125
1682532,9138103,CI.TPM.EHZ,0,up,45.43403625488281,2.05078125,39.25
1682768,14086128,AZ.WMC.HHZ,0,up,11.031952857971191,0.6298828125,14.203125
1683828,10838893,CI.BOR.HHZ,1,down,79.21484375,1.58984375,27.96875
1684020,10218293,AZ.BZN.HHZ,1,down,11.210074424743652,1.509765625,25.703125
1684221,11405690,AZ.CRY.HHZ,1,down,15.756335258483887,0.330078125,19.90625
1684228,14520244,CI.CCC.HHZ,1,down,34.88130569458008,2.7109375,106.625
1684823,10044241,AZ.PFO.HHZ,1,down,4.845829486846924,1.099609375,41.34375
1685191,9652249,AZ.MONP.HHZ,1,down,11.134404182434082,1.8095703125,23.015625
1685438,10611373,ZY.USG.EHZ,1,down,7.3304123878479,1.6396484375,11.84375
1685559,10743477,PB.B084.EHZ,1,down,370.9035339355469,1.6103515625,16.71875
1685682,14295876,CI.JRC2.HHZ,0,up,27.493804931640625,0.68017578125,12.5390625
1685683,10932741,AZ.LVA2.HHZ,0,up,45.41524124145508,1.75,46.65625
1686555,9136001,CI.HDB.EHZ,0,up,4.380346775054932,1.400390625,26.703125
1686886,9167177,CI.TPM.EHZ,0,up,8.184490203857422,1.650390625,42.875
1687135,9964765,CI.AGA.HHZ,0,up,13.530742645263672,1.26953125,15.5390625
1687414,10525653,CI.DJJ.HHZ,1,down,54.26153564453125,2.029296875,21.375
1687449,10366609,AZ.FRD.HHZ,0,up,21.759765625,1.01953125,12.359375
1687476,10904949,CI.BOR.HHZ,1,down,20.54594612121582,0.83984375,27.1875
1688039,14353680,CI.YUH.EHZ,1,down,27.9161376953125,1.2001953125,55.03125
1688293,10930213,CI.MPM.HHZ,0,up,6.054571628570557,1.0595703125,72.375
1688444,9724901,CI.WLH.EHZ,0,up,25.694181442260742,2.240234375,55.78125
1688830,10997669,CI.BLK.EHZ,0,up,51.250328063964844,2.009765625,24.8125
1688993,14165056,CI.DVT.HHZ,1,down,14.995862007141113,1.9296875,71.1875
1689060,14006712,CI.MAR.EHZ,1,down,180.51510620117188,3.08984375,66.0625
1689445,14383528,PB.B086.EHZ,1,down,12.923514366149902,0.5498046875,5.328125
1689753,13658092,CI.BAC.EHZ,0,up,5.893048286437988,0.7998046875,34.25
1689857,9150723,CI.WRC.EHZ,0,up,9.888298988342285,1.98046875,51.625
1690016,9984377,AZ.WMC.HHZ,0,up,12.677504539489746,1.7099609375,82.5625
1690307,14177784,CI.DNR.HHZ,1,down,5.610882759094238,0.52978515625,3.26953125
1690929,10276765,AZ.HWB.HHZ,1,down,60.087890625,1.759765625,45.78125
1691457,9147464,CI.SRT.EHZ,1,down,13.23862075805664,1.919921875,37.0
1691728,10434441,CI.TOR.HHZ,0,up,7.741386890411377,1.1103515625,35.96875
1692026,10321225,AZ.LVA2.HHZ,0,up,51.48965072631836,0.89013671875,22.65625
1692348,10295393,SB.GVDA.HLZ,0,up,3.818955183029175,0.52001953125,9.046875
1692690,10658901,ZY.USG.EHZ,1,down,5.782286643981934,1.23046875,5.73828125
1693499,11674808,CI.JRC.HHZ,0,up,9.07330322265625,1.6103515625,6.5
1693561,10272865,CI.BEL.HHZ,0,up,25.31163215637207,1.6796875,78.5625
1693603,11209130,CI.WRC.EHZ,0,up,13.702484130859375,1.0302734375,24.796875
1693642,10262317,CI.POB.EHZ,0,up,8.155415534973145,0.740234375,15.203125
1693774,14469704,AZ.TRO.HHZ,1,down,12.033564567565918,0.990234375,46.1875
1694240,10355501,AZ.CRY.HHZ,1,down,22.263721466064453,0.93017578125,9.3515625
1694273,14218936,CI.ERR.HHZ,1,down,1.9656755924224854,1.5703125,18.375
1694446,10276637,CI.CFT.EHZ,0,up,26.29669952392578,3.5,47.46875
1694739,14349596,CI.SNR.EHZ,1,down,63.345943450927734,3.369140625,49.21875
1694835,13692704,CI.RMM.EHZ,1,down,21.96977424621582,1.9501953125,30.0
1695267,14066992,CI.SIM.EHZ,0,up,50.96393966674805,3.1796875,58.125
1695692,10403777,NP.5081.HLZ,1,down,63.64252471923828,4.421875,26.15625
1695758,9981901,AZ.PFO.HHZ,1,down,4.346428394317627,0.89990234375,34.6875
1695806,10319093,CI.EL2.EHZ,1,down,2.1619014739990234,1.2099609375,56.125
1695855,14571732,CI.HDB.EHZ,1,down,9.279779434204102,3.119140625,72.75
1696190,11129914,CI.ERP.EHZ,1,down,65.7001953125,4.6484375,68.625
1696432,15064772,CI.WCS.EHZ,1,down,9.733837127685547,1.58984375,0.419921875
1697318,10912277,AZ.FRD.HHZ,1,down,5.898562908172607,1.330078125,76.125
1698370,10330477,EN.ELM.EHZ,0,up,1.7853145599365234,0.5498046875,3.94921875
1698808,10997941,PB.B086.EHZ,1,down,15.74905776977539,1.1298828125,46.6875
1699126,13843568,CI.SWS.HHZ,1,down,10.83338737487793,1.490234375,32.84375
1699150,11339474,CI.WOF.EHZ,0,up,30.327524185180664,1.25,18.875
1699182,14079048,AZ.CRY.HHZ,1,down,25.787498474121094,1.5703125,67.5
1699355,14086212,CI.JVA.HHZ,0,up,28.19829750061035,1.490234375,20.328125
1699511,11672112,CI.CLC.EHZ,0,up,3.7191805839538574,1.0703125,35.375
1699596,14199532,CI.FRK.EHZ,1,down,6.440569877624512,1.66015625,72.625
1699859,14007832,CI.SDR.HHZ,0,up,21.89903450012207,2.91015625,92.125
1700146,10776901,CI.SGL.EHZ,0,up,42.85963439941406,1.4697265625,9.578125
1700192,15074316,PB.B918.EHZ,1,down,18.832592010498047,0.89990234375,28.25
1700255,11330322,CI.BLA2.HHZ,1,down,5.494216442108154,1.2001953125,37.5
1700744,11207682,NP.5402.EHZ,1,down,7.095103740692139,2.380859375,8.9765625
1700783,14216056,CI.GTM.EHZ,0,up,4.196874618530273,1.58984375,63.75
1700936,14994732,CI.CRR.EHZ,1,down,5.6485209465026855,1.7900390625,34.21875
1700994,11376874,AZ.RDM.HHZ,1,down,27.546337127685547,1.2998046875,40.5625
1701198,11359538,NC.MMI.EHZ,0,up,52.46457290649414,1.900390625,82.375
1701223,10604245,ZY.SHCM.EHZ,1,down,55.481422424316406,1.6904296875,5.98046875
1701630,10347545,CI.BOR.HHZ,0,up,13.076176643371582,1.1396484375,27.203125
1702175,10298721,CI.SIL.EHZ,1,down,2.4907925128936768,1.0,29.265625
1702347,11066957,AZ.CRY.HHZ,0,up,261.9565734863281,3.009765625,57.6875
1702491,10400017,AZ.KNW.HHZ,1,down,6.372695446014404,0.68994140625,11.2421875
1702852,15019164,AZ.BZN.HHZ,1,down,31.418128967285156,1.4404296875,46.84375
1702923,10403609,AZ.CRY.HHZ,0,up,10.516212463378906,0.60009765625,30.453125
1703011,9708937,AZ.LVA2.HHZ,0,up,158.125,1.6796875,18.84375
1703057,10758549,AZ.FRD.HHZ,0,up,30.78158950805664,0.669921875,16.875
1703067,12451852,CI.DNR.HHZ,0,up,36.0438117980957,1.4501953125,3.8203125
1703358,14234968,CI.BCH.EHZ,0,up,4.812433242797852,2.0,82.9375
1703987,10772189,CI.BAC.EHZ,0,up,19.819995880126953,0.91015625,68.5
1704127,14241588,AZ.BZN.HHZ,0,up,4.766082286834717,0.25,9.609375
1704190,9150815,CI.WRC.EHZ,0,up,20.311203002929688,2.2890625,56.0
1704419,14281880,CI.BTL.EHZ,0,up,19.760120391845703,0.9599609375,16.859375
1704639,9634797,AZ.LVA2.HHZ,0,up,52.527095794677734,2.0390625,18.390625
1704660,14258608,CI.SME.EHZ,0,up,3.4428086280822754,1.3896484375,52.6875
1704798,14469760,AZ.SND.HHZ,1,down,7.074054718017578,0.81982421875,28.75
1704812,14212972,CI.GOR.HHZ,0,up,4.402935981750488,1.5498046875,71.25
1705208,11281290,CI.RMM.EHZ,0,up,324.78302001953125,2.009765625,2.810546875
1705665,10755829,CI.BAR.HHZ,0,up,6.52562952041626,1.5400390625,105.9375
1706083,11389714,CI.SME.EHZ,1,down,7.916763782501221,0.8701171875,23.53125
1706181,12943468,CI.SBB.EHZ,1,down,23.579994201660156,1.2998046875,30.84375
1706490,10258797,CI.DNR.HHZ,1,down,16.75701904296875,1.419921875,49.75
1707064,10410985,CI.JEM.HHZ,1,down,36.848716735839844,1.240234375,30.125
1707209,13958328,CI.TEH.HHZ,1,down,7.617095947265625,1.099609375,34.6875
1708716,14153552,CI.RAY.EHZ,0,up,5.324771881103516,0.8701171875,33.4375
1709001,11614308,CI.RMM.EHZ,0,up,5.384364128112793,1.3896484375,41.1875
1709026,10231597,CI.RAG.EHZ,1,down,36.51905059814453,1.0595703125,13.109375
1709584,9644089,AZ.CRY.HHZ,1,down,34.947750091552734,1.3896484375,41.125
1709637,11405642,CI.LRR.EHZ,0,up,19.212383270263672,2.3203125,83.625
1710669,10225941,CI.CLC.HHZ,1,down,74.73190307617188,1.2802734375,25.5625
1710836,10257061,CI.PMD.HHZ,1,down,12.272906303405762,1.2001953125,65.9375
1711027,11277858,AZ.WMC.HHZ,0,up,23.867666244506836,0.81005859375,13.8203125
1711045,9158965,AZ.FRD.HHZ,1,down,264.19744873046875,1.5595703125,10.109375
1711263,11131554,CI.JEM.HHZ,0,up,3.9943482875823975,0.91015625,65.6875
1711688,14220904,CI.SGL.EHZ,0,up,12.469974517822266,2.2109375,74.5
1712012,10410089,CI.SRT.EHZ,0,up,2.74082612991333,1.169921875,47.40625
1712103,10670621,AZ.BZN.HHZ,1,down,5.684689521789551,0.509765625,10.4921875
1712465,9158661,CI.TPC.EHZ,1,down,19.491369247436523,1.7001953125,24.09375
1712826,11089402,NC.MCS.EHZ,1,down,13.569979667663574,1.2001953125,17.875
1712913,10206441,AZ.PFO.HHZ,0,up,13.52962589263916,0.8701171875,15.8125
1712924,10746709,CI.SWS.HHZ,1,down,2.5621676445007324,1.1201171875,31.765625
1713033,14203836,CI.HOL.EHZ,0,up,21.610090255737305,1.919921875,45.0625
1713300,10376217,CI.GAV.EHZ,0,up,6.751669406890869,1.5498046875,24.546875
1713390,11339626,CI.CCA.EHZ,1,down,3.866054058074951,1.080078125,44.375
1713627,11080059,CI.WNM.EHZ,1,down,11.623027801513672,1.8203125,16.1875
1713807,9700125,CI.BAC.EHZ,0,up,16.939655303955078,1.169921875,65.8125
1713928,15137017,CI.MPM.HHZ,1,down,229.8943328857422,2.16015625,41.46875
1714114,14079392,AZ.CRY.HHZ,0,up,5.247744083404541,0.919921875,35.0
1714312,14215264,AZ.WMC.HHZ,0,up,32.9619026184082,1.98046875,38.875
1714524,14249460,CI.TEJ.EHZ,0,up,7.017486572265625,1.23046875,50.5625
1714585,9709913,CI.WLH.EHZ,0,up,87.47588348388672,2.599609375,43.15625
1714842,10348349,CI.SMM.HHZ,0,up,36.638851165771484,2.439453125,105.4375
1715324,9699757,CI.IKP.EHZ,1,down,11.339078903198242,2.119140625,70.5
1715574,9641705,CI.WLH.EHZ,0,up,21.613359451293945,2.220703125,38.875
1715912,9734381,CI.WCS.EHZ,1,down,28.01874351501465,1.73046875,10.078125
1715929,9941197,CI.WS2.EHZ,0,up,16.972679138183594,1.51953125,55.53125
1715931,9962357,CI.LMR2.HHZ,1,down,6.641557693481445,1.4599609375,79.25
1715944,10326001,CI.DNR.HHZ,0,up,6.540086269378662,0.64990234375,32.96875
1715947,14120060,AZ.YAQ.HHZ,1,down,8.296432495117188,1.33984375,25.359375
1716728,10250425,AZ.KNW.HHZ,1,down,55.66693878173828,0.919921875,26.328125
1716851,14238772,CI.HMT.EHZ,0,up,5.041921138763428,1.3896484375,35.9375
1716852,12883684,CI.DNR.HHZ,0,up,6.3778157234191895,0.93994140625,10.1796875
1717818,9149401,CI.RMR.EHZ,1,down,19.597875595092773,0.759765625,14.953125
1718502,9974449,CI.WHF.EHZ,0,up,4.800500392913818,0.89990234375,30.625
1718721,14350744,CI.PLS.HHZ,1,down,4.285958766937256,1.669921875,63.125
1718748,13967160,AZ.SND.HHZ,0,up,60.39805603027344,1.6796875,29.90625
1718794,9142504,CI.RMR.EHZ,1,down,9.186306953430176,1.599609375,42.625
1718911,10180825,CI.MCT.HHZ,1,down,6.918603420257568,1.3896484375,38.75
1718952,14614172,CI.POB.EHZ,1,down,31.65183448791504,3.599609375,85.75
1719231,11034853,EN.HAT.EHZ,0,up,636.107666015625,3.16015625,1.9296875
1719294,14158368,AZ.KNW.HHZ,0,up,8.124587059020996,1.83984375,102.1875
1720132,14066944,AZ.FRD.HHZ,0,up,36.52745819091797,0.740234375,20.734375
1720165,10271697,CI.CRR.EHZ,0,up,87.0804443359375,2.0703125,33.84375
1720430,10295385,PB.B081.EHZ,0,up,21.126018524169922,1.3095703125,40.4375
1721454,10992139,CI.WRV.EHZ,1,down,210.81253051757812,1.599609375,2.939453125
1721464,14216776,AZ.KNW.HHZ,1,down,65.24627685546875,2.08984375,50.15625
1721548,10278041,CI.SGL.EHZ,0,up,21.5279541015625,1.91015625,35.125
1722172,14164004,CI.TPC.EHZ,1,down,7.865884304046631,1.6201171875,80.8125
1722458,9713157,CI.RMM.EHZ,0,up,77.7520523071289,3.0703125,31.484375
1722476,14135352,CI.ERP.EHZ,0,up,31.83343505859375,1.58984375,12.84375
1724899,11088706,CI.JVA.HHZ,0,up,4.091907978057861,2.689453125,70.25
1724910,14696236,ZY.USG.EHZ,1,down,21.05229949951172,1.33984375,8.34375
1724931,10215705,CI.YUH.EHZ,0,up,20.60664176940918,1.990234375,46.96875
1725492,13991932,CI.JVA.HHZ,0,up,7.367321491241455,1.5,21.984375
1725837,14214000,CI.SME.EHZ,0,up,4.351813316345215,1.8203125,79.0
1725878,10228961,CI.DPP.HHZ,0,up,5.6967854499816895,1.2802734375,60.40625
1726108,10202865,CI.PLM.HHZ,1,down,14.278066635131836,1.2998046875,29.46875
1726202,14155172,CI.PSP.EHZ,1,down,8.276598930358887,1.98046875,31.9375
1726799,14212888,CI.MLAC.HHZ,0,up,241.1099853515625,4.30078125,39.71875
1727236,10765549,CI.YUH.EHZ,1,down,1.3700064420700073,1.08984375,56.34375
1727455,10081605,CI.HMT.EHZ,1,down,5.172023773193359,1.2001953125,36.0
1727887,10371973,CI.SLA.HHZ,1,down,8.96532917022705,1.400390625,10.9921875
1727917,9739601,CI.LUC.EHZ,1,down,22.191667556762695,1.6103515625,20.9375
1728073,9943585,CI.BAT.EHZ,1,down,9.206133842468262,1.650390625,50.71875
1728794,10272317,CI.SKY.EHZ,1,down,47.0406494140625,2.76953125,24.84375
1728886,9172704,CI.RMM.EHZ,0,up,9.315505981445312,1.8896484375,57.375
1728900,10397153,AZ.PFO.HHZ,1,down,22.438676834106445,1.41015625,46.125
1728916,13231440,CI.BBS.HHZ,0,up,1.6033560037612915,1.2900390625,21.265625
1729093,9949525,CI.BBR.HHZ,0,up,2.799623727798462,1.48046875,39.6875
1729297,14092916,CI.MPM.HHZ,0,up,12.842947959899902,0.9501953125,21.40625
1729572,13970504,CI.DRE.HHZ,1,down,3.5400946140289307,2.060546875,15.2265625
1729966,14098588,CI.TEJ.EHZ,1,down,264.98529052734375,3.130859375,54.1875
1730172,9772949,CI.HOL.EHZ,1,down,9.587051391601562,1.330078125,99.375
1730330,9702485,CI.PLM.HHZ,1,down,8.157258987426758,1.7802734375,79.0
1730343,9148348,CI.TPM.EHZ,0,up,11.224889755249023,1.7001953125,34.90625
1730908,12927540,CI.WI2.EHZ,1,down,14.935959815979004,1.7099609375,14.671875
1731222,11672236,CI.WCH.EHZ,1,down,5.03507137298584,1.0,23.96875
1731307,10398641,EN.ENG.EHZ,1,down,7.161938667297363,0.7001953125,7.58984375
1731456,10495557,PB.B087.EHZ,1,down,32.2655029296875,1.58984375,81.8125
1731567,11084282,PB.B082.EHZ,1,down,16.627981185913086,0.89990234375,40.625
1732255,10405777,EN.RED.EHZ,0,up,37.342628479003906,1.150390625,2.439453125
1732486,9935393,CI.PLT.EHZ,0,up,12.314702987670898,1.9404296875,56.875
1732584,14985228,CI.WWC.HHZ,1,down,8.415593147277832,1.8095703125,77.8125
1732618,14773684,CI.DGR.HHZ,1,down,4.006138324737549,1.1796875,45.5625
1732935,14728212,PB.B093.EHZ,1,down,6.547832012176514,0.72021484375,39.3125
1732968,10228353,CI.WBS.HHZ,0,up,4.1229634284973145,2.3203125,88.25
1733200,13984228,CI.BTL.EHZ,0,up,14.493422508239746,1.509765625,17.421875
1733573,10183173,CI.CBK.EHZ,0,up,26.272315979003906,1.7998046875,29.953125
1733964,14336292,CI.CTW.EHZ,0,up,9.245193481445312,1.9599609375,58.625
1734777,14329996,CI.WLH.EHZ,0,up,66.0609359741211,1.83984375,21.8125
1735429,10765285,CI.SUN.EHZ,0,up,44.807228088378906,2.619140625,70.75
1735497,9166134,CI.PSP.EHZ,1,down,3.548579454421997,1.26953125,27.328125
1735533,9153438,CI.POB.EHZ,1,down,41.022315979003906,2.2890625,71.9375
1735610,10902469,PB.B081.EHZ,0,up,3.021754503250122,0.75,25.6875
1735719,10228433,AZ.PFO.HHZ,1,down,34.31641387939453,2.630859375,106.8125
1736111,14344368,CI.YUH.EHZ,1,down,86.72882080078125,2.169921875,65.125
1736629,10758117,CI.JEM.HHZ,0,up,5.014125347137451,0.77001953125,38.28125
1736834,10640043,CI.WSH.EHZ,1,down,4.856805801391602,1.5,77.0
1737534,14693500,ZY.WAGN.EHZ,1,down,12.426229476928711,1.349609375,18.96875
1737564,14502052,CI.SNO.HHZ,1,down,13.807915687561035,1.2197265625,19.5625
1738445,10216301,CI.WSH.EHZ,0,up,8.770793914794922,1.08984375,84.1875
1738679,10183685,AZ.PFO.HHZ,0,up,256.8373107910156,3.240234375,70.9375
1738958,13083432,CI.COA.EHZ,1,down,23.11414337158203,2.349609375,63.09375
1738981,10496301,CI.BAC.EHZ,0,up,368.6914978027344,3.30078125,70.9375
1739064,10727869,CI.WES.HHZ,0,up,7.087490081787109,1.83984375,20.21875
1739390,9935489,CI.SIL.EHZ,0,up,13.992332458496094,0.97021484375,4.44140625
1739592,10272209,CI.WRV.EHZ,1,down,20.26828956604004,1.259765625,15.453125
1739659,10589661,ZY.PNTO.EHZ,1,down,1.5862654447555542,1.0595703125,9.046875
1740326,14377112,CI.COK.EHZ,1,down,2.849982738494873,2.26953125,74.5
1740373,14239412,CI.EML.HHZ,1,down,14.896471977233887,1.080078125,39.125
1740469,11350714,CI.MSC.HHZ,0,up,54.45823669433594,1.400390625,34.5625
1740528,10353645,CI.DVT.HHZ,0,up,8.2923002243042,2.169921875,73.875
1740587,10487901,CI.CGO.HHZ,0,up,4.442882061004639,1.849609375,53.5
1740622,10478205,PB.B921.EHZ,0,up,7.922213554382324,0.919921875,25.09375
1740750,14988796,AZ.TRO.HHZ,1,down,21.17085075378418,1.25,12.421875
1740983,9168831,CI.BLA.HHZ,0,up,2.4068896770477295,1.900390625,33.71875
1741054,10775117,AZ.FRD.HHZ,0,up,49.36288070678711,1.9296875,68.0625
1741539,10223585,CI.SLR.HHZ,1,down,9.944910049438477,1.740234375,17.09375
1741591,9942449,AZ.RDM.HHZ,1,down,4.974308490753174,1.740234375,48.875
1741620,11088874,AZ.MONP2.HHZ,1,down,12.35548210144043,1.9404296875,110.25
1741785,9651441,CI.TOW.EHZ,1,down,2.708070993423462,2.05078125,92.625
1741787,14891748,CI.EL2.EHZ,1,down,2.1992194652557373,2.240234375,80.6875
1742209,10723501,AZ.MONP2.HHZ,0,up,4.936739444732666,2.05078125,119.1875
1742276,9167129,CI.BLA.HHZ,1,down,10.769136428833008,2.599609375,64.5625
1742367,9950573,CI.DNR.HHZ,0,up,6.0883588790893555,0.58984375,19.84375
1742684,9887117,CI.RAG.EHZ,1,down,22.969547271728516,1.5595703125,15.0703125
1742730,9632857,CI.WAS.EHZ,0,up,4.265659332275391,2.1796875,92.9375
1743190,10492093,CI.GRA.HHZ,1,down,16.38745880126953,2.369140625,81.4375
1743344,9740729,CI.JUL.EHZ,1,down,51.534725189208984,1.8701171875,47.625
1743946,14994900,CI.BFS.HHZ,1,down,72.27946472167969,2.189453125,20.515625
1744102,9746421,CI.WCS.EHZ,0,up,1.9541515111923218,0.740234375,12.3671875
1744854,10980143,CI.WNM.EHZ,1,down,4.668632507324219,1.2001953125,18.765625
1745623,9144564,CI.GRP.EHZ,0,up,6.622974395751953,1.6298828125,63.125
1745849,15010980,AZ.BZN.HHZ,1,down,6.2836785316467285,0.39990234375,29.546875
1745851,10236977,PB.B082.EHZ,1,down,11.964966773986816,0.64990234375,16.859375
1745875,10783485,CI.RMR.EHZ,0,up,11.694876670837402,1.01953125,36.28125
1746352,14931732,AZ.BZN.HHZ,1,down,19.639719009399414,0.85986328125,24.4375
1746965,11636059,CI.WCS.EHZ,1,down,19.736509323120117,1.509765625,10.546875
1746970,9170247,CI.TPM.EHZ,1,down,187.68141174316406,2.119140625,4.62890625
1747405,13965784,CI.SBB.EHZ,0,up,20.325973510742188,2.3203125,85.0625
1747663,10293569,CI.PER.HHZ,0,up,5.328958034515381,1.9501953125,29.484375
1747939,9665941,AZ.SND.HHZ,0,up,22.34563446044922,1.990234375,17.65625
1748103,9682413,CI.WSH.EHZ,1,down,13.231989860534668,1.650390625,55.46875
1748795,14277276,PB.B084.EHZ,1,down,100.74040222167969,1.1396484375,15.796875
1749475,14130788,CI.FLS.EHZ,1,down,8.848860740661621,2.439453125,76.5625
1749730,10216101,CI.CCA.EHZ,1,down,61.613651275634766,3.599609375,112.6875
1749774,10485437,CI.TOR.HHZ,0,up,16.561540603637695,1.3095703125,59.84375
1749782,10594973,ZY.OYSB.EHZ,1,down,58.82654571533203,1.26953125,1.099609375
1750041,13912824,CI.ISA.HHZ,0,up,16.79491424560547,1.2099609375,74.125
1750286,14132580,CI.AGA.HHZ,1,down,9.5585298538208,1.0302734375,55.25
1750289,14387208,CI.XTL.EHZ,1,down,9.404881477355957,1.76953125,80.625
1750619,9849025,CI.HMT.EHZ,1,down,9.29661750793457,1.4599609375,66.25
1750885,14344168,EN.SIM.EHZ,0,up,23.184803009033203,1.0,3.240234375
1751803,10297385,CI.SWS.HHZ,1,down,6.203186988830566,1.4501953125,49.28125
1751881,14149320,CI.TER.EHZ,1,down,16.567670822143555,3.189453125,105.5625
1751903,9690193,CI.TOW.EHZ,0,up,7.472871780395508,1.25,28.265625
1751914,14596188,AZ.TRO.HHZ,1,down,43.80666732788086,2.2890625,96.1875
1752188,11089098,CI.TOR.HHZ,1,down,108.3127670288086,2.25,31.84375
1752388,10998621,CI.BFS.HHZ,0,up,16.249008178710938,1.150390625,11.3515625
1752405,9149231,CI.HAY.EHZ,1,down,6.52434778213501,2.740234375,59.0
1752430,14500884,CI.JNH.EHZ,1,down,17.05412483215332,1.419921875,33.0
1752609,14080664,CI.TA2.HHZ,1,down,5.711667060852051,1.0400390625,35.46875
1753057,9657153,CI.HMT.EHZ,1,down,10.052316665649414,1.7900390625,26.515625
1753063,14155440,CI.SRT.EHZ,0,up,43.810970306396484,2.259765625,16.984375
1753111,10098517,AZ.CRY.HHZ,0,up,33.164005279541016,1.98046875,68.6875
1753693,10490109,CI.EML.HHZ,1,down,9.608647346496582,2.130859375,113.5
1753839,12475652,CI.WMF.EHZ,1,down,3.7503857612609863,1.8603515625,78.6875
1753927,9731325,CI.SHE.EHZ,1,down,4.69038200378418,1.919921875,73.75
1754688,10536477,CI.JRC2.HHZ,1,down,42.971073150634766,1.01953125,8.4375
1754764,15056244,CI.TOR.HHZ,1,down,19.7973690032959,1.98046875,54.875
1755413,10227469,CI.PMD.HHZ,0,up,3.3232297897338867,1.2001953125,74.1875
1755449,10546557,CI.PMD.HHZ,0,up,17.652067184448242,1.259765625,30.765625
1755476,9975113,CI.TEH.HHZ,0,up,226.3480224609375,1.5498046875,20.5625
1756171,12458500,CI.YUH.EHZ,1,down,18.54828643798828,1.5703125,60.9375
1756514,14007412,CI.WMF.EHZ,0,up,4.7350311279296875,1.5,86.6875
1756611,11325162,CI.WWC.HHZ,0,up,67.91275024414062,2.8203125,29.234375
1756999,14151060,CI.OLP.HHZ,0,up,10.286261558532715,1.080078125,3.630859375
1757199,10059973,CI.SBPX.HHZ,1,down,9.154449462890625,2.080078125,20.953125
1757458,9855865,CI.WVP.EHZ,0,up,14.982269287109375,0.919921875,43.625
1757598,14206024,AZ.PFO.HHZ,0,up,3.8543593883514404,1.0,51.15625
1757867,12927476,CI.BTL.EHZ,0,up,329.8823547363281,2.25,15.046875
1757905,10063309,CI.STT.EHZ,1,down,12.042411804199219,2.1796875,62.96875
1758103,9719157,CI.MAR.EHZ,0,up,86.36028289794922,2.75,62.15625
1758281,15101732,PB.B086.EHZ,1,down,16.81854248046875,1.669921875,40.875
1758291,9136330,CI.GRP.EHZ,0,up,45.27357482910156,2.189453125,69.3125
1758328,13992284,CI.HDB.EHZ,0,up,58.115962982177734,1.599609375,5.9296875
1758384,10353317,CI.PLM.HHZ,0,up,6.320610046386719,1.41015625,71.875
1758461,9734357,CI.ISA.HHZ,0,up,55.43682861328125,1.7001953125,38.96875
1758928,9966889,CI.SIM.EHZ,1,down,6.404616832733154,2.7890625,80.8125
1758929,9135868,CI.RAG.EHZ,0,up,8.469648361206055,1.7001953125,13.28125
1759111,9970365,CI.EL2.EHZ,1,down,11.450332641601562,3.1796875,63.8125
1759139,10345721,CI.POB.EHZ,0,up,15.121631622314453,1.099609375,38.625
1759447,9673681,CI.WCH.EHZ,1,down,20.144819259643555,2.599609375,23.578125
1759736,14689836,ZY.SHCM.EHZ,1,down,13.361262321472168,1.9697265625,48.5625
1759896,10274113,CI.JRC2.HHZ,0,up,15.21921443939209,1.080078125,19.3125
1759980,10737397,AZ.FRD.HHZ,0,up,128.71165466308594,2.400390625,14.890625
1760370,10438793,CI.SLA.HHZ,0,up,3.6081817150115967,1.7001953125,35.5
1760723,10862741,CI.CLC.HHZ,1,down,4.053135871887207,1.2197265625,29.390625
1760769,10318793,CI.HDB.EHZ,1,down,8.406753540039062,0.81982421875,14.109375
1760876,10542661,CI.BAC.EHZ,0,up,76.24626159667969,2.099609375,90.4375
1760996,10770269,AZ.MONP2.HHZ,0,up,11.84009075164795,1.33984375,60.8125
1761504,10095617,CI.WCS.EHZ,0,up,30.172372817993164,2.5390625,32.1875
1761683,10904541,AZ.LVA2.HHZ,1,down,9.357531547546387,1.8603515625,44.03125
1761743,10349465,CI.WCS.EHZ,0,up,4.237419128417969,1.3095703125,12.1171875
1761819,10069285,CI.WOF.EHZ,1,down,2.238633632659912,0.7998046875,102.3125
1762094,9990797,CI.WLH.EHZ,0,up,12.10102367401123,1.2998046875,41.375
1762450,14149336,CI.BLA.HHZ,1,down,3.8613810539245605,1.0,30.875
1762761,11088546,PB.B093.EHZ,0,up,7.156674861907959,0.85986328125,63.0625
1763071,11336754,AZ.TRO.HHZ,0,up,2.7855916023254395,0.58984375,2.1796875
1763085,14844244,CI.IBP.HHZ,1,down,18.464221954345703,4.75,116.5
1763125,10754277,PB.B087.EHZ,1,down,6.0451555252075195,1.099609375,53.3125
1763135,10185781,CI.HDB.EHZ,0,up,9.377985954284668,1.5302734375,35.28125
1763229,10541485,CI.BBS.HHZ,1,down,4.0144758224487305,2.2109375,20.3125
1763260,9150806,CI.WWP.EHZ,0,up,74.82124328613281,2.19921875,66.4375
1763265,13948864,CI.MPM.HHZ,0,up,107.45077514648438,1.1396484375,17.671875
1763462,9655177,CI.MPM.HHZ,0,up,90.30133819580078,2.75,76.25
1763844,9724873,CI.MIR.EHZ,1,down,14.20600414276123,2.0,58.46875
1763975,9723461,CI.SWS.HHZ,0,up,13.087228775024414,2.369140625,23.8125
1764056,12456896,CI.ERP.EHZ,0,up,12.526238441467285,2.26953125,56.5625
1764077,11004149,PG.PB.EHZ,1,down,70.65703582763672,2.80078125,99.375
1764139,10757269,AZ.LVA2.HHZ,1,down,12.774669647216797,1.3603515625,87.3125
1764208,11336602,AZ.TRO.HHZ,0,up,6.730856895446777,1.3896484375,13.1328125
1764694,10980789,AZ.MONP2.HHZ,0,up,4.559258460998535,0.93017578125,74.0
1764955,10825533,CI.MPM.HHZ,0,up,99.01126098632812,1.83984375,31.8125
1765267,10227905,CI.DVT.HHZ,1,down,18.0131778717041,2.69921875,69.25
1765344,10838765,CI.ERP.EHZ,0,up,1.348403811454773,1.01953125,9.328125
1765483,14382240,CI.PMD.HHZ,1,down,18.779701232910156,0.81982421875,32.8125
1765749,10053465,CI.TEH.HHZ,0,up,9.109762191772461,0.9501953125,28.234375
1766022,11282506,CI.BEL.HHZ,1,down,4.5301513671875,1.01953125,23.8125
1766099,13909584,CI.BEL.HHZ,0,up,15.60425853729248,2.630859375,91.625
1766380,10771029,AZ.WMC.HHZ,1,down,8.926554679870605,1.6796875,81.125
1766424,11078602,CI.MSC.HHZ,0,up,28.676883697509766,2.099609375,83.1875
1766669,9996813,CI.WRV.EHZ,1,down,3.543900966644287,0.89990234375,31.28125
1766860,14332360,AZ.WMC.HHZ,0,up,2.178272008895874,0.81005859375,21.984375
1767228,14026920,CI.TOW.EHZ,1,down,3.1764566898345947,0.7001953125,22.375
1767493,9616125,CI.BLK.EHZ,0,up,2.241370439529419,1.7001953125,51.90625
1767520,9694569,NN.CHS.EHZ,1,down,73.58210754394531,2.509765625,19.421875
1768293,10409761,CI.TOR.HHZ,0,up,2.6089792251586914,0.419921875,40.15625
1769196,9149060,CI.WVP.EHZ,0,up,18.865449905395508,1.099609375,8.359375
1769202,10659325,ZY.PNTO.EHZ,1,down,78.3509750366211,3.119140625,34.28125
1769423,10824045,AZ.WMC.HHZ,0,up,4.698584079742432,0.93017578125,24.8125
1769511,9653529,CI.WCH.EHZ,1,down,21.680940628051758,1.8203125,9.7109375
1769529,10925397,CI.HMT.EHZ,0,up,2.77103853225708,0.35009765625,34.9375
1769581,13966988,CI.WCH.EHZ,0,up,222.02105712890625,2.640625,74.625
1769760,9168828,CI.RMR.EHZ,1,down,56.871429443359375,1.98046875,54.5
1769939,10001897,CI.SKY.EHZ,0,up,20.452754974365234,3.150390625,119.3125
1770015,9871329,CI.WWP.EHZ,0,up,2.790347099304199,1.009765625,38.09375
1770031,9805021,AZ.CRY.HHZ,1,down,182.48080444335938,3.73046875,115.0
1770429,10933493,CI.WSH.EHZ,1,down,60.6286506652832,1.0,25.5625
1770563,14932700,CI.YUH.EHZ,1,down,52.16105651855469,1.3798828125,1.6201171875
1770652,7198762,CI.COA.EHZ,0,up,3.9933900833129883,2.060546875,101.3125
1770751,10860301,CI.LUC.EHZ,1,down,11.698877334594727,1.5302734375,16.59375
1770771,12579440,CI.WCS.EHZ,1,down,2.639737129211426,0.7001953125,9.609375
1771179,13812604,CI.WRC.EHZ,0,up,1.714881181716919,0.85986328125,24.59375
1771665,14331884,AZ.FRD.HHZ,1,down,165.03146362304688,1.8701171875,52.5
1771885,9882329,CI.SES.HHZ,0,up,11.405081748962402,4.5390625,107.25
1772540,9778965,CI.CTW.EHZ,0,up,36.3309211730957,2.119140625,54.875
1772894,9721441,CI.TOW.EHZ,0,up,2.403944253921509,0.919921875,17.671875
1772970,10225281,CI.GRP.EHZ,1,down,5.081628322601318,1.099609375,61.96875
1773064,10167369,CI.LEO.EHZ,0,up,6.399411678314209,1.3203125,21.375
1773229,9776865,CI.TJR.EHZ,0,up,38.18391418457031,0.91015625,3.759765625
1773328,10008073,CI.WOF.EHZ,1,down,26.16727066040039,1.2001953125,24.34375
1773373,14296108,CI.SME.EHZ,1,down,10.236821174621582,1.650390625,46.75
1773384,9137958,CI.PEM.EHZ,0,up,3.5183072090148926,1.099609375,10.4375
1773544,10996325,CI.RPV.HHZ,1,down,32.09263610839844,2.080078125,16.34375
1774286,14235700,CI.PKM.EHZ,0,up,41.3139762878418,1.240234375,30.390625
1774594,9949533,AZ.WMC.HHZ,1,down,6.946245193481445,2.009765625,68.875
1774617,10798861,AZ.WMC.HHZ,0,up,7.173648357391357,0.5498046875,14.7265625
1774653,10601581,ZY.PNTO.EHZ,0,up,48.34114074707031,1.5703125,4.01953125
1774849,12456792,CI.WES.HHZ,1,down,2.4504847526550293,2.0,53.53125
1775093,14160740,AZ.KNW.HHZ,1,down,9.509952545166016,1.2900390625,31.0625
1775821,9968749,NC.PSM.EHZ,1,down,264.12158203125,3.98046875,64.8125
1775931,14122408,CI.TPM.EHZ,1,down,279.15045166015625,1.8203125,5.640625
1776274,14754940,CI.SNO.HHZ,1,down,22.95787239074707,1.25,31.796875
1776293,9723621,CI.TEH.HHZ,1,down,14.674413681030273,2.130859375,82.5625
1776325,9138152,CI.GTM.EHZ,1,down,23.41450309753418,1.83984375,42.0
1777555,14024116,CI.WRC.EHZ,0,up,29.861600875854492,1.7998046875,13.921875
1777599,14136288,CI.DAN.HHZ,0,up,11.552298545837402,2.44921875,83.875
1777846,14477216,CI.SGL.EHZ,1,down,140.6810760498047,3.5390625,53.46875
1778024,10840733,CI.LRR.EHZ,1,down,4.394806861877441,1.0,10.0
1778391,14218000,CI.EML.HHZ,0,up,47.469322204589844,1.3701171875,58.84375
1778567,10347657,CI.FIG.HHZ,1,down,4.315809726715088,1.7802734375,54.6875
1780069,14608284,CI.ERR.HHZ,1,down,8.168166160583496,3.640625,69.6875
1780083,9160661,CI.EW2.EHZ,0,up,14.282196998596191,1.5400390625,27.203125
1780084,10457285,CI.WRV.EHZ,0,up,17.864198684692383,1.1396484375,5.80078125
1780484,9660461,CI.JUL.EHZ,1,down,35.475162506103516,2.0,35.53125
1780555,14610044,CI.SWS.HHZ,1,down,2.6256103515625,2.419921875,28.84375
1780677,12643472,CI.SME.EHZ,1,down,4.992570877075195,1.580078125,21.984375
1780855,11408218,CI.JRC2.HHZ,0,up,7.166712284088135,1.1904296875,28.234375
1781786,10989221,CI.BAL.EHZ,1,down,97.09201049804688,2.3203125,14.046875
1781870,11077850,PB.B093.EHZ,0,up,13.437463760375977,1.3095703125,55.1875
1782045,9676029,CI.WCS.EHZ,0,up,9.461474418640137,1.73046875,8.921875
1782263,15073044,AZ.PFO.HHZ,1,down,17.278154373168945,1.41015625,63.21875
1782432,9929565,CI.PLM.HHZ,1,down,12.732789993286133,1.2001953125,17.609375
1782622,13693312,CI.SKY.EHZ,0,up,19.422954559326172,2.55078125,52.59375
1782761,14213912,AZ.FRD.HHZ,0,up,21.642213821411133,0.91015625,24.5625
1783392,10903277,CI.RXH.HHZ,0,up,2.570646047592163,0.5,1.6298828125
1783522,13135540,CI.RAY.EHZ,0,up,23.888839721679688,1.5703125,71.4375
1783798,10634373,CI.WSH.EHZ,1,down,6.110423564910889,1.0400390625,54.15625
1784340,9949309,CI.MDA.EHZ,0,up,3.5230674743652344,1.8701171875,33.90625
1784502,9962633,CI.TPC.EHZ,1,down,8.596217155456543,1.169921875,24.40625
1785327,10100081,AZ.FRD.HHZ,0,up,151.7415313720703,0.759765625,3.560546875
1785397,11249130,CI.SRT.EHZ,0,up,10.96733283996582,2.189453125,24.34375
1785417,13951128,CI.SWS.HHZ,0,up,14.52329158782959,1.5595703125,24.25
1785545,10931189,AZ.RDM.HHZ,0,up,3.13964581489563,1.3896484375,67.4375
1785708,9140012,CI.WCS.EHZ,0,up,10.225191116333008,1.599609375,10.5625
1785917,14026824,CI.MIR.EHZ,1,down,8.789892196655273,0.7998046875,17.25
1785939,10188373,AZ.TRO.HHZ,1,down,3.5233590602874756,1.1796875,19.5
1786060,10223657,CI.TOW.EHZ,0,up,43.653175354003906,2.369140625,63.53125
1786321,10217025,CI.SS2.EHZ,0,up,21.83190155029297,1.599609375,6.51171875
1786611,10932445,CI.WWC.HHZ,0,up,6.250423431396484,1.73046875,28.578125
1786702,9140467,CI.EMS.EHZ,1,down,3.706228017807007,1.900390625,36.40625
1787319,11279602,CI.PMD.HHZ,1,down,4.355499267578125,2.0,116.4375
1787328,14254024,CI.PEM.EHZ,1,down,20.827985763549805,1.4296875,28.65625
1787771,11002357,PB.B082.EHZ,1,down,43.212677001953125,1.2001953125,13.4296875
1788705,10776069,NC.MCS.EHZ,1,down,26.651813507080078,1.7001953125,9.359375
1788890,9166782,CI.HMT.EHZ,1,down,12.973341941833496,1.400390625,34.78125
1788937,14120252,CI.POB.EHZ,1,down,3.5056374073028564,0.72021484375,12.46875
1789105,9143779,CI.TPM.EHZ,1,down,17.425006866455078,2.220703125,34.84375
1789108,11409138,CI.CLC.HHZ,0,up,55.624698638916016,1.6298828125,72.9375
1789174,10759397,AZ.FRD.HHZ,0,up,132.4711456298828,1.25,14.5234375
1789189,10989245,AZ.RDM.HHZ,1,down,2.350677967071533,1.4599609375,29.703125
1789268,14252672,CI.BAC.EHZ,0,up,10.830625534057617,1.1298828125,52.375
1789456,10772069,AZ.KNW.HHZ,0,up,98.35869598388672,2.470703125,76.0
1789696,10255225,CI.TOR.HHZ,1,down,3.5058047771453857,1.0,26.140625
1789726,14209988,AZ.FRD.HHZ,0,up,5.574398517608643,0.8798828125,25.3125
1790050,10166909,CI.BTL.EHZ,0,up,11.804104804992676,1.7099609375,44.78125
1790543,11102026,AZ.BZN.HHZ,0,up,5.818795204162598,1.0302734375,31.15625
1790679,10058701,CI.CLC.EHZ,1,down,7.361204147338867,0.9501953125,32.375
1791105,11671084,CI.WOR.EHZ,1,down,22.346281051635742,1.5,45.75
1791469,11048477,CI.WWP.EHZ,0,up,3.5294077396392822,0.72021484375,39.78125
1791473,14465944,PB.B093.EHZ,1,down,3.001149892807007,0.91015625,66.3125
1791588,10226229,CI.CLC.HHZ,0,up,8.253854751586914,0.580078125,17.28125
1791598,14368848,CI.PASC.HHZ,1,down,124.5841293334961,1.91015625,33.0
1791659,10541109,AZ.RDM.HHZ,0,up,3.3019063472747803,1.1103515625,48.59375
1791660,9139506,CI.JFS.EHZ,0,up,25.21319580078125,1.400390625,1.7197265625
1792053,10506925,AZ.BZN.HHZ,0,up,32.79167175292969,1.48046875,38.09375
1792340,15183937,CI.WBS.HHZ,1,down,8.610092163085938,1.1298828125,62.71875
1792738,10028665,CI.MPM.HHZ,0,up,5.188927173614502,0.60009765625,27.46875
1792776,9718093,AZ.CRY.HHZ,0,up,10.775150299072266,1.01953125,22.875
1793055,11345122,PB.B087.EHZ,0,up,4.258598327636719,0.330078125,12.0625
1793212,14548092,CI.PMD.HHZ,1,down,12.541388511657715,1.3701171875,62.5
1793272,14196152,AZ.FRD.HHZ,0,up,25.963621139526367,0.77978515625,23.890625
1793602,10063597,CI.PSP.EHZ,0,up,32.232666015625,2.109375,36.96875
1793752,14138440,CI.ISA.HHZ,0,up,5.721392631530762,1.400390625,71.5625
1793842,9644533,CI.VES.HHZ,0,up,3.6142663955688477,2.80078125,69.3125
1793898,10533357,PB.B086.EHZ,1,down,30.801515579223633,1.0498046875,12.2109375
1793909,9748877,CI.EMS.EHZ,1,down,10.061424255371094,2.080078125,39.15625
1793945,9796725,CI.ISA.HHZ,0,up,8.53817081451416,1.400390625,38.90625
1794057,14161912,CI.BAC.EHZ,0,up,7.749652862548828,0.66015625,37.4375
1794467,9965893,CI.DTP.EHZ,0,up,21.004192352294922,1.98046875,60.0
1794672,10411409,CI.TPC.EHZ,0,up,21.93479347229004,1.6103515625,47.25
1794696,10183077,CI.RAY.EHZ,0,up,4.23626708984375,1.259765625,50.8125
1794705,14241380,CI.FLS.EHZ,1,down,66.72395324707031,3.490234375,82.4375
1794758,9148033,CI.PLE.EHZ,1,down,14.110559463500977,1.9697265625,23.453125
1795022,10665277,ZY.PNTO.EHZ,1,down,19.445497512817383,1.6201171875,38.59375
1795320,14513276,AZ.HWB.HHZ,1,down,2.8914718627929688,1.0,78.75
1795620,10232457,CI.JCS.HHZ,0,up,18.648454666137695,2.1796875,51.59375
1795752,10057985,CI.XTL.EHZ,0,up,7.23214864730835,1.5400390625,33.09375
1796429,10149725,CI.GTM.EHZ,1,down,11.590676307678223,1.4599609375,22.765625
1796914,9152997,AZ.BZN.HHZ,0,up,3.358609914779663,1.6103515625,64.625
1796967,10628453,ZY.SHCM.EHZ,1,down,15.763426780700684,2.48046875,61.65625
1797497,9616201,CI.CRR.EHZ,1,down,27.808122634887695,1.7998046875,72.375
1797952,9797705,AZ.BZN.HHZ,0,up,3.973020076751709,1.2998046875,10.2109375
1797971,14049656,CI.SIL.EHZ,1,down,24.153724670410156,1.830078125,33.5625
1798012,9672657,CI.MCT.HHZ,0,up,47.56592559814453,2.390625,42.1875
1798126,10600237,PB.B087.EHZ,1,down,8.511540412902832,1.1396484375,64.5
1798758,9135754,CI.CDY.EHZ,0,up,21.83870506286621,1.400390625,12.4609375
1798968,10963677,CI.RMR.EHZ,1,down,10.656156539916992,0.919921875,31.203125
1799218,11381178,CI.SKY.EHZ,0,up,3.292750597000122,0.64013671875,37.65625
1799437,10602741,ZY.OCCM.EHZ,1,down,5.202381610870361,1.6103515625,12.078125
1799529,10739581,CI.TOR.HHZ,1,down,44.223567962646484,1.3203125,22.5
1799745,10703053,CI.DPP.HHZ,1,down,4.233500003814697,0.580078125,47.15625
1800231,9141839,CI.ALV.EHZ,0,up,3.748694658279419,2.060546875,40.65625
1800337,14254024,CI.EL2.EHZ,1,down,2.088717460632324,1.4296875,64.875
1800568,14386012,CI.JRC2.HHZ,1,down,8.519454956054688,0.56982421875,5.140625
1800756,10346233,CI.PSR.HHZ,0,up,6.702675819396973,2.439453125,80.25
1801528,10529565,CI.WMF.EHZ,1,down,153.7493896484375,1.650390625,9.140625
1801983,14091520,CI.RMR.EHZ,1,down,15.304861068725586,1.0400390625,19.25
1802018,14287544,CI.CGO.HHZ,1,down,18.382966995239258,2.330078125,85.75
1802086,11364770,CI.TOR.HHZ,0,up,22.564401626586914,1.240234375,22.203125
1802605,10783213,CI.RUN.EHZ,0,up,3.216553211212158,2.0,82.4375
1802618,10180394,CI.ERP.EHZ,0,up,2.342312812805176,1.5,14.546875
1802659,10780461,AZ.BZN.HHZ,1,down,6.152744770050049,1.6103515625,53.25
1802709,9164428,CI.HEC.HHZ,0,up,16.360912322998047,1.2001953125,14.0703125
1802811,9854013,CI.SLR.HHZ,1,down,9.539481163024902,1.650390625,17.0625
1802904,9744489,CI.LUG.HHZ,0,up,9.196438789367676,2.69921875,52.5
1803118,10312613,CI.BAT.EHZ,1,down,7.1030073165893555,2.26953125,35.875
1803674,14502228,PB.B093.EHZ,1,down,28.253786087036133,0.6298828125,13.1171875
1803838,9169676,CI.SHE.EHZ,0,up,13.14115047454834,2.0,60.09375
1804340,9991545,CI.ERR.HHZ,0,up,5.2518181800842285,1.83984375,20.703125
1804467,13812528,CI.DPP.HHZ,0,up,10.055440902709961,1.5302734375,20.703125
1805019,15074996,CI.CGO.HHZ,1,down,8.68846607208252,1.41015625,13.7265625
1805510,11135362,AZ.WMC.HHZ,1,down,371.1935119628906,3.859375,62.96875
1805526,10181557,CI.SGL.EHZ,1,down,4.027309894561768,1.7802734375,77.0625
1805636,10993845,AZ.SND.HHZ,1,down,11.622117042541504,1.4404296875,30.03125
1806311,14375248,CI.HLN.EHZ,1,down,1.665944218635559,2.01953125,11.1484375
1806498,10187177,CI.PMD.HHZ,1,down,7.633448600769043,0.509765625,29.5625
1806833,15019148,PB.B081.EHZ,1,down,2.98405122756958,0.340087890625,28.1875
1807123,14087792,CI.BAC.EHZ,0,up,6.876927852630615,1.33984375,41.3125
1808057,9794181,CI.YUH.EHZ,0,up,71.36677551269531,1.76953125,41.09375
1808108,10480661,PB.B087.EHZ,0,up,25.825424194335938,1.41015625,30.984375
1808118,14296244,CI.CBK.EHZ,1,down,12.810641288757324,1.3701171875,31.09375
1808435,11367786,PB.B087.EHZ,1,down,7.524894714355469,0.300048828125,4.140625
1808629,14199180,CI.TPM.EHZ,0,up,2.437782049179077,0.919921875,27.90625
1809002,11671468,CI.WOR.EHZ,1,down,5.730672836303711,1.099609375,15.6484375
1809519,14148180,CI.JCS.HHZ,0,up,3.5372402667999268,0.64013671875,47.6875
1809651,14501160,CI.RMM.EHZ,1,down,56.25540542602539,1.41015625,26.9375
1809813,14198276,CI.FLS.EHZ,0,up,13.581037521362305,2.400390625,109.6875
1809972,14513044,CI.DNR.HHZ,1,down,4.477993965148926,0.81982421875,17.953125
1811008,14402952,CI.CLC.HHZ,1,down,8.319528579711914,1.66015625,86.4375
1811086,9166722,CI.WNM.EHZ,1,down,3.5339291095733643,1.150390625,37.8125
1811374,14842964,CI.WES.HHZ,1,down,7.891641139984131,2.400390625,79.8125
1811681,10838533,AZ.CRY.HHZ,0,up,4.402953147888184,0.5,31.09375
1812542,11128186,CI.IKP.HHZ,0,up,62.29695129394531,1.2900390625,20.34375
1812758,11084714,CI.FMP.HHZ,0,up,7.74322509765625,2.44921875,30.296875
1812769,14219356,AZ.MONP.HHZ,0,up,5.349788665771484,1.91015625,41.6875
1812819,10532165,CI.WRV.EHZ,0,up,10.420855522155762,0.81982421875,5.3203125
1812949,10284933,AZ.FRD.HHZ,1,down,8.877071380615234,0.6298828125,8.921875
1813558,10009849,CI.WWP.EHZ,0,up,9.785871505737305,1.7197265625,36.78125
1813860,10701933,ZY.OCCM.EHZ,0,up,11.022858619689941,1.1396484375,3.80078125
1814013,10959965,AZ.PFO.HHZ,0,up,19.077260971069336,1.740234375,86.1875
1814020,10231097,CI.ALP.HHZ,0,up,1.5649861097335815,1.4599609375,39.15625
1814634,10535981,CI.SRT.EHZ,0,up,2.304738998413086,0.81982421875,40.1875
1814732,10181765,AZ.LVA2.HHZ,0,up,28.441341400146484,0.830078125,14.4921875
1815177,14156532,AZ.WMC.HHZ,0,up,4.507491588592529,0.85986328125,23.765625
1815805,10372297,PB.B082.EHZ,0,up,14.802221298217773,0.72998046875,19.125
1815890,9645673,AZ.FRD.HHZ,0,up,15.53207015991211,1.759765625,20.21875
1816156,10025565,AZ.KNW.HHZ,1,down,48.10089111328125,1.830078125,68.125
1816164,14160832,CI.TJR.EHZ,0,up,13.135642051696777,0.81005859375,38.3125
1816364,10409873,AZ.PFO.HHZ,0,up,45.52070617675781,1.330078125,26.09375
1816481,9626913,CI.ALV.EHZ,0,up,4.346067905426025,1.8896484375,77.3125
1816917,15152129,CI.JEM.HHZ,1,down,19.15485954284668,1.5302734375,64.6875
1817092,10272513,AZ.FRD.HHZ,1,down,67.23212432861328,1.9599609375,62.78125
1817393,11049053,CI.JNH.EHZ,1,down,11.951919555664062,1.7099609375,101.625
1817852,10058381,CI.WRV.EHZ,1,down,18.35700798034668,1.0,8.7109375
1817947,10794485,CI.FHO.HHZ,0,up,38.32918167114258,1.8203125,30.125
1818388,11045293,CI.MSC.HHZ,1,down,6.603952884674072,1.080078125,52.34375
1818944,13942408,CI.CBK.EHZ,0,up,12.155600547790527,1.8203125,69.9375
1819320,14212984,CI.WRV.EHZ,0,up,2.143585443496704,1.009765625,8.21875
1819373,11023045,PB.B093.EHZ,1,down,18.375402450561523,0.9501953125,41.0625
1819822,11371754,CI.EL2.EHZ,0,up,36.77117919921875,2.669921875,66.3125
1820203,14025896,CI.PSP.EHZ,0,up,26.13068962097168,1.8896484375,27.8125
1820534,14382412,CI.TOR.HHZ,1,down,12.712152481079102,0.83984375,27.828125
1820666,10264221,CI.GTM.EHZ,1,down,13.681957244873047,0.97998046875,13.0390625
1820712,9886985,CI.AGA.HHZ,1,down,7.019586563110352,1.2998046875,52.46875
1820803,10784925,PB.B087.EHZ,0,up,4.665391445159912,0.52978515625,29.390625
1820996,9166808,CI.RAY.EHZ,1,down,15.964372634887695,2.220703125,84.0
1821497,10478909,CI.CGO.HHZ,1,down,33.64781951904297,1.3203125,18.125
1821601,9645693,CI.HMT.EHZ,0,up,14.492645263671875,1.58984375,48.625
1822165,10168189,CI.CCC.HLZ,0,up,13.441876411437988,1.7900390625,39.21875
1822752,10344505,EN.OBS.EHZ,1,down,3.0379316806793213,2.630859375,66.0625
1823076,9689633,CI.WNM.EHZ,1,down,2.8899853229522705,1.2802734375,15.25
1823480,10751413,CI.TOR.HHZ,0,up,4.014993190765381,0.47998046875,19.375
1824333,9828121,CI.GRP.EHZ,1,down,12.674324989318848,1.16015625,96.25
1824356,15151489,CI.RRX.HHZ,1,down,7.0756402015686035,1.3203125,18.734375
1824488,9679613,CI.ARG.EHZ,0,up,10.31540298461914,2.259765625,36.15625
1824609,14584492,CI.TJR.EHZ,1,down,15.128586769104004,1.3603515625,45.96875
1824948,9944485,CI.MIR.EHZ,0,up,7.613047122955322,1.2001953125,25.421875
1825072,10927741,CI.BTC.HHZ,0,up,6.479702472686768,1.4599609375,31.265625
1825112,13985644,CI.JRC.HHZ,0,up,2.1051342487335205,0.83984375,16.421875
1825116,10225017,CI.BAC.EHZ,1,down,5.401480674743652,1.0595703125,93.8125
1825245,9169799,CI.WNM.EHZ,1,down,11.510425567626953,1.66015625,29.125
1825323,10349469,CI.GRP.EHZ,0,up,5.342227458953857,1.009765625,64.1875
1825496,9705997,CI.WLH.EHZ,0,up,4.419875621795654,1.66015625,41.09375
1826464,10925813,CI.WRC.EHZ,0,up,6.351444721221924,0.66015625,16.046875
1826644,9997893,CI.CLC.HHZ,0,up,7.983245849609375,1.2001953125,31.5625
1826720,14385516,CI.TOR.HHZ,1,down,6.093295097351074,1.169921875,64.9375
1827044,14372736,EN.HAT.EHZ,1,down,44.8792610168457,2.6796875,14.640625
1827362,11001365,AZ.FRD.HHZ,0,up,38.881141662597656,0.759765625,19.546875
1827595,9630993,CI.WIN.EHZ,0,up,12.778804779052734,1.759765625,44.34375
1827892,10345509,CI.TA2.HHZ,0,up,5.588791847229004,1.1396484375,50.5
1828100,11088818,PB.B086.EHZ,1,down,3.522202730178833,0.97998046875,52.125
1828351,13947872,CI.ADO.HHZ,0,up,3.2197508811950684,2.0703125,58.125
1828544,10993557,AZ.PFO.HHZ,1,down,24.843120574951172,0.93017578125,16.546875
1829205,9645737,CI.SAL.HHZ,0,up,28.37944984436035,1.9599609375,6.5390625
1829235,14116676,AZ.TRO.HHZ,0,up,2.1626479625701904,1.099609375,36.21875
1829367,10366861,CI.DSC.HHZ,0,up,16.994836807250977,1.7900390625,63.1875
1829480,14741308,CI.SNO.HHZ,1,down,7.882888317108154,1.25,31.515625
1829863,13959164,CI.WI2.EHZ,1,down,4.390659332275391,2.25,14.46875
1829953,9985165,CI.WVP.EHZ,0,up,14.003662109375,1.0,9.2578125
1829993,9135718,CI.WHF.EHZ,0,up,6.314239978790283,1.2001953125,32.125
1831247,14723524,CI.GLA.HHZ,1,down,4.509936332702637,2.310546875,99.75
1831575,9984369,CI.BAT.EHZ,1,down,10.05638313293457,1.990234375,67.4375
1831592,10367617,CI.BTP.HHZ,1,down,5.6587700843811035,1.41015625,19.09375
1831761,14463656,CI.DJJ.HHZ,1,down,10.137367248535156,2.109375,40.84375
1832039,9722089,CI.CFL.EHZ,1,down,8.618940353393555,1.98046875,69.3125
1832295,14334344,CI.DNR.HHZ,0,up,10.228944778442383,0.759765625,14.046875
1832488,14087248,CI.WRC.EHZ,1,down,33.40046691894531,0.83984375,12.6171875
1832641,14239868,CI.VES.HHZ,0,up,5.719463348388672,2.7109375,109.375
1832866,14938052,CI.TJR.EHZ,1,down,46.83839416503906,2.5,40.59375
1832879,10865245,CI.WOF.EHZ,1,down,8.208906173706055,1.5302734375,36.6875
1833240,11089738,CI.TFT.HHZ,0,up,8.017601013183594,1.8798828125,10.6328125
1833283,14329460,CI.WCH.EHZ,1,down,18.215944290161133,2.19921875,30.234375
1833392,14073628,CI.BBR.HHZ,1,down,7.202611446380615,1.669921875,50.40625
1833420,9820437,CI.AGA.HHZ,1,down,68.88973999023438,1.669921875,25.6875
1833508,10313841,CI.SME.EHZ,0,up,17.152660369873047,1.419921875,24.671875
1833911,9713841,CI.WHV.EHZ,1,down,8.656076431274414,1.7900390625,61.40625
1833964,14254492,CI.PLM.HHZ,0,up,41.26491165161133,2.41015625,65.8125
1834211,14550580,EN.ENG.EHZ,1,down,27.842227935791016,2.80078125,54.1875
1834506,10378989,CI.POB.EHZ,1,down,3.0789153575897217,0.919921875,27.90625
1834822,13812996,AZ.CRY.HHZ,0,up,27.732181549072266,1.0400390625,9.9765625
1835409,10545909,PB.B086.EHZ,1,down,11.804634094238281,1.580078125,64.4375
1835455,10409209,AZ.CRY.HHZ,0,up,23.534709930419922,0.83984375,29.140625
1835559,13183444,CI.WS2.EHZ,1,down,7.17301082611084,1.5,30.875
1835857,10481165,AZ.KNW.HHZ,0,up,4.969706058502197,0.60986328125,9.2734375
1837190,14431184,CI.SKY.EHZ,1,down,2.1793315410614014,1.2099609375,33.6875
1837457,14376872,AZ.FRD.HHZ,1,down,81.80258178710938,2.7890625,117.875
1837470,10544941,CI.BFS.HHZ,0,up,33.22697830200195,2.2890625,50.03125
1837509,11011949,PB.B086.EHZ,1,down,17.593524932861328,0.830078125,12.2734375
1837571,10594061,ZY.OCBC.HHZ,0,up,8.260403633117676,3.470703125,28.046875
1837648,14080612,AZ.SND.HHZ,0,up,8.478034019470215,1.2900390625,48.71875
1837755,10354761,CI.POB.EHZ,0,up,5.530844211578369,1.2197265625,72.3125
1837950,11419418,WR.PEC.EHZ,1,down,35.50385284423828,1.419921875,10.6484375
1838366,9689669,CI.JRC.HHZ,0,up,22.9562931060791,1.599609375,6.51953125
1838870,11244594,CI.WNM.EHZ,1,down,14.902887344360352,1.580078125,28.296875
1839051,9963629,CI.WRV.EHZ,0,up,24.102745056152344,0.7998046875,12.03125
1839545,11364850,CI.HOL.EHZ,1,down,27.5738468170166,1.76953125,42.5625
1839592,11382194,AZ.LVA2.HHZ,1,down,51.73968505859375,1.330078125,15.9765625
1839637,14616500,CI.CRR.EHZ,1,down,5.979361057281494,3.259765625,89.0
1839741,11396242,CI.PMD.HHZ,0,up,3.209836959838867,0.5,31.03125
1839791,14776684,CI.SGL.EHZ,1,down,7.45907735824585,1.349609375,19.25
1839811,14049108,CI.WWP.EHZ,0,up,7.74500846862793,1.099609375,13.4765625
1840522,9173162,CI.MIR.EHZ,1,down,12.997480392456055,1.5595703125,23.28125
1840964,9930549,CI.HDB.EHZ,1,down,125.2447509765625,4.1484375,42.53125
1840989,9985349,AZ.BZN.HHZ,0,up,42.79587936401367,2.400390625,54.25
1841082,14234684,CI.PSD.HHZ,1,down,4.151138782501221,1.2998046875,21.203125
1841276,10343625,CI.BTP.HHZ,0,up,8.738237380981445,2.439453125,110.125
1841582,10346625,CI.DNR.HHZ,0,up,31.79145622253418,0.990234375,32.875
1841757,11277530,PB.B084.EHZ,1,down,7.535750389099121,0.199951171875,10.9375
1841793,15060172,PB.B918.EHZ,1,down,16.424827575683594,1.0703125,37.0
1841945,10224549,CI.SS2.EHZ,0,up,9.644559860229492,1.5,43.8125
1842407,10671021,ZY.WAGN.EHZ,0,up,11.107401847839355,1.3603515625,15.5
1842434,11012165,CI.BOR.HHZ,0,up,30.077951431274414,2.900390625,108.0625
1842509,11707432,CI.HMT.EHZ,0,up,5.5682878494262695,1.5302734375,27.96875
1842536,9930645,AZ.FRD.HHZ,1,down,104.25908660888672,0.77978515625,7.76171875
1842908,14080044,AZ.BZN.HHZ,0,up,401.27166748046875,1.7998046875,8.4375
1842916,10137362,CI.DNR.HHZ,1,down,7.4925432205200195,1.0,20.609375
1843152,10182233,CI.ISA.HHZ,0,up,5.859524250030518,1.3095703125,29.046875
1843307,10255425,CI.CAP.HHZ,1,down,6.061051368713379,1.7197265625,105.0625
1843613,14235716,AZ.KNW.HHZ,1,down,7.199739456176758,1.259765625,8.1328125
1843638,10481797,CI.BTL.EHZ,1,down,8.330628395080566,1.330078125,31.5625
1843676,10167101,AZ.SND.HHZ,0,up,44.604949951171875,1.48046875,15.8515625
1843859,10358565,CI.DRE.HHZ,1,down,9.908042907714844,1.91015625,1.2998046875
1844020,9662957,CI.SRT.EHZ,0,up,18.683273315429688,2.130859375,28.890625
1844124,9164102,CI.POB.EHZ,0,up,101.0433349609375,2.140625,48.9375
1844131,10373005,AZ.CRY.HHZ,0,up,90.49723052978516,1.76953125,26.75
1844388,10535565,CI.DSC.HHZ,1,down,15.441574096679688,1.2001953125,51.0625
1844446,15114425,CI.TPC.EHZ,1,down,25.612430572509766,1.48046875,32.40625
1845034,14135412,CI.SNR.EHZ,1,down,14.313698768615723,2.099609375,5.7109375
1845574,14204968,CI.TJR.EHZ,1,down,7.158398151397705,1.2802734375,16.234375
1845620,10979837,CI.JVA.HHZ,0,up,10.122190475463867,1.0498046875,14.1484375
1845817,9161873,CI.BAC.EHZ,1,down,25.013893127441406,2.330078125,116.1875
1845841,15102940,CI.WGR.HHZ,1,down,15.670879364013672,2.33984375,25.421875
1846139,9707373,CI.RAY.EHZ,1,down,6.206787586212158,1.75,9.9296875
1846420,10981381,AZ.FRD.HHZ,0,up,75.4457015991211,1.5400390625,39.03125
1846429,10348389,CI.CRR.EHZ,1,down,21.135684967041016,1.1298828125,23.0625
1846723,14586860,EN.RED.EHZ,1,down,98.6412582397461,1.3896484375,1.8798828125
1846765,14243504,CI.MUR.HHZ,0,up,4.175797462463379,1.900390625,39.4375
1847031,9152700,CI.HMT.EHZ,0,up,5.523977279663086,0.7998046875,13.421875
1847037,9927861,CI.JCS.HHZ,0,up,5.415917873382568,1.2001953125,73.0
1847084,14158292,CI.CRG.EHZ,0,up,6.155794143676758,1.599609375,76.375
1847490,9163900,CI.WVP.EHZ,0,up,38.90920639038086,1.419921875,10.7421875
1847575,9155189,CI.XMS.EHZ,1,down,69.49937438964844,2.8203125,64.375
1848019,9909421,CI.SIM.EHZ,1,down,9.063590049743652,1.7001953125,72.375
1848641,10530589,PB.B082.EHZ,1,down,3.969989538192749,0.27001953125,13.953125
1848750,14560260,CI.ISA.HHZ,1,down,114.622802734375,2.439453125,96.25
1848861,10070141,CI.WRV.EHZ,0,up,6.079909801483154,1.099609375,24.3125
1849349,11369098,PB.B081.EHZ,1,down,21.25632095336914,1.66015625,29.765625
1849443,14188916,AZ.FRD.HHZ,0,up,116.68382263183594,1.1396484375,9.9921875
1849498,11383010,ZY.MGD.EHZ,1,down,7.070333957672119,1.7197265625,70.9375
1849508,9712949,CI.SKY.EHZ,0,up,2.483783483505249,0.919921875,6.2109375
1849964,9677549,CI.WLH.EHZ,0,up,8.888344764709473,1.3701171875,40.9375
1850601,10321917,CI.WRV.EHZ,0,up,3.3704583644866943,1.6904296875,76.9375
1851359,11382586,AZ.SND.HHZ,0,up,9.121505737304688,0.9501953125,71.375
1851373,10168217,CI.CRG.EHZ,0,up,18.00493621826172,3.30078125,111.5625
1852426,9166461,AZ.WMC.HHZ,1,down,11.334996223449707,0.7998046875,13.953125
1852433,14167532,CI.BEL.HHZ,0,up,3.1309092044830322,1.2001953125,65.8125
1852781,11057557,AZ.BZN.HHZ,0,up,17.747751235961914,1.1904296875,20.109375
1852957,9986849,CI.WWP.EHZ,1,down,8.49225902557373,1.150390625,4.55078125
1853068,15019156,PB.B082.EHZ,1,down,12.604945182800293,0.5498046875,12.40625
1853445,11084234,CI.JRC2.HHZ,1,down,130.3186798095703,0.08001708984375,3.5703125
1853574,12447984,CI.ERR.HHZ,1,down,2.5738556385040283,1.6103515625,26.9375
1854383,10224665,AZ.CRY.HHZ,0,up,39.41475296020508,0.81005859375,8.7890625
1854710,14085888,AZ.LVA2.HHZ,1,down,13.622817993164062,1.2802734375,67.375
1854826,14509652,AZ.CRY.HHZ,1,down,45.81045913696289,1.33984375,30.34375
1854907,14215832,CI.CLC.EHZ,0,up,4.0783305168151855,1.650390625,103.75
1855416,10747445,CI.PMD.HHZ,1,down,4.028500080108643,0.990234375,70.9375
1855528,10231285,CI.YUH.EHZ,1,down,293.7378845214844,2.05078125,50.0
1855767,14960324,PB.B093.EHZ,1,down,5.529748916625977,0.56005859375,38.21875
1855800,14073996,CI.HOL.EHZ,0,up,12.743282318115234,1.3896484375,37.875
1855975,9805801,CI.WMF.EHZ,0,up,15.471650123596191,0.72998046875,30.3125
1856021,9819709,CI.MCT.HHZ,0,up,2.897948980331421,1.6796875,40.875
1856180,14206892,CI.CAP.HHZ,0,up,35.665950775146484,2.369140625,68.625
1856391,15154001,CI.MLAC.HHZ,1,down,17.952970504760742,1.5703125,15.5234375
1856471,10371829,NP.5062.HLZ,1,down,9.836406707763672,1.4296875,9.28125
1856584,14205916,CI.WLH.EHZ,0,up,3.2517287731170654,1.2998046875,47.625
1856704,9165021,CI.SME.EHZ,0,up,44.083526611328125,2.720703125,119.75
1857074,11090394,BC.CBX.HHZ,0,up,52.65837097167969,3.119140625,86.375
1857099,14719868,ZY.PNTO.EHZ,1,down,229.8316650390625,2.1796875,5.71875
1857155,9137337,CI.HOL.EHZ,0,up,29.3521785736084,1.849609375,22.203125
1857156,10121905,CI.POB.EHZ,1,down,7.172619819641113,1.0302734375,21.5
1857184,10226473,CI.WRV.EHZ,0,up,5.912866592407227,1.0302734375,28.28125
1857229,14438160,CI.YUH.EHZ,1,down,25.356002807617188,1.33984375,77.8125
1857236,10380489,CI.IR2.EHZ,0,up,11.533320426940918,2.099609375,75.5625
1857378,12458240,CI.FRK.EHZ,1,down,227.73040771484375,1.990234375,11.9921875
1857468,10151409,CI.POB.EHZ,1,down,9.45976734161377,1.099609375,60.25
1857874,10232601,CI.ERR.HHZ,0,up,3.040241003036499,1.48046875,28.84375
1857881,11421026,CI.WRV.EHZ,0,up,10.675890922546387,0.05999755859375,7.140625
1858003,14175976,AZ.CRY.HHZ,0,up,21.188276290893555,0.60986328125,18.5625
1858233,9972957,CI.YUH.EHZ,1,down,24.258106231689453,1.6396484375,48.125
1858351,14325496,AZ.BZN.HHZ,0,up,101.94481658935547,1.5400390625,19.296875
1858403,14073600,CI.RMR.EHZ,0,up,31.172067642211914,1.3095703125,26.90625
1859114,10007845,CI.GTM.EHZ,1,down,19.062898635864258,1.5,18.15625
1859497,10876357,AZ.PFO.HHZ,0,up,14.524571418762207,1.08984375,27.453125
1859554,9140404,CI.TPM.EHZ,1,down,44.00358581542969,2.119140625,4.80078125
1859704,11205362,CI.BAC.EHZ,1,down,11.878644943237305,1.0302734375,29.453125
1859736,14166564,AZ.YAQ.HHZ,1,down,13.278413772583008,1.0498046875,19.03125
1859805,10221385,CI.MPM.HHZ,0,up,6.30930757522583,0.52978515625,38.40625
1860082,9135406,CI.PSP.EHZ,0,up,15.06121826171875,1.669921875,23.1875
1860552,14332756,CI.SRT.EHZ,0,up,4.89317512512207,1.3603515625,67.0
1860852,15000812,AZ.CRY.HHZ,1,down,26.369552612304688,0.18994140625,9.140625
1861152,14436304,CI.BOM.HHZ,1,down,46.31407928466797,2.619140625,8.6328125
1861263,10594493,ZY.USG.EHZ,1,down,3.523637533187866,1.7001953125,19.390625
1861820,9706433,CI.PLE.EHZ,0,up,8.371112823486328,1.76953125,21.359375
1861867,10666477,AZ.PFO.HHZ,1,down,32.965518951416016,0.669921875,13.078125
1861920,11275330,PB.B087.EHZ,1,down,35.40781784057617,1.8203125,58.65625
1862199,14132852,CI.HMT.EHZ,1,down,28.69910430908203,2.349609375,37.625
1862536,9879413,AZ.CRY.HHZ,0,up,12.19469165802002,0.77001953125,17.90625
1862725,14286784,CI.SPG2.HHZ,1,down,8.136992454528809,0.91015625,77.375
1863073,9944465,CI.LEO.EHZ,0,up,5.561051845550537,1.400390625,90.5
1863308,10044081,CI.DNR.HHZ,0,up,7.415356159210205,1.0,29.015625
1863671,9150534,CI.GAV.EHZ,0,up,98.99960327148438,2.30078125,23.9375
1863728,10992797,AZ.CRY.HHZ,1,down,7.029658317565918,0.58984375,16.4375
1863912,9994701,AZ.SND.HHZ,1,down,3.9443020820617676,0.72021484375,7.25
1863944,10770469,CI.BAR.HHZ,0,up,49.84544372558594,1.990234375,66.875
1864111,9750373,CI.PSP.EHZ,0,up,6.373382091522217,1.8203125,75.625
1864175,14254316,CI.CRR.EHZ,1,down,61.91194534301758,2.26953125,41.65625
1864345,14085640,CI.HDB.EHZ,1,down,10.979753494262695,1.2001953125,14.0625
1864958,14154540,AZ.RDM.HHZ,0,up,20.905235290527344,1.009765625,16.125
1865085,10619005,CI.XTL.EHZ,0,up,11.751605987548828,1.3798828125,32.1875
1865243,11052069,AZ.MONP2.HHZ,1,down,22.675701141357422,1.5302734375,54.625
1865399,10906765,CI.PLM.HHZ,0,up,7.508914947509766,0.56982421875,33.71875
1865552,10536445,CI.GLA.HHZ,0,up,2.955723524093628,1.0,75.0
1865635,12895724,CI.SKY.EHZ,1,down,10.145638465881348,1.7998046875,25.34375
1865749,14164800,AZ.SND.HHZ,0,up,175.7758331298828,2.08984375,19.375
1866250,15201777,CI.SGL.EHZ,1,down,4.185713768005371,1.58984375,38.5
1866496,11389042,EN.HAT.EHZ,1,down,10.904316902160645,0.60009765625,1.33984375
1866522,14311308,CI.POB.EHZ,0,up,12.397378921508789,0.97998046875,41.8125
1866597,9989357,CI.WHF.EHZ,0,up,10.733329772949219,1.2998046875,29.109375
1866601,11344682,CI.WAS.EHZ,1,down,4.3742876052856445,1.0703125,45.125
1866793,10063669,CI.TOW.EHZ,1,down,2.2820606231689453,0.39990234375,23.34375
1867103,11012885,WR.PEC.EHZ,1,down,24.87812042236328,1.16015625,18.328125
1867167,14233708,CI.YUH.EHZ,0,up,534.3475952148438,3.73046875,100.8125
1867397,10179789,AZ.KNW.HHZ,0,up,115.68275451660156,1.5498046875,7.66015625
1867463,14190224,CI.ISA.HHZ,0,up,4.209824085235596,1.4697265625,66.8125
1867897,10838325,CI.RMM.EHZ,0,up,4.551514148712158,1.48046875,31.53125
1868130,14747700,AZ.TRO.HHZ,1,down,13.37465763092041,0.85986328125,14.40625
1868307,14929388,AZ.CRY.HHZ,1,down,9.162436485290527,0.669921875,38.21875
1868499,10171030,CI.YUH.EHZ,0,up,1.8954288959503174,2.0,13.34375
1868511,14149592,CI.GTM.EHZ,0,up,8.05930233001709,1.01953125,9.4375
1868573,15079492,AZ.PFO.HHZ,1,down,8.16201400756836,0.8701171875,12.4921875
1868724,14199044,AZ.SND.HHZ,1,down,5.098205089569092,1.41015625,54.03125
1869099,14168984,AZ.BZN.HHZ,0,up,2.7814345359802246,0.58984375,19.84375
1869226,14080028,CI.WWP.EHZ,0,up,9.05948257446289,1.4599609375,67.5625
1869265,9145776,CI.ALV.EHZ,0,up,53.41399383544922,2.490234375,43.25
1869350,12448536,CI.SIL.EHZ,1,down,5.013998508453369,1.8896484375,39.34375
1869407,14262604,CI.POB.EHZ,1,down,22.68608283996582,1.0498046875,46.84375
1870538,10227297,CI.CBK.EHZ,0,up,9.189982414245605,2.009765625,82.1875
1870750,10532925,CI.TEH.HHZ,1,down,9.709480285644531,1.2900390625,98.375
1871327,9679505,CI.WRC.EHZ,0,up,89.66805267333984,1.8896484375,24.96875
1871556,15008172,PB.B093.EHZ,1,down,13.619898796081543,1.3896484375,69.6875
1871717,11026349,CI.BAR.HHZ,0,up,18.7742977142334,1.75,30.9375
1872122,14612468,AZ.CRY.HHZ,1,down,7.097694396972656,2.359375,51.625
1872303,14156372,CI.POB.EHZ,0,up,4.87301778793335,1.6298828125,109.75
1872791,11279850,CI.SWS.HHZ,1,down,8.391006469726562,2.1796875,39.90625
1872864,11342970,CI.WRC.EHZ,1,down,59.32040023803711,0.360107421875,1.7900390625
1872884,9754001,CI.MWC.HHZ,1,down,27.21830177307129,2.44921875,58.34375
1873090,14369348,CI.ARV.HHZ,1,down,2.140010356903076,1.73046875,56.09375
1873253,11133114,AZ.CRY.HHZ,1,down,27.463090896606445,1.3701171875,57.9375
1873508,9675785,CI.WRV.EHZ,0,up,25.769744873046875,0.239990234375,2.609375
1874367,10992301,CI.PMD.HHZ,1,down,6.585249423980713,0.449951171875,36.8125
1874901,9856965,AZ.PFO.HHZ,1,down,23.689027786254883,1.259765625,15.3828125
1875914,9689069,CI.WSH.EHZ,1,down,11.071504592895508,1.400390625,58.46875
1876058,14735524,ZY.PNTO.EHZ,1,down,384.268798828125,2.009765625,4.3203125
1876200,10099209,CI.DNR.HHZ,1,down,8.161746978759766,1.6396484375,40.65625
1876552,9148893,CI.WCH.EHZ,1,down,15.240172386169434,1.83984375,21.953125
1876683,14215396,CI.PMD.HHZ,1,down,17.6261043548584,1.26953125,22.125
1876687,9981337,CI.PDU.HHZ,1,down,2.9634032249450684,1.9296875,12.203125
1876872,11277210,CI.JRC2.HHZ,0,up,3.6641907691955566,0.1600341796875,23.53125
1876876,9723349,AZ.BZN.HHZ,1,down,180.0174560546875,1.26953125,8.828125
1877169,13359440,CI.YUH.EHZ,1,down,229.47238159179688,1.849609375,15.0
1877287,14432576,CI.BEL.HHZ,1,down,26.57422637939453,3.109375,80.25
1877358,14963236,CI.PMD.HHZ,1,down,9.656959533691406,0.6298828125,18.8125
1878199,15150825,CI.CTC.HHZ,1,down,2.478537082672119,1.83984375,53.625
1878692,12458368,CI.SKY.EHZ,0,up,4.146429061889648,1.6201171875,32.28125
1878716,9147752,CI.WHV.EHZ,0,up,3.4521281719207764,1.830078125,54.5
1878805,14958724,PB.B082.EHZ,1,down,143.74273681640625,1.51953125,11.5
1878958,14372604,CI.DVT.HHZ,1,down,13.094402313232422,2.330078125,65.9375
1879227,11006717,CI.PEM.EHZ,1,down,43.91575241088867,1.8798828125,38.1875
1879283,10488549,CI.RXH.HHZ,1,down,45.19526290893555,2.220703125,3.349609375
1879611,10248905,CI.MPP.HHZ,1,down,36.650001525878906,4.08984375,119.0625
1879904,14441552,CI.OLP.HHZ,1,down,3.6606457233428955,1.759765625,102.8125
1880051,10056345,CI.SHE.EHZ,0,up,168.54507446289062,3.7890625,111.125
1880662,9811005,AZ.KNW.HHZ,1,down,11.206669807434082,1.3798828125,33.125
1880916,10365469,CI.SLA.HHZ,1,down,3.2869129180908203,0.990234375,9.84375
1880919,10354641,CI.WRC.EHZ,0,up,3.098144054412842,0.56982421875,16.203125
1881102,10255205,CI.MLAC.HHZ,1,down,34.362064361572266,1.5,15.078125
1881617,9966837,NC.PSM.EHZ,1,down,25.115671157836914,3.7109375,57.15625
1881915,10316825,CI.JRC2.HHZ,0,up,46.38356399536133,0.85009765625,10.0625
1881964,14286392,AZ.FRD.HHZ,1,down,31.330778121948242,1.51953125,57.1875
1882152,11209906,PB.B084.EHZ,1,down,69.11974334716797,2.599609375,70.625
1882345,10099849,CI.JRC2.HHZ,1,down,481.0265197753906,1.0,4.05859375
1882564,10004533,CI.WCH.EHZ,0,up,2.837956666946411,0.85009765625,49.8125
1882636,13966500,CI.CLI.EHZ,1,down,10.935517311096191,1.6796875,21.015625
1882758,14436600,CI.YUH.EHZ,1,down,13.589473724365234,1.3701171875,77.375
1882795,10263285,CI.CLC.HHZ,0,up,13.586835861206055,0.759765625,9.0234375
1883099,10151249,AZ.RDM.HHZ,0,up,2.746701717376709,1.48046875,32.5
1883186,9758585,CI.RAY.EHZ,1,down,15.02614974975586,1.2900390625,10.1484375
1883250,14220484,CI.FOX.EHZ,1,down,20.26654624938965,2.5703125,65.6875
1883266,10366361,CI.CCC.HHZ,1,down,231.2758331298828,2.5703125,52.5625
1883526,9930181,CI.CAP.HHZ,1,down,4.9570698738098145,2.0703125,69.375
1883965,14263024,AZ.BZN.HHZ,0,up,5.931919574737549,0.39990234375,6.30078125
1883995,9165484,CI.BLK.EHZ,1,down,3.748666286468506,1.51953125,98.3125
1884128,11102338,CI.PLM.HHZ,1,down,4.208898544311523,1.0498046875,41.09375
1884137,11286058,NC.PSM.EHZ,0,up,19.102060317993164,2.23046875,43.9375
1884257,10188057,CI.CLC.HHZ,1,down,34.107765197753906,0.60009765625,23.90625
1884800,9142843,CI.SIL.EHZ,1,down,160.84840393066406,1.48046875,5.9609375
1885216,15009388,AZ.MONP2.HHZ,1,down,32.35862350463867,2.080078125,13.78125
1885347,9159009,CI.RMM.EHZ,0,up,31.38201904296875,2.490234375,35.71875
1885951,15019244,CI.CRR.EHZ,1,down,7.286993980407715,1.48046875,24.84375
1885955,10771925,AZ.FRD.HHZ,1,down,20.353296279907227,0.419921875,4.19921875
1885992,11274826,CI.GOR.HHZ,0,up,4.005731582641602,1.75,96.875
1886214,9158767,CI.GAV.EHZ,0,up,5.31618070602417,1.509765625,25.25
1886415,10862301,AZ.CRY.HHZ,0,up,31.84937858581543,0.85986328125,16.953125
1886447,14984932,PB.B916.EHZ,1,down,5.414068222045898,0.7900390625,30.34375
1886500,9173202,CI.BTL.EHZ,0,up,15.422574043273926,2.240234375,90.4375
1886667,14283840,CI.WCS.EHZ,1,down,26.126832962036133,0.340087890625,1.740234375
1886996,13571444,CI.CLC.EHZ,0,up,37.27775955200195,1.669921875,17.703125
1887403,14987892,CI.HMT.EHZ,1,down,5.026640892028809,1.1396484375,42.875
1887777,10797133,CI.SLA.HHZ,0,up,15.081197738647461,1.9404296875,34.6875
1887787,14006348,AZ.KNW.HHZ,1,down,13.231878280639648,1.58984375,32.96875
1889367,10931885,CI.SGL.EHZ,1,down,27.7252140045166,1.98046875,8.8125
1889378,14007028,CI.JRC.HHZ,0,up,6.323553562164307,0.39990234375,4.109375
1889589,14848956,CI.SLR.HHZ,1,down,8.245195388793945,1.4599609375,45.84375
1889792,10765277,CI.BOM.HHZ,0,up,2.734443187713623,2.240234375,77.5
1889838,13491540,CI.EW2.EHZ,0,up,1.6208698749542236,0.89990234375,50.8125
1889860,11671756,CI.JRC.HHZ,0,up,42.75786590576172,1.2998046875,8.53125
1889959,14597756,EN.HAT.EHZ,1,down,30.550777435302734,1.2900390625,6.1796875
1890134,9809029,CI.ISA.HHZ,0,up,6.289749622344971,1.8203125,90.625
1890202,10778149,AZ.RDM.HHZ,1,down,165.28475952148438,1.6103515625,14.1328125
1890222,10056417,CI.HEC.HHZ,0,up,29.453975677490234,2.220703125,38.375
1890224,9975233,CI.BBR.HHZ,1,down,5.9595417976379395,1.8603515625,36.6875
1890611,9944261,CI.POB.EHZ,1,down,8.37636947631836,1.2001953125,37.875
1890739,10365473,CI.WSH.EHZ,1,down,67.30860900878906,1.23046875,45.09375
1890846,9797997,AZ.BZN.HHZ,0,up,10.844346046447754,1.1201171875,23.546875
1891055,9614697,CI.TPO.EHZ,0,up,30.81304359436035,1.8798828125,46.3125
1891102,14203792,CI.TPM.EHZ,1,down,4.358752250671387,1.0595703125,31.046875
1891189,9745861,AZ.FRD.HHZ,0,up,43.984981536865234,1.2001953125,19.40625
1891445,10366365,CI.WSH.EHZ,1,down,142.3520965576172,3.240234375,46.8125
1891678,9908089,CI.WNM.EHZ,1,down,3.3607590198516846,0.75,24.046875
1891729,9798549,CI.WOF.EHZ,1,down,9.719123840332031,0.759765625,31.703125
1892065,10229537,AZ.CRY.HHZ,0,up,94.04985809326172,1.7900390625,16.3125
1892246,9141234,CI.WAS.EHZ,0,up,8.428733825683594,1.8798828125,49.65625
1892587,14208404,CI.EMS.EHZ,1,down,20.278478622436523,2.580078125,47.34375
1892633,11363298,CI.FRK.EHZ,1,down,9.551941871643066,1.8798828125,62.375
1892681,9166935,CI.OLY.EHZ,1,down,9.477880477905273,1.830078125,51.90625
1893768,10379597,CI.PASC.HHZ,0,up,5.536725044250488,2.189453125,65.75
1893848,15178993,PB.B082.EHZ,1,down,292.2219543457031,2.759765625,36.4375
1894097,9677133,CI.WRV.EHZ,0,up,103.74079132080078,1.23046875,1.4404296875
1894441,10285677,CI.MUR.HHZ,0,up,15.62932300567627,2.80078125,95.625
1894516,14926412,PB.B082.EHZ,1,down,10.489812850952148,0.72021484375,12.5703125
1894571,10783605,CI.RMR.EHZ,0,up,7.195066928863525,1.6298828125,94.25
1894667,11416402,CI.EML.HHZ,0,up,35.35236358642578,1.0703125,42.46875
1895008,10062401,CI.HMT.EHZ,1,down,4.784987926483154,1.01953125,52.9375
1895011,14296036,AZ.WMC.HHZ,1,down,7.1437225341796875,1.48046875,20.640625
1895118,13992120,AZ.BZN.HHZ,0,up,38.84479904174805,1.2001953125,11.0
1895621,9976305,CI.MPP.HLZ,1,down,4.346744537353516,2.849609375,117.125
1896084,10054305,CI.RMR.EHZ,1,down,7.31982946395874,1.2001953125,43.1875
1896182,12487436,CI.HDB.EHZ,1,down,1.9968199729919434,0.89990234375,16.6875
1896425,11045541,NN.QSM.EHZ,0,up,12.036651611328125,1.4404296875,49.46875
1896482,11036101,NN.LCH.EHZ,0,up,239.7037353515625,2.150390625,33.5625
1896508,11024021,PB.B093.EHZ,1,down,12.911104202270508,0.9501953125,65.0
1896746,10532757,CI.SLA.HHZ,1,down,9.926887512207031,1.41015625,10.4921875
1896985,11417674,CI.JEM.HHZ,0,up,33.475440979003906,1.1796875,26.734375
1897447,13936732,CI.RAY.EHZ,1,down,26.059619903564453,1.9296875,31.234375
1897472,9721785,CI.CLC.EHZ,1,down,6.243298530578613,0.97998046875,29.546875
1897492,13992908,CI.JVA.HHZ,1,down,5.9152655601501465,1.5,24.625
1897503,10911309,CI.ERP.EHZ,1,down,5.690270900726318,1.5400390625,21.953125
1897824,14220212,CI.WMF.EHZ,0,up,15.109650611877441,0.360107421875,26.203125
1898078,14135764,CI.CBK.EHZ,1,down,10.636835098266602,1.8603515625,37.6875
1898125,10293893,AZ.CRY.HHZ,1,down,12.196281433105469,1.33984375,51.09375
1898711,14248432,CI.TEH.HHZ,0,up,75.8841323852539,1.51953125,21.875
1898861,10635469,ZY.OCCM.EHZ,0,up,156.05303955078125,1.5703125,5.19921875
1899358,9720033,CI.TOW.EHZ,1,down,25.478113174438477,1.400390625,14.703125
1900150,13940188,CI.HYS.EHZ,0,up,9.904623031616211,1.51953125,89.9375
1900254,14324956,AZ.PFO.HHZ,1,down,81.52710723876953,1.4697265625,12.90625
1900731,9148589,CI.WVP.EHZ,0,up,21.48952293395996,1.4296875,20.265625
1901022,9148795,CI.RMM.EHZ,0,up,33.32242202758789,1.599609375,15.3828125
1901074,10370225,PB.B086.EHZ,1,down,38.015743255615234,0.669921875,10.3515625
1901249,10905829,CI.MPM.HHZ,0,up,19.18060874938965,1.4599609375,40.4375
1901641,10178190,CI.ERP.EHZ,0,up,5.6432390213012695,1.990234375,18.25
1901718,10401681,CI.JNH.EHZ,1,down,38.05722427368164,1.599609375,48.8125
1901796,10295549,CI.POB.EHZ,0,up,76.22201538085938,1.48046875,11.0703125
1901940,10631917,CI.SLA.HHZ,0,up,3.064232110977173,1.8603515625,57.78125
1902308,10293513,AZ.PFO.HHZ,1,down,26.988140106201172,1.259765625,11.0390625
1902598,14166244,CI.HMT.EHZ,0,up,6.61746072769165,1.4697265625,47.0625
1902767,13997728,CI.POB.EHZ,0,up,14.267290115356445,1.26953125,44.34375
1902780,9625453,CI.WJP.EHZ,0,up,5.380609512329102,1.0,30.765625
1902946,9155211,CI.SRT.EHZ,0,up,26.352760314941406,1.580078125,31.3125
1903446,10988845,CI.MSC.HHZ,0,up,19.023157119750977,1.3203125,16.25
1903701,12455512,AZ.PFO.HHZ,1,down,6.697836399078369,1.3701171875,42.875
1903814,10182113,CI.PMD.HHZ,1,down,18.796571731567383,1.1298828125,66.3125
1904032,10404825,PB.B087.EHZ,1,down,8.409587860107422,1.2998046875,20.171875
1904078,12291532,CI.LTC.EHZ,1,down,5.61516809463501,1.740234375,63.90625
1904433,14406580,CI.SLA.HHZ,1,down,111.78727722167969,1.2802734375,9.1796875
1904505,10180725,CI.CLC.EHZ,0,up,11.931930541992188,0.7998046875,21.0625
1905186,14513284,CI.SVD.HHZ,1,down,32.481201171875,1.6796875,16.9375
1905375,10184910,CI.SGL.EHZ,0,up,6.795322895050049,1.919921875,70.0625
1905917,11281138,CI.WOR.EHZ,0,up,6.4921674728393555,1.419921875,29.3125
1906384,10533301,CI.WRV.EHZ,0,up,5.775290012359619,0.66015625,5.26171875
1906504,11277722,AZ.CRY.HHZ,0,up,15.955495834350586,1.0400390625,25.921875
1907094,10151305,CI.TIN.HHZ,0,up,12.451977729797363,2.890625,107.125
1907130,10592301,ZY.OYSB.EHZ,1,down,254.4564666748047,1.580078125,1.4697265625
1907376,10227289,CI.YUH.EHZ,1,down,39.568321228027344,1.5302734375,32.125
1907561,9970629,NC.PSM.EHZ,1,down,167.7787322998047,3.140625,66.8125
1907666,9169534,CI.HOD.EHZ,0,up,13.75643253326416,2.33984375,93.875
1907970,14243636,AZ.LVA2.HHZ,0,up,9.649617195129395,0.8798828125,15.921875
1908602,14153332,AZ.CRY.HHZ,0,up,47.74198532104492,1.0498046875,27.515625
1908693,10630261,ZY.SHCM.EHZ,1,down,7.884459495544434,1.509765625,7.41015625
1908758,14240632,CI.WMF.EHZ,1,down,22.37616539001465,0.330078125,13.0234375
1909171,10407753,AZ.RDM.HHZ,1,down,17.80970573425293,2.25,69.4375
1909173,9166110,CI.XTL.EHZ,0,up,15.044891357421875,1.2001953125,40.375
1909460,14199588,CI.WVP.EHZ,0,up,5.877771854400635,0.60986328125,6.80078125
1909528,14334192,CI.SWS.HHZ,1,down,5.273165225982666,1.58984375,40.1875
1909736,9879833,CI.TEJ.EHZ,0,up,124.22727966308594,1.330078125,10.75
1909791,10911285,CI.HMT.EHZ,1,down,21.795909881591797,1.849609375,58.625
1909984,14131548,CI.BC3.HHZ,0,up,3.470381021499634,2.0703125,47.71875
1910033,14156304,CI.WNM.EHZ,0,up,7.678534984588623,1.4599609375,35.875
1910574,11409418,CI.BLA2.HHZ,0,up,17.275278091430664,1.98046875,38.40625
1910795,14503068,PB.B081.EHZ,1,down,6.061834335327148,0.85986328125,29.671875
1911130,10398521,PB.B082.EHZ,1,down,125.8735580444336,1.5595703125,10.8125
1911388,10628925,ZY.OCCM.EHZ,1,down,115.33596801757812,1.8603515625,4.73828125
1911395,14207664,CI.MPM.HHZ,0,up,22.775514602661133,0.740234375,24.984375
1911606,9758153,CI.SPF.HHZ,1,down,4.401905536651611,1.5400390625,32.59375
1912142,14473432,EN.HAT.EHZ,1,down,2.1607582569122314,0.300048828125,13.0390625
1912190,9881373,CI.CTW.EHZ,1,down,8.117010116577148,3.439453125,105.625
1912484,10541653,PB.B087.EHZ,1,down,20.852176666259766,1.740234375,68.75
1912589,9928777,AZ.SND.HHZ,0,up,65.6077651977539,1.3203125,23.75
1912686,10296933,CI.BAC.EHZ,0,up,19.701261520385742,1.330078125,30.234375
1912821,10456717,EN.ENG.EHZ,0,up,16.080293655395508,0.60986328125,6.16015625
1912942,15194657,PB.B916.EHZ,1,down,6.780741214752197,0.429931640625,22.0625
1913084,14394588,AZ.CPE.HHZ,1,down,1.627052664756775,1.1103515625,52.21875
1913614,11081754,CI.CRR.EHZ,1,down,5.377812385559082,1.5302734375,17.4375
1914705,10782141,AZ.MONP2.HHZ,1,down,9.754904747009277,2.189453125,53.75
1914789,14406204,CI.PLM.HHZ,1,down,14.309709548950195,0.77001953125,15.796875
1914980,11132386,CI.IR2.EHZ,1,down,7.524181365966797,2.060546875,33.53125
1915039,9930545,CI.BLK.EHZ,1,down,5.76045560836792,1.3896484375,93.4375
1915443,9688281,NN.QSM.EHZ,1,down,25.660871505737305,3.259765625,91.4375
1916047,13949488,CI.PSP.EHZ,0,up,39.08696365356445,2.130859375,23.90625
1916172,14203212,CI.PMD.HHZ,0,up,9.049789428710938,1.1396484375,24.953125
1916299,10149453,CI.WCS.EHZ,1,down,1.99515700340271,1.0400390625,29.828125
1917864,11278026,CI.BOR.HHZ,1,down,15.613852500915527,2.490234375,66.875
1917935,9872205,CI.YUH.EHZ,0,up,90.30667114257812,1.5400390625,27.9375
1917983,10279701,AZ.BZN.HHZ,1,down,10.637633323669434,0.60009765625,5.53125
1918029,10215557,CI.SDR.HHZ,0,up,8.076494216918945,1.4404296875,14.296875
1918275,10221857,CI.WRC.EHZ,1,down,50.33646011352539,1.2998046875,13.921875
1918436,14329208,CI.BAC.EHZ,1,down,24.84330177307129,1.1796875,79.6875
1918460,9936417,CI.DNR.HHZ,0,up,90.20811462402344,2.330078125,48.78125
1918531,10207693,AZ.PFO.HHZ,0,up,3.4902968406677246,1.1103515625,16.5
1918693,11056821,AZ.LVA2.HHZ,1,down,17.85020637512207,0.5400390625,12.546875
1918779,10358497,CI.PEM.EHZ,0,up,10.189388275146484,1.3603515625,64.5
1918837,9905969,CI.RRX.HHZ,1,down,23.949357986450195,2.259765625,64.3125
1919336,15019604,EN.OBS.EHZ,1,down,8.943146705627441,0.5,4.2109375
1919472,9748153,CI.PLM.HHZ,0,up,20.184553146362305,1.7099609375,37.09375
1919616,14253964,AZ.KNW.HHZ,0,up,144.67584228515625,1.66015625,4.98828125
1919619,11129002,CI.HOL.EHZ,1,down,70.5916519165039,1.9501953125,17.15625
1919846,10756957,CI.RUN.EHZ,1,down,54.61139678955078,3.91015625,94.9375
1920118,9614273,CI.JFS.EHZ,0,up,3.345871686935425,1.8896484375,34.625
1920231,11056965,CI.OSI.HHZ,1,down,89.79396057128906,2.509765625,15.6875
1920275,9690965,CI.CLC.HHZ,0,up,4.498273849487305,1.83984375,86.4375
1920317,14350892,CI.WI2.EHZ,1,down,15.295326232910156,0.89013671875,6.359375
1920618,10169781,CI.CAP.HHZ,0,up,6.144972324371338,2.119140625,102.375
1920743,10591165,ZY.MLDN.EHZ,0,up,34.33277893066406,2.330078125,9.2109375
1921046,10479749,CI.KML.EHZ,1,down,6.321331024169922,2.580078125,43.90625
1921099,14146872,AZ.PFO.HHZ,0,up,27.861387252807617,2.509765625,84.5625
1921206,9962181,AZ.SND.HHZ,0,up,33.03797912597656,2.7890625,99.3125
1921572,11323490,AZ.LVA2.HHZ,0,up,39.98760223388672,0.97998046875,18.796875
1921597,12671432,CI.ABL.EHZ,0,up,4.728398323059082,1.849609375,67.5
1921753,14237312,AZ.PFO.HHZ,0,up,4.635048866271973,0.489990234375,27.921875
1921949,14003324,CI.FRK.EHZ,0,up,8.727131843566895,1.6201171875,45.4375
1922064,14048500,NP.TCF.HLZ,1,down,4.799480438232422,2.310546875,30.546875
1922198,12880176,CI.BAC.EHZ,0,up,8.252082824707031,1.66015625,73.4375
1922492,9660229,CI.WSH.EHZ,1,down,6.739047527313232,1.3798828125,59.0
1923016,10827173,CI.WCS.EHZ,1,down,16.90206527709961,0.60009765625,0.830078125
1923061,9675925,CI.ISA.HHZ,1,down,6.602726936340332,1.3203125,68.0625
1923214,10624037,CI.DJJ.HHZ,1,down,27.784713745117188,1.8896484375,18.875
1923286,14256804,AZ.FRD.HHZ,0,up,18.198637008666992,0.8701171875,20.859375
1923356,14088364,CI.MDA.EHZ,1,down,3.4400739669799805,1.23046875,9.7421875
1923399,14208104,CI.MUR.HHZ,0,up,15.09937858581543,1.3203125,8.46875
1923450,9155373,CI.AGA.HHZ,1,down,47.45851516723633,1.6904296875,37.15625
1923915,14240512,CI.MPM.HHZ,0,up,25.197540283203125,1.330078125,36.6875
1924014,11135066,CI.HMT.EHZ,1,down,3.1797749996185303,1.23046875,48.375
1924641,14386956,CI.SLR.HHZ,1,down,14.624608993530273,1.5703125,28.21875
1924644,14147684,CI.WRV.EHZ,0,up,312.9127502441406,0.52978515625,6.87109375
1924663,14188932,AZ.CRY.HHZ,1,down,124.2630844116211,1.7001953125,59.84375
1925447,11078202,CI.WWC.HHZ,1,down,4.8579230308532715,1.1298828125,67.75
1925566,10056069,CI.POB.EHZ,0,up,8.173978805541992,0.7998046875,18.046875
1925751,10541661,CI.WWC.HHZ,0,up,6.1312642097473145,1.2900390625,76.375
1925811,9709753,CI.SNR.EHZ,1,down,18.913427352905273,3.08984375,104.0
1925998,9720665,CI.BAC.EHZ,0,up,14.461997985839844,1.48046875,50.53125
1926132,9725513,AZ.KNW.HHZ,1,down,45.551658630371094,1.7998046875,38.03125
1926148,13387432,CI.WHF.EHZ,0,up,6.270452976226807,1.5703125,63.28125
1927000,3329062,CI.LEO.EHZ,1,down,27.38461685180664,1.3203125,7.53125
1927047,9160822,CI.RMR.EHZ,1,down,6.739776611328125,1.5595703125,117.875
1927235,14720812,ZY.MLDN.EHZ,1,down,13.794294357299805,2.060546875,8.2109375
1927334,14874236,CI.SLR.HHZ,1,down,4.966003894805908,0.68017578125,19.53125
1927341,13961236,CI.SIL.EHZ,1,down,7.2928853034973145,1.7001953125,33.34375
1927415,14999108,PB.B093.EHZ,1,down,29.16065788269043,0.77978515625,22.515625
1927606,14134924,CI.WRC.EHZ,0,up,3.611060619354248,1.650390625,31.65625
1927830,9716893,CI.STS.HHZ,0,up,9.633933067321777,2.630859375,16.796875
1928058,14360240,CI.JRC2.HHZ,1,down,17.66020393371582,1.169921875,15.4921875
1928077,10067045,CI.HMT.EHZ,0,up,7.6019463539123535,0.89990234375,13.609375
1928412,10754781,PB.B084.EHZ,0,up,6.917740821838379,0.740234375,17.984375
1928477,9721637,CI.WCS.EHZ,1,down,41.50028610229492,1.7802734375,12.1796875
1928652,13945516,CI.CLI.EHZ,0,up,32.077823638916016,1.759765625,9.96875
1928737,14201872,CI.HDB.EHZ,1,down,7.538226127624512,1.3896484375,34.0
1929149,10222597,CI.HOL.EHZ,0,up,5.358259677886963,1.8603515625,76.8125
1929252,10081205,CI.JRC2.HHZ,1,down,47.56462860107422,0.300048828125,4.98046875
1929259,9980821,CI.BLC.EHZ,0,up,13.162732124328613,1.7998046875,14.2734375
1929557,14132572,CI.HMT.EHZ,0,up,6.257092475891113,1.7197265625,11.953125
1929865,9634353,CI.SME.EHZ,1,down,5.4434614181518555,1.5400390625,26.546875
1929922,14601764,PB.B086.EHZ,1,down,13.237309455871582,0.7998046875,28.078125
1929947,10079721,CI.WLH.EHZ,0,up,26.3311710357666,1.4296875,40.1875
1930673,9141558,CI.RAG.EHZ,0,up,3.3981127738952637,0.85986328125,33.96875
1930762,10980973,CI.CIA.HHZ,1,down,20.749597549438477,2.1796875,66.6875
1930765,10621813,ZY.WAGN.EHZ,1,down,8.57925796508789,2.009765625,47.625
1930812,10730029,CI.CTW.EHZ,1,down,12.537052154541016,2.150390625,48.375
1930838,10064633,CI.WCS.EHZ,0,up,7.577133655548096,0.300048828125,3.970703125
1930893,14240112,CI.BBS.HHZ,0,up,3.035977602005005,1.1796875,15.0
1931060,9676669,CI.WHF.EHZ,0,up,4.716368198394775,0.93017578125,56.9375
1931963,11671252,CI.JRC.HHZ,0,up,43.811187744140625,1.099609375,5.9609375
1932241,13949908,CI.RMM.EHZ,1,down,5.819460391998291,1.33984375,47.75
1932348,11383578,AZ.CRY.HHZ,1,down,110.69561004638672,0.72998046875,22.546875
1932934,14435832,CI.EML.HHZ,1,down,2.8196558952331543,2.23046875,113.1875
1933166,9693165,CI.WRC.EHZ,0,up,23.68973159790039,1.2197265625,22.40625
1933207,10837853,CI.SGL.EHZ,1,down,32.46331787109375,1.6201171875,9.6015625
1933428,11330610,CI.BTL.EHZ,0,up,3.634627342224121,0.64013671875,43.625
1933805,14064960,CI.RAG.EHZ,0,up,3.4186432361602783,0.7099609375,17.078125
1934166,13287512,AZ.KNW.HHZ,0,up,3.0538017749786377,1.6396484375,64.25
1934771,10029013,CI.BTC.HHZ,1,down,3.379021644592285,1.5498046875,40.0
1934808,14185232,CI.DNR.HHZ,0,up,11.939277648925781,0.66015625,12.046875
1935192,10227333,CI.CBK.EHZ,1,down,49.45921325683594,1.0400390625,8.8515625
1935289,14885604,CI.BLA2.HHZ,1,down,16.765901565551758,1.7998046875,66.9375
1935991,11371074,CI.IPT.HHZ,0,up,5.20453405380249,0.75,9.53125
1936459,13979368,AZ.CRY.HHZ,1,down,6.17437744140625,0.89990234375,20.265625
1936559,10207181,CI.POB.EHZ,1,down,4.150304794311523,0.7001953125,40.75
1936946,14348944,CI.SWS.HHZ,1,down,25.24410629272461,3.560546875,74.25
1937524,14137976,CI.WVP.EHZ,1,down,5.25689172744751,0.919921875,71.375
1938068,14165932,CI.LUC.EHZ,0,up,9.928096771240234,1.41015625,35.15625
1938315,14049984,CI.CLI.EHZ,0,up,5.764410018920898,1.490234375,56.21875
1938331,14214092,CI.CJV.EHZ,1,down,9.764918327331543,2.810546875,84.875
1938446,9948689,AZ.CRY.HHZ,0,up,20.09705924987793,1.400390625,53.875
1938690,14094892,CI.DNR.HHZ,0,up,37.32396697998047,1.26953125,16.546875
1939279,14346380,CI.CCC.HHZ,0,up,66.30789947509766,2.1796875,64.125
1939284,10284109,SB.GVDA.HLZ,0,up,17.97247886657715,0.91015625,7.01953125
1939320,9171662,CI.WCS.EHZ,0,up,36.36159896850586,1.41015625,2.990234375
1939345,10456101,CI.HAY.EHZ,0,up,23.056827545166016,2.9296875,80.75
1939633,9882337,CI.WBM.EHZ,0,up,11.0744047164917,2.060546875,75.75
1940116,10871637,AZ.CRY.HHZ,0,up,44.61798095703125,0.8701171875,14.5390625
1940475,10506525,CI.DNR.HHZ,1,down,4.334427833557129,0.81005859375,53.96875
1941014,14598836,PB.B081.EHZ,1,down,6.118102550506592,1.2900390625,51.84375
1941317,15183073,AZ.CRY.HHZ,1,down,9.13940715789795,1.1796875,48.03125
1941509,13985304,CI.SS2.EHZ,1,down,23.185148239135742,1.849609375,40.59375
1941627,10872901,AZ.CRY.HHZ,0,up,17.87049674987793,1.580078125,18.03125
1943155,10737605,AZ.LVA2.HHZ,1,down,7.403473854064941,1.5595703125,16.703125
1943275,11391618,AZ.CRY.HHZ,1,down,28.030546188354492,0.18994140625,8.046875
1943295,11391770,CI.SPF.HHZ,1,down,59.360469818115234,1.9404296875,35.125
1943622,9719565,CI.BAC.EHZ,0,up,6.949260234832764,0.8798828125,51.9375
1943651,10780541,CI.SKY.EHZ,0,up,2.6790285110473633,1.3095703125,33.125
1944170,14221052,CI.DPP.HHZ,0,up,23.9840030670166,1.2998046875,41.34375
1944635,11277730,CI.FIG.HHZ,0,up,103.29985046386719,2.669921875,67.75
1944901,14963428,CI.PMD.HHZ,1,down,69.84069061279297,2.30078125,71.9375
1944942,11407250,CI.MSC.HHZ,0,up,191.4373016357422,1.8896484375,38.03125
1945311,9139440,CI.WRC.EHZ,1,down,20.719894409179688,1.1796875,19.796875
1945734,14329980,CI.SBB.EHZ,0,up,4.290323734283447,0.759765625,32.5
1946360,14212720,CI.CRG.EHZ,0,up,42.31175994873047,2.48046875,39.25
1946618,11326546,AZ.LVA2.HHZ,0,up,10.541956901550293,0.330078125,25.015625
1946980,9135621,CI.EW2.EHZ,0,up,10.049692153930664,2.189453125,64.75
1947295,10147413,CI.WRV.EHZ,1,down,1.597596287727356,0.199951171875,24.203125
1947505,14523836,CI.BAK.HHZ,1,down,27.763179779052734,2.880859375,35.9375
1947795,10065841,CI.PLM.HHZ,0,up,11.503707885742188,1.6201171875,38.3125
1947860,9661949,CI.WOF.EHZ,0,up,56.03041458129883,2.689453125,104.1875
1947980,14378520,CI.WCS.EHZ,1,down,2.585808277130127,1.830078125,45.875
1948310,10266717,CI.HMT.EHZ,1,down,27.676931381225586,0.6298828125,28.5625
1948379,14385848,CI.SLA.HHZ,1,down,4.237644672393799,0.58984375,10.7890625
1948732,10979293,CI.PLM.HHZ,0,up,6.766249656677246,1.150390625,41.75
1948756,10295329,CI.DNR.HHZ,0,up,2.9679019451141357,0.72998046875,18.84375
1948924,9976121,AZ.KNW.HHZ,1,down,9.500166893005371,1.2998046875,47.0
1949501,14325144,AZ.CRY.HHZ,0,up,11.216760635375977,0.72021484375,27.421875
1949910,13287512,CI.EML.HHZ,1,down,6.2078728675842285,1.6396484375,68.875
1950065,10356217,CI.BAC.EHZ,1,down,14.730485916137695,1.7197265625,45.4375
1950602,9689081,AZ.CRY.HHZ,0,up,9.165125846862793,1.2001953125,39.1875
1950703,7173930,CI.BLK.EHZ,0,up,80.32178497314453,2.099609375,112.8125
1951022,15163177,CI.SUN.EHZ,1,down,5.383800029754639,0.5400390625,18.40625
1951156,10407289,PB.B918.EHZ,1,down,160.15060424804688,2.439453125,33.03125
1951240,9649041,CI.CDY.EHZ,1,down,8.315815925598145,1.7001953125,27.0
1951278,14333460,CI.ERP.EHZ,0,up,8.643521308898926,1.2900390625,20.75
1951459,10735981,AZ.RDM.HHZ,0,up,7.7670817375183105,0.830078125,15.59375
1951815,10208445,CI.SGL.EHZ,0,up,8.025384902954102,1.3203125,35.21875
1952547,9870933,CI.GTM.EHZ,0,up,2.883425235748291,1.830078125,56.4375
1952828,11051469,CI.CLI.EHZ,0,up,9.631998062133789,1.26953125,8.7109375
1953053,10356185,PB.B086.EHZ,0,up,158.8850555419922,1.490234375,21.765625
1953462,14387256,AZ.FRD.HHZ,1,down,43.14646530151367,1.5703125,60.25
1953509,9963229,CI.PLM.HHZ,1,down,210.0457763671875,1.2802734375,5.78125
1953759,9142027,CI.RMM.EHZ,1,down,24.579336166381836,1.9599609375,38.03125
1953772,14334376,CI.JNH.EHZ,0,up,39.100040435791016,1.5,39.875
1953786,9982749,CI.SDP.HHZ,1,down,4.50689172744751,3.66015625,119.125
1953864,11084874,CI.SGL.EHZ,1,down,20.212228775024414,1.7001953125,4.19140625
1954030,9721397,CI.OLY.EHZ,0,up,1.6298530101776123,1.5,56.15625
1954131,14120432,AZ.RDM.HHZ,0,up,8.664769172668457,1.4404296875,45.6875
1954181,14345524,PB.B086.EHZ,1,down,6.617769718170166,1.1103515625,47.5625
1954246,10972375,CI.WNM.EHZ,1,down,12.329843521118164,1.2001953125,18.84375
1954256,9647101,CI.MLAC.HHZ,1,down,18.91251564025879,2.369140625,81.375
1955068,14404284,AZ.CRY.HHZ,1,down,7.0972466468811035,1.7197265625,89.5625
1955194,9719785,CI.EW2.EHZ,1,down,9.52399730682373,1.9599609375,49.84375
1955229,9164078,CI.HDB.EHZ,1,down,21.117568969726562,1.7998046875,10.2265625
1955865,10796885,CI.ALV.EHZ,1,down,290.14239501953125,3.119140625,39.1875
1956149,11788111,CI.SRT.EHZ,0,up,5.323093891143799,1.5,35.6875
1956150,14171840,CI.TEJ.EHZ,0,up,6.1146416664123535,1.5,9.5703125
1956442,14121932,CI.WCS.EHZ,0,up,4.032906532287598,1.400390625,12.5390625
1956862,9644765,CI.WNM.EHZ,0,up,5.475401401519775,1.4697265625,24.65625
1956930,9773161,CI.WHF.EHZ,0,up,5.3972930908203125,1.259765625,47.46875
1957554,10070429,CI.CCC.HHZ,0,up,9.214705467224121,1.8603515625,53.25
1957645,14189736,CI.GTM.EHZ,0,up,16.7774715423584,0.97021484375,10.0390625
1958281,9143864,CI.SIL.EHZ,1,down,6.204006195068359,2.359375,69.0
1958507,10059313,CI.BFS.HHZ,1,down,4.4193315505981445,1.1396484375,13.796875
1958967,11319658,CI.BAR.HHZ,0,up,2.072937250137329,1.1103515625,45.5
1959003,14997956,CI.HOL.EHZ,1,down,6.006765842437744,1.16015625,77.125
1959707,10835893,AZ.FRD.HHZ,1,down,28.194984436035156,1.6201171875,78.0625
1959767,10371173,CI.CLI.EHZ,0,up,4.0346903800964355,1.400390625,16.078125
1959821,9141816,CI.ALV.EHZ,0,up,16.51504135131836,1.7099609375,29.875
1960165,10201705,AZ.BZN.HHZ,0,up,4.114328384399414,0.68017578125,16.4375
1960347,14375912,PB.B087.EHZ,1,down,13.154852867126465,0.7900390625,13.0
1960992,10726789,CI.BAR.HHZ,0,up,34.646541595458984,1.6396484375,65.0
1961068,13974640,CI.CLC.EHZ,1,down,4.613402843475342,1.1103515625,26.765625
1961120,9152235,CI.BAC.EHZ,0,up,5.861195087432861,1.2001953125,44.4375
1961418,15103772,AZ.BZN.HHZ,1,down,4.243463039398193,1.7998046875,60.40625
1961506,10222153,AZ.SND.HHZ,0,up,29.69817352294922,1.580078125,22.25
1961575,14085348,CI.SGL.EHZ,1,down,10.219197273254395,0.91015625,73.9375
1962504,14595228,CI.DNR.HHZ,1,down,23.466909408569336,1.2998046875,10.8671875
1962650,9919597,CI.SIL.EHZ,1,down,5.0368242263793945,1.5595703125,42.0625
1962792,10201577,CI.CAP.HHZ,0,up,6.331759452819824,1.5302734375,62.71875
1963204,14408104,CI.DSC.HHZ,1,down,20.927583694458008,2.109375,46.8125
1963246,13913628,CI.MPM.HHZ,0,up,277.1766052246094,2.060546875,24.765625
1963644,10169217,CI.PLM.HHZ,0,up,4.773933410644531,0.75,26.71875
1963777,9718321,AZ.LVA2.HHZ,0,up,13.544272422790527,1.4296875,19.34375
1963858,11622676,CI.CLC.EHZ,0,up,4.502270221710205,1.330078125,19.609375
1963874,9692765,CI.WNM.EHZ,1,down,14.375055313110352,1.2001953125,18.75
1964178,10169553,CI.CTC.HHZ,1,down,4.474893093109131,1.7900390625,48.875
1964286,9633201,AZ.TRO.EHZ,0,up,26.482328414916992,3.1796875,77.0625
1964330,14122428,CI.STT.EHZ,1,down,3.8900089263916016,0.89990234375,48.75
1964453,11091154,AZ.SND.HHZ,1,down,7.016447067260742,1.76953125,54.25
1964955,11000005,CI.PLS.HHZ,1,down,4.362071514129639,1.849609375,53.28125
1965134,14871356,CI.ERP.EHZ,1,down,15.33489990234375,1.849609375,14.1484375
1965185,9733721,CI.WRC.EHZ,1,down,12.970446586608887,1.8095703125,22.765625
1965214,12451844,CI.EL2.EHZ,0,up,7.528138637542725,1.6904296875,83.8125
1965413,14165436,CI.LTC.EHZ,1,down,6.516230583190918,1.51953125,56.78125
1966214,11378194,CI.HYS.EHZ,0,up,19.238697052001953,1.7998046875,96.75
1966471,10184829,CI.CHF.HHZ,1,down,66.41232299804688,0.8701171875,16.375
1966498,10631669,ZY.USG.EHZ,1,down,19.204761505126953,2.259765625,47.40625
1967082,14333524,CI.LGU.HHZ,1,down,6.352869510650635,3.4296875,61.9375
1967303,9140246,CI.HMT.EHZ,1,down,21.304861068725586,2.2109375,29.9375
1967367,9800773,CI.WNM.EHZ,0,up,4.275553226470947,1.1396484375,34.0625
1967428,9724745,AZ.PFO.HHZ,0,up,4.024033546447754,1.6396484375,78.6875
1967546,14214784,CI.MIR.EHZ,0,up,3.1120998859405518,1.6904296875,43.5
1968147,14584788,AZ.RDM.HHZ,1,down,1.548704981803894,0.93017578125,46.5
1968577,10202301,CI.WCS.EHZ,0,up,18.1850643157959,1.8095703125,12.90625
1968657,14329332,CI.RMR.EHZ,1,down,192.08079528808594,2.880859375,68.25
1968684,10838373,CI.JEM.HHZ,1,down,27.86244773864746,2.220703125,102.375
1968790,11205282,CI.BTL.EHZ,1,down,38.07856750488281,2.41015625,77.125
1969167,9934877,CI.YUH.EHZ,1,down,35.95283126831055,1.8203125,57.71875
1970890,14262280,CI.YUH.EHZ,1,down,45.3343391418457,1.3701171875,20.53125
1970919,11370338,PB.B082.EHZ,0,up,190.94021606445312,1.3701171875,17.765625
1971121,10248501,CI.RMR.EHZ,0,up,15.42343807220459,0.97998046875,47.65625
1971424,9614233,CI.TJR.EHZ,1,down,6.381717205047607,1.4697265625,31.71875
1971490,9154201,CI.YUH.EHZ,0,up,6.358973503112793,1.7001953125,46.875
1971578,11085138,CI.LMR2.HHZ,0,up,35.223854064941406,1.3798828125,12.53125
1972598,9740693,CI.WJP.EHZ,0,up,6.890510559082031,1.2998046875,82.875
1972672,14190956,CI.PLS.HHZ,0,up,5.325971603393555,1.4599609375,12.453125
1972929,13948880,CI.CFL.EHZ,0,up,5.381083965301514,1.7099609375,97.0
1973009,14311280,PB.B081.EHZ,1,down,43.07285690307617,1.51953125,27.4375
1973043,10484621,PB.B086.EHZ,0,up,8.054788589477539,0.47998046875,6.171875
1973081,9940565,CI.STC.HHZ,1,down,33.97366714477539,3.23046875,50.1875
1973083,9148069,CI.WCS.EHZ,0,up,18.134653091430664,1.8798828125,10.3203125
1973193,14117184,CI.PEM.EHZ,0,up,8.710824966430664,1.2099609375,40.0
1973195,14996804,AZ.FRD.HHZ,1,down,13.278078079223633,0.9501953125,50.03125
1973213,11364042,CI.SNO.HHZ,0,up,7.287148952484131,1.0400390625,15.7890625
1973237,11376618,CI.WOR.EHZ,0,up,11.319643020629883,1.2802734375,20.59375
1973254,14218752,AZ.CRY.HHZ,0,up,3.293710231781006,0.52978515625,38.40625
1973481,10716477,CI.SIL.EHZ,1,down,58.58842468261719,1.169921875,4.3984375
1973565,10482797,CI.TOR.HHZ,0,up,2.348834753036499,0.64013671875,30.65625
1974245,14218020,CI.DNR.HHZ,0,up,14.092653274536133,0.93017578125,28.5625
1974406,14477744,CI.DNR.HHZ,1,down,19.84012222290039,1.4404296875,32.1875
1974485,10622437,ZY.PNTO.EHZ,0,up,29.880537033081055,1.650390625,7.640625
1974681,10096097,AZ.KNW.HHZ,0,up,123.83007049560547,1.58984375,11.0390625
1975020,14160740,CI.DNR.HHZ,1,down,23.643190383911133,1.2900390625,13.8984375
1975268,11392082,CI.DNR.HHZ,0,up,4.154999732971191,0.60986328125,16.5625
1975563,11082458,CI.YUH.EHZ,0,up,23.215646743774414,1.419921875,13.5078125
1976079,14335068,CI.TOW.EHZ,1,down,140.34194946289062,2.349609375,8.046875
1976294,9728221,CI.PLE.EHZ,0,up,3.8814854621887207,1.7001953125,20.5625
1976299,14214920,CI.MWC.HHZ,0,up,5.381385326385498,1.23046875,24.015625
1976449,14122220,CI.GTM.EHZ,0,up,4.433607578277588,1.5,57.4375
1977381,9164617,CI.HEC.HHZ,0,up,24.929401397705078,1.7998046875,7.48828125
1977498,14121048,CI.BAC.EHZ,1,down,3.409019947052002,0.740234375,51.90625
1977535,10836285,CI.DGR.HHZ,0,up,11.625665664672852,1.3095703125,80.8125
1977746,14179208,CI.ISA.HHZ,0,up,5.462762832641602,0.5,22.703125
1977873,10960501,CI.PLM.HHZ,1,down,3.706408739089966,0.580078125,24.984375
1977950,14754156,AZ.TRO.HHZ,1,down,26.243932723999023,1.3701171875,14.796875
1978142,10876509,EN.YOU.EHZ,1,down,3.737334728240967,0.5,7.33984375
1978144,11375106,PB.B081.EHZ,1,down,8.12144660949707,0.320068359375,8.15625
1978351,9608509,CI.SRT.EHZ,0,up,268.29229736328125,2.900390625,43.375
1978464,14150720,CI.WVP.EHZ,0,up,7.284378528594971,0.81005859375,29.65625
1978832,9710673,CI.CLC.HHZ,0,up,9.840225219726562,1.4501953125,36.8125
1978951,10079897,CI.LUG.HHZ,1,down,2.6385498046875,1.1904296875,25.390625
1979019,9144795,CI.COK.EHZ,0,up,11.88703441619873,2.609375,20.6875
1979172,9165893,CI.TPM.EHZ,1,down,27.527036666870117,1.2001953125,5.87109375
1979179,14023468,CI.POB.EHZ,0,up,9.538987159729004,1.5400390625,70.1875
1979575,10902461,CI.LUC.EHZ,0,up,6.475821495056152,2.16015625,40.34375
1979600,10722949,CI.SVD.HHZ,0,up,3.8938965797424316,1.9599609375,32.1875
1980669,9133135,CI.TPM.EHZ,1,down,77.78096771240234,2.23046875,18.328125
1980701,10366473,CI.MPM.HHZ,0,up,566.3519897460938,2.109375,18.4375
1980886,12627460,CI.LUC.EHZ,1,down,20.94693374633789,1.8896484375,38.65625
1981348,10099009,CI.TPC.EHZ,1,down,3.6478755474090576,1.6103515625,78.5625
1982414,10026213,CI.WHF.EHZ,1,down,14.67635440826416,1.099609375,22.625
1982644,12631428,CI.EW2.EHZ,0,up,32.54289627075195,2.01953125,64.5625
1982725,9152934,CI.RMM.EHZ,0,up,2.482128381729126,1.599609375,31.53125
1983220,14118392,CI.WCS.EHZ,0,up,2.870514154434204,1.2001953125,21.375
1983224,14899380,EN.OBS.EHZ,1,down,18.766820907592773,2.509765625,17.875
1983777,10402161,PB.B084.EHZ,0,up,5.959400177001953,0.759765625,23.0625
1983889,14241452,CI.PMD.HHZ,1,down,19.918975830078125,1.0498046875,25.109375
1984064,10629261,ZY.MLDN.EHZ,0,up,12.003374099731445,1.1904296875,4.48046875
1984445,11278762,AZ.CRY.HHZ,1,down,16.930450439453125,0.97021484375,65.0625
1984710,10753541,AZ.FRD.HHZ,0,up,3.9608123302459717,0.5,50.28125
1984828,14773436,AZ.FRD.HHZ,1,down,18.840167999267578,1.1298828125,22.125
1984964,11207962,EN.HAT.EHZ,1,down,4.48394775390625,0.5,5.328125
1985007,10751909,AZ.BZN.HHZ,0,up,4.33500337600708,0.85986328125,13.546875
1985352,15185633,CI.CWC.HHZ,1,down,11.457003593444824,1.009765625,30.15625
1985498,14163968,CI.JCS.HHZ,0,up,5.456417560577393,1.6201171875,36.125
1985640,10601181,ZY.OCCM.EHZ,0,up,31.793699264526367,1.66015625,10.140625
1985837,14335892,CI.SWS.HHZ,0,up,65.85963439941406,2.0390625,25.671875
1985968,10782877,AZ.CRY.HHZ,1,down,18.800983428955078,1.650390625,70.5
1986104,13959968,CI.BBR.HHZ,1,down,5.690902233123779,1.3798828125,16.875
1986524,11671816,CI.IKP.EHZ,1,down,52.3033332824707,2.630859375,90.5
1986994,10283429,AZ.WMC.HHZ,1,down,7.496586799621582,1.9404296875,109.3125
1987980,9670349,CI.DAN.HHZ,0,up,31.380800247192383,2.060546875,84.8125
1988108,10166973,CI.SUN.EHZ,0,up,28.033462524414062,2.060546875,50.4375
1988250,14562908,PB.B082.EHZ,1,down,13.89366340637207,1.330078125,52.71875
1989094,9168831,CI.HDB.EHZ,1,down,19.98068618774414,1.900390625,16.515625
1989385,11087314,CI.IDO.HHZ,0,up,17.602901458740234,2.529296875,8.46875
1989609,9875897,CI.MCT.HHZ,0,up,11.805461883544922,1.849609375,57.78125
1989967,10742765,CI.PMD.HHZ,1,down,6.142299175262451,0.449951171875,25.3125
1990089,14216296,CI.MPM.HHZ,0,up,3.7489125728607178,0.39990234375,31.828125
1990633,10078881,AZ.LVA2.HHZ,1,down,12.7601900100708,0.77978515625,22.359375
1990695,14003196,CI.BBR.HHZ,1,down,115.9363021850586,2.16015625,31.640625
1990781,9668277,CI.JVA.HHZ,1,down,36.20607376098633,1.8798828125,14.53125
1991023,10902725,CI.SGL.EHZ,1,down,21.626523971557617,2.599609375,18.03125
1991105,13939376,CI.SLR.HHZ,1,down,12.215720176696777,1.2099609375,9.3203125
1991238,9980833,CI.AGA.HHZ,0,up,1.5414068698883057,2.0,47.15625
1991998,9167316,CI.AGA.HHZ,0,up,6.067757606506348,1.66015625,51.6875
1992039,10255217,AZ.KNW.HHZ,1,down,39.74248123168945,1.3896484375,32.125
1992122,10013221,CI.DNR.HHZ,1,down,9.199394226074219,0.58984375,14.8671875
1992199,9168336,CI.CHF.HHZ,1,down,2.7763400077819824,1.2001953125,81.0
1993058,11070485,NC.PSM.EHZ,0,up,43.844295501708984,1.6904296875,18.640625
1993108,14184076,CI.SWS.HHZ,1,down,79.79841613769531,2.0703125,39.625
1993661,14395528,CI.COA.EHZ,1,down,8.598819732666016,1.7197265625,58.15625
1993739,9935721,AZ.LVA2.HHZ,0,up,7.563530445098877,1.3603515625,27.890625
1994268,10753013,PB.B087.EHZ,1,down,7.032259464263916,1.5400390625,56.125
1994308,11132938,CI.DPP.HHZ,1,down,3.575448513031006,1.51953125,34.375
1994384,14090960,CI.TPC.EHZ,0,up,8.718770980834961,1.0400390625,62.90625
1994456,10792701,PB.B093.EHZ,0,up,11.235663414001465,1.25,3.310546875
1994548,10528189,CI.JRC2.HHZ,0,up,50.016178131103516,0.389892578125,5.1015625
1994904,11084474,CI.ERR.HHZ,1,down,4.4881815910339355,2.0703125,17.359375
1995197,9774721,CI.SDR.HHZ,0,up,3.204197406768799,1.2998046875,55.5625
1995469,14217284,CI.PSD.HHZ,0,up,3.72074294090271,1.5,28.5
1995557,9807405,CI.PLS.EHZ,1,down,34.407676696777344,2.740234375,41.46875
1995588,10147637,CI.FRK.EHZ,0,up,25.050260543823242,2.05078125,45.125
1995628,11050637,CI.MPM.HHZ,0,up,24.656980514526367,1.76953125,47.53125
1995953,10207413,CI.ISA.HHZ,0,up,14.7605619430542,0.7001953125,8.140625
1996043,14959772,CI.DNR.HHZ,1,down,17.90473175048828,0.81982421875,13.9765625
1996671,9848677,CI.EMS.EHZ,1,down,66.42986297607422,3.240234375,52.03125
1997479,9948697,CI.BAC.EHZ,0,up,11.80836296081543,1.58984375,56.21875
1997495,11338274,PB.B093.EHZ,0,up,7.542407512664795,0.260009765625,21.84375
1997837,14324832,CI.BAC.EHZ,0,up,17.772899627685547,1.599609375,73.625
1997855,10754525,AZ.LVA2.HHZ,1,down,52.53654479980469,0.72998046875,13.3125
1997881,14472432,AZ.SND.HHZ,1,down,167.85316467285156,2.48046875,37.9375
1998005,14852388,CI.MCT.HHZ,1,down,6.768346786499023,0.9501953125,34.03125
1998098,13917260,CI.WES.HHZ,1,down,146.24005126953125,4.83984375,58.9375
1998719,9691841,CI.LUC.EHZ,0,up,5.990016460418701,2.140625,62.1875
1999321,14994476,CI.PMD.HHZ,1,down,16.29277801513672,0.72021484375,24.390625
1999370,14196876,CI.MGE.HHZ,0,up,1.8034329414367676,1.580078125,21.28125
1999563,10215281,CI.SKY.EHZ,0,up,8.747687339782715,2.1796875,43.71875
1999623,10905181,CI.SNO.HHZ,0,up,29.519561767578125,1.8095703125,75.6875
1999854,10613525,ZY.OYSB.EHZ,1,down,38.37631607055664,2.390625,9.09375
2000177,14197928,CI.TFT.HHZ,1,down,4.733186721801758,1.4697265625,26.5625
2000585,10235625,PB.B086.EHZ,1,down,13.459395408630371,0.990234375,43.03125
2000716,10997981,CI.SME.EHZ,0,up,3.5477652549743652,1.26953125,31.8125
2001143,10185701,AZ.YAQ.HHZ,1,down,6.888417720794678,1.2998046875,92.875
2001575,11365338,PG.DCD.EHZ,1,down,5.0185394287109375,2.19921875,34.875
2001684,11349058,CI.WRV.EHZ,0,up,40.71440124511719,1.91015625,9.3125
2002072,11088002,CI.SME.EHZ,1,down,9.10030746459961,1.7197265625,66.1875
2002586,9814469,CI.SLR.HHZ,0,up,6.275801658630371,1.75,24.375
2002615,9146801,CI.CPP.HHZ,0,up,4.817986011505127,2.73046875,32.0625
2002651,14239252,CI.LEO.EHZ,1,down,12.526334762573242,1.509765625,47.40625
2003237,10058669,CI.WWP.EHZ,0,up,4.899041652679443,1.740234375,63.03125
2003325,11209914,AZ.CRY.HHZ,1,down,16.415117263793945,2.73046875,77.875
2003394,14938532,CI.JEM.HHZ,1,down,13.005746841430664,1.0595703125,34.125
2003565,14252676,AZ.PFO.HHZ,1,down,6.704152584075928,0.7001953125,11.859375
2003590,9878117,CI.MIR.EHZ,0,up,12.00328254699707,1.8203125,24.015625
2004351,13910104,CI.GTM.EHZ,1,down,13.63650131225586,2.390625,33.3125
2004465,14233016,CI.SPG2.HHZ,1,down,80.0914077758789,1.7802734375,99.8125
2004483,14084644,AZ.TRO.HHZ,0,up,6.989409446716309,0.89013671875,15.8671875
2004586,11292055,CI.WRV.EHZ,0,up,59.807708740234375,1.5,1.509765625
2005180,14064912,CI.BEL.HHZ,0,up,46.96885681152344,2.23046875,27.609375
2005418,15021404,AZ.KNW.HHZ,1,down,8.015645980834961,0.66015625,28.375
2005508,15179009,AZ.RDM.HHZ,1,down,35.18761444091797,1.2802734375,71.5
2005654,10988045,CI.NSS2.HHZ,1,down,7.771635055541992,1.7998046875,5.08984375
2005669,11134250,PB.B084.EHZ,0,up,11.512221336364746,0.219970703125,14.7734375
2005854,13911160,CI.WOR.EHZ,0,up,6.1867995262146,1.5,58.4375
2006338,9876557,CI.TEH.HHZ,0,up,61.251075744628906,1.849609375,22.484375
2006821,10495277,PB.B081.EHZ,1,down,7.750809192657471,0.7998046875,37.46875
2007034,10925549,CI.SGL.EHZ,1,down,6.865676403045654,1.91015625,24.484375
2007129,10989621,CI.PMD.HHZ,0,up,9.422619819641113,1.2099609375,73.375
2007206,10236381,CI.EDW2.HHZ,1,down,4.179105758666992,1.0498046875,57.5
2007376,10411713,PB.B084.EHZ,1,down,8.550630569458008,0.22998046875,10.59375
2007720,11406914,AZ.CRY.HHZ,0,up,9.937161445617676,0.64990234375,7.26953125
2008151,9650389,NP.TCF.HLZ,1,down,22.731473922729492,2.630859375,27.53125
2008167,11361610,CI.DPP.HHZ,1,down,36.00507736206055,1.7900390625,49.9375
2008496,14169536,CI.HMT.EHZ,1,down,8.583467483520508,1.5595703125,83.875
2008529,10349101,CI.RXH.HHZ,1,down,2.638061285018921,1.5595703125,8.828125
2008867,14329252,CI.SUN.EHZ,0,up,8.274506568908691,0.89013671875,18.875
2009038,14168504,CI.LMR2.HHZ,0,up,130.67984008789062,1.9599609375,12.671875
2009145,13985540,AZ.RDM.HHZ,1,down,5.796602249145508,1.599609375,68.25
2009287,10368325,CI.RXH.HHZ,1,down,48.12272644042969,4.51953125,68.75
2009300,14523540,PB.B081.EHZ,1,down,4.4380693435668945,0.6298828125,29.734375
2009330,15140825,CI.MLAC.HHZ,1,down,144.89105224609375,2.4609375,1.6904296875
2009467,14332644,CI.TEH.HHZ,0,up,15.856163024902344,1.23046875,82.9375
2009484,9134954,CI.RAG.EHZ,1,down,4.162619113922119,1.5,19.40625
2009572,14295640,CI.CAP.HHZ,1,down,227.5390167236328,4.26171875,105.4375
2009604,10347129,CI.SAL.HHZ,1,down,4.892261981964111,1.76953125,66.1875
2009665,10185450,CI.CRR.EHZ,1,down,3.9491591453552246,1.26953125,18.296875
2009854,10482805,AZ.TRO.HHZ,0,up,4.302243709564209,0.419921875,11.25
2010711,9974521,CI.YEG.EHZ,0,up,55.156829833984375,1.9404296875,41.3125
2010913,9975781,CI.SSW.HHZ,1,down,10.538102149963379,2.16015625,6.5
2011053,10933813,PB.B093.EHZ,1,down,12.05360221862793,1.6796875,77.0625
2011547,10754925,CI.YUH.EHZ,0,up,98.3188247680664,1.3701171875,19.15625
2011882,14242600,AZ.MONP.HHZ,0,up,3.593714714050293,1.1904296875,41.0
2012366,14311780,CI.CRR.EHZ,1,down,64.3382797241211,1.8896484375,30.578125
2012374,11346218,WR.CSP.EHZ,1,down,6.407428741455078,1.349609375,13.6875
2012381,11131754,AZ.BZN.HHZ,0,up,3.7017602920532227,0.85009765625,33.625
2012502,14164600,CI.JRC2.HHZ,0,up,4.647066593170166,1.33984375,66.1875
2012582,14478056,AZ.SND.HHZ,1,down,9.233095169067383,0.8798828125,40.6875
2012824,11608055,CI.WSH.EHZ,1,down,8.258772850036621,1.7001953125,55.40625
2013013,10221737,CI.HOL.EHZ,0,up,13.263147354125977,1.7001953125,68.0
2013042,10187505,AZ.CRY.HHZ,1,down,110.68086242675781,0.66015625,3.7890625
2013200,9143930,CI.DTP.EHZ,0,up,27.70882797241211,2.060546875,29.234375
2013326,9797013,CI.JRC.HHZ,0,up,3.720796823501587,0.60986328125,9.28125
2013455,9814037,AZ.BZN.HHZ,0,up,10.115342140197754,1.080078125,12.296875
2013829,14159024,AZ.KNW.HHZ,0,up,11.584273338317871,1.1396484375,30.859375
2013948,9173276,CI.WWP.EHZ,0,up,5.646994113922119,1.1298828125,42.46875
2014391,14403968,CI.CRR.EHZ,1,down,68.5293960571289,1.9697265625,20.84375
2014624,14163304,CI.WHF.EHZ,0,up,7.248672008514404,0.7001953125,11.9296875
2014981,10827501,PB.B917.EHZ,1,down,24.394607543945312,1.8203125,87.4375
2015158,10185817,CI.PSR.HHZ,0,up,9.54440689086914,2.26953125,67.9375
2015191,14727380,ZY.USG.EHZ,1,down,34.4491081237793,1.5400390625,13.1015625
2015394,9141977,CI.HDB.EHZ,0,up,40.29607009887695,1.400390625,7.26953125
2015550,10867629,CI.SLA.HHZ,0,up,3.64695143699646,1.5703125,34.90625
2015956,14085628,AZ.CRY.HHZ,0,up,2.4042952060699463,0.3701171875,11.4296875
2016196,14478384,AZ.LVA2.HHZ,1,down,23.0010929107666,1.349609375,40.46875
2016531,10398577,PB.B084.EHZ,1,down,26.40662956237793,1.0703125,20.046875
2016847,9810329,CI.SRT.EHZ,0,up,4.301565647125244,1.080078125,41.40625
2016987,9970625,CI.RMR.EHZ,0,up,10.316349983215332,1.669921875,21.453125
2017144,11362618,PB.B917.EHZ,0,up,453.5831604003906,3.16015625,50.59375
2017191,10004553,CI.DRE.HHZ,0,up,3.777447462081909,2.150390625,60.59375
2017242,14335116,PB.B087.EHZ,0,up,14.204444885253906,1.16015625,28.75
2017319,14135524,CI.STT.EHZ,1,down,30.57267951965332,2.740234375,70.375
2017595,10779173,CI.ERP.EHZ,0,up,7.076395034790039,1.099609375,17.609375
2017754,14472688,AZ.LVA2.HHZ,1,down,4.2613983154296875,0.509765625,39.3125
2017824,10906797,CI.DGR.HHZ,0,up,55.1894645690918,1.759765625,48.15625
2018029,10297649,CI.WBM.EHZ,0,up,83.7197036743164,1.8095703125,42.0625
2018143,10188701,CI.RMR.EHZ,1,down,17.37512969970703,0.89013671875,33.875
2018752,14499836,CI.LTC.EHZ,1,down,16.7750186920166,0.81005859375,62.21875
2019067,14205500,CI.RMM.EHZ,0,up,64.04396057128906,2.240234375,19.234375
2019150,11079266,AZ.FRD.HHZ,0,up,23.48285675048828,0.93994140625,39.9375
2019215,10410289,CI.JRC2.HHZ,0,up,117.75700378417969,0.25,5.44140625
2019488,10184105,AZ.FRD.HHZ,0,up,8.246801376342773,0.89013671875,14.2734375
2019493,15181905,NN.GWY.EHZ,1,down,5.1688313484191895,1.0498046875,86.0
2019510,10788909,CI.EMS.EHZ,0,up,9.301363945007324,2.44921875,66.5
2019533,9936677,AZ.FRD.HHZ,1,down,49.64133834838867,0.7998046875,6.609375
2019543,9146012,CI.CPE.EHZ,0,up,17.80340576171875,2.51953125,86.1875
2020015,9773721,CI.THC.EHZ,1,down,4.082422733306885,1.7001953125,49.75
2020540,10183378,CI.WES.HHZ,0,up,2.9097342491149902,1.2197265625,22.65625
2020992,9161721,CI.WMF.EHZ,0,up,3.8068275451660156,0.7998046875,52.625
2021753,10293633,WR.PEC.EHZ,0,up,3.816816806793213,2.1796875,33.34375
2021835,13993452,CI.CTW.EHZ,0,up,5.391083240509033,1.3701171875,31.125
2021857,11393786,AZ.FRD.HHZ,1,down,13.448801040649414,0.3798828125,8.6015625
2022266,10215453,CI.MPM.HHZ,0,up,5.577640056610107,0.64013671875,29.046875
2022429,10547037,AZ.RDM.HHZ,0,up,22.672901153564453,1.9404296875,36.34375
2022966,9740729,AZ.PFO.HHZ,1,down,48.179595947265625,1.8701171875,16.625
2023146,13914496,CI.RMM.EHZ,1,down,29.099037170410156,1.7099609375,36.4375
2023331,12879972,AZ.WMC.HHZ,0,up,34.37450408935547,1.740234375,22.140625
2023413,10869565,CI.RXH.HHZ,1,down,17.16207504272461,1.75,1.400390625
2023648,9941869,AZ.LVA2.HHZ,1,down,41.131927490234375,1.759765625,69.875
2024031,14436296,CI.SWS.HHZ,1,down,2.3275294303894043,2.009765625,38.5
2024032,14189712,CI.HDB.EHZ,1,down,6.08501672744751,1.6201171875,18.21875
2024757,9653513,CI.FOX.EHZ,0,up,3.8168065547943115,2.73046875,118.1875
2024882,14152924,CI.DNR.HHZ,1,down,11.738006591796875,1.080078125,10.71875
2025014,10861829,PB.B081.EHZ,1,down,164.25225830078125,1.8701171875,31.1875
2025117,9664389,CI.WOR.EHZ,0,up,6.619589328765869,1.23046875,21.265625
2025127,14208664,CI.RYS.EHZ,0,up,26.250993728637695,1.6103515625,19.0625
2025240,10287733,AZ.KNW.HHZ,0,up,37.877811431884766,1.1103515625,23.015625
2025587,13937372,CI.GSC.HHZ,0,up,13.598018646240234,2.4609375,73.0625
2025747,9753453,AZ.KNW.HHZ,0,up,15.417716979980469,1.3095703125,52.21875
2025881,10230341,AZ.TRO.HHZ,1,down,2.5023202896118164,0.72021484375,15.4765625
2026818,14595732,PB.B084.EHZ,1,down,29.393434524536133,0.9501953125,14.703125
2026904,10082801,CI.MCT.HHZ,0,up,6.2236714363098145,1.48046875,38.75
2026991,14248460,CI.WBS.HHZ,0,up,2.298386573791504,1.9599609375,70.1875
2027477,14434648,CI.BOM.HHZ,1,down,59.483665466308594,2.1796875,7.140625
2028091,11390738,AZ.SND.HHZ,0,up,6.629509925842285,0.280029296875,11.5390625
2028367,10319189,AZ.WMC.HHZ,1,down,2.5472540855407715,0.68994140625,5.05078125
2029533,10860709,CI.CLI.EHZ,0,up,6.635654449462891,1.1904296875,10.8984375
2029855,9161719,CI.WRC.EHZ,1,down,213.963134765625,3.41015625,29.796875
2030094,10767517,CI.MCT.HHZ,1,down,23.625951766967773,2.08984375,100.3125
2030640,9165466,CI.WRV.EHZ,1,down,14.694106101989746,0.60009765625,11.15625
2031038,14287952,AZ.MONP.HHZ,0,up,178.3667755126953,3.2109375,41.28125
2031106,10788285,CI.BOM.HHZ,1,down,3.450803279876709,2.359375,8.421875
2031160,14079604,AZ.BZN.HHZ,1,down,58.84638977050781,2.009765625,81.125
2031355,10532453,CI.HYS.EHZ,0,up,5.0931549072265625,1.650390625,65.625
2031828,14333240,CI.WBM.EHZ,0,up,2.050133228302002,1.1201171875,43.40625
2032327,14150724,NC.MMI.EHZ,0,up,17.08135414123535,1.7900390625,78.1875
2032462,14324992,CI.JRC2.HHZ,0,up,19.16866111755371,1.58984375,30.734375
2032606,10837917,CI.DNR.HHZ,0,up,4.405317306518555,0.83984375,17.5625
2032923,13998596,CI.CRG.EHZ,0,up,16.85677146911621,2.0,59.53125
2033056,14155532,CI.BBR.HHZ,1,down,9.911521911621094,1.9501953125,25.09375
2033545,11343666,CI.BFS.HHZ,0,up,13.741868019104004,0.89990234375,29.484375
2033648,14058164,CI.BLA.HHZ,0,up,26.972003936767578,1.5498046875,11.5703125
2033943,11001205,CI.LJR.HHZ,1,down,115.88674926757812,4.23828125,63.3125
2034216,13658412,WR.PEC.EHZ,1,down,20.675495147705078,2.0703125,28.671875
2034504,10932021,PB.B084.EHZ,1,down,19.914993286132812,0.419921875,11.5078125
2035504,10181469,CI.BTL.EHZ,0,up,146.3474884033203,3.099609375,90.5625
2036642,13656768,CI.WNM.EHZ,1,down,62.31865310668945,1.830078125,15.6796875
2037065,10235453,CI.BAC.EHZ,1,down,32.61848449707031,1.9404296875,67.6875
2037164,14263824,CI.IR2.EHZ,1,down,88.2421646118164,1.509765625,0.5
2037203,14344972,CI.TPC.EHZ,0,up,5.014472961425781,1.1396484375,65.375
2037586,9148518,CI.WMF.EHZ,1,down,5.941011428833008,1.8896484375,85.0
2037730,14285604,CI.BBR.HHZ,0,up,71.37157440185547,2.880859375,47.5
2037889,11128538,AZ.BZN.HHZ,1,down,11.06648063659668,1.51953125,13.53125
2038279,10298345,CI.TPC.EHZ,0,up,7.452417373657227,1.509765625,61.65625
2038377,9642157,CI.ARG.EHZ,0,up,12.290263175964355,2.140625,13.140625
2038436,11102106,CI.RMR.EHZ,0,up,3.0284736156463623,1.0703125,57.9375
2038451,9659717,CI.EW2.EHZ,1,down,68.0150375366211,2.400390625,20.375
2038503,14404224,EN.RED.EHZ,1,down,30.771398544311523,0.5498046875,1.919921875
2038519,9171720,CI.WS2.EHZ,1,down,75.12407684326172,2.16015625,53.28125
2038782,10151493,CI.RMM.EHZ,1,down,15.942224502563477,2.169921875,80.375
2039167,9167749,CI.RMR.EHZ,0,up,47.82514572143555,1.0,15.0078125
2039186,9711417,CI.WOR.EHZ,0,up,144.31968688964844,2.0,19.1875
2039295,9889229,AZ.SND.HHZ,0,up,8.320401191711426,1.83984375,59.40625
2039610,14842468,AZ.FRD.HHZ,1,down,11.746086120605469,1.2001953125,68.5625
2040665,10378769,CI.BBR.HHZ,0,up,3.501350164413452,1.7197265625,43.65625
2041026,9148568,CI.WMF.EHZ,0,up,23.747272491455078,1.349609375,29.984375
2041452,10623557,ZY.GVBC.HHZ,1,down,16.837352752685547,3.099609375,17.8125
2041647,9647013,CI.CLC.EHZ,0,up,13.468173027038574,1.8798828125,37.25
2041789,14151620,CI.BOR.HHZ,1,down,6.3258056640625,1.25,30.875
2041839,9132700,CI.SND.EHZ,0,up,41.51724624633789,1.759765625,9.296875
2041870,15186209,CI.BAT.EHZ,1,down,5.017798900604248,1.2001953125,28.875
2041965,9809645,AZ.CRY.HHZ,1,down,23.280786514282227,2.51953125,92.75
2042081,10356525,CI.SUN.EHZ,0,up,9.332855224609375,1.169921875,53.3125
2042299,15137249,PB.B093.EHZ,1,down,6.014469146728516,0.89013671875,47.71875
2042353,10786597,AZ.KNW.HHZ,1,down,96.1131820678711,3.720703125,115.0
2042545,10912293,CI.WWC.HHZ,0,up,63.73833084106445,2.01953125,32.0625
2042643,10293513,AZ.BZN.HHZ,0,up,21.80722999572754,1.259765625,19.984375
2043229,9140040,CI.SIL.EHZ,1,down,16.521028518676758,2.19921875,65.375
2043243,9883741,CI.TEJ.EHZ,0,up,485.180419921875,2.58984375,9.6484375
2043738,14162340,CI.HMT.EHZ,0,up,21.503002166748047,1.6298828125,14.6015625
2044250,13965752,CI.TOW.EHZ,0,up,10.592342376708984,1.599609375,24.734375
2044358,9163192,CI.HDB.EHZ,1,down,25.5781192779541,2.01953125,31.8125
2044526,10189750,CI.COK.EHZ,0,up,1.8665112257003784,1.509765625,20.890625
2045392,13946604,CI.HMT.EHZ,1,down,2.359333038330078,1.400390625,47.6875
2045545,14096432,CI.POB.EHZ,0,up,30.311710357666016,1.009765625,44.03125
2045578,10179637,CI.SKY.EHZ,1,down,1.2159343957901,0.75,48.4375
2045708,11049197,CI.MPM.HHZ,0,up,40.765804290771484,0.85986328125,17.453125
2045978,10207773,CI.SBB.EHZ,0,up,8.440132141113281,1.0,26.71875
2046133,14084200,CI.FRK.EHZ,1,down,17.03097152709961,1.400390625,24.984375
2046250,11085890,AZ.CRY.HHZ,0,up,87.63701629638672,0.77001953125,9.34375
2046513,9666661,CI.WSH.EHZ,1,down,125.29991149902344,1.7802734375,22.15625
2046527,11102218,CI.DGR.HHZ,0,up,5.489923000335693,0.60009765625,28.859375
2046683,10353797,CI.PLM.HHZ,0,up,49.20368576049805,2.400390625,50.28125
2046702,10220897,AZ.LVA2.HHZ,0,up,27.0284423828125,1.26953125,23.46875
2046900,10004245,CI.PLM.HHZ,0,up,14.002111434936523,1.5,38.1875
2047019,9157511,CI.GTM.EHZ,0,up,27.08662986755371,2.7890625,58.6875
2047441,15200473,EN.ENG.EHZ,1,down,7.488631248474121,2.240234375,14.8203125
2047736,10099709,CI.BAC.EHZ,0,up,3.9671499729156494,0.5498046875,46.25
2047986,11390322,CI.SBPX.HHZ,0,up,66.15705871582031,3.08984375,23.8125
2048162,9167656,CI.WHF.EHZ,1,down,35.694644927978516,2.240234375,74.0
2048368,10526373,CI.WRC.EHZ,0,up,16.362144470214844,3.220703125,19.53125
2048518,9697509,CI.WMF.EHZ,0,up,63.70470428466797,1.509765625,8.609375
2049043,10788765,CI.COA.EHZ,1,down,61.14767074584961,4.28125,77.5625
2049198,14255912,CI.MPM.HHZ,1,down,47.390316009521484,1.2099609375,21.96875
2049364,10370217,CI.GTM.EHZ,1,down,2.498838424682617,1.3603515625,85.125
2049761,11336202,AZ.FRD.HHZ,0,up,33.74171447753906,0.8798828125,12.1171875
2050002,9996721,CI.DNR.HHZ,0,up,5.340969562530518,1.2099609375,8.0078125
2050119,11280162,NN.GVN.EHZ,0,up,3.9134578704833984,1.5703125,115.75
2050339,10456021,AZ.BZN.HHZ,0,up,7.0962815284729,0.97021484375,22.3125
2050591,10180325,CI.MIR.EHZ,0,up,6.905150890350342,2.0,49.28125
2050662,10370429,CI.LRL.HHZ,1,down,2.2275121212005615,2.609375,83.0
2050780,10740157,CI.PMD.HHZ,1,down,45.346290588378906,1.5498046875,25.953125
2050785,10865469,CI.BBR.HHZ,1,down,2.782412528991699,1.4501953125,38.15625
2051421,10933357,CI.JEM.HHZ,0,up,23.995882034301758,1.26953125,17.1875
2051582,10057589,CI.HEC.HHZ,0,up,9.316703796386719,1.8203125,28.96875
2052148,9629261,CI.PLM.HHZ,1,down,268.6108703613281,3.140625,105.4375
2052409,13966036,CI.WHF.EHZ,1,down,44.60153579711914,1.7001953125,47.375
2052814,14432576,NP.5062.HLZ,1,down,5.637247085571289,3.109375,18.59375
2053188,10099557,CI.SGL.EHZ,0,up,3.2894558906555176,1.7802734375,44.875
2053199,14136648,CI.LTC.EHZ,1,down,7.736652374267578,1.599609375,64.3125
2053397,10358797,PB.B082.EHZ,0,up,18.33831214904785,0.509765625,15.7734375
2053801,10044573,CI.STT.EHZ,0,up,4.741316318511963,1.150390625,25.171875
2054196,9710161,CI.XMS.EHZ,0,up,142.2006072998047,2.9609375,114.25
2055273,10872429,PB.B087.EHZ,0,up,4.526533126831055,0.64990234375,24.890625
2055584,10456333,CI.WRV.EHZ,0,up,5.5814104080200195,1.1396484375,22.15625
2055749,9879009,CI.CBK.EHZ,0,up,12.575437545776367,2.150390625,66.75
2056372,14739420,CI.BLA2.HHZ,1,down,7.3968706130981445,1.3095703125,49.40625
2056907,14094976,AZ.RDM.HHZ,0,up,68.40699768066406,1.8203125,15.0390625
2057230,10354661,CI.SLA.HHZ,0,up,2.8380322456359863,1.7802734375,27.5
2057345,14694708,ZY.USG.EHZ,1,down,24.395402908325195,1.6904296875,8.2265625
2057393,11062365,CI.SNO.HHZ,0,up,46.38074493408203,0.72998046875,6.55859375
2057849,13992556,CI.IR2.EHZ,1,down,8.579216003417969,1.580078125,19.171875
2058155,14627316,ZY.WAGN.EHZ,1,down,5.580337047576904,2.05078125,24.28125
2058293,11672528,AZ.PFO.HHZ,0,up,10.742470741271973,1.099609375,13.5625
2058358,11394946,AZ.BZN.HHZ,0,up,3.2794764041900635,0.7900390625,18.140625
2059173,9170603,AZ.BZN.HHZ,1,down,680.5947875976562,3.390625,57.5625
2059307,14844556,AZ.CRY.HHZ,1,down,45.69620132446289,0.97021484375,29.46875
2059620,11003813,PB.B082.EHZ,0,up,10.598493576049805,1.599609375,71.375
2059805,14490044,CI.POB.EHZ,1,down,4.815598011016846,0.56005859375,23.640625
2059948,14287568,CI.RRX.HHZ,0,up,8.03892993927002,2.099609375,66.25
2060060,14162476,CI.TPC.EHZ,0,up,15.204244613647461,1.849609375,66.8125
2060280,11132354,CI.SME.EHZ,1,down,81.73963165283203,2.619140625,71.25
2060542,9147297,CI.TOW.EHZ,0,up,4.111888408660889,1.150390625,20.984375
2060816,14241652,CI.YUH.EHZ,0,up,14.086050033569336,2.23046875,106.6875
2061118,10006897,CI.WSH.EHZ,0,up,17.983699798583984,0.66015625,23.015625
2061171,10398137,CI.LRL.HHZ,1,down,5.410550594329834,2.05078125,48.25
2061226,11132562,PB.B087.EHZ,1,down,319.1435241699219,2.150390625,10.5234375
2061527,14136764,CI.RAY.EHZ,1,down,7.343304634094238,1.5595703125,5.55078125
2061972,10964877,EN.OBS.EHZ,1,down,25.846921920776367,0.300048828125,7.9609375
2062223,10178781,CI.DVT.HHZ,0,up,22.546062469482422,2.529296875,27.109375
2063548,10605565,ZY.PNTO.EHZ,0,up,32.1133918762207,1.4599609375,7.3984375
2063884,9613625,CI.FOX.EHZ,0,up,6.100476264953613,2.390625,118.3125
2064022,10989389,CI.WRC.EHZ,1,down,7.667715072631836,0.39990234375,14.703125
2064245,10218305,CI.CHF.HHZ,0,up,7.002337455749512,0.68994140625,14.3203125
2064423,11126042,CI.POB.EHZ,1,down,117.15328216552734,1.759765625,24.4375
2065172,9168594,CI.WSH.EHZ,1,down,16.20018196105957,1.4599609375,31.078125
2065300,9644913,CI.BAC.EHZ,1,down,13.652974128723145,1.599609375,16.734375
2065731,9133424,CI.RMR.EHZ,0,up,4.290294647216797,1.8203125,68.125
2065963,10405097,CI.WCS.EHZ,0,up,14.228806495666504,2.779296875,3.5703125
2065994,9813573,CI.SPG.HHZ,0,up,3.402463674545288,2.5390625,50.90625
2066002,15156793,CI.FHO.HHZ,1,down,4.66326904296875,1.169921875,25.34375
2066466,14313240,CI.TOR.HHZ,1,down,27.14458465576172,1.4404296875,22.84375
2066683,9944477,CI.SNR.EHZ,0,up,2.329155921936035,1.5,15.1328125
2066772,9968669,AZ.BZN.HHZ,0,up,18.906814575195312,1.5703125,25.703125
2068058,10478749,CI.LRL.HHZ,0,up,4.958285808563232,2.310546875,105.0625
2068070,11389002,PB.B084.EHZ,0,up,16.265888214111328,0.66015625,27.703125
2068247,9949985,CI.BTL.EHZ,0,up,56.11079788208008,2.4609375,77.6875
2068371,11411562,CI.SBB2.HHZ,0,up,113.6571273803711,2.5703125,98.8125
2068499,10990237,WR.PEC.EHZ,1,down,9.808817863464355,0.990234375,28.203125
2068546,11245250,CI.WNM.EHZ,0,up,9.254486083984375,2.080078125,86.25
2068850,7208163,CI.WS2.EHZ,0,up,63.26437759399414,1.6796875,55.25
2068883,9140767,CI.ARG.EHZ,0,up,2.8506577014923096,2.099609375,55.65625
2069211,14018632,CI.RMR.EHZ,1,down,132.0508575439453,2.810546875,29.859375
2069379,14682884,ZY.OCCM.EHZ,1,down,4.3892083168029785,1.5703125,15.8125
2069468,10069061,CI.PEM.EHZ,1,down,8.031846046447754,1.3896484375,7.12109375
2069792,14395368,CI.SME.EHZ,1,down,3.630556344985962,1.4296875,113.1875
2070012,13997516,CI.WES.HHZ,0,up,10.137081146240234,2.599609375,54.0
2072130,10776885,CI.MPM.HHZ,0,up,6.051572799682617,0.39990234375,20.625
2072251,11046901,AZ.LVA2.HHZ,1,down,17.05910301208496,0.409912109375,13.796875
2072887,9165262,CI.TPO.EHZ,0,up,13.358530044555664,1.9599609375,52.96875
2073047,15088060,CI.BTL.EHZ,1,down,3.113039255142212,0.89013671875,28.484375
2073057,14345676,CI.SBPX.HHZ,0,up,4.068148136138916,2.060546875,24.78125
2073523,14386336,CI.HMT.EHZ,1,down,10.777462005615234,1.099609375,28.53125
2074170,10909789,PB.B081.EHZ,1,down,5.602607250213623,0.97021484375,53.78125
2074276,14297248,CI.YUH.EHZ,1,down,87.29227447509766,1.669921875,67.0
2074382,9990957,CI.SWS.HHZ,1,down,517.7964477539062,1.7802734375,7.3515625
2074697,11010509,AZ.LVA2.HHZ,0,up,25.38755989074707,2.30078125,107.6875
2074881,15136641,CI.TOR.HHZ,1,down,8.420592308044434,1.1396484375,44.09375
2074967,14188916,CI.POB.EHZ,1,down,13.526800155639648,1.1396484375,46.40625
2074982,10373453,CI.PSD.HHZ,1,down,7.781790256500244,1.490234375,26.921875
2075067,10184278,CI.CRR.EHZ,1,down,20.710670471191406,1.009765625,18.234375
2075160,9621897,CI.SAL.HLZ,1,down,7.370287895202637,1.400390625,17.796875
2075325,11286146,CI.HMT.EHZ,1,down,5.178833484649658,0.72021484375,29.734375
2075520,9650657,NN.CHS.EHZ,1,down,58.30958557128906,1.7001953125,4.0
2075645,11614604,AZ.BZN.HHZ,0,up,4.649139881134033,1.330078125,23.265625
2075863,14061332,CI.RMR.EHZ,1,down,71.06199645996094,1.6201171875,25.84375
2076347,13656548,CI.GTM.EHZ,0,up,29.20752716064453,1.599609375,12.859375
2076413,13944144,CI.GTM.EHZ,0,up,16.795886993408203,2.19921875,43.5625
2076562,14121420,CI.SUN.EHZ,1,down,8.127050399780273,1.599609375,37.09375
2076721,10824309,CI.DGR.HHZ,1,down,72.0303955078125,1.490234375,14.3828125
2076941,10222029,CI.SGL.EHZ,1,down,102.08795928955078,2.150390625,11.28125
2077343,9723701,CI.LUG.HHZ,1,down,1.7004406452178955,1.599609375,39.75
2077633,14379176,AZ.LVA2.HHZ,1,down,24.68421745300293,1.240234375,34.75
2077990,11084482,AZ.FRD.HHZ,1,down,18.09939956665039,0.919921875,25.765625
2078605,10024301,CI.WRV.EHZ,1,down,13.747615814208984,0.60009765625,12.9375
2078704,10349105,CI.SS2.EHZ,0,up,13.725801467895508,1.51953125,40.75
2078936,10624221,ZY.USG.EHZ,1,down,3.210341453552246,1.7197265625,13.8515625
2079051,14235288,CI.CRR.EHZ,1,down,23.030000686645508,1.4599609375,26.09375
2079090,9147472,CI.TPM.EHZ,1,down,2.132314682006836,0.91015625,52.03125
2079197,14314244,AZ.WMC.HHZ,0,up,11.951761245727539,1.33984375,41.15625
2079425,10980477,CI.BOR.HHZ,1,down,29.830434799194336,2.099609375,80.6875
2080069,15164113,CI.PSR.HHZ,1,down,185.25448608398438,2.400390625,20.453125
2080422,10057689,AZ.PFO.HHZ,1,down,11.187353134155273,1.900390625,41.9375
2080440,9674117,CI.WCH.EHZ,1,down,3.2740581035614014,1.599609375,24.6875
2080997,11343682,CI.CWC.HHZ,0,up,11.020925521850586,1.150390625,31.90625
2082327,11391954,CI.WRV.EHZ,0,up,6.001398086547852,1.1796875,37.03125
2083258,10866389,AZ.PFO.HHZ,1,down,40.794498443603516,1.7900390625,13.78125
2084084,10081961,CI.EDW2.HHZ,0,up,20.829267501831055,1.8095703125,74.6875
2084181,11022597,CI.HMT.EHZ,1,down,12.598381042480469,1.5703125,40.59375
2084472,14217604,CI.JRC2.HHZ,0,up,2.1643216609954834,0.56982421875,23.015625
2084640,9640261,CI.BTL.EHZ,0,up,8.687422752380371,1.759765625,44.5625
2084820,10874365,AZ.KNW.HHZ,0,up,10.627701759338379,1.1103515625,55.375
2084850,9155471,CI.SBB.EHZ,1,down,9.929287910461426,1.6904296875,110.8125
2085157,10792237,CI.WMF.EHZ,0,up,136.02940368652344,2.650390625,25.109375
2085182,9713629,CI.POB.EHZ,0,up,18.53119468688965,0.39990234375,3.05078125
2085209,15088268,PB.B082.EHZ,1,down,17.504596710205078,1.3603515625,54.6875
2085288,14621964,EN.ELM.EHZ,1,down,6.204715728759766,0.7001953125,1.330078125
2085539,10772229,ZY.MGD.EHZ,1,down,16.7597713470459,2.30078125,92.625
2085585,10151165,CI.CBK.EHZ,0,up,13.229572296142578,1.1396484375,37.5625
2085624,14979788,CI.WBS.HHZ,1,down,5.2313761711120605,0.91015625,23.90625
2085741,12880000,CI.RMR.EHZ,1,down,4.101114273071289,1.25,31.90625
2085933,10185045,CI.HMT.EHZ,0,up,2.7123172283172607,0.7001953125,20.921875
2086024,10613493,ZY.PNTO.EHZ,1,down,611.078857421875,3.029296875,1.3603515625
2086037,10741477,AZ.PFO.HHZ,1,down,8.008807182312012,0.5400390625,13.5078125
2086074,10013581,AZ.SND.HHZ,0,up,11.295247077941895,0.97021484375,26.0625
2086783,11086026,AZ.FRD.HHZ,0,up,11.11320686340332,0.449951171875,9.703125
2086912,10440185,AZ.KNW.HHZ,1,down,4.678438663482666,0.89013671875,46.21875
2087113,9774953,CI.HOL.EHZ,1,down,14.715575218200684,1.75,114.4375
2087587,10497765,AZ.BZN.HHZ,1,down,7.823108196258545,0.7001953125,3.310546875
2087780,11276562,AZ.CRY.HHZ,0,up,28.019298553466797,1.4599609375,28.859375
2087859,10298781,CI.DTP.EHZ,0,up,24.044052124023438,1.48046875,35.59375
2088087,14049888,CI.CLC.HHZ,1,down,30.074735641479492,0.93994140625,30.796875
2088321,10256661,CI.HEC.HHZ,0,up,13.8035888671875,2.330078125,13.6484375
2088377,9906345,CI.BOR.HHZ,1,down,48.440120697021484,1.650390625,10.3984375
2088717,14729428,CI.DNR.HHZ,1,down,7.194727897644043,0.91015625,15.90625
2088751,10353769,CI.ERP.EHZ,0,up,4.98853874206543,1.580078125,21.34375
2088776,10623781,ZY.SHCM.EHZ,1,down,23.819711685180664,2.240234375,54.5
2089060,10169541,CI.WBM.EHZ,1,down,6.1503777503967285,1.150390625,39.03125
2089209,10366825,CI.MPM.HHZ,0,up,24.426387786865234,0.83984375,41.4375
2089231,10770349,CI.IBP.HHZ,0,up,1.3997665643692017,2.359375,106.0
2089385,14343932,PB.B082.EHZ,0,up,14.795580863952637,0.58984375,13.6015625
2089616,11245850,CI.HMT.EHZ,1,down,77.021728515625,3.359375,100.625
2089625,10412281,CI.CCA.EHZ,0,up,24.70108413696289,2.740234375,63.375
2089631,9627729,CI.SS2.EHZ,1,down,17.530227661132812,2.0703125,51.78125
2089943,10922333,CI.YMD.EHZ,1,down,80.69674682617188,4.12890625,109.6875
2090185,14332168,PB.B082.EHZ,1,down,24.589153289794922,1.5302734375,49.6875
2090320,14177716,AZ.SND.HHZ,0,up,1.1913272142410278,1.25,15.34375
2090481,9721721,CI.CRR.EHZ,0,up,14.698960304260254,1.900390625,31.34375
2090745,10202713,CI.WCH.EHZ,0,up,1.506988763809204,0.39990234375,28.0625
2090813,9679121,CI.WJP.EHZ,1,down,15.007195472717285,1.599609375,86.0
2090896,10294577,PB.B081.EHZ,1,down,17.755029678344727,0.64013671875,3.439453125
2091574,11070893,EN.HAT.EHZ,1,down,19.220998764038086,1.400390625,4.28125
2091875,14214288,CI.CRG.EHZ,1,down,39.462188720703125,3.16015625,109.75
2092140,14153992,CI.BAC.EHZ,0,up,32.3922004699707,1.23046875,46.84375
2092356,10080557,CI.SME.EHZ,1,down,5.889537334442139,1.4697265625,85.75
2092428,9850761,CI.OGC.EHZ,1,down,17.311874389648438,2.900390625,21.875
2092557,10226069,AZ.CRY.HHZ,0,up,16.65955352783203,1.8701171875,16.71875
2093065,13843640,CI.HDB.EHZ,0,up,5.373730182647705,1.759765625,34.5625
2093523,9996809,CI.WSH.EHZ,0,up,170.84996032714844,2.69921875,7.46875
2093581,11349842,AZ.SND.HHZ,1,down,5.797577381134033,0.58984375,60.09375
2093882,9672709,CI.CLC.EHZ,0,up,5.632434844970703,1.08984375,33.8125
2094204,13811804,CI.TPC.EHZ,0,up,40.676231384277344,2.349609375,50.34375
2094455,3326864,CI.TOW.EHZ,0,up,2.494401216506958,1.0498046875,27.765625
2095304,11410474,CI.PLM.HHZ,1,down,4.115192413330078,0.419921875,21.5
2095430,11049333,PB.B093.EHZ,0,up,2.889082431793213,1.5302734375,91.4375
2095854,9690509,CI.WWP.EHZ,1,down,7.035689353942871,1.73046875,40.09375
2095860,10532037,AZ.FRD.HHZ,1,down,18.861974716186523,1.3896484375,56.3125
2095868,10353313,CI.PEM.EHZ,1,down,15.176414489746094,2.30078125,85.75
2095989,9137152,CI.FOX.EHZ,1,down,7.330075740814209,1.83984375,49.5
2096185,14565436,CI.WCS.EHZ,1,down,16.023136138916016,0.66015625,0.1199951171875
2096216,10236453,CI.MPM.HHZ,0,up,9.176614761352539,0.72998046875,25.015625
2096465,10493389,CI.LRL.HHZ,0,up,3.0871164798736572,1.9697265625,103.0625
2096532,9645641,CI.SND.EHZ,0,up,19.500415802001953,2.7890625,94.3125
2096989,9132638,CI.ARG.EHZ,0,up,21.97614860534668,2.3203125,33.375
2097432,10225981,CI.PLM.HHZ,0,up,12.013179779052734,0.85009765625,6.69140625
2097597,10217877,CI.WNM.EHZ,0,up,7.308983325958252,1.3603515625,63.59375
2097759,14213500,CI.SUN.EHZ,0,up,10.061856269836426,1.98046875,78.0
2098071,13930516,CI.DTP.EHZ,0,up,11.443135261535645,1.9599609375,75.1875
2098121,10121677,AZ.LVA2.HHZ,1,down,32.578208923339844,0.56005859375,13.65625
2098803,9157857,CI.HEC.HHZ,0,up,8.644475936889648,3.140625,6.73828125
2098912,15189377,CI.HYS.EHZ,1,down,29.984621047973633,1.849609375,109.0625
2099008,9171679,CI.TEJ.EHZ,0,up,377.8483581542969,4.421875,46.0625
2099406,10930285,CI.JRC2.HHZ,0,up,2.348141670227051,0.75,39.53125
2099509,14181492,CI.LRR.EHZ,1,down,267.8865661621094,1.599609375,4.08984375
2099839,11207154,CI.TEH.HHZ,0,up,24.035120010375977,1.8701171875,88.1875
2099878,13935616,CI.TPM.EHZ,1,down,3.9324190616607666,1.5,70.4375
2100135,9966009,CI.JCS.HHZ,1,down,18.603849411010742,1.8095703125,37.8125
2100512,11327002,CI.RMR.EHZ,1,down,8.711527824401855,1.509765625,64.0625
2100599,9674061,CI.WJP.EHZ,1,down,9.091265678405762,2.369140625,86.8125
2100771,10775853,CI.DNR.HHZ,1,down,47.699363708496094,2.009765625,30.046875
2100840,9724041,CI.PKM.EHZ,0,up,49.879859924316406,1.650390625,28.046875
2101141,14344904,CI.DTP.EHZ,0,up,1.1656688451766968,1.4404296875,45.5625
2101225,9658997,CI.WIN.EHZ,1,down,7.352591037750244,1.6396484375,37.15625
2101294,10263765,AZ.RDM.HHZ,0,up,54.22089767456055,2.26953125,59.90625
2101370,14436120,CI.WI2.EHZ,1,down,4.320627689361572,1.349609375,12.6015625
2101473,10543613,PB.B093.EHZ,1,down,4.394073486328125,1.419921875,60.375
2101518,14247276,CI.WMF.EHZ,0,up,6.930351734161377,0.85009765625,25.40625
2101535,9848781,CI.SGL.EHZ,0,up,6.737044811248779,1.1904296875,20.8125
2101661,14072836,CI.WRC.EHZ,0,up,18.723569869995117,1.7998046875,25.59375
2101745,14682044,ZY.MLDN.EHZ,1,down,5.860186576843262,1.66015625,5.5703125
2101885,14524756,AZ.FRD.HHZ,1,down,132.44174194335938,1.8603515625,34.25
2102222,14179008,CI.SPG.HHZ,0,up,7.916074752807617,1.73046875,66.4375
2102270,11065365,CI.BRE.HHZ,0,up,6.392902374267578,2.380859375,19.953125
2102919,13965816,CI.RUS.HHZ,0,up,7.050196170806885,2.509765625,6.53125
2102931,10346677,CI.MUR.HHZ,0,up,57.00242233276367,1.7998046875,2.7890625
2103010,13944424,CI.HDB.EHZ,1,down,7.176708698272705,1.400390625,30.203125
2103219,13937756,CI.WNM.EHZ,0,up,8.176414489746094,1.9296875,90.0625
2103449,10399081,PB.B087.EHZ,0,up,21.21952247619629,0.77001953125,15.921875
2103577,13938956,AZ.CRY.HHZ,1,down,146.34478759765625,2.779296875,82.75
2103825,9154495,CI.TPC.EHZ,1,down,9.264230728149414,1.580078125,36.6875
2104261,13903460,CI.HOL.EHZ,1,down,36.17046356201172,1.6103515625,33.71875
2104562,10316825,CI.MPM.HHZ,0,up,15.149370193481445,0.85009765625,32.34375
2104680,10964613,AZ.KNW.HHZ,1,down,3.432070732116699,1.009765625,79.0625
2104908,14441272,PG.PB.EHZ,1,down,18.06120491027832,2.5,94.625
2104919,14566340,CI.DRE.HHZ,1,down,26.6699161529541,2.560546875,45.96875
2104945,10795949,CI.ERP.EHZ,1,down,13.970267295837402,1.919921875,54.9375
2105616,9134302,CI.TPC.EHZ,1,down,15.594291687011719,1.599609375,28.796875
2105725,9169237,CI.GRP.EHZ,1,down,8.036354064941406,1.7001953125,69.625
2105803,14432952,CI.SLA.HHZ,1,down,4.371592044830322,1.5498046875,10.7265625
2105917,11004813,AZ.BZN.HHZ,0,up,4.894348621368408,0.919921875,24.125
2106392,9991485,CI.SNR.EHZ,1,down,25.31832504272461,1.91015625,11.4609375
2108155,9152668,CI.HDB.EHZ,0,up,7.403307914733887,1.2001953125,14.53125
2108192,12457356,CI.DVT.HHZ,0,up,9.31098747253418,2.08984375,76.9375
2108203,13692396,CI.RAG.EHZ,0,up,63.56139373779297,1.3203125,16.84375
2108312,10492085,CI.RMR.EHZ,1,down,6.067814350128174,1.8896484375,96.125
2108352,14862860,EN.OBS.EHZ,1,down,8.591784477233887,3.150390625,68.3125
2108707,14329424,CI.TA2.HHZ,0,up,9.430299758911133,1.5400390625,2.9296875
2109073,10168953,NC.MMI.EHZ,0,up,7.328178882598877,1.599609375,106.3125
2109205,10635077,AZ.KNW.HHZ,1,down,5.794604301452637,0.58984375,37.34375
2109372,14186852,CI.LJR.HHZ,1,down,15.440156936645508,2.44921875,29.59375
2109623,10491685,CI.YUH.EHZ,0,up,75.86422729492188,1.76953125,24.765625
2109831,14157084,CI.POB.EHZ,1,down,26.665143966674805,1.599609375,48.28125
2109894,10494277,PB.B921.EHZ,0,up,12.585200309753418,1.2001953125,46.28125
2110001,10497229,EN.YOU.EHZ,1,down,7.047348499298096,1.9501953125,19.59375
2110029,10433585,PB.B086.EHZ,1,down,49.521175384521484,0.93994140625,11.609375
2110302,10778525,CI.SAL.HHZ,0,up,2.5510456562042236,1.259765625,41.03125
2110415,9688953,CI.WWP.EHZ,0,up,3.096914768218994,1.099609375,36.78125
2111322,14333092,CI.WRV.EHZ,0,up,3.4299635887145996,0.56005859375,12.046875
2111581,11417322,AZ.FRD.HHZ,0,up,23.178466796875,0.7099609375,8.4609375
2111967,10348969,AZ.CRY.HHZ,0,up,7.1263933181762695,1.080078125,26.265625
2112029,11408546,CI.BOR.HHZ,1,down,22.783723831176758,1.3603515625,13.171875
2112145,15182569,CI.FUR.HHZ,1,down,1.6071797609329224,1.240234375,38.3125
2112672,15195553,CI.SNO.HHZ,1,down,16.711719512939453,0.93994140625,16.734375
2113336,10248333,NC.MMI.EHZ,0,up,13.581467628479004,1.900390625,83.6875
2113476,10775909,PB.B084.EHZ,1,down,8.641274452209473,1.5302734375,78.3125
2113539,13656984,CI.BLA.HHZ,1,down,5.646536350250244,1.8603515625,52.96875
2113551,10367921,CI.RMR.EHZ,1,down,6.525912761688232,2.0,67.0
2113799,9723353,CI.WVP.EHZ,1,down,25.143028259277344,0.97998046875,26.203125
2113800,14199912,AZ.YAQ.HHZ,1,down,20.768447875976562,1.740234375,23.5625
2114002,9998341,CI.WOR.EHZ,0,up,5.694282531738281,1.599609375,38.25
2114181,12959444,CI.SBB.EHZ,0,up,33.56248092651367,2.359375,69.25
2114450,9173365,CI.MWC.EHZ,1,down,100.74639129638672,4.26171875,32.4375
2114555,14332084,CI.PLM.HHZ,0,up,8.730152130126953,1.1103515625,42.5
2114964,14406568,CI.CCC.HHZ,1,down,29.854015350341797,1.9599609375,48.9375
2115586,9157877,CI.WMF.EHZ,1,down,104.32951354980469,1.6201171875,11.390625
2115889,11003341,CI.DEC.HHZ,0,up,14.31906795501709,1.83984375,16.390625
2116148,10526437,CI.MLAC.HHZ,1,down,53.76784896850586,2.900390625,26.34375
2116165,14203208,CI.CHF.HHZ,0,up,21.249279022216797,1.0595703125,15.796875
2117041,10869861,AZ.PFO.HHZ,0,up,2.909247875213623,0.419921875,30.046875
2117512,11418130,PB.B093.EHZ,0,up,2.0961029529571533,2.5,7.44140625
2117715,14257308,AZ.MONP.HHZ,1,down,5.9275803565979,1.76953125,46.375
2118019,15061260,AZ.KNW.HHZ,1,down,3.288379430770874,0.07000732421875,21.25
2118249,9143262,CI.CLC.EHZ,1,down,20.662689208984375,1.08984375,11.15625
2118454,11365274,AZ.LVA2.HHZ,1,down,128.04762268066406,0.85986328125,9.828125
2118457,10404657,CI.DTP.EHZ,0,up,9.190187454223633,1.8095703125,29.1875
2118461,14989356,PB.B087.EHZ,1,down,28.992443084716797,0.7099609375,7.91015625
2118556,10319613,CI.DPP.HHZ,0,up,26.720827102661133,2.130859375,88.75
2118600,12458052,CI.DRC.HHZ,0,up,3.262002944946289,1.83984375,39.375
2118636,9166954,CI.BAC.EHZ,0,up,7.320984363555908,1.7001953125,56.90625
2118678,10317737,CI.WRV.EHZ,1,down,1.9155972003936768,0.77001953125,20.875
2118915,14236988,AZ.PFO.HHZ,1,down,7.222116947174072,1.400390625,57.71875
2119073,10702141,AZ.FRD.HHZ,0,up,3.9906325340270996,0.72021484375,20.75
2119444,10773221,CI.YUH.EHZ,1,down,12.492695808410645,1.48046875,6.41015625
2119618,10352849,AZ.KNW.HHZ,1,down,3.755293846130371,1.0,39.0
2120537,9793585,CI.WHF.EHZ,0,up,103.21404266357422,1.400390625,0.91015625
2120788,10043441,CI.DNR.HHZ,0,up,548.6742553710938,1.7001953125,10.2265625
2121172,10778885,CI.BAC.EHZ,0,up,9.023874282836914,0.81005859375,45.53125
2121304,14513236,CI.DNR.HHZ,1,down,13.594304084777832,0.68017578125,17.296875
2121681,14135956,CI.BAC.EHZ,0,up,5.367579460144043,0.759765625,29.703125
2122324,11207682,CI.MWC.HHZ,0,up,22.744531631469727,2.380859375,42.0625
2122379,10054069,AZ.KNW.HHZ,0,up,50.60508728027344,1.75,84.875
2122712,14157456,AZ.CRY.HHZ,1,down,30.407386779785156,0.81005859375,21.109375
2123032,9618349,CI.BAC.EHZ,0,up,2.8441057205200195,1.2001953125,27.1875
2123526,10235081,AZ.KNW.HHZ,0,up,46.381988525390625,2.30078125,98.0625
2123908,15194553,CI.TOR.HHZ,1,down,4.921812057495117,1.349609375,64.75
2124640,9906673,WR.CSP.EHZ,1,down,5.5678181648254395,1.580078125,24.046875
2125277,13993020,AZ.CRY.HHZ,0,up,6.375700950622559,0.7001953125,82.3125
2125489,14170900,CI.BOR.HHZ,1,down,49.3758544921875,1.580078125,8.5078125
2125566,11345802,CI.FHO.HHZ,0,up,8.466711044311523,0.8701171875,19.1875
2126000,14899164,CI.WI2.EHZ,1,down,18.15984344482422,3.099609375,28.53125
2126100,11066021,CI.MSC.HHZ,0,up,5.929450035095215,1.1103515625,53.4375
2126139,10182061,AZ.KNW.HHZ,0,up,9.277342796325684,0.75,36.8125
2126146,10667205,ZY.USG.EHZ,0,up,9.33247184753418,1.509765625,24.34375
2126695,9658365,CI.LUC.EHZ,0,up,4.8535542488098145,1.6904296875,33.65625
2126810,12448308,CI.WOR.EHZ,0,up,3.3208541870117188,1.0400390625,49.9375
2126847,9615957,CI.RUN.EHZ,1,down,4.4160895347595215,1.400390625,63.4375
2126907,10014821,CI.BTL.EHZ,0,up,27.568082809448242,1.41015625,12.578125
2127758,9672161,CI.WOR.EHZ,1,down,7.749774932861328,1.73046875,49.375
2128092,14203452,CI.SLR.HHZ,1,down,12.036885261535645,2.029296875,81.5
2128303,14480536,AZ.WMC.HHZ,1,down,18.70998764038086,1.8203125,38.71875
2128310,9870537,CI.RMR.EHZ,1,down,26.739131927490234,1.759765625,54.90625
2128599,10348173,CI.POB.EHZ,0,up,5.889733791351318,0.990234375,68.625
2129048,10266937,CI.BAC.EHZ,0,up,6.048416614532471,0.990234375,72.75
2129320,10741213,PB.B084.EHZ,1,down,11.20412826538086,0.35009765625,12.96875
2129432,13567456,CI.WWP.EHZ,1,down,35.54582214355469,1.0,7.7890625
2129531,10150521,AZ.FRD.HHZ,0,up,19.57417869567871,0.360107421875,17.4375
2129611,14368752,AZ.PFO.HHZ,1,down,53.86275100708008,1.169921875,16.359375
2129730,10354729,CI.SDR.HHZ,0,up,5.038174152374268,1.3203125,47.90625
2130108,11245306,CI.WBM.EHZ,0,up,7.833745956420898,1.58984375,44.78125
2130463,14068980,CI.RMR.EHZ,1,down,16.543380737304688,1.6796875,24.234375
2130611,10921989,CI.LDR.HHZ,0,up,17.186595916748047,1.5400390625,18.609375
2130866,11207618,PB.B918.EHZ,0,up,127.76664733886719,0.740234375,6.55078125
2131122,10348097,PB.B084.EHZ,1,down,3.0895164012908936,1.01953125,33.1875
2131142,11024725,AZ.LVA2.HHZ,0,up,10.85307502746582,0.89990234375,119.0
2131632,10372105,AZ.CRY.HHZ,1,down,10.745085716247559,1.1201171875,51.53125
2131730,9162569,CI.DTP.EHZ,0,up,5.274682521820068,2.140625,102.5625
2132094,15189881,CI.WVP.EHZ,1,down,5.518669128417969,1.349609375,92.125
2132131,10372517,AZ.CRY.HHZ,1,down,5.996077537536621,0.91015625,51.71875
2132467,10277945,CI.DNR.HHZ,1,down,229.71632385253906,3.76953125,109.75
2132753,14214556,CI.HMT.EHZ,0,up,49.03227996826172,1.08984375,24.984375
2132852,14165368,AZ.KNW.HHZ,0,up,7.0690836906433105,0.97998046875,37.0625
2133115,15159113,PB.B086.EHZ,1,down,4.658785343170166,0.6298828125,49.53125
2133624,10495789,EN.RED.EHZ,1,down,14.259700775146484,0.75,3.599609375
2133862,13027436,CI.TEH.HHZ,0,up,302.9889831542969,1.650390625,21.171875
2133885,11102930,CI.SKY.EHZ,1,down,2.0952577590942383,1.0595703125,48.0625
2134130,10399385,CI.CHF.HHZ,1,down,23.94932746887207,1.509765625,46.375
2134407,10232645,CI.WRV.EHZ,0,up,33.652156829833984,0.9501953125,6.171875
2134547,14612124,CI.COK.EHZ,1,down,9.774177551269531,2.9609375,24.234375
2134595,10293273,CI.RMR.EHZ,0,up,14.774950981140137,1.150390625,47.5625
2134893,14597756,CI.RXH.HHZ,1,down,3.3400251865386963,1.2900390625,6.01171875
2134919,14239184,CI.KML.EHZ,0,up,44.794349670410156,3.900390625,76.375
2135000,14255276,CI.WCH.EHZ,0,up,5.989765644073486,1.740234375,36.40625
2135150,10169193,CI.CLC.HHZ,0,up,259.0791931152344,0.509765625,7.7109375
2135206,11132602,CI.PHL.HHZ,1,down,28.973134994506836,1.900390625,14.390625
2135235,11062309,AZ.PFO.HHZ,0,up,6.750863552093506,0.64013671875,22.234375
2135835,14171652,CI.WHF.EHZ,1,down,120.17711639404297,2.689453125,56.8125
2136072,10147317,CI.FMP.HHZ,1,down,4.296809673309326,2.2890625,18.953125
2136107,14358712,CI.FRK.EHZ,1,down,57.99249267578125,2.439453125,48.375
2136316,14067320,CI.CHF.HHZ,1,down,35.55718994140625,1.4404296875,58.28125
2136377,9166935,CI.POB.EHZ,1,down,21.649818420410156,1.830078125,26.6875
2136638,10298209,CI.PLS.EHZ,1,down,18.282672882080078,1.48046875,10.3203125
2136975,9873129,CI.RAG.EHZ,0,up,19.467756271362305,1.4599609375,16.640625
2137696,10058213,CI.DNR.HHZ,1,down,14.533262252807617,1.0302734375,16.234375
2137874,9157662,CI.MPM.HHZ,0,up,75.68500518798828,1.4404296875,14.3828125
2138618,14983484,PB.B081.EHZ,1,down,9.814830780029297,0.72998046875,7.0390625
2138785,11084842,CI.PMD.HHZ,0,up,12.886086463928223,1.169921875,80.5
2139131,9637005,CI.ISA.HHZ,0,up,50.04548645019531,2.509765625,83.75
2139657,14692628,ZY.OYSB.EHZ,1,down,25.73536491394043,2.439453125,67.8125
2140321,14614908,CI.SGL.EHZ,1,down,9.004036903381348,2.48046875,17.4375
2140371,9153755,CI.DTP.EHZ,0,up,165.10816955566406,1.4501953125,29.8125
2140494,10099381,CI.SGL.EHZ,0,up,23.018362045288086,2.109375,43.21875
2140685,9986129,CI.JRC2.HHZ,0,up,12.17281436920166,0.7998046875,5.921875
2141429,14097632,AZ.LVA2.HHZ,0,up,622.5545043945312,2.58984375,52.15625
2141698,12880740,CI.DNR.HHZ,0,up,22.359615325927734,1.6904296875,103.1875
2142414,10488685,AZ.TRO.HHZ,0,up,5.520885944366455,1.5595703125,94.25
2142880,11129402,CI.SME.EHZ,0,up,2.119124174118042,0.56005859375,33.375
2142897,14282848,CI.BAC.EHZ,0,up,307.7439880371094,3.490234375,104.875
2143056,13998300,CI.RYS.EHZ,1,down,34.32797622680664,1.8798828125,56.375
2143320,14178560,CI.COK.EHZ,1,down,6.120274543762207,2.240234375,41.40625
2143499,14213888,CI.WRC.EHZ,0,up,2.7558703422546387,1.01953125,39.0
2143944,9646797,CI.WHV.EHZ,1,down,49.47880554199219,3.30078125,80.625
2144068,14375980,CI.BLC.EHZ,1,down,5.618783473968506,2.029296875,41.53125
2144861,9141850,CI.SME.EHZ,1,down,6.858919143676758,1.6796875,61.5
2144921,10254705,CI.MCT.HHZ,0,up,2.9398603439331055,0.93994140625,44.15625
2144972,13978544,CI.SGL.EHZ,0,up,14.714329719543457,1.6298828125,31.671875
2145293,10257881,CI.TOW.EHZ,0,up,68.62641143798828,2.0703125,19.4375
2145687,10147001,CI.BAC.EHZ,1,down,18.68228530883789,1.7001953125,73.75
2145710,9147463,CI.TPM.EHZ,1,down,17.931503295898438,2.19921875,50.1875
2146224,10495541,CI.MSC.HHZ,1,down,8.790020942687988,1.41015625,64.5625
2146297,10150889,CI.EDW2.HHZ,0,up,7.216758728027344,2.740234375,100.6875
2146792,15021084,AZ.FRD.HHZ,1,down,20.806116104125977,-0.01000213623046875,4.9609375
2146801,9628609,CI.WBM.EHZ,0,up,3.510399580001831,1.2998046875,51.96875
2147051,11378666,AZ.CRY.HHZ,1,down,34.391632080078125,1.8603515625,65.9375
2147292,14325848,CI.PMD.HHZ,0,up,6.981847763061523,1.01953125,28.015625
2147430,10409721,CI.SWS.HHZ,1,down,1.826945185661316,1.1796875,28.28125
2147532,15153497,EN.YOU.EHZ,1,down,48.547828674316406,4.03125,51.5
2147880,14239408,CI.PMD.HHZ,1,down,28.104413986206055,1.41015625,56.4375
2148237,14348740,CI.RUN.EHZ,1,down,10.071785926818848,2.83984375,65.625
2148286,10547293,WR.PEC.EHZ,0,up,14.4485502243042,1.33984375,15.09375
2148379,10546421,PB.B093.EHZ,1,down,2.3841567039489746,1.1103515625,59.625
2148385,10661357,ZY.WAGN.EHZ,1,down,3.661007881164551,2.51953125,107.8125
2148544,9140481,CI.WWP.EHZ,1,down,138.94058227539062,1.990234375,41.375
2148670,14069120,AZ.TRO.HHZ,0,up,4.078632354736328,0.419921875,33.96875
2149324,14024520,CI.CAP.HHZ,0,up,80.38462829589844,1.83984375,23.203125
2149535,10754405,PB.B918.EHZ,0,up,2.7629008293151855,-0.029998779296875,19.046875
2149617,10014501,AZ.LVA2.HHZ,1,down,38.063758850097656,1.7099609375,89.0625
2150053,14208200,AZ.SND.HHZ,1,down,25.959867477416992,1.3095703125,48.8125
2151304,11065165,CI.YMD.EHZ,0,up,28.2086181640625,2.69921875,77.0
2152778,10223905,CI.TA2.HHZ,1,down,81.59391021728516,2.41015625,62.875
2153247,9746757,AZ.CRY.HHZ,0,up,13.49964714050293,1.599609375,23.828125
2153397,10866429,AZ.WMC.HHZ,0,up,18.643978118896484,0.8798828125,12.0625
2153597,9906421,CI.JNH.EHZ,0,up,15.56088638305664,1.7099609375,70.375
2153646,10761789,CI.YUH.EHZ,0,up,33.50648498535156,1.1904296875,17.078125
2153659,10624157,CI.EDW2.HHZ,0,up,8.301301002502441,1.759765625,35.03125
2153704,14680412,ZY.SHCM.EHZ,1,down,202.21836853027344,2.3203125,5.37890625
2153892,14557828,CI.FRK.EHZ,1,down,20.619611740112305,1.7001953125,39.0
2154147,11420386,CI.PASC.HHZ,0,up,107.99065399169922,3.0703125,59.40625
2154315,11417530,AZ.CRY.HHZ,0,up,9.125746726989746,0.5400390625,10.1171875
2154406,14394256,CI.BOR.HHZ,1,down,2.0241799354553223,0.990234375,57.84375
2154446,9136917,CI.CBK.EHZ,1,down,11.22670841217041,1.7802734375,46.875
2154527,9853717,CI.BAC.EHZ,1,down,211.89418029785156,2.060546875,22.8125
2154677,10202749,CI.WRV.EHZ,0,up,21.13381576538086,0.669921875,13.5390625
2154912,14555996,PG.EC.EHZ,1,down,134.6714630126953,2.98046875,26.265625
2154991,14221372,CI.SME.EHZ,1,down,58.53323745727539,2.140625,24.9375
2156049,14200272,CI.SBB2.HHZ,0,up,14.210639953613281,1.580078125,84.9375
2156079,14248692,CI.SME.EHZ,0,up,15.628350257873535,2.30078125,66.5
2156200,10202877,CI.JRC2.HHZ,0,up,17.60600471496582,0.5,19.1875
2156770,15135657,CI.LDR.HHZ,1,down,11.094162940979004,1.1904296875,33.84375
2157007,14169632,CI.WLH.EHZ,0,up,6.03975772857666,0.64013671875,21.890625
2157151,14186280,CI.BC3.HHZ,0,up,1.2625519037246704,1.2099609375,47.625
2157507,9797217,CI.HOL.EHZ,0,up,8.634109497070312,1.58984375,45.5625
2157921,10266933,CI.TOR.HHZ,0,up,7.50972318649292,1.080078125,35.875
2158446,9676777,CI.TOW.EHZ,0,up,4.181324481964111,1.0703125,27.921875
2158468,10737701,CI.BOR.HHZ,1,down,9.80398178100586,1.9697265625,16.265625
2158828,9695517,CI.CHF.HHZ,1,down,75.55484771728516,1.990234375,29.875
2158920,13958016,CI.PLS.HHZ,1,down,3.1338255405426025,2.060546875,80.75
2159420,9640189,CI.WIN.EHZ,0,up,24.340518951416016,1.8603515625,39.34375
2159426,9795981,CI.HDB.EHZ,1,down,4.385955810546875,1.8095703125,49.5625
2159667,14372484,CI.SGL.EHZ,1,down,79.4789047241211,2.970703125,45.875
2160127,12943644,AZ.LVA2.HHZ,0,up,12.685124397277832,0.93017578125,23.953125
2160142,14886700,CI.PLS.HHZ,1,down,3.3104727268218994,1.8203125,50.84375
2160184,14217452,CI.CCC.HHZ,1,down,2.2824950218200684,0.7001953125,60.0
2160397,10587349,ZY.SHCM.EHZ,0,up,24.854137420654297,1.349609375,1.33984375
2160575,13958928,CI.GAV.EHZ,1,down,3.5604281425476074,1.3203125,15.0703125
2161021,14157328,AZ.KNW.HHZ,0,up,101.6085205078125,1.6396484375,1.2998046875
2161031,14000620,CI.SMV.HLZ,0,up,9.073920249938965,1.830078125,0.85986328125
2161512,15059004,AZ.CRY.HHZ,1,down,15.2138671875,0.68994140625,13.46875
2161519,11359850,CI.PMD.HHZ,1,down,17.90113639831543,0.68017578125,24.28125
2161901,10750317,AZ.TRO.HHZ,0,up,2.3099586963653564,0.60986328125,7.94140625
2161950,14175756,CI.POB.EHZ,1,down,73.97393035888672,0.740234375,8.390625
2162050,11057541,CI.WWP.EHZ,0,up,40.64090347290039,2.099609375,38.34375
2162102,9647693,CI.WCH.EHZ,0,up,2.188685655593872,1.7001953125,23.46875
2162350,11346450,CI.JVA.HHZ,0,up,5.641880512237549,1.490234375,28.0625
2162549,9141946,CI.SAD.EHZ,0,up,66.19734954833984,3.919921875,93.1875
2162949,10784181,AZ.PFO.HHZ,0,up,4.228264808654785,0.52978515625,19.59375
2163508,9971029,CI.SMM.HHZ,0,up,8.153404235839844,2.689453125,85.75
2164089,15165201,AZ.FRD.HHZ,1,down,64.21507263183594,1.9599609375,58.71875
2164329,13962084,CI.SPG.HHZ,0,up,7.570162773132324,1.8095703125,82.8125
2164646,9776205,CI.SLA.HHZ,1,down,38.921119689941406,1.9296875,18.3125
2165335,9165634,CI.SUN.EHZ,0,up,22.255199432373047,1.66015625,25.84375
2165929,10095257,CI.SKY.EHZ,0,up,9.734216690063477,2.380859375,29.609375
2166043,14067652,CI.GTM.EHZ,0,up,4.646454334259033,1.9599609375,69.9375
2166149,9707861,AZ.RDM.HHZ,0,up,20.491046905517578,1.0,9.1796875
2166559,14993164,CI.BBR.HHZ,1,down,4.154262065887451,1.26953125,13.4921875
2166777,10181129,CI.CLC.EHZ,1,down,20.94659423828125,1.2998046875,32.15625
2167018,9169196,CI.HYS.EHZ,0,up,3.199378252029419,2.220703125,105.5
2167095,10480717,AZ.CRY.HHZ,1,down,33.72172164916992,1.66015625,69.0
2167147,11344794,CI.TOR.HHZ,0,up,28.22365951538086,1.5,77.4375
2167166,14006768,CI.SAL.HHZ,0,up,350.746337890625,1.4404296875,2.109375
2167177,14739932,AZ.KNW.HHZ,1,down,23.427597045898438,1.1201171875,1.0703125
2167441,14594588,AZ.CRY.HHZ,1,down,46.393985748291016,1.0400390625,8.7734375
2167668,9722821,AZ.CRY.HHZ,0,up,8.777715682983398,1.76953125,101.125
2167861,14073144,CI.SBB.EHZ,1,down,13.179564476013184,2.599609375,70.3125
2168346,10630597,ZY.WAGN.EHZ,0,up,7.0227532386779785,1.2001953125,12.828125
2168825,11384298,AZ.CRY.HHZ,1,down,6.113284111022949,1.009765625,42.21875
2168868,14263888,AZ.FRD.HHZ,1,down,403.1503601074219,2.439453125,54.71875
2168908,10980933,CI.DGR.HHZ,1,down,48.266075134277344,1.150390625,38.21875
2169016,14129804,CI.AGA.HHZ,0,up,15.090771675109863,1.1904296875,33.1875
2169284,10275573,AZ.CRY.HHZ,0,up,9.278228759765625,1.41015625,71.375
2169563,11050861,CI.TPM.EHZ,1,down,9.280445098876953,1.8798828125,70.3125
2169964,10542661,CI.MWC.HHZ,0,up,199.5377655029297,2.099609375,29.96875
2170005,14335068,CI.WCH.EHZ,0,up,39.3797721862793,2.349609375,35.0625
2170210,10534421,CI.BTL.EHZ,1,down,4.307324409484863,1.33984375,48.90625
2170317,10999821,CI.SUN.EHZ,1,down,50.63480758666992,1.7802734375,39.71875
2170406,10150661,CI.MLAC.HLZ,1,down,90.04407501220703,3.400390625,17.9375
2170967,3329780,CI.RMR.EHZ,0,up,6.729106903076172,1.099609375,50.03125
2171021,10228197,SB.WLA.HLZ,1,down,144.10906982421875,1.6201171875,7.140625
2171703,10858861,PB.B084.EHZ,1,down,24.95370864868164,0.64013671875,11.84375
2171784,14887116,PB.B093.EHZ,1,down,4.969379901885986,1.259765625,73.625
2171839,9644389,CI.WLH.EHZ,0,up,12.480058670043945,2.580078125,18.609375
2172162,12887648,AZ.SND.HHZ,0,up,52.100948333740234,1.5595703125,26.734375
2172844,9707369,AZ.PFO.HHZ,1,down,42.0177116394043,1.5302734375,10.5703125
2173743,9159865,CI.RMM.EHZ,0,up,4.216299057006836,2.189453125,59.125
2173752,9168966,CI.SIL.EHZ,1,down,8.30109691619873,1.9599609375,54.5625
2174155,11046365,CI.PSR.HHZ,1,down,18.37347984313965,1.8896484375,52.5
2174205,14557556,CI.EMS.EHZ,1,down,9.5767240524292,1.919921875,41.71875
2174680,7204342,CI.WCS.EHZ,0,up,5.587334156036377,1.1904296875,12.7109375
2175174,11207714,CI.WRC.EHZ,1,down,11.340002059936523,0.64990234375,27.328125
2175513,10546413,AZ.CRY.HHZ,1,down,180.23500061035156,2.73046875,44.09375
2175703,14262460,CI.RAG.EHZ,0,up,11.444204330444336,2.189453125,60.875
2175705,10399385,CI.BFS.HHZ,1,down,14.247825622558594,1.509765625,40.6875
2175725,9692681,CI.WMF.EHZ,0,up,36.320068359375,0.740234375,9.34375
2175837,13937824,CI.CHF.HHZ,0,up,8.926690101623535,1.330078125,107.75
2176095,10224489,AZ.LVA2.HHZ,0,up,41.38350296020508,1.4501953125,45.46875
2176183,11046125,CI.BOR.HHZ,0,up,11.903882026672363,1.1201171875,18.671875
2176428,9723433,CI.WIN.EHZ,1,down,8.943751335144043,1.240234375,77.25
2176645,9608849,CI.FLS.EHZ,0,up,5.754016399383545,2.240234375,106.6875
2176655,9149305,CI.EW2.EHZ,1,down,12.181428909301758,2.0,64.8125
2177117,14263888,AZ.TRO.HHZ,1,down,3.980551242828369,2.439453125,42.03125
2178153,13966804,CI.RMM.EHZ,0,up,8.836483001708984,1.0498046875,36.4375
2178196,10150345,CI.ABL.EHZ,0,up,171.1524200439453,1.4697265625,3.2109375
2178438,13938300,CI.SLR.HHZ,1,down,51.09404754638672,2.919921875,53.9375
2178614,14217032,CI.CBK.EHZ,0,up,9.197911262512207,2.0,24.046875
2178686,14158368,CI.JVA.HHZ,0,up,62.85808181762695,1.83984375,29.171875
2178799,14887436,AZ.KNW.HHZ,1,down,19.503772735595703,0.830078125,22.90625
2179429,9874257,CI.HDB.EHZ,0,up,4.069269180297852,1.2998046875,18.0625
2179451,10373605,AZ.KNW.HHZ,1,down,5.517731189727783,0.60009765625,30.703125
2179694,9996773,CI.DNR.HHZ,1,down,43.54496765136719,1.8095703125,43.5
2179924,10789253,AZ.PFO.HHZ,0,up,9.2608060836792,1.099609375,23.15625
2180133,10721373,CI.TPC.EHZ,0,up,13.446020126342773,1.26953125,69.3125
2180215,9147660,CI.GTM.EHZ,1,down,35.73789596557617,2.140625,30.96875
2181544,9851169,CI.BOR.HHZ,1,down,4.765544891357422,1.5595703125,57.9375
2181744,10507253,CI.HYS.EHZ,1,down,9.709273338317871,1.6904296875,75.5
2181844,13994060,CI.VCS.HHZ,0,up,16.096656799316406,1.26953125,5.83984375
2181924,9849733,CI.HOL.EHZ,0,up,5.535298824310303,1.7001953125,68.875
2183006,10058437,CI.WRV.EHZ,1,down,9.066319465637207,0.7001953125,9.8125
2183303,10614069,ZY.SHCM.EHZ,1,down,14.431794166564941,1.7802734375,58.15625
2183429,9160822,CI.PLS.HHZ,1,down,8.34743881225586,1.5595703125,21.828125
2183680,14218284,CI.LEO.EHZ,1,down,7.530337333679199,1.599609375,73.3125
2183773,9145405,CI.WBS.EHZ,1,down,11.228150367736816,2.900390625,59.125
2184153,10791781,AZ.LVA2.HHZ,1,down,9.543585777282715,1.2099609375,72.25
2184337,10167085,CI.RMR.EHZ,1,down,52.533329010009766,2.69921875,79.4375
2184755,14584252,CI.TJR.EHZ,1,down,74.0416488647461,1.41015625,27.0625
2184784,9718565,AZ.PFO.HHZ,1,down,31.976001739501953,1.5,11.78125
2185634,10439473,CI.BEL.HHZ,0,up,23.520349502563477,1.8603515625,92.5
2186534,11004357,PB.B086.EHZ,0,up,44.459510803222656,1.509765625,31.953125
2187312,14216336,CI.RMR.EHZ,1,down,4.73194694519043,1.16015625,31.25
2187835,10988685,CI.WMF.EHZ,0,up,18.591087341308594,2.0,26.28125
2187861,10621525,ZY.OYSB.EHZ,1,down,228.97666931152344,1.5703125,2.75
2187975,13978792,CI.SUN.EHZ,0,up,5.799342632293701,2.240234375,94.3125
2187986,13971496,CI.WMF.EHZ,0,up,27.885862350463867,1.400390625,12.21875
2188035,10545461,PB.B086.EHZ,0,up,2.520998477935791,0.669921875,27.375
2188315,13031456,CI.ERP.EHZ,0,up,58.682559967041016,2.0703125,14.078125
2188330,14438960,CI.BAT.EHZ,1,down,4.516727447509766,1.48046875,21.359375
2188569,14598812,CI.BAR.HHZ,1,down,8.551004409790039,1.3095703125,63.34375
2188753,14155772,CI.PLM.HHZ,0,up,1.560740351676941,0.72021484375,36.1875
2188765,9720873,CI.TJR.EHZ,0,up,14.794357299804688,1.58984375,18.8125
2189800,10869773,CI.WBS.HHZ,1,down,16.004390716552734,1.9404296875,68.5625
2190018,11012061,CI.WOF.EHZ,0,up,4.802680969238281,1.150390625,54.15625
2190270,14499904,CI.TPM.EHZ,1,down,187.41075134277344,3.140625,42.25
2190417,10295721,PB.B086.EHZ,1,down,12.347827911376953,1.150390625,67.1875
2190918,13958272,AZ.BZN.HHZ,1,down,2.470475196838379,0.60009765625,15.421875
2191196,10981405,PB.B086.EHZ,1,down,22.04197883605957,1.6103515625,37.6875
2191344,13950612,CI.WVP.EHZ,0,up,22.23503875732422,1.3701171875,12.0625
2191514,12539452,AZ.WMC.HHZ,0,up,56.13871765136719,2.01953125,19.203125
2191592,14396172,AZ.CRY.HHZ,1,down,25.488929748535156,1.1904296875,38.65625
2191642,10796637,CI.DPP.HHZ,0,up,59.35209274291992,2.66015625,93.75
2191681,10347705,EN.OBS.EHZ,1,down,12.198319435119629,0.740234375,8.609375
2191928,14200560,CI.SRT.EHZ,1,down,2.8351330757141113,1.25,15.2890625
2192404,9137823,CI.RMR.EHZ,0,up,37.17545700073242,1.5400390625,41.125
2192856,9878721,CI.CRR.EHZ,0,up,28.963695526123047,2.19921875,54.375
2194273,9135014,CI.HOD.EHZ,0,up,11.650958061218262,1.8095703125,44.90625
2194317,9927685,AZ.CRY.HHZ,0,up,16.04973793029785,0.64990234375,16.265625
2194379,10964429,AZ.FRD.HHZ,1,down,8.753744125366211,0.77001953125,31.625
2194510,10747853,AZ.MONP2.HHZ,0,up,10.879712104797363,1.3603515625,46.28125
2194914,11057821,CI.DNR.HHZ,0,up,3.4531912803649902,0.52978515625,9.1796875
2195437,14380240,CI.CBK.EHZ,1,down,169.646728515625,3.029296875,33.875
2195453,10014733,CI.MDA.EHZ,0,up,19.553321838378906,1.98046875,13.9609375
2195873,11091282,AZ.MONP2.HHZ,0,up,2.944436550140381,1.2900390625,75.25
2195880,14555164,CI.EMS.EHZ,1,down,45.27438735961914,3.2890625,41.84375
2196166,10438273,CI.BTL.EHZ,0,up,131.15879821777344,1.1396484375,10.5625
2196203,10345453,CI.FRK.EHZ,1,down,16.817771911621094,1.8896484375,52.75
2196206,14311756,CI.CRR.EHZ,1,down,11.8626708984375,1.3095703125,21.515625
2196232,9694997,CI.WRC.EHZ,0,up,9.763579368591309,1.7001953125,22.9375
2197034,11246210,EN.SIM.EHZ,0,up,4.275259017944336,1.259765625,12.0390625
2197231,9641705,CI.WRC.EHZ,1,down,22.43092155456543,2.220703125,26.265625
2197601,14476680,CI.DPP.HHZ,1,down,14.292262077331543,1.6796875,60.4375
2197637,9674345,CI.WJP.EHZ,1,down,3.1617090702056885,1.2998046875,85.0625
2197936,9144973,CI.RMM.EHZ,1,down,3.420819044113159,2.0,36.0
2198092,13912356,CI.WBM.EHZ,1,down,3.5445940494537354,1.740234375,47.6875
2198146,13944716,CI.BTL.EHZ,0,up,65.530517578125,1.150390625,16.375
2198617,10287785,CI.HMT.EHZ,1,down,37.35074996948242,1.419921875,29.125
2198635,11276218,AZ.LVA2.HHZ,1,down,147.65232849121094,2.119140625,57.78125
2199101,14680620,ZY.USG.EHZ,1,down,6.16536808013916,1.33984375,6.6484375
2199383,14329332,AZ.FRD.HHZ,0,up,117.70992279052734,2.880859375,92.375
2199435,12457956,CI.PLT.EHZ,1,down,4.6100544929504395,1.759765625,77.4375
2199450,10180485,AZ.TRO.HHZ,0,up,2.4231176376342773,0.7099609375,29.46875
2199869,9963469,CI.GAV.EHZ,0,up,5.370699405670166,1.1298828125,20.09375
2200310,14381636,WR.PYR.EHZ,1,down,10.879039764404297,1.919921875,36.875
2200656,14198488,CI.SBB2.HHZ,1,down,15.965019226074219,2.259765625,111.375
2200955,10055869,CI.HYS.EHZ,0,up,55.008056640625,1.9599609375,21.0
2200995,9671729,CI.RMM.EHZ,1,down,33.5432014465332,1.4697265625,30.796875
2201017,9872817,CI.ISA.HHZ,0,up,59.350494384765625,2.189453125,25.796875
2201195,13951052,CI.MCT.HHZ,0,up,7.591714859008789,1.4599609375,73.25
2201241,9816497,AZ.WMC.HHZ,1,down,24.22227668762207,2.1796875,53.0625
2201247,10792493,CI.DRE.HHZ,1,down,15.628591537475586,3.4296875,71.875
2201381,12340000,CI.IKP.EHZ,1,down,132.06546020507812,1.7197265625,3.5703125
2202057,14151924,CI.DNR.HHZ,1,down,28.198474884033203,1.48046875,10.7109375
2202080,14333392,WR.PEC.EHZ,1,down,43.44288635253906,2.240234375,35.40625
2202375,14049652,CI.GTM.EHZ,0,up,19.113351821899414,2.1796875,68.4375
2202377,10231265,CI.TPC.EHZ,0,up,29.343320846557617,1.919921875,65.4375
2202434,11040055,CI.CHF.HHZ,1,down,5.679304122924805,1.650390625,85.6875
2202479,9975665,CI.MWC.HHZ,1,down,27.35503578186035,1.91015625,47.21875
2202561,10057741,CI.SME.EHZ,0,up,13.449363708496094,1.3798828125,30.078125
2202640,10081685,CI.SKY.EHZ,0,up,6.169914245605469,2.19921875,29.359375
2202918,14288252,CI.WOF.EHZ,1,down,59.37531280517578,2.5703125,96.5
2203075,14325652,CI.WBM.EHZ,0,up,18.245433807373047,2.16015625,81.75
2203300,10367585,AZ.PFO.HHZ,0,up,18.214252471923828,1.6298828125,46.125
2203493,11334098,CI.POB.EHZ,1,down,162.36888122558594,1.599609375,17.109375
2204554,10782885,CI.FRK.EHZ,0,up,6.9744648933410645,1.919921875,85.75
2204706,14283136,PB.B087.EHZ,1,down,12.015007972717285,0.93994140625,5.359375
2204830,9776241,AZ.CRY.HHZ,1,down,176.6570587158203,1.240234375,8.6015625
2204913,10433873,CI.MPM.HHZ,0,up,1.7975544929504395,0.300048828125,28.5625
2205091,10376297,CI.BAC.EHZ,0,up,44.980369567871094,1.3896484375,28.515625
2205522,9148691,CI.LTC.EHZ,0,up,4.407383918762207,1.4697265625,58.9375
2205655,7202550,CI.LEO.EHZ,1,down,5.688329696655273,1.830078125,57.15625
2205776,9162159,CI.GTM.EHZ,0,up,156.51661682128906,2.7109375,43.75
2206044,13658040,CI.WRV.EHZ,1,down,5.799931049346924,1.48046875,24.8125
2206380,14262828,AZ.WMC.HHZ,0,up,18.592485427856445,1.490234375,6.58984375
2206540,14491080,CI.PMD.HHZ,1,down,32.49588394165039,1.669921875,62.1875
2206940,14094320,CI.DNR.HHZ,0,up,20.777101516723633,0.77978515625,19.875
2207241,11422594,AZ.KNW.HHZ,1,down,5.002274036407471,0.85009765625,4.1015625
2207566,10669045,ZY.USG.EHZ,1,down,2.5926449298858643,1.5498046875,22.25
2207595,11396506,CI.RXH.HHZ,1,down,3.7790677547454834,0.93017578125,3.560546875
2207652,9795453,CI.WCH.EHZ,0,up,3.866708517074585,1.599609375,33.875
2207731,15194905,CI.ABL.EHZ,1,down,22.791309356689453,1.8203125,47.5625
2207841,9962609,CI.BEL.HHZ,0,up,35.8624267578125,1.5595703125,53.71875
2208439,10233165,CI.SAL.HHZ,0,up,14.469675064086914,2.560546875,49.96875
2208686,10272781,CI.TEH.HHZ,0,up,18.177690505981445,3.490234375,105.3125
2208803,11365858,CI.ISA.HHZ,0,up,9.466385841369629,0.97021484375,0.8701171875
2208809,14147884,CI.WVP.EHZ,0,up,5.128962516784668,1.01953125,25.40625
2208883,14196016,AZ.KNW.HHZ,1,down,18.4821834564209,1.0400390625,6.7890625
2208944,10035217,CI.JRC2.HHZ,0,up,34.05459213256836,0.91015625,14.0703125
2208947,9967837,CI.WOR.EHZ,0,up,2.0626790523529053,0.5,17.859375
2209105,14249096,CI.RUN.EHZ,0,up,6.828600883483887,1.3203125,58.28125
2209116,14470040,CI.GTM.EHZ,1,down,9.206171989440918,0.6201171875,12.1875
2209510,10167521,CI.WVP.EHZ,0,up,13.009699821472168,1.3798828125,22.015625
2209619,10790989,CI.CBK.EHZ,0,up,12.767387390136719,0.740234375,15.8671875
2209724,13971552,CI.SS2.EHZ,1,down,17.58218765258789,1.33984375,10.6328125
2209756,10781205,PB.B917.EHZ,1,down,7.886491775512695,1.8798828125,93.75
2209889,10043337,AZ.FRD.HHZ,0,up,34.334049224853516,0.83984375,14.9765625
2209940,11051917,PB.B081.EHZ,1,down,21.544679641723633,0.81982421875,3.5703125
2210069,11086290,PB.B081.EHZ,1,down,584.4612426757812,2.7890625,47.75
2210645,14189516,CI.WMF.EHZ,0,up,44.00503921508789,0.5,6.80078125
2210901,9163278,CI.SIL.EHZ,1,down,123.89122772216797,3.5703125,75.25
2210998,14077668,CI.SIO.EHZ,1,down,87.4391098022461,4.26953125,26.71875
2211062,9974685,CI.WHF.EHZ,0,up,4.909812927246094,0.60986328125,30.859375
2211224,10097405,CI.WVP.EHZ,0,up,23.66440200805664,1.5,25.59375
2211320,13942196,AZ.WMC.HHZ,0,up,8.660518646240234,1.0,12.921875
2211456,14241864,CI.TPC.EHZ,1,down,19.73555564880371,1.509765625,101.375
2211778,10187981,CI.EML.HHZ,1,down,29.446884155273438,1.6904296875,35.5
2211905,14287736,AZ.CRY.HHZ,0,up,542.5123901367188,3.349609375,81.0625
2212177,14405076,CI.JVA.HHZ,1,down,31.447792053222656,2.05078125,47.6875
2212188,14405328,AZ.CPE.HHZ,1,down,8.988541603088379,1.91015625,65.9375
2212278,9776481,CI.BTL.EHZ,0,up,132.03123474121094,2.4609375,71.1875
2212505,10398321,CI.PSR.HHZ,0,up,30.954580307006836,2.609375,68.8125
2212512,9908949,AZ.SND.HHZ,0,up,5.6324687004089355,1.400390625,36.15625
2213502,10121493,CI.PLM.HHZ,1,down,13.309617042541504,1.0498046875,27.640625
2213711,10187129,CI.WBS.HHZ,0,up,3.019458055496216,0.93994140625,11.578125
2213838,10368225,EN.YOU.EHZ,1,down,4.901510238647461,0.85986328125,5.51171875
2214109,11057757,CI.PMD.HHZ,1,down,4.058380603790283,1.1103515625,66.8125
2214137,9698057,CI.WRV.EHZ,0,up,12.074870109558105,0.75,2.16015625
2214431,14197328,AZ.MONP.HHZ,1,down,1.9893707036972046,2.25,107.0
2214869,14175988,AZ.KNW.HHZ,1,down,3.6409175395965576,0.89013671875,1.6396484375
2215090,14155232,CI.WBS.HHZ,1,down,27.833919525146484,2.25,28.375
2215206,14987404,PB.B918.EHZ,1,down,15.627568244934082,0.22998046875,11.15625
2215616,10859525,CI.CRR.EHZ,1,down,11.517827987670898,1.349609375,24.125
2215685,14204036,CI.JFS.EHZ,1,down,1.1776995658874512,1.099609375,27.609375
2215689,14377108,CI.SGL.EHZ,1,down,47.808563232421875,3.400390625,60.875
2215812,9996565,AZ.CRY.HHZ,0,up,7.456214904785156,0.6201171875,57.96875
2215888,11413922,PB.B084.EHZ,0,up,5.335930347442627,0.2900390625,23.609375
2216007,11338818,CI.SNO.HHZ,1,down,2.534128427505493,0.7900390625,11.9765625
2216288,10179481,CI.JRC2.HHZ,0,up,10.132075309753418,0.5,12.5234375
2216313,13483428,CI.MPM.HHZ,0,up,50.161163330078125,1.66015625,91.375
2216366,9809585,CI.TJR.EHZ,0,up,2.4881818294525146,1.6201171875,84.125
2216564,10368633,CI.PLS.EHZ,0,up,10.788607597351074,1.4404296875,13.171875
2216768,9678073,CI.WWP.EHZ,1,down,9.14199447631836,1.0,36.78125
2217008,14155844,CI.TPC.EHZ,1,down,4.468016147613525,1.9296875,88.75
2217439,10912365,NP.5403.EHZ,0,up,12.083921432495117,3.279296875,63.96875
2217455,11407066,AZ.PFO.HHZ,1,down,16.64166259765625,1.240234375,48.96875
2217489,9659241,CI.BAC.EHZ,1,down,381.5980529785156,2.740234375,47.8125
2217565,10320797,PB.B081.EHZ,1,down,7.867869853973389,0.6298828125,27.359375
2217599,9163841,CI.WMF.EHZ,0,up,39.552978515625,1.5595703125,11.8125
2218126,10063713,CI.DNR.HHZ,0,up,5.817706108093262,1.259765625,68.5
2218859,10755821,AZ.RDM.HHZ,0,up,3.727776527404785,0.6298828125,9.4765625
2218897,14221056,CI.XTL.EHZ,0,up,39.39500045776367,1.4697265625,18.921875
2219028,14329160,CI.TAB.EHZ,0,up,6.9250569343566895,2.33984375,65.9375
2219365,14063196,CI.DTP.EHZ,0,up,2.081362009048462,1.5498046875,66.0625
2219408,14187700,CI.SS2.EHZ,1,down,13.056791305541992,1.1201171875,9.3671875
2219618,9153065,CI.POB.EHZ,1,down,7.617472171783447,1.8095703125,55.0625
2219722,10295909,AZ.FRD.HHZ,1,down,15.975824356079102,1.41015625,81.6875
2219994,9741101,CI.COK.EHZ,0,up,3.886669635772705,2.970703125,78.125
2220198,14248472,CI.DNR.HHZ,0,up,6.770208835601807,0.740234375,9.78125
2220218,13688432,CI.OAT.EHZ,0,up,11.395995140075684,1.6396484375,29.6875
2220256,9677213,CI.WRV.EHZ,1,down,30.633480072021484,1.1796875,2.609375
2220299,14073032,CI.RMR.EHZ,0,up,15.031733512878418,1.1796875,64.4375
2220657,11048059,CI.TOW.EHZ,0,up,12.75768756866455,2.2890625,25.1875
2220816,11393010,CI.MSC.HHZ,1,down,3.249845027923584,0.7900390625,41.46875
2220869,11345458,CI.BOR.HHZ,0,up,8.74831771850586,1.3701171875,29.828125
2221353,14887228,AZ.WMC.HHZ,1,down,5.384407043457031,0.27001953125,10.78125
2221423,11349026,CI.DNR.HHZ,1,down,49.334228515625,2.529296875,81.4375
2222070,10764101,CI.BAR.HHZ,0,up,13.859200477600098,1.1796875,39.6875
2222328,10490669,CI.DRE.HHZ,0,up,3.919543981552124,1.4404296875,25.234375
2222478,10995293,PB.B918.EHZ,1,down,39.84097671508789,1.0302734375,19.546875
2222674,10412545,PB.B082.EHZ,0,up,13.545291900634766,0.68994140625,18.421875
2223094,11614296,CI.BBR.HHZ,0,up,11.29371452331543,1.5,44.8125
2223295,11047045,AZ.KNW.HHZ,1,down,6.707055568695068,0.830078125,36.84375
2223394,10528261,PB.B916.EHZ,1,down,3.4846034049987793,0.68017578125,24.1875
2223914,10354093,CI.JRC2.HHZ,0,up,6.216906547546387,0.83984375,47.5625
2223916,9170791,CI.YUH.EHZ,1,down,65.51615905761719,2.83984375,83.6875
2224184,10326741,CI.LTC.EHZ,0,up,20.999937057495117,1.5302734375,48.65625
2224281,9965889,AZ.BZN.HHZ,0,up,9.048518180847168,2.080078125,54.0625
2224383,10370265,CI.COK.EHZ,0,up,44.31290817260742,3.30078125,55.71875
2224834,10862077,AZ.MONP2.HHZ,1,down,17.683565139770508,2.060546875,106.1875
2225345,10283013,AZ.KNW.HHZ,0,up,29.051280975341797,1.7099609375,70.875
2225364,14196120,AZ.KNW.HHZ,1,down,18.355199813842773,0.669921875,22.0625
2225892,9134681,CI.WNM.EHZ,0,up,3.4704692363739014,1.5302734375,27.546875
2226756,10053517,CI.WRV.EHZ,1,down,5.634137153625488,1.099609375,8.8671875
2226997,10964965,AZ.KNW.HHZ,1,down,8.735757827758789,0.72998046875,24.453125
2227016,10931637,CI.BLC.EHZ,1,down,59.46925354003906,1.7099609375,19.1875
2227194,14085572,CI.SLA.HHZ,0,up,16.865577697753906,2.150390625,43.1875
2227206,10068417,CI.DJJ.HHZ,1,down,3.701774835586548,2.599609375,36.78125
2227360,10167553,CI.BTL.EHZ,1,down,3.1977338790893555,1.6298828125,43.75
2227868,10280609,CI.WCH.EHZ,1,down,6.612791538238525,0.7900390625,30.953125
2227937,10438897,CI.BTL.EHZ,0,up,15.434821128845215,2.259765625,83.0
2228051,11614376,CI.DTP.EHZ,0,up,150.906005859375,2.0390625,30.171875
2228912,14183056,CI.BAC.EHZ,0,up,14.137020111083984,1.5498046875,50.0625
2228965,10288621,CI.STT.EHZ,0,up,9.052647590637207,1.5,31.453125
2229115,10236093,CI.BLA.HHZ,0,up,3.783946990966797,0.93994140625,37.125
2229457,9160226,CI.BTL.EHZ,1,down,12.67547607421875,1.9404296875,47.15625
2229850,11275178,AZ.FRD.HHZ,0,up,49.03036117553711,0.9599609375,14.7109375
2229908,9982125,CI.DNR.HHZ,1,down,12.222335815429688,1.25,11.2109375
2230458,10406425,CI.HMT.EHZ,1,down,11.885130882263184,1.669921875,56.375
2230668,10150517,AZ.CRY.HHZ,1,down,5.92648458480835,0.919921875,67.4375
2230676,10594909,ZY.OYSB.EHZ,0,up,51.348899841308594,1.48046875,7.7109375
2232079,13998332,CI.WOF.EHZ,0,up,96.48460388183594,1.580078125,23.234375
2232525,9642029,CI.POB.EHZ,0,up,37.66233444213867,2.5390625,67.375
2232527,10058121,CI.TOW.EHZ,1,down,9.889115333557129,0.89990234375,26.75
2232633,10374053,CI.WVP.EHZ,0,up,10.851659774780273,1.240234375,9.8671875
2232822,10495989,CI.JEM.HHZ,1,down,14.3735933303833,1.5703125,74.125
2232867,10496797,CI.BOR.HHZ,1,down,14.42271900177002,1.6298828125,110.8125
2233528,14252324,CI.HOL.EHZ,0,up,22.271026611328125,1.4599609375,65.25
2233671,10527885,CI.TOW.EHZ,0,up,5.06880521774292,0.990234375,24.625
2233686,9757597,AZ.SND.HHZ,0,up,6.529373645782471,1.150390625,48.90625
2233887,10781069,CI.SVD.HHZ,0,up,2.3277244567871094,1.6796875,65.5
2234062,15140993,PG.PB.EHZ,1,down,27.609718322753906,1.900390625,4.51953125
2234133,14136732,CI.TPC.EHZ,0,up,2.8393521308898926,1.2998046875,64.625
2234921,11384082,AZ.WMC.HHZ,0,up,10.948280334472656,0.85986328125,11.8203125
2234943,14041936,CI.HYS.EHZ,0,up,20.806289672851562,1.25,21.375
2235210,13978836,CI.TOW.EHZ,0,up,7.151786804199219,0.830078125,24.3125
2235426,9796369,CI.WLT.HHZ,1,down,24.879074096679688,2.240234375,12.4765625
2235601,9996333,CI.JNH.EHZ,1,down,6.750539779663086,1.33984375,59.71875
2235989,10280753,CI.HOL.EHZ,1,down,39.103172302246094,1.1298828125,17.953125
2236091,9145229,CI.WWP.EHZ,1,down,7.548348903656006,1.099609375,34.875
2236397,11024253,NC.MDPB.HHZ,1,down,58.8558349609375,1.5,28.734375
2236491,14159788,CI.SIL.EHZ,1,down,49.451114654541016,2.279296875,36.1875
2236812,9714969,CI.WOF.EHZ,1,down,6.297158718109131,1.91015625,96.875
2236887,10380509,AZ.KNW.HHZ,1,down,8.171745300292969,1.3701171875,49.15625
2237014,11026773,CI.PMD.HHZ,1,down,11.813457489013672,0.47998046875,24.59375
2237229,10932437,CI.LPC.HHZ,0,up,22.003910064697266,1.259765625,62.3125
2237487,12487484,AZ.LVA2.HHZ,0,up,8.377142906188965,1.3203125,23.203125
2237746,9927941,CI.JCS.HHZ,0,up,151.97837829589844,2.19921875,34.9375
2238488,13913356,CI.HYS.EHZ,0,up,26.451255798339844,2.2890625,113.9375
2239074,10497213,CI.MCT.HHZ,0,up,67.07068634033203,3.2890625,100.125
2239448,10348321,AZ.KNW.HHZ,1,down,2.4564929008483887,1.009765625,32.875
2239475,10068713,AZ.KNW.HHZ,0,up,3.1771836280822754,1.1396484375,66.0
2239823,13693256,CI.GTM.EHZ,0,up,7.6421027183532715,1.650390625,11.8671875
2239911,14382004,PB.B081.EHZ,1,down,9.072687149047852,0.5400390625,6.80859375
2240417,11086898,CI.MPM.HHZ,1,down,176.67076110839844,1.16015625,3.58984375
2240841,11284618,AZ.FRD.HHZ,0,up,23.09041404724121,0.64013671875,12.46875
2240882,15182313,AZ.MONP2.HHZ,1,down,8.66943073272705,0.68994140625,32.8125
2241073,9142905,CI.RAG.EHZ,0,up,43.400123596191406,1.7998046875,16.671875
2241092,14895332,AZ.LVA2.HHZ,1,down,14.024723052978516,0.830078125,13.90625
2241719,9150469,CI.BAC.EHZ,0,up,20.892610549926758,1.9501953125,77.6875
2242251,14568580,CI.HYS.EHZ,1,down,9.743416786193848,1.25,50.53125
2243209,13942812,CI.SLR.HHZ,0,up,14.684316635131836,1.490234375,16.875
2243554,10272809,AZ.WMC.HHZ,1,down,2.8450655937194824,0.320068359375,13.6796875
2243796,10433697,AZ.LVA2.HHZ,1,down,43.4287109375,1.5302734375,33.59375
2243930,11008357,PB.B086.EHZ,1,down,5.7998528480529785,1.0,68.1875
2243985,14155704,CI.SDR.HHZ,1,down,42.97572708129883,3.33984375,92.625
2244082,13980344,AZ.FRD.HHZ,0,up,8.899638175964355,0.389892578125,24.953125
2244429,14385264,CI.BFS.HHZ,1,down,2.934144973754883,1.7197265625,34.40625
2244765,10771893,CI.DGR.HHZ,0,up,83.37832641601562,2.080078125,63.875
2245339,11083922,CI.CLI.EHZ,0,up,7.054818153381348,1.3701171875,12.2890625
2245411,11284058,AZ.PFO.HHZ,0,up,4.520663738250732,0.85986328125,42.8125
2245796,14352608,CI.MSJ.HHZ,1,down,3.49775767326355,2.599609375,28.1875
2246726,9723893,CI.BBR.HHZ,1,down,3.7758238315582275,1.599609375,37.28125
2246810,9613617,CI.BBR.HHZ,1,down,11.541065216064453,2.48046875,71.5
2247186,10536269,CI.PMD.HHZ,1,down,38.929256439208984,0.89013671875,29.578125
2247283,10738749,PB.B093.EHZ,0,up,11.269859313964844,1.08984375,27.796875
2247413,14883220,AZ.WMC.HHZ,1,down,315.0069885253906,2.939453125,44.9375
2247490,11671564,CI.CLC.EHZ,0,up,34.665653228759766,1.9599609375,33.5625
2247574,10379761,CI.SDD.HHZ,1,down,4.779094696044922,2.08984375,47.0
2247607,14204164,CI.SS2.EHZ,0,up,54.467437744140625,1.75,32.46875
2248398,10544461,NP.5442.HLZ,0,up,3.562363624572754,1.73046875,23.328125
2248550,9630477,CI.PEM.EHZ,1,down,7.216342449188232,1.8095703125,62.59375
2248873,10036993,CI.WWP.EHZ,0,up,57.4753532409668,1.7197265625,32.0625
2249163,10344481,EN.YOU.EHZ,1,down,4.269040584564209,1.0,6.2109375
2249346,10345101,CI.TIN.HHZ,1,down,18.44644546508789,3.0390625,28.859375
2249365,10738085,AZ.FRD.HHZ,1,down,33.80632400512695,1.0,9.296875
2249646,10755797,CI.PMD.HHZ,1,down,80.18457794189453,1.4697265625,22.640625
2249786,14522660,CI.SAL.HHZ,1,down,24.20783042907715,2.9296875,17.4375
2249988,11285434,PB.B082.EHZ,1,down,59.77412796020508,1.7099609375,42.5625
2250275,9888977,CI.MPP.HHZ,1,down,12.056514739990234,1.830078125,49.4375
2250332,15201801,EN.ENG.EHZ,1,down,27.50296974182129,2.330078125,14.1875
2250513,10332277,NC.PSM.EHZ,0,up,67.90909576416016,3.69921875,96.3125
2250916,15178089,CI.POB.EHZ,1,down,1.5169004201889038,1.0595703125,18.34375
2251167,10758613,AZ.SND.HHZ,1,down,14.289362907409668,0.89013671875,18.765625
2251288,14602444,AZ.MONP2.HHZ,1,down,55.55377197265625,1.419921875,13.1015625
2251669,10378865,CI.CJV.EHZ,1,down,4.655681610107422,1.16015625,43.71875
2251688,13947836,CI.MPM.HHZ,0,up,3.683547258377075,1.6201171875,35.4375
2251889,9976209,AZ.PFO.HHZ,1,down,3.100088357925415,0.389892578125,15.7109375
2252004,14720276,ZY.USG.EHZ,1,down,4.380887985229492,1.66015625,19.390625
2252332,14262412,CI.SGL.EHZ,0,up,12.18423080444336,2.810546875,76.1875
2252368,13811724,AZ.WMC.HHZ,1,down,4.176507949829102,1.1298828125,36.375
2252405,9695125,CI.JRC.HHZ,0,up,11.386269569396973,1.2998046875,10.28125
2253236,14206980,CI.GAV.EHZ,1,down,36.71999740600586,2.080078125,28.734375
2253579,10494213,CI.WCH.EHZ,0,up,13.496626853942871,1.4697265625,38.375
2254155,14201228,CI.RAY.EHZ,0,up,2.018826961517334,1.66015625,72.8125
2254913,14137080,CI.WHF.EHZ,0,up,6.510640621185303,0.7001953125,12.4375
2255416,11053445,CI.ISA.HHZ,0,up,4.171980857849121,1.4296875,64.1875
2255476,11127602,CI.JNH.EHZ,0,up,26.83382797241211,1.8896484375,71.8125
2256011,14212540,CI.RUN.EHZ,1,down,93.29923248291016,2.279296875,75.3125
2256348,14158244,CI.BTL.EHZ,0,up,3.1304898262023926,1.150390625,34.46875
2256371,9172084,CI.WHV.EHZ,0,up,7.136674880981445,1.669921875,40.625
2256442,14221216,AZ.SND.HHZ,0,up,28.477081298828125,2.30078125,96.25
2256621,9880269,AZ.RDM.HHZ,0,up,84.4119644165039,1.7900390625,12.9375
2257237,10961589,CI.BLA2.HHZ,0,up,16.59210968017578,1.4501953125,58.0
2257367,10220401,CI.WNM.EHZ,0,up,3.0201022624969482,1.0595703125,23.5
2257461,14861212,CI.CCA.EHZ,1,down,2.888622283935547,0.93994140625,55.5625
2257552,11392594,CI.EML.HHZ,0,up,15.544393539428711,0.9599609375,55.375
2257605,11131314,CI.DNR.HHZ,0,up,8.246252059936523,1.0498046875,14.859375
2257901,10401001,AZ.FRD.HHZ,0,up,44.85844802856445,1.5703125,19.015625
2258151,9709053,CI.WMF.EHZ,1,down,14.541728019714355,1.0,6.921875
2258161,10166265,CI.DNR.HHZ,1,down,7.742734909057617,1.1201171875,35.46875
2258178,14189148,CI.HOL.EHZ,0,up,137.5004425048828,3.0390625,79.5625
2258358,15166617,AZ.PFO.HHZ,1,down,9.225935935974121,0.489990234375,14.1328125
2258740,9807057,CI.WMF.EHZ,0,up,9.125877380371094,0.83984375,11.9921875
2258994,10597277,ZY.WAGN.EHZ,0,up,39.458595275878906,1.9404296875,15.171875
2259211,14214280,CI.BLA.HHZ,1,down,3.1777968406677246,1.2998046875,65.0
2259588,14058692,CI.MPM.HHZ,0,up,46.24557113647461,1.080078125,18.953125
2259608,9882785,CI.MOP.HHZ,0,up,5.3960442543029785,1.9501953125,23.609375
2259693,11279274,EN.ELM.EHZ,1,down,2.608318567276001,0.300048828125,8.390625
2260208,14856596,CI.COA.EHZ,1,down,27.189790725708008,1.490234375,32.6875
2260236,10224405,CI.EML.HHZ,1,down,19.60689926147461,1.330078125,77.8125
2260298,14998780,CI.HAY.EHZ,1,down,26.767454147338867,4.421875,116.375
2260383,10725789,CI.SWS.HHZ,0,up,41.56706237792969,1.8095703125,26.734375
2260989,10062869,CI.POB.EHZ,1,down,16.90841293334961,1.08984375,25.046875
2261345,10745869,EN.HAT.EHZ,1,down,3.489461660385132,1.330078125,11.7578125
2261636,9930765,CI.WWP.EHZ,1,down,7.425364971160889,1.099609375,20.953125
2261855,14158476,AZ.CRY.HHZ,0,up,25.0800724029541,1.3603515625,8.1484375
2262498,13930580,CI.TEJ.EHZ,0,up,4.870007514953613,1.1396484375,17.078125
2262521,10319585,AZ.BZN.HHZ,0,up,10.833685874938965,0.77001953125,14.0703125
2262936,9741497,CI.BTP.HHZ,1,down,14.927509307861328,1.7001953125,48.46875
2263226,13985412,AZ.FRD.HHZ,0,up,4.4454026222229,1.6796875,75.9375
2263340,13998012,CI.DNR.HHZ,0,up,3.2491295337677,0.52001953125,14.421875
2263813,10661101,PB.B093.EHZ,1,down,11.3470458984375,1.3701171875,85.3125
2264102,11378154,CI.CLI.EHZ,0,up,5.861042499542236,2.580078125,15.6796875
2264200,10100201,CI.CRG.EHZ,1,down,25.433908462524414,3.189453125,99.0
2264462,9694581,CI.WNM.EHZ,1,down,36.254215240478516,1.7001953125,25.34375
2264809,11133898,CI.GAV.EHZ,0,up,6.7391133308410645,1.6796875,21.765625
2264871,10484637,CI.OAT.EHZ,0,up,18.712642669677734,1.2001953125,8.46875
2264891,9919725,CI.WNM.EHZ,0,up,16.406049728393555,1.7998046875,64.0
2265167,11070261,CI.SLR.HHZ,0,up,8.173201560974121,0.85009765625,12.59375
2265176,14548412,PB.B082.EHZ,1,down,48.36441421508789,1.26953125,15.7109375
2265360,9160894,CI.ALV.EHZ,0,up,7.227991580963135,1.2998046875,48.4375
2265593,10872429,AZ.KNW.HHZ,0,up,18.732995986938477,0.64990234375,6.921875
2265701,10288261,AZ.KNW.HHZ,1,down,12.827933311462402,1.080078125,27.234375
2265718,14857404,AZ.TRO.HHZ,1,down,4.205397129058838,0.830078125,28.484375
2265845,10225481,AZ.WMC.HHZ,0,up,2.8881959915161133,0.9501953125,23.25
2266334,11052055,CI.WRV.EHZ,1,down,55.82384490966797,1.740234375,4.5
2266452,10496493,PB.B093.EHZ,1,down,5.199301242828369,0.7001953125,33.0
2266507,10345865,CI.BAT.EHZ,1,down,2.057093620300293,1.7802734375,105.0625
2266574,14481328,CI.MSC.HHZ,1,down,26.760204315185547,1.6103515625,39.46875
2267752,14552852,CI.SBB2.HHZ,1,down,11.088461875915527,1.6201171875,103.9375
2268164,10782077,AZ.CRY.HHZ,1,down,6.9894700050354,0.93017578125,80.875
2268188,9158342,CI.BTL.EHZ,0,up,17.572214126586914,1.4404296875,15.453125
2268231,9144726,CI.SIL.EHZ,0,up,7.116711139678955,2.609375,57.46875
2268603,14219488,CI.EW2.EHZ,0,up,17.900272369384766,1.3603515625,24.703125
2268951,12455908,CI.RYS.EHZ,0,up,17.472436904907227,1.7001953125,29.6875
2268955,10777453,CI.YUH.EHZ,1,down,33.38421630859375,1.2802734375,22.359375
2269743,14520612,CI.ISA.HHZ,1,down,13.655416488647461,1.9501953125,97.5625
2269963,9794721,CI.WCS.EHZ,0,up,5.55591344833374,0.7998046875,9.609375
2270048,10928061,AZ.KNW.HHZ,1,down,17.901216506958008,0.759765625,26.734375
2270309,9686705,CI.WCH.EHZ,0,up,17.4307804107666,1.8603515625,26.953125
2270466,9934681,CI.CRR.EHZ,0,up,12.331259727478027,2.240234375,67.6875
2270802,14221224,AZ.RDM.HHZ,1,down,5.470945358276367,0.72021484375,65.6875
2270805,10221045,CI.WGR.HHZ,1,down,18.5127010345459,2.759765625,109.1875
2271144,10923669,AZ.LVA2.HHZ,1,down,15.869138717651367,0.919921875,41.40625
2271273,11004765,PB.B916.EHZ,1,down,5.15894079208374,1.7099609375,92.1875
2271708,11012221,CI.PMD.HHZ,1,down,514.08642578125,2.83984375,91.5
2272392,9886393,CI.WAS.EHZ,0,up,7.564932346343994,1.2001953125,7.94921875
2272579,10665733,ZY.MLDN.EHZ,0,up,4.7887654304504395,2.990234375,92.1875
2273549,10725037,CI.PMD.HHZ,1,down,20.8055362701416,2.109375,71.8125
2273631,10311973,AZ.LVA2.HHZ,1,down,16.628074645996094,0.77978515625,9.3671875
2273737,10093969,CI.POB.EHZ,1,down,65.06007385253906,1.0400390625,17.109375
2273790,11278642,CI.TA2.HHZ,0,up,16.79875373840332,1.3701171875,58.03125
2273875,10536597,CI.SNO.HHZ,0,up,39.12827682495117,1.73046875,37.96875
2274175,12927584,CI.GRP.EHZ,0,up,10.057428359985352,1.2998046875,65.6875
2274187,14377156,CI.IR2.EHZ,1,down,21.530202865600586,1.900390625,41.65625
2274201,13992888,CI.WMF.EHZ,0,up,8.840620040893555,1.5,44.78125
2274725,9909005,CI.BAC.EHZ,1,down,32.53861618041992,1.98046875,89.5625
2275048,10437233,CI.BTL.EHZ,1,down,5.757978916168213,1.1103515625,18.359375
2275283,15114369,CI.EML.HHZ,1,down,8.775177001953125,1.25,74.375
2275394,10353485,CI.BBR.HHZ,1,down,25.111488342285156,3.0,68.375
2275704,10772229,CI.SIL.EHZ,1,down,8.665151596069336,2.30078125,47.65625
2275947,13979716,CI.HMT.EHZ,0,up,2.5777854919433594,0.60009765625,23.625
2276052,12623428,CI.DEC.HHZ,0,up,3.02921724319458,1.830078125,9.4296875
2276072,13974920,CI.WCS.EHZ,0,up,10.092728614807129,1.2099609375,11.40625
2276115,11000103,CI.WCH.EHZ,0,up,8.946562767028809,2.16015625,25.328125
2276447,9613721,AZ.KNW.HHZ,0,up,21.35542106628418,1.6904296875,59.90625
2276720,15199729,EN.ENG.EHZ,1,down,23.96877098083496,3.150390625,13.8671875
2276776,11671184,CI.WRV.EHZ,0,up,58.16217803955078,0.7998046875,6.21875
2277134,7210512,CI.GRP.EHZ,0,up,6.453408241271973,2.400390625,75.5
2277426,10005669,CI.WRC.EHZ,0,up,2.7493386268615723,0.449951171875,23.546875
2277779,9148598,CI.EMS.EHZ,1,down,7.596304893493652,2.259765625,61.71875
2278738,10288165,CI.BFS.HHZ,1,down,34.671356201171875,1.25,20.265625
2278757,9697313,AZ.FRD.HHZ,0,up,57.60600662231445,1.5703125,13.4296875
2278883,14993692,AZ.TRO.HHZ,1,down,14.027447700500488,0.81005859375,20.625
2278969,10634365,CI.TOW.EHZ,0,up,7.561715602874756,1.330078125,25.171875
2279085,11384114,PB.B087.EHZ,0,up,18.11005210876465,0.83984375,12.5703125
2279112,14369584,CI.DNR.HHZ,1,down,6.922651767730713,0.389892578125,14.1328125
2279437,9936097,AZ.KNW.HHZ,1,down,26.4953670501709,1.3095703125,7.91015625
2279438,14441920,AZ.FRD.HHZ,1,down,53.092872619628906,1.2802734375,51.375
2279463,10218185,CI.PLM.HHZ,0,up,60.612545013427734,2.470703125,71.0625
2279772,9152593,CI.TPM.EHZ,1,down,33.90110397338867,1.7998046875,31.1875
2279985,13966300,CI.COK.EHZ,1,down,4.625125408172607,1.759765625,19.8125
2281114,10277937,CI.BOR.HHZ,0,up,3.4764294624328613,1.599609375,84.125
2281181,10862805,CI.LUC.EHZ,0,up,10.47537612915039,1.509765625,18.03125
2281208,14283488,CI.WRV.EHZ,0,up,31.678417205810547,0.52978515625,10.9296875
2281265,10063405,CI.RAY.EHZ,0,up,18.082876205444336,1.66015625,19.25
2281628,14297328,AZ.CRY.HHZ,0,up,12.50075912475586,0.669921875,14.6015625
2281707,10904781,CI.SVD.HHZ,0,up,1.907243251800537,0.7900390625,20.234375
2282203,10760165,CI.FRK.EHZ,1,down,54.56958770751953,3.0390625,85.4375
2283182,9816665,CI.SLR.HHZ,1,down,3.708462715148926,1.4697265625,21.703125
2283412,9676037,CI.TOW.EHZ,0,up,10.272369384765625,1.91015625,28.0
2283448,9817769,CI.WOR.EHZ,0,up,6.51555061340332,0.919921875,22.046875
2283904,10629909,ZY.USG.EHZ,1,down,30.75493812561035,2.640625,12.25
2283951,14297320,CI.WRC.EHZ,0,up,4.404281139373779,-0.219970703125,16.078125
2284084,14157120,CI.MCT.HHZ,0,up,9.324006080627441,1.51953125,41.75
2284276,10185329,CI.BTL.EHZ,1,down,3.4108316898345947,1.2197265625,48.34375
2284324,9171716,CI.ALV.EHZ,1,down,2.551607370376587,1.7001953125,72.25
2284573,10208253,CI.CLC.HHZ,1,down,142.78411865234375,0.7998046875,10.796875
2284602,9622849,CI.CAP.HHZ,0,up,14.229754447937012,2.140625,68.9375
2285052,10070917,CI.PLT.EHZ,0,up,82.03749084472656,3.990234375,63.0
2285116,14204168,AZ.YAQ.HHZ,1,down,8.293425559997559,1.419921875,80.375
2285404,11340770,CI.TOR.HHZ,0,up,36.47703552246094,1.509765625,31.75
2285770,13071448,CI.MCT.HHZ,0,up,23.833986282348633,1.51953125,43.1875
2285941,10066393,CI.GAV.EHZ,0,up,12.259622573852539,2.310546875,50.03125
2286376,11250546,CI.PMD.HHZ,0,up,5.559460163116455,0.81005859375,39.40625
2286424,9727321,CI.SKY.EHZ,1,down,8.376496315002441,1.66015625,55.25
2286684,10662221,ZY.OCCM.EHZ,0,up,11.007465362548828,1.0400390625,7.94921875
2287396,14213660,CI.MUR.HHZ,0,up,17.814306259155273,2.8203125,85.8125
2287475,9665669,CI.HMT.EHZ,0,up,22.400310516357422,1.490234375,8.65625
2287476,15001524,CI.BBR.HHZ,1,down,24.243417739868164,2.009765625,65.75
2287844,15136537,CI.YUH.EHZ,1,down,24.95243263244629,1.1396484375,22.15625
2288658,10825453,PB.B917.EHZ,0,up,14.281216621398926,1.91015625,95.25
2288743,13951996,CI.CFL.EHZ,0,up,39.136653900146484,1.9296875,41.71875
2288749,11245074,PB.B087.EHZ,1,down,8.357255935668945,0.66015625,19.15625
2288761,9690161,CI.WLH.EHZ,0,up,6.380771160125732,1.2001953125,38.875
2288840,10399809,CI.WBS.HHZ,0,up,1.505476951599121,1.259765625,17.59375
2289178,9776645,CI.DVT.HHZ,0,up,26.513519287109375,2.0,35.25
2290046,14179496,CI.COK.EHZ,0,up,4.646299839019775,1.48046875,35.4375
2290253,10056873,AZ.KNW.HHZ,0,up,13.464258193969727,1.599609375,52.8125
2290465,14382156,AZ.TRO.HHZ,1,down,3.691999673843384,1.6796875,51.34375
2291117,9878637,CI.SNR.EHZ,1,down,1.7937428951263428,1.7099609375,14.359375
2291288,9139581,CI.OLY.EHZ,1,down,13.227046966552734,2.76953125,104.0625
2291332,10166482,CI.SWS.HHZ,0,up,26.491031646728516,1.3095703125,28.140625
2291499,9149132,CI.POB.EHZ,0,up,17.45832633972168,1.490234375,69.25
2291501,14197212,CI.TAB.EHZ,1,down,67.15611267089844,2.33984375,26.609375
2291604,11131626,CI.IR2.EHZ,1,down,15.99165153503418,1.830078125,40.09375
2291911,9774905,CI.JUL.EHZ,0,up,40.43680953979492,1.2802734375,19.296875
2292282,10795765,CI.SGL.EHZ,0,up,120.79608154296875,2.220703125,6.9296875
2292287,10208249,CI.ALV.EHZ,0,up,3.1000940799713135,0.8701171875,64.8125
2292363,12987480,AZ.KNW.HHZ,1,down,13.56226921081543,1.1298828125,15.21875
2292649,10097281,CI.HEC.HHZ,0,up,2.007227897644043,1.2001953125,11.171875
2292918,14386472,CI.SME.EHZ,1,down,23.40224266052246,1.4697265625,26.65625
2293029,14004168,CI.ISA.HHZ,1,down,12.809615135192871,1.9599609375,41.34375
2293149,10200710,AZ.KNW.HHZ,0,up,11.815916061401367,0.7900390625,28.671875
2293946,9628889,CI.SS2.EHZ,1,down,20.3364200592041,2.23046875,53.1875
2294025,10411137,AZ.BZN.HHZ,0,up,7.028759002685547,1.3798828125,35.59375
2294321,10926909,AZ.TRO.HHZ,0,up,5.509071350097656,0.75,33.65625
2294379,14353356,CI.WNM.EHZ,1,down,2.1295716762542725,0.75,19.5
2294681,14239836,AZ.BZN.HHZ,0,up,6.5434250831604,1.0,30.140625
2294881,15087764,CI.SLR.HHZ,1,down,5.377048492431641,1.01953125,21.34375
2295674,11207090,CI.WSH.EHZ,1,down,30.36294937133789,1.7802734375,24.84375
2296179,9659177,CI.CLC.HHZ,0,up,16.026363372802734,1.650390625,40.65625
2296299,14921452,AZ.KNW.HHZ,1,down,16.362821578979492,1.4697265625,86.375
2296360,11004381,PB.B916.EHZ,0,up,17.933759689331055,1.5703125,28.8125
2297074,9146738,CI.RMR.EHZ,1,down,12.563009262084961,1.5,56.03125
2297076,14998868,CI.WES.HHZ,1,down,8.152633666992188,1.5,13.90625
2297265,14085668,CI.GTM.EHZ,1,down,16.66781997680664,1.830078125,66.5625
2297741,14161396,CI.HYS.EHZ,1,down,8.79957103729248,1.5400390625,72.0625
2298065,10905181,AZ.SND.HHZ,0,up,101.01715087890625,1.8095703125,20.15625
2298263,14988564,PB.B087.EHZ,1,down,74.39383697509766,1.099609375,3.01953125
2298387,10263793,AZ.BZN.HHZ,0,up,6.445250511169434,1.08984375,57.1875
2298422,10220297,CI.GTM.EHZ,0,up,23.572399139404297,1.4404296875,11.3984375
2298677,10066705,CI.TOW.EHZ,1,down,8.903753280639648,1.2001953125,18.546875
2298722,10093929,CI.WVP.EHZ,0,up,8.92531681060791,1.2001953125,74.3125
2298779,11278546,CI.PMD.HHZ,1,down,108.0637435913086,1.9501953125,31.40625
2298833,14516916,AZ.RDM.HHZ,1,down,8.760710716247559,1.3896484375,40.0
2299111,10345357,PB.B082.EHZ,1,down,7.327810287475586,0.97998046875,43.65625
2299742,14169412,CI.TOW.EHZ,1,down,6.514379024505615,1.7802734375,47.0
2299925,10618573,ZY.WAGN.EHZ,0,up,474.50732421875,2.73046875,8.25
2300232,14248388,CI.YMD.EHZ,0,up,16.830364227294922,1.91015625,60.53125
2300802,10999837,CI.MLAC.HHZ,0,up,5.547477722167969,1.2900390625,8.5078125
2301518,14212556,AZ.KNW.HHZ,0,up,13.876575469970703,1.1396484375,76.5625
2302381,13656288,AZ.KNW.HHZ,1,down,34.59618377685547,1.2099609375,14.5078125
2302635,14386088,CI.SUN.EHZ,1,down,34.20264434814453,1.3701171875,24.90625
2304013,14249440,CI.CBK.EHZ,0,up,8.136490821838379,1.5595703125,75.875
2304022,14386088,WR.CSP.EHZ,1,down,3.1749846935272217,1.3701171875,37.59375
2304755,10724645,CI.YUH.EHZ,0,up,69.51287841796875,1.5703125,3.919921875
2304951,9691097,CI.ISA.HHZ,0,up,9.051823616027832,1.400390625,71.8125
2304997,11129306,CI.FRK.EHZ,0,up,10.832825660705566,1.259765625,24.765625
2305210,9137838,CI.GTM.EHZ,0,up,25.90418243408203,1.2998046875,18.953125
2305270,10149461,CI.DNR.HHZ,0,up,2.739502191543579,0.56005859375,10.1875
2305287,10347253,CI.DRE.HHZ,1,down,30.766799926757812,4.62890625,54.875
2305321,11006149,CI.JVA.HHZ,0,up,17.224925994873047,0.7998046875,13.9609375
2305621,13948236,AZ.WMC.HHZ,1,down,29.88960838317871,2.220703125,82.8125
2305644,10742109,PB.B087.EHZ,0,up,10.059414863586426,0.64013671875,10.1015625
2305757,14696916,ZY.MLDN.EHZ,1,down,3.6227757930755615,1.419921875,7.6484375
2305870,13043468,CI.PLM.HHZ,1,down,26.11915397644043,1.5498046875,53.3125
2306026,14282596,NC.PSM.EHZ,1,down,532.7033081054688,3.33984375,28.96875
2306027,14352800,CI.DRE.HHZ,1,down,5.186944484710693,1.849609375,29.796875
2306340,10410329,CI.PEM.EHZ,0,up,92.65043640136719,1.7099609375,27.203125
2306415,14289636,CI.SME.EHZ,1,down,10.969226837158203,1.3095703125,24.6875
2306755,10326625,CI.BCH.EHZ,1,down,6.125118255615234,1.66015625,74.125
2306884,14523900,CI.CLC.HHZ,1,down,31.661436080932617,1.5498046875,66.6875
2306953,9160085,CI.RMR.EHZ,0,up,21.66321563720703,2.150390625,43.59375
2307200,11406834,PB.B082.EHZ,0,up,46.345523834228516,0.919921875,19.359375
2307288,14002756,AZ.FRD.HHZ,0,up,29.159168243408203,0.39990234375,21.8125
2307956,10379373,CI.PLS.EHZ,0,up,4.1738433837890625,2.140625,43.59375
2308124,10182325,CI.RAG.EHZ,1,down,22.48152732849121,1.490234375,15.84375
2308170,11407826,PB.B916.EHZ,1,down,5.615042209625244,0.409912109375,23.78125
2308565,9974065,CI.THC.EHZ,0,up,111.08208465576172,1.75,7.76953125
2308588,14332708,AZ.SND.HHZ,1,down,2.5050954818725586,1.0703125,41.46875
2308851,10747437,PG.EC.EHZ,1,down,127.85562896728516,1.51953125,18.5625
2309047,10543677,AZ.SND.HHZ,0,up,13.130725860595703,0.830078125,16.375
2309096,14508244,PB.B086.EHZ,1,down,142.916015625,1.23046875,12.21875
2309267,10143366,EN.OBS.EHZ,0,up,8.381922721862793,0.300048828125,2.650390625
2309388,11343106,PB.B087.EHZ,1,down,7.230595588684082,1.259765625,33.53125
2309421,14152220,AZ.FRD.HHZ,1,down,28.979646682739258,1.2099609375,6.6015625
2310319,14139032,CI.YEG.EHZ,1,down,60.140342712402344,3.609375,99.75
2310659,11411602,CI.JRC2.HHZ,0,up,6.446793079376221,1.3701171875,68.3125
2310844,9994101,CI.TPC.EHZ,0,up,7.094531536102295,1.4599609375,58.8125
2311071,9883385,CI.BBR.HHZ,1,down,79.4292984008789,1.8095703125,31.0625
2311552,10724869,CI.YUH.EHZ,0,up,124.89691162109375,1.900390625,15.7109375
2311604,9876517,CI.WWP.EHZ,0,up,26.155662536621094,2.279296875,70.125
2311792,10739621,CI.TOR.HHZ,0,up,4.407499313354492,1.3095703125,24.84375
2313395,9996065,CI.HDB.EHZ,1,down,5.818699359893799,1.5703125,17.59375
2314120,11372338,CI.WMF.EHZ,1,down,52.465187072753906,0.2099609375,4.578125
2314678,10367001,CI.CCC.HHZ,0,up,29.26674461364746,2.630859375,118.0
2314713,14932084,NC.MDC.EHZ,1,down,48.76475143432617,1.7998046875,28.453125
2315058,14314676,AZ.RDM.HHZ,0,up,58.70430374145508,2.41015625,60.34375
2315135,10737397,CI.MGE.HHZ,1,down,10.781641960144043,2.400390625,45.53125
2315191,10352721,PG.PB.EHZ,1,down,32.952274322509766,2.599609375,89.6875
2315340,14571100,AZ.KNW.HHZ,1,down,9.020450592041016,0.68017578125,38.03125
2315349,9997005,AZ.KNW.HHZ,0,up,4.670270919799805,0.72021484375,23.484375
2315586,14198736,CI.RMR.EHZ,1,down,6.0997443199157715,0.9599609375,63.34375
2315670,9623069,CI.POB.EHZ,1,down,19.12649154663086,1.2001953125,27.671875
2315692,11012221,CI.TA2.HHZ,0,up,108.53556823730469,2.83984375,65.0625
2315999,14237456,CI.DNR.HHZ,1,down,10.793087005615234,1.330078125,66.375
2316292,9944801,AZ.SND.HHZ,0,up,17.42348861694336,1.400390625,14.9765625
2316725,9160002,CI.LUG.HHZ,0,up,4.355454921722412,1.900390625,79.875
2316863,9172866,CI.MDA.EHZ,1,down,5.91033411026001,1.5703125,13.4609375
2317012,10080945,CI.WCS.EHZ,1,down,6.228580474853516,0.5,0.39990234375
2317234,11274098,PB.B087.EHZ,0,up,27.982343673706055,0.85986328125,14.2421875
2317701,14690436,ZY.SHCM.EHZ,1,down,11.769484519958496,1.91015625,37.875
2317896,14155884,CI.DRE.HHZ,1,down,2.7453222274780273,2.630859375,44.03125
2318060,13657000,CI.AGA.HHZ,0,up,5.67965841293335,0.60009765625,28.75
2318113,14920276,EN.RED.EHZ,1,down,6.23579216003418,0.300048828125,1.6904296875
2318463,11626656,CI.SKY.EHZ,1,down,17.676057815551758,1.509765625,28.046875
2318475,13967236,CI.SRT.EHZ,0,up,4.729550838470459,0.52001953125,26.875
2318716,9150117,CI.HLN.EHZ,0,up,5.619514465332031,1.669921875,20.875
2318732,10774197,CI.RMR.EHZ,1,down,53.05419921875,0.990234375,14.828125
2319287,10862357,CI.PMD.HHZ,0,up,10.774364471435547,1.259765625,55.46875
2319612,11004653,CI.BTL.EHZ,0,up,17.067380905151367,0.97998046875,6.7890625
2319634,10025797,CI.EML.HHZ,0,up,15.245855331420898,1.2802734375,34.25
2319661,11206866,PB.B087.EHZ,1,down,65.54561614990234,1.990234375,7.359375
2319882,14186816,CI.TJR.EHZ,1,down,5.243547439575195,1.3603515625,25.078125
2320531,15185329,CI.EL2.EHZ,1,down,3.8909707069396973,1.7099609375,61.4375
2320655,10535725,AZ.TRO.HHZ,0,up,1.8512158393859863,1.669921875,87.75
2320661,14253696,AZ.PFO.HHZ,0,up,4.446847438812256,0.6298828125,30.421875
2320714,10793013,PB.B087.EHZ,0,up,8.965370178222656,0.4599609375,7.25
2321126,10872605,CI.PMD.HHZ,0,up,6.816452980041504,0.6201171875,36.0
2321142,14433528,CI.BAT.EHZ,1,down,22.191537857055664,2.380859375,19.265625
2321373,15166017,AZ.MONP2.HHZ,1,down,16.367429733276367,1.419921875,16.609375
2321495,10332297,CI.WBM.EHZ,0,up,14.442081451416016,1.8603515625,47.59375
2321968,9645509,NN.CAS.EHZ,0,up,6.061334133148193,1.7998046875,28.09375
2322194,15188065,AZ.CRY.HHZ,1,down,2.688946485519409,0.9501953125,70.75
2322312,10998397,CI.TOR.HHZ,0,up,5.193329811096191,1.16015625,64.9375
2322317,14366780,CI.TEH.HHZ,1,down,993.6195068359375,2.599609375,20.109375
2322445,10216417,CI.OAT.EHZ,0,up,8.577469825744629,0.39990234375,6.53125
2323042,14375612,CI.TEH.HHZ,1,down,19.458539962768555,1.9501953125,116.0625
2323248,10456965,CI.JRC2.HHZ,1,down,6.708615779876709,1.7099609375,46.5625
2323344,11378194,CI.YUC.EHZ,0,up,3.72922420501709,1.7998046875,73.8125
2323430,11129082,PB.B084.EHZ,0,up,3.3073463439941406,1.76953125,11.9609375
2323657,14565092,AZ.TRO.HHZ,1,down,108.71483612060547,1.7998046875,7.671875
2323695,10183313,AZ.SND.HHZ,1,down,9.214850425720215,1.2001953125,46.40625
2324238,10545381,CI.LUC.EHZ,1,down,9.950325965881348,1.8203125,53.71875
2324343,9854881,CI.RMM.EHZ,1,down,25.81621742248535,1.91015625,37.1875
2324521,10260621,CI.CLC.HHZ,1,down,33.3157958984375,1.0,39.90625
2324571,14094308,CI.WRC.EHZ,0,up,8.924452781677246,0.7001953125,23.125
2324711,10751237,AZ.HWB.HHZ,1,down,6.578063011169434,1.6396484375,63.96875
2324880,10346761,CI.DPP.HHZ,0,up,39.82390594482422,1.9697265625,63.875
2324919,10789893,CI.CRR.EHZ,0,up,24.546756744384766,2.529296875,69.875
2325010,9173368,CI.HYS.EHZ,1,down,5.763096809387207,1.5703125,99.1875
2325090,11374226,CI.RXH.HHZ,0,up,2.188270330429077,0.89013671875,2.0703125
2325925,14406044,CI.WGR.HHZ,1,down,33.10558319091797,2.08984375,42.0
2326429,10228397,CI.SWS.HHZ,1,down,6.309121131896973,1.1298828125,37.15625
2326520,10249613,PB.B086.EHZ,0,up,8.682117462158203,0.9501953125,34.15625
2327397,10284809,CI.SUN.EHZ,1,down,18.098461151123047,1.0,19.46875
2327792,9797749,CI.AGA.HHZ,0,up,22.515380859375,1.8701171875,88.6875
2327805,10398137,PB.B921.EHZ,0,up,25.274213790893555,2.05078125,62.96875
2328156,14520716,CI.SPG2.HHZ,1,down,29.98198890686035,1.8701171875,83.25
2328907,13937492,CI.AGA.HHZ,1,down,84.91915130615234,3.5390625,85.5
2329206,10248349,AZ.LVA2.HHZ,0,up,20.40133285522461,1.150390625,111.0625
2329230,9154193,CI.RMR.EHZ,1,down,11.019918441772461,1.400390625,16.40625
2329282,9648893,CI.PLM.HHZ,0,up,11.702763557434082,1.6298828125,43.84375
2329512,10620957,CI.SWS.HHZ,0,up,5.277994155883789,2.189453125,33.625
2330072,9136180,CI.WVP.EHZ,1,down,10.131072998046875,1.509765625,12.7890625
2330148,14681124,ZY.MLDN.EHZ,1,down,33.484283447265625,3.400390625,61.03125
2330185,10179461,AZ.CRY.HHZ,0,up,60.485198974609375,1.419921875,11.0703125
2330451,14206304,CI.WGR.HHZ,1,down,144.8937225341797,2.099609375,18.125
2330507,13974876,CI.BOR.HHZ,0,up,3.082449436187744,1.2001953125,26.3125
2330538,14208384,CI.XTL.EHZ,0,up,12.598169326782227,2.349609375,102.75
2330700,10746029,CI.JEM.HHZ,1,down,6.885366916656494,1.330078125,88.0625
2331537,10312161,EN.YOU.EHZ,0,up,720.162109375,2.529296875,3.640625
2331608,11408546,PB.B087.EHZ,0,up,11.700778007507324,1.3603515625,22.28125
2332086,9981717,AZ.FRD.HHZ,0,up,62.737892150878906,2.009765625,84.0625
2332145,9683901,CI.JRC.HHZ,0,up,6.329949378967285,0.8798828125,9.0390625
2332279,9697437,CI.JRC.HHZ,0,up,18.10423469543457,1.41015625,9.25
2332459,15191849,CI.CLC.HHZ,1,down,6.845196723937988,1.6103515625,110.625
2332478,14367416,PB.B087.EHZ,1,down,15.204151153564453,1.1904296875,57.25
2332753,11350146,AZ.LVA2.HHZ,0,up,29.556367874145508,0.85009765625,17.6875
2332832,9889461,CI.BTP.HHZ,1,down,2.8944013118743896,1.3095703125,24.953125
2332990,10083769,CI.WHF.EHZ,0,up,9.483203887939453,0.7998046875,12.8671875
2333175,14117568,CI.WRV.EHZ,1,down,11.640796661376953,1.400390625,20.3125
2333895,11396258,AZ.PFO.HHZ,1,down,18.88077735900879,0.3798828125,9.4375
2333956,9851321,AZ.FRD.HHZ,0,up,12.404633522033691,1.669921875,87.5
2333992,10099485,CI.CRR.EHZ,0,up,14.072611808776855,1.599609375,94.375
2334331,10751805,CI.WMF.EHZ,0,up,4.879002094268799,0.39990234375,11.8828125
2334370,13943024,AZ.BZN.HHZ,0,up,27.389144897460938,1.7197265625,34.1875
2335242,10489229,AZ.RDM.HHZ,0,up,4.4055867195129395,1.51953125,52.78125
2335417,11250754,AZ.PFO.HHZ,0,up,3.5604612827301025,1.48046875,80.1875
2335659,10353481,PB.B087.EHZ,0,up,1.23373544216156,2.58984375,22.1875
2336010,9724409,CI.TOW.EHZ,1,down,17.2459716796875,1.58984375,34.09375
2336359,10191230,CI.PMD.HHZ,1,down,4.132493019104004,0.3701171875,26.8125
2336405,10609253,ZY.OCCM.EHZ,0,up,7.160041332244873,1.9501953125,17.171875
2336415,14285856,CI.SGL.EHZ,0,up,17.801877975463867,1.75,9.0234375
2336566,11336338,CI.RUN.EHZ,1,down,30.984195709228516,3.23046875,115.625
2336700,9147030,CI.EW2.EHZ,1,down,12.325518608093262,1.2001953125,12.1015625
2337244,10527965,CI.TOW.EHZ,1,down,2.5761945247650146,0.77978515625,25.8125
2337336,9691421,CI.SPG.HHZ,0,up,3.332479238510132,1.26953125,54.0625
2337407,14691396,ZY.OYSB.EHZ,1,down,9.909249305725098,1.650390625,18.359375
2337433,10179725,AZ.BZN.HHZ,0,up,4.962990760803223,1.509765625,23.21875
2337577,14887404,PB.B082.EHZ,1,down,109.09193420410156,1.4501953125,14.8203125
2337790,15104076,CI.FRK.EHZ,1,down,4.29119873046875,1.6904296875,71.5
2337812,10355213,CI.BLA.HHZ,1,down,9.670888900756836,0.97021484375,10.421875
2337914,10478829,CI.SGL.EHZ,0,up,1.4026657342910767,1.8095703125,41.75
2338478,9936813,CI.MPM.HHZ,0,up,3.656461715698242,0.60009765625,44.75
2338481,11007933,CI.YUH.EHZ,1,down,8.993168830871582,1.5595703125,66.0
2339526,9673609,CI.WHF.EHZ,1,down,134.85523986816406,2.689453125,55.34375
2339828,14119212,CI.CLC.HHZ,0,up,28.447965621948242,1.6396484375,48.59375
2339941,10070409,CI.MPM.HHZ,0,up,22.420612335205078,1.2998046875,32.875
2339978,10911605,CI.YUH.EHZ,0,up,18.202009201049805,2.119140625,81.4375
2341283,10081477,CI.DSC.HHZ,1,down,8.346034049987793,1.599609375,54.5
2341664,14187744,CI.JRC2.HHZ,1,down,55.3475341796875,0.39990234375,4.03125
2342166,9163060,CI.WNM.EHZ,1,down,7.900960922241211,1.2998046875,28.796875
2342218,10791565,PB.B082.EHZ,1,down,12.299331665039062,0.300048828125,1.900390625
2342346,10729325,CI.CRR.EHZ,1,down,248.99876403808594,3.58984375,25.234375
2342565,9733833,CI.LAF.HHZ,1,down,3.4482057094573975,2.220703125,19.40625
2342725,14166136,CI.PDU.HHZ,0,up,3.756777286529541,1.6103515625,43.03125
2342952,10216941,CI.WSH.EHZ,0,up,12.276165008544922,1.2099609375,57.15625
2343113,9168190,CI.RMR.EHZ,1,down,16.6981201171875,1.759765625,58.84375
2343199,11282818,PB.B082.EHZ,1,down,8.217001914978027,0.68994140625,15.2421875
2343268,11248962,PB.B084.EHZ,0,up,18.559036254882812,0.830078125,33.25
2343391,10606349,ZY.USG.EHZ,1,down,7.510441303253174,1.91015625,13.7734375
2344004,10480885,CI.EML.HHZ,1,down,7.872413158416748,0.93017578125,68.0625
2344108,9983429,CI.TM2.EHZ,0,up,9.737753868103027,4.33984375,35.90625
2344503,10738085,PB.B093.EHZ,0,up,13.837725639343262,1.0,27.421875
2344581,10121869,CI.JCS.HHZ,0,up,18.49998664855957,2.2109375,33.5625
2344778,14285996,CI.JCS.HHZ,0,up,25.061342239379883,1.1201171875,19.4375
2344955,13911136,CI.RAG.EHZ,0,up,58.48383331298828,1.8095703125,18.765625
2345065,14188564,AZ.PFO.HHZ,0,up,11.162275314331055,1.5595703125,84.0
2345085,14253856,AZ.YAQ.HHZ,1,down,2.5256428718566895,0.75,21.765625
2345155,14256860,CI.YUH.EHZ,0,up,44.09210205078125,0.85009765625,11.2578125
2345577,9168796,CI.CFL.EHZ,0,up,8.873221397399902,2.009765625,84.4375
2345806,13953300,CI.WLT.HHZ,0,up,3.293059825897217,2.05078125,27.359375
2345975,9708497,CI.CFL.EHZ,0,up,106.5595703125,2.529296875,106.25
2346125,10987461,CI.WWP.EHZ,1,down,69.56179809570312,1.16015625,3.599609375
2346681,10961965,AZ.MONP2.HHZ,1,down,28.870325088500977,1.830078125,59.875
2347393,10545413,CI.SRN.HHZ,0,up,2.236562490463257,2.30078125,58.875
2347717,9687629,CI.WRV.EHZ,1,down,111.05209350585938,1.599609375,5.078125
2347733,9940901,AZ.CRY.HHZ,0,up,9.671934127807617,1.2998046875,10.171875
2347895,12456772,CI.CRR.EHZ,0,up,5.914848804473877,2.330078125,87.75
2348245,10738357,CI.CLI.EHZ,1,down,10.792725563049316,3.400390625,94.8125
2348252,9687005,CI.JRC.HHZ,0,up,19.317668914794922,1.7802734375,8.546875
2349169,9875953,CI.ISA.HHZ,0,up,324.59197998046875,2.130859375,42.625
2349336,10028701,CI.DNR.HHZ,1,down,6.317610740661621,1.08984375,36.6875
2349408,14002400,CI.FLS.EHZ,0,up,4.145812034606934,1.599609375,95.5625
2349430,10437353,CI.SLR.HHZ,0,up,2.2041242122650146,0.429931640625,19.234375
2349583,10963093,CI.SVD.HHZ,1,down,9.598698616027832,1.26953125,14.5703125
2350157,14377896,CI.WCS.EHZ,1,down,2.0093822479248047,0.830078125,10.453125
2350458,10025953,CI.BBR.HHZ,0,up,7.189319610595703,1.1201171875,39.03125
2350479,14188992,CI.TA2.HHZ,0,up,6.723474979400635,1.3203125,44.75
2351195,14151252,CI.BLC.EHZ,1,down,8.068185806274414,2.359375,5.51953125
2351598,10779157,CI.TOR.HHZ,0,up,3.2470204830169678,0.8798828125,35.15625
2351875,14206856,CI.HDB.EHZ,0,up,11.325953483581543,2.83984375,73.0
2352185,9688885,CI.ISA.HHZ,1,down,98.27522277832031,1.8798828125,64.5625
2353008,15199441,CI.WI2.EHZ,1,down,55.646636962890625,3.029296875,29.453125
2353369,10478813,CI.SLR.HHZ,0,up,17.49920654296875,1.8603515625,37.40625
2353533,10634005,ZY.MLDN.EHZ,1,down,13.684273719787598,1.7099609375,8.2421875
2353696,11103290,CI.DGR.HHZ,1,down,9.577630043029785,0.5,23.78125
2353888,14162224,CI.WCS.EHZ,0,up,27.61649513244629,3.109375,30.6875
2354043,9642629,CI.WIN.EHZ,1,down,5.36354398727417,1.58984375,34.28125
2354640,9974593,AZ.RDM.HHZ,1,down,5.046209812164307,1.1396484375,37.78125
2355098,10184565,CI.WVP.EHZ,0,up,17.50569725036621,1.2802734375,18.296875
2355224,15151401,CI.MPM.HHZ,1,down,11.507017135620117,0.4599609375,19.140625
2355600,14080508,CI.BTL.EHZ,0,up,5.0094380378723145,1.8203125,45.21875
2355840,10355581,CI.TPM.EHZ,1,down,2.8631818294525146,1.3701171875,37.3125
2355940,14329060,CI.WNM.EHZ,0,up,6.155778884887695,0.990234375,41.625
2356144,10631853,ZY.OCCM.EHZ,0,up,68.18367767333984,1.73046875,11.859375
2356237,15115449,PB.B082.EHZ,1,down,5.391773700714111,1.5400390625,78.8125
2356477,10146401,CI.WNM.EHZ,1,down,37.984920501708984,1.1201171875,15.3828125
2356553,9966025,CI.DNR.HHZ,1,down,6.995571613311768,1.1103515625,15.8125
2357039,7176262,CI.BTL.EHZ,0,up,4.259833812713623,1.2998046875,17.6875
2357190,9773481,CI.MPM.HHZ,0,up,5.129325866699219,0.5498046875,35.6875
2357451,9989557,AZ.CRY.HHZ,0,up,5.89699125289917,0.89990234375,16.546875
2358039,14155704,CI.PER.HHZ,0,up,21.37378692626953,3.33984375,74.625
2358236,9970557,CI.JVA.HHZ,1,down,1.7874289751052856,1.3095703125,27.84375
2358286,9919989,CI.BFS.HHZ,1,down,4.769970417022705,1.6201171875,13.90625
2358432,10380801,CI.PLS.EHZ,1,down,4.238964080810547,1.66015625,98.0
2358805,10259021,CI.EML.HHZ,0,up,131.39785766601562,2.580078125,53.625
2359600,15015252,AZ.KNW.HHZ,1,down,20.977087020874023,1.2099609375,10.4296875
2359932,10585917,CI.YUH.EHZ,1,down,6.904345989227295,2.44921875,64.0625
2359949,10190710,CI.WRV.EHZ,0,up,5.703329563140869,0.429931640625,11.21875
2360095,10983653,CI.LRL.HHZ,1,down,10.398083686828613,2.08984375,49.09375
2360226,14072776,CI.WNM.EHZ,1,down,17.304149627685547,1.400390625,13.2265625
2360773,9170476,CI.SIP.EHZ,1,down,87.61083984375,2.119140625,15.1796875
2360787,14285760,PG.DC.EHZ,0,up,23.553253173828125,3.75,92.6875
2361480,9852637,CI.THX.HHZ,0,up,25.767417907714844,3.580078125,99.25
2361531,14313524,CI.SPG2.HHZ,1,down,8.016128540039062,2.330078125,77.5
2361607,9987101,CI.YUH.EHZ,1,down,107.7711410522461,2.51953125,85.25
2361792,9811889,CI.WBM.EHZ,1,down,17.665803909301758,2.4609375,57.65625
2361893,10181289,CI.FRK.EHZ,0,up,18.35727310180664,1.8095703125,64.5625
2362363,11010293,CI.PLM.HHZ,0,up,122.26781463623047,1.5,18.21875
2362877,14509412,CI.PLS.HHZ,1,down,9.676107406616211,2.349609375,60.8125
2363156,13688420,CI.WNM.EHZ,0,up,3.540268898010254,0.89013671875,28.53125
2363479,9152036,CI.WOR.EHZ,0,up,4.8952178955078125,1.2998046875,54.90625
2363943,10313437,EN.YOU.EHZ,0,up,78.90254211425781,1.7998046875,6.6015625
2363995,10068077,CI.PEM.EHZ,1,down,6.444962024688721,2.140625,49.6875
2364388,10221041,CI.BLA.HHZ,1,down,5.020572662353516,1.169921875,32.15625
2364419,10068317,CI.HEC.HHZ,0,up,18.74796485900879,1.4697265625,14.7890625
2364656,10785253,CI.GLA.HHZ,1,down,3.3241634368896484,2.55078125,108.9375
2365397,10786261,PB.B082.EHZ,1,down,3.0155041217803955,1.0,85.5625
2365550,9720257,AZ.KNW.HHZ,1,down,56.75993728637695,1.7802734375,55.78125
2365769,14334748,CI.SS2.EHZ,0,up,4.260482311248779,1.1298828125,23.890625
2365936,13940640,CI.SME.EHZ,0,up,5.829495429992676,1.599609375,72.0
2366150,9156891,CI.JFS.EHZ,0,up,8.014222145080566,2.669921875,112.8125
2366744,9656125,CI.CLC.HHZ,0,up,19.655040740966797,2.259765625,33.40625
2366766,10346601,CI.YUH.EHZ,1,down,68.74394226074219,1.419921875,46.15625
2366776,14181716,CI.FRK.EHZ,1,down,64.33031463623047,1.76953125,24.34375
2367126,12457164,CI.SWS.HHZ,1,down,24.196897506713867,2.939453125,83.6875
2367371,9168367,CI.EMS.EHZ,1,down,8.30667495727539,2.189453125,48.78125
2367419,11027149,CI.CLI.EHZ,1,down,5.162270545959473,0.39990234375,6.8984375
2367885,14198324,CI.POB.EHZ,1,down,10.269010543823242,1.4697265625,99.625
2368139,14174820,AZ.FRD.HHZ,1,down,540.4688110351562,1.73046875,7.41015625
2368314,13672736,AZ.RDM.HHZ,0,up,5.361969947814941,1.259765625,41.5
2368468,9948669,CI.SS2.EHZ,0,up,34.87685775756836,1.6298828125,31.9375
2368859,11063293,AZ.FRD.HHZ,1,down,8.265923500061035,0.35009765625,17.21875
2368931,10080513,CI.GSC.HHZ,1,down,3.375990390777588,1.4697265625,38.5625
2369091,11336658,CI.SWS.HHZ,0,up,2.3850977420806885,1.599609375,31.078125
2369238,10992477,AZ.TRO.HHZ,0,up,22.824609756469727,1.6904296875,14.2265625
2369380,10004305,CI.BOR.HHZ,0,up,16.146684646606445,1.1904296875,91.0
2369389,10745653,CI.HMT.EHZ,0,up,9.243453979492188,1.1396484375,39.125
2369621,14997332,PB.B084.EHZ,1,down,19.185056686401367,1.1796875,39.46875
2369816,10264137,AZ.FRD.HHZ,0,up,64.62738037109375,0.89013671875,14.46875
2369963,14243728,AZ.HWB.HHZ,0,up,2.423520803451538,1.240234375,91.875
2370107,10202809,CI.SBB.EHZ,1,down,3.583669900894165,1.490234375,89.125
2370522,14007960,AZ.LVA2.HHZ,1,down,113.88700103759766,1.2099609375,15.453125
2370926,14147200,AZ.FRD.HHZ,0,up,18.336633682250977,0.72998046875,23.640625
2371032,10148421,CI.PDU.HHZ,0,up,243.9872283935547,4.421875,80.375
2371053,14172436,CI.ERR.HHZ,0,up,1.851423978805542,1.23046875,22.59375
2371342,10344505,CI.YMD.EHZ,0,up,19.31137466430664,2.630859375,95.5
2371408,14204800,CI.YUH.EHZ,1,down,54.021724700927734,1.7802734375,8.5625
2371433,14160300,AZ.LVA2.HHZ,1,down,17.015357971191406,0.93017578125,19.1875
2371610,12455716,CI.MPM.HHZ,0,up,8.75207233428955,0.260009765625,24.453125
2371879,11364754,CI.DGR.HHZ,0,up,98.63493347167969,1.5302734375,30.796875
2372085,10997093,CI.PMD.HHZ,0,up,10.577995300292969,1.3896484375,77.4375
2372094,9132105,CI.TPM.EHZ,0,up,2.997737407684326,2.150390625,61.84375
2372137,9745177,CI.RMR.EHZ,1,down,41.1221809387207,2.4296875,48.53125
2372970,9808521,AZ.PFO.HHZ,1,down,6.601846694946289,1.1201171875,43.5625
2373179,9671821,CI.XMS.EHZ,0,up,12.201970100402832,2.140625,53.21875
2373395,15001684,PB.B086.EHZ,1,down,8.546464920043945,0.1099853515625,8.421875
2373503,13938592,CI.SGL.EHZ,1,down,22.04248809814453,3.220703125,110.25
2373714,9639933,CI.WRV.EHZ,1,down,16.781295776367188,1.25,6.171875
2374034,14519940,CI.WBS.HHZ,1,down,220.46859741210938,4.19921875,98.9375
2374285,14183628,CI.MPM.HHZ,0,up,4.608150959014893,1.0595703125,85.0
2374307,10837717,CI.LTC.EHZ,1,down,15.390869140625,2.080078125,64.1875
2374459,14155440,CI.WCS.EHZ,1,down,5.004279613494873,2.259765625,43.5
2374498,10787549,NP.5062.HLZ,1,down,13.566436767578125,1.669921875,4.8203125
2374635,14170880,CI.PLM.HHZ,0,up,10.170293807983398,0.419921875,17.3125
2375447,10348533,CI.DVT.HHZ,0,up,4.23940372467041,1.33984375,47.34375
2375676,14008120,CI.ABL.EHZ,1,down,27.800878524780273,1.599609375,41.34375
2375918,11003253,CI.SWS.HHZ,0,up,2.1800179481506348,1.3798828125,39.6875
2376021,10168053,CI.FRK.EHZ,0,up,4.1210551261901855,1.2998046875,80.4375
2376366,10296477,AZ.HWB.HHZ,1,down,16.924957275390625,1.599609375,51.28125
2376479,14887388,CI.CBK.EHZ,1,down,21.61773681640625,1.759765625,38.5625
2376536,15079636,PB.B087.EHZ,1,down,78.01876831054688,2.16015625,68.6875
2376568,9711481,CI.WSH.EHZ,1,down,4.911637306213379,1.1904296875,57.21875
2376605,9724121,CI.SME.EHZ,0,up,21.852237701416016,1.66015625,12.609375
2376927,14186956,CI.TEH.HHZ,0,up,7.149583339691162,1.169921875,62.90625
2377174,10593701,ZY.MLDN.EHZ,1,down,36.61791229248047,2.25,40.6875
2377656,10228573,CI.HMT.EHZ,0,up,47.790931701660156,1.3603515625,25.828125
2377732,15098612,CI.IKP.HHZ,1,down,221.71920776367188,1.23046875,16.046875
2377814,10892341,CI.CBK.EHZ,0,up,13.322440147399902,2.720703125,119.9375
2377961,14287320,CI.DSC.HHZ,1,down,6.729141712188721,1.51953125,76.3125
2378849,10186977,AZ.CRY.HHZ,1,down,90.63475036621094,2.349609375,75.125
2378907,14438056,CI.POB.EHZ,1,down,7.496464729309082,1.009765625,48.75
2379406,10656765,ZY.MLDN.EHZ,1,down,25.322879791259766,1.900390625,5.44140625
2379415,10672901,AZ.KNW.HHZ,1,down,5.570087909698486,0.89990234375,32.84375
2380235,10766517,CI.DNR.HHZ,0,up,15.298752784729004,0.5,8.1015625
2380763,14161036,CI.BOR.HHZ,1,down,16.826902389526367,1.3701171875,16.265625
2381185,10345185,PB.B087.EHZ,1,down,8.971132278442383,0.22998046875,14.8203125
2381189,11417474,CI.CRR.EHZ,0,up,6.6642351150512695,1.259765625,28.03125
2381192,14199560,AZ.WMC.HHZ,0,up,8.38739013671875,0.81982421875,15.078125
2381245,10860765,CI.TEH.HHZ,0,up,5.148638725280762,1.48046875,72.4375
2381526,10058669,CI.CCA.EHZ,0,up,5.586621284484863,1.740234375,62.4375
2381710,9944241,CI.DNR.HHZ,1,down,4.214683532714844,1.580078125,27.921875
2381774,10187709,AZ.FRD.HHZ,0,up,33.176300048828125,1.76953125,59.75
2383472,14212988,CI.SKY.EHZ,0,up,1.0654988288879395,1.0703125,34.65625
2383494,9144761,CI.TPM.EHZ,1,down,7.9561333656311035,1.5,25.296875
2384955,11280802,AZ.LVA2.HHZ,0,up,42.27358627319336,1.6796875,19.625
2385523,10150897,CI.WRC.EHZ,0,up,7.2846269607543945,1.0703125,26.484375
2385612,10837869,CI.ERP.EHZ,0,up,4.328734397888184,1.2802734375,11.0078125
2385652,11392906,AZ.FRD.HHZ,0,up,21.161659240722656,1.3095703125,52.84375
2385861,14998668,CI.TPC.EHZ,1,down,3.370762825012207,0.93017578125,64.25
2386417,10791597,CI.ERP.EHZ,1,down,36.83803939819336,1.51953125,13.859375
2386510,14257396,AZ.PFO.HHZ,0,up,9.835319519042969,1.2998046875,45.28125
2386662,10249353,AZ.FRD.HHZ,0,up,5.552416801452637,0.75,14.65625
2387105,10798557,AZ.FRD.HHZ,0,up,2.913409948348999,1.2802734375,23.875
2387589,11126394,PB.B084.EHZ,0,up,4.370814323425293,1.48046875,80.375
2387890,9826649,CI.WOR.EHZ,0,up,22.637794494628906,0.77001953125,21.421875
2388156,10006701,AZ.LVA2.HHZ,0,up,31.89930534362793,1.2900390625,48.34375
2388358,10296377,AZ.BZN.HHZ,0,up,6.253017902374268,0.77001953125,19.8125
2388533,14997116,PB.B084.EHZ,1,down,12.869485855102539,1.1103515625,39.1875
2388612,12880984,CI.EML.HHZ,0,up,1.9577070474624634,1.0,74.5
2389264,9984133,AZ.TRO.HHZ,1,down,91.60590362548828,1.2998046875,2.869140625
2389276,9170191,CI.WNM.EHZ,0,up,23.93343162536621,2.640625,104.875
2389464,14472032,AZ.HWB.HHZ,1,down,23.403282165527344,1.41015625,48.09375
2390158,11396202,EN.YOU.EHZ,1,down,26.48482322692871,1.419921875,2.3203125
2390323,10717093,CI.JRC2.HHZ,0,up,11.30799388885498,0.320068359375,11.9921875
2390477,11089882,AZ.BZN.HHZ,1,down,23.438634872436523,2.259765625,47.21875
2390493,10864957,CI.SDR.HHZ,0,up,44.49372863769531,2.349609375,62.34375
2390624,14135488,CI.BOR.HHZ,1,down,3.4901416301727295,0.919921875,18.265625
2390653,9159064,CI.OAT.EHZ,0,up,104.374267578125,1.849609375,6.12109375
2390756,10100021,CI.SGL.EHZ,0,up,16.403358459472656,1.9296875,44.53125
2390939,11396514,CI.PMD.HHZ,1,down,19.627235412597656,1.3603515625,51.625
2391236,14238808,AZ.FRD.HHZ,0,up,22.808874130249023,0.5,11.546875
2391966,9708729,CI.WLH.EHZ,0,up,330.2499084472656,3.0703125,38.375
2392009,10345637,CI.PLM.HHZ,1,down,4.686738967895508,0.5498046875,46.84375
2392015,14849020,AZ.BZN.HHZ,1,down,10.18276596069336,1.08984375,61.9375
2392294,10229973,CI.TAB.EHZ,0,up,1.3831695318222046,0.7099609375,21.90625
2392728,10285193,AZ.LVA2.HHZ,1,down,10.624704360961914,1.2197265625,89.1875
2393122,14149720,AZ.YAQ.HHZ,1,down,3.6543073654174805,0.7998046875,28.0625
2393162,14690908,ZY.MLDN.EHZ,1,down,13.23248291015625,2.439453125,35.1875
2393322,9990973,CI.SME.EHZ,1,down,9.170680046081543,1.259765625,26.453125
2393639,14154872,CI.ALV.EHZ,0,up,3.5694668292999268,1.7802734375,108.5
2393723,10261813,CI.TA2.HHZ,1,down,4.017607688903809,0.990234375,19.0625
2393750,9144020,CI.SIL.EHZ,0,up,133.9186553955078,2.220703125,6.6796875
2394863,13998032,CI.FRK.EHZ,1,down,7.652617931365967,1.580078125,26.015625
2394991,11283194,CI.WWC.HHZ,1,down,13.698668479919434,1.73046875,49.71875
2395104,14360284,AZ.KNW.HHZ,1,down,3.1851284503936768,0.43994140625,15.921875
2395221,10631029,ZY.MLDN.EHZ,0,up,8.811971664428711,1.4296875,4.03125
2395472,9163875,CI.WRV.EHZ,1,down,110.1283187866211,1.400390625,2.439453125
2395631,9974801,CI.SIP.EHZ,1,down,11.866705894470215,1.2998046875,18.625
2395859,13947188,CI.BAC.EHZ,0,up,21.36128807067871,1.2001953125,48.9375
2395959,14262352,CI.DTP.EHZ,0,up,4.506060600280762,1.5498046875,63.5625
2396050,13968864,CI.SIL.EHZ,1,down,57.44191360473633,1.740234375,3.98046875
2396271,11390810,CI.SAL.HHZ,1,down,80.03007507324219,2.009765625,6.37109375
2396515,10185101,CI.SRT.EHZ,0,up,9.044039726257324,0.740234375,14.2421875
2396535,14133284,AZ.LVA2.HHZ,1,down,6.183122158050537,0.7998046875,20.953125
2396753,9147300,CI.POB.EHZ,0,up,5.860803127288818,0.89990234375,23.59375
2396836,13946572,AZ.CRY.HHZ,0,up,30.14873504638672,2.359375,56.0625
2397172,11387322,PB.B084.EHZ,1,down,5.553356647491455,1.1298828125,80.4375
2398134,11034837,CI.TPO.EHZ,0,up,24.543071746826172,1.83984375,54.28125
2398604,7208162,CI.TOW.EHZ,0,up,3.9056217670440674,1.099609375,31.453125
2398746,9916613,CI.CBK.EHZ,0,up,333.4975891113281,2.1796875,4.3203125
2399248,10150621,CI.BAC.EHZ,1,down,11.44716739654541,1.2001953125,30.46875
2399602,10435433,AZ.KNW.HHZ,1,down,31.946392059326172,1.41015625,30.546875
2399705,10186977,AZ.RDM.HHZ,1,down,12.223950386047363,2.349609375,67.0
2400098,10168365,CI.WRC.EHZ,0,up,23.1590633392334,1.150390625,13.8125
2400122,9822733,CI.DTP.EHZ,1,down,5.50663948059082,1.1796875,39.15625
2400308,9773089,CI.BAC.EHZ,1,down,18.3054256439209,1.6796875,82.4375
2400324,9691253,CI.WOR.EHZ,1,down,4.012751579284668,1.51953125,49.21875
2400583,14520972,CI.WRV.EHZ,1,down,36.351749420166016,2.939453125,40.75
2401400,9746233,CI.SLA.HHZ,1,down,77.90201568603516,2.509765625,69.3125
2401475,9827121,CI.SNR.EHZ,0,up,10.349517822265625,1.73046875,70.9375
2402028,9656077,AZ.CRY.HHZ,0,up,17.138534545898438,2.109375,53.84375
2402147,9991369,AZ.FRD.HHZ,1,down,8.73398494720459,2.08984375,100.3125
2402646,10661117,BC.CBX.HHZ,0,up,9.330513000488281,2.060546875,89.5
2402961,9155583,CI.GRP.EHZ,0,up,11.790138244628906,1.5,62.34375
2403155,10964589,CI.POB.EHZ,1,down,11.42948055267334,0.97021484375,61.875
2403898,14334932,PB.B087.EHZ,0,up,22.136924743652344,1.099609375,28.421875
2404308,15102052,CI.MSC.HHZ,1,down,8.551614761352539,1.4697265625,45.125
2404789,10150029,CI.DRE.HHZ,0,up,92.93002319335938,3.150390625,59.625
2405125,9719937,AZ.RDM.HHZ,0,up,75.32752990722656,1.8603515625,28.265625
2405135,14442896,PB.B084.EHZ,1,down,6.971034049987793,1.0595703125,50.9375
2405193,9167313,CI.WIN.EHZ,0,up,43.709896087646484,1.58984375,27.46875
2405205,9143310,CI.BAC.EHZ,1,down,15.853629112243652,2.01953125,91.5
2405343,10044089,CI.LEO.EHZ,1,down,9.758492469787598,1.33984375,72.625
2405674,14064728,CI.WNM.EHZ,1,down,2.9472408294677734,1.25,28.21875
2405752,9152006,CI.RMR.EHZ,0,up,21.107526779174805,2.08984375,67.5
2405815,10067341,CI.HMT.EHZ,0,up,12.262069702148438,1.66015625,24.75
2406069,9641681,CI.TOW.EHZ,0,up,2.5262961387634277,1.6201171875,28.90625
2406288,9164114,CI.TPM.EHZ,1,down,109.98545837402344,1.4501953125,6.28125
2406777,9994557,CI.SLR.HHZ,1,down,26.550025939941406,1.8095703125,16.53125
2407051,10993493,CI.PEM.EHZ,1,down,11.549866676330566,1.2998046875,36.625
2407203,10929141,AZ.KNW.HHZ,1,down,16.416109085083008,1.080078125,38.03125
2407463,13937688,CI.BBR.HHZ,0,up,47.08433151245117,1.51953125,9.3125
2408147,15203905,EN.OBS.EHZ,1,down,3.025264024734497,1.48046875,19.796875
2408721,11071429,CI.JRC2.HHZ,0,up,35.54007339477539,1.759765625,52.96875
2409195,9706277,CI.BLC.EHZ,0,up,5.42700719833374,1.76953125,31.75
2409647,10995693,PB.B082.EHZ,0,up,9.472991943359375,0.340087890625,15.3515625
2409779,13913672,AZ.FRD.HHZ,1,down,14.894500732421875,1.4697265625,62.6875
2411169,11278106,CI.CHF.HHZ,0,up,43.386558532714844,1.9296875,55.96875
2411255,13942360,CI.CCA.EHZ,0,up,4.186615943908691,1.349609375,61.6875
2411305,10636109,ZY.WAGN.EHZ,0,up,14.660758018493652,1.2099609375,7.0390625
2411344,11413682,CI.POB.EHZ,1,down,5.236825942993164,1.259765625,67.4375
2411416,14434720,CI.SWS.HHZ,1,down,11.134861946105957,2.25,39.46875
2411756,14932532,CI.OSI.HHZ,1,down,4.094403266906738,1.9404296875,50.46875
2411771,14169600,CI.MPM.HHZ,0,up,8.844558715820312,0.280029296875,25.703125
2411871,9646573,NN.CAS.EHZ,0,up,121.15167236328125,2.3203125,42.84375
2411921,9989445,CI.WS2.EHZ,1,down,5.122225761413574,1.0400390625,45.15625
2412001,14092880,CI.RYS.EHZ,1,down,8.134625434875488,1.7197265625,15.03125
2412145,10207613,CI.CRR.EHZ,1,down,31.534528732299805,1.830078125,39.78125
2412165,14184332,CI.WRV.EHZ,0,up,9.23864459991455,0.5,23.453125
2412230,10721085,PB.B901.EHZ,0,up,42.67177200317383,1.830078125,20.046875
2412663,14197116,CI.PDU.HHZ,0,up,3.9647979736328125,2.23046875,44.0
2412935,11087690,CI.TOW.EHZ,0,up,3.5795881748199463,0.7900390625,24.890625
2413041,13947100,CI.GTM.EHZ,0,up,3.579533338546753,1.599609375,43.59375
2413184,14150512,CI.ISA.HHZ,0,up,4.306865692138672,2.060546875,77.8125
2413215,9150192,CI.DTP.EHZ,0,up,21.692943572998047,1.4697265625,19.8125
2413319,13688036,AZ.SND.HHZ,1,down,12.976627349853516,1.6796875,30.484375
2413419,13960404,CI.BAC.EHZ,0,up,4.8172101974487305,0.66015625,25.984375
2413512,9808837,CI.AGA.HHZ,0,up,32.34807586669922,3.0390625,111.75
2413872,9617789,CI.ARV.EHZ,1,down,21.635080337524414,1.5498046875,46.8125
2414522,10479229,PB.B087.EHZ,0,up,8.222497940063477,0.6298828125,28.890625
2414642,9970069,AZ.PFO.HHZ,1,down,34.35171127319336,1.599609375,22.90625
2414724,11338506,CI.DNR.HHZ,1,down,3.046464681625366,0.409912109375,18.515625
2414778,10999141,CI.WWP.EHZ,0,up,12.714235305786133,0.7900390625,32.3125
2414853,10006665,CI.EL2.EHZ,1,down,7.694635391235352,1.259765625,38.28125
2414894,14078740,CI.DVT.HHZ,0,up,5.4240946769714355,1.4697265625,26.21875
2414931,10497717,CI.SRT.EHZ,0,up,3.745388984680176,1.5400390625,80.4375
2415018,14256688,CI.MPM.HHZ,0,up,82.33148193359375,0.97021484375,12.9296875
2415224,10025729,CI.HMT.EHZ,0,up,13.272150993347168,2.55078125,108.8125
2415299,9677837,CI.MPM.HHZ,0,up,4.557952404022217,1.150390625,35.6875
2415448,10907549,CI.BAR.HHZ,0,up,18.899255752563477,1.7900390625,92.875
2415680,9982125,AZ.CRY.HHZ,0,up,40.357200622558594,1.25,16.046875
2416159,9153062,CI.WOF.EHZ,1,down,31.33464813232422,2.169921875,54.9375
2416289,9989105,CI.SHE.EHZ,0,up,5.185076713562012,2.189453125,72.75
2416542,10226421,CI.PLS.EHZ,0,up,9.424555778503418,1.7099609375,66.9375
2417453,9993689,CI.CCA.EHZ,0,up,27.551956176757812,2.029296875,33.71875
2417613,14599020,AZ.KNW.HHZ,1,down,15.654195785522461,1.16015625,52.0625
2417634,9148346,CI.PEM.EHZ,0,up,4.563488960266113,1.9501953125,83.6875
2417939,10319469,CI.TOR.HHZ,0,up,10.600516319274902,1.099609375,22.671875
2417969,14442152,PB.B093.EHZ,1,down,7.377314567565918,0.419921875,13.03125
2418065,12457016,CI.WES.HHZ,0,up,2.584625244140625,1.509765625,50.5
2418182,10168817,CI.RAG.EHZ,0,up,2.7268683910369873,0.990234375,47.3125
2418265,7198536,CI.TPM.EHZ,1,down,36.660362243652344,2.51953125,103.5
2418540,10262277,CI.LMR2.HHZ,0,up,40.9199333190918,1.5302734375,12.7421875
2419370,10770461,CI.TOR.HHZ,1,down,2.8826801776885986,1.0302734375,48.65625
2419632,10371997,CI.CCC.HHZ,1,down,5.536710262298584,1.330078125,48.5
2419882,14522388,CI.ISA.HHZ,1,down,15.36279582977295,2.060546875,98.5625
2419951,14087672,CI.HYS.EHZ,0,up,9.432526588439941,2.529296875,118.125
2420193,9929745,CI.WNM.EHZ,0,up,29.198915481567383,1.5,14.5625
2420360,13998500,CI.WLH.EHZ,1,down,205.3138427734375,2.060546875,8.0234375
2420945,10313373,CI.TPC.EHZ,0,up,132.4225616455078,2.94921875,111.25
2420993,14382688,AZ.KNW.HHZ,1,down,4.140902519226074,0.52001953125,13.0703125
2421016,10349273,AZ.FRD.HHZ,1,down,29.317785263061523,0.6298828125,7.1796875
2421417,10168261,CI.TOW.EHZ,1,down,4.167346000671387,1.150390625,31.46875
2421480,14380368,CI.BOR.HHZ,1,down,13.972177505493164,1.2001953125,24.4375
2421572,9969881,CI.YEG.EHZ,0,up,107.48896026611328,3.0703125,90.6875
2421752,10535581,CI.WRC.EHZ,1,down,8.762049674987793,0.91015625,15.109375
2422684,10825445,CI.JRC2.HHZ,0,up,11.195416450500488,0.77001953125,15.7890625
2422867,9715369,CI.ELS.EHZ,0,up,10.157811164855957,1.5595703125,62.09375
2422875,10478741,CI.DVT.HHZ,0,up,13.597230911254883,3.419921875,60.90625
2422974,13939456,CI.CRN.EHZ,0,up,5.327454090118408,3.630859375,82.0625
2423333,14008532,CI.WOF.EHZ,0,up,29.775585174560547,1.0,15.203125
2423367,10330173,CI.PMD.HHZ,0,up,5.394919395446777,0.81982421875,30.46875
2423747,14247728,CI.RMM.EHZ,1,down,17.17204475402832,2.150390625,31.046875
2423846,14117004,CI.WRC.EHZ,1,down,26.112483978271484,1.2001953125,14.140625
2423922,10862005,CI.MSC.HHZ,1,down,109.28242492675781,1.7001953125,7.51953125
2424306,9651081,CI.WCS.EHZ,1,down,4.549153804779053,1.919921875,10.8515625
2424406,10248217,CI.MUR.HHZ,0,up,4.821146488189697,2.330078125,77.6875
2424736,10727341,EN.ENG.EHZ,0,up,3.758779525756836,2.2890625,103.75
2425123,9172141,CI.SBK.EHZ,0,up,6.773115158081055,1.9296875,56.875
2425610,9880513,CI.TEJ.EHZ,0,up,231.6201629638672,1.3896484375,9.5390625
2425780,10964373,CI.LUG.HHZ,1,down,17.12790298461914,1.5498046875,19.171875
2426046,14435824,CI.CTW.EHZ,1,down,3.6783642768859863,1.7900390625,45.71875
2426217,14277736,PB.B081.EHZ,0,up,76.60289764404297,2.150390625,43.34375
2426293,10931189,PB.B093.EHZ,1,down,23.202829360961914,1.3896484375,61.3125
2426372,10775221,CI.YUH.EHZ,0,up,178.181396484375,1.5302734375,4.91015625
2426510,10987029,NN.QSM.EHZ,0,up,173.56295776367188,1.349609375,23.703125
2426838,9167497,CI.YUH.EHZ,0,up,29.193321228027344,2.3203125,61.875
2426841,9141408,CI.WRC.EHZ,1,down,107.2999496459961,1.83984375,13.6015625
2426991,10994677,CI.BTL.EHZ,0,up,47.50886917114258,1.0302734375,16.734375
2427308,14148104,AZ.LVA2.HHZ,1,down,15.149185180664062,0.75,13.3984375
2427507,9152974,CI.RMR.EHZ,1,down,18.62136459350586,1.2998046875,16.265625
2427570,15114945,EN.OBS.EHZ,1,down,8.226728439331055,1.1396484375,4.5
2427715,14254204,CI.BAT.EHZ,0,up,2.306791305541992,1.240234375,34.65625
2427947,10319445,CI.POB.EHZ,0,up,70.46544647216797,1.2197265625,9.6328125
2427954,11388466,CI.TEH.HHZ,1,down,88.68170928955078,1.2001953125,25.84375
2428319,9635797,CI.XMS.EHZ,0,up,4.35881233215332,2.060546875,65.375
2428322,10529437,CI.CLI.EHZ,0,up,3.6019997596740723,0.60009765625,8.328125
2428685,14138908,CI.PLT.EHZ,0,up,27.75896644592285,2.859375,71.8125
2428737,9886925,AZ.SND.HHZ,1,down,67.7027816772461,1.66015625,13.71875
2429133,10912949,NP.5442.HLZ,0,up,4.03623104095459,1.2900390625,8.359375
2429453,10900917,AZ.CRY.HHZ,1,down,28.026185989379883,1.26953125,42.3125
2431308,14255152,CI.SLR.HHZ,1,down,5.206906318664551,1.349609375,40.5625
2431495,10869549,CI.CBK.EHZ,1,down,63.7508544921875,1.8798828125,12.6015625
2431757,10861605,AZ.PFO.HHZ,1,down,3.7038733959198,0.830078125,48.9375
2431790,14352312,CI.SLA.HHZ,1,down,72.03873443603516,1.669921875,10.6875
2431846,14207072,CI.PMD.HHZ,0,up,7.576208591461182,1.400390625,19.84375
2433048,11323738,CI.PMD.HHZ,0,up,6.065645217895508,0.409912109375,17.953125
2433465,9675497,CI.JRC.HHZ,0,up,18.819019317626953,1.580078125,8.15625
2433727,13938664,AZ.WMC.HHZ,0,up,6.747237205505371,1.5,10.7890625
2433825,10869813,CI.SLA.HHZ,0,up,3.1919281482696533,1.5,46.875
2433940,11406842,PB.B082.EHZ,0,up,83.92642211914062,1.5498046875,19.3125
2434078,9857113,CI.BBR.HHZ,1,down,38.46718215942383,2.2109375,24.234375
2434634,9676605,CI.WCS.EHZ,0,up,4.545809268951416,1.26953125,10.6171875
2434985,9830997,CI.JVA.HHZ,0,up,5.968727111816406,0.7099609375,14.2109375
2435113,10526757,CI.JRC2.HHZ,0,up,81.29045867919922,0.8701171875,5.828125
2435455,14990260,PB.B093.EHZ,1,down,31.95415496826172,0.740234375,12.3203125
2435556,11079490,CI.WRV.EHZ,1,down,37.069149017333984,1.240234375,8.5234375
2435793,9989585,CI.SKY.EHZ,1,down,22.265579223632812,1.5400390625,41.28125
2436073,10593061,CI.GLA.HHZ,0,up,7.536294460296631,2.01953125,96.25
2436642,14595780,AZ.BZN.HHZ,1,down,110.72704315185547,3.44921875,102.8125
2437256,9720413,CI.PLM.HHZ,0,up,15.683573722839355,1.4599609375,35.4375
2437532,14183700,CI.HOL.EHZ,0,up,14.238157272338867,1.6201171875,50.90625
2437791,13951188,CI.DNR.HHZ,1,down,6.519116401672363,1.509765625,42.125
2437983,9984153,CI.WWP.EHZ,0,up,6.492153167724609,2.30078125,116.5
2438001,14843836,CI.WMF.EHZ,1,down,8.446734428405762,2.2890625,83.8125
2438059,12487524,CI.IR2.EHZ,0,up,3.834977865219116,1.080078125,25.046875
2438196,14505740,CI.CCA.EHZ,1,down,11.36214828491211,2.51953125,114.375
2438541,11086762,CI.YUH.EHZ,0,up,41.76338577270508,1.099609375,24.453125
2438770,9148518,CI.WOF.EHZ,0,up,126.14920806884766,1.8896484375,25.203125
2438972,9152487,CI.WAS.EHZ,0,up,3.4898808002471924,1.580078125,41.375
2439590,10096501,CI.SPF.HHZ,0,up,44.27951431274414,2.91015625,82.1875
2439881,9168828,CI.DAN.HHZ,0,up,13.561163902282715,1.98046875,82.9375
2440013,14221396,AZ.HWB.HHZ,1,down,14.080193519592285,2.169921875,116.9375
2440178,10789389,CI.YMD.EHZ,1,down,10.943707466125488,2.7890625,80.375
2440330,11052341,PB.B918.EHZ,0,up,13.670820236206055,0.9501953125,38.5
2440428,10236185,CI.HYS.EHZ,1,down,15.572600364685059,2.69921875,77.5
2441607,9141175,CI.GTM.EHZ,1,down,3.8704657554626465,1.400390625,41.0
2441733,11000661,AZ.CRY.HHZ,0,up,47.19429016113281,1.26953125,38.21875
2442038,10406249,PB.B087.EHZ,0,up,14.925017356872559,1.48046875,61.75
2442445,10790405,PG.ML.EHZ,0,up,65.18231964111328,2.19921875,28.9375
2442536,9155351,CI.TPM.EHZ,1,down,140.90199279785156,1.849609375,13.828125
2442646,10185850,CI.CRR.EHZ,1,down,16.130699157714844,1.41015625,18.25
2442733,15150505,PB.B082.EHZ,1,down,8.936894416809082,0.39990234375,13.5234375
2443118,10370753,CI.PLM.HHZ,1,down,37.34599304199219,1.3701171875,47.15625
2444293,10495445,CI.JRC2.HHZ,0,up,35.44413757324219,0.81982421875,13.7109375
2444659,14162648,CI.TEJ.EHZ,0,up,10.494236946105957,1.8203125,17.125
2444734,9773441,CI.MIR.EHZ,0,up,4.381590843200684,1.759765625,70.0625
2445111,10146377,CI.TJR.EHZ,0,up,14.44282341003418,1.3701171875,26.375
2445251,10265577,CI.JNH.EHZ,0,up,51.10863494873047,2.140625,102.1875
2445546,10493357,CI.RIN.HHZ,0,up,38.109588623046875,2.009765625,9.2109375
2445692,12779432,AZ.RDM.HHZ,1,down,22.94635009765625,1.5,27.734375
2446174,9168792,CI.DTP.EHZ,0,up,35.863372802734375,1.51953125,20.09375
2446449,14091828,CI.WMF.EHZ,0,up,2.4345951080322266,0.97021484375,13.140625
2447220,13563520,CI.OAK.EHZ,0,up,4.929176330566406,1.759765625,58.0625
2447314,14890996,CI.MGE.HHZ,1,down,5.112562656402588,2.240234375,37.875
2447362,11275970,EN.RED.EHZ,1,down,17.915307998657227,0.5,2.189453125
2447589,14984900,CI.PMD.HHZ,1,down,9.623642921447754,1.1904296875,51.6875
2447594,14027340,CI.CLC.HHZ,0,up,17.09583854675293,1.599609375,77.125
2448386,14940580,CI.CFT.EHZ,1,down,7.178609848022461,0.93994140625,1.98046875
2448477,10168133,CI.WLT.HHZ,1,down,24.994831085205078,2.939453125,23.65625
2448770,9159125,CI.WBM.EHZ,0,up,3.253274440765381,1.4599609375,83.125
2448833,10862381,AZ.CRY.HHZ,1,down,95.47877502441406,2.51953125,53.4375
2449314,10036117,CI.RXH.HHZ,0,up,88.17743682861328,2.439453125,1.9404296875
2449337,9172913,CI.HYS.EHZ,0,up,20.253276824951172,1.740234375,81.0
2449447,11126418,CI.RMR.EHZ,1,down,156.02615356445312,1.919921875,9.0234375
2449704,10059061,CI.RMR.EHZ,1,down,141.01100158691406,1.6796875,41.59375
2450063,9881349,AZ.PFO.HHZ,0,up,7.692575454711914,1.2001953125,24.796875
2450270,12883912,CI.GRP.EHZ,0,up,13.538474082946777,2.310546875,93.375
2450338,13944756,CI.RAY.EHZ,1,down,35.82935333251953,1.8095703125,31.703125
2450670,9169776,CI.FRK.EHZ,1,down,26.74199867248535,1.509765625,8.5625
2450701,10408737,CI.WRC.EHZ,0,up,52.30190658569336,1.150390625,11.1171875
2450745,9830757,CI.BLA.HHZ,0,up,3.346484422683716,1.009765625,26.8125
2450926,13999484,CI.PSP.EHZ,1,down,3.056161403656006,1.419921875,29.203125
2451296,10179729,CI.TPM.EHZ,1,down,14.006426811218262,1.849609375,39.46875
2451322,10787173,CI.DPP.HHZ,0,up,5.7804107666015625,0.9501953125,64.3125
2451359,9755153,CI.LUG.HHZ,0,up,3.366321325302124,2.009765625,55.3125
2451576,14213624,CI.PMD.HHZ,0,up,5.337907791137695,0.93017578125,30.296875
2451980,11080682,PG.EC.EHZ,1,down,26.308523178100586,1.5703125,25.984375
2452060,14602204,AZ.BZN.HHZ,1,down,17.811424255371094,1.400390625,62.375
2452364,9171891,CI.ERP.EHZ,0,up,7.041968822479248,1.599609375,26.75
2452412,15085012,AZ.SND.HHZ,1,down,14.881108283996582,0.7900390625,28.234375
2452573,9162835,CI.BTL.EHZ,1,down,60.03551483154297,2.91015625,86.4375
2452576,13909508,WR.CSP.EHZ,1,down,20.270963668823242,2.58984375,37.28125
2452614,10094773,AZ.TRO.HHZ,1,down,26.053855895996094,2.939453125,77.9375
2452672,10169749,CI.HEC.HHZ,1,down,14.079048156738281,1.6298828125,41.5
2452675,9678353,CI.WWP.EHZ,1,down,5.456334114074707,1.0,34.0625
2453009,14564324,PB.B093.EHZ,1,down,12.629337310791016,1.349609375,71.375
2453656,15181769,PB.B087.EHZ,1,down,2.5575759410858154,0.85009765625,59.15625
2453714,9716849,CI.WHF.EHZ,0,up,8.410030364990234,1.7998046875,44.875
2454169,10094393,CI.TOW.EHZ,0,up,12.933683395385742,1.1396484375,27.84375
2454427,10484653,CI.WCS.EHZ,1,down,23.707225799560547,1.3701171875,3.7109375
2454515,9667761,CI.STG.HHZ,1,down,73.70427703857422,2.75,20.1875
2454820,9735389,AZ.PFO.HHZ,1,down,4.594080448150635,0.89990234375,10.7421875
2455799,9155665,CI.WVP.EHZ,0,up,420.09918212890625,2.73046875,20.875
2456008,9644721,CI.WOF.EHZ,0,up,36.89826583862305,2.66015625,60.3125
2456265,10987109,AZ.CRY.HHZ,1,down,22.156490325927734,0.39990234375,9.03125
2456791,10755669,AZ.KNW.HHZ,1,down,23.76685333251953,1.3701171875,28.90625
2456891,10222629,AZ.PFO.HHZ,0,up,8.380247116088867,0.580078125,19.265625
2457036,10824045,AZ.KNW.HHZ,1,down,5.29375696182251,0.93017578125,27.71875
2457184,14383884,CI.SGL.EHZ,1,down,1.5443519353866577,1.7197265625,22.703125
2457503,9138984,CI.CBK.EHZ,1,down,49.3343391418457,2.5,36.0
2457537,14430928,CI.PEM.EHZ,1,down,10.488993644714355,1.75,46.40625
2457756,10216033,CI.PLM.HHZ,0,up,3.8588407039642334,0.47998046875,31.15625
2458028,10661637,PB.B093.EHZ,1,down,6.179062843322754,0.7099609375,8.046875
2458090,11242410,CI.WNM.EHZ,1,down,3.345492124557495,0.409912109375,15.640625
2459559,14200168,CI.TJR.EHZ,1,down,66.57152557373047,2.48046875,46.59375
2459632,10527653,CI.TOW.EHZ,0,up,9.592979431152344,1.2900390625,25.71875
2459883,10597445,ZY.GVBC.HHZ,0,up,3.02063250541687,1.990234375,77.375
2461003,13295440,CI.MIR.EHZ,1,down,6.5520339012146,1.7900390625,30.09375
2461340,9141445,CI.TPM.EHZ,1,down,7.2897114753723145,1.5,39.375
2462428,13944448,AZ.LVA2.HHZ,0,up,36.12764358520508,1.4501953125,20.9375
2462443,14567140,CI.YMD.EHZ,1,down,55.15886688232422,2.109375,67.8125
2462530,13944104,CI.SRT.EHZ,0,up,2.113342761993408,1.0,32.9375
2462722,12883628,CI.WRV.EHZ,0,up,86.91635131835938,2.33984375,37.5625
2463867,11377634,CI.SAL.HHZ,0,up,10.842329978942871,1.3798828125,30.6875
2463967,9854257,CI.DNR.HHZ,0,up,4.635663986206055,1.2001953125,8.421875
2464560,14237956,CI.BAT.EHZ,0,up,2.094212293624878,1.51953125,26.59375
2464624,14220900,CI.RMR.EHZ,1,down,17.79513168334961,2.0,65.125
2464660,10892013,CI.CJV.EHZ,0,up,4.918386936187744,1.0,23.375
2464741,13974920,CI.WVP.EHZ,0,up,10.061722755432129,1.2099609375,17.515625
2464838,11389482,CI.SVD.HHZ,0,up,6.883108615875244,2.130859375,16.671875
2465223,10767477,AZ.PFO.HHZ,1,down,2.7724835872650146,0.389892578125,26.515625
2465338,13087436,CI.CLC.EHZ,0,up,3.9291646480560303,1.0,34.71875
2465796,11337266,CI.TOR.HHZ,0,up,12.82165813446045,1.1103515625,20.4375
2466384,11082082,AZ.PFO.HHZ,1,down,12.530983924865723,0.64990234375,17.65625
2466513,9691977,CI.WWP.EHZ,1,down,6.934142112731934,1.2001953125,3.73046875
2467230,9999137,CI.PLM.HHZ,0,up,8.340641021728516,0.75,35.5625
2468154,9642929,CI.JRC.HHZ,1,down,21.22233009338379,2.5,3.75
2468719,9744421,CI.WES.HHZ,1,down,11.397747993469238,3.41015625,83.75
2468737,14242104,CI.BLA.HHZ,1,down,24.507282257080078,2.73046875,58.5
2469084,11638592,NN.CHS.EHZ,1,down,45.582664489746094,1.669921875,14.8984375
2469087,15010740,AZ.LVA2.HHZ,1,down,8.449531555175781,1.099609375,56.90625
2469715,9688709,CI.WAS.EHZ,1,down,85.45958709716797,3.619140625,67.1875
2470083,9132242,CI.RMR.EHZ,1,down,5.325282096862793,2.25,56.375
2470296,14156332,AZ.KNW.HHZ,0,up,67.80596923828125,2.009765625,47.0625
2470706,11079410,ZY.COON.EHZ,0,up,6.085209369659424,1.16015625,25.8125
2471039,9646037,CI.PASA.HHZ,0,up,6.182879447937012,2.779296875,42.4375
2471130,10405817,CI.PLM.HHZ,0,up,17.301645278930664,1.1904296875,37.21875
2471531,10255077,CI.SLR.HHZ,1,down,8.648433685302734,0.89013671875,10.09375
2471545,14277408,CI.MPM.HHZ,1,down,53.56689453125,2.0390625,83.5
2471845,10151077,CI.TPM.EHZ,1,down,46.13212585449219,1.1201171875,6.3515625
2472599,10222217,CI.CAP.HHZ,0,up,19.416353225708008,2.5,68.9375
2472624,10206565,CI.WGR.HHZ,0,up,12.60825252532959,1.7802734375,53.4375
2472737,10148605,CI.BBR.HHZ,1,down,40.90919876098633,2.91015625,30.53125
2472850,14025348,CI.MGE.HHZ,1,down,10.970977783203125,2.650390625,39.875
2473009,14213240,CI.CBK.EHZ,0,up,17.480737686157227,1.5498046875,34.78125
2473176,9666741,CI.BLK.EHZ,0,up,20.479578018188477,1.91015625,88.5
2474875,10544749,CI.DGR.HHZ,1,down,58.030799865722656,1.8203125,79.5625
2474994,14334304,CI.TOW.EHZ,1,down,26.745548248291016,0.8798828125,7.9609375
2475555,10179325,CI.BAL.EHZ,1,down,36.96451187133789,2.080078125,28.265625
2475631,14179212,CI.WMF.EHZ,1,down,4.520782470703125,0.85986328125,79.75
2475662,9659717,AZ.BZN.HHZ,1,down,4.817241668701172,2.400390625,74.8125
2475979,10769653,AZ.KNW.HHZ,1,down,66.4994888305664,1.419921875,32.40625
2476283,14098772,CI.WRV.EHZ,1,down,8.760612487792969,1.25,10.078125
2476351,14219408,CI.WOR.EHZ,0,up,11.702820777893066,1.3896484375,59.21875
2476382,14437944,CI.SWS.HHZ,1,down,2.648690938949585,1.3203125,27.34375
2476818,10793381,CI.TOW.EHZ,1,down,4.164625644683838,1.1904296875,17.703125
2476986,10860757,CI.BAR.HHZ,0,up,16.45881462097168,1.3798828125,44.28125
2477280,9653841,CI.WHV.EHZ,0,up,17.0057315826416,1.400390625,12.7421875
2477299,10602829,ZY.USG.EHZ,1,down,250.8055419921875,2.630859375,8.8125
2477691,10231081,AZ.TRO.HHZ,0,up,13.285918235778809,1.669921875,29.65625
2477835,10095529,CI.GOR.HHZ,0,up,47.34682846069336,2.220703125,70.375
2478732,10180657,AZ.RDM.HHZ,0,up,142.43972778320312,1.98046875,8.03125
2478857,9171622,CI.TPC.EHZ,1,down,48.80010986328125,1.8896484375,26.140625
2478937,14248296,CI.BTC.HHZ,0,up,5.074934005737305,1.9599609375,45.84375
2479120,11081410,CI.MSC.HHZ,0,up,25.090688705444336,1.4404296875,46.84375
2479528,10313709,AZ.BZN.HHZ,1,down,6.007001876831055,0.97998046875,28.578125
2479548,14196776,CI.JRC2.HHZ,1,down,137.15501403808594,1.0595703125,6.19140625
2479969,10789221,CI.BAR.HHZ,0,up,25.855300903320312,1.3603515625,68.4375
2480170,9722593,CI.SAL.HHZ,0,up,11.164436340332031,1.2998046875,26.8125
2480431,14595476,CI.ISA.HHZ,1,down,23.274049758911133,2.580078125,69.5
2480683,10298593,CI.DNR.HHZ,0,up,29.312898635864258,1.509765625,13.75
2480955,14200016,CI.WSH.EHZ,1,down,14.536458015441895,1.099609375,52.9375
2480959,10627541,CI.TEH.HHZ,1,down,528.2403564453125,1.7802734375,22.515625
2481019,11331698,CI.BLK.EHZ,0,up,16.012001037597656,1.48046875,42.1875
2481039,9159252,CI.HOL.EHZ,1,down,9.600967407226562,1.650390625,71.4375
2481512,10410945,AZ.SND.HHZ,0,up,23.328824996948242,1.98046875,63.34375
2481609,11397122,CI.WWC.HHZ,0,up,10.187845230102539,1.1396484375,22.96875
2481889,10824677,CI.CLC.HHZ,1,down,7.11039924621582,0.31005859375,29.125
2482043,10255549,CI.JRC2.HHZ,0,up,31.44661521911621,1.4296875,32.6875
2482058,14006628,CI.CBK.EHZ,0,up,14.168394088745117,1.1796875,22.625
2482337,11065533,PB.B093.EHZ,0,up,47.21261978149414,0.8798828125,12.046875
2483196,10782669,AZ.FRD.HHZ,0,up,4.733960151672363,0.9501953125,59.28125
2483280,9168185,CI.WOF.EHZ,1,down,347.45782470703125,2.359375,27.3125
2483342,11207338,CI.DNR.HHZ,0,up,3.423086404800415,0.9501953125,62.0625
2483539,14196780,AZ.RDM.HHZ,0,up,14.696335792541504,1.4404296875,41.25
2483555,10532781,PB.B918.EHZ,0,up,43.67051696777344,1.150390625,26.015625
2483803,12279512,CI.SIL.EHZ,0,up,3.8868160247802734,1.2802734375,34.59375
2483971,13946488,CI.TPM.EHZ,1,down,10.022314071655273,0.97998046875,34.75
2484157,14334912,AZ.PFO.HHZ,0,up,19.342086791992188,0.7998046875,30.125
2484369,14168784,AZ.YAQ.HHZ,1,down,26.83964729309082,1.01953125,18.71875
2485057,10541813,CI.DTP.EHZ,0,up,33.40021514892578,2.029296875,68.0
2485361,10096753,CI.MPM.HHZ,0,up,2.1244425773620605,0.60009765625,27.59375
2485428,13973816,CI.AGA.HHZ,1,down,14.931863784790039,1.0,17.46875
2485563,9152691,CI.RAG.EHZ,1,down,9.285140991210938,1.5,27.625
2485759,10168129,CI.CHF.HHZ,1,down,5.8698296546936035,1.400390625,102.5625
2486113,14962044,CI.YUH.EHZ,1,down,5.186971664428711,1.3203125,55.71875
2486222,9802993,CI.WOF.EHZ,1,down,6.6659440994262695,0.97998046875,97.0625
2486436,14219604,CI.LRL.HHZ,0,up,3.111327886581421,1.490234375,87.6875
2486498,9753437,CI.WNM.EHZ,1,down,4.61929178237915,0.72021484375,20.125
2486654,14870860,PB.B084.EHZ,1,down,476.60723876953125,3.880859375,98.875
2486764,10544149,CI.CLC.HHZ,0,up,8.663217544555664,1.0,38.3125
2486845,10267313,CI.CRR.EHZ,1,down,269.2492370605469,2.33984375,25.34375
2487251,9773265,CI.SLA.HHZ,0,up,1.0200384855270386,0.66015625,37.625
2487253,15205065,EN.ENG.EHZ,1,down,9.249835968017578,1.3896484375,20.515625
2487505,11672460,CI.FRG.EHZ,1,down,60.94888687133789,2.9609375,103.3125
2487842,10256689,CI.WSH.EHZ,1,down,6.856261730194092,1.2001953125,43.875
2488084,10483541,CI.WWC.HHZ,0,up,29.309858322143555,2.369140625,46.28125
2488112,15115321,EN.HAT.EHZ,1,down,196.05014038085938,1.9501953125,2.76953125
2488279,9700213,CI.WRV.EHZ,1,down,32.92531967163086,1.8896484375,3.470703125
2488428,10533941,NC.MCV.EHZ,0,up,245.5823516845703,2.30078125,10.328125
2488851,9132137,CI.THC.EHZ,1,down,6.212646961212158,1.099609375,18.078125
2488880,10437265,PB.B081.EHZ,0,up,2.101321220397949,0.919921875,58.0
2489104,9716453,CI.WMF.EHZ,1,down,64.26741027832031,0.7001953125,6.4296875
2489768,10081525,AZ.KNW.HHZ,0,up,5.873618125915527,1.400390625,40.40625
2489778,14201920,CI.TEJ.EHZ,1,down,3.4992573261260986,1.51953125,54.4375
2489818,13936556,CI.HOL.EHZ,1,down,9.943359375,1.41015625,93.6875
2490622,13938332,CI.BTL.EHZ,0,up,66.32716369628906,1.2998046875,15.640625
2490828,14215828,AZ.PFO.HHZ,1,down,8.422830581665039,0.419921875,13.1875
2491172,14621300,CI.EMS.EHZ,1,down,15.115690231323242,2.5703125,64.875
2491468,14524116,PB.B082.EHZ,1,down,4.696869850158691,0.7900390625,48.03125
2491541,9147519,CI.DBM.EHZ,0,up,14.375555038452148,2.220703125,61.96875
2492028,10545621,AZ.WMC.HHZ,0,up,10.989697456359863,1.099609375,39.21875
2492085,9160379,CI.GTM.EHZ,0,up,12.04718017578125,1.6201171875,41.4375
2492305,9646589,CI.DTP.EHZ,1,down,237.38621520996094,3.509765625,84.25
2492809,9773781,CI.WSS.HHZ,1,down,4.59503698348999,1.6298828125,12.7890625
2492998,14088356,CI.WSH.EHZ,0,up,60.500877380371094,1.169921875,29.3125
2493181,15138577,PB.B093.EHZ,1,down,28.99427032470703,1.73046875,77.8125
2493484,10183685,WR.PEC.EHZ,0,up,19.408109664916992,3.240234375,20.828125
2493640,10993845,CI.TPC.EHZ,0,up,23.61808204650879,1.4404296875,68.8125
2493669,12887524,CI.PLS.HHZ,1,down,4.575305938720703,1.66015625,43.53125
2493894,10724325,CI.MPM.HHZ,0,up,4.986451625823975,0.280029296875,36.375
