sample_index,pseudo_label,pseudo_label_name,source_status,sample_weight
1,0,cluster_A,retain,1.0
2,0,cluster_A,downweight,0.3499999940395355
3,1,cluster_B,downweight,0.3499999940395355
4,0,cluster_A,downweight,0.3499999940395355
5,0,cluster_A,downweight,0.3499999940395355
6,1,cluster_B,downweight,0.3499999940395355
7,0,cluster_A,retain,1.0
8,1,cluster_B,downweight,0.3499999940395355
9,0,cluster_A,retain,1.0
10,1,cluster_B,retain,1.0
11,1,cluster_B,retain,1.0
12,1,cluster_B,downweight,0.3499999940395355
13,1,cluster_B,retain,1.0
14,1,cluster_B,downweight,0.3499999940395355
15,1,cluster_B,downweight,0.3499999940395355
16,0,cluster_A,retain,1.0
17,1,cluster_B,retain,1.0
18,1,cluster_B,retain,1.0
19,1,cluster_B,downweight,0.3499999940395355
20,0,cluster_A,retain,1.0
21,0,cluster_A,retain,1.0
22,0,cluster_A,downweight,0.3499999940395355
23,0,cluster_A,downweight,0.3499999940395355
24,0,cluster_A,downweight,0.3499999940395355
25,1,cluster_B,downweight,0.3499999940395355
26,0,cluster_A,retain,1.0
27,0,cluster_A,downweight,0.3499999940395355
28,1,cluster_B,retain,1.0
29,0,cluster_A,downweight,0.3499999940395355
30,1,cluster_B,retain,1.0
31,0,cluster_A,retain,1.0
32,1,cluster_B,retain,1.0
33,0,cluster_A,downweight,0.3499999940395355
34,1,cluster_B,retain,1.0
35,1,cluster_B,retain,1.0
36,1,cluster_B,retain,1.0
37,0,cluster_A,retain,1.0
38,1,cluster_B,retain,1.0
39,1,cluster_B,downweight,0.3499999940395355
40,1,cluster_B,retain,1.0
41,1,cluster_B,retain,1.0
42,1,cluster_B,downweight,0.3499999940395355
43,1,cluster_B,downweight,0.3499999940395355
44,0,cluster_A,retain,1.0
45,1,cluster_B,downweight,0.3499999940395355
46,1,cluster_B,downweight,0.3499999940395355
47,1,cluster_B,downweight,0.3499999940395355
48,1,cluster_B,retain,1.0
49,1,cluster_B,downweight,0.3499999940395355
50,0,cluster_A,retain,1.0
51,1,cluster_B,downweight,0.3499999940395355
52,0,cluster_A,downweight,0.3499999940395355
53,0,cluster_A,downweight,0.3499999940395355
54,0,cluster_A,retain,1.0
55,1,cluster_B,retain,1.0
56,1,cluster_B,downweight,0.3499999940395355
57,0,cluster_A,downweight,0.3499999940395355
58,0,cluster_A,retain,1.0
59,0,cluster_A,downweight,0.3499999940395355
60,1,cluster_B,downweight,0.3499999940395355
61,1,cluster_B,downweight,0.3499999940395355
62,1,cluster_B,downweight,0.3499999940395355
63,0,cluster_A,retain,1.0
64,1,cluster_B,downweight,0.3499999940395355
65,0,cluster_A,downweight,0.3499999940395355
66,0,cluster_A,downweight,0.3499999940395355
67,1,cluster_B,retain,1.0
68,0,cluster_A,retain,1.0
69,0,cluster_A,retain,1.0
70,0,cluster_A,downweight,0.3499999940395355
71,0,cluster_A,downweight,0.3499999940395355
72,1,cluster_B,downweight,0.3499999940395355
73,0,cluster_A,retain,1.0
74,1,cluster_B,retain,1.0
75,0,cluster_A,downweight,0.3499999940395355
76,1,cluster_B,downweight,0.3499999940395355
77,0,cluster_A,downweight,0.3499999940395355
78,1,cluster_B,downweight,0.3499999940395355
79,1,cluster_B,retain,1.0
80,1,cluster_B,retain,1.0
81,1,cluster_B,downweight,0.3499999940395355
82,1,cluster_B,retain,1.0
83,1,cluster_B,downweight,0.3499999940395355
84,0,cluster_A,downweight,0.3499999940395355
85,0,cluster_A,downweight,0.3499999940395355
86,1,cluster_B,downweight,0.3499999940395355
87,1,cluster_B,downweight,0.3499999940395355
88,1,cluster_B,retain,1.0
89,0,cluster_A,downweight,0.3499999940395355
90,1,cluster_B,retain,1.0
91,1,cluster_B,downweight,0.3499999940395355
92,1,cluster_B,downweight,0.3499999940395355
93,0,cluster_A,retain,1.0
94,0,cluster_A,downweight,0.3499999940395355
95,0,cluster_A,retain,1.0
96,0,cluster_A,downweight,0.3499999940395355
97,1,cluster_B,downweight,0.3499999940395355
98,0,cluster_A,downweight,0.3499999940395355
99,0,cluster_A,downweight,0.3499999940395355
100,1,cluster_B,downweight,0.3499999940395355
101,0,cluster_A,retain,1.0
102,1,cluster_B,downweight,0.3499999940395355
103,1,cluster_B,downweight,0.3499999940395355
104,1,cluster_B,retain,1.0
105,1,cluster_B,retain,1.0
106,0,cluster_A,downweight,0.3499999940395355
107,1,cluster_B,downweight,0.3499999940395355
108,1,cluster_B,retain,1.0
109,1,cluster_B,retain,1.0
110,0,cluster_A,retain,1.0
111,1,cluster_B,downweight,0.3499999940395355
112,0,cluster_A,downweight,0.3499999940395355
113,0,cluster_A,downweight,0.3499999940395355
114,1,cluster_B,retain,1.0
115,1,cluster_B,retain,1.0
116,0,cluster_A,retain,1.0
117,1,cluster_B,downweight,0.3499999940395355
118,1,cluster_B,retain,1.0
119,1,cluster_B,retain,1.0
120,0,cluster_A,downweight,0.3499999940395355
121,1,cluster_B,retain,1.0
122,0,cluster_A,retain,1.0
123,0,cluster_A,downweight,0.3499999940395355
124,1,cluster_B,downweight,0.3499999940395355
125,0,cluster_A,retain,1.0
126,0,cluster_A,retain,1.0
127,0,cluster_A,downweight,0.3499999940395355
128,0,cluster_A,retain,1.0
129,1,cluster_B,downweight,0.3499999940395355
130,1,cluster_B,downweight,0.3499999940395355
131,0,cluster_A,downweight,0.3499999940395355
132,0,cluster_A,downweight,0.3499999940395355
133,0,cluster_A,downweight,0.3499999940395355
134,1,cluster_B,retain,1.0
135,0,cluster_A,retain,1.0
136,0,cluster_A,retain,1.0
137,0,cluster_A,downweight,0.3499999940395355
138,0,cluster_A,downweight,0.3499999940395355
139,0,cluster_A,retain,1.0
140,1,cluster_B,downweight,0.3499999940395355
141,1,cluster_B,retain,1.0
142,0,cluster_A,downweight,0.3499999940395355
143,0,cluster_A,retain,1.0
144,0,cluster_A,downweight,0.3499999940395355
145,0,cluster_A,downweight,0.3499999940395355
146,1,cluster_B,downweight,0.3499999940395355
147,1,cluster_B,retain,1.0
148,0,cluster_A,retain,1.0
149,1,cluster_B,downweight,0.3499999940395355
150,0,cluster_A,retain,1.0
151,0,cluster_A,downweight,0.3499999940395355
152,1,cluster_B,retain,1.0
153,1,cluster_B,retain,1.0
154,0,cluster_A,downweight,0.3499999940395355
155,1,cluster_B,downweight,0.3499999940395355
156,0,cluster_A,downweight,0.3499999940395355
157,1,cluster_B,downweight,0.3499999940395355
158,0,cluster_A,downweight,0.3499999940395355
159,1,cluster_B,downweight,0.3499999940395355
160,0,cluster_A,retain,1.0
161,1,cluster_B,downweight,0.3499999940395355
162,1,cluster_B,downweight,0.3499999940395355
163,1,cluster_B,retain,1.0
164,1,cluster_B,downweight,0.3499999940395355
165,0,cluster_A,downweight,0.3499999940395355
166,1,cluster_B,downweight,0.3499999940395355
167,1,cluster_B,downweight,0.3499999940395355
168,0,cluster_A,downweight,0.3499999940395355
169,0,cluster_A,downweight,0.3499999940395355
170,0,cluster_A,retain,1.0
171,0,cluster_A,retain,1.0
172,0,cluster_A,retain,1.0
173,0,cluster_A,retain,1.0
174,0,cluster_A,downweight,0.3499999940395355
175,0,cluster_A,downweight,0.3499999940395355
176,1,cluster_B,retain,1.0
177,1,cluster_B,retain,1.0
178,0,cluster_A,retain,1.0
179,0,cluster_A,downweight,0.3499999940395355
180,1,cluster_B,downweight,0.3499999940395355
181,1,cluster_B,retain,1.0
182,0,cluster_A,retain,1.0
183,0,cluster_A,downweight,0.3499999940395355
184,0,cluster_A,retain,1.0
185,1,cluster_B,downweight,0.3499999940395355
186,0,cluster_A,downweight,0.3499999940395355
187,1,cluster_B,downweight,0.3499999940395355
188,0,cluster_A,retain,1.0
189,0,cluster_A,downweight,0.3499999940395355
190,0,cluster_A,downweight,0.3499999940395355
191,0,cluster_A,downweight,0.3499999940395355
192,0,cluster_A,retain,1.0
193,0,cluster_A,retain,1.0
194,0,cluster_A,downweight,0.3499999940395355
195,0,cluster_A,retain,1.0
196,0,cluster_A,downweight,0.3499999940395355
197,0,cluster_A,downweight,0.3499999940395355
198,0,cluster_A,retain,1.0
199,0,cluster_A,retain,1.0
200,1,cluster_B,retain,1.0
201,1,cluster_B,downweight,0.3499999940395355
202,0,cluster_A,retain,1.0
203,0,cluster_A,retain,1.0
204,0,cluster_A,downweight,0.3499999940395355
205,1,cluster_B,downweight,0.3499999940395355
206,1,cluster_B,retain,1.0
207,0,cluster_A,downweight,0.3499999940395355
208,1,cluster_B,retain,1.0
209,0,cluster_A,downweight,0.3499999940395355
210,0,cluster_A,downweight,0.3499999940395355
211,1,cluster_B,retain,1.0
212,1,cluster_B,downweight,0.3499999940395355
213,0,cluster_A,downweight,0.3499999940395355
214,1,cluster_B,retain,1.0
215,1,cluster_B,downweight,0.3499999940395355
216,1,cluster_B,downweight,0.3499999940395355
217,1,cluster_B,downweight,0.3499999940395355
218,1,cluster_B,downweight,0.3499999940395355
219,0,cluster_A,downweight,0.3499999940395355
220,0,cluster_A,retain,1.0
221,0,cluster_A,downweight,0.3499999940395355
222,1,cluster_B,retain,1.0
223,0,cluster_A,retain,1.0
224,1,cluster_B,downweight,0.3499999940395355
225,1,cluster_B,downweight,0.3499999940395355
226,0,cluster_A,retain,1.0
227,0,cluster_A,downweight,0.3499999940395355
228,1,cluster_B,downweight,0.3499999940395355
229,1,cluster_B,downweight,0.3499999940395355
230,0,cluster_A,downweight,0.3499999940395355
231,1,cluster_B,downweight,0.3499999940395355
232,1,cluster_B,downweight,0.3499999940395355
233,1,cluster_B,retain,1.0
234,1,cluster_B,downweight,0.3499999940395355
235,1,cluster_B,downweight,0.3499999940395355
236,0,cluster_A,retain,1.0
237,1,cluster_B,downweight,0.3499999940395355
238,0,cluster_A,retain,1.0
239,0,cluster_A,retain,1.0
240,0,cluster_A,downweight,0.3499999940395355
241,0,cluster_A,retain,1.0
242,1,cluster_B,retain,1.0
243,0,cluster_A,retain,1.0
244,1,cluster_B,downweight,0.3499999940395355
245,0,cluster_A,retain,1.0
246,1,cluster_B,downweight,0.3499999940395355
247,1,cluster_B,downweight,0.3499999940395355
248,1,cluster_B,downweight,0.3499999940395355
249,1,cluster_B,retain,1.0
250,1,cluster_B,retain,1.0
251,1,cluster_B,downweight,0.3499999940395355
252,1,cluster_B,retain,1.0
253,0,cluster_A,retain,1.0
254,1,cluster_B,downweight,0.3499999940395355
255,1,cluster_B,downweight,0.3499999940395355
256,0,cluster_A,downweight,0.3499999940395355
257,0,cluster_A,downweight,0.3499999940395355
258,1,cluster_B,retain,1.0
259,1,cluster_B,downweight,0.3499999940395355
260,1,cluster_B,downweight,0.3499999940395355
261,1,cluster_B,downweight,0.3499999940395355
262,0,cluster_A,retain,1.0
263,1,cluster_B,retain,1.0
264,0,cluster_A,retain,1.0
265,1,cluster_B,retain,1.0
266,1,cluster_B,downweight,0.3499999940395355
267,1,cluster_B,downweight,0.3499999940395355
268,0,cluster_A,retain,1.0
269,0,cluster_A,retain,1.0
270,1,cluster_B,retain,1.0
271,0,cluster_A,retain,1.0
272,0,cluster_A,retain,1.0
273,0,cluster_A,retain,1.0
274,1,cluster_B,downweight,0.3499999940395355
275,0,cluster_A,downweight,0.3499999940395355
276,1,cluster_B,retain,1.0
277,1,cluster_B,retain,1.0
278,0,cluster_A,downweight,0.3499999940395355
279,0,cluster_A,downweight,0.3499999940395355
280,1,cluster_B,downweight,0.3499999940395355
281,1,cluster_B,retain,1.0
282,0,cluster_A,downweight,0.3499999940395355
283,1,cluster_B,downweight,0.3499999940395355
284,1,cluster_B,downweight,0.3499999940395355
285,1,cluster_B,retain,1.0
286,0,cluster_A,retain,1.0
287,0,cluster_A,retain,1.0
288,1,cluster_B,retain,1.0
289,0,cluster_A,downweight,0.3499999940395355
290,1,cluster_B,downweight,0.3499999940395355
291,1,cluster_B,retain,1.0
292,0,cluster_A,downweight,0.3499999940395355
293,0,cluster_A,downweight,0.3499999940395355
294,0,cluster_A,retain,1.0
295,1,cluster_B,retain,1.0
296,1,cluster_B,retain,1.0
297,1,cluster_B,retain,1.0
298,1,cluster_B,downweight,0.3499999940395355
299,0,cluster_A,downweight,0.3499999940395355
300,0,cluster_A,downweight,0.3499999940395355
301,1,cluster_B,retain,1.0
302,1,cluster_B,downweight,0.3499999940395355
303,1,cluster_B,retain,1.0
304,0,cluster_A,downweight,0.3499999940395355
305,0,cluster_A,downweight,0.3499999940395355
306,0,cluster_A,downweight,0.3499999940395355
307,0,cluster_A,retain,1.0
308,0,cluster_A,retain,1.0
309,0,cluster_A,downweight,0.3499999940395355
310,0,cluster_A,downweight,0.3499999940395355
311,0,cluster_A,downweight,0.3499999940395355
312,0,cluster_A,retain,1.0
313,1,cluster_B,downweight,0.3499999940395355
314,1,cluster_B,downweight,0.3499999940395355
315,0,cluster_A,retain,1.0
316,1,cluster_B,downweight,0.3499999940395355
317,0,cluster_A,downweight,0.3499999940395355
318,0,cluster_A,downweight,0.3499999940395355
319,0,cluster_A,retain,1.0
320,0,cluster_A,downweight,0.3499999940395355
321,1,cluster_B,downweight,0.3499999940395355
322,0,cluster_A,retain,1.0
323,1,cluster_B,downweight,0.3499999940395355
324,1,cluster_B,retain,1.0
325,1,cluster_B,retain,1.0
326,1,cluster_B,downweight,0.3499999940395355
327,1,cluster_B,downweight,0.3499999940395355
328,1,cluster_B,downweight,0.3499999940395355
329,1,cluster_B,downweight,0.3499999940395355
330,0,cluster_A,downweight,0.3499999940395355
331,0,cluster_A,downweight,0.3499999940395355
332,0,cluster_A,retain,1.0
333,1,cluster_B,retain,1.0
334,0,cluster_A,retain,1.0
335,0,cluster_A,downweight,0.3499999940395355
336,0,cluster_A,downweight,0.3499999940395355
337,0,cluster_A,downweight,0.3499999940395355
338,0,cluster_A,retain,1.0
339,1,cluster_B,retain,1.0
340,0,cluster_A,retain,1.0
341,1,cluster_B,downweight,0.3499999940395355
342,1,cluster_B,retain,1.0
343,1,cluster_B,downweight,0.3499999940395355
344,1,cluster_B,retain,1.0
345,0,cluster_A,downweight,0.3499999940395355
346,0,cluster_A,retain,1.0
347,0,cluster_A,downweight,0.3499999940395355
348,1,cluster_B,downweight,0.3499999940395355
349,1,cluster_B,downweight,0.3499999940395355
350,0,cluster_A,retain,1.0
351,1,cluster_B,downweight,0.3499999940395355
352,1,cluster_B,retain,1.0
353,1,cluster_B,retain,1.0
354,1,cluster_B,retain,1.0
355,1,cluster_B,downweight,0.3499999940395355
356,1,cluster_B,downweight,0.3499999940395355
357,1,cluster_B,downweight,0.3499999940395355
359,1,cluster_B,downweight,0.3499999940395355
360,0,cluster_A,downweight,0.3499999940395355
361,0,cluster_A,retain,1.0
362,1,cluster_B,downweight,0.3499999940395355
363,1,cluster_B,downweight,0.3499999940395355
364,1,cluster_B,downweight,0.3499999940395355
365,0,cluster_A,retain,1.0
366,1,cluster_B,downweight,0.3499999940395355
367,1,cluster_B,downweight,0.3499999940395355
368,1,cluster_B,downweight,0.3499999940395355
369,1,cluster_B,retain,1.0
370,0,cluster_A,downweight,0.3499999940395355
371,0,cluster_A,retain,1.0
372,0,cluster_A,downweight,0.3499999940395355
373,1,cluster_B,downweight,0.3499999940395355
374,0,cluster_A,downweight,0.3499999940395355
375,0,cluster_A,retain,1.0
376,1,cluster_B,retain,1.0
377,0,cluster_A,retain,1.0
378,0,cluster_A,retain,1.0
379,1,cluster_B,retain,1.0
380,0,cluster_A,downweight,0.3499999940395355
381,0,cluster_A,downweight,0.3499999940395355
382,1,cluster_B,downweight,0.3499999940395355
383,1,cluster_B,retain,1.0
384,0,cluster_A,downweight,0.3499999940395355
385,0,cluster_A,retain,1.0
386,1,cluster_B,retain,1.0
387,0,cluster_A,retain,1.0
388,1,cluster_B,retain,1.0
389,0,cluster_A,downweight,0.3499999940395355
390,0,cluster_A,retain,1.0
391,0,cluster_A,downweight,0.3499999940395355
392,1,cluster_B,retain,1.0
393,0,cluster_A,downweight,0.3499999940395355
394,0,cluster_A,retain,1.0
395,0,cluster_A,downweight,0.3499999940395355
396,1,cluster_B,retain,1.0
397,0,cluster_A,retain,1.0
398,0,cluster_A,retain,1.0
399,1,cluster_B,retain,1.0
400,1,cluster_B,retain,1.0
401,0,cluster_A,downweight,0.3499999940395355
402,1,cluster_B,downweight,0.3499999940395355
403,1,cluster_B,downweight,0.3499999940395355
404,1,cluster_B,downweight,0.3499999940395355
405,1,cluster_B,downweight,0.3499999940395355
406,1,cluster_B,downweight,0.3499999940395355
408,0,cluster_A,retain,1.0
409,1,cluster_B,downweight,0.3499999940395355
410,0,cluster_A,downweight,0.3499999940395355
411,0,cluster_A,downweight,0.3499999940395355
412,0,cluster_A,retain,1.0
413,1,cluster_B,downweight,0.3499999940395355
414,1,cluster_B,downweight,0.3499999940395355
415,0,cluster_A,retain,1.0
416,1,cluster_B,retain,1.0
417,0,cluster_A,retain,1.0
418,1,cluster_B,downweight,0.3499999940395355
419,0,cluster_A,downweight,0.3499999940395355
420,1,cluster_B,downweight,0.3499999940395355
421,0,cluster_A,downweight,0.3499999940395355
422,1,cluster_B,downweight,0.3499999940395355
423,0,cluster_A,retain,1.0
425,0,cluster_A,downweight,0.3499999940395355
426,1,cluster_B,retain,1.0
427,0,cluster_A,retain,1.0
428,1,cluster_B,downweight,0.3499999940395355
429,0,cluster_A,downweight,0.3499999940395355
430,1,cluster_B,downweight,0.3499999940395355
431,0,cluster_A,downweight,0.3499999940395355
432,1,cluster_B,downweight,0.3499999940395355
433,1,cluster_B,downweight,0.3499999940395355
434,1,cluster_B,downweight,0.3499999940395355
435,0,cluster_A,downweight,0.3499999940395355
436,0,cluster_A,downweight,0.3499999940395355
437,1,cluster_B,downweight,0.3499999940395355
438,0,cluster_A,downweight,0.3499999940395355
439,0,cluster_A,downweight,0.3499999940395355
440,1,cluster_B,downweight,0.3499999940395355
441,0,cluster_A,downweight,0.3499999940395355
442,0,cluster_A,retain,1.0
443,1,cluster_B,downweight,0.3499999940395355
444,1,cluster_B,retain,1.0
445,1,cluster_B,downweight,0.3499999940395355
446,1,cluster_B,downweight,0.3499999940395355
447,1,cluster_B,downweight,0.3499999940395355
448,0,cluster_A,downweight,0.3499999940395355
449,0,cluster_A,retain,1.0
450,0,cluster_A,downweight,0.3499999940395355
451,1,cluster_B,downweight,0.3499999940395355
452,1,cluster_B,downweight,0.3499999940395355
453,0,cluster_A,downweight,0.3499999940395355
454,0,cluster_A,downweight,0.3499999940395355
455,1,cluster_B,retain,1.0
456,1,cluster_B,retain,1.0
457,0,cluster_A,downweight,0.3499999940395355
458,1,cluster_B,retain,1.0
459,1,cluster_B,downweight,0.3499999940395355
460,0,cluster_A,retain,1.0
461,1,cluster_B,downweight,0.3499999940395355
462,0,cluster_A,downweight,0.3499999940395355
463,0,cluster_A,downweight,0.3499999940395355
464,1,cluster_B,downweight,0.3499999940395355
465,1,cluster_B,downweight,0.3499999940395355
466,1,cluster_B,retain,1.0
467,1,cluster_B,downweight,0.3499999940395355
468,1,cluster_B,downweight,0.3499999940395355
469,1,cluster_B,retain,1.0
470,0,cluster_A,downweight,0.3499999940395355
471,0,cluster_A,downweight,0.3499999940395355
472,1,cluster_B,downweight,0.3499999940395355
473,0,cluster_A,downweight,0.3499999940395355
474,0,cluster_A,downweight,0.3499999940395355
475,0,cluster_A,retain,1.0
476,1,cluster_B,downweight,0.3499999940395355
477,1,cluster_B,downweight,0.3499999940395355
478,0,cluster_A,downweight,0.3499999940395355
479,1,cluster_B,downweight,0.3499999940395355
480,1,cluster_B,downweight,0.3499999940395355
481,1,cluster_B,retain,1.0
482,0,cluster_A,retain,1.0
483,1,cluster_B,retain,1.0
484,1,cluster_B,retain,1.0
485,0,cluster_A,downweight,0.3499999940395355
486,1,cluster_B,retain,1.0
487,0,cluster_A,downweight,0.3499999940395355
488,1,cluster_B,downweight,0.3499999940395355
489,1,cluster_B,downweight,0.3499999940395355
490,1,cluster_B,downweight,0.3499999940395355
491,0,cluster_A,downweight,0.3499999940395355
492,1,cluster_B,downweight,0.3499999940395355
493,0,cluster_A,downweight,0.3499999940395355
494,1,cluster_B,downweight,0.3499999940395355
495,0,cluster_A,downweight,0.3499999940395355
496,0,cluster_A,downweight,0.3499999940395355
497,0,cluster_A,downweight,0.3499999940395355
498,0,cluster_A,downweight,0.3499999940395355
499,1,cluster_B,retain,1.0
500,0,cluster_A,retain,1.0
501,1,cluster_B,downweight,0.3499999940395355
502,0,cluster_A,retain,1.0
503,1,cluster_B,downweight,0.3499999940395355
504,1,cluster_B,downweight,0.3499999940395355
505,1,cluster_B,retain,1.0
506,0,cluster_A,retain,1.0
507,0,cluster_A,retain,1.0
508,0,cluster_A,retain,1.0
509,1,cluster_B,retain,1.0
510,0,cluster_A,retain,1.0
511,1,cluster_B,retain,1.0
512,1,cluster_B,retain,1.0
513,1,cluster_B,retain,1.0
514,0,cluster_A,retain,1.0
515,0,cluster_A,downweight,0.3499999940395355
516,1,cluster_B,retain,1.0
517,0,cluster_A,downweight,0.3499999940395355
518,0,cluster_A,downweight,0.3499999940395355
519,1,cluster_B,downweight,0.3499999940395355
520,0,cluster_A,retain,1.0
521,1,cluster_B,retain,1.0
522,1,cluster_B,retain,1.0
523,0,cluster_A,retain,1.0
524,0,cluster_A,retain,1.0
525,0,cluster_A,downweight,0.3499999940395355
526,0,cluster_A,retain,1.0
527,0,cluster_A,downweight,0.3499999940395355
528,1,cluster_B,downweight,0.3499999940395355
529,0,cluster_A,downweight,0.3499999940395355
530,0,cluster_A,downweight,0.3499999940395355
531,1,cluster_B,downweight,0.3499999940395355
532,1,cluster_B,downweight,0.3499999940395355
533,0,cluster_A,downweight,0.3499999940395355
534,0,cluster_A,downweight,0.3499999940395355
535,1,cluster_B,downweight,0.3499999940395355
536,0,cluster_A,retain,1.0
537,0,cluster_A,retain,1.0
538,0,cluster_A,downweight,0.3499999940395355
539,1,cluster_B,downweight,0.3499999940395355
540,1,cluster_B,retain,1.0
541,1,cluster_B,retain,1.0
542,1,cluster_B,retain,1.0
543,1,cluster_B,downweight,0.3499999940395355
544,1,cluster_B,downweight,0.3499999940395355
545,1,cluster_B,retain,1.0
546,1,cluster_B,retain,1.0
547,1,cluster_B,retain,1.0
549,1,cluster_B,downweight,0.3499999940395355
550,1,cluster_B,downweight,0.3499999940395355
551,1,cluster_B,retain,1.0
552,0,cluster_A,downweight,0.3499999940395355
553,0,cluster_A,retain,1.0
554,0,cluster_A,retain,1.0
555,0,cluster_A,downweight,0.3499999940395355
556,1,cluster_B,downweight,0.3499999940395355
557,1,cluster_B,retain,1.0
558,0,cluster_A,retain,1.0
559,0,cluster_A,downweight,0.3499999940395355
560,0,cluster_A,retain,1.0
561,0,cluster_A,downweight,0.3499999940395355
563,1,cluster_B,downweight,0.3499999940395355
564,0,cluster_A,downweight,0.3499999940395355
565,1,cluster_B,downweight,0.3499999940395355
566,1,cluster_B,downweight,0.3499999940395355
567,0,cluster_A,downweight,0.3499999940395355
568,1,cluster_B,retain,1.0
569,1,cluster_B,downweight,0.3499999940395355
570,1,cluster_B,retain,1.0
571,1,cluster_B,retain,1.0
572,1,cluster_B,retain,1.0
573,1,cluster_B,downweight,0.3499999940395355
574,0,cluster_A,downweight,0.3499999940395355
575,0,cluster_A,downweight,0.3499999940395355
576,0,cluster_A,downweight,0.3499999940395355
577,1,cluster_B,retain,1.0
578,1,cluster_B,downweight,0.3499999940395355
579,0,cluster_A,downweight,0.3499999940395355
580,0,cluster_A,retain,1.0
581,1,cluster_B,downweight,0.3499999940395355
582,1,cluster_B,retain,1.0
583,0,cluster_A,downweight,0.3499999940395355
584,1,cluster_B,retain,1.0
585,0,cluster_A,downweight,0.3499999940395355
586,1,cluster_B,downweight,0.3499999940395355
587,0,cluster_A,downweight,0.3499999940395355
588,1,cluster_B,downweight,0.3499999940395355
589,0,cluster_A,downweight,0.3499999940395355
590,1,cluster_B,downweight,0.3499999940395355
591,0,cluster_A,retain,1.0
593,0,cluster_A,downweight,0.3499999940395355
594,1,cluster_B,retain,1.0
595,0,cluster_A,retain,1.0
596,1,cluster_B,downweight,0.3499999940395355
597,1,cluster_B,retain,1.0
598,0,cluster_A,downweight,0.3499999940395355
599,1,cluster_B,downweight,0.3499999940395355
600,0,cluster_A,retain,1.0
601,1,cluster_B,retain,1.0
602,1,cluster_B,downweight,0.3499999940395355
603,1,cluster_B,retain,1.0
604,0,cluster_A,downweight,0.3499999940395355
606,0,cluster_A,downweight,0.3499999940395355
607,1,cluster_B,downweight,0.3499999940395355
608,1,cluster_B,retain,1.0
609,0,cluster_A,downweight,0.3499999940395355
610,1,cluster_B,downweight,0.3499999940395355
611,1,cluster_B,retain,1.0
612,1,cluster_B,retain,1.0
613,0,cluster_A,retain,1.0
614,1,cluster_B,downweight,0.3499999940395355
615,1,cluster_B,downweight,0.3499999940395355
616,1,cluster_B,retain,1.0
617,0,cluster_A,downweight,0.3499999940395355
618,0,cluster_A,downweight,0.3499999940395355
619,1,cluster_B,retain,1.0
620,0,cluster_A,downweight,0.3499999940395355
621,1,cluster_B,retain,1.0
622,0,cluster_A,downweight,0.3499999940395355
623,0,cluster_A,downweight,0.3499999940395355
624,0,cluster_A,downweight,0.3499999940395355
625,1,cluster_B,downweight,0.3499999940395355
626,0,cluster_A,retain,1.0
627,1,cluster_B,retain,1.0
628,0,cluster_A,downweight,0.3499999940395355
629,0,cluster_A,downweight,0.3499999940395355
630,0,cluster_A,downweight,0.3499999940395355
631,1,cluster_B,retain,1.0
632,0,cluster_A,downweight,0.3499999940395355
633,0,cluster_A,downweight,0.3499999940395355
634,0,cluster_A,retain,1.0
635,0,cluster_A,downweight,0.3499999940395355
636,0,cluster_A,retain,1.0
637,0,cluster_A,downweight,0.3499999940395355
638,0,cluster_A,downweight,0.3499999940395355
639,0,cluster_A,retain,1.0
640,1,cluster_B,retain,1.0
641,1,cluster_B,downweight,0.3499999940395355
642,1,cluster_B,retain,1.0
643,0,cluster_A,downweight,0.3499999940395355
644,0,cluster_A,downweight,0.3499999940395355
645,0,cluster_A,retain,1.0
646,1,cluster_B,retain,1.0
647,0,cluster_A,downweight,0.3499999940395355
648,0,cluster_A,retain,1.0
649,1,cluster_B,retain,1.0
650,0,cluster_A,downweight,0.3499999940395355
651,0,cluster_A,retain,1.0
652,1,cluster_B,downweight,0.3499999940395355
653,1,cluster_B,downweight,0.3499999940395355
654,1,cluster_B,retain,1.0
655,0,cluster_A,downweight,0.3499999940395355
656,0,cluster_A,downweight,0.3499999940395355
657,1,cluster_B,downweight,0.3499999940395355
658,1,cluster_B,downweight,0.3499999940395355
659,0,cluster_A,retain,1.0
660,1,cluster_B,downweight,0.3499999940395355
661,1,cluster_B,downweight,0.3499999940395355
662,0,cluster_A,retain,1.0
663,0,cluster_A,downweight,0.3499999940395355
664,1,cluster_B,downweight,0.3499999940395355
665,0,cluster_A,downweight,0.3499999940395355
666,1,cluster_B,downweight,0.3499999940395355
667,0,cluster_A,retain,1.0
668,1,cluster_B,downweight,0.3499999940395355
669,1,cluster_B,retain,1.0
670,1,cluster_B,downweight,0.3499999940395355
671,1,cluster_B,retain,1.0
672,0,cluster_A,retain,1.0
673,0,cluster_A,downweight,0.3499999940395355
674,1,cluster_B,retain,1.0
675,0,cluster_A,retain,1.0
676,0,cluster_A,downweight,0.3499999940395355
677,0,cluster_A,retain,1.0
678,1,cluster_B,retain,1.0
679,1,cluster_B,downweight,0.3499999940395355
680,1,cluster_B,downweight,0.3499999940395355
681,1,cluster_B,retain,1.0
682,0,cluster_A,downweight,0.3499999940395355
683,1,cluster_B,downweight,0.3499999940395355
684,1,cluster_B,downweight,0.3499999940395355
685,0,cluster_A,retain,1.0
686,0,cluster_A,downweight,0.3499999940395355
687,0,cluster_A,downweight,0.3499999940395355
688,0,cluster_A,downweight,0.3499999940395355
689,1,cluster_B,retain,1.0
690,1,cluster_B,downweight,0.3499999940395355
691,1,cluster_B,downweight,0.3499999940395355
692,0,cluster_A,downweight,0.3499999940395355
693,1,cluster_B,retain,1.0
694,1,cluster_B,downweight,0.3499999940395355
695,0,cluster_A,retain,1.0
696,0,cluster_A,downweight,0.3499999940395355
697,0,cluster_A,retain,1.0
698,1,cluster_B,retain,1.0
699,1,cluster_B,retain,1.0
700,1,cluster_B,downweight,0.3499999940395355
701,1,cluster_B,retain,1.0
702,1,cluster_B,retain,1.0
703,1,cluster_B,retain,1.0
704,1,cluster_B,downweight,0.3499999940395355
705,1,cluster_B,retain,1.0
706,0,cluster_A,downweight,0.3499999940395355
707,1,cluster_B,retain,1.0
708,0,cluster_A,downweight,0.3499999940395355
709,1,cluster_B,downweight,0.3499999940395355
710,1,cluster_B,downweight,0.3499999940395355
711,0,cluster_A,downweight,0.3499999940395355
712,1,cluster_B,retain,1.0
713,0,cluster_A,downweight,0.3499999940395355
714,0,cluster_A,downweight,0.3499999940395355
715,0,cluster_A,downweight,0.3499999940395355
716,1,cluster_B,downweight,0.3499999940395355
717,0,cluster_A,retain,1.0
718,0,cluster_A,retain,1.0
719,1,cluster_B,downweight,0.3499999940395355
720,1,cluster_B,retain,1.0
721,1,cluster_B,downweight,0.3499999940395355
722,1,cluster_B,downweight,0.3499999940395355
723,0,cluster_A,downweight,0.3499999940395355
724,1,cluster_B,downweight,0.3499999940395355
725,0,cluster_A,retain,1.0
726,1,cluster_B,downweight,0.3499999940395355
727,1,cluster_B,downweight,0.3499999940395355
728,1,cluster_B,downweight,0.3499999940395355
729,0,cluster_A,downweight,0.3499999940395355
730,0,cluster_A,downweight,0.3499999940395355
731,0,cluster_A,downweight,0.3499999940395355
732,0,cluster_A,downweight,0.3499999940395355
733,0,cluster_A,retain,1.0
734,0,cluster_A,retain,1.0
735,0,cluster_A,downweight,0.3499999940395355
736,1,cluster_B,downweight,0.3499999940395355
737,0,cluster_A,retain,1.0
738,1,cluster_B,downweight,0.3499999940395355
739,1,cluster_B,downweight,0.3499999940395355
740,1,cluster_B,downweight,0.3499999940395355
741,1,cluster_B,retain,1.0
742,0,cluster_A,retain,1.0
743,1,cluster_B,downweight,0.3499999940395355
744,0,cluster_A,downweight,0.3499999940395355
745,0,cluster_A,retain,1.0
746,1,cluster_B,downweight,0.3499999940395355
747,0,cluster_A,downweight,0.3499999940395355
748,1,cluster_B,downweight,0.3499999940395355
749,0,cluster_A,retain,1.0
750,1,cluster_B,retain,1.0
751,1,cluster_B,downweight,0.3499999940395355
752,1,cluster_B,downweight,0.3499999940395355
753,0,cluster_A,downweight,0.3499999940395355
754,1,cluster_B,downweight,0.3499999940395355
755,0,cluster_A,retain,1.0
756,1,cluster_B,downweight,0.3499999940395355
757,0,cluster_A,downweight,0.3499999940395355
758,1,cluster_B,downweight,0.3499999940395355
759,0,cluster_A,retain,1.0
760,0,cluster_A,downweight,0.3499999940395355
761,1,cluster_B,retain,1.0
762,1,cluster_B,downweight,0.3499999940395355
763,0,cluster_A,retain,1.0
764,1,cluster_B,retain,1.0
765,1,cluster_B,downweight,0.3499999940395355
766,1,cluster_B,downweight,0.3499999940395355
767,0,cluster_A,retain,1.0
768,1,cluster_B,retain,1.0
769,0,cluster_A,retain,1.0
770,0,cluster_A,downweight,0.3499999940395355
771,1,cluster_B,downweight,0.3499999940395355
772,0,cluster_A,downweight,0.3499999940395355
773,1,cluster_B,retain,1.0
774,0,cluster_A,retain,1.0
775,1,cluster_B,retain,1.0
776,1,cluster_B,retain,1.0
777,0,cluster_A,retain,1.0
778,0,cluster_A,retain,1.0
779,1,cluster_B,retain,1.0
780,1,cluster_B,downweight,0.3499999940395355
781,0,cluster_A,retain,1.0
782,1,cluster_B,downweight,0.3499999940395355
783,0,cluster_A,downweight,0.3499999940395355
784,0,cluster_A,retain,1.0
785,1,cluster_B,downweight,0.3499999940395355
786,0,cluster_A,downweight,0.3499999940395355
787,1,cluster_B,downweight,0.3499999940395355
788,0,cluster_A,retain,1.0
789,0,cluster_A,downweight,0.3499999940395355
790,0,cluster_A,downweight,0.3499999940395355
791,0,cluster_A,downweight,0.3499999940395355
792,0,cluster_A,retain,1.0
793,1,cluster_B,downweight,0.3499999940395355
794,1,cluster_B,downweight,0.3499999940395355
795,0,cluster_A,downweight,0.3499999940395355
796,1,cluster_B,retain,1.0
797,1,cluster_B,downweight,0.3499999940395355
798,1,cluster_B,retain,1.0
799,0,cluster_A,retain,1.0
800,1,cluster_B,downweight,0.3499999940395355
801,1,cluster_B,retain,1.0
802,0,cluster_A,retain,1.0
803,1,cluster_B,retain,1.0
804,1,cluster_B,retain,1.0
805,0,cluster_A,downweight,0.3499999940395355
806,1,cluster_B,downweight,0.3499999940395355
807,1,cluster_B,retain,1.0
808,1,cluster_B,downweight,0.3499999940395355
809,0,cluster_A,downweight,0.3499999940395355
810,0,cluster_A,downweight,0.3499999940395355
811,0,cluster_A,downweight,0.3499999940395355
812,0,cluster_A,downweight,0.3499999940395355
813,0,cluster_A,downweight,0.3499999940395355
814,1,cluster_B,retain,1.0
815,0,cluster_A,retain,1.0
816,0,cluster_A,downweight,0.3499999940395355
817,1,cluster_B,downweight,0.3499999940395355
818,0,cluster_A,downweight,0.3499999940395355
819,1,cluster_B,retain,1.0
820,0,cluster_A,downweight,0.3499999940395355
821,0,cluster_A,downweight,0.3499999940395355
822,1,cluster_B,downweight,0.3499999940395355
823,1,cluster_B,downweight,0.3499999940395355
824,0,cluster_A,downweight,0.3499999940395355
825,1,cluster_B,downweight,0.3499999940395355
826,0,cluster_A,retain,1.0
827,1,cluster_B,downweight,0.3499999940395355
828,0,cluster_A,retain,1.0
829,0,cluster_A,retain,1.0
830,0,cluster_A,downweight,0.3499999940395355
831,1,cluster_B,downweight,0.3499999940395355
832,0,cluster_A,retain,1.0
833,1,cluster_B,downweight,0.3499999940395355
834,1,cluster_B,downweight,0.3499999940395355
835,1,cluster_B,retain,1.0
836,1,cluster_B,retain,1.0
837,0,cluster_A,downweight,0.3499999940395355
838,1,cluster_B,downweight,0.3499999940395355
839,0,cluster_A,downweight,0.3499999940395355
840,1,cluster_B,downweight,0.3499999940395355
841,1,cluster_B,downweight,0.3499999940395355
842,1,cluster_B,retain,1.0
843,0,cluster_A,downweight,0.3499999940395355
844,1,cluster_B,downweight,0.3499999940395355
845,1,cluster_B,retain,1.0
846,0,cluster_A,retain,1.0
847,1,cluster_B,downweight,0.3499999940395355
848,1,cluster_B,retain,1.0
849,1,cluster_B,downweight,0.3499999940395355
850,1,cluster_B,downweight,0.3499999940395355
851,0,cluster_A,downweight,0.3499999940395355
852,1,cluster_B,downweight,0.3499999940395355
853,0,cluster_A,downweight,0.3499999940395355
854,0,cluster_A,downweight,0.3499999940395355
855,1,cluster_B,retain,1.0
856,0,cluster_A,downweight,0.3499999940395355
857,0,cluster_A,retain,1.0
858,1,cluster_B,downweight,0.3499999940395355
859,1,cluster_B,downweight,0.3499999940395355
860,0,cluster_A,retain,1.0
861,1,cluster_B,downweight,0.3499999940395355
862,0,cluster_A,retain,1.0
863,0,cluster_A,downweight,0.3499999940395355
864,0,cluster_A,downweight,0.3499999940395355
865,0,cluster_A,downweight,0.3499999940395355
867,1,cluster_B,retain,1.0
868,1,cluster_B,retain,1.0
869,1,cluster_B,retain,1.0
870,0,cluster_A,downweight,0.3499999940395355
871,0,cluster_A,retain,1.0
872,1,cluster_B,downweight,0.3499999940395355
873,0,cluster_A,downweight,0.3499999940395355
874,0,cluster_A,downweight,0.3499999940395355
875,1,cluster_B,retain,1.0
876,1,cluster_B,retain,1.0
877,0,cluster_A,downweight,0.3499999940395355
878,0,cluster_A,downweight,0.3499999940395355
879,1,cluster_B,retain,1.0
880,0,cluster_A,retain,1.0
881,0,cluster_A,downweight,0.3499999940395355
882,0,cluster_A,downweight,0.3499999940395355
883,0,cluster_A,retain,1.0
884,0,cluster_A,downweight,0.3499999940395355
885,1,cluster_B,downweight,0.3499999940395355
886,0,cluster_A,retain,1.0
887,0,cluster_A,retain,1.0
888,1,cluster_B,downweight,0.3499999940395355
889,1,cluster_B,retain,1.0
890,0,cluster_A,downweight,0.3499999940395355
891,1,cluster_B,retain,1.0
892,0,cluster_A,downweight,0.3499999940395355
893,0,cluster_A,downweight,0.3499999940395355
894,1,cluster_B,downweight,0.3499999940395355
895,0,cluster_A,downweight,0.3499999940395355
896,1,cluster_B,downweight,0.3499999940395355
897,1,cluster_B,downweight,0.3499999940395355
898,1,cluster_B,retain,1.0
899,0,cluster_A,downweight,0.3499999940395355
900,1,cluster_B,retain,1.0
901,0,cluster_A,retain,1.0
902,1,cluster_B,retain,1.0
904,0,cluster_A,retain,1.0
905,0,cluster_A,retain,1.0
906,0,cluster_A,downweight,0.3499999940395355
907,0,cluster_A,downweight,0.3499999940395355
908,0,cluster_A,retain,1.0
909,0,cluster_A,downweight,0.3499999940395355
910,1,cluster_B,retain,1.0
911,1,cluster_B,downweight,0.3499999940395355
912,0,cluster_A,retain,1.0
913,1,cluster_B,retain,1.0
914,0,cluster_A,downweight,0.3499999940395355
915,1,cluster_B,retain,1.0
916,1,cluster_B,downweight,0.3499999940395355
917,0,cluster_A,downweight,0.3499999940395355
918,0,cluster_A,downweight,0.3499999940395355
919,0,cluster_A,retain,1.0
920,1,cluster_B,downweight,0.3499999940395355
921,0,cluster_A,retain,1.0
922,1,cluster_B,downweight,0.3499999940395355
923,1,cluster_B,retain,1.0
924,0,cluster_A,downweight,0.3499999940395355
925,0,cluster_A,downweight,0.3499999940395355
926,1,cluster_B,downweight,0.3499999940395355
927,0,cluster_A,downweight,0.3499999940395355
928,0,cluster_A,downweight,0.3499999940395355
929,0,cluster_A,downweight,0.3499999940395355
930,0,cluster_A,downweight,0.3499999940395355
931,1,cluster_B,downweight,0.3499999940395355
932,1,cluster_B,downweight,0.3499999940395355
933,0,cluster_A,downweight,0.3499999940395355
934,0,cluster_A,downweight,0.3499999940395355
935,1,cluster_B,retain,1.0
936,0,cluster_A,retain,1.0
937,1,cluster_B,retain,1.0
939,1,cluster_B,retain,1.0
940,0,cluster_A,downweight,0.3499999940395355
941,1,cluster_B,downweight,0.3499999940395355
942,1,cluster_B,retain,1.0
943,0,cluster_A,retain,1.0
944,1,cluster_B,downweight,0.3499999940395355
945,0,cluster_A,retain,1.0
946,1,cluster_B,retain,1.0
947,0,cluster_A,retain,1.0
948,1,cluster_B,downweight,0.3499999940395355
949,1,cluster_B,downweight,0.3499999940395355
950,0,cluster_A,downweight,0.3499999940395355
951,1,cluster_B,retain,1.0
952,0,cluster_A,retain,1.0
953,0,cluster_A,downweight,0.3499999940395355
954,1,cluster_B,retain,1.0
955,0,cluster_A,downweight,0.3499999940395355
956,0,cluster_A,retain,1.0
957,0,cluster_A,downweight,0.3499999940395355
958,1,cluster_B,downweight,0.3499999940395355
959,1,cluster_B,downweight,0.3499999940395355
960,1,cluster_B,retain,1.0
961,0,cluster_A,downweight,0.3499999940395355
962,0,cluster_A,downweight,0.3499999940395355
963,0,cluster_A,retain,1.0
964,1,cluster_B,retain,1.0
965,0,cluster_A,retain,1.0
966,1,cluster_B,downweight,0.3499999940395355
967,1,cluster_B,downweight,0.3499999940395355
968,0,cluster_A,retain,1.0
969,0,cluster_A,downweight,0.3499999940395355
970,1,cluster_B,downweight,0.3499999940395355
971,1,cluster_B,retain,1.0
972,0,cluster_A,retain,1.0
973,0,cluster_A,downweight,0.3499999940395355
974,1,cluster_B,downweight,0.3499999940395355
975,0,cluster_A,downweight,0.3499999940395355
976,1,cluster_B,retain,1.0
977,0,cluster_A,downweight,0.3499999940395355
978,1,cluster_B,downweight,0.3499999940395355
979,1,cluster_B,retain,1.0
980,0,cluster_A,downweight,0.3499999940395355
981,1,cluster_B,retain,1.0
982,0,cluster_A,downweight,0.3499999940395355
983,1,cluster_B,downweight,0.3499999940395355
984,0,cluster_A,downweight,0.3499999940395355
985,1,cluster_B,downweight,0.3499999940395355
986,0,cluster_A,downweight,0.3499999940395355
987,0,cluster_A,downweight,0.3499999940395355
988,0,cluster_A,retain,1.0
989,0,cluster_A,downweight,0.3499999940395355
990,1,cluster_B,retain,1.0
991,1,cluster_B,retain,1.0
992,1,cluster_B,retain,1.0
993,1,cluster_B,retain,1.0
994,1,cluster_B,downweight,0.3499999940395355
995,0,cluster_A,retain,1.0
996,0,cluster_A,retain,1.0
997,0,cluster_A,retain,1.0
998,0,cluster_A,retain,1.0
999,1,cluster_B,downweight,0.3499999940395355
1000,0,cluster_A,downweight,0.3499999940395355
1001,1,cluster_B,downweight,0.3499999940395355
1002,0,cluster_A,retain,1.0
1003,0,cluster_A,downweight,0.3499999940395355
1004,1,cluster_B,retain,1.0
1005,1,cluster_B,downweight,0.3499999940395355
1006,1,cluster_B,retain,1.0
1007,1,cluster_B,downweight,0.3499999940395355
1008,1,cluster_B,downweight,0.3499999940395355
1009,1,cluster_B,downweight,0.3499999940395355
1010,0,cluster_A,retain,1.0
1011,0,cluster_A,retain,1.0
1012,0,cluster_A,retain,1.0
1013,0,cluster_A,downweight,0.3499999940395355
1014,1,cluster_B,downweight,0.3499999940395355
1015,0,cluster_A,downweight,0.3499999940395355
1016,0,cluster_A,retain,1.0
1017,1,cluster_B,retain,1.0
1018,0,cluster_A,retain,1.0
1019,1,cluster_B,downweight,0.3499999940395355
1020,1,cluster_B,downweight,0.3499999940395355
1021,1,cluster_B,retain,1.0
1022,0,cluster_A,retain,1.0
1023,1,cluster_B,downweight,0.3499999940395355
1024,1,cluster_B,downweight,0.3499999940395355
1025,1,cluster_B,downweight,0.3499999940395355
1026,0,cluster_A,downweight,0.3499999940395355
1027,1,cluster_B,retain,1.0
1028,0,cluster_A,downweight,0.3499999940395355
1029,1,cluster_B,retain,1.0
1030,0,cluster_A,retain,1.0
1031,1,cluster_B,downweight,0.3499999940395355
1032,0,cluster_A,retain,1.0
1033,0,cluster_A,downweight,0.3499999940395355
1034,0,cluster_A,retain,1.0
1035,0,cluster_A,downweight,0.3499999940395355
1036,0,cluster_A,downweight,0.3499999940395355
1037,1,cluster_B,retain,1.0
1038,0,cluster_A,downweight,0.3499999940395355
1039,0,cluster_A,downweight,0.3499999940395355
1040,1,cluster_B,downweight,0.3499999940395355
1041,1,cluster_B,downweight,0.3499999940395355
1042,0,cluster_A,retain,1.0
1043,1,cluster_B,retain,1.0
1044,0,cluster_A,retain,1.0
1045,1,cluster_B,downweight,0.3499999940395355
1046,1,cluster_B,retain,1.0
1047,0,cluster_A,retain,1.0
1048,1,cluster_B,downweight,0.3499999940395355
1049,0,cluster_A,retain,1.0
1050,1,cluster_B,retain,1.0
1051,1,cluster_B,retain,1.0
1052,1,cluster_B,retain,1.0
1053,1,cluster_B,retain,1.0
1054,0,cluster_A,retain,1.0
1055,0,cluster_A,retain,1.0
1056,0,cluster_A,retain,1.0
1057,0,cluster_A,retain,1.0
1058,1,cluster_B,downweight,0.3499999940395355
1059,0,cluster_A,retain,1.0
1060,0,cluster_A,retain,1.0
1061,1,cluster_B,retain,1.0
1062,1,cluster_B,retain,1.0
1063,0,cluster_A,retain,1.0
1064,0,cluster_A,retain,1.0
1065,1,cluster_B,downweight,0.3499999940395355
1066,0,cluster_A,retain,1.0
1067,1,cluster_B,retain,1.0
1068,0,cluster_A,retain,1.0
1069,1,cluster_B,retain,1.0
1070,0,cluster_A,retain,1.0
1071,1,cluster_B,downweight,0.3499999940395355
1072,1,cluster_B,downweight,0.3499999940395355
1073,0,cluster_A,retain,1.0
1074,1,cluster_B,retain,1.0
1075,0,cluster_A,downweight,0.3499999940395355
1077,0,cluster_A,downweight,0.3499999940395355
1078,0,cluster_A,downweight,0.3499999940395355
1079,1,cluster_B,retain,1.0
1080,1,cluster_B,retain,1.0
1081,0,cluster_A,retain,1.0
1082,1,cluster_B,downweight,0.3499999940395355
1083,1,cluster_B,retain,1.0
1084,0,cluster_A,retain,1.0
1085,1,cluster_B,downweight,0.3499999940395355
1086,0,cluster_A,downweight,0.3499999940395355
1087,1,cluster_B,downweight,0.3499999940395355
1088,0,cluster_A,downweight,0.3499999940395355
1089,1,cluster_B,retain,1.0
1090,1,cluster_B,downweight,0.3499999940395355
1091,0,cluster_A,retain,1.0
1092,1,cluster_B,downweight,0.3499999940395355
1093,0,cluster_A,downweight,0.3499999940395355
1094,0,cluster_A,retain,1.0
1095,0,cluster_A,downweight,0.3499999940395355
1096,1,cluster_B,retain,1.0
1097,1,cluster_B,downweight,0.3499999940395355
1098,0,cluster_A,retain,1.0
1099,1,cluster_B,retain,1.0
1100,1,cluster_B,retain,1.0
1101,1,cluster_B,retain,1.0
1102,1,cluster_B,downweight,0.3499999940395355
1103,0,cluster_A,retain,1.0
1104,1,cluster_B,downweight,0.3499999940395355
1105,0,cluster_A,retain,1.0
1106,0,cluster_A,retain,1.0
1107,0,cluster_A,retain,1.0
1108,0,cluster_A,downweight,0.3499999940395355
1109,0,cluster_A,downweight,0.3499999940395355
1110,0,cluster_A,downweight,0.3499999940395355
1111,1,cluster_B,retain,1.0
1112,0,cluster_A,retain,1.0
1113,0,cluster_A,downweight,0.3499999940395355
1114,0,cluster_A,retain,1.0
1115,0,cluster_A,downweight,0.3499999940395355
1116,1,cluster_B,retain,1.0
1117,1,cluster_B,retain,1.0
1118,1,cluster_B,downweight,0.3499999940395355
1119,1,cluster_B,downweight,0.3499999940395355
1120,1,cluster_B,retain,1.0
1121,1,cluster_B,downweight,0.3499999940395355
1122,0,cluster_A,retain,1.0
1123,1,cluster_B,downweight,0.3499999940395355
1124,0,cluster_A,downweight,0.3499999940395355
1125,0,cluster_A,downweight,0.3499999940395355
1126,1,cluster_B,retain,1.0
1127,1,cluster_B,downweight,0.3499999940395355
1128,0,cluster_A,retain,1.0
1129,0,cluster_A,downweight,0.3499999940395355
1130,0,cluster_A,downweight,0.3499999940395355
1131,0,cluster_A,retain,1.0
1132,0,cluster_A,downweight,0.3499999940395355
1133,0,cluster_A,retain,1.0
1134,1,cluster_B,downweight,0.3499999940395355
1135,1,cluster_B,downweight,0.3499999940395355
1136,1,cluster_B,downweight,0.3499999940395355
1137,0,cluster_A,retain,1.0
1138,1,cluster_B,retain,1.0
1139,1,cluster_B,retain,1.0
1140,1,cluster_B,downweight,0.3499999940395355
1141,1,cluster_B,downweight,0.3499999940395355
1142,0,cluster_A,downweight,0.3499999940395355
1143,1,cluster_B,retain,1.0
1144,0,cluster_A,retain,1.0
1145,0,cluster_A,downweight,0.3499999940395355
1146,1,cluster_B,downweight,0.3499999940395355
1147,0,cluster_A,retain,1.0
1148,0,cluster_A,downweight,0.3499999940395355
1149,1,cluster_B,downweight,0.3499999940395355
1150,1,cluster_B,downweight,0.3499999940395355
1151,0,cluster_A,downweight,0.3499999940395355
1152,1,cluster_B,retain,1.0
1153,0,cluster_A,retain,1.0
1154,1,cluster_B,retain,1.0
1155,0,cluster_A,retain,1.0
1156,0,cluster_A,downweight,0.3499999940395355
1157,0,cluster_A,downweight,0.3499999940395355
1158,0,cluster_A,downweight,0.3499999940395355
1159,1,cluster_B,retain,1.0
1160,1,cluster_B,downweight,0.3499999940395355
1161,1,cluster_B,downweight,0.3499999940395355
1162,0,cluster_A,downweight,0.3499999940395355
1163,0,cluster_A,downweight,0.3499999940395355
1164,0,cluster_A,retain,1.0
1165,1,cluster_B,downweight,0.3499999940395355
1166,1,cluster_B,retain,1.0
1167,0,cluster_A,retain,1.0
1168,0,cluster_A,downweight,0.3499999940395355
1169,0,cluster_A,downweight,0.3499999940395355
1170,0,cluster_A,retain,1.0
1171,0,cluster_A,downweight,0.3499999940395355
1172,0,cluster_A,downweight,0.3499999940395355
1173,1,cluster_B,downweight,0.3499999940395355
1174,0,cluster_A,downweight,0.3499999940395355
1175,0,cluster_A,downweight,0.3499999940395355
1176,1,cluster_B,downweight,0.3499999940395355
1177,0,cluster_A,retain,1.0
1178,1,cluster_B,retain,1.0
1179,1,cluster_B,downweight,0.3499999940395355
1180,0,cluster_A,retain,1.0
1181,0,cluster_A,downweight,0.3499999940395355
1182,1,cluster_B,retain,1.0
1183,0,cluster_A,downweight,0.3499999940395355
1184,1,cluster_B,downweight,0.3499999940395355
1185,0,cluster_A,downweight,0.3499999940395355
1186,0,cluster_A,retain,1.0
1187,0,cluster_A,downweight,0.3499999940395355
1188,1,cluster_B,downweight,0.3499999940395355
1189,1,cluster_B,retain,1.0
1190,1,cluster_B,downweight,0.3499999940395355
1191,0,cluster_A,retain,1.0
1192,1,cluster_B,downweight,0.3499999940395355
1193,0,cluster_A,downweight,0.3499999940395355
1194,1,cluster_B,downweight,0.3499999940395355
1195,0,cluster_A,retain,1.0
1196,1,cluster_B,downweight,0.3499999940395355
1197,1,cluster_B,downweight,0.3499999940395355
1198,0,cluster_A,downweight,0.3499999940395355
1199,1,cluster_B,downweight,0.3499999940395355
1200,1,cluster_B,retain,1.0
1201,0,cluster_A,downweight,0.3499999940395355
1202,1,cluster_B,retain,1.0
1203,0,cluster_A,retain,1.0
1204,1,cluster_B,downweight,0.3499999940395355
1205,1,cluster_B,retain,1.0
1206,1,cluster_B,retain,1.0
1207,1,cluster_B,downweight,0.3499999940395355
1208,0,cluster_A,downweight,0.3499999940395355
1209,0,cluster_A,downweight,0.3499999940395355
1210,0,cluster_A,retain,1.0
1211,0,cluster_A,downweight,0.3499999940395355
1212,1,cluster_B,retain,1.0
1213,1,cluster_B,retain,1.0
1214,1,cluster_B,retain,1.0
1215,0,cluster_A,downweight,0.3499999940395355
1216,0,cluster_A,downweight,0.3499999940395355
1217,0,cluster_A,retain,1.0
1218,0,cluster_A,retain,1.0
1219,1,cluster_B,downweight,0.3499999940395355
1220,0,cluster_A,retain,1.0
1221,0,cluster_A,retain,1.0
1222,1,cluster_B,downweight,0.3499999940395355
1223,1,cluster_B,downweight,0.3499999940395355
1224,1,cluster_B,retain,1.0
1225,0,cluster_A,downweight,0.3499999940395355
1226,1,cluster_B,downweight,0.3499999940395355
1227,0,cluster_A,retain,1.0
1228,0,cluster_A,downweight,0.3499999940395355
1229,1,cluster_B,retain,1.0
1230,0,cluster_A,retain,1.0
1231,1,cluster_B,retain,1.0
1232,1,cluster_B,downweight,0.3499999940395355
1233,0,cluster_A,retain,1.0
1234,1,cluster_B,retain,1.0
1235,1,cluster_B,retain,1.0
1237,1,cluster_B,retain,1.0
1238,0,cluster_A,downweight,0.3499999940395355
1239,0,cluster_A,downweight,0.3499999940395355
1240,0,cluster_A,retain,1.0
1241,1,cluster_B,downweight,0.3499999940395355
1242,0,cluster_A,downweight,0.3499999940395355
1243,1,cluster_B,retain,1.0
1244,1,cluster_B,retain,1.0
1245,1,cluster_B,downweight,0.3499999940395355
1246,1,cluster_B,downweight,0.3499999940395355
1247,0,cluster_A,downweight,0.3499999940395355
1248,1,cluster_B,retain,1.0
1249,1,cluster_B,downweight,0.3499999940395355
1250,1,cluster_B,retain,1.0
1251,0,cluster_A,downweight,0.3499999940395355
1252,1,cluster_B,retain,1.0
1253,1,cluster_B,downweight,0.3499999940395355
1254,0,cluster_A,downweight,0.3499999940395355
1255,0,cluster_A,downweight,0.3499999940395355
1256,1,cluster_B,retain,1.0
1257,0,cluster_A,downweight,0.3499999940395355
1258,0,cluster_A,retain,1.0
1259,1,cluster_B,retain,1.0
1260,0,cluster_A,retain,1.0
1261,0,cluster_A,downweight,0.3499999940395355
1262,1,cluster_B,downweight,0.3499999940395355
1263,1,cluster_B,downweight,0.3499999940395355
1264,0,cluster_A,retain,1.0
1265,1,cluster_B,downweight,0.3499999940395355
1266,0,cluster_A,downweight,0.3499999940395355
1267,0,cluster_A,downweight,0.3499999940395355
1268,1,cluster_B,downweight,0.3499999940395355
1269,1,cluster_B,downweight,0.3499999940395355
1270,0,cluster_A,retain,1.0
1271,0,cluster_A,downweight,0.3499999940395355
1272,0,cluster_A,retain,1.0
1273,1,cluster_B,retain,1.0
1274,0,cluster_A,retain,1.0
1275,1,cluster_B,retain,1.0
1276,1,cluster_B,downweight,0.3499999940395355
1277,1,cluster_B,retain,1.0
1278,0,cluster_A,downweight,0.3499999940395355
1279,0,cluster_A,downweight,0.3499999940395355
1280,0,cluster_A,retain,1.0
1281,1,cluster_B,downweight,0.3499999940395355
1282,1,cluster_B,downweight,0.3499999940395355
1283,0,cluster_A,retain,1.0
1284,1,cluster_B,downweight,0.3499999940395355
1285,1,cluster_B,downweight,0.3499999940395355
1286,0,cluster_A,retain,1.0
1287,0,cluster_A,retain,1.0
1288,0,cluster_A,downweight,0.3499999940395355
1289,1,cluster_B,downweight,0.3499999940395355
1290,1,cluster_B,retain,1.0
1291,1,cluster_B,retain,1.0
1292,1,cluster_B,retain,1.0
1294,0,cluster_A,retain,1.0
1295,1,cluster_B,retain,1.0
1296,0,cluster_A,downweight,0.3499999940395355
1297,0,cluster_A,retain,1.0
1298,1,cluster_B,retain,1.0
1299,0,cluster_A,downweight,0.3499999940395355
1300,1,cluster_B,retain,1.0
1301,0,cluster_A,retain,1.0
1302,0,cluster_A,downweight,0.3499999940395355
1303,0,cluster_A,downweight,0.3499999940395355
1304,0,cluster_A,retain,1.0
1305,1,cluster_B,retain,1.0
1306,1,cluster_B,downweight,0.3499999940395355
1307,0,cluster_A,retain,1.0
1308,0,cluster_A,downweight,0.3499999940395355
1309,0,cluster_A,downweight,0.3499999940395355
1310,1,cluster_B,downweight,0.3499999940395355
1311,0,cluster_A,downweight,0.3499999940395355
1312,1,cluster_B,retain,1.0
1313,0,cluster_A,downweight,0.3499999940395355
1314,0,cluster_A,retain,1.0
1315,0,cluster_A,downweight,0.3499999940395355
1316,0,cluster_A,retain,1.0
1317,1,cluster_B,retain,1.0
1318,1,cluster_B,downweight,0.3499999940395355
1319,1,cluster_B,downweight,0.3499999940395355
1320,1,cluster_B,downweight,0.3499999940395355
1321,0,cluster_A,downweight,0.3499999940395355
1322,1,cluster_B,downweight,0.3499999940395355
1323,0,cluster_A,downweight,0.3499999940395355
1324,1,cluster_B,downweight,0.3499999940395355
1325,0,cluster_A,downweight,0.3499999940395355
1326,1,cluster_B,downweight,0.3499999940395355
1327,1,cluster_B,downweight,0.3499999940395355
1328,1,cluster_B,downweight,0.3499999940395355
1329,1,cluster_B,retain,1.0
1330,0,cluster_A,downweight,0.3499999940395355
1331,0,cluster_A,retain,1.0
1332,1,cluster_B,downweight,0.3499999940395355
1333,0,cluster_A,downweight,0.3499999940395355
1334,1,cluster_B,retain,1.0
1335,0,cluster_A,downweight,0.3499999940395355
1336,0,cluster_A,retain,1.0
1337,1,cluster_B,downweight,0.3499999940395355
1338,1,cluster_B,retain,1.0
1339,0,cluster_A,retain,1.0
1340,1,cluster_B,retain,1.0
1341,1,cluster_B,downweight,0.3499999940395355
1342,0,cluster_A,downweight,0.3499999940395355
1343,0,cluster_A,retain,1.0
1344,0,cluster_A,retain,1.0
1345,1,cluster_B,retain,1.0
1346,1,cluster_B,retain,1.0
1347,1,cluster_B,downweight,0.3499999940395355
1348,0,cluster_A,retain,1.0
1349,0,cluster_A,retain,1.0
1350,0,cluster_A,downweight,0.3499999940395355
1351,1,cluster_B,retain,1.0
1352,0,cluster_A,downweight,0.3499999940395355
1353,1,cluster_B,retain,1.0
1354,1,cluster_B,retain,1.0
1355,1,cluster_B,downweight,0.3499999940395355
1356,0,cluster_A,retain,1.0
1357,0,cluster_A,retain,1.0
1358,1,cluster_B,retain,1.0
1359,1,cluster_B,retain,1.0
1360,0,cluster_A,retain,1.0
1361,1,cluster_B,retain,1.0
1362,1,cluster_B,downweight,0.3499999940395355
1363,1,cluster_B,downweight,0.3499999940395355
1364,0,cluster_A,retain,1.0
1365,0,cluster_A,downweight,0.3499999940395355
1366,1,cluster_B,downweight,0.3499999940395355
1367,0,cluster_A,retain,1.0
1368,0,cluster_A,downweight,0.3499999940395355
1369,0,cluster_A,downweight,0.3499999940395355
1370,1,cluster_B,retain,1.0
1371,0,cluster_A,retain,1.0
1372,1,cluster_B,downweight,0.3499999940395355
1373,1,cluster_B,retain,1.0
1374,0,cluster_A,retain,1.0
1375,1,cluster_B,retain,1.0
1376,0,cluster_A,downweight,0.3499999940395355
1377,0,cluster_A,downweight,0.3499999940395355
1378,1,cluster_B,retain,1.0
1379,0,cluster_A,downweight,0.3499999940395355
1380,1,cluster_B,downweight,0.3499999940395355
1381,1,cluster_B,downweight,0.3499999940395355
1382,0,cluster_A,retain,1.0
1383,1,cluster_B,retain,1.0
1384,0,cluster_A,downweight,0.3499999940395355
1385,0,cluster_A,downweight,0.3499999940395355
1386,0,cluster_A,retain,1.0
1387,0,cluster_A,downweight,0.3499999940395355
1388,0,cluster_A,downweight,0.3499999940395355
1389,0,cluster_A,retain,1.0
1390,0,cluster_A,retain,1.0
1391,1,cluster_B,retain,1.0
1392,1,cluster_B,retain,1.0
1393,1,cluster_B,retain,1.0
1394,0,cluster_A,retain,1.0
1395,0,cluster_A,retain,1.0
1396,0,cluster_A,downweight,0.3499999940395355
1397,1,cluster_B,downweight,0.3499999940395355
1398,1,cluster_B,retain,1.0
1399,0,cluster_A,downweight,0.3499999940395355
1400,0,cluster_A,downweight,0.3499999940395355
1401,1,cluster_B,downweight,0.3499999940395355
1402,1,cluster_B,downweight,0.3499999940395355
1403,0,cluster_A,downweight,0.3499999940395355
1404,0,cluster_A,downweight,0.3499999940395355
1405,1,cluster_B,retain,1.0
1406,0,cluster_A,retain,1.0
1407,0,cluster_A,downweight,0.3499999940395355
1408,0,cluster_A,downweight,0.3499999940395355
1409,1,cluster_B,retain,1.0
1410,0,cluster_A,downweight,0.3499999940395355
1411,0,cluster_A,downweight,0.3499999940395355
1412,0,cluster_A,retain,1.0
1413,1,cluster_B,downweight,0.3499999940395355
1414,1,cluster_B,retain,1.0
1415,0,cluster_A,retain,1.0
1416,1,cluster_B,retain,1.0
1417,0,cluster_A,retain,1.0
1418,0,cluster_A,downweight,0.3499999940395355
1419,1,cluster_B,retain,1.0
1420,1,cluster_B,downweight,0.3499999940395355
1421,0,cluster_A,downweight,0.3499999940395355
1422,1,cluster_B,retain,1.0
1423,1,cluster_B,retain,1.0
1424,1,cluster_B,downweight,0.3499999940395355
1425,1,cluster_B,downweight,0.3499999940395355
1426,1,cluster_B,retain,1.0
1427,0,cluster_A,retain,1.0
1428,1,cluster_B,retain,1.0
1429,0,cluster_A,downweight,0.3499999940395355
1430,0,cluster_A,downweight,0.3499999940395355
1432,0,cluster_A,downweight,0.3499999940395355
1433,0,cluster_A,downweight,0.3499999940395355
1434,1,cluster_B,retain,1.0
1435,0,cluster_A,retain,1.0
1436,0,cluster_A,retain,1.0
1437,1,cluster_B,downweight,0.3499999940395355
1438,1,cluster_B,downweight,0.3499999940395355
1439,0,cluster_A,downweight,0.3499999940395355
1440,0,cluster_A,downweight,0.3499999940395355
1441,0,cluster_A,retain,1.0
1442,0,cluster_A,retain,1.0
1443,1,cluster_B,downweight,0.3499999940395355
1444,1,cluster_B,downweight,0.3499999940395355
1445,1,cluster_B,downweight,0.3499999940395355
1446,1,cluster_B,downweight,0.3499999940395355
1447,1,cluster_B,retain,1.0
1448,1,cluster_B,retain,1.0
1449,0,cluster_A,retain,1.0
1450,1,cluster_B,retain,1.0
1451,0,cluster_A,downweight,0.3499999940395355
1452,0,cluster_A,retain,1.0
1453,0,cluster_A,downweight,0.3499999940395355
1454,1,cluster_B,downweight,0.3499999940395355
1455,1,cluster_B,retain,1.0
1456,0,cluster_A,retain,1.0
1457,0,cluster_A,retain,1.0
1458,1,cluster_B,retain,1.0
1459,0,cluster_A,downweight,0.3499999940395355
1460,0,cluster_A,downweight,0.3499999940395355
1461,0,cluster_A,retain,1.0
1462,0,cluster_A,downweight,0.3499999940395355
1463,1,cluster_B,downweight,0.3499999940395355
1464,1,cluster_B,downweight,0.3499999940395355
1465,0,cluster_A,downweight,0.3499999940395355
1466,0,cluster_A,downweight,0.3499999940395355
1467,1,cluster_B,retain,1.0
1468,1,cluster_B,downweight,0.3499999940395355
1469,1,cluster_B,retain,1.0
1470,1,cluster_B,retain,1.0
1471,0,cluster_A,retain,1.0
1472,0,cluster_A,downweight,0.3499999940395355
1473,0,cluster_A,retain,1.0
1474,0,cluster_A,retain,1.0
1475,0,cluster_A,retain,1.0
1476,1,cluster_B,retain,1.0
1477,0,cluster_A,retain,1.0
1478,0,cluster_A,downweight,0.3499999940395355
1479,1,cluster_B,downweight,0.3499999940395355
1480,1,cluster_B,downweight,0.3499999940395355
1481,1,cluster_B,retain,1.0
1482,1,cluster_B,downweight,0.3499999940395355
1483,0,cluster_A,downweight,0.3499999940395355
1484,1,cluster_B,retain,1.0
1485,0,cluster_A,downweight,0.3499999940395355
1486,1,cluster_B,retain,1.0
1487,1,cluster_B,retain,1.0
1488,0,cluster_A,downweight,0.3499999940395355
1489,1,cluster_B,downweight,0.3499999940395355
1490,0,cluster_A,retain,1.0
1491,0,cluster_A,downweight,0.3499999940395355
1492,1,cluster_B,retain,1.0
1493,1,cluster_B,retain,1.0
1494,0,cluster_A,downweight,0.3499999940395355
1495,1,cluster_B,retain,1.0
1496,0,cluster_A,downweight,0.3499999940395355
1497,0,cluster_A,retain,1.0
1498,0,cluster_A,retain,1.0
1499,1,cluster_B,downweight,0.3499999940395355
1500,1,cluster_B,downweight,0.3499999940395355
1501,1,cluster_B,downweight,0.3499999940395355
1502,0,cluster_A,downweight,0.3499999940395355
1503,1,cluster_B,downweight,0.3499999940395355
1504,0,cluster_A,downweight,0.3499999940395355
1505,1,cluster_B,downweight,0.3499999940395355
1506,0,cluster_A,retain,1.0
1507,1,cluster_B,downweight,0.3499999940395355
1508,0,cluster_A,downweight,0.3499999940395355
1509,0,cluster_A,retain,1.0
1510,1,cluster_B,downweight,0.3499999940395355
1511,0,cluster_A,downweight,0.3499999940395355
1512,1,cluster_B,retain,1.0
1513,0,cluster_A,downweight,0.3499999940395355
1514,1,cluster_B,downweight,0.3499999940395355
1515,0,cluster_A,retain,1.0
1516,0,cluster_A,retain,1.0
1517,1,cluster_B,retain,1.0
1518,1,cluster_B,retain,1.0
1519,0,cluster_A,downweight,0.3499999940395355
1520,1,cluster_B,retain,1.0
1521,1,cluster_B,retain,1.0
1522,0,cluster_A,downweight,0.3499999940395355
1523,1,cluster_B,retain,1.0
1524,1,cluster_B,retain,1.0
1525,0,cluster_A,retain,1.0
1526,1,cluster_B,downweight,0.3499999940395355
1527,0,cluster_A,downweight,0.3499999940395355
1528,1,cluster_B,downweight,0.3499999940395355
1529,0,cluster_A,retain,1.0
1530,0,cluster_A,retain,1.0
1531,1,cluster_B,retain,1.0
1532,0,cluster_A,downweight,0.3499999940395355
1533,0,cluster_A,retain,1.0
1534,0,cluster_A,retain,1.0
1535,0,cluster_A,downweight,0.3499999940395355
1536,1,cluster_B,retain,1.0
1537,1,cluster_B,downweight,0.3499999940395355
1538,1,cluster_B,downweight,0.3499999940395355
1539,0,cluster_A,downweight,0.3499999940395355
1540,0,cluster_A,downweight,0.3499999940395355
1541,0,cluster_A,downweight,0.3499999940395355
1542,0,cluster_A,retain,1.0
1543,0,cluster_A,downweight,0.3499999940395355
1544,1,cluster_B,retain,1.0
1545,1,cluster_B,downweight,0.3499999940395355
1546,0,cluster_A,downweight,0.3499999940395355
1547,1,cluster_B,downweight,0.3499999940395355
1548,1,cluster_B,retain,1.0
1549,1,cluster_B,retain,1.0
1550,0,cluster_A,downweight,0.3499999940395355
1551,0,cluster_A,downweight,0.3499999940395355
1552,0,cluster_A,retain,1.0
1553,0,cluster_A,retain,1.0
1554,1,cluster_B,retain,1.0
1555,0,cluster_A,downweight,0.3499999940395355
1556,1,cluster_B,retain,1.0
1557,1,cluster_B,retain,1.0
1558,1,cluster_B,downweight,0.3499999940395355
1559,0,cluster_A,retain,1.0
1560,0,cluster_A,downweight,0.3499999940395355
1561,0,cluster_A,downweight,0.3499999940395355
1562,1,cluster_B,retain,1.0
1563,1,cluster_B,retain,1.0
1564,0,cluster_A,downweight,0.3499999940395355
1565,1,cluster_B,retain,1.0
1566,1,cluster_B,downweight,0.3499999940395355
1567,1,cluster_B,retain,1.0
1568,1,cluster_B,downweight,0.3499999940395355
1569,1,cluster_B,downweight,0.3499999940395355
1570,1,cluster_B,retain,1.0
1571,0,cluster_A,retain,1.0
1572,0,cluster_A,downweight,0.3499999940395355
1573,1,cluster_B,retain,1.0
1574,0,cluster_A,downweight,0.3499999940395355
1575,1,cluster_B,downweight,0.3499999940395355
1576,1,cluster_B,downweight,0.3499999940395355
1577,1,cluster_B,retain,1.0
1578,0,cluster_A,retain,1.0
1579,0,cluster_A,retain,1.0
1580,0,cluster_A,retain,1.0
1581,1,cluster_B,downweight,0.3499999940395355
1582,0,cluster_A,downweight,0.3499999940395355
1583,0,cluster_A,retain,1.0
1584,0,cluster_A,retain,1.0
1585,0,cluster_A,downweight,0.3499999940395355
1586,0,cluster_A,retain,1.0
1587,0,cluster_A,downweight,0.3499999940395355
1588,0,cluster_A,retain,1.0
1589,0,cluster_A,retain,1.0
1590,1,cluster_B,retain,1.0
1591,1,cluster_B,retain,1.0
1592,1,cluster_B,retain,1.0
1593,1,cluster_B,retain,1.0
1594,0,cluster_A,retain,1.0
1595,1,cluster_B,downweight,0.3499999940395355
1596,0,cluster_A,downweight,0.3499999940395355
1597,1,cluster_B,retain,1.0
1598,0,cluster_A,downweight,0.3499999940395355
1599,1,cluster_B,downweight,0.3499999940395355
1600,1,cluster_B,downweight,0.3499999940395355
1601,0,cluster_A,downweight,0.3499999940395355
1602,0,cluster_A,downweight,0.3499999940395355
1603,1,cluster_B,downweight,0.3499999940395355
1604,1,cluster_B,downweight,0.3499999940395355
1605,1,cluster_B,downweight,0.3499999940395355
1606,1,cluster_B,retain,1.0
1607,0,cluster_A,downweight,0.3499999940395355
1608,1,cluster_B,downweight,0.3499999940395355
1609,1,cluster_B,downweight,0.3499999940395355
1610,1,cluster_B,downweight,0.3499999940395355
1611,1,cluster_B,downweight,0.3499999940395355
1612,0,cluster_A,downweight,0.3499999940395355
1614,0,cluster_A,downweight,0.3499999940395355
1615,1,cluster_B,downweight,0.3499999940395355
1617,1,cluster_B,downweight,0.3499999940395355
1618,1,cluster_B,retain,1.0
1619,0,cluster_A,retain,1.0
1620,1,cluster_B,downweight,0.3499999940395355
1621,1,cluster_B,retain,1.0
1622,1,cluster_B,retain,1.0
1623,0,cluster_A,downweight,0.3499999940395355
1624,0,cluster_A,retain,1.0
1625,0,cluster_A,downweight,0.3499999940395355
1626,0,cluster_A,downweight,0.3499999940395355
1627,0,cluster_A,downweight,0.3499999940395355
1628,0,cluster_A,retain,1.0
1629,0,cluster_A,downweight,0.3499999940395355
1630,1,cluster_B,downweight,0.3499999940395355
1631,1,cluster_B,downweight,0.3499999940395355
1632,0,cluster_A,downweight,0.3499999940395355
1633,1,cluster_B,retain,1.0
1634,1,cluster_B,retain,1.0
1635,0,cluster_A,downweight,0.3499999940395355
1636,0,cluster_A,downweight,0.3499999940395355
1637,0,cluster_A,downweight,0.3499999940395355
1638,1,cluster_B,retain,1.0
1639,1,cluster_B,retain,1.0
1640,1,cluster_B,downweight,0.3499999940395355
1641,1,cluster_B,downweight,0.3499999940395355
1642,0,cluster_A,retain,1.0
1643,1,cluster_B,retain,1.0
1644,0,cluster_A,downweight,0.3499999940395355
1645,0,cluster_A,downweight,0.3499999940395355
1646,1,cluster_B,downweight,0.3499999940395355
1647,1,cluster_B,downweight,0.3499999940395355
1648,0,cluster_A,retain,1.0
1649,1,cluster_B,retain,1.0
1650,1,cluster_B,downweight,0.3499999940395355
1651,1,cluster_B,downweight,0.3499999940395355
1652,1,cluster_B,retain,1.0
1653,1,cluster_B,downweight,0.3499999940395355
1654,1,cluster_B,retain,1.0
1655,0,cluster_A,retain,1.0
1656,0,cluster_A,downweight,0.3499999940395355
1657,1,cluster_B,downweight,0.3499999940395355
1658,1,cluster_B,downweight,0.3499999940395355
1659,1,cluster_B,downweight,0.3499999940395355
1660,0,cluster_A,retain,1.0
1661,0,cluster_A,downweight,0.3499999940395355
1662,1,cluster_B,downweight,0.3499999940395355
1663,0,cluster_A,downweight,0.3499999940395355
1664,0,cluster_A,retain,1.0
1665,0,cluster_A,retain,1.0
1666,1,cluster_B,downweight,0.3499999940395355
1667,1,cluster_B,downweight,0.3499999940395355
1668,1,cluster_B,downweight,0.3499999940395355
1669,0,cluster_A,retain,1.0
1670,1,cluster_B,downweight,0.3499999940395355
1671,0,cluster_A,downweight,0.3499999940395355
1672,1,cluster_B,retain,1.0
1673,0,cluster_A,retain,1.0
1674,0,cluster_A,retain,1.0
1675,1,cluster_B,retain,1.0
1676,1,cluster_B,retain,1.0
1677,0,cluster_A,downweight,0.3499999940395355
1678,1,cluster_B,retain,1.0
1679,1,cluster_B,retain,1.0
1680,0,cluster_A,downweight,0.3499999940395355
1681,0,cluster_A,downweight,0.3499999940395355
1682,0,cluster_A,downweight,0.3499999940395355
1683,1,cluster_B,retain,1.0
1684,1,cluster_B,downweight,0.3499999940395355
1685,0,cluster_A,downweight,0.3499999940395355
1686,1,cluster_B,downweight,0.3499999940395355
1687,0,cluster_A,retain,1.0
1688,0,cluster_A,retain,1.0
1689,1,cluster_B,retain,1.0
1690,1,cluster_B,downweight,0.3499999940395355
1692,0,cluster_A,downweight,0.3499999940395355
1693,1,cluster_B,downweight,0.3499999940395355
1694,1,cluster_B,retain,1.0
1695,0,cluster_A,downweight,0.3499999940395355
1696,0,cluster_A,retain,1.0
1697,1,cluster_B,retain,1.0
1698,0,cluster_A,downweight,0.3499999940395355
1699,0,cluster_A,retain,1.0
1700,0,cluster_A,downweight,0.3499999940395355
1701,0,cluster_A,retain,1.0
1702,0,cluster_A,downweight,0.3499999940395355
1703,0,cluster_A,retain,1.0
1704,0,cluster_A,downweight,0.3499999940395355
1705,1,cluster_B,retain,1.0
1706,0,cluster_A,retain,1.0
1707,0,cluster_A,downweight,0.3499999940395355
1708,1,cluster_B,retain,1.0
1709,0,cluster_A,downweight,0.3499999940395355
1710,0,cluster_A,retain,1.0
1711,1,cluster_B,downweight,0.3499999940395355
1712,1,cluster_B,retain,1.0
1713,0,cluster_A,downweight,0.3499999940395355
1714,0,cluster_A,downweight,0.3499999940395355
1715,0,cluster_A,retain,1.0
1716,1,cluster_B,retain,1.0
1717,1,cluster_B,retain,1.0
1718,1,cluster_B,retain,1.0
1719,0,cluster_A,retain,1.0
1720,0,cluster_A,retain,1.0
1721,0,cluster_A,retain,1.0
1722,1,cluster_B,downweight,0.3499999940395355
1723,0,cluster_A,downweight,0.3499999940395355
1724,1,cluster_B,retain,1.0
1725,1,cluster_B,retain,1.0
1726,0,cluster_A,retain,1.0
1727,1,cluster_B,downweight,0.3499999940395355
1728,1,cluster_B,downweight,0.3499999940395355
1729,0,cluster_A,retain,1.0
1730,0,cluster_A,downweight,0.3499999940395355
1731,1,cluster_B,downweight,0.3499999940395355
1732,0,cluster_A,downweight,0.3499999940395355
1733,1,cluster_B,retain,1.0
1734,0,cluster_A,retain,1.0
1735,1,cluster_B,downweight,0.3499999940395355
1736,0,cluster_A,downweight,0.3499999940395355
1737,0,cluster_A,downweight,0.3499999940395355
1738,1,cluster_B,downweight,0.3499999940395355
1739,1,cluster_B,downweight,0.3499999940395355
1740,0,cluster_A,retain,1.0
1741,0,cluster_A,downweight,0.3499999940395355
1742,1,cluster_B,retain,1.0
1743,0,cluster_A,downweight,0.3499999940395355
1744,1,cluster_B,retain,1.0
1745,1,cluster_B,retain,1.0
1746,1,cluster_B,downweight,0.3499999940395355
1747,1,cluster_B,downweight,0.3499999940395355
1748,0,cluster_A,downweight,0.3499999940395355
1749,0,cluster_A,retain,1.0
1750,0,cluster_A,retain,1.0
1751,0,cluster_A,downweight,0.3499999940395355
1752,1,cluster_B,downweight,0.3499999940395355
1753,0,cluster_A,retain,1.0
1754,1,cluster_B,downweight,0.3499999940395355
1755,0,cluster_A,retain,1.0
1756,0,cluster_A,retain,1.0
1757,1,cluster_B,downweight,0.3499999940395355
1758,0,cluster_A,retain,1.0
1759,0,cluster_A,retain,1.0
1760,0,cluster_A,downweight,0.3499999940395355
1761,1,cluster_B,retain,1.0
1762,1,cluster_B,downweight,0.3499999940395355
1763,0,cluster_A,downweight,0.3499999940395355
1764,0,cluster_A,retain,1.0
1765,1,cluster_B,downweight,0.3499999940395355
1767,0,cluster_A,retain,1.0
1769,1,cluster_B,retain,1.0
1770,1,cluster_B,retain,1.0
1771,1,cluster_B,downweight,0.3499999940395355
1772,1,cluster_B,retain,1.0
1773,0,cluster_A,downweight,0.3499999940395355
1774,1,cluster_B,downweight,0.3499999940395355
1775,0,cluster_A,downweight,0.3499999940395355
1776,0,cluster_A,downweight,0.3499999940395355
1777,0,cluster_A,downweight,0.3499999940395355
1778,1,cluster_B,downweight,0.3499999940395355
1779,0,cluster_A,downweight,0.3499999940395355
1780,1,cluster_B,retain,1.0
1781,1,cluster_B,retain,1.0
1782,0,cluster_A,downweight,0.3499999940395355
1783,1,cluster_B,retain,1.0
1784,1,cluster_B,downweight,0.3499999940395355
1785,1,cluster_B,downweight,0.3499999940395355
1786,1,cluster_B,retain,1.0
1787,1,cluster_B,retain,1.0
1788,0,cluster_A,retain,1.0
1789,0,cluster_A,retain,1.0
1790,0,cluster_A,retain,1.0
1791,0,cluster_A,downweight,0.3499999940395355
1792,0,cluster_A,downweight,0.3499999940395355
1793,1,cluster_B,retain,1.0
1794,0,cluster_A,downweight,0.3499999940395355
1795,1,cluster_B,downweight,0.3499999940395355
1796,1,cluster_B,retain,1.0
1797,0,cluster_A,retain,1.0
1798,0,cluster_A,downweight,0.3499999940395355
1799,0,cluster_A,retain,1.0
1800,1,cluster_B,downweight,0.3499999940395355
1801,1,cluster_B,downweight,0.3499999940395355
1802,1,cluster_B,downweight,0.3499999940395355
1803,1,cluster_B,retain,1.0
1804,0,cluster_A,downweight,0.3499999940395355
1805,0,cluster_A,retain,1.0
1806,1,cluster_B,retain,1.0
1807,1,cluster_B,downweight,0.3499999940395355
1808,0,cluster_A,downweight,0.3499999940395355
1809,1,cluster_B,downweight,0.3499999940395355
1810,0,cluster_A,downweight,0.3499999940395355
1811,0,cluster_A,retain,1.0
1812,0,cluster_A,downweight,0.3499999940395355
1813,1,cluster_B,retain,1.0
1814,1,cluster_B,downweight,0.3499999940395355
1815,1,cluster_B,retain,1.0
1816,0,cluster_A,downweight,0.3499999940395355
1817,1,cluster_B,downweight,0.3499999940395355
1818,0,cluster_A,downweight,0.3499999940395355
1819,0,cluster_A,downweight,0.3499999940395355
1820,0,cluster_A,downweight,0.3499999940395355
1822,0,cluster_A,retain,1.0
1823,0,cluster_A,downweight,0.3499999940395355
1824,0,cluster_A,retain,1.0
1825,0,cluster_A,downweight,0.3499999940395355
1826,0,cluster_A,downweight,0.3499999940395355
1827,1,cluster_B,downweight,0.3499999940395355
1828,1,cluster_B,downweight,0.3499999940395355
1829,1,cluster_B,downweight,0.3499999940395355
1830,0,cluster_A,downweight,0.3499999940395355
1831,1,cluster_B,retain,1.0
1832,1,cluster_B,downweight,0.3499999940395355
1833,1,cluster_B,retain,1.0
1834,0,cluster_A,downweight,0.3499999940395355
1835,1,cluster_B,retain,1.0
1836,0,cluster_A,downweight,0.3499999940395355
1837,0,cluster_A,retain,1.0
1838,0,cluster_A,retain,1.0
1839,0,cluster_A,downweight,0.3499999940395355
1840,0,cluster_A,downweight,0.3499999940395355
1841,0,cluster_A,downweight,0.3499999940395355
1842,0,cluster_A,downweight,0.3499999940395355
1843,1,cluster_B,retain,1.0
1844,0,cluster_A,retain,1.0
1845,1,cluster_B,downweight,0.3499999940395355
1846,1,cluster_B,downweight,0.3499999940395355
1847,1,cluster_B,retain,1.0
1848,1,cluster_B,downweight,0.3499999940395355
1849,1,cluster_B,retain,1.0
1850,1,cluster_B,retain,1.0
1851,1,cluster_B,retain,1.0
1852,1,cluster_B,downweight,0.3499999940395355
1853,1,cluster_B,retain,1.0
1854,0,cluster_A,downweight,0.3499999940395355
1855,1,cluster_B,downweight,0.3499999940395355
1856,0,cluster_A,downweight,0.3499999940395355
1857,0,cluster_A,retain,1.0
1858,1,cluster_B,retain,1.0
1859,0,cluster_A,downweight,0.3499999940395355
1860,0,cluster_A,downweight,0.3499999940395355
1861,1,cluster_B,downweight,0.3499999940395355
1862,1,cluster_B,downweight,0.3499999940395355
1863,1,cluster_B,retain,1.0
1864,0,cluster_A,downweight,0.3499999940395355
1865,1,cluster_B,retain,1.0
1866,0,cluster_A,downweight,0.3499999940395355
1867,0,cluster_A,retain,1.0
1869,0,cluster_A,retain,1.0
1870,1,cluster_B,retain,1.0
1871,0,cluster_A,retain,1.0
1872,0,cluster_A,downweight,0.3499999940395355
1873,1,cluster_B,downweight,0.3499999940395355
1874,1,cluster_B,retain,1.0
1875,1,cluster_B,retain,1.0
1876,1,cluster_B,downweight,0.3499999940395355
1877,1,cluster_B,retain,1.0
1878,1,cluster_B,downweight,0.3499999940395355
1879,1,cluster_B,downweight,0.3499999940395355
1880,0,cluster_A,downweight,0.3499999940395355
1881,0,cluster_A,retain,1.0
1882,1,cluster_B,downweight,0.3499999940395355
1883,0,cluster_A,downweight,0.3499999940395355
1884,1,cluster_B,downweight,0.3499999940395355
1885,1,cluster_B,downweight,0.3499999940395355
1886,1,cluster_B,downweight,0.3499999940395355
1887,0,cluster_A,downweight,0.3499999940395355
1888,1,cluster_B,retain,1.0
1889,0,cluster_A,retain,1.0
1890,0,cluster_A,retain,1.0
1891,0,cluster_A,retain,1.0
1892,0,cluster_A,downweight,0.3499999940395355
1893,1,cluster_B,retain,1.0
1894,0,cluster_A,retain,1.0
1895,1,cluster_B,downweight,0.3499999940395355
1896,1,cluster_B,downweight,0.3499999940395355
1897,1,cluster_B,downweight,0.3499999940395355
1898,1,cluster_B,retain,1.0
1899,0,cluster_A,retain,1.0
1900,0,cluster_A,retain,1.0
1901,0,cluster_A,downweight,0.3499999940395355
1902,1,cluster_B,retain,1.0
1903,0,cluster_A,downweight,0.3499999940395355
1904,0,cluster_A,downweight,0.3499999940395355
1905,1,cluster_B,retain,1.0
1906,0,cluster_A,downweight,0.3499999940395355
1907,0,cluster_A,retain,1.0
1908,0,cluster_A,downweight,0.3499999940395355
1909,0,cluster_A,downweight,0.3499999940395355
1910,0,cluster_A,retain,1.0
1911,0,cluster_A,downweight,0.3499999940395355
1912,1,cluster_B,retain,1.0
1913,1,cluster_B,retain,1.0
1914,1,cluster_B,downweight,0.3499999940395355
1915,1,cluster_B,retain,1.0
1916,1,cluster_B,downweight,0.3499999940395355
1917,0,cluster_A,downweight,0.3499999940395355
1918,1,cluster_B,downweight,0.3499999940395355
1919,1,cluster_B,downweight,0.3499999940395355
1920,1,cluster_B,retain,1.0
1921,0,cluster_A,downweight,0.3499999940395355
1922,0,cluster_A,downweight,0.3499999940395355
1923,1,cluster_B,retain,1.0
1924,1,cluster_B,downweight,0.3499999940395355
1925,1,cluster_B,retain,1.0
1926,1,cluster_B,retain,1.0
1927,0,cluster_A,retain,1.0
1928,0,cluster_A,downweight,0.3499999940395355
1929,1,cluster_B,downweight,0.3499999940395355
1930,0,cluster_A,retain,1.0
1931,0,cluster_A,downweight,0.3499999940395355
1932,0,cluster_A,downweight,0.3499999940395355
1933,1,cluster_B,retain,1.0
1934,1,cluster_B,downweight,0.3499999940395355
1935,1,cluster_B,retain,1.0
1936,1,cluster_B,downweight,0.3499999940395355
1937,1,cluster_B,retain,1.0
1938,0,cluster_A,downweight,0.3499999940395355
1939,0,cluster_A,retain,1.0
1940,0,cluster_A,retain,1.0
1941,0,cluster_A,downweight,0.3499999940395355
1942,1,cluster_B,retain,1.0
1943,0,cluster_A,downweight,0.3499999940395355
1944,0,cluster_A,downweight,0.3499999940395355
1945,1,cluster_B,downweight,0.3499999940395355
1946,1,cluster_B,downweight,0.3499999940395355
1947,1,cluster_B,retain,1.0
1948,1,cluster_B,downweight,0.3499999940395355
1949,1,cluster_B,downweight,0.3499999940395355
1950,0,cluster_A,retain,1.0
1951,1,cluster_B,retain,1.0
1952,0,cluster_A,downweight,0.3499999940395355
1953,0,cluster_A,retain,1.0
1954,1,cluster_B,downweight,0.3499999940395355
1955,1,cluster_B,retain,1.0
1956,0,cluster_A,retain,1.0
1957,0,cluster_A,downweight,0.3499999940395355
1958,1,cluster_B,retain,1.0
1959,0,cluster_A,retain,1.0
1960,0,cluster_A,retain,1.0
1961,1,cluster_B,downweight,0.3499999940395355
1962,0,cluster_A,downweight,0.3499999940395355
1963,0,cluster_A,downweight,0.3499999940395355
1964,1,cluster_B,retain,1.0
1965,1,cluster_B,retain,1.0
1966,0,cluster_A,downweight,0.3499999940395355
1967,0,cluster_A,retain,1.0
1968,1,cluster_B,retain,1.0
1969,0,cluster_A,downweight,0.3499999940395355
1970,0,cluster_A,retain,1.0
1971,0,cluster_A,downweight,0.3499999940395355
1972,0,cluster_A,downweight,0.3499999940395355
1973,1,cluster_B,downweight,0.3499999940395355
1974,0,cluster_A,downweight,0.3499999940395355
1975,1,cluster_B,retain,1.0
1976,1,cluster_B,downweight,0.3499999940395355
1977,1,cluster_B,retain,1.0
1978,1,cluster_B,retain,1.0
1979,0,cluster_A,downweight,0.3499999940395355
1980,0,cluster_A,downweight,0.3499999940395355
1981,0,cluster_A,downweight,0.3499999940395355
1982,1,cluster_B,downweight,0.3499999940395355
1983,0,cluster_A,retain,1.0
1984,0,cluster_A,downweight,0.3499999940395355
1985,0,cluster_A,downweight,0.3499999940395355
1986,1,cluster_B,retain,1.0
1987,0,cluster_A,retain,1.0
1988,1,cluster_B,retain,1.0
1989,0,cluster_A,retain,1.0
1990,0,cluster_A,downweight,0.3499999940395355
1991,1,cluster_B,downweight,0.3499999940395355
1992,1,cluster_B,downweight,0.3499999940395355
1993,0,cluster_A,retain,1.0
1994,1,cluster_B,retain,1.0
1995,0,cluster_A,downweight,0.3499999940395355
1996,0,cluster_A,downweight,0.3499999940395355
1997,0,cluster_A,retain,1.0
1998,1,cluster_B,downweight,0.3499999940395355
1999,1,cluster_B,retain,1.0
2000,1,cluster_B,downweight,0.3499999940395355
2001,0,cluster_A,downweight,0.3499999940395355
2002,1,cluster_B,retain,1.0
2003,0,cluster_A,downweight,0.3499999940395355
2004,1,cluster_B,retain,1.0
2005,1,cluster_B,retain,1.0
2006,1,cluster_B,downweight,0.3499999940395355
2007,0,cluster_A,retain,1.0
2008,1,cluster_B,retain,1.0
2009,1,cluster_B,retain,1.0
2010,0,cluster_A,retain,1.0
2011,0,cluster_A,retain,1.0
2012,1,cluster_B,downweight,0.3499999940395355
2013,0,cluster_A,retain,1.0
2014,1,cluster_B,downweight,0.3499999940395355
2015,0,cluster_A,retain,1.0
2016,1,cluster_B,downweight,0.3499999940395355
2017,1,cluster_B,downweight,0.3499999940395355
2018,1,cluster_B,downweight,0.3499999940395355
2019,0,cluster_A,retain,1.0
2020,0,cluster_A,retain,1.0
2021,0,cluster_A,retain,1.0
2022,1,cluster_B,downweight,0.3499999940395355
2023,1,cluster_B,retain,1.0
2024,1,cluster_B,retain,1.0
2025,1,cluster_B,downweight,0.3499999940395355
2026,0,cluster_A,downweight,0.3499999940395355
2027,0,cluster_A,retain,1.0
2028,0,cluster_A,downweight,0.3499999940395355
2029,1,cluster_B,retain,1.0
2030,0,cluster_A,downweight,0.3499999940395355
2031,0,cluster_A,retain,1.0
2032,1,cluster_B,downweight,0.3499999940395355
2033,1,cluster_B,downweight,0.3499999940395355
2034,0,cluster_A,downweight,0.3499999940395355
2035,1,cluster_B,retain,1.0
2036,0,cluster_A,downweight,0.3499999940395355
2037,0,cluster_A,downweight,0.3499999940395355
2038,1,cluster_B,downweight,0.3499999940395355
2039,0,cluster_A,retain,1.0
2040,0,cluster_A,retain,1.0
2041,0,cluster_A,retain,1.0
2042,0,cluster_A,retain,1.0
2043,1,cluster_B,retain,1.0
2044,1,cluster_B,downweight,0.3499999940395355
2045,1,cluster_B,downweight,0.3499999940395355
2046,1,cluster_B,retain,1.0
2047,0,cluster_A,retain,1.0
2048,0,cluster_A,retain,1.0
2049,0,cluster_A,downweight,0.3499999940395355
2050,1,cluster_B,downweight,0.3499999940395355
2051,1,cluster_B,downweight,0.3499999940395355
2052,1,cluster_B,downweight,0.3499999940395355
2053,0,cluster_A,downweight,0.3499999940395355
2054,1,cluster_B,retain,1.0
2055,1,cluster_B,downweight,0.3499999940395355
2056,0,cluster_A,downweight,0.3499999940395355
2057,1,cluster_B,retain,1.0
2058,0,cluster_A,downweight,0.3499999940395355
2059,0,cluster_A,retain,1.0
2060,1,cluster_B,retain,1.0
2061,1,cluster_B,retain,1.0
2062,0,cluster_A,downweight,0.3499999940395355
2063,0,cluster_A,downweight,0.3499999940395355
2064,0,cluster_A,retain,1.0
2065,0,cluster_A,downweight,0.3499999940395355
2066,0,cluster_A,downweight,0.3499999940395355
2067,1,cluster_B,retain,1.0
2068,1,cluster_B,retain,1.0
2069,0,cluster_A,downweight,0.3499999940395355
2070,0,cluster_A,downweight,0.3499999940395355
2071,1,cluster_B,retain,1.0
2072,1,cluster_B,downweight,0.3499999940395355
2073,1,cluster_B,retain,1.0
2074,1,cluster_B,downweight,0.3499999940395355
2075,1,cluster_B,downweight,0.3499999940395355
2076,0,cluster_A,downweight,0.3499999940395355
2077,0,cluster_A,retain,1.0
2078,0,cluster_A,downweight,0.3499999940395355
2079,1,cluster_B,downweight,0.3499999940395355
2080,1,cluster_B,retain,1.0
2081,1,cluster_B,downweight,0.3499999940395355
2082,1,cluster_B,retain,1.0
2083,0,cluster_A,retain,1.0
2084,0,cluster_A,retain,1.0
2085,0,cluster_A,downweight,0.3499999940395355
2086,1,cluster_B,retain,1.0
2087,0,cluster_A,downweight,0.3499999940395355
2088,0,cluster_A,downweight,0.3499999940395355
2089,0,cluster_A,downweight,0.3499999940395355
2090,0,cluster_A,retain,1.0
2091,0,cluster_A,downweight,0.3499999940395355
2092,0,cluster_A,downweight,0.3499999940395355
2093,1,cluster_B,retain,1.0
2094,0,cluster_A,downweight,0.3499999940395355
2095,0,cluster_A,downweight,0.3499999940395355
2096,1,cluster_B,downweight,0.3499999940395355
2097,0,cluster_A,downweight,0.3499999940395355
2098,1,cluster_B,retain,1.0
2099,0,cluster_A,retain,1.0
2100,0,cluster_A,downweight,0.3499999940395355
2101,1,cluster_B,downweight,0.3499999940395355
2102,0,cluster_A,retain,1.0
2103,0,cluster_A,retain,1.0
2104,0,cluster_A,downweight,0.3499999940395355
2105,1,cluster_B,downweight,0.3499999940395355
2106,1,cluster_B,downweight,0.3499999940395355
2107,0,cluster_A,retain,1.0
2108,0,cluster_A,retain,1.0
2109,0,cluster_A,retain,1.0
2110,0,cluster_A,retain,1.0
2111,1,cluster_B,retain,1.0
2112,1,cluster_B,retain,1.0
2113,1,cluster_B,retain,1.0
2114,0,cluster_A,downweight,0.3499999940395355
2115,1,cluster_B,downweight,0.3499999940395355
2116,1,cluster_B,downweight,0.3499999940395355
2117,0,cluster_A,retain,1.0
2118,0,cluster_A,retain,1.0
2119,1,cluster_B,downweight,0.3499999940395355
2120,1,cluster_B,retain,1.0
2121,0,cluster_A,retain,1.0
2122,1,cluster_B,downweight,0.3499999940395355
2123,1,cluster_B,downweight,0.3499999940395355
2124,1,cluster_B,retain,1.0
2125,1,cluster_B,retain,1.0
2126,0,cluster_A,downweight,0.3499999940395355
2127,1,cluster_B,downweight,0.3499999940395355
2128,1,cluster_B,downweight,0.3499999940395355
2129,0,cluster_A,downweight,0.3499999940395355
2130,1,cluster_B,downweight,0.3499999940395355
2131,1,cluster_B,retain,1.0
2132,1,cluster_B,retain,1.0
2133,1,cluster_B,retain,1.0
2134,1,cluster_B,retain,1.0
2135,1,cluster_B,retain,1.0
2137,1,cluster_B,retain,1.0
2138,1,cluster_B,retain,1.0
2139,0,cluster_A,downweight,0.3499999940395355
2140,0,cluster_A,retain,1.0
2141,0,cluster_A,retain,1.0
2142,1,cluster_B,downweight,0.3499999940395355
2143,1,cluster_B,retain,1.0
2144,0,cluster_A,retain,1.0
2145,1,cluster_B,retain,1.0
2146,1,cluster_B,retain,1.0
2148,1,cluster_B,retain,1.0
2149,1,cluster_B,retain,1.0
2150,0,cluster_A,downweight,0.3499999940395355
2151,1,cluster_B,retain,1.0
2152,0,cluster_A,downweight,0.3499999940395355
2153,0,cluster_A,retain,1.0
2154,0,cluster_A,downweight,0.3499999940395355
2155,0,cluster_A,retain,1.0
2156,1,cluster_B,retain,1.0
2157,1,cluster_B,downweight,0.3499999940395355
2158,0,cluster_A,retain,1.0
2159,0,cluster_A,retain,1.0
2160,0,cluster_A,downweight,0.3499999940395355
2161,0,cluster_A,downweight,0.3499999940395355
2162,1,cluster_B,downweight,0.3499999940395355
2163,0,cluster_A,retain,1.0
2164,1,cluster_B,retain,1.0
2165,1,cluster_B,retain,1.0
2166,0,cluster_A,downweight,0.3499999940395355
2167,0,cluster_A,downweight,0.3499999940395355
2168,1,cluster_B,retain,1.0
2169,0,cluster_A,retain,1.0
2170,0,cluster_A,downweight,0.3499999940395355
2171,1,cluster_B,downweight,0.3499999940395355
2172,1,cluster_B,downweight,0.3499999940395355
2173,1,cluster_B,downweight,0.3499999940395355
2174,0,cluster_A,downweight,0.3499999940395355
2175,0,cluster_A,downweight,0.3499999940395355
2176,1,cluster_B,downweight,0.3499999940395355
2177,1,cluster_B,downweight,0.3499999940395355
2178,0,cluster_A,downweight,0.3499999940395355
2179,0,cluster_A,downweight,0.3499999940395355
2180,1,cluster_B,retain,1.0
2181,0,cluster_A,retain,1.0
2182,1,cluster_B,retain,1.0
2183,1,cluster_B,downweight,0.3499999940395355
2184,1,cluster_B,downweight,0.3499999940395355
2185,0,cluster_A,retain,1.0
2186,1,cluster_B,retain,1.0
2187,1,cluster_B,retain,1.0
2188,1,cluster_B,downweight,0.3499999940395355
2189,0,cluster_A,retain,1.0
2190,1,cluster_B,retain,1.0
2191,0,cluster_A,retain,1.0
2192,0,cluster_A,downweight,0.3499999940395355
2193,1,cluster_B,downweight,0.3499999940395355
2194,0,cluster_A,downweight,0.3499999940395355
2195,0,cluster_A,downweight,0.3499999940395355
2196,0,cluster_A,downweight,0.3499999940395355
2197,0,cluster_A,retain,1.0
2198,0,cluster_A,retain,1.0
2199,1,cluster_B,downweight,0.3499999940395355
2200,1,cluster_B,downweight,0.3499999940395355
2201,0,cluster_A,downweight,0.3499999940395355
2202,0,cluster_A,downweight,0.3499999940395355
2203,1,cluster_B,retain,1.0
2204,1,cluster_B,retain,1.0
2205,0,cluster_A,retain,1.0
2206,1,cluster_B,retain,1.0
2207,1,cluster_B,downweight,0.3499999940395355
2208,1,cluster_B,retain,1.0
2209,0,cluster_A,retain,1.0
2210,1,cluster_B,retain,1.0
2211,0,cluster_A,retain,1.0
2212,1,cluster_B,downweight,0.3499999940395355
2213,0,cluster_A,downweight,0.3499999940395355
2214,1,cluster_B,retain,1.0
2215,1,cluster_B,retain,1.0
2216,1,cluster_B,retain,1.0
2217,1,cluster_B,downweight,0.3499999940395355
2218,1,cluster_B,downweight,0.3499999940395355
2219,0,cluster_A,downweight,0.3499999940395355
2220,0,cluster_A,downweight,0.3499999940395355
2221,1,cluster_B,downweight,0.3499999940395355
2222,0,cluster_A,downweight,0.3499999940395355
2223,1,cluster_B,downweight,0.3499999940395355
2224,0,cluster_A,downweight,0.3499999940395355
2225,0,cluster_A,downweight,0.3499999940395355
2226,0,cluster_A,retain,1.0
2227,1,cluster_B,downweight,0.3499999940395355
2228,1,cluster_B,downweight,0.3499999940395355
2229,0,cluster_A,downweight,0.3499999940395355
2230,0,cluster_A,downweight,0.3499999940395355
2231,0,cluster_A,downweight,0.3499999940395355
2232,1,cluster_B,retain,1.0
2233,0,cluster_A,downweight,0.3499999940395355
2234,1,cluster_B,downweight,0.3499999940395355
2235,1,cluster_B,retain,1.0
2236,0,cluster_A,retain,1.0
2237,1,cluster_B,downweight,0.3499999940395355
2238,0,cluster_A,retain,1.0
2239,0,cluster_A,retain,1.0
2240,1,cluster_B,downweight,0.3499999940395355
2241,1,cluster_B,retain,1.0
2242,0,cluster_A,downweight,0.3499999940395355
2243,0,cluster_A,retain,1.0
2244,0,cluster_A,downweight,0.3499999940395355
2245,1,cluster_B,retain,1.0
2246,1,cluster_B,retain,1.0
2247,0,cluster_A,downweight,0.3499999940395355
2248,0,cluster_A,downweight,0.3499999940395355
2249,1,cluster_B,downweight,0.3499999940395355
2250,0,cluster_A,retain,1.0
2251,0,cluster_A,retain,1.0
2252,0,cluster_A,downweight,0.3499999940395355
2253,0,cluster_A,downweight,0.3499999940395355
2254,1,cluster_B,retain,1.0
2255,1,cluster_B,downweight,0.3499999940395355
2256,1,cluster_B,downweight,0.3499999940395355
2257,0,cluster_A,retain,1.0
2258,1,cluster_B,retain,1.0
2259,0,cluster_A,downweight,0.3499999940395355
2260,0,cluster_A,retain,1.0
2261,1,cluster_B,retain,1.0
2262,0,cluster_A,downweight,0.3499999940395355
2263,1,cluster_B,downweight,0.3499999940395355
2264,1,cluster_B,downweight,0.3499999940395355
2265,1,cluster_B,downweight,0.3499999940395355
2266,1,cluster_B,downweight,0.3499999940395355
2267,0,cluster_A,retain,1.0
2268,1,cluster_B,retain,1.0
2269,0,cluster_A,downweight,0.3499999940395355
2270,1,cluster_B,retain,1.0
2271,0,cluster_A,downweight,0.3499999940395355
2272,1,cluster_B,downweight,0.3499999940395355
2273,0,cluster_A,downweight,0.3499999940395355
2274,0,cluster_A,downweight,0.3499999940395355
2275,1,cluster_B,downweight,0.3499999940395355
2276,1,cluster_B,downweight,0.3499999940395355
2277,1,cluster_B,retain,1.0
2278,0,cluster_A,downweight,0.3499999940395355
2279,1,cluster_B,downweight,0.3499999940395355
2280,1,cluster_B,retain,1.0
2281,1,cluster_B,retain,1.0
2282,0,cluster_A,retain,1.0
2283,1,cluster_B,retain,1.0
2284,1,cluster_B,downweight,0.3499999940395355
2286,0,cluster_A,downweight,0.3499999940395355
2287,0,cluster_A,retain,1.0
2288,0,cluster_A,retain,1.0
2289,1,cluster_B,retain,1.0
2290,1,cluster_B,downweight,0.3499999940395355
2291,0,cluster_A,downweight,0.3499999940395355
2292,1,cluster_B,downweight,0.3499999940395355
2293,0,cluster_A,retain,1.0
2294,1,cluster_B,retain,1.0
2295,1,cluster_B,downweight,0.3499999940395355
2296,0,cluster_A,downweight,0.3499999940395355
2297,0,cluster_A,retain,1.0
2298,1,cluster_B,retain,1.0
2299,0,cluster_A,downweight,0.3499999940395355
2300,1,cluster_B,retain,1.0
2301,1,cluster_B,downweight,0.3499999940395355
2302,0,cluster_A,retain,1.0
2303,0,cluster_A,retain,1.0
2304,1,cluster_B,retain,1.0
2305,1,cluster_B,downweight,0.3499999940395355
2306,1,cluster_B,retain,1.0
2307,0,cluster_A,retain,1.0
2308,0,cluster_A,retain,1.0
2309,0,cluster_A,downweight,0.3499999940395355
2310,0,cluster_A,retain,1.0
2311,1,cluster_B,downweight,0.3499999940395355
2312,0,cluster_A,downweight,0.3499999940395355
2313,0,cluster_A,retain,1.0
2314,1,cluster_B,downweight,0.3499999940395355
2315,0,cluster_A,downweight,0.3499999940395355
2316,0,cluster_A,downweight,0.3499999940395355
2317,0,cluster_A,retain,1.0
2318,1,cluster_B,downweight,0.3499999940395355
2319,1,cluster_B,retain,1.0
2320,1,cluster_B,downweight,0.3499999940395355
2321,0,cluster_A,downweight,0.3499999940395355
2322,0,cluster_A,downweight,0.3499999940395355
2323,0,cluster_A,retain,1.0
2324,0,cluster_A,retain,1.0
2325,0,cluster_A,downweight,0.3499999940395355
2326,1,cluster_B,retain,1.0
2327,1,cluster_B,downweight,0.3499999940395355
2328,1,cluster_B,downweight,0.3499999940395355
2329,0,cluster_A,retain,1.0
2330,1,cluster_B,retain,1.0
2331,1,cluster_B,downweight,0.3499999940395355
2332,1,cluster_B,downweight,0.3499999940395355
2333,0,cluster_A,retain,1.0
2334,1,cluster_B,retain,1.0
2335,1,cluster_B,downweight,0.3499999940395355
2336,1,cluster_B,retain,1.0
2337,1,cluster_B,retain,1.0
2338,1,cluster_B,retain,1.0
2339,0,cluster_A,retain,1.0
2340,1,cluster_B,downweight,0.3499999940395355
2341,1,cluster_B,retain,1.0
2342,1,cluster_B,downweight,0.3499999940395355
2343,1,cluster_B,downweight,0.3499999940395355
2344,0,cluster_A,retain,1.0
2345,0,cluster_A,downweight,0.3499999940395355
2346,1,cluster_B,retain,1.0
2347,0,cluster_A,retain,1.0
2348,1,cluster_B,retain,1.0
2349,0,cluster_A,downweight,0.3499999940395355
2350,1,cluster_B,downweight,0.3499999940395355
2351,0,cluster_A,retain,1.0
2352,1,cluster_B,downweight,0.3499999940395355
2353,1,cluster_B,retain,1.0
2354,0,cluster_A,retain,1.0
2355,1,cluster_B,retain,1.0
2356,1,cluster_B,downweight,0.3499999940395355
2357,0,cluster_A,retain,1.0
2358,1,cluster_B,retain,1.0
2359,1,cluster_B,retain,1.0
2360,0,cluster_A,retain,1.0
2361,0,cluster_A,downweight,0.3499999940395355
2362,0,cluster_A,downweight,0.3499999940395355
2363,0,cluster_A,downweight,0.3499999940395355
2364,1,cluster_B,downweight,0.3499999940395355
2365,1,cluster_B,retain,1.0
2366,0,cluster_A,retain,1.0
2367,1,cluster_B,downweight,0.3499999940395355
2368,1,cluster_B,retain,1.0
2369,0,cluster_A,retain,1.0
2370,0,cluster_A,downweight,0.3499999940395355
2371,0,cluster_A,downweight,0.3499999940395355
2372,1,cluster_B,downweight,0.3499999940395355
2373,1,cluster_B,retain,1.0
2374,1,cluster_B,downweight,0.3499999940395355
2375,1,cluster_B,downweight,0.3499999940395355
2376,1,cluster_B,downweight,0.3499999940395355
2377,1,cluster_B,downweight,0.3499999940395355
2378,0,cluster_A,retain,1.0
2379,0,cluster_A,downweight,0.3499999940395355
2380,1,cluster_B,downweight,0.3499999940395355
2382,0,cluster_A,retain,1.0
2383,1,cluster_B,downweight,0.3499999940395355
2384,1,cluster_B,retain,1.0
2385,0,cluster_A,retain,1.0
2386,0,cluster_A,downweight,0.3499999940395355
2387,0,cluster_A,retain,1.0
2389,0,cluster_A,retain,1.0
2390,0,cluster_A,downweight,0.3499999940395355
2391,1,cluster_B,downweight,0.3499999940395355
2392,1,cluster_B,retain,1.0
2393,0,cluster_A,retain,1.0
2394,0,cluster_A,retain,1.0
2395,0,cluster_A,downweight,0.3499999940395355
2396,0,cluster_A,retain,1.0
2397,0,cluster_A,retain,1.0
2398,1,cluster_B,downweight,0.3499999940395355
2399,0,cluster_A,downweight,0.3499999940395355
2400,0,cluster_A,retain,1.0
2401,0,cluster_A,downweight,0.3499999940395355
2402,0,cluster_A,downweight,0.3499999940395355
2403,0,cluster_A,retain,1.0
2404,0,cluster_A,downweight,0.3499999940395355
2405,1,cluster_B,downweight,0.3499999940395355
2406,1,cluster_B,downweight,0.3499999940395355
2407,1,cluster_B,downweight,0.3499999940395355
2408,1,cluster_B,retain,1.0
2409,0,cluster_A,downweight,0.3499999940395355
2410,0,cluster_A,downweight,0.3499999940395355
2411,0,cluster_A,retain,1.0
2412,1,cluster_B,downweight,0.3499999940395355
2413,1,cluster_B,retain,1.0
2414,0,cluster_A,retain,1.0
2415,1,cluster_B,downweight,0.3499999940395355
2416,0,cluster_A,downweight,0.3499999940395355
2417,0,cluster_A,downweight,0.3499999940395355
2418,0,cluster_A,retain,1.0
2419,0,cluster_A,retain,1.0
2420,1,cluster_B,downweight,0.3499999940395355
2421,1,cluster_B,downweight,0.3499999940395355
2422,0,cluster_A,retain,1.0
2423,1,cluster_B,retain,1.0
2424,1,cluster_B,retain,1.0
2425,1,cluster_B,retain,1.0
2426,0,cluster_A,downweight,0.3499999940395355
2427,0,cluster_A,retain,1.0
2428,0,cluster_A,retain,1.0
2429,0,cluster_A,downweight,0.3499999940395355
2430,1,cluster_B,retain,1.0
2431,0,cluster_A,downweight,0.3499999940395355
2432,0,cluster_A,downweight,0.3499999940395355
2433,1,cluster_B,downweight,0.3499999940395355
2434,0,cluster_A,retain,1.0
2435,0,cluster_A,downweight,0.3499999940395355
2436,1,cluster_B,downweight,0.3499999940395355
2437,1,cluster_B,retain,1.0
2438,0,cluster_A,retain,1.0
2439,1,cluster_B,downweight,0.3499999940395355
2440,1,cluster_B,downweight,0.3499999940395355
2441,0,cluster_A,downweight,0.3499999940395355
2442,1,cluster_B,downweight,0.3499999940395355
2443,1,cluster_B,downweight,0.3499999940395355
2444,1,cluster_B,downweight,0.3499999940395355
2445,0,cluster_A,downweight,0.3499999940395355
2446,1,cluster_B,downweight,0.3499999940395355
2447,0,cluster_A,downweight,0.3499999940395355
2448,1,cluster_B,downweight,0.3499999940395355
2449,1,cluster_B,downweight,0.3499999940395355
2450,1,cluster_B,downweight,0.3499999940395355
2451,1,cluster_B,downweight,0.3499999940395355
2452,0,cluster_A,downweight,0.3499999940395355
2453,0,cluster_A,downweight,0.3499999940395355
2454,1,cluster_B,retain,1.0
2455,0,cluster_A,retain,1.0
2456,0,cluster_A,downweight,0.3499999940395355
2457,1,cluster_B,downweight,0.3499999940395355
2458,1,cluster_B,retain,1.0
2459,0,cluster_A,retain,1.0
2460,0,cluster_A,retain,1.0
2461,0,cluster_A,downweight,0.3499999940395355
2462,0,cluster_A,retain,1.0
2463,0,cluster_A,retain,1.0
2464,1,cluster_B,downweight,0.3499999940395355
2465,1,cluster_B,downweight,0.3499999940395355
2466,0,cluster_A,downweight,0.3499999940395355
2467,0,cluster_A,downweight,0.3499999940395355
2468,1,cluster_B,downweight,0.3499999940395355
2469,0,cluster_A,downweight,0.3499999940395355
2470,1,cluster_B,downweight,0.3499999940395355
2471,0,cluster_A,downweight,0.3499999940395355
2472,1,cluster_B,downweight,0.3499999940395355
2473,1,cluster_B,downweight,0.3499999940395355
2474,1,cluster_B,retain,1.0
2475,1,cluster_B,retain,1.0
2476,1,cluster_B,downweight,0.3499999940395355
2477,0,cluster_A,downweight,0.3499999940395355
2478,1,cluster_B,downweight,0.3499999940395355
2479,1,cluster_B,downweight,0.3499999940395355
2480,0,cluster_A,retain,1.0
2481,1,cluster_B,downweight,0.3499999940395355
2482,0,cluster_A,retain,1.0
2484,0,cluster_A,retain,1.0
2485,0,cluster_A,downweight,0.3499999940395355
2486,1,cluster_B,downweight,0.3499999940395355
2487,0,cluster_A,downweight,0.3499999940395355
2488,0,cluster_A,downweight,0.3499999940395355
2489,0,cluster_A,retain,1.0
2490,1,cluster_B,downweight,0.3499999940395355
2491,1,cluster_B,downweight,0.3499999940395355
2492,1,cluster_B,downweight,0.3499999940395355
2493,1,cluster_B,retain,1.0
2494,0,cluster_A,downweight,0.3499999940395355
2495,1,cluster_B,retain,1.0
2496,1,cluster_B,retain,1.0
2497,1,cluster_B,downweight,0.3499999940395355
2498,1,cluster_B,retain,1.0
2499,1,cluster_B,downweight,0.3499999940395355
2500,1,cluster_B,downweight,0.3499999940395355
2502,0,cluster_A,downweight,0.3499999940395355
2503,1,cluster_B,retain,1.0
2504,1,cluster_B,retain,1.0
2505,0,cluster_A,downweight,0.3499999940395355
2506,1,cluster_B,downweight,0.3499999940395355
2507,0,cluster_A,retain,1.0
2508,1,cluster_B,retain,1.0
2509,0,cluster_A,retain,1.0
2510,1,cluster_B,downweight,0.3499999940395355
2511,1,cluster_B,downweight,0.3499999940395355
2512,1,cluster_B,retain,1.0
2513,0,cluster_A,downweight,0.3499999940395355
2514,0,cluster_A,retain,1.0
2515,1,cluster_B,downweight,0.3499999940395355
2516,0,cluster_A,downweight,0.3499999940395355
2517,0,cluster_A,downweight,0.3499999940395355
2518,0,cluster_A,downweight,0.3499999940395355
2519,1,cluster_B,retain,1.0
2520,1,cluster_B,downweight,0.3499999940395355
2521,1,cluster_B,downweight,0.3499999940395355
2522,1,cluster_B,retain,1.0
2523,0,cluster_A,downweight,0.3499999940395355
2524,1,cluster_B,retain,1.0
2525,1,cluster_B,downweight,0.3499999940395355
2526,0,cluster_A,downweight,0.3499999940395355
2527,1,cluster_B,downweight,0.3499999940395355
2528,1,cluster_B,retain,1.0
2529,0,cluster_A,retain,1.0
2530,0,cluster_A,retain,1.0
2531,0,cluster_A,downweight,0.3499999940395355
2532,0,cluster_A,downweight,0.3499999940395355
2533,1,cluster_B,downweight,0.3499999940395355
2534,1,cluster_B,downweight,0.3499999940395355
2535,1,cluster_B,retain,1.0
2536,1,cluster_B,downweight,0.3499999940395355
2537,1,cluster_B,downweight,0.3499999940395355
2538,0,cluster_A,retain,1.0
2539,1,cluster_B,retain,1.0
2540,1,cluster_B,retain,1.0
2541,0,cluster_A,retain,1.0
2542,0,cluster_A,downweight,0.3499999940395355
2543,0,cluster_A,downweight,0.3499999940395355
2544,1,cluster_B,downweight,0.3499999940395355
2545,1,cluster_B,retain,1.0
2546,0,cluster_A,downweight,0.3499999940395355
2547,1,cluster_B,retain,1.0
2548,0,cluster_A,retain,1.0
2549,1,cluster_B,retain,1.0
2550,1,cluster_B,downweight,0.3499999940395355
2551,1,cluster_B,downweight,0.3499999940395355
2552,0,cluster_A,downweight,0.3499999940395355
2553,1,cluster_B,downweight,0.3499999940395355
2554,1,cluster_B,downweight,0.3499999940395355
2555,0,cluster_A,downweight,0.3499999940395355
2556,1,cluster_B,retain,1.0
2557,0,cluster_A,retain,1.0
2558,0,cluster_A,retain,1.0
2559,0,cluster_A,retain,1.0
2560,1,cluster_B,downweight,0.3499999940395355
2561,0,cluster_A,downweight,0.3499999940395355
2562,1,cluster_B,downweight,0.3499999940395355
2563,0,cluster_A,downweight,0.3499999940395355
2564,1,cluster_B,retain,1.0
2565,1,cluster_B,retain,1.0
2566,0,cluster_A,downweight,0.3499999940395355
2567,1,cluster_B,downweight,0.3499999940395355
2568,0,cluster_A,downweight,0.3499999940395355
2569,1,cluster_B,downweight,0.3499999940395355
2570,0,cluster_A,downweight,0.3499999940395355
2571,1,cluster_B,retain,1.0
2572,1,cluster_B,retain,1.0
2573,1,cluster_B,retain,1.0
2574,0,cluster_A,downweight,0.3499999940395355
2575,1,cluster_B,downweight,0.3499999940395355
2576,0,cluster_A,retain,1.0
2577,1,cluster_B,downweight,0.3499999940395355
2578,0,cluster_A,retain,1.0
2579,0,cluster_A,downweight,0.3499999940395355
2580,1,cluster_B,retain,1.0
2581,1,cluster_B,downweight,0.3499999940395355
2582,0,cluster_A,downweight,0.3499999940395355
2583,0,cluster_A,retain,1.0
2584,1,cluster_B,retain,1.0
2585,0,cluster_A,downweight,0.3499999940395355
2586,0,cluster_A,retain,1.0
2587,1,cluster_B,retain,1.0
2588,1,cluster_B,retain,1.0
2589,0,cluster_A,downweight,0.3499999940395355
2590,0,cluster_A,retain,1.0
2591,1,cluster_B,retain,1.0
2592,0,cluster_A,retain,1.0
2593,0,cluster_A,retain,1.0
2594,0,cluster_A,retain,1.0
2595,1,cluster_B,retain,1.0
2596,0,cluster_A,downweight,0.3499999940395355
2597,0,cluster_A,downweight,0.3499999940395355
2598,0,cluster_A,downweight,0.3499999940395355
2599,0,cluster_A,downweight,0.3499999940395355
2600,1,cluster_B,downweight,0.3499999940395355
2601,1,cluster_B,retain,1.0
2602,0,cluster_A,downweight,0.3499999940395355
2603,1,cluster_B,retain,1.0
2604,1,cluster_B,downweight,0.3499999940395355
2605,1,cluster_B,downweight,0.3499999940395355
2606,0,cluster_A,retain,1.0
2607,1,cluster_B,retain,1.0
2608,1,cluster_B,downweight,0.3499999940395355
2609,0,cluster_A,retain,1.0
2610,1,cluster_B,downweight,0.3499999940395355
2611,1,cluster_B,retain,1.0
2612,0,cluster_A,downweight,0.3499999940395355
2613,1,cluster_B,retain,1.0
2614,0,cluster_A,downweight,0.3499999940395355
2615,0,cluster_A,downweight,0.3499999940395355
2616,1,cluster_B,downweight,0.3499999940395355
2617,1,cluster_B,retain,1.0
2618,0,cluster_A,retain,1.0
2619,0,cluster_A,downweight,0.3499999940395355
2620,1,cluster_B,downweight,0.3499999940395355
2621,1,cluster_B,retain,1.0
2622,1,cluster_B,downweight,0.3499999940395355
2623,1,cluster_B,retain,1.0
2624,1,cluster_B,downweight,0.3499999940395355
2625,0,cluster_A,downweight,0.3499999940395355
2626,0,cluster_A,retain,1.0
2627,1,cluster_B,downweight,0.3499999940395355
2628,1,cluster_B,downweight,0.3499999940395355
2629,0,cluster_A,retain,1.0
2630,0,cluster_A,retain,1.0
2631,1,cluster_B,downweight,0.3499999940395355
2632,0,cluster_A,downweight,0.3499999940395355
2633,1,cluster_B,downweight,0.3499999940395355
2634,0,cluster_A,downweight,0.3499999940395355
2635,0,cluster_A,downweight,0.3499999940395355
2636,1,cluster_B,retain,1.0
2637,0,cluster_A,downweight,0.3499999940395355
2638,0,cluster_A,retain,1.0
2639,1,cluster_B,downweight,0.3499999940395355
2640,0,cluster_A,downweight,0.3499999940395355
2641,1,cluster_B,downweight,0.3499999940395355
2642,1,cluster_B,retain,1.0
2643,0,cluster_A,retain,1.0
2644,0,cluster_A,downweight,0.3499999940395355
2645,0,cluster_A,retain,1.0
2646,1,cluster_B,downweight,0.3499999940395355
2647,0,cluster_A,retain,1.0
2648,0,cluster_A,retain,1.0
2649,1,cluster_B,retain,1.0
2650,1,cluster_B,downweight,0.3499999940395355
2651,0,cluster_A,retain,1.0
2652,0,cluster_A,downweight,0.3499999940395355
2653,0,cluster_A,downweight,0.3499999940395355
2654,1,cluster_B,retain,1.0
2655,1,cluster_B,downweight,0.3499999940395355
2656,1,cluster_B,downweight,0.3499999940395355
2657,0,cluster_A,retain,1.0
2658,1,cluster_B,downweight,0.3499999940395355
2659,1,cluster_B,retain,1.0
2660,0,cluster_A,downweight,0.3499999940395355
2661,0,cluster_A,downweight,0.3499999940395355
2662,0,cluster_A,downweight,0.3499999940395355
2663,1,cluster_B,retain,1.0
2664,0,cluster_A,retain,1.0
2665,1,cluster_B,retain,1.0
2666,1,cluster_B,downweight,0.3499999940395355
2667,0,cluster_A,retain,1.0
2668,0,cluster_A,retain,1.0
2669,0,cluster_A,downweight,0.3499999940395355
2670,0,cluster_A,retain,1.0
2671,0,cluster_A,downweight,0.3499999940395355
2672,1,cluster_B,downweight,0.3499999940395355
2673,0,cluster_A,retain,1.0
2674,1,cluster_B,downweight,0.3499999940395355
2675,0,cluster_A,retain,1.0
2676,1,cluster_B,downweight,0.3499999940395355
2677,1,cluster_B,downweight,0.3499999940395355
2678,1,cluster_B,retain,1.0
2679,0,cluster_A,downweight,0.3499999940395355
2680,1,cluster_B,downweight,0.3499999940395355
2681,1,cluster_B,downweight,0.3499999940395355
2682,0,cluster_A,downweight,0.3499999940395355
2683,0,cluster_A,retain,1.0
2684,0,cluster_A,downweight,0.3499999940395355
2685,0,cluster_A,downweight,0.3499999940395355
2686,1,cluster_B,retain,1.0
2687,1,cluster_B,downweight,0.3499999940395355
2688,0,cluster_A,downweight,0.3499999940395355
2689,1,cluster_B,retain,1.0
2690,1,cluster_B,retain,1.0
2691,0,cluster_A,downweight,0.3499999940395355
2692,1,cluster_B,downweight,0.3499999940395355
2693,1,cluster_B,retain,1.0
2694,0,cluster_A,downweight,0.3499999940395355
2695,1,cluster_B,downweight,0.3499999940395355
2696,1,cluster_B,downweight,0.3499999940395355
2697,1,cluster_B,downweight,0.3499999940395355
2698,1,cluster_B,retain,1.0
2699,0,cluster_A,retain,1.0
2700,0,cluster_A,downweight,0.3499999940395355
2701,0,cluster_A,downweight,0.3499999940395355
2702,0,cluster_A,retain,1.0
2703,0,cluster_A,downweight,0.3499999940395355
2704,0,cluster_A,retain,1.0
2705,0,cluster_A,retain,1.0
2706,1,cluster_B,downweight,0.3499999940395355
2707,1,cluster_B,retain,1.0
2708,0,cluster_A,retain,1.0
2709,0,cluster_A,downweight,0.3499999940395355
2710,1,cluster_B,downweight,0.3499999940395355
2711,0,cluster_A,downweight,0.3499999940395355
2712,1,cluster_B,retain,1.0
2713,0,cluster_A,downweight,0.3499999940395355
2714,0,cluster_A,retain,1.0
2715,1,cluster_B,retain,1.0
2716,0,cluster_A,retain,1.0
2717,1,cluster_B,downweight,0.3499999940395355
2718,0,cluster_A,downweight,0.3499999940395355
2719,1,cluster_B,downweight,0.3499999940395355
2720,1,cluster_B,downweight,0.3499999940395355
2721,0,cluster_A,downweight,0.3499999940395355
2722,0,cluster_A,downweight,0.3499999940395355
2723,0,cluster_A,downweight,0.3499999940395355
2724,1,cluster_B,downweight,0.3499999940395355
2725,1,cluster_B,downweight,0.3499999940395355
2726,0,cluster_A,downweight,0.3499999940395355
2727,0,cluster_A,downweight,0.3499999940395355
2728,0,cluster_A,downweight,0.3499999940395355
2729,0,cluster_A,retain,1.0
2730,1,cluster_B,downweight,0.3499999940395355
2732,0,cluster_A,retain,1.0
2733,1,cluster_B,downweight,0.3499999940395355
2734,0,cluster_A,retain,1.0
2735,0,cluster_A,downweight,0.3499999940395355
2736,0,cluster_A,retain,1.0
2737,0,cluster_A,downweight,0.3499999940395355
2738,1,cluster_B,downweight,0.3499999940395355
2739,1,cluster_B,downweight,0.3499999940395355
2740,0,cluster_A,retain,1.0
2741,0,cluster_A,downweight,0.3499999940395355
2742,1,cluster_B,downweight,0.3499999940395355
2743,0,cluster_A,retain,1.0
2744,0,cluster_A,downweight,0.3499999940395355
2745,1,cluster_B,downweight,0.3499999940395355
2746,0,cluster_A,downweight,0.3499999940395355
2747,0,cluster_A,downweight,0.3499999940395355
2748,1,cluster_B,retain,1.0
2749,0,cluster_A,downweight,0.3499999940395355
2750,1,cluster_B,retain,1.0
2751,0,cluster_A,downweight,0.3499999940395355
2752,1,cluster_B,retain,1.0
2753,1,cluster_B,retain,1.0
2754,1,cluster_B,retain,1.0
2755,1,cluster_B,downweight,0.3499999940395355
2756,0,cluster_A,downweight,0.3499999940395355
2757,0,cluster_A,retain,1.0
2758,0,cluster_A,downweight,0.3499999940395355
2759,0,cluster_A,downweight,0.3499999940395355
2760,1,cluster_B,retain,1.0
2761,1,cluster_B,retain,1.0
2762,0,cluster_A,retain,1.0
2763,1,cluster_B,downweight,0.3499999940395355
2764,0,cluster_A,retain,1.0
2765,1,cluster_B,retain,1.0
2766,0,cluster_A,retain,1.0
2767,1,cluster_B,downweight,0.3499999940395355
2768,0,cluster_A,downweight,0.3499999940395355
2769,0,cluster_A,downweight,0.3499999940395355
2770,1,cluster_B,retain,1.0
2771,0,cluster_A,downweight,0.3499999940395355
2772,1,cluster_B,downweight,0.3499999940395355
2773,1,cluster_B,retain,1.0
2774,0,cluster_A,retain,1.0
2775,0,cluster_A,retain,1.0
2776,1,cluster_B,downweight,0.3499999940395355
2777,1,cluster_B,downweight,0.3499999940395355
2778,1,cluster_B,downweight,0.3499999940395355
2779,0,cluster_A,retain,1.0
2780,0,cluster_A,downweight,0.3499999940395355
2781,0,cluster_A,retain,1.0
2782,0,cluster_A,downweight,0.3499999940395355
2783,0,cluster_A,downweight,0.3499999940395355
2784,0,cluster_A,retain,1.0
2785,1,cluster_B,downweight,0.3499999940395355
2786,1,cluster_B,retain,1.0
2787,0,cluster_A,retain,1.0
2788,1,cluster_B,downweight,0.3499999940395355
2789,1,cluster_B,downweight,0.3499999940395355
2790,0,cluster_A,retain,1.0
2791,1,cluster_B,retain,1.0
2792,1,cluster_B,downweight,0.3499999940395355
2793,0,cluster_A,downweight,0.3499999940395355
2794,1,cluster_B,downweight,0.3499999940395355
2795,0,cluster_A,downweight,0.3499999940395355
2796,0,cluster_A,downweight,0.3499999940395355
2797,0,cluster_A,downweight,0.3499999940395355
2798,1,cluster_B,downweight,0.3499999940395355
2799,1,cluster_B,retain,1.0
2800,0,cluster_A,retain,1.0
2801,1,cluster_B,downweight,0.3499999940395355
2802,1,cluster_B,retain,1.0
2803,0,cluster_A,retain,1.0
2804,1,cluster_B,downweight,0.3499999940395355
2805,1,cluster_B,downweight,0.3499999940395355
2806,0,cluster_A,downweight,0.3499999940395355
2807,1,cluster_B,retain,1.0
2808,1,cluster_B,downweight,0.3499999940395355
2809,0,cluster_A,retain,1.0
2810,0,cluster_A,retain,1.0
2811,1,cluster_B,retain,1.0
2812,1,cluster_B,downweight,0.3499999940395355
2813,0,cluster_A,downweight,0.3499999940395355
2814,1,cluster_B,retain,1.0
2816,0,cluster_A,downweight,0.3499999940395355
2817,1,cluster_B,downweight,0.3499999940395355
2818,1,cluster_B,downweight,0.3499999940395355
2819,0,cluster_A,downweight,0.3499999940395355
2820,0,cluster_A,downweight,0.3499999940395355
2821,0,cluster_A,downweight,0.3499999940395355
2822,1,cluster_B,downweight,0.3499999940395355
2823,1,cluster_B,downweight,0.3499999940395355
2824,0,cluster_A,retain,1.0
2825,0,cluster_A,downweight,0.3499999940395355
2826,1,cluster_B,retain,1.0
2827,0,cluster_A,downweight,0.3499999940395355
2828,1,cluster_B,retain,1.0
2829,1,cluster_B,retain,1.0
2830,1,cluster_B,retain,1.0
2831,0,cluster_A,downweight,0.3499999940395355
2832,0,cluster_A,downweight,0.3499999940395355
2833,1,cluster_B,downweight,0.3499999940395355
2834,0,cluster_A,downweight,0.3499999940395355
2835,0,cluster_A,retain,1.0
2836,0,cluster_A,retain,1.0
2837,0,cluster_A,downweight,0.3499999940395355
2838,1,cluster_B,downweight,0.3499999940395355
2839,1,cluster_B,retain,1.0
2840,0,cluster_A,downweight,0.3499999940395355
2841,0,cluster_A,retain,1.0
2842,1,cluster_B,downweight,0.3499999940395355
2843,0,cluster_A,downweight,0.3499999940395355
2844,0,cluster_A,downweight,0.3499999940395355
2845,1,cluster_B,downweight,0.3499999940395355
2846,1,cluster_B,downweight,0.3499999940395355
2847,0,cluster_A,downweight,0.3499999940395355
2848,0,cluster_A,retain,1.0
2849,1,cluster_B,downweight,0.3499999940395355
2850,1,cluster_B,retain,1.0
2851,0,cluster_A,downweight,0.3499999940395355
2852,1,cluster_B,downweight,0.3499999940395355
2853,0,cluster_A,downweight,0.3499999940395355
2854,1,cluster_B,downweight,0.3499999940395355
2855,0,cluster_A,retain,1.0
2856,0,cluster_A,retain,1.0
2858,1,cluster_B,downweight,0.3499999940395355
2859,0,cluster_A,downweight,0.3499999940395355
2860,1,cluster_B,downweight,0.3499999940395355
2861,1,cluster_B,retain,1.0
2862,1,cluster_B,downweight,0.3499999940395355
2863,0,cluster_A,downweight,0.3499999940395355
2864,1,cluster_B,downweight,0.3499999940395355
2865,0,cluster_A,retain,1.0
2866,1,cluster_B,retain,1.0
2867,1,cluster_B,downweight,0.3499999940395355
2868,1,cluster_B,downweight,0.3499999940395355
2869,1,cluster_B,downweight,0.3499999940395355
2870,1,cluster_B,retain,1.0
2871,0,cluster_A,downweight,0.3499999940395355
2872,1,cluster_B,retain,1.0
2873,1,cluster_B,downweight,0.3499999940395355
2874,0,cluster_A,downweight,0.3499999940395355
2875,1,cluster_B,downweight,0.3499999940395355
2876,1,cluster_B,downweight,0.3499999940395355
2877,0,cluster_A,retain,1.0
2878,0,cluster_A,retain,1.0
2879,0,cluster_A,downweight,0.3499999940395355
2880,0,cluster_A,downweight,0.3499999940395355
2881,1,cluster_B,retain,1.0
2882,0,cluster_A,downweight,0.3499999940395355
2883,0,cluster_A,downweight,0.3499999940395355
2884,0,cluster_A,downweight,0.3499999940395355
2885,0,cluster_A,downweight,0.3499999940395355
2886,1,cluster_B,downweight,0.3499999940395355
2887,1,cluster_B,downweight,0.3499999940395355
2888,0,cluster_A,downweight,0.3499999940395355
2889,1,cluster_B,downweight,0.3499999940395355
2890,1,cluster_B,retain,1.0
2891,0,cluster_A,downweight,0.3499999940395355
2892,0,cluster_A,downweight,0.3499999940395355
2893,0,cluster_A,downweight,0.3499999940395355
2894,1,cluster_B,downweight,0.3499999940395355
2895,0,cluster_A,downweight,0.3499999940395355
2896,1,cluster_B,retain,1.0
2897,0,cluster_A,retain,1.0
2898,1,cluster_B,retain,1.0
2899,0,cluster_A,retain,1.0
2900,0,cluster_A,downweight,0.3499999940395355
2901,0,cluster_A,retain,1.0
2902,1,cluster_B,retain,1.0
2903,1,cluster_B,retain,1.0
2904,1,cluster_B,downweight,0.3499999940395355
2905,0,cluster_A,downweight,0.3499999940395355
2906,0,cluster_A,retain,1.0
2907,1,cluster_B,retain,1.0
2908,1,cluster_B,retain,1.0
2909,1,cluster_B,downweight,0.3499999940395355
2910,0,cluster_A,downweight,0.3499999940395355
2911,0,cluster_A,downweight,0.3499999940395355
2912,1,cluster_B,retain,1.0
2913,0,cluster_A,retain,1.0
2914,0,cluster_A,retain,1.0
2915,0,cluster_A,retain,1.0
2916,0,cluster_A,retain,1.0
2917,1,cluster_B,downweight,0.3499999940395355
2918,0,cluster_A,retain,1.0
2919,1,cluster_B,downweight,0.3499999940395355
2920,1,cluster_B,downweight,0.3499999940395355
2921,0,cluster_A,retain,1.0
2922,0,cluster_A,downweight,0.3499999940395355
2923,0,cluster_A,downweight,0.3499999940395355
2924,1,cluster_B,downweight,0.3499999940395355
2925,1,cluster_B,retain,1.0
2926,1,cluster_B,downweight,0.3499999940395355
2927,1,cluster_B,downweight,0.3499999940395355
2928,1,cluster_B,downweight,0.3499999940395355
2929,0,cluster_A,retain,1.0
2930,0,cluster_A,retain,1.0
2931,1,cluster_B,downweight,0.3499999940395355
2932,0,cluster_A,downweight,0.3499999940395355
2933,0,cluster_A,downweight,0.3499999940395355
2934,0,cluster_A,downweight,0.3499999940395355
2935,1,cluster_B,downweight,0.3499999940395355
2936,0,cluster_A,retain,1.0
2937,0,cluster_A,retain,1.0
2938,0,cluster_A,downweight,0.3499999940395355
2939,0,cluster_A,downweight,0.3499999940395355
2940,1,cluster_B,retain,1.0
2941,0,cluster_A,downweight,0.3499999940395355
2942,1,cluster_B,retain,1.0
2943,0,cluster_A,retain,1.0
2944,0,cluster_A,retain,1.0
2945,1,cluster_B,retain,1.0
2946,1,cluster_B,retain,1.0
2947,1,cluster_B,downweight,0.3499999940395355
2948,1,cluster_B,retain,1.0
2950,1,cluster_B,retain,1.0
2951,1,cluster_B,retain,1.0
2952,0,cluster_A,retain,1.0
2953,1,cluster_B,downweight,0.3499999940395355
2954,1,cluster_B,downweight,0.3499999940395355
2955,0,cluster_A,downweight,0.3499999940395355
2956,1,cluster_B,downweight,0.3499999940395355
2957,1,cluster_B,downweight,0.3499999940395355
2958,1,cluster_B,retain,1.0
2959,1,cluster_B,downweight,0.3499999940395355
2960,0,cluster_A,downweight,0.3499999940395355
2961,0,cluster_A,downweight,0.3499999940395355
2962,1,cluster_B,downweight,0.3499999940395355
2963,0,cluster_A,downweight,0.3499999940395355
2964,1,cluster_B,retain,1.0
2965,0,cluster_A,downweight,0.3499999940395355
2966,0,cluster_A,retain,1.0
2967,0,cluster_A,retain,1.0
2968,0,cluster_A,downweight,0.3499999940395355
2969,0,cluster_A,retain,1.0
2970,0,cluster_A,retain,1.0
2971,0,cluster_A,downweight,0.3499999940395355
2972,0,cluster_A,retain,1.0
2973,0,cluster_A,downweight,0.3499999940395355
2974,1,cluster_B,retain,1.0
2975,1,cluster_B,downweight,0.3499999940395355
2976,0,cluster_A,downweight,0.3499999940395355
2977,1,cluster_B,retain,1.0
2978,0,cluster_A,downweight,0.3499999940395355
2979,0,cluster_A,downweight,0.3499999940395355
2980,1,cluster_B,retain,1.0
2981,0,cluster_A,downweight,0.3499999940395355
2982,1,cluster_B,retain,1.0
2983,1,cluster_B,downweight,0.3499999940395355
2984,1,cluster_B,retain,1.0
2985,1,cluster_B,downweight,0.3499999940395355
2986,1,cluster_B,downweight,0.3499999940395355
2987,1,cluster_B,downweight,0.3499999940395355
2988,0,cluster_A,retain,1.0
2989,0,cluster_A,downweight,0.3499999940395355
2990,1,cluster_B,downweight,0.3499999940395355
2991,1,cluster_B,retain,1.0
2992,0,cluster_A,retain,1.0
2993,1,cluster_B,downweight,0.3499999940395355
2994,0,cluster_A,retain,1.0
2995,1,cluster_B,retain,1.0
2996,0,cluster_A,downweight,0.3499999940395355
2997,1,cluster_B,downweight,0.3499999940395355
2998,1,cluster_B,downweight,0.3499999940395355
2999,0,cluster_A,downweight,0.3499999940395355
3000,1,cluster_B,retain,1.0
3001,0,cluster_A,retain,1.0
3002,0,cluster_A,downweight,0.3499999940395355
3003,0,cluster_A,retain,1.0
3004,1,cluster_B,retain,1.0
3005,0,cluster_A,retain,1.0
3006,1,cluster_B,downweight,0.3499999940395355
3007,1,cluster_B,downweight,0.3499999940395355
3008,0,cluster_A,downweight,0.3499999940395355
3009,0,cluster_A,downweight,0.3499999940395355
3010,0,cluster_A,downweight,0.3499999940395355
3011,0,cluster_A,downweight,0.3499999940395355
3012,1,cluster_B,downweight,0.3499999940395355
3013,0,cluster_A,downweight,0.3499999940395355
3014,0,cluster_A,retain,1.0
3015,0,cluster_A,downweight,0.3499999940395355
3016,0,cluster_A,downweight,0.3499999940395355
3017,1,cluster_B,downweight,0.3499999940395355
3018,0,cluster_A,retain,1.0
3019,0,cluster_A,downweight,0.3499999940395355
3020,1,cluster_B,downweight,0.3499999940395355
3021,1,cluster_B,retain,1.0
3022,0,cluster_A,retain,1.0
3023,1,cluster_B,downweight,0.3499999940395355
3024,1,cluster_B,downweight,0.3499999940395355
3025,0,cluster_A,retain,1.0
3026,1,cluster_B,downweight,0.3499999940395355
3027,0,cluster_A,retain,1.0
3028,0,cluster_A,downweight,0.3499999940395355
3029,0,cluster_A,downweight,0.3499999940395355
3030,1,cluster_B,retain,1.0
3031,1,cluster_B,downweight,0.3499999940395355
3032,1,cluster_B,retain,1.0
3033,1,cluster_B,retain,1.0
3034,1,cluster_B,retain,1.0
3035,0,cluster_A,retain,1.0
3036,1,cluster_B,downweight,0.3499999940395355
3037,1,cluster_B,retain,1.0
3038,0,cluster_A,downweight,0.3499999940395355
3039,1,cluster_B,downweight,0.3499999940395355
3040,0,cluster_A,retain,1.0
3041,0,cluster_A,retain,1.0
3042,0,cluster_A,downweight,0.3499999940395355
3043,1,cluster_B,downweight,0.3499999940395355
3044,1,cluster_B,retain,1.0
3045,0,cluster_A,retain,1.0
3046,1,cluster_B,downweight,0.3499999940395355
3047,1,cluster_B,downweight,0.3499999940395355
3048,1,cluster_B,downweight,0.3499999940395355
3049,0,cluster_A,retain,1.0
3050,1,cluster_B,retain,1.0
3051,1,cluster_B,retain,1.0
3052,1,cluster_B,downweight,0.3499999940395355
3053,0,cluster_A,downweight,0.3499999940395355
3054,1,cluster_B,retain,1.0
3055,1,cluster_B,downweight,0.3499999940395355
3056,0,cluster_A,retain,1.0
3057,1,cluster_B,downweight,0.3499999940395355
3058,0,cluster_A,downweight,0.3499999940395355
3059,0,cluster_A,retain,1.0
3060,0,cluster_A,retain,1.0
3061,0,cluster_A,downweight,0.3499999940395355
3062,1,cluster_B,downweight,0.3499999940395355
3063,0,cluster_A,retain,1.0
3064,1,cluster_B,downweight,0.3499999940395355
3065,1,cluster_B,downweight,0.3499999940395355
3066,1,cluster_B,retain,1.0
3067,1,cluster_B,downweight,0.3499999940395355
3068,1,cluster_B,retain,1.0
3069,1,cluster_B,retain,1.0
3070,1,cluster_B,downweight,0.3499999940395355
3071,1,cluster_B,downweight,0.3499999940395355
3072,0,cluster_A,retain,1.0
3073,1,cluster_B,downweight,0.3499999940395355
3074,1,cluster_B,downweight,0.3499999940395355
3075,0,cluster_A,retain,1.0
3076,0,cluster_A,retain,1.0
3077,1,cluster_B,retain,1.0
3078,0,cluster_A,retain,1.0
3079,1,cluster_B,downweight,0.3499999940395355
3080,0,cluster_A,retain,1.0
3081,0,cluster_A,downweight,0.3499999940395355
3082,0,cluster_A,downweight,0.3499999940395355
3083,1,cluster_B,retain,1.0
3084,1,cluster_B,retain,1.0
3085,0,cluster_A,downweight,0.3499999940395355
3086,0,cluster_A,retain,1.0
3087,0,cluster_A,downweight,0.3499999940395355
3088,1,cluster_B,downweight,0.3499999940395355
3089,0,cluster_A,downweight,0.3499999940395355
3090,0,cluster_A,retain,1.0
3091,1,cluster_B,downweight,0.3499999940395355
3092,1,cluster_B,retain,1.0
3093,1,cluster_B,retain,1.0
3094,1,cluster_B,retain,1.0
3095,1,cluster_B,retain,1.0
3097,1,cluster_B,retain,1.0
3098,0,cluster_A,downweight,0.3499999940395355
3099,0,cluster_A,downweight,0.3499999940395355
3100,0,cluster_A,retain,1.0
3101,1,cluster_B,downweight,0.3499999940395355
3102,0,cluster_A,retain,1.0
3103,0,cluster_A,downweight,0.3499999940395355
3104,0,cluster_A,downweight,0.3499999940395355
3105,0,cluster_A,downweight,0.3499999940395355
3106,1,cluster_B,downweight,0.3499999940395355
3107,0,cluster_A,retain,1.0
3108,1,cluster_B,retain,1.0
3109,1,cluster_B,downweight,0.3499999940395355
3110,1,cluster_B,downweight,0.3499999940395355
3111,0,cluster_A,retain,1.0
3112,0,cluster_A,downweight,0.3499999940395355
3113,1,cluster_B,downweight,0.3499999940395355
3114,0,cluster_A,retain,1.0
3115,0,cluster_A,retain,1.0
3116,0,cluster_A,retain,1.0
3117,0,cluster_A,retain,1.0
3118,0,cluster_A,retain,1.0
3119,1,cluster_B,downweight,0.3499999940395355
3120,1,cluster_B,downweight,0.3499999940395355
3121,1,cluster_B,downweight,0.3499999940395355
3122,1,cluster_B,downweight,0.3499999940395355
3123,1,cluster_B,downweight,0.3499999940395355
3124,1,cluster_B,retain,1.0
3125,0,cluster_A,retain,1.0
3126,1,cluster_B,downweight,0.3499999940395355
3127,1,cluster_B,retain,1.0
3128,1,cluster_B,downweight,0.3499999940395355
3129,0,cluster_A,retain,1.0
3130,1,cluster_B,downweight,0.3499999940395355
3131,1,cluster_B,retain,1.0
3132,0,cluster_A,downweight,0.3499999940395355
3133,0,cluster_A,retain,1.0
3134,0,cluster_A,downweight,0.3499999940395355
3135,1,cluster_B,retain,1.0
3136,0,cluster_A,retain,1.0
3137,0,cluster_A,downweight,0.3499999940395355
3138,0,cluster_A,downweight,0.3499999940395355
3139,0,cluster_A,downweight,0.3499999940395355
3140,1,cluster_B,retain,1.0
3141,0,cluster_A,downweight,0.3499999940395355
3142,1,cluster_B,downweight,0.3499999940395355
3143,1,cluster_B,downweight,0.3499999940395355
3144,1,cluster_B,retain,1.0
3145,0,cluster_A,downweight,0.3499999940395355
3146,1,cluster_B,downweight,0.3499999940395355
3147,1,cluster_B,downweight,0.3499999940395355
3148,1,cluster_B,retain,1.0
3149,0,cluster_A,retain,1.0
3150,1,cluster_B,downweight,0.3499999940395355
3151,1,cluster_B,retain,1.0
3152,0,cluster_A,retain,1.0
3153,0,cluster_A,downweight,0.3499999940395355
3154,1,cluster_B,retain,1.0
3155,0,cluster_A,retain,1.0
3156,0,cluster_A,retain,1.0
3157,1,cluster_B,downweight,0.3499999940395355
3158,0,cluster_A,retain,1.0
3159,1,cluster_B,downweight,0.3499999940395355
3160,0,cluster_A,downweight,0.3499999940395355
3161,0,cluster_A,downweight,0.3499999940395355
3162,0,cluster_A,downweight,0.3499999940395355
3163,0,cluster_A,downweight,0.3499999940395355
3164,1,cluster_B,retain,1.0
3165,0,cluster_A,retain,1.0
3166,1,cluster_B,downweight,0.3499999940395355
3167,0,cluster_A,retain,1.0
3168,1,cluster_B,retain,1.0
3169,1,cluster_B,retain,1.0
3170,1,cluster_B,downweight,0.3499999940395355
3171,1,cluster_B,retain,1.0
3172,1,cluster_B,downweight,0.3499999940395355
3173,1,cluster_B,retain,1.0
3174,0,cluster_A,downweight,0.3499999940395355
3175,0,cluster_A,downweight,0.3499999940395355
3176,1,cluster_B,retain,1.0
3177,0,cluster_A,retain,1.0
3178,1,cluster_B,downweight,0.3499999940395355
3179,1,cluster_B,retain,1.0
3180,1,cluster_B,downweight,0.3499999940395355
3181,1,cluster_B,downweight,0.3499999940395355
3182,0,cluster_A,downweight,0.3499999940395355
3183,1,cluster_B,retain,1.0
3184,0,cluster_A,downweight,0.3499999940395355
3185,1,cluster_B,downweight,0.3499999940395355
3186,0,cluster_A,downweight,0.3499999940395355
3187,1,cluster_B,retain,1.0
3188,0,cluster_A,downweight,0.3499999940395355
3189,1,cluster_B,downweight,0.3499999940395355
3190,1,cluster_B,downweight,0.3499999940395355
3191,0,cluster_A,downweight,0.3499999940395355
3192,1,cluster_B,downweight,0.3499999940395355
3193,0,cluster_A,retain,1.0
3194,0,cluster_A,retain,1.0
3195,0,cluster_A,retain,1.0
3196,0,cluster_A,retain,1.0
3197,0,cluster_A,downweight,0.3499999940395355
3198,1,cluster_B,downweight,0.3499999940395355
3199,1,cluster_B,retain,1.0
3200,0,cluster_A,downweight,0.3499999940395355
3201,1,cluster_B,downweight,0.3499999940395355
3202,1,cluster_B,retain,1.0
3203,0,cluster_A,downweight,0.3499999940395355
3204,0,cluster_A,retain,1.0
3205,1,cluster_B,retain,1.0
3206,1,cluster_B,retain,1.0
3207,0,cluster_A,retain,1.0
3208,0,cluster_A,downweight,0.3499999940395355
3209,0,cluster_A,downweight,0.3499999940395355
3210,0,cluster_A,downweight,0.3499999940395355
3211,0,cluster_A,retain,1.0
3212,1,cluster_B,downweight,0.3499999940395355
3213,1,cluster_B,retain,1.0
3214,0,cluster_A,retain,1.0
3215,1,cluster_B,downweight,0.3499999940395355
3216,0,cluster_A,retain,1.0
3217,1,cluster_B,retain,1.0
3218,0,cluster_A,retain,1.0
3219,0,cluster_A,downweight,0.3499999940395355
3220,1,cluster_B,retain,1.0
3221,1,cluster_B,downweight,0.3499999940395355
3222,0,cluster_A,downweight,0.3499999940395355
3223,1,cluster_B,retain,1.0
3224,1,cluster_B,retain,1.0
3225,1,cluster_B,downweight,0.3499999940395355
3226,0,cluster_A,downweight,0.3499999940395355
3227,0,cluster_A,retain,1.0
3228,0,cluster_A,retain,1.0
3229,1,cluster_B,retain,1.0
3230,1,cluster_B,retain,1.0
3231,1,cluster_B,downweight,0.3499999940395355
3232,1,cluster_B,downweight,0.3499999940395355
3233,0,cluster_A,retain,1.0
3234,1,cluster_B,downweight,0.3499999940395355
3235,0,cluster_A,downweight,0.3499999940395355
3236,1,cluster_B,retain,1.0
3237,1,cluster_B,downweight,0.3499999940395355
3238,0,cluster_A,downweight,0.3499999940395355
3239,1,cluster_B,downweight,0.3499999940395355
3240,0,cluster_A,retain,1.0
3241,1,cluster_B,retain,1.0
3243,0,cluster_A,downweight,0.3499999940395355
3244,0,cluster_A,downweight,0.3499999940395355
3245,0,cluster_A,downweight,0.3499999940395355
3246,1,cluster_B,downweight,0.3499999940395355
3247,1,cluster_B,downweight,0.3499999940395355
3248,0,cluster_A,downweight,0.3499999940395355
3249,0,cluster_A,downweight,0.3499999940395355
3251,1,cluster_B,downweight,0.3499999940395355
3252,1,cluster_B,downweight,0.3499999940395355
3253,1,cluster_B,retain,1.0
3254,0,cluster_A,downweight,0.3499999940395355
3255,1,cluster_B,downweight,0.3499999940395355
3256,0,cluster_A,downweight,0.3499999940395355
3257,0,cluster_A,retain,1.0
3258,1,cluster_B,downweight,0.3499999940395355
3259,1,cluster_B,downweight,0.3499999940395355
3260,1,cluster_B,retain,1.0
3261,1,cluster_B,downweight,0.3499999940395355
3262,1,cluster_B,downweight,0.3499999940395355
3263,0,cluster_A,downweight,0.3499999940395355
3264,0,cluster_A,downweight,0.3499999940395355
3265,1,cluster_B,downweight,0.3499999940395355
3266,1,cluster_B,retain,1.0
3267,0,cluster_A,downweight,0.3499999940395355
3268,0,cluster_A,downweight,0.3499999940395355
3269,1,cluster_B,retain,1.0
3270,0,cluster_A,downweight,0.3499999940395355
3271,0,cluster_A,downweight,0.3499999940395355
3272,1,cluster_B,retain,1.0
3273,0,cluster_A,retain,1.0
3274,1,cluster_B,downweight,0.3499999940395355
3275,1,cluster_B,retain,1.0
3276,1,cluster_B,retain,1.0
3277,0,cluster_A,downweight,0.3499999940395355
3278,0,cluster_A,retain,1.0
3279,1,cluster_B,retain,1.0
3280,0,cluster_A,downweight,0.3499999940395355
3281,0,cluster_A,downweight,0.3499999940395355
3282,0,cluster_A,downweight,0.3499999940395355
3283,0,cluster_A,downweight,0.3499999940395355
3284,0,cluster_A,retain,1.0
3285,0,cluster_A,retain,1.0
3286,1,cluster_B,downweight,0.3499999940395355
3287,1,cluster_B,downweight,0.3499999940395355
3288,0,cluster_A,downweight,0.3499999940395355
3289,1,cluster_B,retain,1.0
3290,0,cluster_A,downweight,0.3499999940395355
3291,1,cluster_B,downweight,0.3499999940395355
3292,0,cluster_A,downweight,0.3499999940395355
3293,1,cluster_B,retain,1.0
3294,0,cluster_A,retain,1.0
3295,0,cluster_A,downweight,0.3499999940395355
3296,1,cluster_B,downweight,0.3499999940395355
3297,1,cluster_B,downweight,0.3499999940395355
3298,0,cluster_A,retain,1.0
3299,1,cluster_B,retain,1.0
3300,0,cluster_A,downweight,0.3499999940395355
3301,0,cluster_A,retain,1.0
3302,1,cluster_B,retain,1.0
3303,0,cluster_A,downweight,0.3499999940395355
3304,0,cluster_A,downweight,0.3499999940395355
3305,1,cluster_B,downweight,0.3499999940395355
3306,1,cluster_B,downweight,0.3499999940395355
3307,1,cluster_B,downweight,0.3499999940395355
3308,0,cluster_A,retain,1.0
3309,1,cluster_B,downweight,0.3499999940395355
3310,1,cluster_B,downweight,0.3499999940395355
3311,0,cluster_A,retain,1.0
3312,1,cluster_B,downweight,0.3499999940395355
3313,0,cluster_A,downweight,0.3499999940395355
3314,0,cluster_A,retain,1.0
3315,1,cluster_B,downweight,0.3499999940395355
3316,1,cluster_B,downweight,0.3499999940395355
3317,0,cluster_A,downweight,0.3499999940395355
3318,0,cluster_A,retain,1.0
3319,1,cluster_B,downweight,0.3499999940395355
3320,1,cluster_B,downweight,0.3499999940395355
3321,0,cluster_A,downweight,0.3499999940395355
3322,0,cluster_A,downweight,0.3499999940395355
3323,1,cluster_B,retain,1.0
3324,0,cluster_A,downweight,0.3499999940395355
3325,1,cluster_B,retain,1.0
3326,0,cluster_A,retain,1.0
3327,1,cluster_B,downweight,0.3499999940395355
3328,1,cluster_B,retain,1.0
3329,0,cluster_A,downweight,0.3499999940395355
3330,1,cluster_B,downweight,0.3499999940395355
3331,1,cluster_B,downweight,0.3499999940395355
3332,0,cluster_A,retain,1.0
3333,0,cluster_A,retain,1.0
3334,1,cluster_B,downweight,0.3499999940395355
3335,0,cluster_A,downweight,0.3499999940395355
3336,0,cluster_A,retain,1.0
3337,1,cluster_B,retain,1.0
3338,0,cluster_A,downweight,0.3499999940395355
3339,1,cluster_B,downweight,0.3499999940395355
3340,1,cluster_B,retain,1.0
3341,1,cluster_B,downweight,0.3499999940395355
3342,1,cluster_B,retain,1.0
3343,0,cluster_A,downweight,0.3499999940395355
3344,1,cluster_B,downweight,0.3499999940395355
3345,0,cluster_A,downweight,0.3499999940395355
3346,1,cluster_B,retain,1.0
3347,0,cluster_A,downweight,0.3499999940395355
3348,0,cluster_A,downweight,0.3499999940395355
3349,1,cluster_B,retain,1.0
3350,1,cluster_B,downweight,0.3499999940395355
3351,1,cluster_B,downweight,0.3499999940395355
3352,1,cluster_B,downweight,0.3499999940395355
3353,1,cluster_B,downweight,0.3499999940395355
3354,1,cluster_B,downweight,0.3499999940395355
3355,0,cluster_A,downweight,0.3499999940395355
3356,1,cluster_B,downweight,0.3499999940395355
3357,1,cluster_B,downweight,0.3499999940395355
3358,1,cluster_B,retain,1.0
3359,0,cluster_A,downweight,0.3499999940395355
3360,0,cluster_A,downweight,0.3499999940395355
3361,1,cluster_B,downweight,0.3499999940395355
3362,0,cluster_A,retain,1.0
3363,0,cluster_A,downweight,0.3499999940395355
3364,1,cluster_B,retain,1.0
3365,1,cluster_B,downweight,0.3499999940395355
3366,1,cluster_B,downweight,0.3499999940395355
3367,1,cluster_B,downweight,0.3499999940395355
3368,0,cluster_A,retain,1.0
3369,0,cluster_A,downweight,0.3499999940395355
3370,0,cluster_A,retain,1.0
3371,1,cluster_B,downweight,0.3499999940395355
3372,1,cluster_B,retain,1.0
3373,0,cluster_A,downweight,0.3499999940395355
3374,0,cluster_A,downweight,0.3499999940395355
3375,0,cluster_A,downweight,0.3499999940395355
3376,0,cluster_A,downweight,0.3499999940395355
3377,1,cluster_B,downweight,0.3499999940395355
3378,0,cluster_A,retain,1.0
3379,1,cluster_B,downweight,0.3499999940395355
3380,0,cluster_A,downweight,0.3499999940395355
3381,0,cluster_A,downweight,0.3499999940395355
3382,1,cluster_B,downweight,0.3499999940395355
3383,1,cluster_B,retain,1.0
3384,0,cluster_A,retain,1.0
3385,1,cluster_B,retain,1.0
3386,0,cluster_A,downweight,0.3499999940395355
3387,1,cluster_B,retain,1.0
3388,0,cluster_A,downweight,0.3499999940395355
3389,0,cluster_A,retain,1.0
3390,0,cluster_A,retain,1.0
3391,1,cluster_B,downweight,0.3499999940395355
3392,0,cluster_A,retain,1.0
3393,0,cluster_A,retain,1.0
3394,1,cluster_B,downweight,0.3499999940395355
3395,0,cluster_A,downweight,0.3499999940395355
3396,0,cluster_A,retain,1.0
3397,1,cluster_B,retain,1.0
3398,1,cluster_B,retain,1.0
3399,1,cluster_B,retain,1.0
3400,1,cluster_B,downweight,0.3499999940395355
3401,1,cluster_B,downweight,0.3499999940395355
3402,1,cluster_B,retain,1.0
3403,0,cluster_A,downweight,0.3499999940395355
3404,0,cluster_A,downweight,0.3499999940395355
3405,1,cluster_B,retain,1.0
3406,1,cluster_B,retain,1.0
3407,0,cluster_A,downweight,0.3499999940395355
3408,1,cluster_B,downweight,0.3499999940395355
3409,1,cluster_B,downweight,0.3499999940395355
3410,0,cluster_A,downweight,0.3499999940395355
3411,1,cluster_B,downweight,0.3499999940395355
3412,1,cluster_B,retain,1.0
3413,0,cluster_A,retain,1.0
3414,0,cluster_A,downweight,0.3499999940395355
3415,0,cluster_A,retain,1.0
3416,1,cluster_B,retain,1.0
3417,0,cluster_A,downweight,0.3499999940395355
3418,0,cluster_A,retain,1.0
3419,1,cluster_B,retain,1.0
3420,1,cluster_B,downweight,0.3499999940395355
3421,0,cluster_A,retain,1.0
3422,0,cluster_A,retain,1.0
3423,0,cluster_A,downweight,0.3499999940395355
3424,0,cluster_A,retain,1.0
3425,0,cluster_A,retain,1.0
3426,1,cluster_B,downweight,0.3499999940395355
3427,1,cluster_B,downweight,0.3499999940395355
3428,0,cluster_A,downweight,0.3499999940395355
3429,0,cluster_A,retain,1.0
3430,1,cluster_B,retain,1.0
3431,1,cluster_B,downweight,0.3499999940395355
3432,0,cluster_A,retain,1.0
3433,0,cluster_A,downweight,0.3499999940395355
3434,1,cluster_B,downweight,0.3499999940395355
3435,1,cluster_B,retain,1.0
3436,1,cluster_B,downweight,0.3499999940395355
3437,1,cluster_B,downweight,0.3499999940395355
3438,1,cluster_B,downweight,0.3499999940395355
3439,1,cluster_B,downweight,0.3499999940395355
3440,1,cluster_B,downweight,0.3499999940395355
3441,0,cluster_A,retain,1.0
3442,0,cluster_A,downweight,0.3499999940395355
3443,1,cluster_B,downweight,0.3499999940395355
3444,0,cluster_A,downweight,0.3499999940395355
3445,1,cluster_B,downweight,0.3499999940395355
3446,1,cluster_B,downweight,0.3499999940395355
3447,1,cluster_B,retain,1.0
3448,0,cluster_A,downweight,0.3499999940395355
3449,0,cluster_A,retain,1.0
3450,1,cluster_B,downweight,0.3499999940395355
3451,1,cluster_B,downweight,0.3499999940395355
3452,0,cluster_A,retain,1.0
3453,0,cluster_A,retain,1.0
3454,0,cluster_A,downweight,0.3499999940395355
3456,0,cluster_A,downweight,0.3499999940395355
3457,0,cluster_A,retain,1.0
3458,0,cluster_A,retain,1.0
3459,0,cluster_A,retain,1.0
3460,0,cluster_A,retain,1.0
3461,0,cluster_A,downweight,0.3499999940395355
3462,0,cluster_A,retain,1.0
3463,1,cluster_B,retain,1.0
3464,1,cluster_B,retain,1.0
3465,0,cluster_A,downweight,0.3499999940395355
3466,1,cluster_B,downweight,0.3499999940395355
3467,0,cluster_A,downweight,0.3499999940395355
3468,0,cluster_A,retain,1.0
3469,0,cluster_A,downweight,0.3499999940395355
3470,0,cluster_A,downweight,0.3499999940395355
3471,1,cluster_B,downweight,0.3499999940395355
3472,0,cluster_A,retain,1.0
3473,0,cluster_A,downweight,0.3499999940395355
3474,0,cluster_A,downweight,0.3499999940395355
3475,0,cluster_A,retain,1.0
3476,0,cluster_A,downweight,0.3499999940395355
3477,1,cluster_B,downweight,0.3499999940395355
3478,1,cluster_B,retain,1.0
3479,0,cluster_A,retain,1.0
3480,0,cluster_A,retain,1.0
3481,1,cluster_B,retain,1.0
3482,1,cluster_B,downweight,0.3499999940395355
3483,0,cluster_A,downweight,0.3499999940395355
3484,0,cluster_A,downweight,0.3499999940395355
3485,0,cluster_A,downweight,0.3499999940395355
3486,1,cluster_B,retain,1.0
3487,0,cluster_A,retain,1.0
3488,1,cluster_B,retain,1.0
3489,1,cluster_B,downweight,0.3499999940395355
3490,0,cluster_A,downweight,0.3499999940395355
3491,1,cluster_B,downweight,0.3499999940395355
3492,0,cluster_A,downweight,0.3499999940395355
3493,0,cluster_A,retain,1.0
3494,0,cluster_A,downweight,0.3499999940395355
3495,0,cluster_A,downweight,0.3499999940395355
3496,0,cluster_A,downweight,0.3499999940395355
3497,0,cluster_A,downweight,0.3499999940395355
3498,0,cluster_A,downweight,0.3499999940395355
3499,1,cluster_B,retain,1.0
3500,0,cluster_A,retain,1.0
3501,0,cluster_A,retain,1.0
3502,1,cluster_B,retain,1.0
3503,1,cluster_B,downweight,0.3499999940395355
3504,0,cluster_A,downweight,0.3499999940395355
3505,1,cluster_B,retain,1.0
3506,1,cluster_B,downweight,0.3499999940395355
3507,1,cluster_B,retain,1.0
3508,1,cluster_B,retain,1.0
3509,1,cluster_B,retain,1.0
3510,0,cluster_A,downweight,0.3499999940395355
3511,0,cluster_A,retain,1.0
3512,0,cluster_A,downweight,0.3499999940395355
3513,0,cluster_A,retain,1.0
3514,1,cluster_B,downweight,0.3499999940395355
3515,1,cluster_B,downweight,0.3499999940395355
3516,0,cluster_A,downweight,0.3499999940395355
3517,0,cluster_A,retain,1.0
3518,0,cluster_A,retain,1.0
3519,1,cluster_B,downweight,0.3499999940395355
3520,0,cluster_A,retain,1.0
3521,1,cluster_B,downweight,0.3499999940395355
3522,1,cluster_B,downweight,0.3499999940395355
3523,1,cluster_B,retain,1.0
3524,1,cluster_B,downweight,0.3499999940395355
3525,1,cluster_B,retain,1.0
3526,0,cluster_A,downweight,0.3499999940395355
3527,1,cluster_B,downweight,0.3499999940395355
3528,0,cluster_A,retain,1.0
3529,1,cluster_B,retain,1.0
3530,1,cluster_B,retain,1.0
3531,0,cluster_A,downweight,0.3499999940395355
3532,1,cluster_B,downweight,0.3499999940395355
3533,1,cluster_B,retain,1.0
3534,1,cluster_B,retain,1.0
3535,1,cluster_B,retain,1.0
3536,1,cluster_B,downweight,0.3499999940395355
3537,0,cluster_A,downweight,0.3499999940395355
3538,0,cluster_A,retain,1.0
3539,1,cluster_B,downweight,0.3499999940395355
3540,1,cluster_B,retain,1.0
3541,0,cluster_A,retain,1.0
3542,1,cluster_B,downweight,0.3499999940395355
3543,1,cluster_B,retain,1.0
3544,1,cluster_B,downweight,0.3499999940395355
3545,1,cluster_B,downweight,0.3499999940395355
3546,0,cluster_A,retain,1.0
3547,0,cluster_A,retain,1.0
3548,0,cluster_A,downweight,0.3499999940395355
3549,1,cluster_B,downweight,0.3499999940395355
3550,1,cluster_B,retain,1.0
3551,0,cluster_A,retain,1.0
3552,1,cluster_B,downweight,0.3499999940395355
3553,0,cluster_A,retain,1.0
3554,0,cluster_A,downweight,0.3499999940395355
3555,0,cluster_A,retain,1.0
3556,0,cluster_A,retain,1.0
3557,0,cluster_A,downweight,0.3499999940395355
3558,0,cluster_A,downweight,0.3499999940395355
3559,1,cluster_B,downweight,0.3499999940395355
3560,1,cluster_B,downweight,0.3499999940395355
3561,0,cluster_A,downweight,0.3499999940395355
3562,0,cluster_A,retain,1.0
3563,0,cluster_A,retain,1.0
3564,1,cluster_B,downweight,0.3499999940395355
3565,1,cluster_B,downweight,0.3499999940395355
3566,1,cluster_B,downweight,0.3499999940395355
3567,0,cluster_A,retain,1.0
3568,0,cluster_A,downweight,0.3499999940395355
3569,1,cluster_B,retain,1.0
3570,1,cluster_B,downweight,0.3499999940395355
3571,0,cluster_A,downweight,0.3499999940395355
3572,1,cluster_B,downweight,0.3499999940395355
3573,0,cluster_A,retain,1.0
3574,0,cluster_A,downweight,0.3499999940395355
3575,0,cluster_A,downweight,0.3499999940395355
3576,0,cluster_A,downweight,0.3499999940395355
3577,0,cluster_A,downweight,0.3499999940395355
3578,0,cluster_A,downweight,0.3499999940395355
3579,1,cluster_B,downweight,0.3499999940395355
3580,1,cluster_B,downweight,0.3499999940395355
3581,0,cluster_A,downweight,0.3499999940395355
3582,0,cluster_A,retain,1.0
3583,1,cluster_B,downweight,0.3499999940395355
3584,0,cluster_A,retain,1.0
3585,1,cluster_B,downweight,0.3499999940395355
3586,1,cluster_B,retain,1.0
3587,1,cluster_B,retain,1.0
3588,1,cluster_B,downweight,0.3499999940395355
3589,0,cluster_A,retain,1.0
3590,0,cluster_A,retain,1.0
3591,1,cluster_B,downweight,0.3499999940395355
3592,0,cluster_A,downweight,0.3499999940395355
3593,1,cluster_B,retain,1.0
3594,1,cluster_B,retain,1.0
3595,1,cluster_B,downweight,0.3499999940395355
3596,0,cluster_A,retain,1.0
3597,0,cluster_A,retain,1.0
3598,1,cluster_B,retain,1.0
3599,1,cluster_B,downweight,0.3499999940395355
3600,0,cluster_A,retain,1.0
3601,1,cluster_B,downweight,0.3499999940395355
3602,0,cluster_A,downweight,0.3499999940395355
3603,1,cluster_B,retain,1.0
3604,1,cluster_B,downweight,0.3499999940395355
3605,1,cluster_B,downweight,0.3499999940395355
3606,0,cluster_A,downweight,0.3499999940395355
3607,0,cluster_A,downweight,0.3499999940395355
3608,0,cluster_A,retain,1.0
3609,0,cluster_A,retain,1.0
3610,1,cluster_B,downweight,0.3499999940395355
3611,0,cluster_A,retain,1.0
3612,1,cluster_B,retain,1.0
3613,1,cluster_B,retain,1.0
3614,1,cluster_B,retain,1.0
3615,0,cluster_A,downweight,0.3499999940395355
3616,0,cluster_A,downweight,0.3499999940395355
3617,1,cluster_B,retain,1.0
3618,1,cluster_B,downweight,0.3499999940395355
3619,0,cluster_A,retain,1.0
3620,1,cluster_B,downweight,0.3499999940395355
3621,0,cluster_A,retain,1.0
3622,0,cluster_A,retain,1.0
3623,0,cluster_A,downweight,0.3499999940395355
3624,1,cluster_B,retain,1.0
3625,0,cluster_A,downweight,0.3499999940395355
3626,0,cluster_A,downweight,0.3499999940395355
3627,0,cluster_A,downweight,0.3499999940395355
3628,0,cluster_A,retain,1.0
3629,1,cluster_B,retain,1.0
3630,0,cluster_A,downweight,0.3499999940395355
3631,1,cluster_B,retain,1.0
3632,0,cluster_A,retain,1.0
3633,1,cluster_B,downweight,0.3499999940395355
3634,0,cluster_A,retain,1.0
3635,0,cluster_A,downweight,0.3499999940395355
3636,1,cluster_B,downweight,0.3499999940395355
3637,0,cluster_A,downweight,0.3499999940395355
3638,1,cluster_B,retain,1.0
3639,1,cluster_B,retain,1.0
3640,1,cluster_B,downweight,0.3499999940395355
3641,0,cluster_A,downweight,0.3499999940395355
3642,1,cluster_B,retain,1.0
3644,1,cluster_B,retain,1.0
3645,0,cluster_A,downweight,0.3499999940395355
3646,0,cluster_A,downweight,0.3499999940395355
3647,0,cluster_A,retain,1.0
3648,0,cluster_A,downweight,0.3499999940395355
3649,1,cluster_B,retain,1.0
3650,1,cluster_B,retain,1.0
3651,0,cluster_A,retain,1.0
3652,0,cluster_A,downweight,0.3499999940395355
3653,0,cluster_A,retain,1.0
3654,0,cluster_A,retain,1.0
3655,0,cluster_A,downweight,0.3499999940395355
3656,1,cluster_B,retain,1.0
3657,1,cluster_B,downweight,0.3499999940395355
3658,1,cluster_B,downweight,0.3499999940395355
3659,1,cluster_B,downweight,0.3499999940395355
3660,1,cluster_B,downweight,0.3499999940395355
3661,1,cluster_B,downweight,0.3499999940395355
3662,1,cluster_B,retain,1.0
3663,1,cluster_B,retain,1.0
3664,0,cluster_A,downweight,0.3499999940395355
3665,0,cluster_A,downweight,0.3499999940395355
3666,1,cluster_B,retain,1.0
3667,1,cluster_B,downweight,0.3499999940395355
3668,0,cluster_A,downweight,0.3499999940395355
3669,0,cluster_A,downweight,0.3499999940395355
3670,1,cluster_B,retain,1.0
3671,0,cluster_A,retain,1.0
3672,0,cluster_A,retain,1.0
3673,1,cluster_B,retain,1.0
3674,1,cluster_B,retain,1.0
3675,1,cluster_B,downweight,0.3499999940395355
3676,1,cluster_B,downweight,0.3499999940395355
3677,0,cluster_A,downweight,0.3499999940395355
3678,1,cluster_B,retain,1.0
3679,0,cluster_A,downweight,0.3499999940395355
3680,0,cluster_A,downweight,0.3499999940395355
3681,0,cluster_A,downweight,0.3499999940395355
3682,1,cluster_B,retain,1.0
3683,1,cluster_B,retain,1.0
3684,0,cluster_A,downweight,0.3499999940395355
3685,0,cluster_A,retain,1.0
3686,0,cluster_A,downweight,0.3499999940395355
3687,0,cluster_A,downweight,0.3499999940395355
3688,0,cluster_A,downweight,0.3499999940395355
3689,1,cluster_B,downweight,0.3499999940395355
3690,0,cluster_A,downweight,0.3499999940395355
3691,0,cluster_A,downweight,0.3499999940395355
3692,1,cluster_B,downweight,0.3499999940395355
3693,1,cluster_B,retain,1.0
3694,1,cluster_B,retain,1.0
3695,0,cluster_A,retain,1.0
3696,0,cluster_A,downweight,0.3499999940395355
3697,1,cluster_B,downweight,0.3499999940395355
3698,0,cluster_A,retain,1.0
3699,0,cluster_A,retain,1.0
3700,1,cluster_B,downweight,0.3499999940395355
3701,0,cluster_A,retain,1.0
3702,0,cluster_A,retain,1.0
3703,0,cluster_A,retain,1.0
3704,0,cluster_A,downweight,0.3499999940395355
3705,1,cluster_B,retain,1.0
3706,0,cluster_A,downweight,0.3499999940395355
3707,1,cluster_B,retain,1.0
3708,0,cluster_A,downweight,0.3499999940395355
3709,1,cluster_B,downweight,0.3499999940395355
3710,0,cluster_A,downweight,0.3499999940395355
3711,0,cluster_A,downweight,0.3499999940395355
3712,1,cluster_B,downweight,0.3499999940395355
3713,0,cluster_A,downweight,0.3499999940395355
3714,1,cluster_B,downweight,0.3499999940395355
3715,0,cluster_A,retain,1.0
3716,1,cluster_B,downweight,0.3499999940395355
3717,1,cluster_B,retain,1.0
3718,0,cluster_A,retain,1.0
3719,0,cluster_A,downweight,0.3499999940395355
3720,1,cluster_B,retain,1.0
3721,1,cluster_B,retain,1.0
3722,0,cluster_A,retain,1.0
3723,1,cluster_B,downweight,0.3499999940395355
3724,0,cluster_A,downweight,0.3499999940395355
3725,0,cluster_A,downweight,0.3499999940395355
3726,0,cluster_A,downweight,0.3499999940395355
3727,0,cluster_A,retain,1.0
3728,0,cluster_A,downweight,0.3499999940395355
3729,1,cluster_B,downweight,0.3499999940395355
3730,0,cluster_A,downweight,0.3499999940395355
3731,0,cluster_A,downweight,0.3499999940395355
3732,1,cluster_B,retain,1.0
3733,0,cluster_A,downweight,0.3499999940395355
3734,0,cluster_A,downweight,0.3499999940395355
3735,0,cluster_A,downweight,0.3499999940395355
3736,0,cluster_A,downweight,0.3499999940395355
3737,0,cluster_A,downweight,0.3499999940395355
3738,1,cluster_B,downweight,0.3499999940395355
3739,0,cluster_A,downweight,0.3499999940395355
3740,1,cluster_B,downweight,0.3499999940395355
3741,1,cluster_B,retain,1.0
3742,1,cluster_B,retain,1.0
3743,0,cluster_A,downweight,0.3499999940395355
3744,1,cluster_B,retain,1.0
3745,1,cluster_B,retain,1.0
3746,1,cluster_B,downweight,0.3499999940395355
3747,1,cluster_B,downweight,0.3499999940395355
3748,1,cluster_B,downweight,0.3499999940395355
3749,0,cluster_A,retain,1.0
3750,0,cluster_A,downweight,0.3499999940395355
3751,0,cluster_A,retain,1.0
3752,1,cluster_B,downweight,0.3499999940395355
3753,0,cluster_A,retain,1.0
3754,0,cluster_A,downweight,0.3499999940395355
3755,1,cluster_B,downweight,0.3499999940395355
3756,0,cluster_A,downweight,0.3499999940395355
3757,1,cluster_B,retain,1.0
3758,0,cluster_A,downweight,0.3499999940395355
3759,1,cluster_B,retain,1.0
3760,0,cluster_A,downweight,0.3499999940395355
3761,1,cluster_B,downweight,0.3499999940395355
3762,1,cluster_B,retain,1.0
3763,1,cluster_B,downweight,0.3499999940395355
3764,0,cluster_A,retain,1.0
3765,0,cluster_A,retain,1.0
3766,1,cluster_B,downweight,0.3499999940395355
3767,1,cluster_B,retain,1.0
3768,0,cluster_A,downweight,0.3499999940395355
3769,1,cluster_B,retain,1.0
3770,0,cluster_A,downweight,0.3499999940395355
3771,1,cluster_B,downweight,0.3499999940395355
3772,0,cluster_A,retain,1.0
3773,0,cluster_A,retain,1.0
3774,0,cluster_A,retain,1.0
3775,0,cluster_A,downweight,0.3499999940395355
3776,1,cluster_B,retain,1.0
3777,0,cluster_A,downweight,0.3499999940395355
3778,1,cluster_B,downweight,0.3499999940395355
3779,0,cluster_A,downweight,0.3499999940395355
3780,0,cluster_A,retain,1.0
3781,1,cluster_B,downweight,0.3499999940395355
3782,1,cluster_B,retain,1.0
3783,0,cluster_A,downweight,0.3499999940395355
3784,0,cluster_A,downweight,0.3499999940395355
3785,1,cluster_B,retain,1.0
3786,1,cluster_B,retain,1.0
3787,1,cluster_B,retain,1.0
3788,0,cluster_A,downweight,0.3499999940395355
3789,1,cluster_B,downweight,0.3499999940395355
3790,0,cluster_A,retain,1.0
3791,0,cluster_A,downweight,0.3499999940395355
3792,1,cluster_B,downweight,0.3499999940395355
3793,0,cluster_A,retain,1.0
3794,0,cluster_A,downweight,0.3499999940395355
3795,1,cluster_B,downweight,0.3499999940395355
3796,0,cluster_A,downweight,0.3499999940395355
3797,1,cluster_B,retain,1.0
3798,1,cluster_B,retain,1.0
3799,0,cluster_A,retain,1.0
3800,0,cluster_A,downweight,0.3499999940395355
3801,0,cluster_A,downweight,0.3499999940395355
3802,1,cluster_B,retain,1.0
3803,1,cluster_B,downweight,0.3499999940395355
3804,0,cluster_A,retain,1.0
3805,0,cluster_A,downweight,0.3499999940395355
3806,1,cluster_B,downweight,0.3499999940395355
3807,0,cluster_A,downweight,0.3499999940395355
3808,1,cluster_B,downweight,0.3499999940395355
3809,0,cluster_A,downweight,0.3499999940395355
3810,0,cluster_A,downweight,0.3499999940395355
3811,0,cluster_A,downweight,0.3499999940395355
3812,1,cluster_B,retain,1.0
3813,0,cluster_A,retain,1.0
3814,0,cluster_A,downweight,0.3499999940395355
3815,1,cluster_B,downweight,0.3499999940395355
3816,0,cluster_A,downweight,0.3499999940395355
3817,1,cluster_B,downweight,0.3499999940395355
3818,0,cluster_A,downweight,0.3499999940395355
3819,0,cluster_A,downweight,0.3499999940395355
3820,1,cluster_B,retain,1.0
3821,1,cluster_B,retain,1.0
3822,1,cluster_B,retain,1.0
3823,0,cluster_A,retain,1.0
3824,0,cluster_A,downweight,0.3499999940395355
3825,0,cluster_A,downweight,0.3499999940395355
3826,0,cluster_A,retain,1.0
3827,1,cluster_B,downweight,0.3499999940395355
3828,1,cluster_B,retain,1.0
3829,0,cluster_A,retain,1.0
3830,1,cluster_B,downweight,0.3499999940395355
3831,0,cluster_A,downweight,0.3499999940395355
3832,1,cluster_B,retain,1.0
3833,0,cluster_A,downweight,0.3499999940395355
3834,1,cluster_B,downweight,0.3499999940395355
3835,0,cluster_A,downweight,0.3499999940395355
3836,0,cluster_A,retain,1.0
3837,0,cluster_A,retain,1.0
3838,0,cluster_A,downweight,0.3499999940395355
3839,0,cluster_A,downweight,0.3499999940395355
3840,0,cluster_A,downweight,0.3499999940395355
3841,1,cluster_B,retain,1.0
3842,1,cluster_B,retain,1.0
3843,1,cluster_B,downweight,0.3499999940395355
3844,1,cluster_B,retain,1.0
3845,0,cluster_A,downweight,0.3499999940395355
3846,1,cluster_B,retain,1.0
3847,0,cluster_A,retain,1.0
3848,1,cluster_B,downweight,0.3499999940395355
3849,0,cluster_A,retain,1.0
3850,1,cluster_B,downweight,0.3499999940395355
3851,0,cluster_A,retain,1.0
3852,1,cluster_B,retain,1.0
3853,0,cluster_A,retain,1.0
3854,0,cluster_A,downweight,0.3499999940395355
3855,0,cluster_A,retain,1.0
3856,1,cluster_B,downweight,0.3499999940395355
3857,1,cluster_B,retain,1.0
3858,0,cluster_A,retain,1.0
3859,0,cluster_A,retain,1.0
3860,1,cluster_B,retain,1.0
3861,1,cluster_B,retain,1.0
3862,0,cluster_A,retain,1.0
3863,0,cluster_A,downweight,0.3499999940395355
3864,1,cluster_B,downweight,0.3499999940395355
3865,1,cluster_B,retain,1.0
3866,1,cluster_B,retain,1.0
3867,0,cluster_A,retain,1.0
3868,0,cluster_A,retain,1.0
3869,1,cluster_B,retain,1.0
3870,1,cluster_B,downweight,0.3499999940395355
3871,1,cluster_B,downweight,0.3499999940395355
3872,1,cluster_B,downweight,0.3499999940395355
3873,0,cluster_A,downweight,0.3499999940395355
3874,1,cluster_B,retain,1.0
3875,0,cluster_A,retain,1.0
3876,1,cluster_B,retain,1.0
3877,0,cluster_A,downweight,0.3499999940395355
3878,0,cluster_A,downweight,0.3499999940395355
3879,0,cluster_A,downweight,0.3499999940395355
3880,0,cluster_A,downweight,0.3499999940395355
3881,0,cluster_A,retain,1.0
3882,1,cluster_B,retain,1.0
3883,0,cluster_A,downweight,0.3499999940395355
3884,1,cluster_B,downweight,0.3499999940395355
3885,1,cluster_B,downweight,0.3499999940395355
3886,0,cluster_A,retain,1.0
3887,1,cluster_B,downweight,0.3499999940395355
3888,1,cluster_B,downweight,0.3499999940395355
3889,1,cluster_B,downweight,0.3499999940395355
3890,1,cluster_B,retain,1.0
3891,0,cluster_A,retain,1.0
3892,1,cluster_B,retain,1.0
3893,0,cluster_A,retain,1.0
3894,0,cluster_A,downweight,0.3499999940395355
3895,1,cluster_B,downweight,0.3499999940395355
3896,0,cluster_A,downweight,0.3499999940395355
3897,1,cluster_B,retain,1.0
3898,0,cluster_A,retain,1.0
3899,1,cluster_B,downweight,0.3499999940395355
3900,1,cluster_B,downweight,0.3499999940395355
3901,0,cluster_A,downweight,0.3499999940395355
3902,0,cluster_A,downweight,0.3499999940395355
3903,1,cluster_B,downweight,0.3499999940395355
3904,0,cluster_A,downweight,0.3499999940395355
3905,0,cluster_A,retain,1.0
3906,1,cluster_B,retain,1.0
3907,0,cluster_A,retain,1.0
3908,1,cluster_B,downweight,0.3499999940395355
3909,1,cluster_B,downweight,0.3499999940395355
3910,1,cluster_B,retain,1.0
3911,1,cluster_B,downweight,0.3499999940395355
3912,0,cluster_A,retain,1.0
3913,0,cluster_A,downweight,0.3499999940395355
3914,1,cluster_B,retain,1.0
3916,0,cluster_A,retain,1.0
3917,1,cluster_B,downweight,0.3499999940395355
3918,1,cluster_B,retain,1.0
3919,0,cluster_A,retain,1.0
3920,1,cluster_B,downweight,0.3499999940395355
3921,1,cluster_B,downweight,0.3499999940395355
3922,0,cluster_A,downweight,0.3499999940395355
3923,1,cluster_B,downweight,0.3499999940395355
3924,0,cluster_A,retain,1.0
3925,1,cluster_B,downweight,0.3499999940395355
3926,1,cluster_B,downweight,0.3499999940395355
3927,0,cluster_A,downweight,0.3499999940395355
3928,1,cluster_B,retain,1.0
3929,0,cluster_A,downweight,0.3499999940395355
3930,0,cluster_A,downweight,0.3499999940395355
3931,1,cluster_B,retain,1.0
3932,0,cluster_A,downweight,0.3499999940395355
3933,0,cluster_A,downweight,0.3499999940395355
3934,0,cluster_A,downweight,0.3499999940395355
3935,0,cluster_A,retain,1.0
3936,0,cluster_A,downweight,0.3499999940395355
3937,1,cluster_B,retain,1.0
3938,1,cluster_B,retain,1.0
3939,0,cluster_A,downweight,0.3499999940395355
3940,1,cluster_B,downweight,0.3499999940395355
3941,1,cluster_B,retain,1.0
3942,0,cluster_A,retain,1.0
3943,1,cluster_B,downweight,0.3499999940395355
3944,1,cluster_B,downweight,0.3499999940395355
3945,0,cluster_A,downweight,0.3499999940395355
3946,0,cluster_A,downweight,0.3499999940395355
3947,1,cluster_B,downweight,0.3499999940395355
3948,0,cluster_A,downweight,0.3499999940395355
3949,1,cluster_B,retain,1.0
3950,0,cluster_A,downweight,0.3499999940395355
3951,0,cluster_A,retain,1.0
3952,1,cluster_B,retain,1.0
3953,1,cluster_B,retain,1.0
3954,1,cluster_B,downweight,0.3499999940395355
3955,1,cluster_B,downweight,0.3499999940395355
3956,1,cluster_B,downweight,0.3499999940395355
3957,1,cluster_B,downweight,0.3499999940395355
3958,1,cluster_B,retain,1.0
3959,0,cluster_A,downweight,0.3499999940395355
3960,1,cluster_B,retain,1.0
3961,1,cluster_B,downweight,0.3499999940395355
3962,1,cluster_B,downweight,0.3499999940395355
3963,0,cluster_A,downweight,0.3499999940395355
3964,1,cluster_B,retain,1.0
3965,0,cluster_A,downweight,0.3499999940395355
3966,0,cluster_A,downweight,0.3499999940395355
3967,1,cluster_B,downweight,0.3499999940395355
3968,0,cluster_A,retain,1.0
3969,1,cluster_B,retain,1.0
3970,0,cluster_A,downweight,0.3499999940395355
3971,1,cluster_B,retain,1.0
3972,1,cluster_B,retain,1.0
3973,0,cluster_A,retain,1.0
3974,1,cluster_B,retain,1.0
3975,0,cluster_A,retain,1.0
3976,0,cluster_A,downweight,0.3499999940395355
3977,0,cluster_A,downweight,0.3499999940395355
3978,1,cluster_B,retain,1.0
3979,0,cluster_A,retain,1.0
3980,0,cluster_A,downweight,0.3499999940395355
3981,1,cluster_B,retain,1.0
3982,0,cluster_A,downweight,0.3499999940395355
3983,1,cluster_B,downweight,0.3499999940395355
3984,0,cluster_A,retain,1.0
3986,1,cluster_B,downweight,0.3499999940395355
3987,1,cluster_B,downweight,0.3499999940395355
3988,1,cluster_B,downweight,0.3499999940395355
3989,0,cluster_A,downweight,0.3499999940395355
3990,1,cluster_B,downweight,0.3499999940395355
3991,1,cluster_B,retain,1.0
3992,1,cluster_B,retain,1.0
3993,1,cluster_B,retain,1.0
3994,1,cluster_B,retain,1.0
3995,0,cluster_A,downweight,0.3499999940395355
3996,1,cluster_B,retain,1.0
3997,1,cluster_B,downweight,0.3499999940395355
3998,0,cluster_A,retain,1.0
3999,1,cluster_B,retain,1.0
4000,0,cluster_A,retain,1.0
4001,0,cluster_A,downweight,0.3499999940395355
4002,1,cluster_B,downweight,0.3499999940395355
4003,0,cluster_A,downweight,0.3499999940395355
4004,1,cluster_B,downweight,0.3499999940395355
4005,0,cluster_A,retain,1.0
4006,1,cluster_B,downweight,0.3499999940395355
4007,1,cluster_B,retain,1.0
4008,1,cluster_B,downweight,0.3499999940395355
4009,0,cluster_A,retain,1.0
4010,1,cluster_B,retain,1.0
4011,0,cluster_A,retain,1.0
4012,1,cluster_B,retain,1.0
4013,0,cluster_A,retain,1.0
4014,0,cluster_A,downweight,0.3499999940395355
4015,1,cluster_B,downweight,0.3499999940395355
4016,0,cluster_A,retain,1.0
4017,0,cluster_A,retain,1.0
4018,1,cluster_B,retain,1.0
4019,0,cluster_A,retain,1.0
4020,1,cluster_B,downweight,0.3499999940395355
4021,0,cluster_A,downweight,0.3499999940395355
4022,1,cluster_B,retain,1.0
4023,1,cluster_B,retain,1.0
4024,0,cluster_A,retain,1.0
4025,1,cluster_B,retain,1.0
4026,0,cluster_A,downweight,0.3499999940395355
4027,0,cluster_A,retain,1.0
4028,1,cluster_B,retain,1.0
4029,0,cluster_A,retain,1.0
4030,1,cluster_B,retain,1.0
4031,1,cluster_B,retain,1.0
4032,1,cluster_B,downweight,0.3499999940395355
4033,0,cluster_A,downweight,0.3499999940395355
4034,1,cluster_B,retain,1.0
4035,1,cluster_B,downweight,0.3499999940395355
4036,0,cluster_A,downweight,0.3499999940395355
4037,0,cluster_A,retain,1.0
4038,0,cluster_A,downweight,0.3499999940395355
4039,1,cluster_B,downweight,0.3499999940395355
4040,1,cluster_B,retain,1.0
4041,1,cluster_B,retain,1.0
4042,0,cluster_A,downweight,0.3499999940395355
4043,0,cluster_A,downweight,0.3499999940395355
4044,0,cluster_A,downweight,0.3499999940395355
4045,1,cluster_B,retain,1.0
4046,1,cluster_B,downweight,0.3499999940395355
4047,1,cluster_B,downweight,0.3499999940395355
4048,0,cluster_A,downweight,0.3499999940395355
4049,1,cluster_B,retain,1.0
4050,1,cluster_B,downweight,0.3499999940395355
4051,1,cluster_B,retain,1.0
4052,0,cluster_A,retain,1.0
4053,1,cluster_B,retain,1.0
4054,1,cluster_B,downweight,0.3499999940395355
4055,0,cluster_A,retain,1.0
4056,1,cluster_B,downweight,0.3499999940395355
4057,1,cluster_B,retain,1.0
4058,1,cluster_B,downweight,0.3499999940395355
4059,1,cluster_B,downweight,0.3499999940395355
4060,0,cluster_A,downweight,0.3499999940395355
4061,0,cluster_A,downweight,0.3499999940395355
4062,1,cluster_B,downweight,0.3499999940395355
4063,1,cluster_B,retain,1.0
4064,0,cluster_A,retain,1.0
4065,0,cluster_A,retain,1.0
4066,0,cluster_A,downweight,0.3499999940395355
4067,0,cluster_A,retain,1.0
4068,0,cluster_A,retain,1.0
4069,1,cluster_B,downweight,0.3499999940395355
4070,0,cluster_A,downweight,0.3499999940395355
4071,1,cluster_B,downweight,0.3499999940395355
4072,0,cluster_A,retain,1.0
4073,0,cluster_A,retain,1.0
4074,0,cluster_A,downweight,0.3499999940395355
4075,0,cluster_A,retain,1.0
4076,1,cluster_B,downweight,0.3499999940395355
4077,0,cluster_A,retain,1.0
4078,0,cluster_A,retain,1.0
4079,1,cluster_B,downweight,0.3499999940395355
4080,0,cluster_A,retain,1.0
4081,1,cluster_B,retain,1.0
4082,0,cluster_A,downweight,0.3499999940395355
4083,1,cluster_B,downweight,0.3499999940395355
4084,0,cluster_A,downweight,0.3499999940395355
4085,0,cluster_A,retain,1.0
4086,0,cluster_A,retain,1.0
4087,0,cluster_A,downweight,0.3499999940395355
4088,0,cluster_A,downweight,0.3499999940395355
4089,0,cluster_A,downweight,0.3499999940395355
4090,0,cluster_A,downweight,0.3499999940395355
4091,1,cluster_B,downweight,0.3499999940395355
4092,1,cluster_B,retain,1.0
4093,1,cluster_B,downweight,0.3499999940395355
4094,1,cluster_B,retain,1.0
4095,1,cluster_B,downweight,0.3499999940395355
4096,1,cluster_B,downweight,0.3499999940395355
4097,0,cluster_A,downweight,0.3499999940395355
4098,1,cluster_B,downweight,0.3499999940395355
4099,1,cluster_B,downweight,0.3499999940395355
4100,1,cluster_B,retain,1.0
4101,1,cluster_B,retain,1.0
4102,1,cluster_B,retain,1.0
4103,0,cluster_A,retain,1.0
4104,1,cluster_B,downweight,0.3499999940395355
4105,0,cluster_A,downweight,0.3499999940395355
4106,1,cluster_B,retain,1.0
4107,1,cluster_B,downweight,0.3499999940395355
4108,0,cluster_A,downweight,0.3499999940395355
4109,0,cluster_A,retain,1.0
4110,1,cluster_B,downweight,0.3499999940395355
4111,1,cluster_B,downweight,0.3499999940395355
4112,1,cluster_B,retain,1.0
4113,0,cluster_A,downweight,0.3499999940395355
4114,1,cluster_B,downweight,0.3499999940395355
4115,0,cluster_A,retain,1.0
4116,0,cluster_A,retain,1.0
4117,0,cluster_A,retain,1.0
4118,0,cluster_A,retain,1.0
4119,1,cluster_B,downweight,0.3499999940395355
4120,0,cluster_A,retain,1.0
4121,1,cluster_B,downweight,0.3499999940395355
4122,1,cluster_B,retain,1.0
4123,0,cluster_A,downweight,0.3499999940395355
4124,0,cluster_A,retain,1.0
4125,0,cluster_A,retain,1.0
4126,1,cluster_B,downweight,0.3499999940395355
4127,0,cluster_A,downweight,0.3499999940395355
4128,1,cluster_B,retain,1.0
4129,1,cluster_B,retain,1.0
4130,0,cluster_A,downweight,0.3499999940395355
4131,0,cluster_A,downweight,0.3499999940395355
4132,0,cluster_A,downweight,0.3499999940395355
4133,0,cluster_A,downweight,0.3499999940395355
4134,1,cluster_B,downweight,0.3499999940395355
4135,1,cluster_B,retain,1.0
4136,0,cluster_A,retain,1.0
4137,1,cluster_B,downweight,0.3499999940395355
4138,0,cluster_A,retain,1.0
4139,0,cluster_A,retain,1.0
4140,1,cluster_B,downweight,0.3499999940395355
4141,0,cluster_A,downweight,0.3499999940395355
4142,0,cluster_A,retain,1.0
4143,1,cluster_B,downweight,0.3499999940395355
4144,1,cluster_B,downweight,0.3499999940395355
4145,0,cluster_A,downweight,0.3499999940395355
4146,1,cluster_B,downweight,0.3499999940395355
4147,0,cluster_A,downweight,0.3499999940395355
4148,0,cluster_A,downweight,0.3499999940395355
4149,0,cluster_A,retain,1.0
4151,1,cluster_B,downweight,0.3499999940395355
4152,1,cluster_B,retain,1.0
4153,0,cluster_A,retain,1.0
4154,0,cluster_A,retain,1.0
4155,1,cluster_B,retain,1.0
4156,1,cluster_B,downweight,0.3499999940395355
4157,0,cluster_A,downweight,0.3499999940395355
4158,0,cluster_A,retain,1.0
4159,0,cluster_A,downweight,0.3499999940395355
4160,0,cluster_A,downweight,0.3499999940395355
4161,1,cluster_B,retain,1.0
4162,0,cluster_A,retain,1.0
4163,1,cluster_B,retain,1.0
4164,1,cluster_B,downweight,0.3499999940395355
4165,1,cluster_B,downweight,0.3499999940395355
4166,0,cluster_A,retain,1.0
4167,1,cluster_B,downweight,0.3499999940395355
4168,0,cluster_A,retain,1.0
4169,0,cluster_A,downweight,0.3499999940395355
4170,0,cluster_A,downweight,0.3499999940395355
4171,1,cluster_B,retain,1.0
4172,0,cluster_A,downweight,0.3499999940395355
4173,0,cluster_A,downweight,0.3499999940395355
4174,0,cluster_A,downweight,0.3499999940395355
4175,1,cluster_B,downweight,0.3499999940395355
4176,0,cluster_A,downweight,0.3499999940395355
4177,0,cluster_A,retain,1.0
4178,0,cluster_A,downweight,0.3499999940395355
4179,0,cluster_A,retain,1.0
4180,0,cluster_A,downweight,0.3499999940395355
4181,0,cluster_A,retain,1.0
4182,0,cluster_A,retain,1.0
4183,0,cluster_A,downweight,0.3499999940395355
4184,0,cluster_A,downweight,0.3499999940395355
4185,0,cluster_A,retain,1.0
4186,1,cluster_B,downweight,0.3499999940395355
4187,0,cluster_A,downweight,0.3499999940395355
4188,1,cluster_B,downweight,0.3499999940395355
4189,0,cluster_A,retain,1.0
4190,1,cluster_B,retain,1.0
4191,0,cluster_A,retain,1.0
4192,1,cluster_B,retain,1.0
4193,1,cluster_B,downweight,0.3499999940395355
4194,0,cluster_A,retain,1.0
4195,1,cluster_B,retain,1.0
4196,0,cluster_A,downweight,0.3499999940395355
4197,0,cluster_A,retain,1.0
4198,1,cluster_B,downweight,0.3499999940395355
4199,1,cluster_B,retain,1.0
4200,1,cluster_B,retain,1.0
4201,1,cluster_B,retain,1.0
4202,0,cluster_A,retain,1.0
4203,1,cluster_B,downweight,0.3499999940395355
4204,0,cluster_A,downweight,0.3499999940395355
4205,0,cluster_A,downweight,0.3499999940395355
4206,1,cluster_B,retain,1.0
4207,0,cluster_A,downweight,0.3499999940395355
4208,1,cluster_B,downweight,0.3499999940395355
4209,1,cluster_B,downweight,0.3499999940395355
4210,0,cluster_A,downweight,0.3499999940395355
4211,1,cluster_B,downweight,0.3499999940395355
4212,0,cluster_A,retain,1.0
4213,1,cluster_B,downweight,0.3499999940395355
4214,0,cluster_A,retain,1.0
4215,1,cluster_B,retain,1.0
4216,1,cluster_B,retain,1.0
4217,0,cluster_A,downweight,0.3499999940395355
4218,1,cluster_B,retain,1.0
4219,1,cluster_B,retain,1.0
4220,0,cluster_A,downweight,0.3499999940395355
4221,0,cluster_A,downweight,0.3499999940395355
4222,1,cluster_B,downweight,0.3499999940395355
4223,0,cluster_A,downweight,0.3499999940395355
4224,0,cluster_A,retain,1.0
4225,0,cluster_A,downweight,0.3499999940395355
4226,0,cluster_A,retain,1.0
4227,1,cluster_B,retain,1.0
4228,1,cluster_B,downweight,0.3499999940395355
4229,1,cluster_B,retain,1.0
4230,0,cluster_A,downweight,0.3499999940395355
4231,0,cluster_A,downweight,0.3499999940395355
4232,1,cluster_B,downweight,0.3499999940395355
4233,0,cluster_A,retain,1.0
4234,0,cluster_A,downweight,0.3499999940395355
4235,0,cluster_A,retain,1.0
4236,0,cluster_A,downweight,0.3499999940395355
4237,1,cluster_B,retain,1.0
4238,0,cluster_A,retain,1.0
4239,1,cluster_B,downweight,0.3499999940395355
4240,1,cluster_B,retain,1.0
4241,0,cluster_A,downweight,0.3499999940395355
4242,0,cluster_A,downweight,0.3499999940395355
4243,0,cluster_A,retain,1.0
4244,1,cluster_B,downweight,0.3499999940395355
4245,1,cluster_B,downweight,0.3499999940395355
4246,1,cluster_B,downweight,0.3499999940395355
4247,1,cluster_B,downweight,0.3499999940395355
4248,1,cluster_B,retain,1.0
4249,1,cluster_B,downweight,0.3499999940395355
4250,1,cluster_B,downweight,0.3499999940395355
4251,0,cluster_A,retain,1.0
4252,1,cluster_B,retain,1.0
4253,1,cluster_B,retain,1.0
4254,0,cluster_A,retain,1.0
4255,0,cluster_A,downweight,0.3499999940395355
4256,1,cluster_B,retain,1.0
4257,1,cluster_B,retain,1.0
4258,1,cluster_B,retain,1.0
4259,1,cluster_B,downweight,0.3499999940395355
4261,1,cluster_B,downweight,0.3499999940395355
4262,1,cluster_B,retain,1.0
4263,1,cluster_B,retain,1.0
4264,0,cluster_A,downweight,0.3499999940395355
4265,0,cluster_A,downweight,0.3499999940395355
4266,0,cluster_A,downweight,0.3499999940395355
4267,1,cluster_B,retain,1.0
4268,0,cluster_A,retain,1.0
4269,1,cluster_B,downweight,0.3499999940395355
4270,0,cluster_A,downweight,0.3499999940395355
4271,1,cluster_B,retain,1.0
4272,1,cluster_B,retain,1.0
4273,0,cluster_A,retain,1.0
4274,1,cluster_B,downweight,0.3499999940395355
4275,0,cluster_A,retain,1.0
4276,1,cluster_B,downweight,0.3499999940395355
4277,0,cluster_A,downweight,0.3499999940395355
4278,1,cluster_B,downweight,0.3499999940395355
4279,1,cluster_B,downweight,0.3499999940395355
4280,0,cluster_A,retain,1.0
4281,1,cluster_B,downweight,0.3499999940395355
4282,1,cluster_B,retain,1.0
4283,0,cluster_A,retain,1.0
4284,1,cluster_B,downweight,0.3499999940395355
4285,0,cluster_A,retain,1.0
4286,0,cluster_A,retain,1.0
4287,1,cluster_B,retain,1.0
4288,0,cluster_A,retain,1.0
4289,1,cluster_B,downweight,0.3499999940395355
4290,1,cluster_B,downweight,0.3499999940395355
4291,0,cluster_A,downweight,0.3499999940395355
4292,0,cluster_A,retain,1.0
4293,0,cluster_A,retain,1.0
4294,0,cluster_A,retain,1.0
4295,0,cluster_A,downweight,0.3499999940395355
4296,1,cluster_B,retain,1.0
4297,1,cluster_B,retain,1.0
4298,1,cluster_B,retain,1.0
4299,0,cluster_A,retain,1.0
4300,1,cluster_B,retain,1.0
4301,1,cluster_B,retain,1.0
4302,1,cluster_B,downweight,0.3499999940395355
4303,1,cluster_B,retain,1.0
4304,1,cluster_B,downweight,0.3499999940395355
4305,1,cluster_B,downweight,0.3499999940395355
4306,0,cluster_A,retain,1.0
4307,0,cluster_A,downweight,0.3499999940395355
4308,1,cluster_B,downweight,0.3499999940395355
4309,0,cluster_A,downweight,0.3499999940395355
4310,0,cluster_A,downweight,0.3499999940395355
4311,0,cluster_A,retain,1.0
4312,0,cluster_A,retain,1.0
4313,0,cluster_A,retain,1.0
4314,0,cluster_A,retain,1.0
4315,0,cluster_A,downweight,0.3499999940395355
4316,0,cluster_A,downweight,0.3499999940395355
4318,0,cluster_A,downweight,0.3499999940395355
4319,1,cluster_B,downweight,0.3499999940395355
4320,1,cluster_B,retain,1.0
4321,1,cluster_B,downweight,0.3499999940395355
4322,0,cluster_A,downweight,0.3499999940395355
4323,1,cluster_B,downweight,0.3499999940395355
4324,1,cluster_B,retain,1.0
4325,1,cluster_B,downweight,0.3499999940395355
4326,1,cluster_B,downweight,0.3499999940395355
4327,1,cluster_B,downweight,0.3499999940395355
4328,0,cluster_A,retain,1.0
4329,1,cluster_B,retain,1.0
4330,0,cluster_A,downweight,0.3499999940395355
4331,1,cluster_B,retain,1.0
4332,1,cluster_B,retain,1.0
4333,1,cluster_B,downweight,0.3499999940395355
4334,1,cluster_B,downweight,0.3499999940395355
4335,0,cluster_A,downweight,0.3499999940395355
4336,1,cluster_B,downweight,0.3499999940395355
4337,1,cluster_B,downweight,0.3499999940395355
4338,1,cluster_B,retain,1.0
4339,0,cluster_A,downweight,0.3499999940395355
4340,1,cluster_B,downweight,0.3499999940395355
4341,0,cluster_A,retain,1.0
4342,0,cluster_A,retain,1.0
4343,0,cluster_A,downweight,0.3499999940395355
4344,0,cluster_A,retain,1.0
4345,1,cluster_B,retain,1.0
4346,0,cluster_A,downweight,0.3499999940395355
4347,0,cluster_A,retain,1.0
4348,0,cluster_A,downweight,0.3499999940395355
4349,0,cluster_A,retain,1.0
4350,1,cluster_B,downweight,0.3499999940395355
4351,1,cluster_B,downweight,0.3499999940395355
4352,0,cluster_A,downweight,0.3499999940395355
4353,1,cluster_B,retain,1.0
4354,1,cluster_B,retain,1.0
4355,1,cluster_B,downweight,0.3499999940395355
4356,1,cluster_B,downweight,0.3499999940395355
4357,1,cluster_B,retain,1.0
4358,0,cluster_A,downweight,0.3499999940395355
4359,1,cluster_B,retain,1.0
4360,0,cluster_A,downweight,0.3499999940395355
4361,1,cluster_B,retain,1.0
4362,0,cluster_A,downweight,0.3499999940395355
4363,0,cluster_A,downweight,0.3499999940395355
4364,0,cluster_A,retain,1.0
4365,0,cluster_A,downweight,0.3499999940395355
4366,0,cluster_A,retain,1.0
4367,0,cluster_A,retain,1.0
4368,1,cluster_B,downweight,0.3499999940395355
4369,0,cluster_A,downweight,0.3499999940395355
4370,1,cluster_B,downweight,0.3499999940395355
4371,0,cluster_A,downweight,0.3499999940395355
4372,1,cluster_B,downweight,0.3499999940395355
4373,1,cluster_B,retain,1.0
4374,1,cluster_B,retain,1.0
4375,1,cluster_B,retain,1.0
4376,1,cluster_B,downweight,0.3499999940395355
4377,0,cluster_A,retain,1.0
4378,1,cluster_B,retain,1.0
4379,0,cluster_A,downweight,0.3499999940395355
4380,1,cluster_B,retain,1.0
4381,0,cluster_A,downweight,0.3499999940395355
4382,0,cluster_A,downweight,0.3499999940395355
4383,0,cluster_A,downweight,0.3499999940395355
4384,0,cluster_A,downweight,0.3499999940395355
4385,0,cluster_A,retain,1.0
4386,0,cluster_A,downweight,0.3499999940395355
4387,0,cluster_A,downweight,0.3499999940395355
4388,1,cluster_B,downweight,0.3499999940395355
4389,1,cluster_B,retain,1.0
4390,0,cluster_A,retain,1.0
4391,1,cluster_B,downweight,0.3499999940395355
4392,0,cluster_A,downweight,0.3499999940395355
4393,0,cluster_A,retain,1.0
4394,0,cluster_A,retain,1.0
4395,0,cluster_A,retain,1.0
4396,1,cluster_B,downweight,0.3499999940395355
4397,1,cluster_B,downweight,0.3499999940395355
4398,1,cluster_B,retain,1.0
4399,0,cluster_A,downweight,0.3499999940395355
4400,0,cluster_A,downweight,0.3499999940395355
4401,0,cluster_A,retain,1.0
4402,1,cluster_B,downweight,0.3499999940395355
4403,1,cluster_B,downweight,0.3499999940395355
4404,1,cluster_B,downweight,0.3499999940395355
4405,1,cluster_B,downweight,0.3499999940395355
4406,1,cluster_B,downweight,0.3499999940395355
4407,0,cluster_A,downweight,0.3499999940395355
4408,1,cluster_B,retain,1.0
4409,1,cluster_B,downweight,0.3499999940395355
4410,1,cluster_B,downweight,0.3499999940395355
4411,0,cluster_A,downweight,0.3499999940395355
4412,1,cluster_B,downweight,0.3499999940395355
4413,1,cluster_B,retain,1.0
4414,0,cluster_A,retain,1.0
4415,0,cluster_A,retain,1.0
4416,1,cluster_B,retain,1.0
4417,0,cluster_A,downweight,0.3499999940395355
4418,1,cluster_B,downweight,0.3499999940395355
4419,0,cluster_A,downweight,0.3499999940395355
4420,1,cluster_B,downweight,0.3499999940395355
4421,1,cluster_B,retain,1.0
4422,0,cluster_A,downweight,0.3499999940395355
4423,0,cluster_A,retain,1.0
4424,0,cluster_A,downweight,0.3499999940395355
4425,0,cluster_A,retain,1.0
4426,0,cluster_A,downweight,0.3499999940395355
4427,0,cluster_A,retain,1.0
4428,0,cluster_A,downweight,0.3499999940395355
4429,0,cluster_A,retain,1.0
4430,1,cluster_B,downweight,0.3499999940395355
4431,0,cluster_A,retain,1.0
4432,0,cluster_A,downweight,0.3499999940395355
4433,1,cluster_B,downweight,0.3499999940395355
4434,0,cluster_A,downweight,0.3499999940395355
4435,1,cluster_B,downweight,0.3499999940395355
4436,1,cluster_B,retain,1.0
4437,1,cluster_B,downweight,0.3499999940395355
4438,1,cluster_B,retain,1.0
4439,0,cluster_A,downweight,0.3499999940395355
4440,1,cluster_B,downweight,0.3499999940395355
4441,0,cluster_A,downweight,0.3499999940395355
4442,0,cluster_A,retain,1.0
4443,1,cluster_B,downweight,0.3499999940395355
4444,1,cluster_B,retain,1.0
4445,1,cluster_B,downweight,0.3499999940395355
4446,0,cluster_A,downweight,0.3499999940395355
4447,0,cluster_A,downweight,0.3499999940395355
4448,1,cluster_B,downweight,0.3499999940395355
4449,1,cluster_B,downweight,0.3499999940395355
4450,0,cluster_A,downweight,0.3499999940395355
4451,1,cluster_B,downweight,0.3499999940395355
4452,1,cluster_B,retain,1.0
4453,0,cluster_A,downweight,0.3499999940395355
4454,0,cluster_A,retain,1.0
4455,0,cluster_A,retain,1.0
4456,0,cluster_A,downweight,0.3499999940395355
4457,0,cluster_A,downweight,0.3499999940395355
4458,0,cluster_A,retain,1.0
4459,1,cluster_B,downweight,0.3499999940395355
4460,0,cluster_A,downweight,0.3499999940395355
4461,1,cluster_B,downweight,0.3499999940395355
4462,0,cluster_A,retain,1.0
4463,0,cluster_A,retain,1.0
4464,1,cluster_B,retain,1.0
4465,0,cluster_A,downweight,0.3499999940395355
4466,0,cluster_A,downweight,0.3499999940395355
4467,1,cluster_B,downweight,0.3499999940395355
4468,1,cluster_B,downweight,0.3499999940395355
4469,1,cluster_B,downweight,0.3499999940395355
4470,1,cluster_B,retain,1.0
4471,1,cluster_B,retain,1.0
4472,0,cluster_A,downweight,0.3499999940395355
4473,0,cluster_A,retain,1.0
4474,1,cluster_B,downweight,0.3499999940395355
4475,0,cluster_A,downweight,0.3499999940395355
4476,1,cluster_B,downweight,0.3499999940395355
4477,0,cluster_A,downweight,0.3499999940395355
4478,0,cluster_A,retain,1.0
4479,0,cluster_A,retain,1.0
4480,1,cluster_B,retain,1.0
4481,1,cluster_B,downweight,0.3499999940395355
4482,0,cluster_A,retain,1.0
4483,0,cluster_A,downweight,0.3499999940395355
4484,0,cluster_A,downweight,0.3499999940395355
4485,1,cluster_B,downweight,0.3499999940395355
4486,1,cluster_B,downweight,0.3499999940395355
4487,1,cluster_B,downweight,0.3499999940395355
4488,1,cluster_B,downweight,0.3499999940395355
4489,0,cluster_A,retain,1.0
4490,0,cluster_A,downweight,0.3499999940395355
4491,1,cluster_B,downweight,0.3499999940395355
4492,1,cluster_B,downweight,0.3499999940395355
4493,1,cluster_B,retain,1.0
4494,1,cluster_B,downweight,0.3499999940395355
4495,1,cluster_B,retain,1.0
4496,1,cluster_B,retain,1.0
4497,1,cluster_B,downweight,0.3499999940395355
4498,1,cluster_B,downweight,0.3499999940395355
4499,0,cluster_A,retain,1.0
4500,1,cluster_B,retain,1.0
4501,0,cluster_A,downweight,0.3499999940395355
4502,1,cluster_B,downweight,0.3499999940395355
4503,0,cluster_A,downweight,0.3499999940395355
4504,0,cluster_A,retain,1.0
4505,0,cluster_A,downweight,0.3499999940395355
4506,1,cluster_B,downweight,0.3499999940395355
4507,0,cluster_A,downweight,0.3499999940395355
4508,1,cluster_B,downweight,0.3499999940395355
4509,1,cluster_B,downweight,0.3499999940395355
4510,1,cluster_B,downweight,0.3499999940395355
4511,1,cluster_B,retain,1.0
4512,1,cluster_B,downweight,0.3499999940395355
4513,0,cluster_A,downweight,0.3499999940395355
4514,1,cluster_B,downweight,0.3499999940395355
4515,0,cluster_A,downweight,0.3499999940395355
4516,1,cluster_B,downweight,0.3499999940395355
4517,1,cluster_B,downweight,0.3499999940395355
4518,0,cluster_A,downweight,0.3499999940395355
4519,0,cluster_A,retain,1.0
4520,1,cluster_B,retain,1.0
4521,1,cluster_B,downweight,0.3499999940395355
4522,0,cluster_A,downweight,0.3499999940395355
4523,0,cluster_A,retain,1.0
4524,1,cluster_B,retain,1.0
4525,0,cluster_A,downweight,0.3499999940395355
4526,1,cluster_B,retain,1.0
4527,0,cluster_A,retain,1.0
4528,1,cluster_B,retain,1.0
4529,1,cluster_B,retain,1.0
4530,1,cluster_B,downweight,0.3499999940395355
4531,0,cluster_A,retain,1.0
4532,0,cluster_A,retain,1.0
4533,1,cluster_B,downweight,0.3499999940395355
4535,1,cluster_B,retain,1.0
4536,0,cluster_A,downweight,0.3499999940395355
4537,0,cluster_A,downweight,0.3499999940395355
4538,0,cluster_A,downweight,0.3499999940395355
4539,1,cluster_B,downweight,0.3499999940395355
4540,1,cluster_B,downweight,0.3499999940395355
4541,0,cluster_A,retain,1.0
4542,0,cluster_A,downweight,0.3499999940395355
4543,1,cluster_B,retain,1.0
4544,0,cluster_A,retain,1.0
4545,1,cluster_B,retain,1.0
4546,1,cluster_B,downweight,0.3499999940395355
4547,1,cluster_B,retain,1.0
4548,0,cluster_A,downweight,0.3499999940395355
4549,0,cluster_A,downweight,0.3499999940395355
4550,0,cluster_A,retain,1.0
4551,1,cluster_B,downweight,0.3499999940395355
4552,0,cluster_A,downweight,0.3499999940395355
4553,1,cluster_B,retain,1.0
4554,0,cluster_A,downweight,0.3499999940395355
4555,0,cluster_A,retain,1.0
4556,0,cluster_A,retain,1.0
4557,0,cluster_A,downweight,0.3499999940395355
4558,1,cluster_B,retain,1.0
4559,0,cluster_A,downweight,0.3499999940395355
4560,0,cluster_A,downweight,0.3499999940395355
4561,1,cluster_B,retain,1.0
4562,1,cluster_B,downweight,0.3499999940395355
4563,0,cluster_A,downweight,0.3499999940395355
4564,0,cluster_A,downweight,0.3499999940395355
4565,1,cluster_B,retain,1.0
4566,1,cluster_B,downweight,0.3499999940395355
4567,1,cluster_B,retain,1.0
4568,1,cluster_B,retain,1.0
4569,1,cluster_B,retain,1.0
4570,0,cluster_A,downweight,0.3499999940395355
4571,0,cluster_A,retain,1.0
4572,0,cluster_A,retain,1.0
4573,1,cluster_B,downweight,0.3499999940395355
4574,1,cluster_B,retain,1.0
4575,1,cluster_B,downweight,0.3499999940395355
4576,0,cluster_A,downweight,0.3499999940395355
4577,1,cluster_B,retain,1.0
4578,1,cluster_B,retain,1.0
4579,1,cluster_B,downweight,0.3499999940395355
4580,1,cluster_B,retain,1.0
4581,0,cluster_A,downweight,0.3499999940395355
4583,0,cluster_A,downweight,0.3499999940395355
4584,0,cluster_A,retain,1.0
4585,0,cluster_A,downweight,0.3499999940395355
4586,1,cluster_B,retain,1.0
4587,1,cluster_B,downweight,0.3499999940395355
4588,0,cluster_A,downweight,0.3499999940395355
4589,0,cluster_A,retain,1.0
4590,0,cluster_A,retain,1.0
4591,0,cluster_A,downweight,0.3499999940395355
4592,0,cluster_A,downweight,0.3499999940395355
4593,0,cluster_A,downweight,0.3499999940395355
4595,1,cluster_B,downweight,0.3499999940395355
4596,0,cluster_A,downweight,0.3499999940395355
4597,0,cluster_A,downweight,0.3499999940395355
4598,1,cluster_B,downweight,0.3499999940395355
4599,1,cluster_B,downweight,0.3499999940395355
4600,1,cluster_B,downweight,0.3499999940395355
4601,1,cluster_B,downweight,0.3499999940395355
4602,0,cluster_A,retain,1.0
4603,1,cluster_B,downweight,0.3499999940395355
4604,0,cluster_A,retain,1.0
4605,1,cluster_B,retain,1.0
4606,1,cluster_B,downweight,0.3499999940395355
4607,1,cluster_B,retain,1.0
4608,1,cluster_B,downweight,0.3499999940395355
4609,1,cluster_B,downweight,0.3499999940395355
4610,1,cluster_B,retain,1.0
4611,0,cluster_A,downweight,0.3499999940395355
4612,1,cluster_B,downweight,0.3499999940395355
4613,0,cluster_A,downweight,0.3499999940395355
4614,0,cluster_A,downweight,0.3499999940395355
4615,1,cluster_B,retain,1.0
4616,0,cluster_A,downweight,0.3499999940395355
4617,1,cluster_B,downweight,0.3499999940395355
4618,1,cluster_B,downweight,0.3499999940395355
4619,1,cluster_B,downweight,0.3499999940395355
4620,0,cluster_A,downweight,0.3499999940395355
4621,1,cluster_B,retain,1.0
4622,1,cluster_B,downweight,0.3499999940395355
4623,0,cluster_A,downweight,0.3499999940395355
4624,1,cluster_B,downweight,0.3499999940395355
4625,1,cluster_B,retain,1.0
4626,0,cluster_A,retain,1.0
4627,1,cluster_B,retain,1.0
4628,0,cluster_A,downweight,0.3499999940395355
4629,1,cluster_B,retain,1.0
4630,1,cluster_B,downweight,0.3499999940395355
4631,0,cluster_A,downweight,0.3499999940395355
4632,1,cluster_B,downweight,0.3499999940395355
4633,0,cluster_A,retain,1.0
4634,0,cluster_A,downweight,0.3499999940395355
4635,1,cluster_B,downweight,0.3499999940395355
4636,0,cluster_A,retain,1.0
4637,1,cluster_B,downweight,0.3499999940395355
4638,1,cluster_B,downweight,0.3499999940395355
4639,1,cluster_B,retain,1.0
4640,1,cluster_B,downweight,0.3499999940395355
4641,0,cluster_A,downweight,0.3499999940395355
4642,0,cluster_A,retain,1.0
4643,1,cluster_B,retain,1.0
4644,1,cluster_B,downweight,0.3499999940395355
4645,1,cluster_B,downweight,0.3499999940395355
4646,1,cluster_B,downweight,0.3499999940395355
4647,1,cluster_B,downweight,0.3499999940395355
4648,0,cluster_A,retain,1.0
4649,1,cluster_B,downweight,0.3499999940395355
4650,1,cluster_B,downweight,0.3499999940395355
4651,0,cluster_A,downweight,0.3499999940395355
4652,0,cluster_A,retain,1.0
4653,0,cluster_A,downweight,0.3499999940395355
4654,0,cluster_A,downweight,0.3499999940395355
4655,1,cluster_B,retain,1.0
4656,1,cluster_B,retain,1.0
4657,1,cluster_B,retain,1.0
4658,1,cluster_B,downweight,0.3499999940395355
4659,0,cluster_A,retain,1.0
4660,1,cluster_B,retain,1.0
4661,0,cluster_A,downweight,0.3499999940395355
4662,1,cluster_B,downweight,0.3499999940395355
4663,0,cluster_A,retain,1.0
4664,0,cluster_A,downweight,0.3499999940395355
4665,1,cluster_B,retain,1.0
4666,1,cluster_B,downweight,0.3499999940395355
4667,1,cluster_B,downweight,0.3499999940395355
4668,0,cluster_A,retain,1.0
4669,0,cluster_A,downweight,0.3499999940395355
4670,0,cluster_A,downweight,0.3499999940395355
4671,0,cluster_A,retain,1.0
4672,1,cluster_B,downweight,0.3499999940395355
4673,1,cluster_B,retain,1.0
4674,0,cluster_A,downweight,0.3499999940395355
4675,1,cluster_B,downweight,0.3499999940395355
4676,1,cluster_B,downweight,0.3499999940395355
4677,1,cluster_B,downweight,0.3499999940395355
4678,1,cluster_B,retain,1.0
4679,0,cluster_A,downweight,0.3499999940395355
4680,0,cluster_A,retain,1.0
4681,1,cluster_B,retain,1.0
4682,0,cluster_A,downweight,0.3499999940395355
4683,1,cluster_B,retain,1.0
4684,0,cluster_A,retain,1.0
4685,0,cluster_A,downweight,0.3499999940395355
4686,1,cluster_B,downweight,0.3499999940395355
4687,1,cluster_B,retain,1.0
4688,0,cluster_A,downweight,0.3499999940395355
4689,1,cluster_B,retain,1.0
4690,1,cluster_B,downweight,0.3499999940395355
4691,1,cluster_B,retain,1.0
4692,0,cluster_A,downweight,0.3499999940395355
4693,0,cluster_A,downweight,0.3499999940395355
4694,0,cluster_A,retain,1.0
4695,1,cluster_B,downweight,0.3499999940395355
4696,0,cluster_A,downweight,0.3499999940395355
4697,0,cluster_A,downweight,0.3499999940395355
4698,1,cluster_B,downweight,0.3499999940395355
4699,1,cluster_B,downweight,0.3499999940395355
4700,0,cluster_A,retain,1.0
4701,0,cluster_A,downweight,0.3499999940395355
4702,1,cluster_B,retain,1.0
4703,0,cluster_A,downweight,0.3499999940395355
4704,0,cluster_A,downweight,0.3499999940395355
4705,1,cluster_B,downweight,0.3499999940395355
4706,0,cluster_A,downweight,0.3499999940395355
4707,1,cluster_B,downweight,0.3499999940395355
4708,1,cluster_B,downweight,0.3499999940395355
4709,0,cluster_A,downweight,0.3499999940395355
4710,1,cluster_B,downweight,0.3499999940395355
4711,0,cluster_A,retain,1.0
4712,0,cluster_A,downweight,0.3499999940395355
4713,0,cluster_A,retain,1.0
4714,1,cluster_B,downweight,0.3499999940395355
4715,0,cluster_A,retain,1.0
4716,0,cluster_A,retain,1.0
4717,1,cluster_B,downweight,0.3499999940395355
4718,1,cluster_B,downweight,0.3499999940395355
4719,0,cluster_A,retain,1.0
4720,0,cluster_A,downweight,0.3499999940395355
4721,1,cluster_B,retain,1.0
4722,1,cluster_B,downweight,0.3499999940395355
4723,0,cluster_A,downweight,0.3499999940395355
4724,1,cluster_B,retain,1.0
4725,1,cluster_B,retain,1.0
4726,0,cluster_A,downweight,0.3499999940395355
4727,0,cluster_A,retain,1.0
4728,1,cluster_B,retain,1.0
4729,1,cluster_B,retain,1.0
4730,0,cluster_A,retain,1.0
4731,1,cluster_B,retain,1.0
4732,1,cluster_B,retain,1.0
4733,0,cluster_A,retain,1.0
4734,0,cluster_A,retain,1.0
4735,0,cluster_A,downweight,0.3499999940395355
4736,0,cluster_A,retain,1.0
4737,0,cluster_A,downweight,0.3499999940395355
4738,0,cluster_A,downweight,0.3499999940395355
4739,0,cluster_A,downweight,0.3499999940395355
4740,0,cluster_A,downweight,0.3499999940395355
4741,0,cluster_A,downweight,0.3499999940395355
4742,1,cluster_B,retain,1.0
4743,0,cluster_A,downweight,0.3499999940395355
4744,0,cluster_A,retain,1.0
4745,1,cluster_B,retain,1.0
4746,0,cluster_A,retain,1.0
4747,1,cluster_B,downweight,0.3499999940395355
4748,1,cluster_B,retain,1.0
4749,1,cluster_B,downweight,0.3499999940395355
4750,1,cluster_B,downweight,0.3499999940395355
4751,0,cluster_A,retain,1.0
4752,1,cluster_B,retain,1.0
4753,1,cluster_B,downweight,0.3499999940395355
4754,1,cluster_B,retain,1.0
4756,1,cluster_B,retain,1.0
4757,0,cluster_A,downweight,0.3499999940395355
4758,0,cluster_A,retain,1.0
4759,0,cluster_A,retain,1.0
4760,1,cluster_B,downweight,0.3499999940395355
4761,0,cluster_A,downweight,0.3499999940395355
4762,1,cluster_B,retain,1.0
4763,1,cluster_B,retain,1.0
4764,1,cluster_B,retain,1.0
4765,1,cluster_B,retain,1.0
4766,0,cluster_A,downweight,0.3499999940395355
4767,0,cluster_A,downweight,0.3499999940395355
4768,0,cluster_A,downweight,0.3499999940395355
4769,0,cluster_A,downweight,0.3499999940395355
4770,1,cluster_B,retain,1.0
4771,1,cluster_B,retain,1.0
4772,0,cluster_A,retain,1.0
4773,1,cluster_B,downweight,0.3499999940395355
4774,0,cluster_A,downweight,0.3499999940395355
4775,0,cluster_A,retain,1.0
4776,1,cluster_B,downweight,0.3499999940395355
4777,0,cluster_A,downweight,0.3499999940395355
4778,1,cluster_B,downweight,0.3499999940395355
4779,0,cluster_A,retain,1.0
4780,0,cluster_A,retain,1.0
4781,1,cluster_B,downweight,0.3499999940395355
4782,0,cluster_A,downweight,0.3499999940395355
4783,1,cluster_B,retain,1.0
4784,1,cluster_B,retain,1.0
4785,0,cluster_A,downweight,0.3499999940395355
4786,1,cluster_B,downweight,0.3499999940395355
4787,0,cluster_A,downweight,0.3499999940395355
4788,0,cluster_A,downweight,0.3499999940395355
4789,1,cluster_B,downweight,0.3499999940395355
4790,1,cluster_B,downweight,0.3499999940395355
4791,0,cluster_A,downweight,0.3499999940395355
4792,0,cluster_A,retain,1.0
4793,1,cluster_B,retain,1.0
4794,0,cluster_A,downweight,0.3499999940395355
4795,1,cluster_B,downweight,0.3499999940395355
4797,0,cluster_A,downweight,0.3499999940395355
4798,0,cluster_A,retain,1.0
4799,1,cluster_B,downweight,0.3499999940395355
4800,1,cluster_B,downweight,0.3499999940395355
4801,1,cluster_B,retain,1.0
4802,1,cluster_B,retain,1.0
4803,1,cluster_B,downweight,0.3499999940395355
4804,0,cluster_A,retain,1.0
4805,0,cluster_A,downweight,0.3499999940395355
4806,1,cluster_B,downweight,0.3499999940395355
4807,1,cluster_B,retain,1.0
4808,0,cluster_A,downweight,0.3499999940395355
4809,0,cluster_A,retain,1.0
4810,0,cluster_A,downweight,0.3499999940395355
4811,0,cluster_A,downweight,0.3499999940395355
4812,1,cluster_B,retain,1.0
4813,1,cluster_B,retain,1.0
4814,0,cluster_A,downweight,0.3499999940395355
4815,1,cluster_B,downweight,0.3499999940395355
4816,0,cluster_A,downweight,0.3499999940395355
4817,1,cluster_B,downweight,0.3499999940395355
4818,0,cluster_A,downweight,0.3499999940395355
4819,0,cluster_A,downweight,0.3499999940395355
4820,0,cluster_A,downweight,0.3499999940395355
4821,1,cluster_B,downweight,0.3499999940395355
4822,1,cluster_B,retain,1.0
4823,0,cluster_A,downweight,0.3499999940395355
4824,0,cluster_A,downweight,0.3499999940395355
4825,1,cluster_B,downweight,0.3499999940395355
4826,0,cluster_A,downweight,0.3499999940395355
4827,0,cluster_A,retain,1.0
4828,0,cluster_A,downweight,0.3499999940395355
4829,1,cluster_B,retain,1.0
4830,0,cluster_A,retain,1.0
4831,1,cluster_B,downweight,0.3499999940395355
4832,1,cluster_B,retain,1.0
4833,1,cluster_B,retain,1.0
4834,0,cluster_A,downweight,0.3499999940395355
4835,0,cluster_A,downweight,0.3499999940395355
4836,1,cluster_B,retain,1.0
4837,1,cluster_B,retain,1.0
4838,0,cluster_A,downweight,0.3499999940395355
4839,0,cluster_A,retain,1.0
4840,0,cluster_A,retain,1.0
4841,1,cluster_B,downweight,0.3499999940395355
4842,0,cluster_A,downweight,0.3499999940395355
4843,1,cluster_B,retain,1.0
4844,0,cluster_A,downweight,0.3499999940395355
4845,1,cluster_B,retain,1.0
4846,1,cluster_B,retain,1.0
4847,1,cluster_B,downweight,0.3499999940395355
4848,1,cluster_B,retain,1.0
4849,1,cluster_B,downweight,0.3499999940395355
4850,0,cluster_A,downweight,0.3499999940395355
4851,1,cluster_B,retain,1.0
4852,0,cluster_A,downweight,0.3499999940395355
4853,1,cluster_B,downweight,0.3499999940395355
4854,0,cluster_A,retain,1.0
4855,1,cluster_B,retain,1.0
4856,0,cluster_A,downweight,0.3499999940395355
4857,0,cluster_A,retain,1.0
4858,1,cluster_B,downweight,0.3499999940395355
4859,1,cluster_B,downweight,0.3499999940395355
4860,1,cluster_B,retain,1.0
4861,0,cluster_A,downweight,0.3499999940395355
4862,0,cluster_A,downweight,0.3499999940395355
4863,0,cluster_A,retain,1.0
4864,0,cluster_A,downweight,0.3499999940395355
4865,0,cluster_A,retain,1.0
4866,0,cluster_A,downweight,0.3499999940395355
4867,0,cluster_A,downweight,0.3499999940395355
4868,1,cluster_B,downweight,0.3499999940395355
4869,0,cluster_A,downweight,0.3499999940395355
4870,1,cluster_B,retain,1.0
4871,1,cluster_B,retain,1.0
4872,0,cluster_A,retain,1.0
4873,0,cluster_A,downweight,0.3499999940395355
4874,0,cluster_A,downweight,0.3499999940395355
4875,1,cluster_B,downweight,0.3499999940395355
4876,0,cluster_A,downweight,0.3499999940395355
4877,1,cluster_B,retain,1.0
4878,1,cluster_B,downweight,0.3499999940395355
4879,1,cluster_B,retain,1.0
4880,0,cluster_A,retain,1.0
4881,0,cluster_A,downweight,0.3499999940395355
4882,1,cluster_B,retain,1.0
4883,1,cluster_B,downweight,0.3499999940395355
4884,1,cluster_B,downweight,0.3499999940395355
4885,0,cluster_A,downweight,0.3499999940395355
4886,1,cluster_B,downweight,0.3499999940395355
4887,0,cluster_A,retain,1.0
4888,1,cluster_B,retain,1.0
4889,0,cluster_A,downweight,0.3499999940395355
4890,0,cluster_A,downweight,0.3499999940395355
4891,1,cluster_B,downweight,0.3499999940395355
4892,1,cluster_B,downweight,0.3499999940395355
4893,1,cluster_B,retain,1.0
4894,1,cluster_B,retain,1.0
4895,0,cluster_A,retain,1.0
4896,0,cluster_A,retain,1.0
4897,1,cluster_B,retain,1.0
4898,0,cluster_A,retain,1.0
4899,0,cluster_A,downweight,0.3499999940395355
4900,0,cluster_A,retain,1.0
4901,1,cluster_B,downweight,0.3499999940395355
4902,0,cluster_A,retain,1.0
4903,0,cluster_A,downweight,0.3499999940395355
4904,1,cluster_B,downweight,0.3499999940395355
4905,1,cluster_B,downweight,0.3499999940395355
4906,1,cluster_B,retain,1.0
4907,1,cluster_B,retain,1.0
4908,0,cluster_A,retain,1.0
4909,0,cluster_A,downweight,0.3499999940395355
4910,0,cluster_A,downweight,0.3499999940395355
4911,0,cluster_A,retain,1.0
4912,1,cluster_B,downweight,0.3499999940395355
4913,1,cluster_B,retain,1.0
4914,1,cluster_B,retain,1.0
4915,0,cluster_A,downweight,0.3499999940395355
4916,1,cluster_B,retain,1.0
4917,0,cluster_A,downweight,0.3499999940395355
4918,0,cluster_A,retain,1.0
4919,1,cluster_B,retain,1.0
4920,1,cluster_B,retain,1.0
4921,0,cluster_A,downweight,0.3499999940395355
4922,1,cluster_B,downweight,0.3499999940395355
4923,0,cluster_A,retain,1.0
4924,1,cluster_B,retain,1.0
4925,0,cluster_A,retain,1.0
4926,1,cluster_B,downweight,0.3499999940395355
4927,0,cluster_A,downweight,0.3499999940395355
4928,1,cluster_B,downweight,0.3499999940395355
4929,0,cluster_A,retain,1.0
4930,1,cluster_B,downweight,0.3499999940395355
4931,1,cluster_B,retain,1.0
4932,1,cluster_B,downweight,0.3499999940395355
4933,0,cluster_A,retain,1.0
4934,0,cluster_A,retain,1.0
4936,0,cluster_A,downweight,0.3499999940395355
4937,1,cluster_B,downweight,0.3499999940395355
4938,1,cluster_B,downweight,0.3499999940395355
4939,1,cluster_B,retain,1.0
4940,0,cluster_A,downweight,0.3499999940395355
4941,1,cluster_B,retain,1.0
4942,0,cluster_A,retain,1.0
4943,0,cluster_A,retain,1.0
4944,1,cluster_B,downweight,0.3499999940395355
4945,1,cluster_B,retain,1.0
4946,0,cluster_A,retain,1.0
4947,1,cluster_B,downweight,0.3499999940395355
4948,1,cluster_B,retain,1.0
4949,0,cluster_A,downweight,0.3499999940395355
4950,1,cluster_B,downweight,0.3499999940395355
4951,1,cluster_B,downweight,0.3499999940395355
4952,0,cluster_A,downweight,0.3499999940395355
4953,0,cluster_A,downweight,0.3499999940395355
4954,0,cluster_A,retain,1.0
4955,1,cluster_B,downweight,0.3499999940395355
4956,0,cluster_A,downweight,0.3499999940395355
4957,0,cluster_A,retain,1.0
4958,0,cluster_A,retain,1.0
4959,0,cluster_A,downweight,0.3499999940395355
4960,0,cluster_A,downweight,0.3499999940395355
4961,0,cluster_A,retain,1.0
4962,0,cluster_A,downweight,0.3499999940395355
4963,1,cluster_B,retain,1.0
4964,0,cluster_A,downweight,0.3499999940395355
4965,1,cluster_B,retain,1.0
4966,0,cluster_A,downweight,0.3499999940395355
4967,0,cluster_A,retain,1.0
4968,1,cluster_B,downweight,0.3499999940395355
4969,1,cluster_B,downweight,0.3499999940395355
4970,1,cluster_B,downweight,0.3499999940395355
4971,0,cluster_A,retain,1.0
4972,0,cluster_A,retain,1.0
4973,1,cluster_B,retain,1.0
4974,0,cluster_A,downweight,0.3499999940395355
4975,0,cluster_A,downweight,0.3499999940395355
4976,0,cluster_A,retain,1.0
4977,1,cluster_B,downweight,0.3499999940395355
4978,0,cluster_A,downweight,0.3499999940395355
4979,1,cluster_B,downweight,0.3499999940395355
4980,1,cluster_B,downweight,0.3499999940395355
4982,1,cluster_B,downweight,0.3499999940395355
4983,1,cluster_B,downweight,0.3499999940395355
4984,0,cluster_A,downweight,0.3499999940395355
4985,1,cluster_B,downweight,0.3499999940395355
4986,0,cluster_A,retain,1.0
4987,0,cluster_A,downweight,0.3499999940395355
4988,0,cluster_A,downweight,0.3499999940395355
4989,1,cluster_B,downweight,0.3499999940395355
4990,0,cluster_A,downweight,0.3499999940395355
4991,0,cluster_A,retain,1.0
4992,1,cluster_B,retain,1.0
4993,0,cluster_A,retain,1.0
4994,0,cluster_A,retain,1.0
4995,1,cluster_B,retain,1.0
4996,0,cluster_A,retain,1.0
4997,1,cluster_B,retain,1.0
4998,0,cluster_A,downweight,0.3499999940395355
4999,1,cluster_B,retain,1.0
5000,0,cluster_A,retain,1.0
5001,1,cluster_B,retain,1.0
5002,1,cluster_B,retain,1.0
5003,0,cluster_A,downweight,0.3499999940395355
5004,0,cluster_A,retain,1.0
5005,0,cluster_A,downweight,0.3499999940395355
5006,1,cluster_B,retain,1.0
5007,0,cluster_A,downweight,0.3499999940395355
5008,0,cluster_A,downweight,0.3499999940395355
5009,1,cluster_B,retain,1.0
5010,1,cluster_B,downweight,0.3499999940395355
5011,0,cluster_A,retain,1.0
5012,0,cluster_A,retain,1.0
5013,0,cluster_A,downweight,0.3499999940395355
5014,0,cluster_A,retain,1.0
5015,0,cluster_A,retain,1.0
5016,0,cluster_A,downweight,0.3499999940395355
5017,1,cluster_B,downweight,0.3499999940395355
5018,1,cluster_B,downweight,0.3499999940395355
5019,0,cluster_A,retain,1.0
5020,0,cluster_A,retain,1.0
5021,0,cluster_A,downweight,0.3499999940395355
5022,1,cluster_B,retain,1.0
5023,0,cluster_A,downweight,0.3499999940395355
5024,0,cluster_A,retain,1.0
5025,1,cluster_B,retain,1.0
5026,0,cluster_A,downweight,0.3499999940395355
5027,0,cluster_A,downweight,0.3499999940395355
5028,1,cluster_B,downweight,0.3499999940395355
5029,0,cluster_A,downweight,0.3499999940395355
5030,0,cluster_A,downweight,0.3499999940395355
5031,1,cluster_B,retain,1.0
5032,0,cluster_A,downweight,0.3499999940395355
5033,1,cluster_B,retain,1.0
5034,0,cluster_A,downweight,0.3499999940395355
5035,1,cluster_B,retain,1.0
5036,1,cluster_B,downweight,0.3499999940395355
5037,1,cluster_B,downweight,0.3499999940395355
5038,1,cluster_B,retain,1.0
5039,1,cluster_B,retain,1.0
5040,0,cluster_A,downweight,0.3499999940395355
5041,1,cluster_B,downweight,0.3499999940395355
5042,0,cluster_A,downweight,0.3499999940395355
5043,1,cluster_B,downweight,0.3499999940395355
5044,1,cluster_B,downweight,0.3499999940395355
5045,1,cluster_B,downweight,0.3499999940395355
5046,0,cluster_A,downweight,0.3499999940395355
5047,1,cluster_B,retain,1.0
5048,1,cluster_B,downweight,0.3499999940395355
5049,1,cluster_B,downweight,0.3499999940395355
5050,0,cluster_A,retain,1.0
5051,1,cluster_B,retain,1.0
5052,1,cluster_B,retain,1.0
5053,0,cluster_A,retain,1.0
5054,1,cluster_B,downweight,0.3499999940395355
5055,1,cluster_B,retain,1.0
5056,0,cluster_A,downweight,0.3499999940395355
5057,1,cluster_B,retain,1.0
5058,0,cluster_A,downweight,0.3499999940395355
5059,0,cluster_A,downweight,0.3499999940395355
5060,1,cluster_B,retain,1.0
5061,1,cluster_B,downweight,0.3499999940395355
5062,0,cluster_A,downweight,0.3499999940395355
5063,1,cluster_B,retain,1.0
5064,0,cluster_A,downweight,0.3499999940395355
5065,1,cluster_B,downweight,0.3499999940395355
5066,1,cluster_B,retain,1.0
5067,0,cluster_A,retain,1.0
5068,1,cluster_B,retain,1.0
5069,1,cluster_B,downweight,0.3499999940395355
5070,1,cluster_B,retain,1.0
5071,1,cluster_B,downweight,0.3499999940395355
5072,1,cluster_B,downweight,0.3499999940395355
5073,1,cluster_B,downweight,0.3499999940395355
5074,0,cluster_A,downweight,0.3499999940395355
5075,1,cluster_B,downweight,0.3499999940395355
5076,1,cluster_B,retain,1.0
5077,1,cluster_B,downweight,0.3499999940395355
5078,0,cluster_A,downweight,0.3499999940395355
5079,0,cluster_A,retain,1.0
5080,1,cluster_B,retain,1.0
5081,1,cluster_B,retain,1.0
5082,0,cluster_A,downweight,0.3499999940395355
5083,1,cluster_B,downweight,0.3499999940395355
5084,0,cluster_A,downweight,0.3499999940395355
5085,1,cluster_B,retain,1.0
5086,1,cluster_B,downweight,0.3499999940395355
5087,1,cluster_B,retain,1.0
5088,1,cluster_B,retain,1.0
5089,1,cluster_B,downweight,0.3499999940395355
5090,1,cluster_B,downweight,0.3499999940395355
5091,0,cluster_A,downweight,0.3499999940395355
5092,1,cluster_B,downweight,0.3499999940395355
5093,0,cluster_A,retain,1.0
5094,1,cluster_B,downweight,0.3499999940395355
5095,1,cluster_B,downweight,0.3499999940395355
5096,0,cluster_A,retain,1.0
5097,0,cluster_A,downweight,0.3499999940395355
5098,1,cluster_B,downweight,0.3499999940395355
5099,1,cluster_B,downweight,0.3499999940395355
5100,1,cluster_B,retain,1.0
5101,1,cluster_B,retain,1.0
5102,0,cluster_A,retain,1.0
5103,1,cluster_B,retain,1.0
5104,1,cluster_B,downweight,0.3499999940395355
5105,1,cluster_B,retain,1.0
5106,1,cluster_B,downweight,0.3499999940395355
5107,1,cluster_B,downweight,0.3499999940395355
5108,1,cluster_B,downweight,0.3499999940395355
5109,1,cluster_B,downweight,0.3499999940395355
5110,1,cluster_B,retain,1.0
5111,0,cluster_A,downweight,0.3499999940395355
5112,0,cluster_A,downweight,0.3499999940395355
5113,0,cluster_A,retain,1.0
5114,0,cluster_A,retain,1.0
5115,1,cluster_B,retain,1.0
5116,0,cluster_A,downweight,0.3499999940395355
5117,1,cluster_B,retain,1.0
5118,1,cluster_B,retain,1.0
5119,1,cluster_B,retain,1.0
5120,0,cluster_A,downweight,0.3499999940395355
5121,0,cluster_A,retain,1.0
5122,0,cluster_A,downweight,0.3499999940395355
5123,1,cluster_B,retain,1.0
5124,1,cluster_B,retain,1.0
5125,1,cluster_B,downweight,0.3499999940395355
5126,1,cluster_B,downweight,0.3499999940395355
5127,0,cluster_A,retain,1.0
5128,1,cluster_B,retain,1.0
5129,1,cluster_B,downweight,0.3499999940395355
5130,1,cluster_B,retain,1.0
5131,0,cluster_A,downweight,0.3499999940395355
5132,1,cluster_B,downweight,0.3499999940395355
5133,0,cluster_A,downweight,0.3499999940395355
5134,0,cluster_A,downweight,0.3499999940395355
5135,0,cluster_A,downweight,0.3499999940395355
5136,0,cluster_A,retain,1.0
5137,0,cluster_A,downweight,0.3499999940395355
5138,0,cluster_A,retain,1.0
5139,0,cluster_A,retain,1.0
5140,1,cluster_B,retain,1.0
5141,0,cluster_A,retain,1.0
5142,0,cluster_A,downweight,0.3499999940395355
5143,1,cluster_B,downweight,0.3499999940395355
5144,1,cluster_B,downweight,0.3499999940395355
5145,0,cluster_A,retain,1.0
5146,1,cluster_B,retain,1.0
5147,0,cluster_A,downweight,0.3499999940395355
5148,1,cluster_B,retain,1.0
5149,1,cluster_B,downweight,0.3499999940395355
5150,0,cluster_A,retain,1.0
5151,1,cluster_B,downweight,0.3499999940395355
5152,1,cluster_B,downweight,0.3499999940395355
5153,0,cluster_A,downweight,0.3499999940395355
5154,0,cluster_A,downweight,0.3499999940395355
5155,1,cluster_B,downweight,0.3499999940395355
5156,1,cluster_B,downweight,0.3499999940395355
5157,0,cluster_A,retain,1.0
5158,1,cluster_B,retain,1.0
5159,0,cluster_A,downweight,0.3499999940395355
5160,0,cluster_A,downweight,0.3499999940395355
5161,0,cluster_A,downweight,0.3499999940395355
5162,0,cluster_A,retain,1.0
5163,0,cluster_A,downweight,0.3499999940395355
5164,1,cluster_B,downweight,0.3499999940395355
5165,0,cluster_A,downweight,0.3499999940395355
5166,0,cluster_A,downweight,0.3499999940395355
5167,1,cluster_B,downweight,0.3499999940395355
5168,1,cluster_B,downweight,0.3499999940395355
5169,0,cluster_A,downweight,0.3499999940395355
5170,0,cluster_A,retain,1.0
5171,0,cluster_A,downweight,0.3499999940395355
5172,0,cluster_A,downweight,0.3499999940395355
5173,0,cluster_A,downweight,0.3499999940395355
5174,1,cluster_B,downweight,0.3499999940395355
5175,0,cluster_A,downweight,0.3499999940395355
5176,0,cluster_A,retain,1.0
5177,0,cluster_A,downweight,0.3499999940395355
5178,0,cluster_A,retain,1.0
5179,0,cluster_A,retain,1.0
5180,1,cluster_B,downweight,0.3499999940395355
5181,0,cluster_A,retain,1.0
5182,0,cluster_A,retain,1.0
5183,0,cluster_A,retain,1.0
5184,1,cluster_B,retain,1.0
5185,1,cluster_B,downweight,0.3499999940395355
5186,1,cluster_B,downweight,0.3499999940395355
5187,1,cluster_B,downweight,0.3499999940395355
5189,0,cluster_A,retain,1.0
5190,0,cluster_A,retain,1.0
5191,1,cluster_B,downweight,0.3499999940395355
5192,0,cluster_A,retain,1.0
5193,1,cluster_B,retain,1.0
5194,0,cluster_A,retain,1.0
5195,1,cluster_B,downweight,0.3499999940395355
5196,0,cluster_A,downweight,0.3499999940395355
5197,1,cluster_B,downweight,0.3499999940395355
5198,0,cluster_A,retain,1.0
5199,0,cluster_A,downweight,0.3499999940395355
5200,0,cluster_A,downweight,0.3499999940395355
5201,0,cluster_A,downweight,0.3499999940395355
5202,1,cluster_B,downweight,0.3499999940395355
5203,0,cluster_A,retain,1.0
5204,1,cluster_B,downweight,0.3499999940395355
5205,1,cluster_B,downweight,0.3499999940395355
5206,0,cluster_A,retain,1.0
5207,0,cluster_A,downweight,0.3499999940395355
5208,1,cluster_B,retain,1.0
5209,1,cluster_B,retain,1.0
5210,0,cluster_A,retain,1.0
5211,0,cluster_A,retain,1.0
5212,0,cluster_A,retain,1.0
5213,0,cluster_A,retain,1.0
5214,1,cluster_B,downweight,0.3499999940395355
5215,1,cluster_B,retain,1.0
5216,1,cluster_B,retain,1.0
5217,0,cluster_A,downweight,0.3499999940395355
5218,1,cluster_B,downweight,0.3499999940395355
5219,0,cluster_A,retain,1.0
5220,1,cluster_B,downweight,0.3499999940395355
5221,0,cluster_A,retain,1.0
5222,1,cluster_B,retain,1.0
5223,1,cluster_B,retain,1.0
5224,1,cluster_B,downweight,0.3499999940395355
5225,0,cluster_A,retain,1.0
5226,1,cluster_B,downweight,0.3499999940395355
5227,0,cluster_A,retain,1.0
5228,0,cluster_A,downweight,0.3499999940395355
5229,1,cluster_B,downweight,0.3499999940395355
5230,0,cluster_A,retain,1.0
5231,1,cluster_B,retain,1.0
5232,0,cluster_A,retain,1.0
5233,1,cluster_B,retain,1.0
5234,0,cluster_A,downweight,0.3499999940395355
5235,1,cluster_B,retain,1.0
5236,0,cluster_A,retain,1.0
5237,1,cluster_B,downweight,0.3499999940395355
5238,0,cluster_A,downweight,0.3499999940395355
5239,1,cluster_B,retain,1.0
5240,1,cluster_B,downweight,0.3499999940395355
5241,0,cluster_A,retain,1.0
5242,0,cluster_A,retain,1.0
5243,1,cluster_B,retain,1.0
5244,1,cluster_B,downweight,0.3499999940395355
5245,1,cluster_B,retain,1.0
5246,1,cluster_B,downweight,0.3499999940395355
5247,0,cluster_A,downweight,0.3499999940395355
5248,0,cluster_A,downweight,0.3499999940395355
5249,1,cluster_B,downweight,0.3499999940395355
5250,0,cluster_A,downweight,0.3499999940395355
5251,0,cluster_A,downweight,0.3499999940395355
5252,1,cluster_B,retain,1.0
5253,1,cluster_B,downweight,0.3499999940395355
5254,1,cluster_B,downweight,0.3499999940395355
5255,1,cluster_B,downweight,0.3499999940395355
5257,0,cluster_A,retain,1.0
5258,1,cluster_B,retain,1.0
5259,0,cluster_A,downweight,0.3499999940395355
5260,1,cluster_B,retain,1.0
5261,1,cluster_B,downweight,0.3499999940395355
5262,0,cluster_A,retain,1.0
5263,1,cluster_B,retain,1.0
5264,0,cluster_A,downweight,0.3499999940395355
5265,0,cluster_A,downweight,0.3499999940395355
5266,1,cluster_B,downweight,0.3499999940395355
5267,1,cluster_B,downweight,0.3499999940395355
5268,1,cluster_B,retain,1.0
5269,0,cluster_A,retain,1.0
5270,1,cluster_B,downweight,0.3499999940395355
5271,0,cluster_A,retain,1.0
5272,0,cluster_A,retain,1.0
5273,1,cluster_B,downweight,0.3499999940395355
5274,0,cluster_A,downweight,0.3499999940395355
5275,0,cluster_A,downweight,0.3499999940395355
5276,1,cluster_B,retain,1.0
5277,0,cluster_A,downweight,0.3499999940395355
5278,1,cluster_B,retain,1.0
5279,1,cluster_B,retain,1.0
5280,0,cluster_A,retain,1.0
5281,1,cluster_B,downweight,0.3499999940395355
5282,0,cluster_A,downweight,0.3499999940395355
5283,1,cluster_B,retain,1.0
5284,1,cluster_B,downweight,0.3499999940395355
5285,0,cluster_A,downweight,0.3499999940395355
5286,1,cluster_B,retain,1.0
5287,0,cluster_A,downweight,0.3499999940395355
5288,0,cluster_A,downweight,0.3499999940395355
5289,0,cluster_A,downweight,0.3499999940395355
5290,0,cluster_A,downweight,0.3499999940395355
5291,1,cluster_B,downweight,0.3499999940395355
5292,0,cluster_A,downweight,0.3499999940395355
5293,0,cluster_A,downweight,0.3499999940395355
5294,1,cluster_B,retain,1.0
5295,1,cluster_B,retain,1.0
5296,0,cluster_A,downweight,0.3499999940395355
5297,0,cluster_A,retain,1.0
5298,1,cluster_B,downweight,0.3499999940395355
5299,0,cluster_A,downweight,0.3499999940395355
5300,0,cluster_A,downweight,0.3499999940395355
5301,1,cluster_B,downweight,0.3499999940395355
5302,0,cluster_A,downweight,0.3499999940395355
5303,0,cluster_A,downweight,0.3499999940395355
5304,1,cluster_B,downweight,0.3499999940395355
5305,0,cluster_A,downweight,0.3499999940395355
5306,1,cluster_B,retain,1.0
5307,0,cluster_A,retain,1.0
5308,1,cluster_B,retain,1.0
5309,1,cluster_B,downweight,0.3499999940395355
5310,0,cluster_A,retain,1.0
5311,1,cluster_B,retain,1.0
5312,0,cluster_A,retain,1.0
5313,0,cluster_A,downweight,0.3499999940395355
5314,1,cluster_B,retain,1.0
5315,0,cluster_A,downweight,0.3499999940395355
5316,0,cluster_A,downweight,0.3499999940395355
5317,0,cluster_A,retain,1.0
5318,0,cluster_A,retain,1.0
5319,1,cluster_B,retain,1.0
5320,0,cluster_A,retain,1.0
5321,1,cluster_B,retain,1.0
5322,0,cluster_A,retain,1.0
5323,0,cluster_A,retain,1.0
5324,1,cluster_B,downweight,0.3499999940395355
5325,1,cluster_B,downweight,0.3499999940395355
5326,0,cluster_A,downweight,0.3499999940395355
5327,1,cluster_B,downweight,0.3499999940395355
5328,1,cluster_B,retain,1.0
5329,1,cluster_B,downweight,0.3499999940395355
5330,1,cluster_B,retain,1.0
5331,1,cluster_B,downweight,0.3499999940395355
5332,1,cluster_B,retain,1.0
5333,1,cluster_B,retain,1.0
5334,0,cluster_A,downweight,0.3499999940395355
5335,1,cluster_B,retain,1.0
5336,0,cluster_A,downweight,0.3499999940395355
5337,0,cluster_A,downweight,0.3499999940395355
5338,0,cluster_A,retain,1.0
5339,1,cluster_B,retain,1.0
5340,0,cluster_A,retain,1.0
5341,1,cluster_B,downweight,0.3499999940395355
5342,0,cluster_A,downweight,0.3499999940395355
5343,0,cluster_A,retain,1.0
5344,0,cluster_A,retain,1.0
5345,0,cluster_A,downweight,0.3499999940395355
5346,0,cluster_A,downweight,0.3499999940395355
5347,1,cluster_B,downweight,0.3499999940395355
5348,0,cluster_A,retain,1.0
5349,0,cluster_A,downweight,0.3499999940395355
5350,1,cluster_B,downweight,0.3499999940395355
5351,0,cluster_A,retain,1.0
5352,0,cluster_A,downweight,0.3499999940395355
5353,0,cluster_A,downweight,0.3499999940395355
5354,1,cluster_B,retain,1.0
5355,1,cluster_B,retain,1.0
5356,0,cluster_A,downweight,0.3499999940395355
5357,0,cluster_A,retain,1.0
5358,1,cluster_B,retain,1.0
5359,1,cluster_B,downweight,0.3499999940395355
5360,1,cluster_B,retain,1.0
5362,1,cluster_B,downweight,0.3499999940395355
5363,1,cluster_B,retain,1.0
5364,1,cluster_B,downweight,0.3499999940395355
5365,1,cluster_B,downweight,0.3499999940395355
5366,1,cluster_B,retain,1.0
5367,0,cluster_A,downweight,0.3499999940395355
5368,1,cluster_B,downweight,0.3499999940395355
5369,1,cluster_B,downweight,0.3499999940395355
5370,1,cluster_B,downweight,0.3499999940395355
5371,1,cluster_B,downweight,0.3499999940395355
5372,1,cluster_B,retain,1.0
5373,1,cluster_B,downweight,0.3499999940395355
5374,0,cluster_A,downweight,0.3499999940395355
5375,1,cluster_B,retain,1.0
5376,0,cluster_A,retain,1.0
5377,0,cluster_A,downweight,0.3499999940395355
5378,0,cluster_A,retain,1.0
5379,0,cluster_A,downweight,0.3499999940395355
5380,1,cluster_B,downweight,0.3499999940395355
5381,1,cluster_B,downweight,0.3499999940395355
5382,1,cluster_B,retain,1.0
5383,1,cluster_B,downweight,0.3499999940395355
5384,0,cluster_A,downweight,0.3499999940395355
5385,0,cluster_A,downweight,0.3499999940395355
5386,0,cluster_A,downweight,0.3499999940395355
5387,1,cluster_B,retain,1.0
5388,0,cluster_A,downweight,0.3499999940395355
5389,1,cluster_B,downweight,0.3499999940395355
5390,1,cluster_B,retain,1.0
5391,1,cluster_B,retain,1.0
5392,1,cluster_B,downweight,0.3499999940395355
5393,1,cluster_B,downweight,0.3499999940395355
5394,1,cluster_B,downweight,0.3499999940395355
5395,0,cluster_A,retain,1.0
5396,0,cluster_A,downweight,0.3499999940395355
5397,0,cluster_A,downweight,0.3499999940395355
5398,1,cluster_B,downweight,0.3499999940395355
5399,1,cluster_B,retain,1.0
5400,0,cluster_A,downweight,0.3499999940395355
5401,1,cluster_B,retain,1.0
5402,0,cluster_A,retain,1.0
5403,0,cluster_A,downweight,0.3499999940395355
5404,0,cluster_A,retain,1.0
5405,1,cluster_B,downweight,0.3499999940395355
5406,1,cluster_B,downweight,0.3499999940395355
5408,1,cluster_B,retain,1.0
5409,0,cluster_A,downweight,0.3499999940395355
5410,1,cluster_B,downweight,0.3499999940395355
5411,0,cluster_A,retain,1.0
5412,1,cluster_B,retain,1.0
5413,1,cluster_B,retain,1.0
5414,0,cluster_A,downweight,0.3499999940395355
5415,1,cluster_B,retain,1.0
5416,1,cluster_B,downweight,0.3499999940395355
5417,1,cluster_B,downweight,0.3499999940395355
5418,0,cluster_A,retain,1.0
5419,0,cluster_A,downweight,0.3499999940395355
5420,1,cluster_B,downweight,0.3499999940395355
5421,1,cluster_B,downweight,0.3499999940395355
5422,1,cluster_B,retain,1.0
5423,1,cluster_B,retain,1.0
5424,0,cluster_A,downweight,0.3499999940395355
5425,1,cluster_B,retain,1.0
5426,0,cluster_A,retain,1.0
5427,0,cluster_A,retain,1.0
5428,0,cluster_A,downweight,0.3499999940395355
5429,0,cluster_A,retain,1.0
5430,1,cluster_B,retain,1.0
5431,1,cluster_B,retain,1.0
5432,1,cluster_B,retain,1.0
5433,0,cluster_A,downweight,0.3499999940395355
5434,1,cluster_B,downweight,0.3499999940395355
5435,1,cluster_B,downweight,0.3499999940395355
5436,1,cluster_B,retain,1.0
5437,0,cluster_A,retain,1.0
5439,1,cluster_B,downweight,0.3499999940395355
5441,1,cluster_B,retain,1.0
5442,1,cluster_B,retain,1.0
5443,0,cluster_A,downweight,0.3499999940395355
5444,0,cluster_A,retain,1.0
5445,0,cluster_A,downweight,0.3499999940395355
5446,0,cluster_A,retain,1.0
5447,0,cluster_A,downweight,0.3499999940395355
5448,0,cluster_A,retain,1.0
5449,0,cluster_A,downweight,0.3499999940395355
5450,0,cluster_A,downweight,0.3499999940395355
5451,0,cluster_A,downweight,0.3499999940395355
5452,0,cluster_A,downweight,0.3499999940395355
5453,0,cluster_A,retain,1.0
5454,0,cluster_A,downweight,0.3499999940395355
5455,0,cluster_A,retain,1.0
5456,1,cluster_B,retain,1.0
5457,1,cluster_B,retain,1.0
5458,1,cluster_B,downweight,0.3499999940395355
5459,1,cluster_B,downweight,0.3499999940395355
5460,0,cluster_A,downweight,0.3499999940395355
5461,0,cluster_A,retain,1.0
5462,0,cluster_A,downweight,0.3499999940395355
5463,1,cluster_B,downweight,0.3499999940395355
5464,1,cluster_B,downweight,0.3499999940395355
5465,1,cluster_B,downweight,0.3499999940395355
5466,1,cluster_B,retain,1.0
5467,0,cluster_A,downweight,0.3499999940395355
5468,1,cluster_B,downweight,0.3499999940395355
5469,0,cluster_A,downweight,0.3499999940395355
5470,0,cluster_A,downweight,0.3499999940395355
5471,0,cluster_A,retain,1.0
5472,1,cluster_B,retain,1.0
5473,1,cluster_B,retain,1.0
5474,1,cluster_B,retain,1.0
5475,0,cluster_A,downweight,0.3499999940395355
5476,1,cluster_B,retain,1.0
5477,0,cluster_A,downweight,0.3499999940395355
5478,0,cluster_A,downweight,0.3499999940395355
5479,0,cluster_A,downweight,0.3499999940395355
5480,1,cluster_B,downweight,0.3499999940395355
5481,0,cluster_A,downweight,0.3499999940395355
5482,0,cluster_A,retain,1.0
5483,1,cluster_B,downweight,0.3499999940395355
5484,0,cluster_A,downweight,0.3499999940395355
5485,1,cluster_B,downweight,0.3499999940395355
5486,1,cluster_B,retain,1.0
5487,0,cluster_A,downweight,0.3499999940395355
5488,0,cluster_A,retain,1.0
5489,1,cluster_B,retain,1.0
5490,0,cluster_A,downweight,0.3499999940395355
5491,0,cluster_A,downweight,0.3499999940395355
5492,1,cluster_B,downweight,0.3499999940395355
5493,0,cluster_A,downweight,0.3499999940395355
5494,1,cluster_B,downweight,0.3499999940395355
5495,1,cluster_B,retain,1.0
5496,0,cluster_A,downweight,0.3499999940395355
5497,1,cluster_B,downweight,0.3499999940395355
5498,1,cluster_B,retain,1.0
5499,0,cluster_A,downweight,0.3499999940395355
5500,0,cluster_A,downweight,0.3499999940395355
5501,0,cluster_A,downweight,0.3499999940395355
5502,1,cluster_B,downweight,0.3499999940395355
5503,1,cluster_B,downweight,0.3499999940395355
5504,0,cluster_A,retain,1.0
5505,1,cluster_B,retain,1.0
5506,1,cluster_B,retain,1.0
5507,1,cluster_B,downweight,0.3499999940395355
5508,0,cluster_A,downweight,0.3499999940395355
5509,0,cluster_A,downweight,0.3499999940395355
5510,0,cluster_A,downweight,0.3499999940395355
5511,1,cluster_B,retain,1.0
5512,1,cluster_B,retain,1.0
5513,1,cluster_B,retain,1.0
5514,1,cluster_B,retain,1.0
5515,0,cluster_A,retain,1.0
5516,1,cluster_B,downweight,0.3499999940395355
5517,1,cluster_B,downweight,0.3499999940395355
5518,1,cluster_B,retain,1.0
5519,1,cluster_B,downweight,0.3499999940395355
5520,0,cluster_A,retain,1.0
5521,1,cluster_B,downweight,0.3499999940395355
5522,1,cluster_B,retain,1.0
5523,1,cluster_B,retain,1.0
5524,0,cluster_A,downweight,0.3499999940395355
5525,0,cluster_A,downweight,0.3499999940395355
5526,1,cluster_B,downweight,0.3499999940395355
5527,0,cluster_A,retain,1.0
5528,0,cluster_A,downweight,0.3499999940395355
5529,0,cluster_A,downweight,0.3499999940395355
5530,1,cluster_B,retain,1.0
5531,0,cluster_A,downweight,0.3499999940395355
5532,1,cluster_B,downweight,0.3499999940395355
5533,1,cluster_B,retain,1.0
5534,0,cluster_A,retain,1.0
5535,0,cluster_A,downweight,0.3499999940395355
5536,1,cluster_B,retain,1.0
5537,0,cluster_A,downweight,0.3499999940395355
5538,1,cluster_B,retain,1.0
5539,1,cluster_B,retain,1.0
5540,0,cluster_A,retain,1.0
5541,0,cluster_A,retain,1.0
5542,0,cluster_A,downweight,0.3499999940395355
5543,0,cluster_A,retain,1.0
5544,1,cluster_B,downweight,0.3499999940395355
5545,0,cluster_A,downweight,0.3499999940395355
5546,0,cluster_A,downweight,0.3499999940395355
5547,1,cluster_B,retain,1.0
5548,1,cluster_B,downweight,0.3499999940395355
5549,1,cluster_B,downweight,0.3499999940395355
5550,1,cluster_B,retain,1.0
5551,0,cluster_A,downweight,0.3499999940395355
5552,0,cluster_A,downweight,0.3499999940395355
5553,0,cluster_A,downweight,0.3499999940395355
5554,1,cluster_B,downweight,0.3499999940395355
5555,1,cluster_B,retain,1.0
5556,1,cluster_B,downweight,0.3499999940395355
5557,1,cluster_B,retain,1.0
5558,1,cluster_B,retain,1.0
5559,0,cluster_A,downweight,0.3499999940395355
5560,0,cluster_A,downweight,0.3499999940395355
5561,1,cluster_B,downweight,0.3499999940395355
5562,0,cluster_A,retain,1.0
5563,1,cluster_B,downweight,0.3499999940395355
5564,1,cluster_B,downweight,0.3499999940395355
5565,0,cluster_A,retain,1.0
5566,1,cluster_B,downweight,0.3499999940395355
5567,0,cluster_A,downweight,0.3499999940395355
5568,0,cluster_A,downweight,0.3499999940395355
5569,0,cluster_A,retain,1.0
5570,1,cluster_B,downweight,0.3499999940395355
5571,0,cluster_A,retain,1.0
5572,1,cluster_B,downweight,0.3499999940395355
5573,1,cluster_B,retain,1.0
5574,1,cluster_B,retain,1.0
5575,0,cluster_A,downweight,0.3499999940395355
5576,1,cluster_B,retain,1.0
5577,1,cluster_B,retain,1.0
5578,1,cluster_B,downweight,0.3499999940395355
5579,0,cluster_A,retain,1.0
5580,1,cluster_B,retain,1.0
5581,0,cluster_A,retain,1.0
5582,1,cluster_B,downweight,0.3499999940395355
5583,1,cluster_B,downweight,0.3499999940395355
5584,1,cluster_B,retain,1.0
5585,1,cluster_B,downweight,0.3499999940395355
5586,1,cluster_B,downweight,0.3499999940395355
5587,0,cluster_A,downweight,0.3499999940395355
5588,1,cluster_B,downweight,0.3499999940395355
5589,0,cluster_A,retain,1.0
5590,1,cluster_B,downweight,0.3499999940395355
5591,1,cluster_B,retain,1.0
5592,1,cluster_B,retain,1.0
5593,0,cluster_A,retain,1.0
5594,1,cluster_B,downweight,0.3499999940395355
5595,1,cluster_B,retain,1.0
5596,0,cluster_A,retain,1.0
5597,0,cluster_A,retain,1.0
5598,1,cluster_B,downweight,0.3499999940395355
5599,1,cluster_B,downweight,0.3499999940395355
5600,0,cluster_A,downweight,0.3499999940395355
5601,1,cluster_B,retain,1.0
5602,1,cluster_B,downweight,0.3499999940395355
5603,1,cluster_B,retain,1.0
5604,0,cluster_A,retain,1.0
5605,0,cluster_A,downweight,0.3499999940395355
5606,1,cluster_B,retain,1.0
5607,0,cluster_A,downweight,0.3499999940395355
5608,0,cluster_A,retain,1.0
5610,1,cluster_B,retain,1.0
5611,1,cluster_B,retain,1.0
5612,1,cluster_B,downweight,0.3499999940395355
5613,1,cluster_B,retain,1.0
5614,1,cluster_B,downweight,0.3499999940395355
5615,0,cluster_A,retain,1.0
5616,1,cluster_B,downweight,0.3499999940395355
5617,1,cluster_B,retain,1.0
5618,1,cluster_B,downweight,0.3499999940395355
5619,0,cluster_A,downweight,0.3499999940395355
5620,0,cluster_A,retain,1.0
5621,0,cluster_A,downweight,0.3499999940395355
5622,0,cluster_A,retain,1.0
5623,0,cluster_A,downweight,0.3499999940395355
5624,1,cluster_B,retain,1.0
5625,1,cluster_B,downweight,0.3499999940395355
5626,1,cluster_B,retain,1.0
5627,1,cluster_B,downweight,0.3499999940395355
5628,0,cluster_A,retain,1.0
5629,1,cluster_B,downweight,0.3499999940395355
5630,1,cluster_B,downweight,0.3499999940395355
5631,1,cluster_B,downweight,0.3499999940395355
5632,1,cluster_B,downweight,0.3499999940395355
5633,1,cluster_B,downweight,0.3499999940395355
5634,1,cluster_B,downweight,0.3499999940395355
5636,0,cluster_A,downweight,0.3499999940395355
5637,1,cluster_B,downweight,0.3499999940395355
5638,1,cluster_B,downweight,0.3499999940395355
5639,0,cluster_A,downweight,0.3499999940395355
5640,0,cluster_A,downweight,0.3499999940395355
5641,0,cluster_A,retain,1.0
5642,0,cluster_A,downweight,0.3499999940395355
5643,0,cluster_A,retain,1.0
5644,1,cluster_B,retain,1.0
5645,0,cluster_A,downweight,0.3499999940395355
5646,0,cluster_A,downweight,0.3499999940395355
5647,0,cluster_A,retain,1.0
5648,1,cluster_B,downweight,0.3499999940395355
5649,0,cluster_A,downweight,0.3499999940395355
5650,0,cluster_A,downweight,0.3499999940395355
5651,1,cluster_B,retain,1.0
5652,0,cluster_A,downweight,0.3499999940395355
5653,1,cluster_B,downweight,0.3499999940395355
5654,1,cluster_B,downweight,0.3499999940395355
5655,1,cluster_B,retain,1.0
5656,1,cluster_B,downweight,0.3499999940395355
5657,1,cluster_B,downweight,0.3499999940395355
5658,0,cluster_A,downweight,0.3499999940395355
5659,1,cluster_B,retain,1.0
5660,1,cluster_B,retain,1.0
5661,0,cluster_A,downweight,0.3499999940395355
5662,0,cluster_A,downweight,0.3499999940395355
5663,0,cluster_A,retain,1.0
5664,0,cluster_A,downweight,0.3499999940395355
5665,0,cluster_A,retain,1.0
5666,0,cluster_A,retain,1.0
5667,0,cluster_A,downweight,0.3499999940395355
5668,1,cluster_B,downweight,0.3499999940395355
5669,0,cluster_A,downweight,0.3499999940395355
5670,1,cluster_B,retain,1.0
5671,0,cluster_A,downweight,0.3499999940395355
5672,0,cluster_A,retain,1.0
5673,0,cluster_A,downweight,0.3499999940395355
5674,1,cluster_B,downweight,0.3499999940395355
5675,0,cluster_A,retain,1.0
5676,1,cluster_B,downweight,0.3499999940395355
5677,0,cluster_A,downweight,0.3499999940395355
5678,0,cluster_A,retain,1.0
5679,1,cluster_B,downweight,0.3499999940395355
5680,1,cluster_B,retain,1.0
5681,1,cluster_B,downweight,0.3499999940395355
5682,0,cluster_A,downweight,0.3499999940395355
5683,0,cluster_A,retain,1.0
5684,1,cluster_B,retain,1.0
5685,0,cluster_A,downweight,0.3499999940395355
5686,0,cluster_A,downweight,0.3499999940395355
5687,1,cluster_B,retain,1.0
5688,1,cluster_B,downweight,0.3499999940395355
5689,1,cluster_B,retain,1.0
5690,0,cluster_A,downweight,0.3499999940395355
5691,1,cluster_B,downweight,0.3499999940395355
5692,0,cluster_A,downweight,0.3499999940395355
5693,1,cluster_B,downweight,0.3499999940395355
5694,1,cluster_B,retain,1.0
5695,1,cluster_B,downweight,0.3499999940395355
5696,0,cluster_A,retain,1.0
5698,0,cluster_A,retain,1.0
5699,1,cluster_B,downweight,0.3499999940395355
5700,1,cluster_B,downweight,0.3499999940395355
5701,1,cluster_B,retain,1.0
5702,0,cluster_A,retain,1.0
5703,0,cluster_A,retain,1.0
5704,0,cluster_A,retain,1.0
5705,0,cluster_A,retain,1.0
5706,1,cluster_B,downweight,0.3499999940395355
5707,1,cluster_B,retain,1.0
5708,1,cluster_B,retain,1.0
5709,1,cluster_B,retain,1.0
5710,0,cluster_A,downweight,0.3499999940395355
5711,1,cluster_B,retain,1.0
5712,0,cluster_A,downweight,0.3499999940395355
5713,1,cluster_B,downweight,0.3499999940395355
5714,0,cluster_A,retain,1.0
5715,0,cluster_A,downweight,0.3499999940395355
5716,1,cluster_B,downweight,0.3499999940395355
5717,1,cluster_B,downweight,0.3499999940395355
5718,0,cluster_A,downweight,0.3499999940395355
5719,0,cluster_A,downweight,0.3499999940395355
5720,1,cluster_B,retain,1.0
5721,1,cluster_B,downweight,0.3499999940395355
5722,1,cluster_B,downweight,0.3499999940395355
5723,1,cluster_B,downweight,0.3499999940395355
5724,0,cluster_A,retain,1.0
5725,1,cluster_B,downweight,0.3499999940395355
5726,1,cluster_B,downweight,0.3499999940395355
5727,1,cluster_B,downweight,0.3499999940395355
5728,1,cluster_B,retain,1.0
5729,1,cluster_B,retain,1.0
5730,0,cluster_A,downweight,0.3499999940395355
5732,1,cluster_B,downweight,0.3499999940395355
5733,0,cluster_A,retain,1.0
5734,1,cluster_B,retain,1.0
5735,1,cluster_B,retain,1.0
5736,0,cluster_A,downweight,0.3499999940395355
5737,0,cluster_A,downweight,0.3499999940395355
5738,0,cluster_A,downweight,0.3499999940395355
5739,1,cluster_B,downweight,0.3499999940395355
5740,0,cluster_A,retain,1.0
5741,1,cluster_B,retain,1.0
5742,0,cluster_A,retain,1.0
5743,1,cluster_B,retain,1.0
5744,0,cluster_A,downweight,0.3499999940395355
5745,1,cluster_B,downweight,0.3499999940395355
5746,1,cluster_B,downweight,0.3499999940395355
5747,1,cluster_B,downweight,0.3499999940395355
5748,1,cluster_B,retain,1.0
5749,1,cluster_B,retain,1.0
5750,0,cluster_A,downweight,0.3499999940395355
5751,0,cluster_A,downweight,0.3499999940395355
5752,1,cluster_B,retain,1.0
5753,1,cluster_B,retain,1.0
5754,0,cluster_A,downweight,0.3499999940395355
5755,1,cluster_B,downweight,0.3499999940395355
5756,0,cluster_A,retain,1.0
5757,0,cluster_A,downweight,0.3499999940395355
5758,0,cluster_A,retain,1.0
5759,0,cluster_A,retain,1.0
5760,1,cluster_B,retain,1.0
5761,1,cluster_B,downweight,0.3499999940395355
5762,0,cluster_A,downweight,0.3499999940395355
5763,0,cluster_A,downweight,0.3499999940395355
5764,1,cluster_B,downweight,0.3499999940395355
5765,1,cluster_B,downweight,0.3499999940395355
5766,1,cluster_B,downweight,0.3499999940395355
5767,0,cluster_A,retain,1.0
5768,1,cluster_B,downweight,0.3499999940395355
5769,1,cluster_B,retain,1.0
5770,1,cluster_B,retain,1.0
5771,1,cluster_B,downweight,0.3499999940395355
5772,1,cluster_B,downweight,0.3499999940395355
5773,1,cluster_B,downweight,0.3499999940395355
5774,1,cluster_B,retain,1.0
5775,0,cluster_A,downweight,0.3499999940395355
5776,0,cluster_A,downweight,0.3499999940395355
5777,0,cluster_A,retain,1.0
5778,0,cluster_A,downweight,0.3499999940395355
5779,1,cluster_B,downweight,0.3499999940395355
5780,1,cluster_B,retain,1.0
5781,0,cluster_A,retain,1.0
5782,1,cluster_B,downweight,0.3499999940395355
5783,1,cluster_B,retain,1.0
5784,0,cluster_A,downweight,0.3499999940395355
5785,1,cluster_B,retain,1.0
5786,0,cluster_A,downweight,0.3499999940395355
5787,1,cluster_B,downweight,0.3499999940395355
5788,0,cluster_A,downweight,0.3499999940395355
5789,1,cluster_B,downweight,0.3499999940395355
5790,1,cluster_B,downweight,0.3499999940395355
5791,1,cluster_B,retain,1.0
5792,0,cluster_A,retain,1.0
5793,0,cluster_A,retain,1.0
5794,1,cluster_B,downweight,0.3499999940395355
5795,1,cluster_B,downweight,0.3499999940395355
5796,1,cluster_B,retain,1.0
5797,0,cluster_A,downweight,0.3499999940395355
5798,1,cluster_B,retain,1.0
5799,0,cluster_A,downweight,0.3499999940395355
5800,1,cluster_B,downweight,0.3499999940395355
5801,0,cluster_A,downweight,0.3499999940395355
5802,0,cluster_A,downweight,0.3499999940395355
5803,1,cluster_B,retain,1.0
5804,0,cluster_A,downweight,0.3499999940395355
5805,1,cluster_B,downweight,0.3499999940395355
5806,1,cluster_B,downweight,0.3499999940395355
5807,0,cluster_A,downweight,0.3499999940395355
5808,1,cluster_B,downweight,0.3499999940395355
5809,1,cluster_B,retain,1.0
5810,1,cluster_B,retain,1.0
5811,0,cluster_A,downweight,0.3499999940395355
5812,1,cluster_B,retain,1.0
5813,1,cluster_B,retain,1.0
5814,1,cluster_B,downweight,0.3499999940395355
5815,0,cluster_A,downweight,0.3499999940395355
5816,0,cluster_A,downweight,0.3499999940395355
5817,1,cluster_B,retain,1.0
5818,0,cluster_A,retain,1.0
5819,1,cluster_B,downweight,0.3499999940395355
5820,1,cluster_B,downweight,0.3499999940395355
5821,0,cluster_A,downweight,0.3499999940395355
5822,0,cluster_A,retain,1.0
5823,0,cluster_A,retain,1.0
5824,0,cluster_A,downweight,0.3499999940395355
5825,1,cluster_B,downweight,0.3499999940395355
5826,1,cluster_B,downweight,0.3499999940395355
5827,1,cluster_B,retain,1.0
5828,1,cluster_B,downweight,0.3499999940395355
5829,0,cluster_A,downweight,0.3499999940395355
5830,1,cluster_B,retain,1.0
5831,1,cluster_B,downweight,0.3499999940395355
5832,0,cluster_A,downweight,0.3499999940395355
5833,0,cluster_A,downweight,0.3499999940395355
5834,1,cluster_B,retain,1.0
5836,0,cluster_A,retain,1.0
5837,0,cluster_A,retain,1.0
5838,1,cluster_B,retain,1.0
5839,0,cluster_A,retain,1.0
5840,0,cluster_A,retain,1.0
5841,1,cluster_B,retain,1.0
5842,1,cluster_B,downweight,0.3499999940395355
5843,1,cluster_B,retain,1.0
5844,0,cluster_A,downweight,0.3499999940395355
5845,1,cluster_B,downweight,0.3499999940395355
5846,1,cluster_B,downweight,0.3499999940395355
5847,1,cluster_B,retain,1.0
5848,0,cluster_A,downweight,0.3499999940395355
5849,0,cluster_A,downweight,0.3499999940395355
5850,0,cluster_A,retain,1.0
5851,1,cluster_B,downweight,0.3499999940395355
5852,1,cluster_B,downweight,0.3499999940395355
5853,0,cluster_A,retain,1.0
5854,0,cluster_A,downweight,0.3499999940395355
5855,0,cluster_A,downweight,0.3499999940395355
5856,0,cluster_A,retain,1.0
5857,0,cluster_A,retain,1.0
5858,1,cluster_B,retain,1.0
5859,0,cluster_A,retain,1.0
5860,1,cluster_B,downweight,0.3499999940395355
5861,1,cluster_B,retain,1.0
5862,0,cluster_A,retain,1.0
5863,1,cluster_B,downweight,0.3499999940395355
5864,1,cluster_B,retain,1.0
5865,1,cluster_B,retain,1.0
5866,1,cluster_B,downweight,0.3499999940395355
5867,0,cluster_A,downweight,0.3499999940395355
5868,1,cluster_B,downweight,0.3499999940395355
5869,1,cluster_B,retain,1.0
5870,0,cluster_A,downweight,0.3499999940395355
5871,0,cluster_A,retain,1.0
5872,0,cluster_A,downweight,0.3499999940395355
5873,0,cluster_A,downweight,0.3499999940395355
5874,1,cluster_B,downweight,0.3499999940395355
5875,0,cluster_A,retain,1.0
5876,0,cluster_A,downweight,0.3499999940395355
5877,0,cluster_A,retain,1.0
5878,1,cluster_B,retain,1.0
5879,1,cluster_B,downweight,0.3499999940395355
5880,0,cluster_A,downweight,0.3499999940395355
5881,1,cluster_B,downweight,0.3499999940395355
5882,0,cluster_A,downweight,0.3499999940395355
5884,1,cluster_B,retain,1.0
5885,1,cluster_B,retain,1.0
5886,1,cluster_B,downweight,0.3499999940395355
5887,1,cluster_B,downweight,0.3499999940395355
5888,0,cluster_A,downweight,0.3499999940395355
5889,0,cluster_A,downweight,0.3499999940395355
5890,1,cluster_B,retain,1.0
5891,0,cluster_A,downweight,0.3499999940395355
5892,0,cluster_A,downweight,0.3499999940395355
5893,0,cluster_A,retain,1.0
5894,1,cluster_B,retain,1.0
5895,0,cluster_A,downweight,0.3499999940395355
5896,1,cluster_B,downweight,0.3499999940395355
5897,0,cluster_A,downweight,0.3499999940395355
5898,1,cluster_B,retain,1.0
5899,1,cluster_B,retain,1.0
5900,1,cluster_B,downweight,0.3499999940395355
5901,0,cluster_A,downweight,0.3499999940395355
5902,0,cluster_A,downweight,0.3499999940395355
5903,1,cluster_B,retain,1.0
5904,0,cluster_A,downweight,0.3499999940395355
5905,1,cluster_B,retain,1.0
5906,0,cluster_A,downweight,0.3499999940395355
5907,1,cluster_B,retain,1.0
5908,0,cluster_A,downweight,0.3499999940395355
5909,0,cluster_A,downweight,0.3499999940395355
5910,0,cluster_A,retain,1.0
5911,0,cluster_A,downweight,0.3499999940395355
5912,0,cluster_A,downweight,0.3499999940395355
5913,0,cluster_A,downweight,0.3499999940395355
5914,0,cluster_A,downweight,0.3499999940395355
5915,0,cluster_A,downweight,0.3499999940395355
5916,0,cluster_A,downweight,0.3499999940395355
5917,0,cluster_A,retain,1.0
5918,0,cluster_A,retain,1.0
5919,0,cluster_A,downweight,0.3499999940395355
5920,0,cluster_A,retain,1.0
5921,1,cluster_B,downweight,0.3499999940395355
5922,1,cluster_B,retain,1.0
5923,1,cluster_B,retain,1.0
5924,0,cluster_A,retain,1.0
5925,0,cluster_A,downweight,0.3499999940395355
5926,1,cluster_B,retain,1.0
5927,0,cluster_A,downweight,0.3499999940395355
5928,1,cluster_B,downweight,0.3499999940395355
5929,1,cluster_B,retain,1.0
5930,1,cluster_B,retain,1.0
5931,1,cluster_B,downweight,0.3499999940395355
5932,0,cluster_A,retain,1.0
5933,0,cluster_A,downweight,0.3499999940395355
5934,1,cluster_B,retain,1.0
5935,1,cluster_B,downweight,0.3499999940395355
5936,1,cluster_B,retain,1.0
5937,0,cluster_A,downweight,0.3499999940395355
5938,0,cluster_A,retain,1.0
5939,1,cluster_B,retain,1.0
5940,0,cluster_A,downweight,0.3499999940395355
5941,1,cluster_B,downweight,0.3499999940395355
5942,1,cluster_B,downweight,0.3499999940395355
5943,1,cluster_B,downweight,0.3499999940395355
5944,1,cluster_B,retain,1.0
5945,0,cluster_A,downweight,0.3499999940395355
5946,0,cluster_A,downweight,0.3499999940395355
5947,0,cluster_A,downweight,0.3499999940395355
5948,0,cluster_A,retain,1.0
5949,0,cluster_A,downweight,0.3499999940395355
5950,1,cluster_B,downweight,0.3499999940395355
5951,1,cluster_B,downweight,0.3499999940395355
5952,0,cluster_A,retain,1.0
5953,0,cluster_A,downweight,0.3499999940395355
5954,0,cluster_A,retain,1.0
5955,0,cluster_A,downweight,0.3499999940395355
5956,1,cluster_B,downweight,0.3499999940395355
5957,0,cluster_A,downweight,0.3499999940395355
5958,1,cluster_B,downweight,0.3499999940395355
5959,0,cluster_A,retain,1.0
5960,1,cluster_B,downweight,0.3499999940395355
5961,0,cluster_A,retain,1.0
5962,0,cluster_A,downweight,0.3499999940395355
5963,1,cluster_B,retain,1.0
5964,0,cluster_A,retain,1.0
5965,1,cluster_B,retain,1.0
5966,0,cluster_A,retain,1.0
5967,1,cluster_B,downweight,0.3499999940395355
5968,1,cluster_B,downweight,0.3499999940395355
5969,1,cluster_B,downweight,0.3499999940395355
5970,1,cluster_B,downweight,0.3499999940395355
5971,0,cluster_A,downweight,0.3499999940395355
5973,1,cluster_B,downweight,0.3499999940395355
5974,1,cluster_B,downweight,0.3499999940395355
5975,1,cluster_B,downweight,0.3499999940395355
5976,0,cluster_A,retain,1.0
5977,0,cluster_A,downweight,0.3499999940395355
5978,0,cluster_A,retain,1.0
5979,1,cluster_B,downweight,0.3499999940395355
5980,0,cluster_A,retain,1.0
5981,1,cluster_B,downweight,0.3499999940395355
5982,0,cluster_A,downweight,0.3499999940395355
5983,1,cluster_B,downweight,0.3499999940395355
5984,1,cluster_B,downweight,0.3499999940395355
5985,0,cluster_A,downweight,0.3499999940395355
5986,0,cluster_A,downweight,0.3499999940395355
5987,0,cluster_A,downweight,0.3499999940395355
5988,0,cluster_A,downweight,0.3499999940395355
5989,1,cluster_B,retain,1.0
5990,1,cluster_B,downweight,0.3499999940395355
5991,0,cluster_A,retain,1.0
5992,1,cluster_B,downweight,0.3499999940395355
5993,0,cluster_A,downweight,0.3499999940395355
5994,0,cluster_A,downweight,0.3499999940395355
5995,0,cluster_A,retain,1.0
5996,1,cluster_B,retain,1.0
5997,1,cluster_B,retain,1.0
5998,1,cluster_B,retain,1.0
5999,0,cluster_A,downweight,0.3499999940395355
6000,1,cluster_B,retain,1.0
6001,0,cluster_A,retain,1.0
6002,0,cluster_A,retain,1.0
6003,0,cluster_A,retain,1.0
6004,0,cluster_A,downweight,0.3499999940395355
6005,0,cluster_A,retain,1.0
6006,1,cluster_B,downweight,0.3499999940395355
6007,0,cluster_A,retain,1.0
6008,1,cluster_B,downweight,0.3499999940395355
6009,1,cluster_B,retain,1.0
6010,0,cluster_A,retain,1.0
6011,1,cluster_B,retain,1.0
6012,1,cluster_B,retain,1.0
6013,0,cluster_A,retain,1.0
6014,0,cluster_A,downweight,0.3499999940395355
6015,0,cluster_A,downweight,0.3499999940395355
6016,1,cluster_B,downweight,0.3499999940395355
6017,0,cluster_A,retain,1.0
6018,0,cluster_A,downweight,0.3499999940395355
6019,1,cluster_B,retain,1.0
6020,1,cluster_B,retain,1.0
6021,0,cluster_A,retain,1.0
6022,1,cluster_B,downweight,0.3499999940395355
6023,0,cluster_A,downweight,0.3499999940395355
6024,0,cluster_A,retain,1.0
6025,1,cluster_B,retain,1.0
6026,1,cluster_B,downweight,0.3499999940395355
6027,1,cluster_B,downweight,0.3499999940395355
6028,1,cluster_B,downweight,0.3499999940395355
6029,1,cluster_B,downweight,0.3499999940395355
6030,0,cluster_A,downweight,0.3499999940395355
6031,1,cluster_B,downweight,0.3499999940395355
6032,0,cluster_A,downweight,0.3499999940395355
6033,0,cluster_A,downweight,0.3499999940395355
6034,1,cluster_B,retain,1.0
6035,1,cluster_B,retain,1.0
6036,1,cluster_B,retain,1.0
6037,0,cluster_A,downweight,0.3499999940395355
6038,1,cluster_B,downweight,0.3499999940395355
6039,1,cluster_B,downweight,0.3499999940395355
6040,0,cluster_A,retain,1.0
6041,1,cluster_B,retain,1.0
6042,0,cluster_A,retain,1.0
6043,0,cluster_A,retain,1.0
6044,0,cluster_A,downweight,0.3499999940395355
6045,0,cluster_A,downweight,0.3499999940395355
6046,0,cluster_A,retain,1.0
6047,1,cluster_B,downweight,0.3499999940395355
6048,1,cluster_B,retain,1.0
6049,1,cluster_B,retain,1.0
6050,1,cluster_B,retain,1.0
6051,0,cluster_A,downweight,0.3499999940395355
6052,1,cluster_B,downweight,0.3499999940395355
6053,1,cluster_B,downweight,0.3499999940395355
6054,0,cluster_A,downweight,0.3499999940395355
6055,0,cluster_A,downweight,0.3499999940395355
6056,0,cluster_A,retain,1.0
6057,1,cluster_B,retain,1.0
6058,0,cluster_A,retain,1.0
6059,1,cluster_B,downweight,0.3499999940395355
6060,0,cluster_A,retain,1.0
6061,0,cluster_A,downweight,0.3499999940395355
6062,0,cluster_A,downweight,0.3499999940395355
6063,0,cluster_A,downweight,0.3499999940395355
6064,1,cluster_B,retain,1.0
6065,1,cluster_B,downweight,0.3499999940395355
6066,0,cluster_A,retain,1.0
6067,0,cluster_A,downweight,0.3499999940395355
6068,1,cluster_B,retain,1.0
6069,0,cluster_A,downweight,0.3499999940395355
6070,1,cluster_B,retain,1.0
6071,1,cluster_B,downweight,0.3499999940395355
6072,0,cluster_A,retain,1.0
6073,1,cluster_B,downweight,0.3499999940395355
6074,1,cluster_B,retain,1.0
6075,1,cluster_B,downweight,0.3499999940395355
6076,0,cluster_A,downweight,0.3499999940395355
6077,0,cluster_A,retain,1.0
6078,0,cluster_A,downweight,0.3499999940395355
6079,0,cluster_A,downweight,0.3499999940395355
6080,1,cluster_B,retain,1.0
6081,0,cluster_A,downweight,0.3499999940395355
6082,0,cluster_A,downweight,0.3499999940395355
6083,0,cluster_A,downweight,0.3499999940395355
6085,0,cluster_A,retain,1.0
6086,0,cluster_A,retain,1.0
6087,1,cluster_B,retain,1.0
6088,0,cluster_A,downweight,0.3499999940395355
6089,0,cluster_A,downweight,0.3499999940395355
6090,1,cluster_B,retain,1.0
6091,0,cluster_A,downweight,0.3499999940395355
6092,1,cluster_B,retain,1.0
6093,0,cluster_A,downweight,0.3499999940395355
6094,0,cluster_A,downweight,0.3499999940395355
6095,0,cluster_A,downweight,0.3499999940395355
6096,1,cluster_B,downweight,0.3499999940395355
6097,0,cluster_A,downweight,0.3499999940395355
6098,0,cluster_A,retain,1.0
6099,1,cluster_B,retain,1.0
6100,1,cluster_B,downweight,0.3499999940395355
6101,1,cluster_B,downweight,0.3499999940395355
6102,1,cluster_B,retain,1.0
6103,0,cluster_A,retain,1.0
6104,0,cluster_A,downweight,0.3499999940395355
6105,1,cluster_B,downweight,0.3499999940395355
6106,1,cluster_B,retain,1.0
6107,0,cluster_A,retain,1.0
6108,1,cluster_B,downweight,0.3499999940395355
6109,0,cluster_A,retain,1.0
6110,1,cluster_B,retain,1.0
6111,1,cluster_B,downweight,0.3499999940395355
6112,1,cluster_B,downweight,0.3499999940395355
6113,1,cluster_B,retain,1.0
6114,0,cluster_A,retain,1.0
6115,0,cluster_A,retain,1.0
6117,0,cluster_A,downweight,0.3499999940395355
6118,0,cluster_A,retain,1.0
6119,1,cluster_B,retain,1.0
6120,0,cluster_A,retain,1.0
6121,0,cluster_A,retain,1.0
6122,1,cluster_B,downweight,0.3499999940395355
6123,0,cluster_A,downweight,0.3499999940395355
6124,1,cluster_B,retain,1.0
6125,1,cluster_B,retain,1.0
6126,0,cluster_A,downweight,0.3499999940395355
6127,0,cluster_A,retain,1.0
6128,1,cluster_B,downweight,0.3499999940395355
6129,0,cluster_A,retain,1.0
6130,0,cluster_A,downweight,0.3499999940395355
6131,0,cluster_A,retain,1.0
6132,1,cluster_B,retain,1.0
6133,1,cluster_B,retain,1.0
6134,0,cluster_A,downweight,0.3499999940395355
6135,0,cluster_A,retain,1.0
6136,1,cluster_B,retain,1.0
6137,1,cluster_B,downweight,0.3499999940395355
6138,0,cluster_A,retain,1.0
6139,0,cluster_A,retain,1.0
6140,0,cluster_A,retain,1.0
6141,1,cluster_B,downweight,0.3499999940395355
6142,0,cluster_A,downweight,0.3499999940395355
6143,0,cluster_A,downweight,0.3499999940395355
6144,0,cluster_A,downweight,0.3499999940395355
6145,0,cluster_A,retain,1.0
6146,0,cluster_A,retain,1.0
6147,0,cluster_A,retain,1.0
6148,1,cluster_B,downweight,0.3499999940395355
6149,1,cluster_B,retain,1.0
6150,0,cluster_A,downweight,0.3499999940395355
6151,1,cluster_B,retain,1.0
6152,1,cluster_B,retain,1.0
6153,0,cluster_A,retain,1.0
6154,0,cluster_A,downweight,0.3499999940395355
6155,0,cluster_A,retain,1.0
6156,0,cluster_A,retain,1.0
6157,0,cluster_A,downweight,0.3499999940395355
6158,1,cluster_B,downweight,0.3499999940395355
6159,1,cluster_B,retain,1.0
6160,1,cluster_B,retain,1.0
6161,0,cluster_A,downweight,0.3499999940395355
6162,0,cluster_A,downweight,0.3499999940395355
6163,0,cluster_A,downweight,0.3499999940395355
6164,1,cluster_B,downweight,0.3499999940395355
6165,0,cluster_A,downweight,0.3499999940395355
6166,0,cluster_A,downweight,0.3499999940395355
6167,0,cluster_A,retain,1.0
6168,1,cluster_B,retain,1.0
6169,1,cluster_B,downweight,0.3499999940395355
6170,1,cluster_B,downweight,0.3499999940395355
6171,1,cluster_B,retain,1.0
6172,1,cluster_B,retain,1.0
6173,1,cluster_B,retain,1.0
6174,0,cluster_A,retain,1.0
6175,0,cluster_A,downweight,0.3499999940395355
6176,1,cluster_B,downweight,0.3499999940395355
6177,0,cluster_A,retain,1.0
6178,1,cluster_B,downweight,0.3499999940395355
6179,1,cluster_B,retain,1.0
6180,1,cluster_B,downweight,0.3499999940395355
6181,0,cluster_A,retain,1.0
6182,0,cluster_A,retain,1.0
6183,1,cluster_B,retain,1.0
6184,1,cluster_B,downweight,0.3499999940395355
6185,0,cluster_A,downweight,0.3499999940395355
6186,1,cluster_B,downweight,0.3499999940395355
6187,1,cluster_B,downweight,0.3499999940395355
6188,1,cluster_B,retain,1.0
6189,0,cluster_A,retain,1.0
6190,0,cluster_A,downweight,0.3499999940395355
6191,1,cluster_B,downweight,0.3499999940395355
6192,0,cluster_A,downweight,0.3499999940395355
6193,1,cluster_B,retain,1.0
6194,0,cluster_A,downweight,0.3499999940395355
6195,0,cluster_A,downweight,0.3499999940395355
6196,0,cluster_A,downweight,0.3499999940395355
6197,1,cluster_B,downweight,0.3499999940395355
6198,0,cluster_A,downweight,0.3499999940395355
6199,1,cluster_B,retain,1.0
6200,1,cluster_B,downweight,0.3499999940395355
6201,0,cluster_A,downweight,0.3499999940395355
6202,0,cluster_A,downweight,0.3499999940395355
6203,0,cluster_A,retain,1.0
6204,0,cluster_A,retain,1.0
6205,0,cluster_A,retain,1.0
6206,0,cluster_A,downweight,0.3499999940395355
6207,1,cluster_B,retain,1.0
6208,0,cluster_A,retain,1.0
6209,0,cluster_A,downweight,0.3499999940395355
6210,0,cluster_A,retain,1.0
6211,0,cluster_A,downweight,0.3499999940395355
6212,0,cluster_A,retain,1.0
6213,1,cluster_B,retain,1.0
6214,0,cluster_A,retain,1.0
6215,0,cluster_A,downweight,0.3499999940395355
6216,1,cluster_B,downweight,0.3499999940395355
6217,0,cluster_A,retain,1.0
6218,0,cluster_A,retain,1.0
6219,1,cluster_B,retain,1.0
6220,0,cluster_A,retain,1.0
6221,0,cluster_A,downweight,0.3499999940395355
6222,1,cluster_B,retain,1.0
6223,0,cluster_A,downweight,0.3499999940395355
6224,0,cluster_A,retain,1.0
6225,1,cluster_B,retain,1.0
6226,1,cluster_B,downweight,0.3499999940395355
6227,1,cluster_B,downweight,0.3499999940395355
6228,0,cluster_A,retain,1.0
6230,1,cluster_B,retain,1.0
6231,0,cluster_A,downweight,0.3499999940395355
6232,0,cluster_A,downweight,0.3499999940395355
6233,1,cluster_B,downweight,0.3499999940395355
6234,0,cluster_A,retain,1.0
6235,1,cluster_B,downweight,0.3499999940395355
6236,1,cluster_B,downweight,0.3499999940395355
6237,0,cluster_A,retain,1.0
6238,0,cluster_A,retain,1.0
6239,1,cluster_B,retain,1.0
6240,0,cluster_A,retain,1.0
6241,0,cluster_A,retain,1.0
6242,1,cluster_B,retain,1.0
6243,0,cluster_A,retain,1.0
6244,1,cluster_B,downweight,0.3499999940395355
6245,1,cluster_B,retain,1.0
6246,1,cluster_B,retain,1.0
6247,1,cluster_B,downweight,0.3499999940395355
6248,1,cluster_B,retain,1.0
6249,0,cluster_A,downweight,0.3499999940395355
6250,1,cluster_B,downweight,0.3499999940395355
6251,0,cluster_A,retain,1.0
6252,1,cluster_B,downweight,0.3499999940395355
6253,1,cluster_B,retain,1.0
6254,1,cluster_B,retain,1.0
6255,0,cluster_A,retain,1.0
6256,1,cluster_B,retain,1.0
6257,0,cluster_A,downweight,0.3499999940395355
6258,1,cluster_B,retain,1.0
6259,0,cluster_A,retain,1.0
6260,1,cluster_B,downweight,0.3499999940395355
6261,0,cluster_A,retain,1.0
6262,0,cluster_A,retain,1.0
6263,1,cluster_B,downweight,0.3499999940395355
6264,1,cluster_B,downweight,0.3499999940395355
6265,1,cluster_B,retain,1.0
6266,0,cluster_A,retain,1.0
6267,1,cluster_B,downweight,0.3499999940395355
6268,0,cluster_A,downweight,0.3499999940395355
6269,1,cluster_B,retain,1.0
6270,1,cluster_B,retain,1.0
6271,1,cluster_B,downweight,0.3499999940395355
6272,1,cluster_B,retain,1.0
6273,0,cluster_A,downweight,0.3499999940395355
6274,0,cluster_A,downweight,0.3499999940395355
6275,0,cluster_A,retain,1.0
6276,0,cluster_A,downweight,0.3499999940395355
6277,0,cluster_A,retain,1.0
6278,0,cluster_A,downweight,0.3499999940395355
6279,0,cluster_A,downweight,0.3499999940395355
6280,0,cluster_A,downweight,0.3499999940395355
6281,0,cluster_A,downweight,0.3499999940395355
6282,1,cluster_B,retain,1.0
6283,1,cluster_B,downweight,0.3499999940395355
6284,0,cluster_A,downweight,0.3499999940395355
6285,0,cluster_A,retain,1.0
6286,0,cluster_A,downweight,0.3499999940395355
6287,1,cluster_B,downweight,0.3499999940395355
6288,0,cluster_A,retain,1.0
6289,1,cluster_B,retain,1.0
6290,1,cluster_B,downweight,0.3499999940395355
6291,0,cluster_A,retain,1.0
6292,1,cluster_B,retain,1.0
6293,0,cluster_A,retain,1.0
6294,1,cluster_B,downweight,0.3499999940395355
6295,0,cluster_A,retain,1.0
6296,1,cluster_B,retain,1.0
6297,1,cluster_B,downweight,0.3499999940395355
6298,0,cluster_A,downweight,0.3499999940395355
6299,0,cluster_A,retain,1.0
6300,0,cluster_A,retain,1.0
6301,0,cluster_A,downweight,0.3499999940395355
6302,1,cluster_B,retain,1.0
6303,1,cluster_B,retain,1.0
6304,0,cluster_A,downweight,0.3499999940395355
6305,0,cluster_A,retain,1.0
6306,1,cluster_B,downweight,0.3499999940395355
6307,0,cluster_A,retain,1.0
6308,0,cluster_A,downweight,0.3499999940395355
6309,0,cluster_A,retain,1.0
6310,0,cluster_A,downweight,0.3499999940395355
6311,0,cluster_A,downweight,0.3499999940395355
6312,1,cluster_B,downweight,0.3499999940395355
6313,1,cluster_B,downweight,0.3499999940395355
6314,0,cluster_A,downweight,0.3499999940395355
6315,0,cluster_A,retain,1.0
6316,0,cluster_A,downweight,0.3499999940395355
6317,1,cluster_B,retain,1.0
6318,1,cluster_B,retain,1.0
6319,1,cluster_B,retain,1.0
6321,1,cluster_B,downweight,0.3499999940395355
6322,0,cluster_A,retain,1.0
6323,0,cluster_A,downweight,0.3499999940395355
6324,1,cluster_B,downweight,0.3499999940395355
6325,0,cluster_A,downweight,0.3499999940395355
6326,0,cluster_A,retain,1.0
6327,0,cluster_A,retain,1.0
6328,1,cluster_B,retain,1.0
6329,1,cluster_B,retain,1.0
6330,0,cluster_A,retain,1.0
6331,1,cluster_B,downweight,0.3499999940395355
6332,0,cluster_A,retain,1.0
6333,1,cluster_B,retain,1.0
6334,0,cluster_A,retain,1.0
6335,0,cluster_A,retain,1.0
6336,1,cluster_B,retain,1.0
6337,1,cluster_B,retain,1.0
6338,0,cluster_A,retain,1.0
6339,1,cluster_B,retain,1.0
6340,0,cluster_A,downweight,0.3499999940395355
6341,0,cluster_A,retain,1.0
6342,0,cluster_A,downweight,0.3499999940395355
6343,0,cluster_A,retain,1.0
6344,0,cluster_A,downweight,0.3499999940395355
6345,1,cluster_B,downweight,0.3499999940395355
6346,1,cluster_B,retain,1.0
6347,1,cluster_B,retain,1.0
6348,0,cluster_A,retain,1.0
6349,0,cluster_A,downweight,0.3499999940395355
6350,0,cluster_A,downweight,0.3499999940395355
6351,0,cluster_A,retain,1.0
6352,0,cluster_A,downweight,0.3499999940395355
6353,1,cluster_B,downweight,0.3499999940395355
6354,0,cluster_A,retain,1.0
6355,1,cluster_B,retain,1.0
6356,0,cluster_A,downweight,0.3499999940395355
6357,0,cluster_A,downweight,0.3499999940395355
6358,0,cluster_A,retain,1.0
6359,1,cluster_B,downweight,0.3499999940395355
6360,0,cluster_A,downweight,0.3499999940395355
6361,1,cluster_B,retain,1.0
6362,0,cluster_A,downweight,0.3499999940395355
6363,1,cluster_B,retain,1.0
6364,1,cluster_B,downweight,0.3499999940395355
6365,0,cluster_A,downweight,0.3499999940395355
6366,1,cluster_B,downweight,0.3499999940395355
6367,1,cluster_B,retain,1.0
6368,0,cluster_A,retain,1.0
6369,0,cluster_A,retain,1.0
6370,1,cluster_B,retain,1.0
6371,1,cluster_B,retain,1.0
6372,1,cluster_B,downweight,0.3499999940395355
6373,1,cluster_B,downweight,0.3499999940395355
6374,0,cluster_A,downweight,0.3499999940395355
6375,0,cluster_A,retain,1.0
6376,0,cluster_A,retain,1.0
6377,0,cluster_A,downweight,0.3499999940395355
6378,0,cluster_A,downweight,0.3499999940395355
6379,0,cluster_A,downweight,0.3499999940395355
6380,0,cluster_A,downweight,0.3499999940395355
6381,0,cluster_A,downweight,0.3499999940395355
6382,0,cluster_A,downweight,0.3499999940395355
6383,1,cluster_B,downweight,0.3499999940395355
6384,0,cluster_A,retain,1.0
6385,0,cluster_A,downweight,0.3499999940395355
6386,1,cluster_B,downweight,0.3499999940395355
6387,0,cluster_A,retain,1.0
6388,1,cluster_B,retain,1.0
6389,1,cluster_B,downweight,0.3499999940395355
6390,0,cluster_A,downweight,0.3499999940395355
6391,0,cluster_A,retain,1.0
6392,1,cluster_B,retain,1.0
6393,0,cluster_A,downweight,0.3499999940395355
6394,0,cluster_A,downweight,0.3499999940395355
6395,0,cluster_A,retain,1.0
6396,0,cluster_A,retain,1.0
6397,0,cluster_A,downweight,0.3499999940395355
6398,1,cluster_B,downweight,0.3499999940395355
6399,1,cluster_B,retain,1.0
6400,0,cluster_A,retain,1.0
6401,1,cluster_B,retain,1.0
6402,0,cluster_A,retain,1.0
6403,0,cluster_A,downweight,0.3499999940395355
6404,1,cluster_B,retain,1.0
6405,0,cluster_A,retain,1.0
6406,0,cluster_A,downweight,0.3499999940395355
6407,1,cluster_B,retain,1.0
6408,0,cluster_A,retain,1.0
6409,1,cluster_B,retain,1.0
6410,1,cluster_B,retain,1.0
6411,0,cluster_A,retain,1.0
6412,0,cluster_A,retain,1.0
6413,0,cluster_A,retain,1.0
6414,0,cluster_A,retain,1.0
6415,0,cluster_A,downweight,0.3499999940395355
6416,0,cluster_A,retain,1.0
6417,0,cluster_A,downweight,0.3499999940395355
6418,0,cluster_A,downweight,0.3499999940395355
6419,0,cluster_A,downweight,0.3499999940395355
6420,0,cluster_A,downweight,0.3499999940395355
6421,1,cluster_B,retain,1.0
6422,1,cluster_B,retain,1.0
6423,0,cluster_A,downweight,0.3499999940395355
6424,0,cluster_A,downweight,0.3499999940395355
6425,0,cluster_A,retain,1.0
6426,0,cluster_A,downweight,0.3499999940395355
6427,0,cluster_A,retain,1.0
6428,0,cluster_A,downweight,0.3499999940395355
6429,0,cluster_A,retain,1.0
6430,0,cluster_A,downweight,0.3499999940395355
6431,0,cluster_A,retain,1.0
6432,1,cluster_B,downweight,0.3499999940395355
6433,0,cluster_A,retain,1.0
6435,1,cluster_B,downweight,0.3499999940395355
6436,0,cluster_A,retain,1.0
6437,0,cluster_A,retain,1.0
6438,1,cluster_B,downweight,0.3499999940395355
6439,1,cluster_B,retain,1.0
6440,0,cluster_A,retain,1.0
6441,1,cluster_B,retain,1.0
6442,0,cluster_A,retain,1.0
6443,0,cluster_A,retain,1.0
6444,1,cluster_B,retain,1.0
6445,0,cluster_A,downweight,0.3499999940395355
6446,1,cluster_B,retain,1.0
6447,0,cluster_A,downweight,0.3499999940395355
6448,0,cluster_A,downweight,0.3499999940395355
6449,1,cluster_B,downweight,0.3499999940395355
6450,1,cluster_B,retain,1.0
6451,0,cluster_A,downweight,0.3499999940395355
6452,0,cluster_A,retain,1.0
6453,0,cluster_A,retain,1.0
6454,1,cluster_B,retain,1.0
6455,1,cluster_B,retain,1.0
6456,1,cluster_B,retain,1.0
6457,0,cluster_A,downweight,0.3499999940395355
6458,1,cluster_B,downweight,0.3499999940395355
6459,0,cluster_A,downweight,0.3499999940395355
6460,1,cluster_B,downweight,0.3499999940395355
6461,1,cluster_B,retain,1.0
6462,0,cluster_A,retain,1.0
6463,0,cluster_A,retain,1.0
6464,1,cluster_B,downweight,0.3499999940395355
6465,0,cluster_A,retain,1.0
6466,1,cluster_B,retain,1.0
6467,0,cluster_A,downweight,0.3499999940395355
6468,1,cluster_B,retain,1.0
6469,0,cluster_A,downweight,0.3499999940395355
6470,1,cluster_B,downweight,0.3499999940395355
6471,0,cluster_A,downweight,0.3499999940395355
6472,0,cluster_A,downweight,0.3499999940395355
6473,0,cluster_A,retain,1.0
6474,0,cluster_A,retain,1.0
6475,1,cluster_B,downweight,0.3499999940395355
6476,1,cluster_B,retain,1.0
6477,0,cluster_A,downweight,0.3499999940395355
6478,0,cluster_A,downweight,0.3499999940395355
6479,0,cluster_A,downweight,0.3499999940395355
6480,1,cluster_B,retain,1.0
6481,0,cluster_A,retain,1.0
6482,1,cluster_B,downweight,0.3499999940395355
6483,0,cluster_A,downweight,0.3499999940395355
6484,1,cluster_B,retain,1.0
6485,1,cluster_B,retain,1.0
6486,1,cluster_B,retain,1.0
6487,0,cluster_A,retain,1.0
6488,0,cluster_A,retain,1.0
6489,0,cluster_A,retain,1.0
6490,1,cluster_B,downweight,0.3499999940395355
6491,0,cluster_A,retain,1.0
6492,0,cluster_A,downweight,0.3499999940395355
6493,1,cluster_B,retain,1.0
6494,0,cluster_A,retain,1.0
6495,0,cluster_A,retain,1.0
6496,0,cluster_A,downweight,0.3499999940395355
6497,1,cluster_B,downweight,0.3499999940395355
6498,1,cluster_B,retain,1.0
6499,0,cluster_A,downweight,0.3499999940395355
6500,1,cluster_B,downweight,0.3499999940395355
6501,0,cluster_A,downweight,0.3499999940395355
6502,1,cluster_B,downweight,0.3499999940395355
6503,0,cluster_A,retain,1.0
6504,0,cluster_A,retain,1.0
6505,1,cluster_B,retain,1.0
6506,0,cluster_A,downweight,0.3499999940395355
6507,0,cluster_A,downweight,0.3499999940395355
6508,1,cluster_B,downweight,0.3499999940395355
6509,0,cluster_A,downweight,0.3499999940395355
6510,1,cluster_B,downweight,0.3499999940395355
6511,0,cluster_A,retain,1.0
6512,1,cluster_B,retain,1.0
6513,1,cluster_B,retain,1.0
6514,0,cluster_A,downweight,0.3499999940395355
6515,1,cluster_B,retain,1.0
6516,1,cluster_B,retain,1.0
6517,1,cluster_B,downweight,0.3499999940395355
6518,1,cluster_B,downweight,0.3499999940395355
6519,0,cluster_A,downweight,0.3499999940395355
6520,0,cluster_A,retain,1.0
6521,1,cluster_B,downweight,0.3499999940395355
6522,0,cluster_A,retain,1.0
6523,1,cluster_B,retain,1.0
6524,0,cluster_A,downweight,0.3499999940395355
6525,1,cluster_B,downweight,0.3499999940395355
6526,1,cluster_B,retain,1.0
6527,0,cluster_A,retain,1.0
6528,1,cluster_B,downweight,0.3499999940395355
6529,1,cluster_B,retain,1.0
6530,0,cluster_A,downweight,0.3499999940395355
6531,1,cluster_B,retain,1.0
6532,1,cluster_B,retain,1.0
6533,0,cluster_A,retain,1.0
6534,0,cluster_A,retain,1.0
6535,1,cluster_B,downweight,0.3499999940395355
6536,0,cluster_A,retain,1.0
6537,0,cluster_A,retain,1.0
6538,0,cluster_A,retain,1.0
6539,0,cluster_A,downweight,0.3499999940395355
6540,0,cluster_A,downweight,0.3499999940395355
6541,1,cluster_B,downweight,0.3499999940395355
6542,0,cluster_A,retain,1.0
6543,1,cluster_B,downweight,0.3499999940395355
6544,1,cluster_B,downweight,0.3499999940395355
6545,1,cluster_B,retain,1.0
6546,1,cluster_B,retain,1.0
6547,0,cluster_A,downweight,0.3499999940395355
6548,0,cluster_A,retain,1.0
6549,0,cluster_A,downweight,0.3499999940395355
6550,0,cluster_A,downweight,0.3499999940395355
6551,0,cluster_A,retain,1.0
6552,1,cluster_B,retain,1.0
6553,0,cluster_A,downweight,0.3499999940395355
6554,1,cluster_B,retain,1.0
6555,0,cluster_A,downweight,0.3499999940395355
6556,1,cluster_B,retain,1.0
6557,0,cluster_A,retain,1.0
6558,0,cluster_A,downweight,0.3499999940395355
6559,0,cluster_A,downweight,0.3499999940395355
6560,0,cluster_A,retain,1.0
6561,0,cluster_A,downweight,0.3499999940395355
6562,1,cluster_B,downweight,0.3499999940395355
6563,1,cluster_B,downweight,0.3499999940395355
6564,0,cluster_A,retain,1.0
6565,1,cluster_B,downweight,0.3499999940395355
6566,0,cluster_A,downweight,0.3499999940395355
6567,1,cluster_B,downweight,0.3499999940395355
6568,1,cluster_B,downweight,0.3499999940395355
6569,0,cluster_A,downweight,0.3499999940395355
6570,0,cluster_A,downweight,0.3499999940395355
6571,1,cluster_B,downweight,0.3499999940395355
6572,1,cluster_B,downweight,0.3499999940395355
6573,0,cluster_A,downweight,0.3499999940395355
6574,1,cluster_B,downweight,0.3499999940395355
6575,1,cluster_B,downweight,0.3499999940395355
6576,1,cluster_B,retain,1.0
6577,1,cluster_B,retain,1.0
6578,1,cluster_B,downweight,0.3499999940395355
6579,1,cluster_B,retain,1.0
6580,1,cluster_B,downweight,0.3499999940395355
6581,0,cluster_A,downweight,0.3499999940395355
6582,1,cluster_B,downweight,0.3499999940395355
6583,1,cluster_B,retain,1.0
6584,1,cluster_B,downweight,0.3499999940395355
6585,0,cluster_A,downweight,0.3499999940395355
6586,1,cluster_B,downweight,0.3499999940395355
6587,0,cluster_A,retain,1.0
6588,0,cluster_A,retain,1.0
6589,1,cluster_B,downweight,0.3499999940395355
6590,0,cluster_A,retain,1.0
6591,1,cluster_B,downweight,0.3499999940395355
6592,1,cluster_B,downweight,0.3499999940395355
6593,1,cluster_B,downweight,0.3499999940395355
6594,0,cluster_A,retain,1.0
6595,0,cluster_A,downweight,0.3499999940395355
6596,0,cluster_A,retain,1.0
6597,1,cluster_B,retain,1.0
6598,1,cluster_B,retain,1.0
6599,0,cluster_A,downweight,0.3499999940395355
6600,0,cluster_A,downweight,0.3499999940395355
6601,0,cluster_A,downweight,0.3499999940395355
6603,0,cluster_A,downweight,0.3499999940395355
6604,1,cluster_B,downweight,0.3499999940395355
6605,0,cluster_A,downweight,0.3499999940395355
6606,1,cluster_B,downweight,0.3499999940395355
6607,1,cluster_B,retain,1.0
6608,0,cluster_A,downweight,0.3499999940395355
6609,1,cluster_B,retain,1.0
6610,0,cluster_A,downweight,0.3499999940395355
6611,0,cluster_A,downweight,0.3499999940395355
6612,1,cluster_B,downweight,0.3499999940395355
6613,0,cluster_A,downweight,0.3499999940395355
6614,1,cluster_B,retain,1.0
6615,0,cluster_A,retain,1.0
6616,0,cluster_A,downweight,0.3499999940395355
6617,1,cluster_B,downweight,0.3499999940395355
6618,1,cluster_B,retain,1.0
6619,1,cluster_B,retain,1.0
6620,1,cluster_B,downweight,0.3499999940395355
6621,1,cluster_B,downweight,0.3499999940395355
6622,0,cluster_A,retain,1.0
6623,1,cluster_B,retain,1.0
6624,0,cluster_A,retain,1.0
6625,1,cluster_B,retain,1.0
6626,0,cluster_A,downweight,0.3499999940395355
6627,1,cluster_B,downweight,0.3499999940395355
6628,0,cluster_A,downweight,0.3499999940395355
6629,0,cluster_A,downweight,0.3499999940395355
6630,1,cluster_B,retain,1.0
6631,0,cluster_A,downweight,0.3499999940395355
6632,0,cluster_A,retain,1.0
6633,1,cluster_B,downweight,0.3499999940395355
6634,0,cluster_A,downweight,0.3499999940395355
6635,0,cluster_A,downweight,0.3499999940395355
6636,1,cluster_B,downweight,0.3499999940395355
6637,0,cluster_A,downweight,0.3499999940395355
6638,1,cluster_B,retain,1.0
6639,1,cluster_B,downweight,0.3499999940395355
6640,0,cluster_A,retain,1.0
6641,0,cluster_A,downweight,0.3499999940395355
6642,1,cluster_B,retain,1.0
6643,0,cluster_A,downweight,0.3499999940395355
6644,1,cluster_B,downweight,0.3499999940395355
6645,1,cluster_B,retain,1.0
6646,0,cluster_A,retain,1.0
6647,1,cluster_B,retain,1.0
6648,1,cluster_B,retain,1.0
6649,1,cluster_B,downweight,0.3499999940395355
6650,1,cluster_B,downweight,0.3499999940395355
6651,1,cluster_B,retain,1.0
6652,0,cluster_A,retain,1.0
6653,1,cluster_B,downweight,0.3499999940395355
6654,1,cluster_B,retain,1.0
6655,1,cluster_B,downweight,0.3499999940395355
6656,1,cluster_B,downweight,0.3499999940395355
6657,0,cluster_A,downweight,0.3499999940395355
6658,0,cluster_A,retain,1.0
6659,0,cluster_A,retain,1.0
6660,1,cluster_B,retain,1.0
6661,0,cluster_A,retain,1.0
6662,0,cluster_A,retain,1.0
6663,1,cluster_B,downweight,0.3499999940395355
6664,0,cluster_A,retain,1.0
6665,0,cluster_A,downweight,0.3499999940395355
6666,0,cluster_A,downweight,0.3499999940395355
6667,1,cluster_B,downweight,0.3499999940395355
6668,1,cluster_B,retain,1.0
6669,1,cluster_B,retain,1.0
6670,0,cluster_A,downweight,0.3499999940395355
6671,0,cluster_A,downweight,0.3499999940395355
6672,0,cluster_A,retain,1.0
6673,0,cluster_A,downweight,0.3499999940395355
6674,0,cluster_A,retain,1.0
6675,1,cluster_B,downweight,0.3499999940395355
6676,0,cluster_A,retain,1.0
6677,0,cluster_A,downweight,0.3499999940395355
6678,1,cluster_B,downweight,0.3499999940395355
6679,0,cluster_A,downweight,0.3499999940395355
6680,0,cluster_A,downweight,0.3499999940395355
6681,1,cluster_B,downweight,0.3499999940395355
6682,0,cluster_A,downweight,0.3499999940395355
6683,1,cluster_B,retain,1.0
6684,0,cluster_A,retain,1.0
6685,1,cluster_B,downweight,0.3499999940395355
6686,1,cluster_B,downweight,0.3499999940395355
6687,0,cluster_A,downweight,0.3499999940395355
6688,0,cluster_A,downweight,0.3499999940395355
6689,1,cluster_B,downweight,0.3499999940395355
6690,1,cluster_B,downweight,0.3499999940395355
6691,0,cluster_A,downweight,0.3499999940395355
6692,0,cluster_A,downweight,0.3499999940395355
6693,1,cluster_B,retain,1.0
6694,0,cluster_A,downweight,0.3499999940395355
6695,0,cluster_A,downweight,0.3499999940395355
6696,0,cluster_A,downweight,0.3499999940395355
6697,1,cluster_B,retain,1.0
6698,0,cluster_A,downweight,0.3499999940395355
6699,0,cluster_A,downweight,0.3499999940395355
6700,0,cluster_A,retain,1.0
6701,0,cluster_A,retain,1.0
6702,0,cluster_A,retain,1.0
6703,1,cluster_B,downweight,0.3499999940395355
6704,0,cluster_A,downweight,0.3499999940395355
6705,0,cluster_A,retain,1.0
6706,0,cluster_A,downweight,0.3499999940395355
6707,1,cluster_B,downweight,0.3499999940395355
6708,1,cluster_B,downweight,0.3499999940395355
6709,1,cluster_B,retain,1.0
6710,0,cluster_A,downweight,0.3499999940395355
6711,0,cluster_A,retain,1.0
6712,0,cluster_A,downweight,0.3499999940395355
6713,0,cluster_A,downweight,0.3499999940395355
6714,1,cluster_B,retain,1.0
6715,0,cluster_A,downweight,0.3499999940395355
6716,0,cluster_A,retain,1.0
6717,0,cluster_A,downweight,0.3499999940395355
6718,0,cluster_A,downweight,0.3499999940395355
6719,1,cluster_B,downweight,0.3499999940395355
6720,0,cluster_A,retain,1.0
6721,1,cluster_B,retain,1.0
6722,0,cluster_A,downweight,0.3499999940395355
6723,1,cluster_B,downweight,0.3499999940395355
6724,0,cluster_A,retain,1.0
6725,1,cluster_B,downweight,0.3499999940395355
6726,0,cluster_A,downweight,0.3499999940395355
6727,1,cluster_B,downweight,0.3499999940395355
6728,1,cluster_B,retain,1.0
6729,0,cluster_A,retain,1.0
6730,1,cluster_B,downweight,0.3499999940395355
6731,0,cluster_A,retain,1.0
6732,1,cluster_B,downweight,0.3499999940395355
6733,1,cluster_B,downweight,0.3499999940395355
6734,1,cluster_B,retain,1.0
6735,0,cluster_A,downweight,0.3499999940395355
6736,1,cluster_B,retain,1.0
6737,0,cluster_A,downweight,0.3499999940395355
6738,0,cluster_A,downweight,0.3499999940395355
6739,1,cluster_B,retain,1.0
6740,0,cluster_A,retain,1.0
6741,1,cluster_B,downweight,0.3499999940395355
6742,0,cluster_A,retain,1.0
6743,1,cluster_B,retain,1.0
6744,1,cluster_B,downweight,0.3499999940395355
6745,0,cluster_A,retain,1.0
6746,1,cluster_B,downweight,0.3499999940395355
6747,1,cluster_B,downweight,0.3499999940395355
6748,0,cluster_A,downweight,0.3499999940395355
6749,0,cluster_A,retain,1.0
6750,0,cluster_A,retain,1.0
6751,0,cluster_A,retain,1.0
6752,0,cluster_A,downweight,0.3499999940395355
6753,1,cluster_B,downweight,0.3499999940395355
6754,1,cluster_B,downweight,0.3499999940395355
6755,0,cluster_A,retain,1.0
6756,0,cluster_A,retain,1.0
6757,0,cluster_A,downweight,0.3499999940395355
6758,0,cluster_A,retain,1.0
6759,1,cluster_B,retain,1.0
6760,0,cluster_A,retain,1.0
6761,1,cluster_B,retain,1.0
6762,1,cluster_B,downweight,0.3499999940395355
6763,1,cluster_B,downweight,0.3499999940395355
6764,1,cluster_B,retain,1.0
6765,0,cluster_A,downweight,0.3499999940395355
6766,1,cluster_B,downweight,0.3499999940395355
6767,1,cluster_B,downweight,0.3499999940395355
6768,1,cluster_B,retain,1.0
6769,0,cluster_A,downweight,0.3499999940395355
6770,1,cluster_B,downweight,0.3499999940395355
6771,1,cluster_B,downweight,0.3499999940395355
6772,0,cluster_A,downweight,0.3499999940395355
6773,1,cluster_B,downweight,0.3499999940395355
6774,0,cluster_A,downweight,0.3499999940395355
6775,0,cluster_A,downweight,0.3499999940395355
6776,1,cluster_B,retain,1.0
6777,1,cluster_B,retain,1.0
6778,0,cluster_A,downweight,0.3499999940395355
6779,0,cluster_A,downweight,0.3499999940395355
6780,1,cluster_B,retain,1.0
6781,1,cluster_B,downweight,0.3499999940395355
6782,0,cluster_A,retain,1.0
6783,1,cluster_B,retain,1.0
6784,0,cluster_A,downweight,0.3499999940395355
6785,1,cluster_B,downweight,0.3499999940395355
6786,0,cluster_A,downweight,0.3499999940395355
6787,0,cluster_A,downweight,0.3499999940395355
6788,1,cluster_B,downweight,0.3499999940395355
6789,1,cluster_B,downweight,0.3499999940395355
6790,1,cluster_B,downweight,0.3499999940395355
6791,1,cluster_B,retain,1.0
6792,0,cluster_A,retain,1.0
6793,0,cluster_A,retain,1.0
6794,1,cluster_B,retain,1.0
6795,1,cluster_B,retain,1.0
6796,0,cluster_A,downweight,0.3499999940395355
6797,0,cluster_A,retain,1.0
6798,0,cluster_A,downweight,0.3499999940395355
6799,1,cluster_B,downweight,0.3499999940395355
6800,0,cluster_A,retain,1.0
6801,1,cluster_B,downweight,0.3499999940395355
6802,1,cluster_B,downweight,0.3499999940395355
6803,0,cluster_A,downweight,0.3499999940395355
6804,1,cluster_B,downweight,0.3499999940395355
6805,0,cluster_A,downweight,0.3499999940395355
6806,1,cluster_B,downweight,0.3499999940395355
6807,0,cluster_A,downweight,0.3499999940395355
6808,1,cluster_B,downweight,0.3499999940395355
6809,1,cluster_B,retain,1.0
6810,0,cluster_A,downweight,0.3499999940395355
6811,1,cluster_B,downweight,0.3499999940395355
6812,0,cluster_A,retain,1.0
6813,0,cluster_A,downweight,0.3499999940395355
6814,0,cluster_A,retain,1.0
6815,1,cluster_B,retain,1.0
6816,1,cluster_B,downweight,0.3499999940395355
6817,1,cluster_B,retain,1.0
6818,1,cluster_B,downweight,0.3499999940395355
6819,0,cluster_A,downweight,0.3499999940395355
6820,1,cluster_B,downweight,0.3499999940395355
6821,0,cluster_A,downweight,0.3499999940395355
6822,0,cluster_A,retain,1.0
6823,0,cluster_A,downweight,0.3499999940395355
6824,1,cluster_B,downweight,0.3499999940395355
6825,0,cluster_A,retain,1.0
6826,0,cluster_A,downweight,0.3499999940395355
6827,0,cluster_A,downweight,0.3499999940395355
6828,0,cluster_A,retain,1.0
6829,0,cluster_A,retain,1.0
6830,1,cluster_B,retain,1.0
6831,1,cluster_B,downweight,0.3499999940395355
6832,0,cluster_A,retain,1.0
6833,0,cluster_A,downweight,0.3499999940395355
6834,0,cluster_A,retain,1.0
6835,1,cluster_B,retain,1.0
6836,1,cluster_B,retain,1.0
6837,0,cluster_A,retain,1.0
6838,1,cluster_B,retain,1.0
6839,1,cluster_B,retain,1.0
6840,1,cluster_B,downweight,0.3499999940395355
6841,1,cluster_B,retain,1.0
6842,1,cluster_B,downweight,0.3499999940395355
6844,0,cluster_A,retain,1.0
6845,0,cluster_A,downweight,0.3499999940395355
6846,0,cluster_A,downweight,0.3499999940395355
6847,0,cluster_A,downweight,0.3499999940395355
6848,1,cluster_B,downweight,0.3499999940395355
6849,1,cluster_B,downweight,0.3499999940395355
6850,1,cluster_B,retain,1.0
6851,0,cluster_A,downweight,0.3499999940395355
6852,1,cluster_B,downweight,0.3499999940395355
6853,1,cluster_B,downweight,0.3499999940395355
6854,0,cluster_A,downweight,0.3499999940395355
6855,1,cluster_B,retain,1.0
6856,0,cluster_A,downweight,0.3499999940395355
6857,1,cluster_B,retain,1.0
6858,0,cluster_A,downweight,0.3499999940395355
6859,1,cluster_B,retain,1.0
6860,0,cluster_A,downweight,0.3499999940395355
6861,0,cluster_A,retain,1.0
6862,1,cluster_B,downweight,0.3499999940395355
6863,0,cluster_A,downweight,0.3499999940395355
6864,0,cluster_A,retain,1.0
6865,1,cluster_B,downweight,0.3499999940395355
6866,0,cluster_A,downweight,0.3499999940395355
6867,1,cluster_B,downweight,0.3499999940395355
6868,1,cluster_B,retain,1.0
6869,1,cluster_B,downweight,0.3499999940395355
6870,1,cluster_B,retain,1.0
6871,1,cluster_B,downweight,0.3499999940395355
6872,0,cluster_A,downweight,0.3499999940395355
6873,1,cluster_B,retain,1.0
6874,1,cluster_B,downweight,0.3499999940395355
6875,1,cluster_B,retain,1.0
6876,1,cluster_B,downweight,0.3499999940395355
6877,1,cluster_B,downweight,0.3499999940395355
6878,0,cluster_A,retain,1.0
6879,0,cluster_A,retain,1.0
6880,1,cluster_B,retain,1.0
6881,1,cluster_B,downweight,0.3499999940395355
6882,0,cluster_A,downweight,0.3499999940395355
6883,1,cluster_B,downweight,0.3499999940395355
6884,0,cluster_A,retain,1.0
6885,0,cluster_A,downweight,0.3499999940395355
6886,0,cluster_A,retain,1.0
6887,1,cluster_B,downweight,0.3499999940395355
6888,0,cluster_A,downweight,0.3499999940395355
6889,1,cluster_B,retain,1.0
6890,0,cluster_A,retain,1.0
6891,1,cluster_B,retain,1.0
6892,0,cluster_A,downweight,0.3499999940395355
6893,0,cluster_A,downweight,0.3499999940395355
6894,0,cluster_A,retain,1.0
6895,1,cluster_B,downweight,0.3499999940395355
6896,0,cluster_A,retain,1.0
6897,1,cluster_B,retain,1.0
6898,0,cluster_A,retain,1.0
6899,1,cluster_B,downweight,0.3499999940395355
6900,0,cluster_A,retain,1.0
6901,0,cluster_A,retain,1.0
6902,0,cluster_A,retain,1.0
6903,1,cluster_B,retain,1.0
6904,1,cluster_B,retain,1.0
6905,1,cluster_B,retain,1.0
6906,1,cluster_B,retain,1.0
6907,0,cluster_A,retain,1.0
6908,1,cluster_B,retain,1.0
6909,0,cluster_A,retain,1.0
6910,1,cluster_B,retain,1.0
6911,0,cluster_A,downweight,0.3499999940395355
6912,1,cluster_B,downweight,0.3499999940395355
6913,0,cluster_A,downweight,0.3499999940395355
6914,0,cluster_A,retain,1.0
6915,1,cluster_B,retain,1.0
6916,0,cluster_A,downweight,0.3499999940395355
6917,0,cluster_A,retain,1.0
6918,0,cluster_A,downweight,0.3499999940395355
6919,0,cluster_A,retain,1.0
6920,0,cluster_A,retain,1.0
6921,1,cluster_B,downweight,0.3499999940395355
6922,1,cluster_B,retain,1.0
6923,0,cluster_A,retain,1.0
6924,1,cluster_B,retain,1.0
6925,0,cluster_A,downweight,0.3499999940395355
6926,0,cluster_A,downweight,0.3499999940395355
6927,0,cluster_A,downweight,0.3499999940395355
6928,1,cluster_B,downweight,0.3499999940395355
6929,1,cluster_B,retain,1.0
6930,0,cluster_A,downweight,0.3499999940395355
6931,0,cluster_A,downweight,0.3499999940395355
6932,0,cluster_A,downweight,0.3499999940395355
6933,1,cluster_B,downweight,0.3499999940395355
6934,0,cluster_A,retain,1.0
6935,1,cluster_B,retain,1.0
6936,1,cluster_B,retain,1.0
6937,1,cluster_B,downweight,0.3499999940395355
6938,0,cluster_A,downweight,0.3499999940395355
6939,1,cluster_B,retain,1.0
6940,0,cluster_A,retain,1.0
6941,0,cluster_A,retain,1.0
6942,0,cluster_A,downweight,0.3499999940395355
6943,1,cluster_B,retain,1.0
6944,1,cluster_B,downweight,0.3499999940395355
6945,1,cluster_B,downweight,0.3499999940395355
6946,0,cluster_A,downweight,0.3499999940395355
6947,0,cluster_A,retain,1.0
6948,0,cluster_A,downweight,0.3499999940395355
6949,1,cluster_B,downweight,0.3499999940395355
6950,1,cluster_B,retain,1.0
6951,0,cluster_A,retain,1.0
6952,0,cluster_A,downweight,0.3499999940395355
6953,0,cluster_A,retain,1.0
6954,0,cluster_A,downweight,0.3499999940395355
6955,1,cluster_B,retain,1.0
6956,1,cluster_B,downweight,0.3499999940395355
6957,0,cluster_A,retain,1.0
6958,1,cluster_B,downweight,0.3499999940395355
6959,1,cluster_B,downweight,0.3499999940395355
6960,1,cluster_B,retain,1.0
6961,0,cluster_A,retain,1.0
6962,1,cluster_B,retain,1.0
6963,1,cluster_B,downweight,0.3499999940395355
6964,0,cluster_A,downweight,0.3499999940395355
6965,0,cluster_A,downweight,0.3499999940395355
6966,0,cluster_A,retain,1.0
6967,0,cluster_A,retain,1.0
6968,1,cluster_B,downweight,0.3499999940395355
6969,1,cluster_B,retain,1.0
6970,0,cluster_A,downweight,0.3499999940395355
6971,0,cluster_A,downweight,0.3499999940395355
6972,0,cluster_A,downweight,0.3499999940395355
6973,1,cluster_B,downweight,0.3499999940395355
6974,1,cluster_B,downweight,0.3499999940395355
6975,0,cluster_A,retain,1.0
6976,1,cluster_B,downweight,0.3499999940395355
6977,0,cluster_A,downweight,0.3499999940395355
6978,0,cluster_A,downweight,0.3499999940395355
6979,0,cluster_A,downweight,0.3499999940395355
6980,1,cluster_B,retain,1.0
6981,0,cluster_A,downweight,0.3499999940395355
6982,1,cluster_B,downweight,0.3499999940395355
6984,1,cluster_B,downweight,0.3499999940395355
6985,1,cluster_B,downweight,0.3499999940395355
6986,0,cluster_A,downweight,0.3499999940395355
6987,0,cluster_A,downweight,0.3499999940395355
6988,1,cluster_B,downweight,0.3499999940395355
6989,1,cluster_B,retain,1.0
6990,0,cluster_A,downweight,0.3499999940395355
6991,0,cluster_A,downweight,0.3499999940395355
6992,1,cluster_B,downweight,0.3499999940395355
6993,1,cluster_B,retain,1.0
6994,1,cluster_B,retain,1.0
6995,0,cluster_A,downweight,0.3499999940395355
6996,0,cluster_A,retain,1.0
6998,1,cluster_B,retain,1.0
6999,0,cluster_A,downweight,0.3499999940395355
7000,1,cluster_B,retain,1.0
7001,0,cluster_A,retain,1.0
7002,1,cluster_B,downweight,0.3499999940395355
7003,1,cluster_B,downweight,0.3499999940395355
7004,0,cluster_A,downweight,0.3499999940395355
7005,0,cluster_A,downweight,0.3499999940395355
7006,1,cluster_B,retain,1.0
7007,1,cluster_B,downweight,0.3499999940395355
7008,1,cluster_B,retain,1.0
7009,1,cluster_B,retain,1.0
7010,1,cluster_B,retain,1.0
7011,0,cluster_A,retain,1.0
7012,1,cluster_B,retain,1.0
7013,1,cluster_B,downweight,0.3499999940395355
7014,1,cluster_B,downweight,0.3499999940395355
7015,1,cluster_B,retain,1.0
7016,1,cluster_B,retain,1.0
7017,1,cluster_B,retain,1.0
7018,1,cluster_B,downweight,0.3499999940395355
7019,0,cluster_A,downweight,0.3499999940395355
7020,0,cluster_A,downweight,0.3499999940395355
7021,0,cluster_A,retain,1.0
7022,1,cluster_B,retain,1.0
7023,1,cluster_B,retain,1.0
7024,1,cluster_B,downweight,0.3499999940395355
7025,1,cluster_B,downweight,0.3499999940395355
7026,0,cluster_A,downweight,0.3499999940395355
7027,0,cluster_A,retain,1.0
7028,1,cluster_B,retain,1.0
7029,1,cluster_B,retain,1.0
7030,0,cluster_A,retain,1.0
7031,0,cluster_A,downweight,0.3499999940395355
7032,1,cluster_B,downweight,0.3499999940395355
7033,1,cluster_B,downweight,0.3499999940395355
7034,0,cluster_A,downweight,0.3499999940395355
7035,0,cluster_A,downweight,0.3499999940395355
7036,1,cluster_B,retain,1.0
7037,1,cluster_B,downweight,0.3499999940395355
7038,0,cluster_A,retain,1.0
7039,0,cluster_A,downweight,0.3499999940395355
7040,1,cluster_B,retain,1.0
7041,1,cluster_B,downweight,0.3499999940395355
7042,0,cluster_A,retain,1.0
7043,0,cluster_A,downweight,0.3499999940395355
7044,0,cluster_A,downweight,0.3499999940395355
7045,1,cluster_B,downweight,0.3499999940395355
7046,1,cluster_B,downweight,0.3499999940395355
7047,0,cluster_A,retain,1.0
7048,1,cluster_B,downweight,0.3499999940395355
7049,0,cluster_A,downweight,0.3499999940395355
7050,1,cluster_B,downweight,0.3499999940395355
7051,0,cluster_A,downweight,0.3499999940395355
7052,1,cluster_B,downweight,0.3499999940395355
7053,0,cluster_A,downweight,0.3499999940395355
7054,1,cluster_B,retain,1.0
7055,0,cluster_A,downweight,0.3499999940395355
7056,0,cluster_A,downweight,0.3499999940395355
7057,0,cluster_A,downweight,0.3499999940395355
7058,1,cluster_B,retain,1.0
7059,1,cluster_B,downweight,0.3499999940395355
7060,1,cluster_B,retain,1.0
7061,1,cluster_B,retain,1.0
7062,0,cluster_A,downweight,0.3499999940395355
7063,1,cluster_B,retain,1.0
7064,1,cluster_B,downweight,0.3499999940395355
7065,1,cluster_B,downweight,0.3499999940395355
7066,0,cluster_A,retain,1.0
7067,1,cluster_B,downweight,0.3499999940395355
7068,0,cluster_A,downweight,0.3499999940395355
7069,0,cluster_A,downweight,0.3499999940395355
7070,1,cluster_B,downweight,0.3499999940395355
7071,0,cluster_A,retain,1.0
7072,1,cluster_B,downweight,0.3499999940395355
7073,0,cluster_A,downweight,0.3499999940395355
7074,0,cluster_A,downweight,0.3499999940395355
7075,0,cluster_A,retain,1.0
7076,0,cluster_A,downweight,0.3499999940395355
7077,1,cluster_B,downweight,0.3499999940395355
7079,0,cluster_A,downweight,0.3499999940395355
7080,1,cluster_B,downweight,0.3499999940395355
7081,0,cluster_A,downweight,0.3499999940395355
7082,1,cluster_B,downweight,0.3499999940395355
7083,1,cluster_B,downweight,0.3499999940395355
7084,1,cluster_B,downweight,0.3499999940395355
7085,1,cluster_B,downweight,0.3499999940395355
7086,1,cluster_B,downweight,0.3499999940395355
7087,0,cluster_A,downweight,0.3499999940395355
7088,1,cluster_B,retain,1.0
7089,1,cluster_B,downweight,0.3499999940395355
7090,0,cluster_A,downweight,0.3499999940395355
7091,1,cluster_B,retain,1.0
7092,0,cluster_A,downweight,0.3499999940395355
7093,1,cluster_B,retain,1.0
7094,1,cluster_B,retain,1.0
7095,0,cluster_A,retain,1.0
7096,0,cluster_A,retain,1.0
7097,1,cluster_B,retain,1.0
7098,0,cluster_A,downweight,0.3499999940395355
7099,0,cluster_A,retain,1.0
7100,1,cluster_B,retain,1.0
7101,1,cluster_B,downweight,0.3499999940395355
7102,0,cluster_A,retain,1.0
7103,1,cluster_B,downweight,0.3499999940395355
7104,0,cluster_A,downweight,0.3499999940395355
7105,1,cluster_B,downweight,0.3499999940395355
7106,1,cluster_B,downweight,0.3499999940395355
7107,0,cluster_A,downweight,0.3499999940395355
7108,1,cluster_B,retain,1.0
7109,0,cluster_A,downweight,0.3499999940395355
7110,1,cluster_B,downweight,0.3499999940395355
7111,0,cluster_A,downweight,0.3499999940395355
7112,1,cluster_B,downweight,0.3499999940395355
7113,1,cluster_B,retain,1.0
7114,1,cluster_B,retain,1.0
7115,1,cluster_B,retain,1.0
7116,0,cluster_A,retain,1.0
7117,0,cluster_A,downweight,0.3499999940395355
7118,1,cluster_B,downweight,0.3499999940395355
7119,1,cluster_B,retain,1.0
7120,0,cluster_A,downweight,0.3499999940395355
7121,1,cluster_B,downweight,0.3499999940395355
7122,0,cluster_A,downweight,0.3499999940395355
7123,0,cluster_A,retain,1.0
7124,1,cluster_B,retain,1.0
7125,0,cluster_A,retain,1.0
7126,0,cluster_A,downweight,0.3499999940395355
7127,0,cluster_A,downweight,0.3499999940395355
7128,0,cluster_A,downweight,0.3499999940395355
7129,1,cluster_B,downweight,0.3499999940395355
7130,0,cluster_A,downweight,0.3499999940395355
7131,1,cluster_B,retain,1.0
7132,1,cluster_B,downweight,0.3499999940395355
7133,1,cluster_B,downweight,0.3499999940395355
7134,0,cluster_A,downweight,0.3499999940395355
7135,0,cluster_A,downweight,0.3499999940395355
7136,1,cluster_B,retain,1.0
7137,1,cluster_B,downweight,0.3499999940395355
7138,0,cluster_A,downweight,0.3499999940395355
7139,1,cluster_B,retain,1.0
7140,1,cluster_B,retain,1.0
7141,1,cluster_B,retain,1.0
7142,1,cluster_B,retain,1.0
7143,1,cluster_B,downweight,0.3499999940395355
7144,1,cluster_B,downweight,0.3499999940395355
7145,1,cluster_B,retain,1.0
7146,1,cluster_B,downweight,0.3499999940395355
7147,0,cluster_A,downweight,0.3499999940395355
7148,1,cluster_B,retain,1.0
7149,1,cluster_B,downweight,0.3499999940395355
7150,0,cluster_A,downweight,0.3499999940395355
7151,0,cluster_A,retain,1.0
7152,1,cluster_B,retain,1.0
7153,0,cluster_A,retain,1.0
7154,1,cluster_B,retain,1.0
7155,0,cluster_A,retain,1.0
7156,0,cluster_A,retain,1.0
7157,1,cluster_B,retain,1.0
7158,0,cluster_A,downweight,0.3499999940395355
7159,1,cluster_B,downweight,0.3499999940395355
7160,1,cluster_B,downweight,0.3499999940395355
7161,0,cluster_A,retain,1.0
7162,1,cluster_B,downweight,0.3499999940395355
7163,1,cluster_B,retain,1.0
7164,1,cluster_B,downweight,0.3499999940395355
7165,0,cluster_A,retain,1.0
7166,0,cluster_A,downweight,0.3499999940395355
7167,0,cluster_A,downweight,0.3499999940395355
7168,0,cluster_A,downweight,0.3499999940395355
7169,0,cluster_A,downweight,0.3499999940395355
7170,1,cluster_B,downweight,0.3499999940395355
7171,1,cluster_B,retain,1.0
7172,1,cluster_B,downweight,0.3499999940395355
7173,1,cluster_B,downweight,0.3499999940395355
7174,0,cluster_A,retain,1.0
7175,1,cluster_B,retain,1.0
7176,1,cluster_B,retain,1.0
7177,0,cluster_A,downweight,0.3499999940395355
7178,1,cluster_B,retain,1.0
7179,1,cluster_B,downweight,0.3499999940395355
7180,0,cluster_A,downweight,0.3499999940395355
7181,1,cluster_B,downweight,0.3499999940395355
7182,1,cluster_B,downweight,0.3499999940395355
7183,0,cluster_A,retain,1.0
7184,1,cluster_B,retain,1.0
7185,0,cluster_A,downweight,0.3499999940395355
7186,0,cluster_A,retain,1.0
7187,1,cluster_B,downweight,0.3499999940395355
7188,1,cluster_B,downweight,0.3499999940395355
7189,0,cluster_A,retain,1.0
7190,0,cluster_A,retain,1.0
7191,0,cluster_A,retain,1.0
7192,1,cluster_B,retain,1.0
7193,0,cluster_A,downweight,0.3499999940395355
7194,1,cluster_B,retain,1.0
7195,0,cluster_A,downweight,0.3499999940395355
7196,1,cluster_B,downweight,0.3499999940395355
7197,0,cluster_A,downweight,0.3499999940395355
7198,0,cluster_A,retain,1.0
7199,1,cluster_B,retain,1.0
7200,0,cluster_A,downweight,0.3499999940395355
7201,1,cluster_B,downweight,0.3499999940395355
7202,1,cluster_B,downweight,0.3499999940395355
7203,0,cluster_A,downweight,0.3499999940395355
7204,1,cluster_B,downweight,0.3499999940395355
7205,0,cluster_A,downweight,0.3499999940395355
7206,1,cluster_B,retain,1.0
7207,0,cluster_A,downweight,0.3499999940395355
7208,0,cluster_A,retain,1.0
7209,1,cluster_B,downweight,0.3499999940395355
7210,1,cluster_B,downweight,0.3499999940395355
7211,0,cluster_A,downweight,0.3499999940395355
7212,0,cluster_A,retain,1.0
7213,1,cluster_B,retain,1.0
7214,0,cluster_A,retain,1.0
7215,1,cluster_B,retain,1.0
7216,1,cluster_B,retain,1.0
7217,0,cluster_A,downweight,0.3499999940395355
7218,0,cluster_A,downweight,0.3499999940395355
7219,0,cluster_A,downweight,0.3499999940395355
7220,0,cluster_A,retain,1.0
7221,1,cluster_B,downweight,0.3499999940395355
7222,1,cluster_B,downweight,0.3499999940395355
7223,1,cluster_B,downweight,0.3499999940395355
7224,1,cluster_B,retain,1.0
7225,0,cluster_A,downweight,0.3499999940395355
7226,0,cluster_A,retain,1.0
7227,1,cluster_B,downweight,0.3499999940395355
7228,1,cluster_B,downweight,0.3499999940395355
7229,0,cluster_A,downweight,0.3499999940395355
7230,0,cluster_A,retain,1.0
7231,1,cluster_B,downweight,0.3499999940395355
7232,1,cluster_B,downweight,0.3499999940395355
7233,0,cluster_A,downweight,0.3499999940395355
7234,1,cluster_B,downweight,0.3499999940395355
7235,1,cluster_B,retain,1.0
7236,0,cluster_A,retain,1.0
7237,1,cluster_B,retain,1.0
7238,1,cluster_B,downweight,0.3499999940395355
7239,1,cluster_B,downweight,0.3499999940395355
7240,1,cluster_B,retain,1.0
7241,0,cluster_A,retain,1.0
7242,0,cluster_A,downweight,0.3499999940395355
7243,0,cluster_A,retain,1.0
7244,1,cluster_B,downweight,0.3499999940395355
7245,0,cluster_A,downweight,0.3499999940395355
7246,0,cluster_A,downweight,0.3499999940395355
7247,0,cluster_A,downweight,0.3499999940395355
7248,1,cluster_B,downweight,0.3499999940395355
7249,1,cluster_B,retain,1.0
7250,0,cluster_A,downweight,0.3499999940395355
7251,0,cluster_A,retain,1.0
7252,0,cluster_A,downweight,0.3499999940395355
7253,1,cluster_B,downweight,0.3499999940395355
7254,0,cluster_A,retain,1.0
7255,0,cluster_A,retain,1.0
7256,1,cluster_B,downweight,0.3499999940395355
7257,1,cluster_B,retain,1.0
7258,1,cluster_B,retain,1.0
7259,0,cluster_A,downweight,0.3499999940395355
7260,1,cluster_B,downweight,0.3499999940395355
7261,0,cluster_A,retain,1.0
7262,0,cluster_A,retain,1.0
7263,1,cluster_B,retain,1.0
7264,0,cluster_A,retain,1.0
7265,0,cluster_A,downweight,0.3499999940395355
7266,0,cluster_A,downweight,0.3499999940395355
7267,0,cluster_A,retain,1.0
7268,1,cluster_B,downweight,0.3499999940395355
7269,1,cluster_B,downweight,0.3499999940395355
7270,1,cluster_B,downweight,0.3499999940395355
7271,0,cluster_A,retain,1.0
7272,1,cluster_B,retain,1.0
7273,0,cluster_A,downweight,0.3499999940395355
7274,0,cluster_A,downweight,0.3499999940395355
7275,0,cluster_A,downweight,0.3499999940395355
7276,1,cluster_B,downweight,0.3499999940395355
7277,1,cluster_B,downweight,0.3499999940395355
7278,0,cluster_A,retain,1.0
7279,1,cluster_B,downweight,0.3499999940395355
7280,0,cluster_A,downweight,0.3499999940395355
7281,0,cluster_A,downweight,0.3499999940395355
7282,1,cluster_B,downweight,0.3499999940395355
7283,1,cluster_B,retain,1.0
7284,0,cluster_A,retain,1.0
7285,0,cluster_A,downweight,0.3499999940395355
7286,1,cluster_B,downweight,0.3499999940395355
7287,1,cluster_B,downweight,0.3499999940395355
7288,1,cluster_B,downweight,0.3499999940395355
7289,1,cluster_B,downweight,0.3499999940395355
7290,1,cluster_B,retain,1.0
7291,1,cluster_B,downweight,0.3499999940395355
7292,0,cluster_A,downweight,0.3499999940395355
7293,0,cluster_A,downweight,0.3499999940395355
7294,0,cluster_A,downweight,0.3499999940395355
7295,0,cluster_A,retain,1.0
7296,1,cluster_B,downweight,0.3499999940395355
7297,0,cluster_A,downweight,0.3499999940395355
7298,0,cluster_A,retain,1.0
7299,1,cluster_B,downweight,0.3499999940395355
7300,0,cluster_A,retain,1.0
7301,1,cluster_B,downweight,0.3499999940395355
7302,0,cluster_A,retain,1.0
7303,1,cluster_B,retain,1.0
7304,1,cluster_B,retain,1.0
7305,1,cluster_B,downweight,0.3499999940395355
7306,1,cluster_B,downweight,0.3499999940395355
7307,0,cluster_A,retain,1.0
7308,1,cluster_B,downweight,0.3499999940395355
7309,0,cluster_A,retain,1.0
7310,0,cluster_A,downweight,0.3499999940395355
7311,0,cluster_A,retain,1.0
7312,0,cluster_A,retain,1.0
7313,1,cluster_B,downweight,0.3499999940395355
7314,0,cluster_A,retain,1.0
7315,0,cluster_A,downweight,0.3499999940395355
7316,0,cluster_A,downweight,0.3499999940395355
7317,0,cluster_A,downweight,0.3499999940395355
7318,0,cluster_A,retain,1.0
7319,1,cluster_B,downweight,0.3499999940395355
7320,0,cluster_A,downweight,0.3499999940395355
7321,1,cluster_B,downweight,0.3499999940395355
7322,1,cluster_B,downweight,0.3499999940395355
7323,0,cluster_A,retain,1.0
7324,1,cluster_B,downweight,0.3499999940395355
7325,1,cluster_B,retain,1.0
7326,0,cluster_A,retain,1.0
7327,1,cluster_B,downweight,0.3499999940395355
7328,0,cluster_A,retain,1.0
7329,1,cluster_B,retain,1.0
7330,0,cluster_A,retain,1.0
7331,1,cluster_B,downweight,0.3499999940395355
7332,0,cluster_A,retain,1.0
7333,1,cluster_B,retain,1.0
7334,1,cluster_B,retain,1.0
7335,1,cluster_B,downweight,0.3499999940395355
7336,1,cluster_B,downweight,0.3499999940395355
7337,0,cluster_A,downweight,0.3499999940395355
7338,1,cluster_B,downweight,0.3499999940395355
7339,1,cluster_B,retain,1.0
7340,0,cluster_A,retain,1.0
7341,0,cluster_A,retain,1.0
7342,0,cluster_A,retain,1.0
7343,0,cluster_A,downweight,0.3499999940395355
7344,0,cluster_A,retain,1.0
7345,0,cluster_A,downweight,0.3499999940395355
7346,1,cluster_B,downweight,0.3499999940395355
7347,1,cluster_B,downweight,0.3499999940395355
7348,1,cluster_B,downweight,0.3499999940395355
7349,0,cluster_A,retain,1.0
7350,1,cluster_B,retain,1.0
7351,0,cluster_A,downweight,0.3499999940395355
7352,1,cluster_B,retain,1.0
7353,0,cluster_A,retain,1.0
7354,0,cluster_A,retain,1.0
7355,1,cluster_B,retain,1.0
7356,1,cluster_B,downweight,0.3499999940395355
7357,1,cluster_B,retain,1.0
7358,1,cluster_B,retain,1.0
7359,1,cluster_B,downweight,0.3499999940395355
7360,1,cluster_B,downweight,0.3499999940395355
7361,1,cluster_B,downweight,0.3499999940395355
7362,0,cluster_A,downweight,0.3499999940395355
7363,0,cluster_A,retain,1.0
7364,1,cluster_B,retain,1.0
7365,0,cluster_A,downweight,0.3499999940395355
7366,0,cluster_A,retain,1.0
7367,1,cluster_B,downweight,0.3499999940395355
7368,0,cluster_A,retain,1.0
7369,0,cluster_A,retain,1.0
7370,1,cluster_B,downweight,0.3499999940395355
7371,1,cluster_B,downweight,0.3499999940395355
7372,1,cluster_B,downweight,0.3499999940395355
7373,0,cluster_A,retain,1.0
7374,1,cluster_B,downweight,0.3499999940395355
7375,1,cluster_B,downweight,0.3499999940395355
7376,0,cluster_A,retain,1.0
7377,1,cluster_B,downweight,0.3499999940395355
7378,1,cluster_B,downweight,0.3499999940395355
7379,0,cluster_A,retain,1.0
7380,1,cluster_B,downweight,0.3499999940395355
7381,0,cluster_A,retain,1.0
7382,1,cluster_B,downweight,0.3499999940395355
7383,0,cluster_A,retain,1.0
7384,1,cluster_B,retain,1.0
7385,1,cluster_B,downweight,0.3499999940395355
7386,1,cluster_B,retain,1.0
7387,0,cluster_A,downweight,0.3499999940395355
7388,1,cluster_B,downweight,0.3499999940395355
7389,0,cluster_A,downweight,0.3499999940395355
7390,0,cluster_A,downweight,0.3499999940395355
7391,1,cluster_B,downweight,0.3499999940395355
7392,0,cluster_A,downweight,0.3499999940395355
7393,0,cluster_A,retain,1.0
7394,1,cluster_B,downweight,0.3499999940395355
7395,0,cluster_A,downweight,0.3499999940395355
7396,0,cluster_A,downweight,0.3499999940395355
7397,0,cluster_A,downweight,0.3499999940395355
7398,0,cluster_A,retain,1.0
7399,1,cluster_B,retain,1.0
7400,0,cluster_A,downweight,0.3499999940395355
7401,1,cluster_B,retain,1.0
7402,0,cluster_A,downweight,0.3499999940395355
7403,1,cluster_B,retain,1.0
7404,0,cluster_A,retain,1.0
7406,0,cluster_A,downweight,0.3499999940395355
7407,1,cluster_B,downweight,0.3499999940395355
7408,1,cluster_B,retain,1.0
7409,1,cluster_B,downweight,0.3499999940395355
7410,0,cluster_A,retain,1.0
7411,1,cluster_B,downweight,0.3499999940395355
7412,0,cluster_A,downweight,0.3499999940395355
7413,1,cluster_B,retain,1.0
7414,1,cluster_B,downweight,0.3499999940395355
7415,1,cluster_B,downweight,0.3499999940395355
7416,0,cluster_A,downweight,0.3499999940395355
7417,0,cluster_A,retain,1.0
7418,0,cluster_A,retain,1.0
7419,1,cluster_B,retain,1.0
7420,0,cluster_A,retain,1.0
7421,1,cluster_B,retain,1.0
7422,0,cluster_A,downweight,0.3499999940395355
7423,0,cluster_A,downweight,0.3499999940395355
7424,1,cluster_B,retain,1.0
7425,1,cluster_B,downweight,0.3499999940395355
7426,1,cluster_B,downweight,0.3499999940395355
7427,1,cluster_B,retain,1.0
7428,1,cluster_B,retain,1.0
7429,0,cluster_A,retain,1.0
7430,1,cluster_B,downweight,0.3499999940395355
7431,0,cluster_A,retain,1.0
7432,1,cluster_B,downweight,0.3499999940395355
7433,0,cluster_A,downweight,0.3499999940395355
7434,1,cluster_B,downweight,0.3499999940395355
7435,0,cluster_A,downweight,0.3499999940395355
7436,1,cluster_B,retain,1.0
7437,0,cluster_A,retain,1.0
7438,1,cluster_B,retain,1.0
7439,1,cluster_B,retain,1.0
7440,1,cluster_B,downweight,0.3499999940395355
7441,0,cluster_A,downweight,0.3499999940395355
7442,0,cluster_A,downweight,0.3499999940395355
7443,0,cluster_A,retain,1.0
7444,0,cluster_A,retain,1.0
7445,1,cluster_B,retain,1.0
7446,0,cluster_A,downweight,0.3499999940395355
7447,1,cluster_B,downweight,0.3499999940395355
7448,0,cluster_A,retain,1.0
7449,1,cluster_B,retain,1.0
7450,0,cluster_A,downweight,0.3499999940395355
7451,1,cluster_B,downweight,0.3499999940395355
7452,0,cluster_A,retain,1.0
7453,0,cluster_A,retain,1.0
7454,1,cluster_B,retain,1.0
7455,1,cluster_B,downweight,0.3499999940395355
7456,0,cluster_A,retain,1.0
7457,1,cluster_B,retain,1.0
7458,0,cluster_A,retain,1.0
7459,1,cluster_B,retain,1.0
7460,0,cluster_A,retain,1.0
7461,1,cluster_B,retain,1.0
7462,0,cluster_A,downweight,0.3499999940395355
7463,1,cluster_B,downweight,0.3499999940395355
7464,1,cluster_B,retain,1.0
7465,0,cluster_A,retain,1.0
7466,0,cluster_A,retain,1.0
7467,0,cluster_A,retain,1.0
7468,1,cluster_B,retain,1.0
7469,1,cluster_B,downweight,0.3499999940395355
7470,1,cluster_B,retain,1.0
7471,1,cluster_B,downweight,0.3499999940395355
7472,1,cluster_B,retain,1.0
7473,1,cluster_B,retain,1.0
7474,0,cluster_A,retain,1.0
7475,0,cluster_A,downweight,0.3499999940395355
7476,0,cluster_A,downweight,0.3499999940395355
7477,1,cluster_B,retain,1.0
7478,1,cluster_B,downweight,0.3499999940395355
7479,0,cluster_A,retain,1.0
7480,0,cluster_A,downweight,0.3499999940395355
7481,0,cluster_A,downweight,0.3499999940395355
7482,0,cluster_A,downweight,0.3499999940395355
7483,0,cluster_A,retain,1.0
7484,0,cluster_A,downweight,0.3499999940395355
7485,0,cluster_A,downweight,0.3499999940395355
7486,1,cluster_B,downweight,0.3499999940395355
7487,0,cluster_A,downweight,0.3499999940395355
7488,1,cluster_B,downweight,0.3499999940395355
7489,1,cluster_B,retain,1.0
7490,0,cluster_A,downweight,0.3499999940395355
7491,1,cluster_B,retain,1.0
7492,0,cluster_A,retain,1.0
7493,0,cluster_A,downweight,0.3499999940395355
7494,1,cluster_B,retain,1.0
7495,0,cluster_A,retain,1.0
7496,0,cluster_A,retain,1.0
7497,1,cluster_B,retain,1.0
7498,1,cluster_B,retain,1.0
7499,0,cluster_A,downweight,0.3499999940395355
7500,0,cluster_A,downweight,0.3499999940395355
7501,0,cluster_A,retain,1.0
7502,1,cluster_B,retain,1.0
7503,1,cluster_B,retain,1.0
7504,1,cluster_B,downweight,0.3499999940395355
7505,0,cluster_A,downweight,0.3499999940395355
7506,0,cluster_A,retain,1.0
7507,1,cluster_B,downweight,0.3499999940395355
7508,0,cluster_A,downweight,0.3499999940395355
7509,0,cluster_A,downweight,0.3499999940395355
7510,0,cluster_A,retain,1.0
7511,0,cluster_A,downweight,0.3499999940395355
7512,0,cluster_A,downweight,0.3499999940395355
7513,0,cluster_A,downweight,0.3499999940395355
7514,0,cluster_A,downweight,0.3499999940395355
7515,0,cluster_A,retain,1.0
7516,0,cluster_A,downweight,0.3499999940395355
7517,0,cluster_A,downweight,0.3499999940395355
7518,0,cluster_A,retain,1.0
7519,1,cluster_B,downweight,0.3499999940395355
7520,1,cluster_B,retain,1.0
7521,1,cluster_B,downweight,0.3499999940395355
7522,1,cluster_B,downweight,0.3499999940395355
7523,0,cluster_A,downweight,0.3499999940395355
7524,1,cluster_B,retain,1.0
7525,0,cluster_A,downweight,0.3499999940395355
7526,0,cluster_A,downweight,0.3499999940395355
7527,1,cluster_B,downweight,0.3499999940395355
7528,1,cluster_B,retain,1.0
7529,0,cluster_A,retain,1.0
7530,0,cluster_A,retain,1.0
7531,0,cluster_A,downweight,0.3499999940395355
7532,1,cluster_B,retain,1.0
7533,0,cluster_A,downweight,0.3499999940395355
7534,0,cluster_A,retain,1.0
7535,0,cluster_A,downweight,0.3499999940395355
7536,0,cluster_A,downweight,0.3499999940395355
7537,1,cluster_B,downweight,0.3499999940395355
7538,1,cluster_B,downweight,0.3499999940395355
7539,0,cluster_A,downweight,0.3499999940395355
7540,0,cluster_A,downweight,0.3499999940395355
7541,0,cluster_A,retain,1.0
7542,1,cluster_B,retain,1.0
7543,1,cluster_B,downweight,0.3499999940395355
7544,0,cluster_A,retain,1.0
7545,0,cluster_A,retain,1.0
7546,1,cluster_B,downweight,0.3499999940395355
7547,1,cluster_B,retain,1.0
7548,1,cluster_B,downweight,0.3499999940395355
7549,0,cluster_A,retain,1.0
7550,1,cluster_B,downweight,0.3499999940395355
7551,0,cluster_A,retain,1.0
7552,0,cluster_A,downweight,0.3499999940395355
7553,1,cluster_B,downweight,0.3499999940395355
7554,0,cluster_A,downweight,0.3499999940395355
7555,1,cluster_B,downweight,0.3499999940395355
7556,0,cluster_A,retain,1.0
7557,0,cluster_A,downweight,0.3499999940395355
7558,0,cluster_A,downweight,0.3499999940395355
7559,0,cluster_A,downweight,0.3499999940395355
7560,1,cluster_B,downweight,0.3499999940395355
7561,1,cluster_B,downweight,0.3499999940395355
7562,0,cluster_A,downweight,0.3499999940395355
7563,0,cluster_A,retain,1.0
7564,1,cluster_B,downweight,0.3499999940395355
7565,1,cluster_B,retain,1.0
7566,1,cluster_B,retain,1.0
7567,0,cluster_A,downweight,0.3499999940395355
7568,1,cluster_B,retain,1.0
7569,0,cluster_A,downweight,0.3499999940395355
7570,0,cluster_A,downweight,0.3499999940395355
7571,1,cluster_B,retain,1.0
7572,0,cluster_A,retain,1.0
7573,0,cluster_A,downweight,0.3499999940395355
7574,1,cluster_B,retain,1.0
7575,1,cluster_B,retain,1.0
7576,1,cluster_B,retain,1.0
7577,0,cluster_A,downweight,0.3499999940395355
7578,0,cluster_A,retain,1.0
7579,0,cluster_A,downweight,0.3499999940395355
7580,1,cluster_B,retain,1.0
7581,1,cluster_B,downweight,0.3499999940395355
7582,1,cluster_B,retain,1.0
7583,1,cluster_B,retain,1.0
7584,0,cluster_A,downweight,0.3499999940395355
7585,1,cluster_B,retain,1.0
7586,1,cluster_B,downweight,0.3499999940395355
7587,1,cluster_B,downweight,0.3499999940395355
7588,1,cluster_B,downweight,0.3499999940395355
7589,1,cluster_B,retain,1.0
7590,1,cluster_B,retain,1.0
7591,0,cluster_A,downweight,0.3499999940395355
7592,1,cluster_B,retain,1.0
7593,1,cluster_B,retain,1.0
7594,1,cluster_B,retain,1.0
7595,0,cluster_A,retain,1.0
7596,0,cluster_A,downweight,0.3499999940395355
7597,0,cluster_A,downweight,0.3499999940395355
7598,0,cluster_A,downweight,0.3499999940395355
7599,1,cluster_B,downweight,0.3499999940395355
7600,0,cluster_A,downweight,0.3499999940395355
7601,1,cluster_B,downweight,0.3499999940395355
7602,0,cluster_A,downweight,0.3499999940395355
7603,1,cluster_B,downweight,0.3499999940395355
7604,0,cluster_A,downweight,0.3499999940395355
7605,0,cluster_A,retain,1.0
7606,1,cluster_B,retain,1.0
7607,1,cluster_B,retain,1.0
7608,1,cluster_B,retain,1.0
7609,1,cluster_B,downweight,0.3499999940395355
7610,0,cluster_A,downweight,0.3499999940395355
7611,0,cluster_A,downweight,0.3499999940395355
7612,0,cluster_A,downweight,0.3499999940395355
7613,1,cluster_B,retain,1.0
7614,1,cluster_B,retain,1.0
7615,1,cluster_B,downweight,0.3499999940395355
7616,0,cluster_A,downweight,0.3499999940395355
7617,0,cluster_A,downweight,0.3499999940395355
7618,0,cluster_A,retain,1.0
7619,0,cluster_A,retain,1.0
7620,0,cluster_A,downweight,0.3499999940395355
7621,1,cluster_B,downweight,0.3499999940395355
7622,0,cluster_A,downweight,0.3499999940395355
7623,0,cluster_A,retain,1.0
7624,0,cluster_A,downweight,0.3499999940395355
7625,1,cluster_B,downweight,0.3499999940395355
7626,0,cluster_A,downweight,0.3499999940395355
7627,1,cluster_B,downweight,0.3499999940395355
7628,0,cluster_A,retain,1.0
7629,1,cluster_B,retain,1.0
7630,0,cluster_A,retain,1.0
7631,0,cluster_A,downweight,0.3499999940395355
7632,1,cluster_B,downweight,0.3499999940395355
7633,1,cluster_B,downweight,0.3499999940395355
7634,0,cluster_A,downweight,0.3499999940395355
7635,1,cluster_B,downweight,0.3499999940395355
7636,0,cluster_A,retain,1.0
7637,1,cluster_B,downweight,0.3499999940395355
7638,1,cluster_B,downweight,0.3499999940395355
7639,1,cluster_B,retain,1.0
7640,1,cluster_B,retain,1.0
7641,0,cluster_A,downweight,0.3499999940395355
7642,1,cluster_B,retain,1.0
7643,1,cluster_B,downweight,0.3499999940395355
7644,1,cluster_B,downweight,0.3499999940395355
7645,1,cluster_B,retain,1.0
7646,0,cluster_A,downweight,0.3499999940395355
7647,1,cluster_B,retain,1.0
7648,0,cluster_A,retain,1.0
7649,0,cluster_A,retain,1.0
7650,0,cluster_A,retain,1.0
7651,0,cluster_A,downweight,0.3499999940395355
7652,0,cluster_A,retain,1.0
7653,1,cluster_B,retain,1.0
7654,1,cluster_B,retain,1.0
7655,0,cluster_A,downweight,0.3499999940395355
7656,0,cluster_A,downweight,0.3499999940395355
7657,1,cluster_B,retain,1.0
7658,0,cluster_A,downweight,0.3499999940395355
7659,0,cluster_A,downweight,0.3499999940395355
7660,1,cluster_B,retain,1.0
7661,1,cluster_B,retain,1.0
7662,0,cluster_A,downweight,0.3499999940395355
7663,0,cluster_A,retain,1.0
7664,0,cluster_A,retain,1.0
7665,0,cluster_A,retain,1.0
7666,0,cluster_A,downweight,0.3499999940395355
7667,1,cluster_B,retain,1.0
7668,0,cluster_A,retain,1.0
7669,1,cluster_B,retain,1.0
7670,0,cluster_A,downweight,0.3499999940395355
7671,1,cluster_B,downweight,0.3499999940395355
7672,0,cluster_A,downweight,0.3499999940395355
7673,1,cluster_B,downweight,0.3499999940395355
7674,0,cluster_A,retain,1.0
7675,0,cluster_A,downweight,0.3499999940395355
7676,0,cluster_A,downweight,0.3499999940395355
7677,0,cluster_A,downweight,0.3499999940395355
7678,0,cluster_A,retain,1.0
7679,0,cluster_A,downweight,0.3499999940395355
7680,1,cluster_B,retain,1.0
7681,1,cluster_B,downweight,0.3499999940395355
7682,1,cluster_B,downweight,0.3499999940395355
7683,0,cluster_A,downweight,0.3499999940395355
7684,0,cluster_A,downweight,0.3499999940395355
7685,1,cluster_B,retain,1.0
7686,1,cluster_B,downweight,0.3499999940395355
7687,1,cluster_B,downweight,0.3499999940395355
7688,1,cluster_B,retain,1.0
7689,1,cluster_B,downweight,0.3499999940395355
7690,0,cluster_A,downweight,0.3499999940395355
7691,0,cluster_A,retain,1.0
7692,1,cluster_B,downweight,0.3499999940395355
7693,0,cluster_A,retain,1.0
7694,0,cluster_A,downweight,0.3499999940395355
7695,0,cluster_A,downweight,0.3499999940395355
7696,0,cluster_A,retain,1.0
7697,1,cluster_B,downweight,0.3499999940395355
7698,1,cluster_B,retain,1.0
7699,1,cluster_B,retain,1.0
7700,1,cluster_B,retain,1.0
7701,0,cluster_A,retain,1.0
7702,1,cluster_B,downweight,0.3499999940395355
7703,1,cluster_B,retain,1.0
7704,0,cluster_A,retain,1.0
7705,0,cluster_A,retain,1.0
7706,1,cluster_B,retain,1.0
7707,1,cluster_B,retain,1.0
7708,0,cluster_A,downweight,0.3499999940395355
7709,1,cluster_B,retain,1.0
7710,0,cluster_A,retain,1.0
7711,0,cluster_A,downweight,0.3499999940395355
7712,1,cluster_B,downweight,0.3499999940395355
7713,0,cluster_A,retain,1.0
7714,0,cluster_A,downweight,0.3499999940395355
7715,1,cluster_B,retain,1.0
7716,1,cluster_B,downweight,0.3499999940395355
7717,1,cluster_B,downweight,0.3499999940395355
7718,1,cluster_B,downweight,0.3499999940395355
7719,1,cluster_B,downweight,0.3499999940395355
7720,0,cluster_A,retain,1.0
7721,1,cluster_B,retain,1.0
7722,1,cluster_B,retain,1.0
7723,0,cluster_A,retain,1.0
7724,1,cluster_B,downweight,0.3499999940395355
7725,1,cluster_B,downweight,0.3499999940395355
7726,1,cluster_B,downweight,0.3499999940395355
7727,1,cluster_B,retain,1.0
7728,1,cluster_B,retain,1.0
7729,0,cluster_A,downweight,0.3499999940395355
7730,0,cluster_A,downweight,0.3499999940395355
7731,0,cluster_A,downweight,0.3499999940395355
7732,1,cluster_B,retain,1.0
7733,0,cluster_A,retain,1.0
7734,1,cluster_B,downweight,0.3499999940395355
7735,0,cluster_A,downweight,0.3499999940395355
7736,1,cluster_B,downweight,0.3499999940395355
7737,0,cluster_A,downweight,0.3499999940395355
7738,0,cluster_A,downweight,0.3499999940395355
7739,0,cluster_A,downweight,0.3499999940395355
7740,1,cluster_B,downweight,0.3499999940395355
7741,1,cluster_B,downweight,0.3499999940395355
7742,0,cluster_A,downweight,0.3499999940395355
7743,0,cluster_A,downweight,0.3499999940395355
7744,0,cluster_A,retain,1.0
7745,0,cluster_A,downweight,0.3499999940395355
7746,0,cluster_A,downweight,0.3499999940395355
7748,1,cluster_B,downweight,0.3499999940395355
7749,1,cluster_B,downweight,0.3499999940395355
7750,1,cluster_B,downweight,0.3499999940395355
7752,0,cluster_A,downweight,0.3499999940395355
7753,0,cluster_A,retain,1.0
7754,0,cluster_A,retain,1.0
7755,0,cluster_A,retain,1.0
7756,1,cluster_B,downweight,0.3499999940395355
7757,1,cluster_B,retain,1.0
7758,1,cluster_B,downweight,0.3499999940395355
7759,0,cluster_A,downweight,0.3499999940395355
7760,1,cluster_B,downweight,0.3499999940395355
7761,0,cluster_A,retain,1.0
7762,1,cluster_B,downweight,0.3499999940395355
7763,1,cluster_B,downweight,0.3499999940395355
7764,0,cluster_A,retain,1.0
7765,0,cluster_A,retain,1.0
7766,1,cluster_B,downweight,0.3499999940395355
7767,1,cluster_B,retain,1.0
7768,0,cluster_A,downweight,0.3499999940395355
7769,0,cluster_A,downweight,0.3499999940395355
7770,1,cluster_B,downweight,0.3499999940395355
7771,1,cluster_B,downweight,0.3499999940395355
7772,0,cluster_A,downweight,0.3499999940395355
7773,0,cluster_A,downweight,0.3499999940395355
7774,0,cluster_A,retain,1.0
7775,0,cluster_A,retain,1.0
7776,1,cluster_B,downweight,0.3499999940395355
7777,1,cluster_B,downweight,0.3499999940395355
7778,0,cluster_A,retain,1.0
7779,1,cluster_B,retain,1.0
7780,0,cluster_A,retain,1.0
7781,0,cluster_A,retain,1.0
7782,1,cluster_B,retain,1.0
7783,0,cluster_A,downweight,0.3499999940395355
7784,0,cluster_A,retain,1.0
7785,1,cluster_B,retain,1.0
7787,0,cluster_A,downweight,0.3499999940395355
7788,0,cluster_A,downweight,0.3499999940395355
7789,1,cluster_B,downweight,0.3499999940395355
7790,1,cluster_B,downweight,0.3499999940395355
7791,1,cluster_B,downweight,0.3499999940395355
7792,1,cluster_B,retain,1.0
7793,0,cluster_A,retain,1.0
7794,0,cluster_A,downweight,0.3499999940395355
7795,1,cluster_B,downweight,0.3499999940395355
7796,1,cluster_B,downweight,0.3499999940395355
7797,1,cluster_B,retain,1.0
7798,1,cluster_B,retain,1.0
7799,1,cluster_B,downweight,0.3499999940395355
7800,0,cluster_A,retain,1.0
7801,1,cluster_B,downweight,0.3499999940395355
7802,1,cluster_B,retain,1.0
7803,1,cluster_B,retain,1.0
7804,1,cluster_B,retain,1.0
7805,1,cluster_B,retain,1.0
7806,1,cluster_B,retain,1.0
7807,0,cluster_A,downweight,0.3499999940395355
7808,0,cluster_A,retain,1.0
7809,0,cluster_A,downweight,0.3499999940395355
7810,0,cluster_A,downweight,0.3499999940395355
7811,1,cluster_B,downweight,0.3499999940395355
7812,0,cluster_A,downweight,0.3499999940395355
7813,1,cluster_B,downweight,0.3499999940395355
7814,0,cluster_A,retain,1.0
7815,1,cluster_B,downweight,0.3499999940395355
7816,0,cluster_A,downweight,0.3499999940395355
7817,1,cluster_B,retain,1.0
7818,1,cluster_B,retain,1.0
7819,1,cluster_B,downweight,0.3499999940395355
7820,1,cluster_B,downweight,0.3499999940395355
7821,1,cluster_B,downweight,0.3499999940395355
7822,0,cluster_A,downweight,0.3499999940395355
7823,1,cluster_B,downweight,0.3499999940395355
7824,0,cluster_A,retain,1.0
7825,1,cluster_B,downweight,0.3499999940395355
7826,1,cluster_B,downweight,0.3499999940395355
7827,0,cluster_A,downweight,0.3499999940395355
7828,0,cluster_A,retain,1.0
7829,0,cluster_A,retain,1.0
7830,0,cluster_A,retain,1.0
7831,1,cluster_B,retain,1.0
7832,1,cluster_B,retain,1.0
7833,1,cluster_B,downweight,0.3499999940395355
7834,0,cluster_A,retain,1.0
7835,1,cluster_B,downweight,0.3499999940395355
7836,0,cluster_A,retain,1.0
7837,1,cluster_B,retain,1.0
7838,0,cluster_A,retain,1.0
7839,1,cluster_B,retain,1.0
7840,1,cluster_B,downweight,0.3499999940395355
7841,0,cluster_A,retain,1.0
7842,0,cluster_A,retain,1.0
7843,1,cluster_B,downweight,0.3499999940395355
7844,0,cluster_A,retain,1.0
7845,0,cluster_A,downweight,0.3499999940395355
7846,0,cluster_A,downweight,0.3499999940395355
7847,0,cluster_A,retain,1.0
7848,0,cluster_A,retain,1.0
7849,0,cluster_A,retain,1.0
7850,1,cluster_B,downweight,0.3499999940395355
7851,1,cluster_B,downweight,0.3499999940395355
7852,0,cluster_A,retain,1.0
7853,0,cluster_A,downweight,0.3499999940395355
7854,0,cluster_A,downweight,0.3499999940395355
7855,0,cluster_A,retain,1.0
7856,0,cluster_A,downweight,0.3499999940395355
7857,1,cluster_B,retain,1.0
7858,0,cluster_A,retain,1.0
7859,0,cluster_A,downweight,0.3499999940395355
7860,1,cluster_B,retain,1.0
7861,0,cluster_A,downweight,0.3499999940395355
7862,1,cluster_B,retain,1.0
7863,1,cluster_B,downweight,0.3499999940395355
7864,0,cluster_A,retain,1.0
7865,1,cluster_B,downweight,0.3499999940395355
7866,0,cluster_A,downweight,0.3499999940395355
7867,0,cluster_A,downweight,0.3499999940395355
7868,1,cluster_B,downweight,0.3499999940395355
7869,1,cluster_B,downweight,0.3499999940395355
7870,1,cluster_B,downweight,0.3499999940395355
7871,0,cluster_A,downweight,0.3499999940395355
7872,1,cluster_B,downweight,0.3499999940395355
7873,1,cluster_B,downweight,0.3499999940395355
7874,0,cluster_A,downweight,0.3499999940395355
7875,1,cluster_B,retain,1.0
7876,0,cluster_A,retain,1.0
7877,1,cluster_B,downweight,0.3499999940395355
7878,1,cluster_B,downweight,0.3499999940395355
7879,0,cluster_A,downweight,0.3499999940395355
7880,1,cluster_B,retain,1.0
7881,0,cluster_A,downweight,0.3499999940395355
7882,0,cluster_A,retain,1.0
7883,0,cluster_A,retain,1.0
7884,0,cluster_A,retain,1.0
7885,0,cluster_A,retain,1.0
7886,1,cluster_B,retain,1.0
7887,1,cluster_B,retain,1.0
7888,0,cluster_A,retain,1.0
7890,0,cluster_A,retain,1.0
7891,1,cluster_B,retain,1.0
7892,0,cluster_A,downweight,0.3499999940395355
7893,0,cluster_A,downweight,0.3499999940395355
7894,0,cluster_A,retain,1.0
7895,1,cluster_B,downweight,0.3499999940395355
7896,0,cluster_A,downweight,0.3499999940395355
7897,1,cluster_B,retain,1.0
7898,1,cluster_B,downweight,0.3499999940395355
7899,0,cluster_A,downweight,0.3499999940395355
7900,0,cluster_A,retain,1.0
7901,0,cluster_A,downweight,0.3499999940395355
7902,0,cluster_A,retain,1.0
7903,1,cluster_B,downweight,0.3499999940395355
7904,0,cluster_A,downweight,0.3499999940395355
7905,1,cluster_B,retain,1.0
7906,1,cluster_B,retain,1.0
7907,0,cluster_A,downweight,0.3499999940395355
7908,1,cluster_B,retain,1.0
7909,1,cluster_B,retain,1.0
7910,0,cluster_A,downweight,0.3499999940395355
7911,1,cluster_B,downweight,0.3499999940395355
7912,1,cluster_B,retain,1.0
7913,0,cluster_A,downweight,0.3499999940395355
7914,0,cluster_A,downweight,0.3499999940395355
7915,0,cluster_A,retain,1.0
7916,0,cluster_A,downweight,0.3499999940395355
7917,1,cluster_B,downweight,0.3499999940395355
7918,1,cluster_B,retain,1.0
7919,1,cluster_B,downweight,0.3499999940395355
7920,1,cluster_B,downweight,0.3499999940395355
7921,0,cluster_A,downweight,0.3499999940395355
7922,1,cluster_B,downweight,0.3499999940395355
7923,1,cluster_B,retain,1.0
7924,1,cluster_B,retain,1.0
7925,0,cluster_A,downweight,0.3499999940395355
7926,0,cluster_A,downweight,0.3499999940395355
7927,1,cluster_B,downweight,0.3499999940395355
7928,1,cluster_B,retain,1.0
7929,0,cluster_A,retain,1.0
7930,1,cluster_B,downweight,0.3499999940395355
7931,1,cluster_B,retain,1.0
7932,1,cluster_B,downweight,0.3499999940395355
7933,0,cluster_A,retain,1.0
7934,1,cluster_B,downweight,0.3499999940395355
7935,1,cluster_B,retain,1.0
7936,1,cluster_B,retain,1.0
7937,1,cluster_B,retain,1.0
7938,0,cluster_A,downweight,0.3499999940395355
7939,1,cluster_B,downweight,0.3499999940395355
7940,1,cluster_B,retain,1.0
7941,1,cluster_B,downweight,0.3499999940395355
7942,1,cluster_B,retain,1.0
7943,0,cluster_A,retain,1.0
7944,0,cluster_A,downweight,0.3499999940395355
7945,1,cluster_B,downweight,0.3499999940395355
7946,0,cluster_A,downweight,0.3499999940395355
7947,0,cluster_A,downweight,0.3499999940395355
7948,1,cluster_B,retain,1.0
7949,0,cluster_A,retain,1.0
7950,0,cluster_A,downweight,0.3499999940395355
7951,0,cluster_A,downweight,0.3499999940395355
7952,0,cluster_A,retain,1.0
7953,0,cluster_A,downweight,0.3499999940395355
7954,0,cluster_A,retain,1.0
7955,1,cluster_B,retain,1.0
7956,1,cluster_B,downweight,0.3499999940395355
7957,0,cluster_A,retain,1.0
7958,1,cluster_B,retain,1.0
7959,1,cluster_B,retain,1.0
7960,0,cluster_A,downweight,0.3499999940395355
7961,0,cluster_A,downweight,0.3499999940395355
7962,1,cluster_B,downweight,0.3499999940395355
7963,1,cluster_B,retain,1.0
7964,1,cluster_B,retain,1.0
7965,1,cluster_B,retain,1.0
7966,1,cluster_B,downweight,0.3499999940395355
7967,1,cluster_B,downweight,0.3499999940395355
7968,0,cluster_A,downweight,0.3499999940395355
7969,1,cluster_B,downweight,0.3499999940395355
7970,1,cluster_B,retain,1.0
7971,1,cluster_B,retain,1.0
7972,1,cluster_B,retain,1.0
7973,1,cluster_B,downweight,0.3499999940395355
7974,1,cluster_B,downweight,0.3499999940395355
7975,1,cluster_B,downweight,0.3499999940395355
7976,0,cluster_A,downweight,0.3499999940395355
7977,0,cluster_A,retain,1.0
7978,0,cluster_A,retain,1.0
7979,0,cluster_A,downweight,0.3499999940395355
7980,1,cluster_B,downweight,0.3499999940395355
7981,1,cluster_B,retain,1.0
7982,0,cluster_A,retain,1.0
7983,1,cluster_B,retain,1.0
7984,0,cluster_A,downweight,0.3499999940395355
7985,1,cluster_B,downweight,0.3499999940395355
7986,1,cluster_B,downweight,0.3499999940395355
7987,0,cluster_A,retain,1.0
7988,0,cluster_A,downweight,0.3499999940395355
7989,1,cluster_B,downweight,0.3499999940395355
7990,0,cluster_A,retain,1.0
7991,0,cluster_A,downweight,0.3499999940395355
7992,0,cluster_A,retain,1.0
7993,1,cluster_B,retain,1.0
7994,0,cluster_A,retain,1.0
7995,0,cluster_A,retain,1.0
7996,0,cluster_A,downweight,0.3499999940395355
7997,0,cluster_A,retain,1.0
7998,1,cluster_B,downweight,0.3499999940395355
7999,1,cluster_B,downweight,0.3499999940395355
8000,0,cluster_A,downweight,0.3499999940395355
8001,1,cluster_B,downweight,0.3499999940395355
8002,1,cluster_B,retain,1.0
8003,0,cluster_A,retain,1.0
8004,0,cluster_A,downweight,0.3499999940395355
8005,0,cluster_A,downweight,0.3499999940395355
8006,0,cluster_A,downweight,0.3499999940395355
8007,1,cluster_B,downweight,0.3499999940395355
8008,1,cluster_B,downweight,0.3499999940395355
8009,0,cluster_A,downweight,0.3499999940395355
8010,0,cluster_A,downweight,0.3499999940395355
8011,1,cluster_B,retain,1.0
8012,1,cluster_B,downweight,0.3499999940395355
8013,0,cluster_A,retain,1.0
8014,0,cluster_A,retain,1.0
8015,1,cluster_B,retain,1.0
8016,1,cluster_B,retain,1.0
8017,0,cluster_A,downweight,0.3499999940395355
8018,0,cluster_A,retain,1.0
8019,1,cluster_B,downweight,0.3499999940395355
8020,1,cluster_B,downweight,0.3499999940395355
8021,0,cluster_A,downweight,0.3499999940395355
8022,1,cluster_B,retain,1.0
8023,0,cluster_A,retain,1.0
8024,0,cluster_A,downweight,0.3499999940395355
8025,0,cluster_A,retain,1.0
8026,1,cluster_B,retain,1.0
8027,0,cluster_A,retain,1.0
8028,1,cluster_B,retain,1.0
8029,1,cluster_B,downweight,0.3499999940395355
8030,1,cluster_B,downweight,0.3499999940395355
8031,0,cluster_A,downweight,0.3499999940395355
8032,1,cluster_B,retain,1.0
8033,0,cluster_A,downweight,0.3499999940395355
8034,0,cluster_A,downweight,0.3499999940395355
8035,0,cluster_A,retain,1.0
8036,1,cluster_B,downweight,0.3499999940395355
8037,0,cluster_A,downweight,0.3499999940395355
8038,1,cluster_B,downweight,0.3499999940395355
8039,1,cluster_B,retain,1.0
8040,1,cluster_B,downweight,0.3499999940395355
8041,0,cluster_A,downweight,0.3499999940395355
8042,0,cluster_A,retain,1.0
8043,0,cluster_A,retain,1.0
8044,1,cluster_B,retain,1.0
8045,0,cluster_A,downweight,0.3499999940395355
8046,1,cluster_B,downweight,0.3499999940395355
8047,1,cluster_B,retain,1.0
8048,0,cluster_A,retain,1.0
8049,0,cluster_A,downweight,0.3499999940395355
8050,1,cluster_B,downweight,0.3499999940395355
8051,1,cluster_B,retain,1.0
8052,1,cluster_B,retain,1.0
8053,0,cluster_A,retain,1.0
8054,1,cluster_B,retain,1.0
8055,0,cluster_A,downweight,0.3499999940395355
8056,0,cluster_A,downweight,0.3499999940395355
8057,1,cluster_B,retain,1.0
8058,0,cluster_A,retain,1.0
8059,0,cluster_A,retain,1.0
8060,0,cluster_A,downweight,0.3499999940395355
8061,0,cluster_A,downweight,0.3499999940395355
8062,0,cluster_A,downweight,0.3499999940395355
8063,1,cluster_B,retain,1.0
8064,1,cluster_B,downweight,0.3499999940395355
8065,0,cluster_A,retain,1.0
8066,0,cluster_A,retain,1.0
8067,0,cluster_A,downweight,0.3499999940395355
8068,1,cluster_B,retain,1.0
8069,0,cluster_A,downweight,0.3499999940395355
8070,1,cluster_B,downweight,0.3499999940395355
8071,0,cluster_A,downweight,0.3499999940395355
8072,1,cluster_B,downweight,0.3499999940395355
8073,1,cluster_B,downweight,0.3499999940395355
8074,0,cluster_A,downweight,0.3499999940395355
8075,0,cluster_A,downweight,0.3499999940395355
8076,0,cluster_A,downweight,0.3499999940395355
8077,0,cluster_A,retain,1.0
8078,0,cluster_A,retain,1.0
8079,1,cluster_B,downweight,0.3499999940395355
8080,1,cluster_B,retain,1.0
8081,0,cluster_A,downweight,0.3499999940395355
8082,0,cluster_A,retain,1.0
8083,0,cluster_A,retain,1.0
8084,1,cluster_B,downweight,0.3499999940395355
8085,0,cluster_A,retain,1.0
8086,1,cluster_B,retain,1.0
8087,1,cluster_B,retain,1.0
8088,1,cluster_B,retain,1.0
8089,1,cluster_B,retain,1.0
8090,0,cluster_A,downweight,0.3499999940395355
8091,0,cluster_A,downweight,0.3499999940395355
8092,1,cluster_B,retain,1.0
8093,1,cluster_B,retain,1.0
8094,0,cluster_A,downweight,0.3499999940395355
8095,1,cluster_B,downweight,0.3499999940395355
8096,0,cluster_A,retain,1.0
8097,0,cluster_A,downweight,0.3499999940395355
8098,0,cluster_A,downweight,0.3499999940395355
8099,1,cluster_B,retain,1.0
8100,1,cluster_B,downweight,0.3499999940395355
8101,1,cluster_B,downweight,0.3499999940395355
8102,1,cluster_B,downweight,0.3499999940395355
8103,0,cluster_A,retain,1.0
8104,0,cluster_A,downweight,0.3499999940395355
8105,0,cluster_A,downweight,0.3499999940395355
8106,0,cluster_A,retain,1.0
8107,0,cluster_A,retain,1.0
8108,0,cluster_A,downweight,0.3499999940395355
8109,1,cluster_B,retain,1.0
8110,0,cluster_A,downweight,0.3499999940395355
8111,0,cluster_A,retain,1.0
8112,1,cluster_B,downweight,0.3499999940395355
8113,0,cluster_A,downweight,0.3499999940395355
8114,0,cluster_A,downweight,0.3499999940395355
8115,0,cluster_A,downweight,0.3499999940395355
8116,1,cluster_B,downweight,0.3499999940395355
8117,1,cluster_B,downweight,0.3499999940395355
8118,0,cluster_A,retain,1.0
8119,1,cluster_B,downweight,0.3499999940395355
8120,0,cluster_A,downweight,0.3499999940395355
8121,1,cluster_B,retain,1.0
8122,1,cluster_B,retain,1.0
8123,0,cluster_A,retain,1.0
8124,0,cluster_A,downweight,0.3499999940395355
8125,0,cluster_A,downweight,0.3499999940395355
8126,1,cluster_B,retain,1.0
8127,1,cluster_B,retain,1.0
8128,1,cluster_B,downweight,0.3499999940395355
8129,1,cluster_B,downweight,0.3499999940395355
8130,0,cluster_A,downweight,0.3499999940395355
8131,1,cluster_B,downweight,0.3499999940395355
8132,1,cluster_B,retain,1.0
8133,0,cluster_A,retain,1.0
8134,0,cluster_A,downweight,0.3499999940395355
8135,1,cluster_B,retain,1.0
8136,0,cluster_A,retain,1.0
8137,1,cluster_B,retain,1.0
8138,1,cluster_B,retain,1.0
8139,1,cluster_B,retain,1.0
8140,0,cluster_A,retain,1.0
8141,0,cluster_A,downweight,0.3499999940395355
8142,0,cluster_A,downweight,0.3499999940395355
8143,1,cluster_B,downweight,0.3499999940395355
8144,0,cluster_A,downweight,0.3499999940395355
8145,1,cluster_B,downweight,0.3499999940395355
8146,0,cluster_A,downweight,0.3499999940395355
8148,0,cluster_A,downweight,0.3499999940395355
8149,1,cluster_B,retain,1.0
8150,1,cluster_B,downweight,0.3499999940395355
8151,0,cluster_A,retain,1.0
8152,1,cluster_B,retain,1.0
8153,0,cluster_A,downweight,0.3499999940395355
8154,1,cluster_B,downweight,0.3499999940395355
8155,1,cluster_B,downweight,0.3499999940395355
8156,1,cluster_B,downweight,0.3499999940395355
8157,1,cluster_B,downweight,0.3499999940395355
8158,0,cluster_A,retain,1.0
8159,0,cluster_A,downweight,0.3499999940395355
8160,1,cluster_B,retain,1.0
8161,1,cluster_B,downweight,0.3499999940395355
8162,1,cluster_B,downweight,0.3499999940395355
8163,1,cluster_B,retain,1.0
8164,0,cluster_A,downweight,0.3499999940395355
8165,1,cluster_B,downweight,0.3499999940395355
8166,1,cluster_B,downweight,0.3499999940395355
8167,0,cluster_A,downweight,0.3499999940395355
8168,1,cluster_B,retain,1.0
8169,0,cluster_A,downweight,0.3499999940395355
8170,0,cluster_A,downweight,0.3499999940395355
8171,0,cluster_A,downweight,0.3499999940395355
8172,0,cluster_A,retain,1.0
8173,1,cluster_B,downweight,0.3499999940395355
8174,0,cluster_A,downweight,0.3499999940395355
8175,0,cluster_A,retain,1.0
8176,1,cluster_B,retain,1.0
8177,1,cluster_B,retain,1.0
8178,0,cluster_A,downweight,0.3499999940395355
8179,0,cluster_A,downweight,0.3499999940395355
8180,1,cluster_B,downweight,0.3499999940395355
8181,0,cluster_A,retain,1.0
8182,1,cluster_B,downweight,0.3499999940395355
8183,1,cluster_B,downweight,0.3499999940395355
8184,1,cluster_B,downweight,0.3499999940395355
8185,0,cluster_A,downweight,0.3499999940395355
8186,0,cluster_A,retain,1.0
8187,1,cluster_B,retain,1.0
8188,1,cluster_B,retain,1.0
8189,1,cluster_B,downweight,0.3499999940395355
8190,1,cluster_B,downweight,0.3499999940395355
8191,1,cluster_B,retain,1.0
8192,0,cluster_A,downweight,0.3499999940395355
8193,0,cluster_A,retain,1.0
8195,1,cluster_B,downweight,0.3499999940395355
8196,0,cluster_A,downweight,0.3499999940395355
8197,1,cluster_B,downweight,0.3499999940395355
8198,1,cluster_B,downweight,0.3499999940395355
8199,0,cluster_A,downweight,0.3499999940395355
8200,0,cluster_A,downweight,0.3499999940395355
8201,1,cluster_B,retain,1.0
8202,1,cluster_B,retain,1.0
8203,1,cluster_B,retain,1.0
8204,0,cluster_A,downweight,0.3499999940395355
8205,1,cluster_B,retain,1.0
8206,0,cluster_A,retain,1.0
8207,0,cluster_A,retain,1.0
8208,0,cluster_A,downweight,0.3499999940395355
8209,1,cluster_B,retain,1.0
8210,0,cluster_A,retain,1.0
8211,1,cluster_B,downweight,0.3499999940395355
8212,1,cluster_B,downweight,0.3499999940395355
8213,1,cluster_B,retain,1.0
8214,0,cluster_A,downweight,0.3499999940395355
8215,0,cluster_A,retain,1.0
8216,1,cluster_B,downweight,0.3499999940395355
8217,1,cluster_B,retain,1.0
8218,1,cluster_B,downweight,0.3499999940395355
8219,0,cluster_A,downweight,0.3499999940395355
8220,1,cluster_B,retain,1.0
8221,1,cluster_B,downweight,0.3499999940395355
8222,1,cluster_B,downweight,0.3499999940395355
8223,1,cluster_B,retain,1.0
8224,0,cluster_A,retain,1.0
8225,0,cluster_A,downweight,0.3499999940395355
8226,0,cluster_A,downweight,0.3499999940395355
8227,1,cluster_B,retain,1.0
8228,1,cluster_B,downweight,0.3499999940395355
8229,0,cluster_A,retain,1.0
8230,0,cluster_A,retain,1.0
8231,0,cluster_A,retain,1.0
8232,1,cluster_B,retain,1.0
8233,0,cluster_A,retain,1.0
8234,0,cluster_A,retain,1.0
8235,0,cluster_A,retain,1.0
8236,1,cluster_B,downweight,0.3499999940395355
8237,0,cluster_A,downweight,0.3499999940395355
8238,1,cluster_B,downweight,0.3499999940395355
8239,1,cluster_B,downweight,0.3499999940395355
8240,1,cluster_B,downweight,0.3499999940395355
8241,0,cluster_A,retain,1.0
8242,0,cluster_A,retain,1.0
8243,1,cluster_B,retain,1.0
8244,0,cluster_A,retain,1.0
8245,1,cluster_B,downweight,0.3499999940395355
8246,0,cluster_A,retain,1.0
8247,1,cluster_B,retain,1.0
8248,0,cluster_A,downweight,0.3499999940395355
8249,1,cluster_B,downweight,0.3499999940395355
8250,0,cluster_A,retain,1.0
8251,0,cluster_A,retain,1.0
8252,0,cluster_A,downweight,0.3499999940395355
8253,0,cluster_A,retain,1.0
8254,1,cluster_B,retain,1.0
8255,1,cluster_B,downweight,0.3499999940395355
8256,1,cluster_B,retain,1.0
8257,0,cluster_A,retain,1.0
8258,1,cluster_B,downweight,0.3499999940395355
8259,0,cluster_A,downweight,0.3499999940395355
8260,1,cluster_B,downweight,0.3499999940395355
8261,1,cluster_B,downweight,0.3499999940395355
8262,0,cluster_A,retain,1.0
8263,0,cluster_A,retain,1.0
8264,0,cluster_A,downweight,0.3499999940395355
8265,0,cluster_A,retain,1.0
8266,0,cluster_A,downweight,0.3499999940395355
8267,1,cluster_B,retain,1.0
8268,1,cluster_B,downweight,0.3499999940395355
8269,0,cluster_A,downweight,0.3499999940395355
8270,0,cluster_A,downweight,0.3499999940395355
8271,0,cluster_A,downweight,0.3499999940395355
8272,1,cluster_B,retain,1.0
8273,1,cluster_B,retain,1.0
8274,1,cluster_B,retain,1.0
8275,0,cluster_A,downweight,0.3499999940395355
8276,1,cluster_B,retain,1.0
8277,1,cluster_B,retain,1.0
8278,0,cluster_A,downweight,0.3499999940395355
8279,1,cluster_B,retain,1.0
8280,1,cluster_B,retain,1.0
8281,0,cluster_A,downweight,0.3499999940395355
8282,1,cluster_B,downweight,0.3499999940395355
8283,0,cluster_A,retain,1.0
8284,0,cluster_A,downweight,0.3499999940395355
8285,1,cluster_B,downweight,0.3499999940395355
8286,0,cluster_A,downweight,0.3499999940395355
8287,0,cluster_A,retain,1.0
8288,1,cluster_B,retain,1.0
8289,1,cluster_B,retain,1.0
8290,1,cluster_B,downweight,0.3499999940395355
8291,1,cluster_B,retain,1.0
8292,0,cluster_A,downweight,0.3499999940395355
8293,0,cluster_A,retain,1.0
8294,1,cluster_B,retain,1.0
8295,0,cluster_A,downweight,0.3499999940395355
8296,0,cluster_A,downweight,0.3499999940395355
8297,0,cluster_A,downweight,0.3499999940395355
8298,1,cluster_B,downweight,0.3499999940395355
8299,1,cluster_B,downweight,0.3499999940395355
8300,0,cluster_A,retain,1.0
8301,1,cluster_B,retain,1.0
8302,0,cluster_A,retain,1.0
8303,1,cluster_B,downweight,0.3499999940395355
8304,0,cluster_A,downweight,0.3499999940395355
8305,0,cluster_A,retain,1.0
8306,0,cluster_A,downweight,0.3499999940395355
8307,1,cluster_B,retain,1.0
8308,1,cluster_B,retain,1.0
8309,0,cluster_A,downweight,0.3499999940395355
8310,0,cluster_A,downweight,0.3499999940395355
8311,0,cluster_A,downweight,0.3499999940395355
8312,1,cluster_B,retain,1.0
8313,1,cluster_B,retain,1.0
8314,1,cluster_B,retain,1.0
8315,0,cluster_A,downweight,0.3499999940395355
8316,0,cluster_A,retain,1.0
8317,1,cluster_B,retain,1.0
8318,0,cluster_A,retain,1.0
8319,1,cluster_B,downweight,0.3499999940395355
8320,0,cluster_A,downweight,0.3499999940395355
8321,1,cluster_B,retain,1.0
8322,1,cluster_B,downweight,0.3499999940395355
8323,0,cluster_A,downweight,0.3499999940395355
8324,1,cluster_B,retain,1.0
8325,0,cluster_A,retain,1.0
8326,1,cluster_B,downweight,0.3499999940395355
8327,0,cluster_A,retain,1.0
8328,0,cluster_A,retain,1.0
8329,0,cluster_A,downweight,0.3499999940395355
8330,0,cluster_A,downweight,0.3499999940395355
8331,0,cluster_A,retain,1.0
8332,0,cluster_A,downweight,0.3499999940395355
8333,1,cluster_B,retain,1.0
8334,1,cluster_B,retain,1.0
8335,0,cluster_A,retain,1.0
8336,1,cluster_B,retain,1.0
8337,1,cluster_B,downweight,0.3499999940395355
8338,0,cluster_A,retain,1.0
8339,0,cluster_A,retain,1.0
8340,0,cluster_A,retain,1.0
8341,0,cluster_A,retain,1.0
8342,1,cluster_B,downweight,0.3499999940395355
8343,1,cluster_B,downweight,0.3499999940395355
8344,1,cluster_B,retain,1.0
8345,1,cluster_B,retain,1.0
8346,1,cluster_B,downweight,0.3499999940395355
8347,0,cluster_A,retain,1.0
8348,0,cluster_A,downweight,0.3499999940395355
8349,0,cluster_A,retain,1.0
8350,0,cluster_A,retain,1.0
8351,1,cluster_B,downweight,0.3499999940395355
8352,0,cluster_A,retain,1.0
8353,1,cluster_B,downweight,0.3499999940395355
8354,0,cluster_A,downweight,0.3499999940395355
8355,1,cluster_B,downweight,0.3499999940395355
8356,0,cluster_A,retain,1.0
8357,1,cluster_B,retain,1.0
8358,1,cluster_B,retain,1.0
8359,0,cluster_A,retain,1.0
8361,1,cluster_B,downweight,0.3499999940395355
8362,0,cluster_A,downweight,0.3499999940395355
8363,0,cluster_A,downweight,0.3499999940395355
8364,0,cluster_A,downweight,0.3499999940395355
8365,1,cluster_B,retain,1.0
8366,1,cluster_B,downweight,0.3499999940395355
8367,1,cluster_B,retain,1.0
8368,0,cluster_A,downweight,0.3499999940395355
8369,1,cluster_B,retain,1.0
8370,0,cluster_A,retain,1.0
8371,1,cluster_B,retain,1.0
8372,1,cluster_B,retain,1.0
8373,1,cluster_B,retain,1.0
8374,1,cluster_B,retain,1.0
8375,0,cluster_A,retain,1.0
8376,0,cluster_A,downweight,0.3499999940395355
8377,1,cluster_B,downweight,0.3499999940395355
8378,0,cluster_A,downweight,0.3499999940395355
8379,1,cluster_B,retain,1.0
8380,1,cluster_B,retain,1.0
8381,1,cluster_B,retain,1.0
8382,1,cluster_B,retain,1.0
8383,0,cluster_A,retain,1.0
8384,1,cluster_B,retain,1.0
8385,1,cluster_B,retain,1.0
8386,0,cluster_A,downweight,0.3499999940395355
8387,1,cluster_B,downweight,0.3499999940395355
8388,0,cluster_A,downweight,0.3499999940395355
8389,0,cluster_A,downweight,0.3499999940395355
8390,0,cluster_A,downweight,0.3499999940395355
8391,0,cluster_A,retain,1.0
8392,0,cluster_A,retain,1.0
8393,1,cluster_B,retain,1.0
8394,1,cluster_B,retain,1.0
8395,1,cluster_B,downweight,0.3499999940395355
8396,0,cluster_A,downweight,0.3499999940395355
8397,0,cluster_A,retain,1.0
8398,0,cluster_A,retain,1.0
8399,1,cluster_B,downweight,0.3499999940395355
8400,0,cluster_A,retain,1.0
8401,1,cluster_B,retain,1.0
8402,1,cluster_B,downweight,0.3499999940395355
8403,1,cluster_B,downweight,0.3499999940395355
8404,0,cluster_A,downweight,0.3499999940395355
8405,1,cluster_B,downweight,0.3499999940395355
8406,0,cluster_A,retain,1.0
8407,1,cluster_B,downweight,0.3499999940395355
8408,0,cluster_A,downweight,0.3499999940395355
8409,1,cluster_B,retain,1.0
8410,1,cluster_B,downweight,0.3499999940395355
8411,1,cluster_B,downweight,0.3499999940395355
8412,0,cluster_A,downweight,0.3499999940395355
8413,0,cluster_A,downweight,0.3499999940395355
8414,1,cluster_B,downweight,0.3499999940395355
8415,0,cluster_A,downweight,0.3499999940395355
8416,0,cluster_A,downweight,0.3499999940395355
8417,1,cluster_B,retain,1.0
8418,0,cluster_A,downweight,0.3499999940395355
8419,1,cluster_B,downweight,0.3499999940395355
8420,0,cluster_A,retain,1.0
8421,1,cluster_B,downweight,0.3499999940395355
8422,1,cluster_B,retain,1.0
8423,1,cluster_B,downweight,0.3499999940395355
8424,0,cluster_A,retain,1.0
8425,0,cluster_A,downweight,0.3499999940395355
8426,0,cluster_A,retain,1.0
8427,0,cluster_A,downweight,0.3499999940395355
8428,0,cluster_A,retain,1.0
8429,0,cluster_A,downweight,0.3499999940395355
8430,1,cluster_B,downweight,0.3499999940395355
8431,0,cluster_A,downweight,0.3499999940395355
8432,0,cluster_A,retain,1.0
8433,0,cluster_A,retain,1.0
8434,0,cluster_A,downweight,0.3499999940395355
8435,0,cluster_A,downweight,0.3499999940395355
8436,1,cluster_B,retain,1.0
8437,1,cluster_B,retain,1.0
8438,0,cluster_A,retain,1.0
8439,0,cluster_A,retain,1.0
8440,1,cluster_B,retain,1.0
8441,0,cluster_A,downweight,0.3499999940395355
8442,1,cluster_B,retain,1.0
8443,0,cluster_A,retain,1.0
8444,0,cluster_A,retain,1.0
8445,1,cluster_B,downweight,0.3499999940395355
8447,0,cluster_A,downweight,0.3499999940395355
8448,0,cluster_A,downweight,0.3499999940395355
8449,0,cluster_A,downweight,0.3499999940395355
8450,0,cluster_A,downweight,0.3499999940395355
8451,0,cluster_A,retain,1.0
8452,1,cluster_B,downweight,0.3499999940395355
8453,0,cluster_A,downweight,0.3499999940395355
8454,0,cluster_A,retain,1.0
8455,1,cluster_B,downweight,0.3499999940395355
8456,0,cluster_A,retain,1.0
8457,0,cluster_A,downweight,0.3499999940395355
8458,1,cluster_B,downweight,0.3499999940395355
8459,0,cluster_A,downweight,0.3499999940395355
8460,1,cluster_B,downweight,0.3499999940395355
8461,0,cluster_A,downweight,0.3499999940395355
8462,1,cluster_B,retain,1.0
8463,1,cluster_B,downweight,0.3499999940395355
8464,1,cluster_B,retain,1.0
8465,1,cluster_B,retain,1.0
8467,1,cluster_B,downweight,0.3499999940395355
8468,0,cluster_A,retain,1.0
8469,1,cluster_B,downweight,0.3499999940395355
8470,1,cluster_B,retain,1.0
8471,1,cluster_B,retain,1.0
8472,1,cluster_B,downweight,0.3499999940395355
8473,1,cluster_B,retain,1.0
8474,1,cluster_B,downweight,0.3499999940395355
8475,1,cluster_B,downweight,0.3499999940395355
8476,1,cluster_B,retain,1.0
8477,1,cluster_B,downweight,0.3499999940395355
8478,0,cluster_A,retain,1.0
8479,1,cluster_B,downweight,0.3499999940395355
8480,0,cluster_A,downweight,0.3499999940395355
8481,1,cluster_B,downweight,0.3499999940395355
8482,1,cluster_B,retain,1.0
8483,0,cluster_A,retain,1.0
8484,1,cluster_B,retain,1.0
8485,1,cluster_B,retain,1.0
8486,1,cluster_B,downweight,0.3499999940395355
8487,1,cluster_B,retain,1.0
8488,0,cluster_A,downweight,0.3499999940395355
8489,0,cluster_A,retain,1.0
8490,1,cluster_B,retain,1.0
8491,0,cluster_A,downweight,0.3499999940395355
8492,1,cluster_B,downweight,0.3499999940395355
8493,0,cluster_A,retain,1.0
8494,1,cluster_B,retain,1.0
8495,1,cluster_B,retain,1.0
8496,0,cluster_A,downweight,0.3499999940395355
8497,1,cluster_B,downweight,0.3499999940395355
8498,0,cluster_A,downweight,0.3499999940395355
8499,1,cluster_B,retain,1.0
8500,1,cluster_B,downweight,0.3499999940395355
8501,1,cluster_B,downweight,0.3499999940395355
8502,0,cluster_A,downweight,0.3499999940395355
8503,0,cluster_A,retain,1.0
8504,1,cluster_B,downweight,0.3499999940395355
8505,0,cluster_A,retain,1.0
8506,0,cluster_A,downweight,0.3499999940395355
8507,0,cluster_A,downweight,0.3499999940395355
8508,1,cluster_B,downweight,0.3499999940395355
8509,0,cluster_A,downweight,0.3499999940395355
8510,1,cluster_B,downweight,0.3499999940395355
8511,0,cluster_A,downweight,0.3499999940395355
8512,1,cluster_B,retain,1.0
8513,0,cluster_A,downweight,0.3499999940395355
8514,0,cluster_A,downweight,0.3499999940395355
8515,1,cluster_B,retain,1.0
8516,1,cluster_B,downweight,0.3499999940395355
8517,1,cluster_B,downweight,0.3499999940395355
8518,0,cluster_A,retain,1.0
8519,0,cluster_A,downweight,0.3499999940395355
8520,1,cluster_B,retain,1.0
8521,0,cluster_A,retain,1.0
8522,1,cluster_B,retain,1.0
8523,0,cluster_A,retain,1.0
8524,1,cluster_B,downweight,0.3499999940395355
8525,1,cluster_B,downweight,0.3499999940395355
8526,1,cluster_B,retain,1.0
8527,1,cluster_B,downweight,0.3499999940395355
8528,1,cluster_B,retain,1.0
8529,1,cluster_B,retain,1.0
8530,0,cluster_A,downweight,0.3499999940395355
8531,0,cluster_A,downweight,0.3499999940395355
8532,0,cluster_A,downweight,0.3499999940395355
8533,0,cluster_A,retain,1.0
8534,0,cluster_A,retain,1.0
8535,0,cluster_A,downweight,0.3499999940395355
8536,0,cluster_A,downweight,0.3499999940395355
8537,0,cluster_A,downweight,0.3499999940395355
8538,0,cluster_A,retain,1.0
8539,0,cluster_A,retain,1.0
8540,0,cluster_A,downweight,0.3499999940395355
8541,1,cluster_B,retain,1.0
8542,1,cluster_B,retain,1.0
8543,0,cluster_A,downweight,0.3499999940395355
8544,1,cluster_B,retain,1.0
8545,1,cluster_B,downweight,0.3499999940395355
8546,0,cluster_A,downweight,0.3499999940395355
8547,0,cluster_A,downweight,0.3499999940395355
8548,0,cluster_A,retain,1.0
8549,0,cluster_A,downweight,0.3499999940395355
8550,0,cluster_A,retain,1.0
8551,0,cluster_A,downweight,0.3499999940395355
8552,1,cluster_B,downweight,0.3499999940395355
8553,1,cluster_B,downweight,0.3499999940395355
8554,0,cluster_A,retain,1.0
8555,1,cluster_B,downweight,0.3499999940395355
8556,1,cluster_B,retain,1.0
8557,1,cluster_B,downweight,0.3499999940395355
8558,0,cluster_A,retain,1.0
8559,0,cluster_A,downweight,0.3499999940395355
8560,1,cluster_B,downweight,0.3499999940395355
8561,0,cluster_A,downweight,0.3499999940395355
8562,0,cluster_A,retain,1.0
8563,1,cluster_B,retain,1.0
8564,1,cluster_B,downweight,0.3499999940395355
8565,1,cluster_B,downweight,0.3499999940395355
8566,0,cluster_A,retain,1.0
8567,0,cluster_A,retain,1.0
8568,0,cluster_A,downweight,0.3499999940395355
8569,0,cluster_A,downweight,0.3499999940395355
8570,0,cluster_A,downweight,0.3499999940395355
8571,0,cluster_A,downweight,0.3499999940395355
8572,0,cluster_A,downweight,0.3499999940395355
8573,0,cluster_A,downweight,0.3499999940395355
8574,1,cluster_B,downweight,0.3499999940395355
8575,0,cluster_A,retain,1.0
8576,0,cluster_A,downweight,0.3499999940395355
8577,0,cluster_A,downweight,0.3499999940395355
8578,1,cluster_B,downweight,0.3499999940395355
8579,0,cluster_A,retain,1.0
8580,1,cluster_B,downweight,0.3499999940395355
8581,1,cluster_B,retain,1.0
8582,1,cluster_B,downweight,0.3499999940395355
8583,1,cluster_B,downweight,0.3499999940395355
8584,0,cluster_A,retain,1.0
8585,1,cluster_B,retain,1.0
8586,0,cluster_A,retain,1.0
8587,0,cluster_A,retain,1.0
8588,0,cluster_A,retain,1.0
8589,1,cluster_B,retain,1.0
8590,1,cluster_B,downweight,0.3499999940395355
8591,1,cluster_B,downweight,0.3499999940395355
8592,0,cluster_A,downweight,0.3499999940395355
8593,1,cluster_B,downweight,0.3499999940395355
8594,0,cluster_A,retain,1.0
8595,1,cluster_B,retain,1.0
8596,0,cluster_A,retain,1.0
8597,1,cluster_B,retain,1.0
8598,1,cluster_B,retain,1.0
8599,0,cluster_A,retain,1.0
8600,1,cluster_B,downweight,0.3499999940395355
8601,0,cluster_A,retain,1.0
8602,1,cluster_B,downweight,0.3499999940395355
8603,1,cluster_B,downweight,0.3499999940395355
8604,0,cluster_A,downweight,0.3499999940395355
8605,1,cluster_B,downweight,0.3499999940395355
8606,1,cluster_B,retain,1.0
8607,1,cluster_B,downweight,0.3499999940395355
8608,0,cluster_A,downweight,0.3499999940395355
8609,1,cluster_B,downweight,0.3499999940395355
8610,0,cluster_A,downweight,0.3499999940395355
8611,0,cluster_A,downweight,0.3499999940395355
8612,0,cluster_A,retain,1.0
8613,1,cluster_B,downweight,0.3499999940395355
8614,0,cluster_A,downweight,0.3499999940395355
8615,1,cluster_B,downweight,0.3499999940395355
8616,0,cluster_A,retain,1.0
8617,1,cluster_B,retain,1.0
8618,0,cluster_A,retain,1.0
8619,0,cluster_A,downweight,0.3499999940395355
8620,1,cluster_B,retain,1.0
8621,1,cluster_B,retain,1.0
8622,0,cluster_A,retain,1.0
8623,0,cluster_A,downweight,0.3499999940395355
8624,1,cluster_B,retain,1.0
8625,1,cluster_B,downweight,0.3499999940395355
8626,0,cluster_A,retain,1.0
8627,1,cluster_B,downweight,0.3499999940395355
8628,1,cluster_B,downweight,0.3499999940395355
8629,0,cluster_A,retain,1.0
8630,0,cluster_A,retain,1.0
8631,1,cluster_B,downweight,0.3499999940395355
8632,0,cluster_A,downweight,0.3499999940395355
8633,1,cluster_B,downweight,0.3499999940395355
8634,1,cluster_B,downweight,0.3499999940395355
8635,0,cluster_A,retain,1.0
8636,0,cluster_A,downweight,0.3499999940395355
8637,0,cluster_A,downweight,0.3499999940395355
8638,1,cluster_B,retain,1.0
8639,0,cluster_A,downweight,0.3499999940395355
8640,1,cluster_B,retain,1.0
8641,1,cluster_B,downweight,0.3499999940395355
8642,1,cluster_B,downweight,0.3499999940395355
8643,1,cluster_B,retain,1.0
8644,0,cluster_A,retain,1.0
8645,1,cluster_B,retain,1.0
8646,0,cluster_A,downweight,0.3499999940395355
8647,1,cluster_B,retain,1.0
8648,0,cluster_A,retain,1.0
8649,0,cluster_A,downweight,0.3499999940395355
8650,0,cluster_A,retain,1.0
8651,1,cluster_B,downweight,0.3499999940395355
8652,1,cluster_B,retain,1.0
8653,0,cluster_A,retain,1.0
8654,1,cluster_B,downweight,0.3499999940395355
8655,0,cluster_A,downweight,0.3499999940395355
8656,0,cluster_A,downweight,0.3499999940395355
8657,0,cluster_A,retain,1.0
8658,0,cluster_A,downweight,0.3499999940395355
8659,1,cluster_B,retain,1.0
8660,0,cluster_A,downweight,0.3499999940395355
8661,1,cluster_B,downweight,0.3499999940395355
8662,1,cluster_B,downweight,0.3499999940395355
8663,1,cluster_B,downweight,0.3499999940395355
8664,1,cluster_B,retain,1.0
8665,0,cluster_A,retain,1.0
8666,0,cluster_A,downweight,0.3499999940395355
8667,1,cluster_B,retain,1.0
8668,0,cluster_A,retain,1.0
8669,0,cluster_A,downweight,0.3499999940395355
8670,0,cluster_A,downweight,0.3499999940395355
8671,0,cluster_A,retain,1.0
8672,1,cluster_B,downweight,0.3499999940395355
8673,0,cluster_A,downweight,0.3499999940395355
8674,0,cluster_A,downweight,0.3499999940395355
8675,1,cluster_B,downweight,0.3499999940395355
8676,1,cluster_B,retain,1.0
8677,1,cluster_B,downweight,0.3499999940395355
8678,1,cluster_B,downweight,0.3499999940395355
8679,0,cluster_A,retain,1.0
8680,0,cluster_A,retain,1.0
8681,0,cluster_A,retain,1.0
8682,1,cluster_B,downweight,0.3499999940395355
8683,0,cluster_A,retain,1.0
8684,0,cluster_A,retain,1.0
8685,1,cluster_B,downweight,0.3499999940395355
8686,1,cluster_B,downweight,0.3499999940395355
8687,0,cluster_A,downweight,0.3499999940395355
8688,0,cluster_A,downweight,0.3499999940395355
8689,0,cluster_A,retain,1.0
8690,1,cluster_B,retain,1.0
8691,0,cluster_A,retain,1.0
8692,0,cluster_A,retain,1.0
8693,0,cluster_A,retain,1.0
8694,1,cluster_B,downweight,0.3499999940395355
8695,1,cluster_B,downweight,0.3499999940395355
8696,0,cluster_A,downweight,0.3499999940395355
8697,1,cluster_B,retain,1.0
8698,1,cluster_B,downweight,0.3499999940395355
8699,0,cluster_A,downweight,0.3499999940395355
8700,1,cluster_B,downweight,0.3499999940395355
8701,0,cluster_A,downweight,0.3499999940395355
8702,0,cluster_A,downweight,0.3499999940395355
8703,1,cluster_B,downweight,0.3499999940395355
8704,0,cluster_A,downweight,0.3499999940395355
8705,0,cluster_A,downweight,0.3499999940395355
8706,1,cluster_B,retain,1.0
8707,1,cluster_B,retain,1.0
8708,1,cluster_B,retain,1.0
8709,0,cluster_A,downweight,0.3499999940395355
8710,0,cluster_A,retain,1.0
8711,1,cluster_B,downweight,0.3499999940395355
8712,0,cluster_A,retain,1.0
8713,1,cluster_B,downweight,0.3499999940395355
8714,0,cluster_A,downweight,0.3499999940395355
8715,1,cluster_B,downweight,0.3499999940395355
8716,0,cluster_A,retain,1.0
8717,0,cluster_A,retain,1.0
8718,0,cluster_A,downweight,0.3499999940395355
8719,1,cluster_B,retain,1.0
8720,1,cluster_B,downweight,0.3499999940395355
8721,0,cluster_A,retain,1.0
8722,1,cluster_B,retain,1.0
8723,0,cluster_A,retain,1.0
8724,1,cluster_B,downweight,0.3499999940395355
8725,1,cluster_B,downweight,0.3499999940395355
8726,1,cluster_B,retain,1.0
8727,0,cluster_A,retain,1.0
8728,1,cluster_B,retain,1.0
8729,1,cluster_B,downweight,0.3499999940395355
8730,1,cluster_B,retain,1.0
8731,0,cluster_A,retain,1.0
8732,0,cluster_A,downweight,0.3499999940395355
8733,1,cluster_B,retain,1.0
8734,1,cluster_B,retain,1.0
8735,0,cluster_A,retain,1.0
8737,1,cluster_B,retain,1.0
8738,1,cluster_B,downweight,0.3499999940395355
8739,0,cluster_A,downweight,0.3499999940395355
8740,0,cluster_A,retain,1.0
8741,0,cluster_A,retain,1.0
8742,1,cluster_B,downweight,0.3499999940395355
8743,1,cluster_B,downweight,0.3499999940395355
8744,1,cluster_B,downweight,0.3499999940395355
8745,0,cluster_A,downweight,0.3499999940395355
8746,0,cluster_A,downweight,0.3499999940395355
8747,0,cluster_A,retain,1.0
8748,1,cluster_B,downweight,0.3499999940395355
8749,0,cluster_A,retain,1.0
8750,0,cluster_A,retain,1.0
8751,1,cluster_B,downweight,0.3499999940395355
8752,1,cluster_B,retain,1.0
8753,1,cluster_B,retain,1.0
8754,0,cluster_A,downweight,0.3499999940395355
8755,0,cluster_A,downweight,0.3499999940395355
8756,1,cluster_B,retain,1.0
8757,1,cluster_B,retain,1.0
8758,0,cluster_A,downweight,0.3499999940395355
8759,1,cluster_B,retain,1.0
8760,0,cluster_A,retain,1.0
8761,1,cluster_B,retain,1.0
8762,0,cluster_A,downweight,0.3499999940395355
8763,1,cluster_B,downweight,0.3499999940395355
8764,0,cluster_A,downweight,0.3499999940395355
8765,1,cluster_B,retain,1.0
8766,1,cluster_B,retain,1.0
8767,0,cluster_A,retain,1.0
8768,0,cluster_A,downweight,0.3499999940395355
8769,0,cluster_A,downweight,0.3499999940395355
8770,0,cluster_A,downweight,0.3499999940395355
8771,0,cluster_A,retain,1.0
8772,1,cluster_B,retain,1.0
8773,0,cluster_A,downweight,0.3499999940395355
8774,0,cluster_A,downweight,0.3499999940395355
8775,0,cluster_A,downweight,0.3499999940395355
8776,1,cluster_B,downweight,0.3499999940395355
8777,0,cluster_A,downweight,0.3499999940395355
8778,1,cluster_B,downweight,0.3499999940395355
8779,0,cluster_A,downweight,0.3499999940395355
8780,0,cluster_A,retain,1.0
8781,0,cluster_A,downweight,0.3499999940395355
8782,0,cluster_A,downweight,0.3499999940395355
8783,1,cluster_B,retain,1.0
8784,1,cluster_B,downweight,0.3499999940395355
8785,1,cluster_B,downweight,0.3499999940395355
8786,0,cluster_A,downweight,0.3499999940395355
8787,1,cluster_B,retain,1.0
8788,0,cluster_A,retain,1.0
8789,0,cluster_A,downweight,0.3499999940395355
8790,0,cluster_A,downweight,0.3499999940395355
8791,1,cluster_B,downweight,0.3499999940395355
8792,1,cluster_B,downweight,0.3499999940395355
8793,1,cluster_B,downweight,0.3499999940395355
8794,1,cluster_B,downweight,0.3499999940395355
8795,1,cluster_B,retain,1.0
8796,0,cluster_A,downweight,0.3499999940395355
8797,1,cluster_B,downweight,0.3499999940395355
8798,1,cluster_B,retain,1.0
8799,0,cluster_A,downweight,0.3499999940395355
8800,0,cluster_A,retain,1.0
8801,1,cluster_B,downweight,0.3499999940395355
8802,0,cluster_A,retain,1.0
8803,0,cluster_A,retain,1.0
8804,1,cluster_B,retain,1.0
8805,0,cluster_A,downweight,0.3499999940395355
8806,1,cluster_B,downweight,0.3499999940395355
8807,1,cluster_B,retain,1.0
8808,0,cluster_A,downweight,0.3499999940395355
8809,0,cluster_A,downweight,0.3499999940395355
8810,1,cluster_B,downweight,0.3499999940395355
8811,0,cluster_A,downweight,0.3499999940395355
8812,1,cluster_B,downweight,0.3499999940395355
8813,1,cluster_B,downweight,0.3499999940395355
8814,0,cluster_A,downweight,0.3499999940395355
8815,1,cluster_B,retain,1.0
8816,1,cluster_B,retain,1.0
8817,0,cluster_A,downweight,0.3499999940395355
8818,1,cluster_B,downweight,0.3499999940395355
8819,0,cluster_A,downweight,0.3499999940395355
8820,1,cluster_B,downweight,0.3499999940395355
8821,1,cluster_B,downweight,0.3499999940395355
8822,1,cluster_B,retain,1.0
8823,1,cluster_B,downweight,0.3499999940395355
8824,0,cluster_A,downweight,0.3499999940395355
8825,0,cluster_A,retain,1.0
8826,0,cluster_A,downweight,0.3499999940395355
8827,0,cluster_A,downweight,0.3499999940395355
8828,1,cluster_B,retain,1.0
8829,1,cluster_B,retain,1.0
8830,1,cluster_B,downweight,0.3499999940395355
8831,1,cluster_B,downweight,0.3499999940395355
8832,0,cluster_A,downweight,0.3499999940395355
8833,0,cluster_A,retain,1.0
8834,0,cluster_A,retain,1.0
8835,0,cluster_A,retain,1.0
8836,1,cluster_B,downweight,0.3499999940395355
8837,1,cluster_B,retain,1.0
8838,0,cluster_A,retain,1.0
8839,0,cluster_A,downweight,0.3499999940395355
8840,1,cluster_B,retain,1.0
8841,0,cluster_A,downweight,0.3499999940395355
8842,0,cluster_A,retain,1.0
8843,0,cluster_A,downweight,0.3499999940395355
8844,0,cluster_A,downweight,0.3499999940395355
8845,0,cluster_A,downweight,0.3499999940395355
8846,0,cluster_A,downweight,0.3499999940395355
8847,1,cluster_B,retain,1.0
8848,1,cluster_B,downweight,0.3499999940395355
8849,0,cluster_A,downweight,0.3499999940395355
8850,0,cluster_A,downweight,0.3499999940395355
8851,0,cluster_A,downweight,0.3499999940395355
8852,1,cluster_B,retain,1.0
8853,1,cluster_B,downweight,0.3499999940395355
8854,0,cluster_A,retain,1.0
8855,1,cluster_B,downweight,0.3499999940395355
8856,1,cluster_B,retain,1.0
8857,1,cluster_B,downweight,0.3499999940395355
8858,0,cluster_A,retain,1.0
8859,1,cluster_B,downweight,0.3499999940395355
8860,0,cluster_A,downweight,0.3499999940395355
8861,1,cluster_B,downweight,0.3499999940395355
8862,0,cluster_A,retain,1.0
8863,0,cluster_A,downweight,0.3499999940395355
8864,0,cluster_A,retain,1.0
8865,0,cluster_A,downweight,0.3499999940395355
8866,0,cluster_A,downweight,0.3499999940395355
8867,0,cluster_A,retain,1.0
8868,0,cluster_A,downweight,0.3499999940395355
8869,0,cluster_A,downweight,0.3499999940395355
8870,0,cluster_A,downweight,0.3499999940395355
8871,1,cluster_B,downweight,0.3499999940395355
8872,0,cluster_A,retain,1.0
8873,0,cluster_A,downweight,0.3499999940395355
8874,1,cluster_B,downweight,0.3499999940395355
8875,1,cluster_B,downweight,0.3499999940395355
8876,1,cluster_B,downweight,0.3499999940395355
8877,0,cluster_A,retain,1.0
8878,1,cluster_B,retain,1.0
8879,0,cluster_A,retain,1.0
8880,0,cluster_A,downweight,0.3499999940395355
8881,0,cluster_A,retain,1.0
8882,1,cluster_B,retain,1.0
8883,0,cluster_A,downweight,0.3499999940395355
8884,1,cluster_B,downweight,0.3499999940395355
8885,0,cluster_A,retain,1.0
8886,0,cluster_A,downweight,0.3499999940395355
8887,0,cluster_A,retain,1.0
8888,0,cluster_A,downweight,0.3499999940395355
8889,0,cluster_A,downweight,0.3499999940395355
8890,0,cluster_A,downweight,0.3499999940395355
8891,1,cluster_B,downweight,0.3499999940395355
8892,0,cluster_A,retain,1.0
8893,1,cluster_B,retain,1.0
8894,0,cluster_A,retain,1.0
8895,1,cluster_B,retain,1.0
8897,1,cluster_B,retain,1.0
8898,0,cluster_A,downweight,0.3499999940395355
8899,0,cluster_A,downweight,0.3499999940395355
8900,1,cluster_B,retain,1.0
8901,1,cluster_B,retain,1.0
8902,1,cluster_B,downweight,0.3499999940395355
8903,1,cluster_B,retain,1.0
8904,1,cluster_B,downweight,0.3499999940395355
8905,1,cluster_B,downweight,0.3499999940395355
8906,0,cluster_A,retain,1.0
8907,0,cluster_A,retain,1.0
8908,0,cluster_A,retain,1.0
8909,1,cluster_B,retain,1.0
8910,0,cluster_A,downweight,0.3499999940395355
8911,1,cluster_B,downweight,0.3499999940395355
8912,0,cluster_A,downweight,0.3499999940395355
8913,0,cluster_A,retain,1.0
8914,0,cluster_A,downweight,0.3499999940395355
8915,1,cluster_B,retain,1.0
8916,1,cluster_B,downweight,0.3499999940395355
8917,0,cluster_A,retain,1.0
8918,0,cluster_A,downweight,0.3499999940395355
8919,1,cluster_B,downweight,0.3499999940395355
8920,0,cluster_A,downweight,0.3499999940395355
8921,0,cluster_A,retain,1.0
8922,1,cluster_B,retain,1.0
8923,0,cluster_A,downweight,0.3499999940395355
8924,1,cluster_B,downweight,0.3499999940395355
8925,0,cluster_A,retain,1.0
8926,1,cluster_B,retain,1.0
8927,1,cluster_B,downweight,0.3499999940395355
8928,0,cluster_A,retain,1.0
8929,1,cluster_B,retain,1.0
8930,1,cluster_B,retain,1.0
8931,1,cluster_B,downweight,0.3499999940395355
8932,0,cluster_A,retain,1.0
8933,1,cluster_B,downweight,0.3499999940395355
8934,0,cluster_A,downweight,0.3499999940395355
8935,1,cluster_B,retain,1.0
8936,0,cluster_A,downweight,0.3499999940395355
8937,1,cluster_B,downweight,0.3499999940395355
8938,1,cluster_B,retain,1.0
8939,1,cluster_B,retain,1.0
8940,0,cluster_A,retain,1.0
8941,1,cluster_B,downweight,0.3499999940395355
8942,1,cluster_B,downweight,0.3499999940395355
8943,0,cluster_A,retain,1.0
8944,1,cluster_B,retain,1.0
8945,0,cluster_A,retain,1.0
8946,0,cluster_A,retain,1.0
8947,1,cluster_B,retain,1.0
8949,1,cluster_B,downweight,0.3499999940395355
8950,1,cluster_B,retain,1.0
8951,1,cluster_B,retain,1.0
8952,1,cluster_B,downweight,0.3499999940395355
8953,0,cluster_A,retain,1.0
8954,0,cluster_A,retain,1.0
8955,0,cluster_A,retain,1.0
8956,0,cluster_A,retain,1.0
8957,0,cluster_A,downweight,0.3499999940395355
8958,1,cluster_B,retain,1.0
8959,0,cluster_A,downweight,0.3499999940395355
8960,0,cluster_A,downweight,0.3499999940395355
8961,1,cluster_B,retain,1.0
8962,1,cluster_B,downweight,0.3499999940395355
8963,1,cluster_B,downweight,0.3499999940395355
8964,0,cluster_A,retain,1.0
8965,0,cluster_A,downweight,0.3499999940395355
8966,1,cluster_B,retain,1.0
8967,0,cluster_A,retain,1.0
8968,0,cluster_A,retain,1.0
8969,0,cluster_A,downweight,0.3499999940395355
8970,0,cluster_A,downweight,0.3499999940395355
8971,0,cluster_A,retain,1.0
8972,0,cluster_A,downweight,0.3499999940395355
8973,0,cluster_A,downweight,0.3499999940395355
8974,1,cluster_B,retain,1.0
8975,0,cluster_A,downweight,0.3499999940395355
8976,0,cluster_A,downweight,0.3499999940395355
8977,0,cluster_A,downweight,0.3499999940395355
8978,0,cluster_A,downweight,0.3499999940395355
8979,0,cluster_A,retain,1.0
8980,1,cluster_B,downweight,0.3499999940395355
8981,0,cluster_A,downweight,0.3499999940395355
8983,1,cluster_B,downweight,0.3499999940395355
8984,0,cluster_A,downweight,0.3499999940395355
8985,1,cluster_B,retain,1.0
8986,0,cluster_A,downweight,0.3499999940395355
8987,1,cluster_B,downweight,0.3499999940395355
8988,1,cluster_B,downweight,0.3499999940395355
8989,1,cluster_B,retain,1.0
8990,1,cluster_B,downweight,0.3499999940395355
8991,1,cluster_B,downweight,0.3499999940395355
8992,1,cluster_B,retain,1.0
8993,1,cluster_B,retain,1.0
8994,1,cluster_B,retain,1.0
8995,0,cluster_A,downweight,0.3499999940395355
8996,0,cluster_A,retain,1.0
8997,0,cluster_A,downweight,0.3499999940395355
8998,0,cluster_A,downweight,0.3499999940395355
8999,0,cluster_A,downweight,0.3499999940395355
9000,0,cluster_A,downweight,0.3499999940395355
9001,1,cluster_B,downweight,0.3499999940395355
9002,1,cluster_B,downweight,0.3499999940395355
9003,1,cluster_B,retain,1.0
9004,0,cluster_A,downweight,0.3499999940395355
9005,0,cluster_A,retain,1.0
9006,0,cluster_A,retain,1.0
9007,1,cluster_B,retain,1.0
9008,0,cluster_A,downweight,0.3499999940395355
9009,1,cluster_B,downweight,0.3499999940395355
9010,1,cluster_B,downweight,0.3499999940395355
9012,1,cluster_B,downweight,0.3499999940395355
9013,1,cluster_B,retain,1.0
9014,0,cluster_A,retain,1.0
9015,1,cluster_B,retain,1.0
9016,0,cluster_A,retain,1.0
9017,1,cluster_B,downweight,0.3499999940395355
9018,1,cluster_B,downweight,0.3499999940395355
9019,1,cluster_B,downweight,0.3499999940395355
9020,0,cluster_A,downweight,0.3499999940395355
9021,1,cluster_B,downweight,0.3499999940395355
9022,0,cluster_A,retain,1.0
9023,1,cluster_B,retain,1.0
9024,0,cluster_A,downweight,0.3499999940395355
9025,0,cluster_A,retain,1.0
9026,1,cluster_B,retain,1.0
9027,0,cluster_A,downweight,0.3499999940395355
9028,1,cluster_B,retain,1.0
9029,1,cluster_B,downweight,0.3499999940395355
9030,1,cluster_B,retain,1.0
9031,1,cluster_B,retain,1.0
9032,0,cluster_A,downweight,0.3499999940395355
9033,1,cluster_B,retain,1.0
9034,0,cluster_A,downweight,0.3499999940395355
9035,0,cluster_A,downweight,0.3499999940395355
9036,1,cluster_B,downweight,0.3499999940395355
9037,1,cluster_B,downweight,0.3499999940395355
9038,1,cluster_B,retain,1.0
9039,1,cluster_B,retain,1.0
9040,0,cluster_A,retain,1.0
9041,0,cluster_A,retain,1.0
9042,1,cluster_B,retain,1.0
9043,1,cluster_B,retain,1.0
9044,0,cluster_A,downweight,0.3499999940395355
9045,1,cluster_B,downweight,0.3499999940395355
9046,1,cluster_B,downweight,0.3499999940395355
9047,1,cluster_B,retain,1.0
9048,0,cluster_A,downweight,0.3499999940395355
9049,1,cluster_B,downweight,0.3499999940395355
9050,1,cluster_B,retain,1.0
9051,1,cluster_B,retain,1.0
9052,1,cluster_B,downweight,0.3499999940395355
9053,0,cluster_A,retain,1.0
9054,0,cluster_A,downweight,0.3499999940395355
9055,0,cluster_A,downweight,0.3499999940395355
9056,0,cluster_A,retain,1.0
9057,1,cluster_B,downweight,0.3499999940395355
9058,1,cluster_B,retain,1.0
9059,1,cluster_B,retain,1.0
9060,0,cluster_A,retain,1.0
9061,1,cluster_B,retain,1.0
9062,0,cluster_A,retain,1.0
9063,1,cluster_B,retain,1.0
9064,1,cluster_B,downweight,0.3499999940395355
9065,1,cluster_B,downweight,0.3499999940395355
9066,1,cluster_B,downweight,0.3499999940395355
9067,1,cluster_B,retain,1.0
9068,1,cluster_B,retain,1.0
9069,0,cluster_A,retain,1.0
9070,0,cluster_A,retain,1.0
9071,1,cluster_B,retain,1.0
9072,1,cluster_B,retain,1.0
9073,1,cluster_B,retain,1.0
9074,1,cluster_B,downweight,0.3499999940395355
9075,1,cluster_B,downweight,0.3499999940395355
9076,0,cluster_A,retain,1.0
9077,0,cluster_A,retain,1.0
9078,0,cluster_A,retain,1.0
9079,1,cluster_B,downweight,0.3499999940395355
9080,0,cluster_A,retain,1.0
9081,0,cluster_A,downweight,0.3499999940395355
9082,0,cluster_A,downweight,0.3499999940395355
9083,1,cluster_B,downweight,0.3499999940395355
9084,1,cluster_B,downweight,0.3499999940395355
9085,0,cluster_A,downweight,0.3499999940395355
9086,0,cluster_A,retain,1.0
9087,0,cluster_A,downweight,0.3499999940395355
9088,0,cluster_A,downweight,0.3499999940395355
9089,1,cluster_B,retain,1.0
9090,1,cluster_B,downweight,0.3499999940395355
9091,0,cluster_A,downweight,0.3499999940395355
9092,1,cluster_B,retain,1.0
9093,0,cluster_A,downweight,0.3499999940395355
9094,0,cluster_A,retain,1.0
9095,0,cluster_A,downweight,0.3499999940395355
9096,0,cluster_A,downweight,0.3499999940395355
9097,1,cluster_B,downweight,0.3499999940395355
9098,0,cluster_A,downweight,0.3499999940395355
9099,0,cluster_A,downweight,0.3499999940395355
9100,1,cluster_B,downweight,0.3499999940395355
9101,0,cluster_A,retain,1.0
9102,0,cluster_A,downweight,0.3499999940395355
9103,0,cluster_A,retain,1.0
9104,1,cluster_B,downweight,0.3499999940395355
9105,0,cluster_A,downweight,0.3499999940395355
9106,0,cluster_A,retain,1.0
9107,1,cluster_B,downweight,0.3499999940395355
9108,0,cluster_A,retain,1.0
9109,1,cluster_B,downweight,0.3499999940395355
9110,1,cluster_B,downweight,0.3499999940395355
9111,0,cluster_A,retain,1.0
9112,1,cluster_B,retain,1.0
9113,1,cluster_B,downweight,0.3499999940395355
9114,1,cluster_B,downweight,0.3499999940395355
9115,1,cluster_B,retain,1.0
9116,1,cluster_B,downweight,0.3499999940395355
9117,1,cluster_B,downweight,0.3499999940395355
9118,0,cluster_A,downweight,0.3499999940395355
9120,1,cluster_B,retain,1.0
9121,0,cluster_A,downweight,0.3499999940395355
9122,0,cluster_A,retain,1.0
9123,1,cluster_B,retain,1.0
9124,0,cluster_A,downweight,0.3499999940395355
9125,1,cluster_B,downweight,0.3499999940395355
9126,1,cluster_B,downweight,0.3499999940395355
9127,0,cluster_A,retain,1.0
9128,0,cluster_A,downweight,0.3499999940395355
9129,0,cluster_A,retain,1.0
9130,0,cluster_A,downweight,0.3499999940395355
9131,0,cluster_A,downweight,0.3499999940395355
9132,0,cluster_A,retain,1.0
9133,0,cluster_A,downweight,0.3499999940395355
9134,0,cluster_A,retain,1.0
9135,1,cluster_B,retain,1.0
9136,1,cluster_B,retain,1.0
9137,0,cluster_A,retain,1.0
9138,0,cluster_A,downweight,0.3499999940395355
9139,0,cluster_A,downweight,0.3499999940395355
9140,1,cluster_B,downweight,0.3499999940395355
9141,1,cluster_B,retain,1.0
9142,1,cluster_B,retain,1.0
9143,1,cluster_B,retain,1.0
9144,1,cluster_B,retain,1.0
9145,1,cluster_B,downweight,0.3499999940395355
9146,0,cluster_A,downweight,0.3499999940395355
9147,0,cluster_A,downweight,0.3499999940395355
9148,0,cluster_A,downweight,0.3499999940395355
9149,1,cluster_B,downweight,0.3499999940395355
9150,0,cluster_A,downweight,0.3499999940395355
9151,0,cluster_A,retain,1.0
9152,1,cluster_B,retain,1.0
9153,1,cluster_B,downweight,0.3499999940395355
9154,1,cluster_B,downweight,0.3499999940395355
9155,0,cluster_A,downweight,0.3499999940395355
9156,0,cluster_A,retain,1.0
9157,1,cluster_B,retain,1.0
9158,1,cluster_B,retain,1.0
9159,1,cluster_B,downweight,0.3499999940395355
9160,0,cluster_A,retain,1.0
9162,1,cluster_B,downweight,0.3499999940395355
9163,0,cluster_A,downweight,0.3499999940395355
9164,0,cluster_A,retain,1.0
9165,0,cluster_A,downweight,0.3499999940395355
9166,1,cluster_B,downweight,0.3499999940395355
9167,0,cluster_A,downweight,0.3499999940395355
9168,1,cluster_B,downweight,0.3499999940395355
9169,0,cluster_A,downweight,0.3499999940395355
9170,0,cluster_A,downweight,0.3499999940395355
9171,1,cluster_B,downweight,0.3499999940395355
9172,0,cluster_A,downweight,0.3499999940395355
9173,0,cluster_A,downweight,0.3499999940395355
9174,0,cluster_A,downweight,0.3499999940395355
9175,0,cluster_A,retain,1.0
9176,0,cluster_A,downweight,0.3499999940395355
9177,1,cluster_B,downweight,0.3499999940395355
9178,1,cluster_B,retain,1.0
9179,0,cluster_A,retain,1.0
9180,0,cluster_A,retain,1.0
9181,0,cluster_A,retain,1.0
9182,1,cluster_B,downweight,0.3499999940395355
9183,0,cluster_A,retain,1.0
9184,1,cluster_B,retain,1.0
9185,1,cluster_B,downweight,0.3499999940395355
9186,1,cluster_B,downweight,0.3499999940395355
9187,1,cluster_B,retain,1.0
9188,0,cluster_A,downweight,0.3499999940395355
9189,0,cluster_A,retain,1.0
9190,0,cluster_A,downweight,0.3499999940395355
9191,1,cluster_B,downweight,0.3499999940395355
9192,1,cluster_B,retain,1.0
9193,0,cluster_A,retain,1.0
9194,1,cluster_B,retain,1.0
9195,1,cluster_B,retain,1.0
9196,0,cluster_A,downweight,0.3499999940395355
9197,0,cluster_A,downweight,0.3499999940395355
9198,1,cluster_B,downweight,0.3499999940395355
9199,0,cluster_A,downweight,0.3499999940395355
9200,1,cluster_B,retain,1.0
9201,0,cluster_A,downweight,0.3499999940395355
9202,1,cluster_B,downweight,0.3499999940395355
9203,1,cluster_B,downweight,0.3499999940395355
9204,1,cluster_B,downweight,0.3499999940395355
9205,1,cluster_B,retain,1.0
9206,1,cluster_B,retain,1.0
9207,0,cluster_A,retain,1.0
9208,0,cluster_A,downweight,0.3499999940395355
9209,0,cluster_A,downweight,0.3499999940395355
9210,1,cluster_B,retain,1.0
9211,1,cluster_B,downweight,0.3499999940395355
9212,0,cluster_A,retain,1.0
9213,0,cluster_A,downweight,0.3499999940395355
9214,0,cluster_A,downweight,0.3499999940395355
9215,1,cluster_B,retain,1.0
9216,1,cluster_B,downweight,0.3499999940395355
9217,1,cluster_B,retain,1.0
9218,1,cluster_B,downweight,0.3499999940395355
9219,0,cluster_A,downweight,0.3499999940395355
9220,1,cluster_B,downweight,0.3499999940395355
9221,0,cluster_A,retain,1.0
9222,1,cluster_B,downweight,0.3499999940395355
9223,1,cluster_B,downweight,0.3499999940395355
9224,1,cluster_B,downweight,0.3499999940395355
9225,0,cluster_A,downweight,0.3499999940395355
9226,1,cluster_B,downweight,0.3499999940395355
9227,1,cluster_B,retain,1.0
9228,0,cluster_A,downweight,0.3499999940395355
9229,1,cluster_B,retain,1.0
9230,0,cluster_A,downweight,0.3499999940395355
9231,0,cluster_A,retain,1.0
9232,1,cluster_B,retain,1.0
9233,1,cluster_B,downweight,0.3499999940395355
9234,1,cluster_B,retain,1.0
9235,1,cluster_B,downweight,0.3499999940395355
9237,0,cluster_A,downweight,0.3499999940395355
9238,0,cluster_A,retain,1.0
9239,0,cluster_A,downweight,0.3499999940395355
9240,1,cluster_B,downweight,0.3499999940395355
9241,1,cluster_B,downweight,0.3499999940395355
9242,1,cluster_B,downweight,0.3499999940395355
9243,0,cluster_A,retain,1.0
9244,0,cluster_A,retain,1.0
9245,1,cluster_B,retain,1.0
9246,1,cluster_B,downweight,0.3499999940395355
9247,0,cluster_A,retain,1.0
9248,0,cluster_A,downweight,0.3499999940395355
9249,0,cluster_A,downweight,0.3499999940395355
9250,0,cluster_A,downweight,0.3499999940395355
9251,0,cluster_A,retain,1.0
9252,0,cluster_A,retain,1.0
9253,0,cluster_A,downweight,0.3499999940395355
9254,1,cluster_B,downweight,0.3499999940395355
9255,0,cluster_A,downweight,0.3499999940395355
9256,0,cluster_A,downweight,0.3499999940395355
9257,1,cluster_B,downweight,0.3499999940395355
9258,0,cluster_A,retain,1.0
9259,1,cluster_B,downweight,0.3499999940395355
9260,1,cluster_B,retain,1.0
9261,1,cluster_B,downweight,0.3499999940395355
9262,0,cluster_A,retain,1.0
9263,0,cluster_A,downweight,0.3499999940395355
9264,0,cluster_A,retain,1.0
9265,0,cluster_A,downweight,0.3499999940395355
9266,0,cluster_A,downweight,0.3499999940395355
9267,0,cluster_A,downweight,0.3499999940395355
9268,1,cluster_B,retain,1.0
9269,1,cluster_B,downweight,0.3499999940395355
9270,0,cluster_A,downweight,0.3499999940395355
9271,1,cluster_B,downweight,0.3499999940395355
9272,1,cluster_B,downweight,0.3499999940395355
9273,0,cluster_A,downweight,0.3499999940395355
9274,0,cluster_A,downweight,0.3499999940395355
9275,1,cluster_B,downweight,0.3499999940395355
9276,0,cluster_A,downweight,0.3499999940395355
9277,0,cluster_A,downweight,0.3499999940395355
9278,0,cluster_A,downweight,0.3499999940395355
9279,0,cluster_A,downweight,0.3499999940395355
9280,1,cluster_B,downweight,0.3499999940395355
9281,0,cluster_A,retain,1.0
9282,0,cluster_A,retain,1.0
9283,0,cluster_A,downweight,0.3499999940395355
9284,0,cluster_A,retain,1.0
9285,1,cluster_B,retain,1.0
9286,0,cluster_A,downweight,0.3499999940395355
9287,1,cluster_B,retain,1.0
9288,1,cluster_B,downweight,0.3499999940395355
9289,1,cluster_B,downweight,0.3499999940395355
9290,0,cluster_A,downweight,0.3499999940395355
9291,1,cluster_B,retain,1.0
9292,0,cluster_A,retain,1.0
9293,1,cluster_B,downweight,0.3499999940395355
9294,0,cluster_A,downweight,0.3499999940395355
9295,1,cluster_B,downweight,0.3499999940395355
9296,0,cluster_A,downweight,0.3499999940395355
9297,0,cluster_A,downweight,0.3499999940395355
9298,0,cluster_A,downweight,0.3499999940395355
9299,0,cluster_A,downweight,0.3499999940395355
9301,1,cluster_B,downweight,0.3499999940395355
9302,1,cluster_B,downweight,0.3499999940395355
9303,1,cluster_B,retain,1.0
9304,0,cluster_A,downweight,0.3499999940395355
9305,0,cluster_A,downweight,0.3499999940395355
9306,1,cluster_B,downweight,0.3499999940395355
9307,1,cluster_B,retain,1.0
9308,0,cluster_A,downweight,0.3499999940395355
9309,0,cluster_A,downweight,0.3499999940395355
9310,0,cluster_A,downweight,0.3499999940395355
9311,0,cluster_A,retain,1.0
9312,0,cluster_A,retain,1.0
9313,0,cluster_A,retain,1.0
9315,1,cluster_B,retain,1.0
9316,0,cluster_A,retain,1.0
9317,0,cluster_A,retain,1.0
9318,0,cluster_A,retain,1.0
9319,0,cluster_A,downweight,0.3499999940395355
9320,0,cluster_A,retain,1.0
9321,0,cluster_A,downweight,0.3499999940395355
9322,0,cluster_A,downweight,0.3499999940395355
9323,1,cluster_B,downweight,0.3499999940395355
9324,1,cluster_B,retain,1.0
9325,1,cluster_B,retain,1.0
9326,1,cluster_B,downweight,0.3499999940395355
9327,0,cluster_A,downweight,0.3499999940395355
9328,0,cluster_A,retain,1.0
9329,0,cluster_A,downweight,0.3499999940395355
9330,1,cluster_B,downweight,0.3499999940395355
9331,1,cluster_B,downweight,0.3499999940395355
9333,0,cluster_A,retain,1.0
9334,0,cluster_A,downweight,0.3499999940395355
9335,0,cluster_A,retain,1.0
9336,0,cluster_A,downweight,0.3499999940395355
9337,1,cluster_B,downweight,0.3499999940395355
9338,1,cluster_B,retain,1.0
9339,0,cluster_A,retain,1.0
9340,1,cluster_B,retain,1.0
9341,1,cluster_B,downweight,0.3499999940395355
9342,1,cluster_B,downweight,0.3499999940395355
9343,1,cluster_B,retain,1.0
9344,1,cluster_B,retain,1.0
9345,1,cluster_B,retain,1.0
9346,1,cluster_B,retain,1.0
9347,0,cluster_A,retain,1.0
9348,1,cluster_B,downweight,0.3499999940395355
9349,1,cluster_B,downweight,0.3499999940395355
9350,1,cluster_B,retain,1.0
9351,1,cluster_B,downweight,0.3499999940395355
9352,0,cluster_A,downweight,0.3499999940395355
9353,0,cluster_A,downweight,0.3499999940395355
9354,0,cluster_A,downweight,0.3499999940395355
9355,0,cluster_A,retain,1.0
9356,0,cluster_A,retain,1.0
9357,1,cluster_B,downweight,0.3499999940395355
9358,1,cluster_B,retain,1.0
9359,1,cluster_B,downweight,0.3499999940395355
9360,1,cluster_B,downweight,0.3499999940395355
9361,0,cluster_A,downweight,0.3499999940395355
9362,1,cluster_B,retain,1.0
9363,1,cluster_B,downweight,0.3499999940395355
9364,0,cluster_A,downweight,0.3499999940395355
9365,1,cluster_B,downweight,0.3499999940395355
9366,0,cluster_A,downweight,0.3499999940395355
9367,0,cluster_A,retain,1.0
9368,0,cluster_A,retain,1.0
9369,0,cluster_A,retain,1.0
9370,0,cluster_A,downweight,0.3499999940395355
9371,0,cluster_A,retain,1.0
9372,0,cluster_A,downweight,0.3499999940395355
9373,0,cluster_A,downweight,0.3499999940395355
9374,0,cluster_A,downweight,0.3499999940395355
9375,1,cluster_B,retain,1.0
9376,1,cluster_B,downweight,0.3499999940395355
9377,0,cluster_A,downweight,0.3499999940395355
9378,1,cluster_B,downweight,0.3499999940395355
9379,0,cluster_A,retain,1.0
9380,1,cluster_B,downweight,0.3499999940395355
9381,0,cluster_A,downweight,0.3499999940395355
9382,1,cluster_B,retain,1.0
9383,1,cluster_B,retain,1.0
9384,1,cluster_B,retain,1.0
9385,0,cluster_A,retain,1.0
9386,0,cluster_A,retain,1.0
9387,0,cluster_A,retain,1.0
9388,0,cluster_A,downweight,0.3499999940395355
9389,0,cluster_A,downweight,0.3499999940395355
9390,0,cluster_A,downweight,0.3499999940395355
9391,0,cluster_A,retain,1.0
9392,0,cluster_A,retain,1.0
9393,1,cluster_B,downweight,0.3499999940395355
9394,1,cluster_B,retain,1.0
9395,1,cluster_B,downweight,0.3499999940395355
9396,0,cluster_A,downweight,0.3499999940395355
9397,0,cluster_A,downweight,0.3499999940395355
9398,1,cluster_B,downweight,0.3499999940395355
9399,1,cluster_B,downweight,0.3499999940395355
9400,1,cluster_B,downweight,0.3499999940395355
9401,0,cluster_A,downweight,0.3499999940395355
9402,0,cluster_A,downweight,0.3499999940395355
9403,1,cluster_B,downweight,0.3499999940395355
9404,0,cluster_A,retain,1.0
9406,0,cluster_A,retain,1.0
9407,1,cluster_B,retain,1.0
9408,0,cluster_A,retain,1.0
9409,1,cluster_B,downweight,0.3499999940395355
9410,1,cluster_B,retain,1.0
9411,0,cluster_A,downweight,0.3499999940395355
9413,1,cluster_B,retain,1.0
9414,0,cluster_A,downweight,0.3499999940395355
9415,0,cluster_A,retain,1.0
9416,1,cluster_B,retain,1.0
9417,0,cluster_A,downweight,0.3499999940395355
9418,1,cluster_B,retain,1.0
9419,0,cluster_A,retain,1.0
9420,0,cluster_A,retain,1.0
9421,0,cluster_A,downweight,0.3499999940395355
9422,0,cluster_A,downweight,0.3499999940395355
9423,1,cluster_B,retain,1.0
9424,1,cluster_B,retain,1.0
9425,1,cluster_B,downweight,0.3499999940395355
9426,0,cluster_A,retain,1.0
9427,0,cluster_A,downweight,0.3499999940395355
9428,0,cluster_A,downweight,0.3499999940395355
9429,1,cluster_B,retain,1.0
9430,0,cluster_A,retain,1.0
9431,1,cluster_B,downweight,0.3499999940395355
9432,0,cluster_A,downweight,0.3499999940395355
9433,0,cluster_A,downweight,0.3499999940395355
9434,0,cluster_A,retain,1.0
9435,1,cluster_B,downweight,0.3499999940395355
9436,0,cluster_A,downweight,0.3499999940395355
9437,1,cluster_B,retain,1.0
9438,0,cluster_A,retain,1.0
9439,1,cluster_B,retain,1.0
9440,0,cluster_A,retain,1.0
9441,0,cluster_A,downweight,0.3499999940395355
9442,0,cluster_A,downweight,0.3499999940395355
9443,0,cluster_A,retain,1.0
9444,1,cluster_B,downweight,0.3499999940395355
9445,1,cluster_B,retain,1.0
9446,0,cluster_A,downweight,0.3499999940395355
9447,1,cluster_B,downweight,0.3499999940395355
9448,0,cluster_A,downweight,0.3499999940395355
9449,1,cluster_B,retain,1.0
9450,1,cluster_B,downweight,0.3499999940395355
9451,1,cluster_B,retain,1.0
9452,1,cluster_B,downweight,0.3499999940395355
9453,1,cluster_B,downweight,0.3499999940395355
9454,0,cluster_A,downweight,0.3499999940395355
9455,0,cluster_A,retain,1.0
9456,0,cluster_A,downweight,0.3499999940395355
9457,0,cluster_A,retain,1.0
9458,0,cluster_A,downweight,0.3499999940395355
9459,1,cluster_B,downweight,0.3499999940395355
9460,0,cluster_A,retain,1.0
9461,0,cluster_A,retain,1.0
9462,1,cluster_B,downweight,0.3499999940395355
9463,1,cluster_B,downweight,0.3499999940395355
9464,0,cluster_A,retain,1.0
9465,1,cluster_B,downweight,0.3499999940395355
9466,0,cluster_A,downweight,0.3499999940395355
9467,0,cluster_A,retain,1.0
9468,0,cluster_A,downweight,0.3499999940395355
9469,1,cluster_B,downweight,0.3499999940395355
9470,1,cluster_B,downweight,0.3499999940395355
9471,1,cluster_B,retain,1.0
9472,1,cluster_B,retain,1.0
9473,1,cluster_B,downweight,0.3499999940395355
9474,1,cluster_B,retain,1.0
9475,1,cluster_B,retain,1.0
9476,1,cluster_B,downweight,0.3499999940395355
9477,0,cluster_A,retain,1.0
9478,1,cluster_B,downweight,0.3499999940395355
9479,0,cluster_A,downweight,0.3499999940395355
9480,0,cluster_A,downweight,0.3499999940395355
9481,1,cluster_B,retain,1.0
9482,1,cluster_B,retain,1.0
9483,1,cluster_B,retain,1.0
9484,0,cluster_A,retain,1.0
9485,0,cluster_A,downweight,0.3499999940395355
9486,0,cluster_A,retain,1.0
9487,0,cluster_A,retain,1.0
9488,0,cluster_A,downweight,0.3499999940395355
9489,1,cluster_B,downweight,0.3499999940395355
9490,1,cluster_B,retain,1.0
9491,0,cluster_A,downweight,0.3499999940395355
9492,0,cluster_A,retain,1.0
9493,1,cluster_B,retain,1.0
9494,0,cluster_A,downweight,0.3499999940395355
9495,0,cluster_A,downweight,0.3499999940395355
9496,1,cluster_B,downweight,0.3499999940395355
9497,0,cluster_A,downweight,0.3499999940395355
9498,0,cluster_A,downweight,0.3499999940395355
9499,1,cluster_B,downweight,0.3499999940395355
9500,0,cluster_A,retain,1.0
9501,0,cluster_A,retain,1.0
9502,0,cluster_A,retain,1.0
9503,0,cluster_A,downweight,0.3499999940395355
9504,1,cluster_B,retain,1.0
9505,1,cluster_B,retain,1.0
9506,1,cluster_B,retain,1.0
9507,1,cluster_B,downweight,0.3499999940395355
9508,1,cluster_B,retain,1.0
9509,1,cluster_B,downweight,0.3499999940395355
9510,1,cluster_B,retain,1.0
9511,1,cluster_B,retain,1.0
9512,1,cluster_B,retain,1.0
9513,1,cluster_B,downweight,0.3499999940395355
9514,0,cluster_A,downweight,0.3499999940395355
9515,1,cluster_B,retain,1.0
9516,1,cluster_B,downweight,0.3499999940395355
9517,0,cluster_A,downweight,0.3499999940395355
9518,1,cluster_B,downweight,0.3499999940395355
9519,0,cluster_A,downweight,0.3499999940395355
9520,0,cluster_A,retain,1.0
9521,1,cluster_B,retain,1.0
9522,1,cluster_B,downweight,0.3499999940395355
9523,0,cluster_A,retain,1.0
9524,1,cluster_B,retain,1.0
9525,0,cluster_A,retain,1.0
9526,1,cluster_B,retain,1.0
9527,1,cluster_B,downweight,0.3499999940395355
9528,0,cluster_A,retain,1.0
9529,1,cluster_B,retain,1.0
9530,1,cluster_B,downweight,0.3499999940395355
9531,0,cluster_A,downweight,0.3499999940395355
9532,1,cluster_B,downweight,0.3499999940395355
9533,0,cluster_A,retain,1.0
9534,0,cluster_A,retain,1.0
9535,1,cluster_B,retain,1.0
9536,1,cluster_B,retain,1.0
9537,1,cluster_B,downweight,0.3499999940395355
9538,0,cluster_A,downweight,0.3499999940395355
9539,1,cluster_B,retain,1.0
9540,0,cluster_A,downweight,0.3499999940395355
9541,0,cluster_A,retain,1.0
9542,0,cluster_A,downweight,0.3499999940395355
9543,1,cluster_B,retain,1.0
9544,0,cluster_A,downweight,0.3499999940395355
9545,0,cluster_A,downweight,0.3499999940395355
9546,0,cluster_A,retain,1.0
9547,0,cluster_A,retain,1.0
9548,1,cluster_B,downweight,0.3499999940395355
9549,0,cluster_A,retain,1.0
9550,0,cluster_A,downweight,0.3499999940395355
9551,0,cluster_A,retain,1.0
9552,1,cluster_B,downweight,0.3499999940395355
9553,0,cluster_A,downweight,0.3499999940395355
9554,1,cluster_B,downweight,0.3499999940395355
9555,0,cluster_A,downweight,0.3499999940395355
9556,0,cluster_A,retain,1.0
9557,0,cluster_A,downweight,0.3499999940395355
9558,1,cluster_B,downweight,0.3499999940395355
9559,0,cluster_A,downweight,0.3499999940395355
9560,1,cluster_B,downweight,0.3499999940395355
9561,0,cluster_A,downweight,0.3499999940395355
9562,1,cluster_B,retain,1.0
9563,0,cluster_A,retain,1.0
9564,1,cluster_B,downweight,0.3499999940395355
9565,1,cluster_B,retain,1.0
9566,0,cluster_A,downweight,0.3499999940395355
9567,1,cluster_B,retain,1.0
9568,0,cluster_A,downweight,0.3499999940395355
9569,1,cluster_B,downweight,0.3499999940395355
9570,0,cluster_A,downweight,0.3499999940395355
9571,0,cluster_A,retain,1.0
9572,1,cluster_B,retain,1.0
9573,1,cluster_B,retain,1.0
9574,0,cluster_A,downweight,0.3499999940395355
9575,1,cluster_B,downweight,0.3499999940395355
9576,1,cluster_B,retain,1.0
9577,1,cluster_B,downweight,0.3499999940395355
9578,0,cluster_A,downweight,0.3499999940395355
9579,0,cluster_A,retain,1.0
9580,0,cluster_A,retain,1.0
9581,0,cluster_A,downweight,0.3499999940395355
9582,0,cluster_A,retain,1.0
9583,1,cluster_B,retain,1.0
9584,1,cluster_B,downweight,0.3499999940395355
9585,1,cluster_B,retain,1.0
9586,1,cluster_B,downweight,0.3499999940395355
9587,0,cluster_A,retain,1.0
9588,0,cluster_A,downweight,0.3499999940395355
9589,0,cluster_A,downweight,0.3499999940395355
9590,1,cluster_B,retain,1.0
9591,0,cluster_A,retain,1.0
9592,1,cluster_B,retain,1.0
9593,0,cluster_A,retain,1.0
9594,0,cluster_A,retain,1.0
9595,0,cluster_A,retain,1.0
9596,1,cluster_B,retain,1.0
9597,1,cluster_B,downweight,0.3499999940395355
9598,0,cluster_A,downweight,0.3499999940395355
9599,1,cluster_B,retain,1.0
9600,0,cluster_A,retain,1.0
9601,0,cluster_A,retain,1.0
9602,1,cluster_B,retain,1.0
9603,1,cluster_B,retain,1.0
9604,1,cluster_B,retain,1.0
9605,1,cluster_B,retain,1.0
9606,0,cluster_A,downweight,0.3499999940395355
9607,0,cluster_A,retain,1.0
9608,1,cluster_B,retain,1.0
9609,0,cluster_A,retain,1.0
9610,0,cluster_A,retain,1.0
9611,1,cluster_B,downweight,0.3499999940395355
9612,1,cluster_B,downweight,0.3499999940395355
9613,1,cluster_B,downweight,0.3499999940395355
9614,1,cluster_B,downweight,0.3499999940395355
9615,1,cluster_B,downweight,0.3499999940395355
9616,1,cluster_B,downweight,0.3499999940395355
9617,0,cluster_A,retain,1.0
9618,0,cluster_A,downweight,0.3499999940395355
9619,0,cluster_A,downweight,0.3499999940395355
9620,1,cluster_B,downweight,0.3499999940395355
9621,0,cluster_A,downweight,0.3499999940395355
9622,1,cluster_B,downweight,0.3499999940395355
9623,0,cluster_A,downweight,0.3499999940395355
9624,0,cluster_A,retain,1.0
9625,1,cluster_B,retain,1.0
9626,0,cluster_A,downweight,0.3499999940395355
9627,1,cluster_B,retain,1.0
9628,0,cluster_A,retain,1.0
9629,0,cluster_A,downweight,0.3499999940395355
9630,1,cluster_B,retain,1.0
9631,0,cluster_A,downweight,0.3499999940395355
9632,1,cluster_B,downweight,0.3499999940395355
9633,1,cluster_B,downweight,0.3499999940395355
9634,0,cluster_A,downweight,0.3499999940395355
9635,1,cluster_B,downweight,0.3499999940395355
9636,1,cluster_B,downweight,0.3499999940395355
9637,1,cluster_B,retain,1.0
9638,1,cluster_B,retain,1.0
9639,0,cluster_A,retain,1.0
9640,1,cluster_B,retain,1.0
9641,0,cluster_A,downweight,0.3499999940395355
9642,1,cluster_B,downweight,0.3499999940395355
9643,1,cluster_B,retain,1.0
9644,1,cluster_B,downweight,0.3499999940395355
9645,0,cluster_A,downweight,0.3499999940395355
9646,0,cluster_A,downweight,0.3499999940395355
9647,1,cluster_B,downweight,0.3499999940395355
9648,0,cluster_A,downweight,0.3499999940395355
9649,1,cluster_B,downweight,0.3499999940395355
9650,1,cluster_B,retain,1.0
9651,1,cluster_B,downweight,0.3499999940395355
9652,1,cluster_B,retain,1.0
9653,0,cluster_A,retain,1.0
9654,1,cluster_B,retain,1.0
9655,0,cluster_A,downweight,0.3499999940395355
9656,1,cluster_B,retain,1.0
9657,0,cluster_A,retain,1.0
9658,1,cluster_B,downweight,0.3499999940395355
9659,0,cluster_A,retain,1.0
9660,1,cluster_B,retain,1.0
9661,1,cluster_B,retain,1.0
9662,1,cluster_B,retain,1.0
9663,0,cluster_A,retain,1.0
9664,1,cluster_B,downweight,0.3499999940395355
9665,0,cluster_A,retain,1.0
9667,1,cluster_B,retain,1.0
9668,1,cluster_B,downweight,0.3499999940395355
9669,1,cluster_B,downweight,0.3499999940395355
9670,1,cluster_B,downweight,0.3499999940395355
9671,1,cluster_B,retain,1.0
9672,1,cluster_B,downweight,0.3499999940395355
9673,0,cluster_A,downweight,0.3499999940395355
9674,1,cluster_B,retain,1.0
9675,1,cluster_B,retain,1.0
9676,1,cluster_B,downweight,0.3499999940395355
9677,1,cluster_B,downweight,0.3499999940395355
9678,0,cluster_A,downweight,0.3499999940395355
9679,1,cluster_B,retain,1.0
9680,0,cluster_A,downweight,0.3499999940395355
9681,1,cluster_B,retain,1.0
9682,0,cluster_A,retain,1.0
9683,0,cluster_A,retain,1.0
9684,0,cluster_A,downweight,0.3499999940395355
9685,1,cluster_B,retain,1.0
9686,1,cluster_B,retain,1.0
9687,0,cluster_A,downweight,0.3499999940395355
9688,1,cluster_B,downweight,0.3499999940395355
9689,0,cluster_A,retain,1.0
9690,1,cluster_B,downweight,0.3499999940395355
9691,1,cluster_B,downweight,0.3499999940395355
9692,0,cluster_A,downweight,0.3499999940395355
9693,1,cluster_B,downweight,0.3499999940395355
9694,0,cluster_A,downweight,0.3499999940395355
9695,0,cluster_A,retain,1.0
9696,1,cluster_B,retain,1.0
9697,0,cluster_A,downweight,0.3499999940395355
9698,1,cluster_B,retain,1.0
9699,0,cluster_A,downweight,0.3499999940395355
9700,1,cluster_B,retain,1.0
9701,0,cluster_A,downweight,0.3499999940395355
9702,0,cluster_A,downweight,0.3499999940395355
9703,0,cluster_A,downweight,0.3499999940395355
9704,1,cluster_B,downweight,0.3499999940395355
9705,1,cluster_B,downweight,0.3499999940395355
9706,1,cluster_B,downweight,0.3499999940395355
9707,0,cluster_A,downweight,0.3499999940395355
9708,0,cluster_A,retain,1.0
9709,0,cluster_A,retain,1.0
9710,1,cluster_B,retain,1.0
9711,0,cluster_A,downweight,0.3499999940395355
9712,0,cluster_A,retain,1.0
9713,1,cluster_B,retain,1.0
9714,1,cluster_B,downweight,0.3499999940395355
9715,1,cluster_B,downweight,0.3499999940395355
9716,1,cluster_B,downweight,0.3499999940395355
9718,1,cluster_B,retain,1.0
9719,1,cluster_B,downweight,0.3499999940395355
9720,1,cluster_B,downweight,0.3499999940395355
9721,1,cluster_B,retain,1.0
9722,0,cluster_A,retain,1.0
9723,0,cluster_A,downweight,0.3499999940395355
9724,1,cluster_B,retain,1.0
9725,0,cluster_A,retain,1.0
9726,0,cluster_A,downweight,0.3499999940395355
9727,1,cluster_B,downweight,0.3499999940395355
9728,0,cluster_A,retain,1.0
9729,1,cluster_B,retain,1.0
9730,0,cluster_A,retain,1.0
9731,0,cluster_A,retain,1.0
9732,1,cluster_B,retain,1.0
9733,0,cluster_A,retain,1.0
9734,1,cluster_B,downweight,0.3499999940395355
9735,1,cluster_B,downweight,0.3499999940395355
9736,0,cluster_A,retain,1.0
9737,0,cluster_A,retain,1.0
9738,0,cluster_A,downweight,0.3499999940395355
9739,0,cluster_A,retain,1.0
9740,1,cluster_B,downweight,0.3499999940395355
9741,1,cluster_B,retain,1.0
9742,0,cluster_A,retain,1.0
9743,1,cluster_B,downweight,0.3499999940395355
9744,0,cluster_A,retain,1.0
9745,0,cluster_A,retain,1.0
9746,1,cluster_B,downweight,0.3499999940395355
9747,0,cluster_A,retain,1.0
9748,0,cluster_A,downweight,0.3499999940395355
9749,0,cluster_A,downweight,0.3499999940395355
9750,1,cluster_B,downweight,0.3499999940395355
9751,1,cluster_B,downweight,0.3499999940395355
9752,0,cluster_A,downweight,0.3499999940395355
9753,1,cluster_B,downweight,0.3499999940395355
9754,1,cluster_B,downweight,0.3499999940395355
9755,0,cluster_A,retain,1.0
9756,0,cluster_A,downweight,0.3499999940395355
9757,1,cluster_B,downweight,0.3499999940395355
9758,0,cluster_A,downweight,0.3499999940395355
9759,0,cluster_A,downweight,0.3499999940395355
9760,1,cluster_B,retain,1.0
9761,0,cluster_A,downweight,0.3499999940395355
9762,1,cluster_B,retain,1.0
9763,1,cluster_B,retain,1.0
9764,0,cluster_A,retain,1.0
9765,1,cluster_B,downweight,0.3499999940395355
9766,0,cluster_A,retain,1.0
9767,0,cluster_A,downweight,0.3499999940395355
9768,1,cluster_B,retain,1.0
9769,0,cluster_A,downweight,0.3499999940395355
9770,1,cluster_B,downweight,0.3499999940395355
9771,0,cluster_A,retain,1.0
9772,0,cluster_A,downweight,0.3499999940395355
9773,0,cluster_A,downweight,0.3499999940395355
9774,1,cluster_B,downweight,0.3499999940395355
9775,0,cluster_A,retain,1.0
9776,1,cluster_B,downweight,0.3499999940395355
9777,1,cluster_B,retain,1.0
9778,0,cluster_A,retain,1.0
9779,0,cluster_A,downweight,0.3499999940395355
9780,0,cluster_A,downweight,0.3499999940395355
9781,1,cluster_B,retain,1.0
9782,0,cluster_A,retain,1.0
9783,1,cluster_B,downweight,0.3499999940395355
9784,0,cluster_A,downweight,0.3499999940395355
9785,1,cluster_B,downweight,0.3499999940395355
9786,1,cluster_B,retain,1.0
9787,1,cluster_B,retain,1.0
9788,1,cluster_B,downweight,0.3499999940395355
9789,1,cluster_B,retain,1.0
9790,1,cluster_B,downweight,0.3499999940395355
9791,0,cluster_A,downweight,0.3499999940395355
9792,1,cluster_B,retain,1.0
9793,0,cluster_A,downweight,0.3499999940395355
9794,0,cluster_A,retain,1.0
9795,1,cluster_B,downweight,0.3499999940395355
9796,1,cluster_B,downweight,0.3499999940395355
9797,0,cluster_A,retain,1.0
9798,0,cluster_A,downweight,0.3499999940395355
9799,0,cluster_A,downweight,0.3499999940395355
9800,0,cluster_A,retain,1.0
9801,0,cluster_A,retain,1.0
9802,1,cluster_B,downweight,0.3499999940395355
9803,0,cluster_A,downweight,0.3499999940395355
9804,0,cluster_A,retain,1.0
9805,0,cluster_A,downweight,0.3499999940395355
9806,0,cluster_A,retain,1.0
9807,0,cluster_A,downweight,0.3499999940395355
9808,0,cluster_A,downweight,0.3499999940395355
9809,1,cluster_B,downweight,0.3499999940395355
9810,0,cluster_A,retain,1.0
9811,0,cluster_A,retain,1.0
9812,0,cluster_A,retain,1.0
9813,0,cluster_A,downweight,0.3499999940395355
9814,1,cluster_B,retain,1.0
9815,1,cluster_B,downweight,0.3499999940395355
9816,1,cluster_B,retain,1.0
9817,0,cluster_A,retain,1.0
9818,0,cluster_A,downweight,0.3499999940395355
9819,0,cluster_A,downweight,0.3499999940395355
9820,0,cluster_A,retain,1.0
9821,1,cluster_B,retain,1.0
9822,1,cluster_B,downweight,0.3499999940395355
9823,0,cluster_A,downweight,0.3499999940395355
9824,0,cluster_A,downweight,0.3499999940395355
9825,1,cluster_B,downweight,0.3499999940395355
9826,1,cluster_B,downweight,0.3499999940395355
9827,0,cluster_A,retain,1.0
9828,0,cluster_A,downweight,0.3499999940395355
9829,0,cluster_A,downweight,0.3499999940395355
9830,0,cluster_A,retain,1.0
9831,0,cluster_A,retain,1.0
9832,1,cluster_B,downweight,0.3499999940395355
9833,0,cluster_A,retain,1.0
9834,1,cluster_B,downweight,0.3499999940395355
9835,0,cluster_A,downweight,0.3499999940395355
9836,0,cluster_A,downweight,0.3499999940395355
9837,0,cluster_A,downweight,0.3499999940395355
9838,0,cluster_A,downweight,0.3499999940395355
9839,1,cluster_B,downweight,0.3499999940395355
9840,1,cluster_B,downweight,0.3499999940395355
9841,1,cluster_B,retain,1.0
9842,0,cluster_A,downweight,0.3499999940395355
9843,0,cluster_A,retain,1.0
9844,1,cluster_B,retain,1.0
9845,1,cluster_B,retain,1.0
9846,0,cluster_A,retain,1.0
9847,1,cluster_B,downweight,0.3499999940395355
9848,1,cluster_B,retain,1.0
9849,1,cluster_B,downweight,0.3499999940395355
9850,1,cluster_B,downweight,0.3499999940395355
9851,1,cluster_B,retain,1.0
9852,0,cluster_A,retain,1.0
9853,1,cluster_B,downweight,0.3499999940395355
9854,1,cluster_B,downweight,0.3499999940395355
9855,1,cluster_B,downweight,0.3499999940395355
9856,1,cluster_B,retain,1.0
9857,1,cluster_B,retain,1.0
9858,1,cluster_B,retain,1.0
9859,1,cluster_B,retain,1.0
9860,0,cluster_A,downweight,0.3499999940395355
9861,1,cluster_B,downweight,0.3499999940395355
9862,1,cluster_B,retain,1.0
9863,0,cluster_A,downweight,0.3499999940395355
9864,0,cluster_A,downweight,0.3499999940395355
9865,0,cluster_A,downweight,0.3499999940395355
9866,0,cluster_A,downweight,0.3499999940395355
9867,0,cluster_A,downweight,0.3499999940395355
9868,1,cluster_B,retain,1.0
9869,0,cluster_A,retain,1.0
9870,0,cluster_A,downweight,0.3499999940395355
9871,1,cluster_B,downweight,0.3499999940395355
9872,1,cluster_B,downweight,0.3499999940395355
9873,0,cluster_A,downweight,0.3499999940395355
9874,0,cluster_A,downweight,0.3499999940395355
9875,1,cluster_B,retain,1.0
9876,0,cluster_A,downweight,0.3499999940395355
9877,1,cluster_B,downweight,0.3499999940395355
9878,1,cluster_B,downweight,0.3499999940395355
9879,0,cluster_A,retain,1.0
9880,1,cluster_B,retain,1.0
9881,1,cluster_B,downweight,0.3499999940395355
9882,1,cluster_B,retain,1.0
9883,0,cluster_A,downweight,0.3499999940395355
9884,1,cluster_B,retain,1.0
9885,0,cluster_A,downweight,0.3499999940395355
9886,1,cluster_B,retain,1.0
9887,0,cluster_A,downweight,0.3499999940395355
9888,1,cluster_B,downweight,0.3499999940395355
9889,0,cluster_A,downweight,0.3499999940395355
9890,1,cluster_B,downweight,0.3499999940395355
9891,0,cluster_A,downweight,0.3499999940395355
9892,0,cluster_A,retain,1.0
9893,1,cluster_B,downweight,0.3499999940395355
9894,0,cluster_A,downweight,0.3499999940395355
9895,0,cluster_A,downweight,0.3499999940395355
9896,1,cluster_B,downweight,0.3499999940395355
9897,1,cluster_B,downweight,0.3499999940395355
9898,0,cluster_A,downweight,0.3499999940395355
9899,0,cluster_A,downweight,0.3499999940395355
9900,0,cluster_A,retain,1.0
9901,0,cluster_A,downweight,0.3499999940395355
9902,1,cluster_B,retain,1.0
9903,0,cluster_A,downweight,0.3499999940395355
9904,1,cluster_B,retain,1.0
9905,0,cluster_A,downweight,0.3499999940395355
9906,0,cluster_A,retain,1.0
9907,0,cluster_A,retain,1.0
9908,0,cluster_A,downweight,0.3499999940395355
9909,1,cluster_B,downweight,0.3499999940395355
9910,0,cluster_A,downweight,0.3499999940395355
9911,0,cluster_A,retain,1.0
9912,0,cluster_A,retain,1.0
9913,1,cluster_B,downweight,0.3499999940395355
9914,1,cluster_B,retain,1.0
9915,1,cluster_B,retain,1.0
9916,1,cluster_B,downweight,0.3499999940395355
9917,1,cluster_B,downweight,0.3499999940395355
9918,0,cluster_A,downweight,0.3499999940395355
9919,0,cluster_A,downweight,0.3499999940395355
9920,0,cluster_A,retain,1.0
9921,0,cluster_A,downweight,0.3499999940395355
9922,0,cluster_A,downweight,0.3499999940395355
9923,1,cluster_B,downweight,0.3499999940395355
9924,1,cluster_B,downweight,0.3499999940395355
9925,0,cluster_A,retain,1.0
9926,0,cluster_A,retain,1.0
9927,0,cluster_A,downweight,0.3499999940395355
9928,0,cluster_A,retain,1.0
9929,0,cluster_A,retain,1.0
9930,1,cluster_B,retain,1.0
9931,0,cluster_A,downweight,0.3499999940395355
9932,0,cluster_A,downweight,0.3499999940395355
9933,0,cluster_A,retain,1.0
9934,1,cluster_B,retain,1.0
9935,1,cluster_B,downweight,0.3499999940395355
9936,0,cluster_A,retain,1.0
9937,1,cluster_B,downweight,0.3499999940395355
9938,1,cluster_B,downweight,0.3499999940395355
9939,1,cluster_B,downweight,0.3499999940395355
9940,1,cluster_B,retain,1.0
9941,1,cluster_B,retain,1.0
9942,1,cluster_B,retain,1.0
9943,0,cluster_A,downweight,0.3499999940395355
9944,1,cluster_B,retain,1.0
9946,1,cluster_B,retain,1.0
9947,1,cluster_B,retain,1.0
9948,0,cluster_A,downweight,0.3499999940395355
9949,1,cluster_B,retain,1.0
9950,1,cluster_B,retain,1.0
9951,1,cluster_B,retain,1.0
9952,1,cluster_B,retain,1.0
9953,0,cluster_A,retain,1.0
9954,0,cluster_A,downweight,0.3499999940395355
9955,1,cluster_B,downweight,0.3499999940395355
9956,1,cluster_B,retain,1.0
9957,1,cluster_B,retain,1.0
9958,1,cluster_B,retain,1.0
9959,1,cluster_B,downweight,0.3499999940395355
9960,0,cluster_A,downweight,0.3499999940395355
9961,1,cluster_B,downweight,0.3499999940395355
9962,1,cluster_B,downweight,0.3499999940395355
9964,0,cluster_A,downweight,0.3499999940395355
9965,0,cluster_A,retain,1.0
9966,1,cluster_B,downweight,0.3499999940395355
9967,0,cluster_A,retain,1.0
9968,1,cluster_B,retain,1.0
9969,0,cluster_A,downweight,0.3499999940395355
9970,1,cluster_B,retain,1.0
9971,0,cluster_A,retain,1.0
9972,0,cluster_A,downweight,0.3499999940395355
9973,1,cluster_B,downweight,0.3499999940395355
9974,1,cluster_B,downweight,0.3499999940395355
9976,0,cluster_A,retain,1.0
9977,0,cluster_A,downweight,0.3499999940395355
9978,1,cluster_B,retain,1.0
9979,0,cluster_A,downweight,0.3499999940395355
9980,1,cluster_B,downweight,0.3499999940395355
9981,0,cluster_A,downweight,0.3499999940395355
9982,1,cluster_B,retain,1.0
9983,1,cluster_B,retain,1.0
9984,0,cluster_A,retain,1.0
9985,1,cluster_B,downweight,0.3499999940395355
9986,1,cluster_B,downweight,0.3499999940395355
9987,1,cluster_B,downweight,0.3499999940395355
9988,0,cluster_A,retain,1.0
9989,1,cluster_B,retain,1.0
9990,0,cluster_A,downweight,0.3499999940395355
9991,0,cluster_A,retain,1.0
9992,0,cluster_A,retain,1.0
9993,1,cluster_B,retain,1.0
9994,0,cluster_A,downweight,0.3499999940395355
9995,1,cluster_B,retain,1.0
9996,1,cluster_B,downweight,0.3499999940395355
9997,1,cluster_B,downweight,0.3499999940395355
9998,0,cluster_A,retain,1.0
9999,0,cluster_A,retain,1.0
