anchor_record_id,anchor_key,source_index,label,label_name,snr
-1,anchor_scsn_000000,763,0,up,67.31410217285156
-2,anchor_scsn_000001,802,0,up,108.62078094482422
-3,anchor_scsn_000002,1323,0,up,89.2547607421875
-4,anchor_scsn_000003,1537,0,up,94.4471435546875
-5,anchor_scsn_000004,1811,0,up,63.515445709228516
-6,anchor_scsn_000005,1854,0,up,112.53996276855469
-7,anchor_scsn_000006,1957,0,up,120.94300079345703
-8,anchor_scsn_000007,2649,0,up,845.395263671875
-9,anchor_scsn_000008,3440,0,up,75.79283142089844
-10,anchor_scsn_000009,3584,0,up,175.79698181152344
-11,anchor_scsn_000010,3616,0,up,162.41802978515625
-12,anchor_scsn_000011,3619,0,up,188.779052734375
-13,anchor_scsn_000012,3870,0,up,93.0106201171875
-14,anchor_scsn_000013,4838,0,up,56.63936233520508
-15,anchor_scsn_000014,5164,0,up,73.93421936035156
-16,anchor_scsn_000015,5365,0,up,83.32775115966797
-17,anchor_scsn_000016,5436,0,up,112.64825439453125
-18,anchor_scsn_000017,5491,0,up,132.3686981201172
-19,anchor_scsn_000018,5614,0,up,144.63829040527344
-20,anchor_scsn_000019,5647,0,up,97.81391143798828
-21,anchor_scsn_000020,5700,0,up,311.99859619140625
-22,anchor_scsn_000021,5711,0,up,50.44394302368164
-23,anchor_scsn_000022,5992,0,up,64.64608764648438
-24,anchor_scsn_000023,6382,0,up,59.90067672729492
-25,anchor_scsn_000024,6567,0,up,62.3824462890625
-26,anchor_scsn_000025,6611,0,up,119.94429016113281
-27,anchor_scsn_000026,6652,0,up,74.59294128417969
-28,anchor_scsn_000027,6703,0,up,181.14344787597656
-29,anchor_scsn_000028,6920,0,up,68.43270874023438
-30,anchor_scsn_000029,7518,0,up,65.95889282226562
-31,anchor_scsn_000030,7747,0,up,187.94607543945312
-32,anchor_scsn_000031,7963,0,up,83.26191711425781
-33,anchor_scsn_000032,8544,0,up,62.294898986816406
-34,anchor_scsn_000033,8772,0,up,377.6805114746094
-35,anchor_scsn_000034,8778,0,up,58.95530700683594
-36,anchor_scsn_000035,8925,0,up,122.69510650634766
-37,anchor_scsn_000036,8962,0,up,76.45967864990234
-38,anchor_scsn_000037,9186,0,up,67.1383056640625
-39,anchor_scsn_000038,9295,0,up,149.78546142578125
-40,anchor_scsn_000039,9462,0,up,183.07986450195312
-41,anchor_scsn_000040,9732,0,up,152.59130859375
-42,anchor_scsn_000041,9733,0,up,81.72502899169922
-43,anchor_scsn_000042,9909,0,up,51.101932525634766
-44,anchor_scsn_000043,10159,0,up,68.10150909423828
-45,anchor_scsn_000044,10176,0,up,68.10919189453125
-46,anchor_scsn_000045,10246,0,up,60.59569549560547
-47,anchor_scsn_000046,11029,0,up,111.54061889648438
-48,anchor_scsn_000047,11133,0,up,74.43042755126953
-49,anchor_scsn_000048,11816,0,up,50.441280364990234
-50,anchor_scsn_000049,12182,0,up,59.77190399169922
-51,anchor_scsn_000050,12297,0,up,83.46906280517578
-52,anchor_scsn_000051,12947,0,up,273.08441162109375
-53,anchor_scsn_000052,13141,0,up,186.3941192626953
-54,anchor_scsn_000053,13179,0,up,133.00270080566406
-55,anchor_scsn_000054,14480,0,up,104.3106460571289
-56,anchor_scsn_000055,14692,0,up,69.85055541992188
-57,anchor_scsn_000056,15171,0,up,55.51764678955078
-58,anchor_scsn_000057,15440,0,up,58.79552459716797
-59,anchor_scsn_000058,15518,0,up,93.35865020751953
-60,anchor_scsn_000059,16497,0,up,96.4907455444336
-61,anchor_scsn_000060,16805,0,up,65.01947021484375
-62,anchor_scsn_000061,17133,0,up,81.60514831542969
-63,anchor_scsn_000062,17334,0,up,53.1429328918457
-64,anchor_scsn_000063,17463,0,up,84.2788314819336
-65,anchor_scsn_000064,17718,0,up,816.3154907226562
-66,anchor_scsn_000065,18052,0,up,52.35313415527344
-67,anchor_scsn_000066,18094,0,up,110.49504089355469
-68,anchor_scsn_000067,19090,0,up,118.15038299560547
-69,anchor_scsn_000068,19452,0,up,51.908470153808594
-70,anchor_scsn_000069,19614,0,up,143.76730346679688
-71,anchor_scsn_000070,20358,0,up,65.36499786376953
-72,anchor_scsn_000071,20797,0,up,61.65910720825195
-73,anchor_scsn_000072,21347,0,up,132.40145874023438
-74,anchor_scsn_000073,21487,0,up,51.28837966918945
-75,anchor_scsn_000074,21876,0,up,68.0442886352539
-76,anchor_scsn_000075,22301,0,up,74.26085662841797
-77,anchor_scsn_000076,22589,0,up,155.2857666015625
-78,anchor_scsn_000077,22689,0,up,119.23081970214844
-79,anchor_scsn_000078,22766,0,up,94.37081909179688
-80,anchor_scsn_000079,22784,0,up,57.01377487182617
-81,anchor_scsn_000080,22854,0,up,67.81956481933594
-82,anchor_scsn_000081,22912,0,up,164.16465759277344
-83,anchor_scsn_000082,23759,0,up,144.42640686035156
-84,anchor_scsn_000083,24507,0,up,75.83487701416016
-85,anchor_scsn_000084,24719,0,up,272.7065124511719
-86,anchor_scsn_000085,24823,0,up,423.9088439941406
-87,anchor_scsn_000086,25728,0,up,79.80398559570312
-88,anchor_scsn_000087,25827,0,up,126.4939193725586
-89,anchor_scsn_000088,25964,0,up,727.390380859375
-90,anchor_scsn_000089,26519,0,up,302.3962707519531
-91,anchor_scsn_000090,26566,0,up,56.34347152709961
-92,anchor_scsn_000091,26758,0,up,74.16940307617188
-93,anchor_scsn_000092,27107,0,up,415.0018615722656
-94,anchor_scsn_000093,27133,0,up,233.6885528564453
-95,anchor_scsn_000094,27388,0,up,189.38272094726562
-96,anchor_scsn_000095,27600,0,up,124.15863800048828
-97,anchor_scsn_000096,28001,0,up,137.04151916503906
-98,anchor_scsn_000097,28308,0,up,270.29376220703125
-99,anchor_scsn_000098,28517,0,up,66.58439636230469
-100,anchor_scsn_000099,28692,0,up,372.8277587890625
-101,anchor_scsn_000100,28797,0,up,92.65933227539062
-102,anchor_scsn_000101,28811,0,up,123.14452362060547
-103,anchor_scsn_000102,28831,0,up,83.08392333984375
-104,anchor_scsn_000103,28899,0,up,52.91407012939453
-105,anchor_scsn_000104,29006,0,up,51.05470657348633
-106,anchor_scsn_000105,29370,0,up,143.05003356933594
-107,anchor_scsn_000106,29416,0,up,127.64955139160156
-108,anchor_scsn_000107,29473,0,up,67.02525329589844
-109,anchor_scsn_000108,29797,0,up,768.3704833984375
-110,anchor_scsn_000109,30017,0,up,72.0465087890625
-111,anchor_scsn_000110,30053,0,up,65.82721710205078
-112,anchor_scsn_000111,30396,0,up,106.1197509765625
-113,anchor_scsn_000112,31060,0,up,832.7752685546875
-114,anchor_scsn_000113,31135,0,up,92.84066772460938
-115,anchor_scsn_000114,31279,0,up,60.057003021240234
-116,anchor_scsn_000115,31481,0,up,268.660400390625
-117,anchor_scsn_000116,31676,0,up,185.1803436279297
-118,anchor_scsn_000117,32039,0,up,153.22970581054688
-119,anchor_scsn_000118,32698,0,up,642.9920043945312
-120,anchor_scsn_000119,32762,0,up,80.68850708007812
-121,anchor_scsn_000120,32770,0,up,75.34701538085938
-122,anchor_scsn_000121,32900,0,up,129.55287170410156
-123,anchor_scsn_000122,33274,0,up,132.753662109375
-124,anchor_scsn_000123,33375,0,up,99.83233642578125
-125,anchor_scsn_000124,33982,0,up,52.24803161621094
-126,anchor_scsn_000125,36035,0,up,65.10478973388672
-127,anchor_scsn_000126,36433,0,up,102.69245910644531
-128,anchor_scsn_000127,36540,0,up,377.2282409667969
-129,anchor_scsn_000128,36612,0,up,115.8613510131836
-130,anchor_scsn_000129,36773,0,up,185.5672607421875
-131,anchor_scsn_000130,36983,0,up,239.86459350585938
-132,anchor_scsn_000131,37198,0,up,190.6456756591797
-133,anchor_scsn_000132,37307,0,up,137.8920135498047
-134,anchor_scsn_000133,37434,0,up,59.81332778930664
-135,anchor_scsn_000134,37685,0,up,103.83409118652344
-136,anchor_scsn_000135,37776,0,up,92.78742980957031
-137,anchor_scsn_000136,38343,0,up,83.11734771728516
-138,anchor_scsn_000137,38626,0,up,151.6104278564453
-139,anchor_scsn_000138,38801,0,up,71.7256851196289
-140,anchor_scsn_000139,38923,0,up,83.76223754882812
-141,anchor_scsn_000140,38932,0,up,237.2550048828125
-142,anchor_scsn_000141,39090,0,up,52.30121994018555
-143,anchor_scsn_000142,39145,0,up,171.4576873779297
-144,anchor_scsn_000143,39165,0,up,779.2423095703125
-145,anchor_scsn_000144,39577,0,up,65.17231750488281
-146,anchor_scsn_000145,39791,0,up,83.97586822509766
-147,anchor_scsn_000146,40282,0,up,53.190452575683594
-148,anchor_scsn_000147,40355,0,up,50.92070007324219
-149,anchor_scsn_000148,40701,0,up,134.2447967529297
-150,anchor_scsn_000149,41296,0,up,127.79839324951172
-151,anchor_scsn_000150,42825,0,up,94.26921081542969
-152,anchor_scsn_000151,42913,0,up,88.25603485107422
-153,anchor_scsn_000152,42981,0,up,58.70059585571289
-154,anchor_scsn_000153,43008,0,up,56.77461624145508
-155,anchor_scsn_000154,43191,0,up,52.23820114135742
-156,anchor_scsn_000155,43743,0,up,162.00674438476562
-157,anchor_scsn_000156,43856,0,up,209.49697875976562
-158,anchor_scsn_000157,43904,0,up,56.98906326293945
-159,anchor_scsn_000158,44101,0,up,71.94851684570312
-160,anchor_scsn_000159,44256,0,up,124.01082611083984
-161,anchor_scsn_000160,44512,0,up,811.9083862304688
-162,anchor_scsn_000161,44686,0,up,392.3794860839844
-163,anchor_scsn_000162,45071,0,up,152.32106018066406
-164,anchor_scsn_000163,45096,0,up,352.1499938964844
-165,anchor_scsn_000164,45197,0,up,72.9454116821289
-166,anchor_scsn_000165,45257,0,up,57.08895492553711
-167,anchor_scsn_000166,45750,0,up,227.69338989257812
-168,anchor_scsn_000167,45972,0,up,66.34869384765625
-169,anchor_scsn_000168,46547,0,up,75.35248565673828
-170,anchor_scsn_000169,46934,0,up,60.969886779785156
-171,anchor_scsn_000170,46990,0,up,96.8318862915039
-172,anchor_scsn_000171,47128,0,up,250.6156463623047
-173,anchor_scsn_000172,47173,0,up,97.58907318115234
-174,anchor_scsn_000173,47396,0,up,75.7691650390625
-175,anchor_scsn_000174,47519,0,up,55.69852066040039
-176,anchor_scsn_000175,47735,0,up,115.23827362060547
-177,anchor_scsn_000176,48319,0,up,275.7916564941406
-178,anchor_scsn_000177,48739,0,up,126.19075775146484
-179,anchor_scsn_000178,49231,0,up,76.2489242553711
-180,anchor_scsn_000179,49661,0,up,330.0692443847656
-181,anchor_scsn_000180,49880,0,up,92.39727020263672
-182,anchor_scsn_000181,49884,0,up,88.57695007324219
-183,anchor_scsn_000182,50322,0,up,85.95540618896484
-184,anchor_scsn_000183,50683,0,up,848.192626953125
-185,anchor_scsn_000184,50983,0,up,89.5829849243164
-186,anchor_scsn_000185,51034,0,up,79.62913513183594
-187,anchor_scsn_000186,51059,0,up,175.59530639648438
-188,anchor_scsn_000187,51455,0,up,684.9063720703125
-189,anchor_scsn_000188,51511,0,up,158.3583221435547
-190,anchor_scsn_000189,51810,0,up,69.47611999511719
-191,anchor_scsn_000190,52042,0,up,168.21583557128906
-192,anchor_scsn_000191,52416,0,up,114.68449401855469
-193,anchor_scsn_000192,53003,0,up,158.5898895263672
-194,anchor_scsn_000193,53584,0,up,204.85458374023438
-195,anchor_scsn_000194,53665,0,up,81.46771240234375
-196,anchor_scsn_000195,53932,0,up,59.64506912231445
-197,anchor_scsn_000196,54016,0,up,86.39246368408203
-198,anchor_scsn_000197,54260,0,up,112.57221984863281
-199,anchor_scsn_000198,54278,0,up,202.94808959960938
-200,anchor_scsn_000199,54295,0,up,95.1236343383789
-201,anchor_scsn_000200,54463,0,up,374.7411193847656
-202,anchor_scsn_000201,54788,0,up,96.38236236572266
-203,anchor_scsn_000202,55534,0,up,63.70827865600586
-204,anchor_scsn_000203,55548,0,up,135.62335205078125
-205,anchor_scsn_000204,55632,0,up,197.5115203857422
-206,anchor_scsn_000205,55837,0,up,237.37057495117188
-207,anchor_scsn_000206,55976,0,up,112.09913635253906
-208,anchor_scsn_000207,56002,0,up,73.15621185302734
-209,anchor_scsn_000208,56049,0,up,113.96189880371094
-210,anchor_scsn_000209,56150,0,up,53.13355255126953
-211,anchor_scsn_000210,56590,0,up,53.03204345703125
-212,anchor_scsn_000211,56675,0,up,230.9369354248047
-213,anchor_scsn_000212,56829,0,up,111.15345764160156
-214,anchor_scsn_000213,56934,0,up,81.83525848388672
-215,anchor_scsn_000214,57513,0,up,158.00894165039062
-216,anchor_scsn_000215,58193,0,up,125.1261978149414
-217,anchor_scsn_000216,58342,0,up,58.31020736694336
-218,anchor_scsn_000217,58834,0,up,55.54927062988281
-219,anchor_scsn_000218,58939,0,up,354.5157165527344
-220,anchor_scsn_000219,59095,0,up,55.74734115600586
-221,anchor_scsn_000220,59869,0,up,96.44617462158203
-222,anchor_scsn_000221,60235,0,up,88.77655792236328
-223,anchor_scsn_000222,60378,0,up,339.2195129394531
-224,anchor_scsn_000223,60486,0,up,140.58355712890625
-225,anchor_scsn_000224,60820,0,up,53.45989990234375
-226,anchor_scsn_000225,61035,0,up,54.99105453491211
-227,anchor_scsn_000226,61123,0,up,97.15054321289062
-228,anchor_scsn_000227,61193,0,up,845.0892333984375
-229,anchor_scsn_000228,61874,0,up,62.04179000854492
-230,anchor_scsn_000229,62150,0,up,74.4277572631836
-231,anchor_scsn_000230,62186,0,up,82.97470092773438
-232,anchor_scsn_000231,62229,0,up,100.23982238769531
-233,anchor_scsn_000232,62276,0,up,104.25080871582031
-234,anchor_scsn_000233,62412,0,up,116.4193344116211
-235,anchor_scsn_000234,62720,0,up,232.28970336914062
-236,anchor_scsn_000235,62723,0,up,62.72017288208008
-237,anchor_scsn_000236,62784,0,up,101.93730926513672
-238,anchor_scsn_000237,62844,0,up,222.11279296875
-239,anchor_scsn_000238,62976,0,up,195.88478088378906
-240,anchor_scsn_000239,63087,0,up,93.47710418701172
-241,anchor_scsn_000240,63571,0,up,89.6107177734375
-242,anchor_scsn_000241,63580,0,up,108.17418670654297
-243,anchor_scsn_000242,63974,0,up,264.2298889160156
-244,anchor_scsn_000243,64608,0,up,54.57587814331055
-245,anchor_scsn_000244,64797,0,up,234.0968017578125
-246,anchor_scsn_000245,64962,0,up,92.99458312988281
-247,anchor_scsn_000246,65357,0,up,119.10888671875
-248,anchor_scsn_000247,65479,0,up,57.48275375366211
-249,anchor_scsn_000248,66488,0,up,57.30457305908203
-250,anchor_scsn_000249,66641,0,up,96.33773040771484
-251,anchor_scsn_000250,66820,0,up,195.74620056152344
-252,anchor_scsn_000251,67010,0,up,228.1839599609375
-253,anchor_scsn_000252,67129,0,up,72.95077514648438
-254,anchor_scsn_000253,67183,0,up,64.9818115234375
-255,anchor_scsn_000254,67593,0,up,398.5208435058594
-256,anchor_scsn_000255,67974,0,up,63.53218460083008
-257,anchor_scsn_000256,68207,0,up,117.19015502929688
-258,anchor_scsn_000257,68335,0,up,108.94137573242188
-259,anchor_scsn_000258,68643,0,up,79.10289764404297
-260,anchor_scsn_000259,69169,0,up,90.78931427001953
-261,anchor_scsn_000260,69460,0,up,51.108646392822266
-262,anchor_scsn_000261,69573,0,up,126.7690658569336
-263,anchor_scsn_000262,69591,0,up,87.4505615234375
-264,anchor_scsn_000263,69964,0,up,62.59775161743164
-265,anchor_scsn_000264,70546,0,up,70.53543090820312
-266,anchor_scsn_000265,70552,0,up,53.22102737426758
-267,anchor_scsn_000266,70584,0,up,50.79655838012695
-268,anchor_scsn_000267,70585,0,up,121.86100769042969
-269,anchor_scsn_000268,70594,0,up,59.30571365356445
-270,anchor_scsn_000269,70798,0,up,146.6167449951172
-271,anchor_scsn_000270,70844,0,up,162.750732421875
-272,anchor_scsn_000271,70862,0,up,138.6754608154297
-273,anchor_scsn_000272,71393,0,up,142.4927520751953
-274,anchor_scsn_000273,71534,0,up,50.39761734008789
-275,anchor_scsn_000274,72002,0,up,103.58291625976562
-276,anchor_scsn_000275,72452,0,up,187.74923706054688
-277,anchor_scsn_000276,72465,0,up,204.87098693847656
-278,anchor_scsn_000277,72904,0,up,88.82190704345703
-279,anchor_scsn_000278,73090,0,up,50.955440521240234
-280,anchor_scsn_000279,73103,0,up,139.95318603515625
-281,anchor_scsn_000280,73159,0,up,62.93650436401367
-282,anchor_scsn_000281,73320,0,up,89.54741668701172
-283,anchor_scsn_000282,73439,0,up,102.80131530761719
-284,anchor_scsn_000283,74020,0,up,90.3057861328125
-285,anchor_scsn_000284,74150,0,up,274.04974365234375
-286,anchor_scsn_000285,74575,0,up,105.42884063720703
-287,anchor_scsn_000286,74868,0,up,107.08598327636719
-288,anchor_scsn_000287,75082,0,up,53.384281158447266
-289,anchor_scsn_000288,75225,0,up,137.10061645507812
-290,anchor_scsn_000289,75879,0,up,224.38658142089844
-291,anchor_scsn_000290,76485,0,up,82.90772247314453
-292,anchor_scsn_000291,76543,0,up,211.60223388671875
-293,anchor_scsn_000292,76553,0,up,162.16217041015625
-294,anchor_scsn_000293,77073,0,up,162.8252716064453
-295,anchor_scsn_000294,77268,0,up,210.95074462890625
-296,anchor_scsn_000295,78347,0,up,147.45901489257812
-297,anchor_scsn_000296,78814,0,up,55.284812927246094
-298,anchor_scsn_000297,79496,0,up,66.82282257080078
-299,anchor_scsn_000298,80050,0,up,55.30755615234375
-300,anchor_scsn_000299,80191,0,up,292.7563171386719
-301,anchor_scsn_000300,80453,0,up,57.773372650146484
-302,anchor_scsn_000301,80563,0,up,293.03033447265625
-303,anchor_scsn_000302,80579,0,up,61.51399230957031
-304,anchor_scsn_000303,80628,0,up,54.480567932128906
-305,anchor_scsn_000304,80840,0,up,230.52037048339844
-306,anchor_scsn_000305,81134,0,up,82.8109359741211
-307,anchor_scsn_000306,81273,0,up,70.23675537109375
-308,anchor_scsn_000307,81513,0,up,121.07779693603516
-309,anchor_scsn_000308,81577,0,up,256.8968811035156
-310,anchor_scsn_000309,81723,0,up,52.64442825317383
-311,anchor_scsn_000310,81789,0,up,60.8841438293457
-312,anchor_scsn_000311,81916,0,up,107.61763000488281
-313,anchor_scsn_000312,82572,0,up,78.51742553710938
-314,anchor_scsn_000313,82610,0,up,109.24629211425781
-315,anchor_scsn_000314,82795,0,up,209.53765869140625
-316,anchor_scsn_000315,82862,0,up,60.883384704589844
-317,anchor_scsn_000316,83256,0,up,276.99896240234375
-318,anchor_scsn_000317,83311,0,up,107.88958740234375
-319,anchor_scsn_000318,83455,0,up,52.21883773803711
-320,anchor_scsn_000319,83485,0,up,192.4871368408203
-321,anchor_scsn_000320,83593,0,up,50.76845169067383
-322,anchor_scsn_000321,84121,0,up,62.97140121459961
-323,anchor_scsn_000322,84423,0,up,74.30036163330078
-324,anchor_scsn_000323,84620,0,up,84.74100494384766
-325,anchor_scsn_000324,84941,0,up,83.98887634277344
-326,anchor_scsn_000325,85217,0,up,259.01806640625
-327,anchor_scsn_000326,85352,0,up,676.0823974609375
-328,anchor_scsn_000327,85581,0,up,171.40301513671875
-329,anchor_scsn_000328,85588,0,up,94.3582992553711
-330,anchor_scsn_000329,85857,0,up,154.28273010253906
-331,anchor_scsn_000330,86036,0,up,65.77090454101562
-332,anchor_scsn_000331,86109,0,up,95.44078063964844
-333,anchor_scsn_000332,86384,0,up,149.23805236816406
-334,anchor_scsn_000333,86576,0,up,251.58853149414062
-335,anchor_scsn_000334,86606,0,up,68.40147399902344
-336,anchor_scsn_000335,86784,0,up,98.10977172851562
-337,anchor_scsn_000336,87102,0,up,160.59080505371094
-338,anchor_scsn_000337,87643,0,up,65.69267272949219
-339,anchor_scsn_000338,87965,0,up,271.1104736328125
-340,anchor_scsn_000339,88097,0,up,81.07955932617188
-341,anchor_scsn_000340,88247,0,up,54.49735641479492
-342,anchor_scsn_000341,89328,0,up,60.474700927734375
-343,anchor_scsn_000342,89425,0,up,59.501155853271484
-344,anchor_scsn_000343,89437,0,up,69.43695068359375
-345,anchor_scsn_000344,89805,0,up,50.86195755004883
-346,anchor_scsn_000345,90221,0,up,126.54569244384766
-347,anchor_scsn_000346,90335,0,up,50.826622009277344
-348,anchor_scsn_000347,91533,0,up,104.2281723022461
-349,anchor_scsn_000348,91845,0,up,53.478736877441406
-350,anchor_scsn_000349,91982,0,up,57.335121154785156
-351,anchor_scsn_000350,93621,0,up,50.55805969238281
-352,anchor_scsn_000351,93825,0,up,68.89645385742188
-353,anchor_scsn_000352,94100,0,up,60.871253967285156
-354,anchor_scsn_000353,94182,0,up,54.84609603881836
-355,anchor_scsn_000354,94221,0,up,74.92716217041016
-356,anchor_scsn_000355,94489,0,up,52.03046798706055
-357,anchor_scsn_000356,95297,0,up,62.03166961669922
-358,anchor_scsn_000357,95300,0,up,102.60810089111328
-359,anchor_scsn_000358,95840,0,up,67.92837524414062
-360,anchor_scsn_000359,95850,0,up,123.52582550048828
-361,anchor_scsn_000360,96522,0,up,201.75509643554688
-362,anchor_scsn_000361,96544,0,up,52.198062896728516
-363,anchor_scsn_000362,96862,0,up,151.41705322265625
-364,anchor_scsn_000363,97313,0,up,61.95087432861328
-365,anchor_scsn_000364,98304,0,up,214.85952758789062
-366,anchor_scsn_000365,98599,0,up,512.1583862304688
-367,anchor_scsn_000366,98702,0,up,137.72845458984375
-368,anchor_scsn_000367,99476,0,up,79.85684967041016
-369,anchor_scsn_000368,99530,0,up,139.4940643310547
-370,anchor_scsn_000369,99573,0,up,61.02616500854492
-371,anchor_scsn_000370,99689,0,up,65.33491516113281
-372,anchor_scsn_000371,99917,0,up,60.77509689331055
-373,anchor_scsn_000372,100286,0,up,255.1591796875
-374,anchor_scsn_000373,100860,0,up,182.67532348632812
-375,anchor_scsn_000374,101259,0,up,62.32716751098633
-376,anchor_scsn_000375,101880,0,up,141.7357635498047
-377,anchor_scsn_000376,102320,0,up,81.4742660522461
-378,anchor_scsn_000377,102862,0,up,348.1082458496094
-379,anchor_scsn_000378,103250,0,up,50.404258728027344
-380,anchor_scsn_000379,103713,0,up,89.28993225097656
-381,anchor_scsn_000380,104642,0,up,50.915138244628906
-382,anchor_scsn_000381,104865,0,up,296.3594055175781
-383,anchor_scsn_000382,105053,0,up,80.30744934082031
-384,anchor_scsn_000383,105080,0,up,172.9180145263672
-385,anchor_scsn_000384,105253,0,up,65.49872589111328
-386,anchor_scsn_000385,105405,0,up,84.60943603515625
-387,anchor_scsn_000386,105459,0,up,178.4299774169922
-388,anchor_scsn_000387,105564,0,up,57.58888626098633
-389,anchor_scsn_000388,105693,0,up,384.7332458496094
-390,anchor_scsn_000389,105748,0,up,512.9962768554688
-391,anchor_scsn_000390,105787,0,up,55.25657653808594
-392,anchor_scsn_000391,105892,0,up,59.29179763793945
-393,anchor_scsn_000392,106035,0,up,58.055694580078125
-394,anchor_scsn_000393,106231,0,up,206.1975555419922
-395,anchor_scsn_000394,106430,0,up,153.1138916015625
-396,anchor_scsn_000395,106455,0,up,307.46148681640625
-397,anchor_scsn_000396,107074,0,up,242.31834411621094
-398,anchor_scsn_000397,107611,0,up,285.27935791015625
-399,anchor_scsn_000398,107710,0,up,369.0133972167969
-400,anchor_scsn_000399,108039,0,up,50.19325637817383
-401,anchor_scsn_000400,108045,0,up,72.4500732421875
-402,anchor_scsn_000401,108850,0,up,108.4018325805664
-403,anchor_scsn_000402,108913,0,up,131.10118103027344
-404,anchor_scsn_000403,109331,0,up,80.21959686279297
-405,anchor_scsn_000404,109355,0,up,160.5244903564453
-406,anchor_scsn_000405,109504,0,up,195.17636108398438
-407,anchor_scsn_000406,109763,0,up,79.79244232177734
-408,anchor_scsn_000407,109877,0,up,92.44580841064453
-409,anchor_scsn_000408,110047,0,up,167.14425659179688
-410,anchor_scsn_000409,110311,0,up,79.78251647949219
-411,anchor_scsn_000410,110409,0,up,74.75203704833984
-412,anchor_scsn_000411,110720,0,up,141.96372985839844
-413,anchor_scsn_000412,110986,0,up,59.254241943359375
-414,anchor_scsn_000413,111044,0,up,69.05490112304688
-415,anchor_scsn_000414,111434,0,up,50.0405158996582
-416,anchor_scsn_000415,111804,0,up,78.36612701416016
-417,anchor_scsn_000416,111846,0,up,56.0630989074707
-418,anchor_scsn_000417,112180,0,up,93.12255096435547
-419,anchor_scsn_000418,112395,0,up,71.36045837402344
-420,anchor_scsn_000419,112487,0,up,58.708526611328125
-421,anchor_scsn_000420,112492,0,up,277.3905029296875
-422,anchor_scsn_000421,112614,0,up,94.92801666259766
-423,anchor_scsn_000422,112632,0,up,97.51373291015625
-424,anchor_scsn_000423,112862,0,up,51.35637283325195
-425,anchor_scsn_000424,113091,0,up,281.4512023925781
-426,anchor_scsn_000425,113635,0,up,79.73080444335938
-427,anchor_scsn_000426,113678,0,up,176.31219482421875
-428,anchor_scsn_000427,113835,0,up,67.4621810913086
-429,anchor_scsn_000428,114103,0,up,132.5870361328125
-430,anchor_scsn_000429,114315,0,up,69.38784790039062
-431,anchor_scsn_000430,114457,0,up,319.6176452636719
-432,anchor_scsn_000431,114927,0,up,87.29454803466797
-433,anchor_scsn_000432,115518,0,up,121.576171875
-434,anchor_scsn_000433,115728,0,up,56.1040153503418
-435,anchor_scsn_000434,115847,0,up,455.6339416503906
-436,anchor_scsn_000435,116153,0,up,134.2034912109375
-437,anchor_scsn_000436,116279,0,up,52.89556121826172
-438,anchor_scsn_000437,116312,0,up,87.67667388916016
-439,anchor_scsn_000438,116666,0,up,61.543983459472656
-440,anchor_scsn_000439,116761,0,up,71.57386016845703
-441,anchor_scsn_000440,116822,0,up,222.1713409423828
-442,anchor_scsn_000441,116850,0,up,103.94844818115234
-443,anchor_scsn_000442,117133,0,up,104.80061340332031
-444,anchor_scsn_000443,117281,0,up,81.03810119628906
-445,anchor_scsn_000444,117345,0,up,194.95335388183594
-446,anchor_scsn_000445,117837,0,up,83.67646789550781
-447,anchor_scsn_000446,117898,0,up,100.39955139160156
-448,anchor_scsn_000447,118210,0,up,503.6041259765625
-449,anchor_scsn_000448,118364,0,up,70.87667846679688
-450,anchor_scsn_000449,118555,0,up,128.09786987304688
-451,anchor_scsn_000450,118624,0,up,73.8736343383789
-452,anchor_scsn_000451,118686,0,up,110.71038055419922
-453,anchor_scsn_000452,118871,0,up,73.9579086303711
-454,anchor_scsn_000453,118880,0,up,78.25808715820312
-455,anchor_scsn_000454,118952,0,up,187.0660858154297
-456,anchor_scsn_000455,118998,0,up,56.961490631103516
-457,anchor_scsn_000456,119442,0,up,189.7152862548828
-458,anchor_scsn_000457,119644,0,up,60.80168914794922
-459,anchor_scsn_000458,120005,0,up,74.68421173095703
-460,anchor_scsn_000459,120551,0,up,203.7599639892578
-461,anchor_scsn_000460,120553,0,up,61.439632415771484
-462,anchor_scsn_000461,120659,0,up,137.5834503173828
-463,anchor_scsn_000462,120956,0,up,217.70370483398438
-464,anchor_scsn_000463,120961,0,up,161.59637451171875
-465,anchor_scsn_000464,121131,0,up,197.650146484375
-466,anchor_scsn_000465,121342,0,up,93.33570098876953
-467,anchor_scsn_000466,121343,0,up,77.47447967529297
-468,anchor_scsn_000467,121358,0,up,53.71843719482422
-469,anchor_scsn_000468,122044,0,up,471.1793212890625
-470,anchor_scsn_000469,122160,0,up,52.077396392822266
-471,anchor_scsn_000470,122200,0,up,54.48638916015625
-472,anchor_scsn_000471,122743,0,up,101.10340118408203
-473,anchor_scsn_000472,123179,0,up,67.60746002197266
-474,anchor_scsn_000473,123387,0,up,103.7514877319336
-475,anchor_scsn_000474,123548,0,up,91.70117950439453
-476,anchor_scsn_000475,123560,0,up,51.9686393737793
-477,anchor_scsn_000476,123592,0,up,88.83438873291016
-478,anchor_scsn_000477,123652,0,up,175.22129821777344
-479,anchor_scsn_000478,123745,0,up,137.75706481933594
-480,anchor_scsn_000479,124268,0,up,87.4017333984375
-481,anchor_scsn_000480,124308,0,up,82.0357894897461
-482,anchor_scsn_000481,124432,0,up,454.5179138183594
-483,anchor_scsn_000482,124534,0,up,66.48297119140625
-484,anchor_scsn_000483,125806,0,up,56.4124755859375
-485,anchor_scsn_000484,126120,0,up,108.05671691894531
-486,anchor_scsn_000485,126367,0,up,62.88480758666992
-487,anchor_scsn_000486,126391,0,up,79.33055877685547
-488,anchor_scsn_000487,126399,0,up,80.14952087402344
-489,anchor_scsn_000488,126450,0,up,169.68699645996094
-490,anchor_scsn_000489,126487,0,up,50.38862228393555
-491,anchor_scsn_000490,126527,0,up,120.25956726074219
-492,anchor_scsn_000491,126973,0,up,59.295494079589844
-493,anchor_scsn_000492,127025,0,up,72.843017578125
-494,anchor_scsn_000493,127124,0,up,61.18639373779297
-495,anchor_scsn_000494,127258,0,up,53.55018997192383
-496,anchor_scsn_000495,127505,0,up,50.78114318847656
-497,anchor_scsn_000496,127518,0,up,251.3350067138672
-498,anchor_scsn_000497,127634,0,up,69.20497131347656
-499,anchor_scsn_000498,127758,0,up,77.26322937011719
-500,anchor_scsn_000499,127870,0,up,484.4853210449219
-501,anchor_scsn_000500,128013,0,up,78.73094177246094
-502,anchor_scsn_000501,128267,0,up,102.68834686279297
-503,anchor_scsn_000502,128774,0,up,76.07471466064453
-504,anchor_scsn_000503,128963,0,up,202.76919555664062
-505,anchor_scsn_000504,129329,0,up,59.96520233154297
-506,anchor_scsn_000505,129369,0,up,55.77541732788086
-507,anchor_scsn_000506,129531,0,up,310.0121154785156
-508,anchor_scsn_000507,129646,0,up,486.1809997558594
-509,anchor_scsn_000508,129995,0,up,106.64227294921875
-510,anchor_scsn_000509,130247,0,up,292.138427734375
-511,anchor_scsn_000510,130287,0,up,51.42676544189453
-512,anchor_scsn_000511,130388,0,up,84.64865112304688
-513,anchor_scsn_000512,130966,0,up,312.7808837890625
-514,anchor_scsn_000513,131023,0,up,331.6799011230469
-515,anchor_scsn_000514,131193,0,up,109.17548370361328
-516,anchor_scsn_000515,131430,0,up,218.90626525878906
-517,anchor_scsn_000516,131521,0,up,119.19361877441406
-518,anchor_scsn_000517,131899,0,up,75.84103393554688
-519,anchor_scsn_000518,131941,0,up,54.04736328125
-520,anchor_scsn_000519,131983,0,up,123.96458435058594
-521,anchor_scsn_000520,132407,0,up,57.15519714355469
-522,anchor_scsn_000521,132504,0,up,332.4315185546875
-523,anchor_scsn_000522,132627,0,up,93.16789245605469
-524,anchor_scsn_000523,133213,0,up,77.99673461914062
-525,anchor_scsn_000524,133510,0,up,120.12602233886719
-526,anchor_scsn_000525,133971,0,up,50.36973571777344
-527,anchor_scsn_000526,134079,0,up,90.85771942138672
-528,anchor_scsn_000527,134248,0,up,57.39159393310547
-529,anchor_scsn_000528,134373,0,up,130.35325622558594
-530,anchor_scsn_000529,134657,0,up,197.6752471923828
-531,anchor_scsn_000530,134733,0,up,126.31131744384766
-532,anchor_scsn_000531,135218,0,up,56.54846954345703
-533,anchor_scsn_000532,135714,0,up,50.87301254272461
-534,anchor_scsn_000533,135766,0,up,162.36798095703125
-535,anchor_scsn_000534,135787,0,up,106.29671478271484
-536,anchor_scsn_000535,135865,0,up,469.15789794921875
-537,anchor_scsn_000536,136015,0,up,156.69100952148438
-538,anchor_scsn_000537,136041,0,up,84.94770050048828
-539,anchor_scsn_000538,136614,0,up,53.76564025878906
-540,anchor_scsn_000539,136751,0,up,50.168453216552734
-541,anchor_scsn_000540,137155,0,up,61.273433685302734
-542,anchor_scsn_000541,137236,0,up,98.41487121582031
-543,anchor_scsn_000542,137315,0,up,73.41925811767578
-544,anchor_scsn_000543,137373,0,up,55.47922897338867
-545,anchor_scsn_000544,137826,0,up,89.91357421875
-546,anchor_scsn_000545,137833,0,up,74.24162292480469
-547,anchor_scsn_000546,138203,0,up,172.7137908935547
-548,anchor_scsn_000547,138619,0,up,71.84221649169922
-549,anchor_scsn_000548,138636,0,up,153.1369171142578
-550,anchor_scsn_000549,138754,0,up,151.06884765625
-551,anchor_scsn_000550,140102,0,up,81.53797912597656
-552,anchor_scsn_000551,140562,0,up,107.19648742675781
-553,anchor_scsn_000552,140618,0,up,103.56482696533203
-554,anchor_scsn_000553,140987,0,up,120.1500015258789
-555,anchor_scsn_000554,141005,0,up,97.3064193725586
-556,anchor_scsn_000555,141203,0,up,170.17977905273438
-557,anchor_scsn_000556,141208,0,up,193.36001586914062
-558,anchor_scsn_000557,141896,0,up,93.38763427734375
-559,anchor_scsn_000558,142183,0,up,83.89204406738281
-560,anchor_scsn_000559,142284,0,up,145.29959106445312
-561,anchor_scsn_000560,142636,0,up,52.971763610839844
-562,anchor_scsn_000561,142644,0,up,97.28056335449219
-563,anchor_scsn_000562,142836,0,up,97.37841796875
-564,anchor_scsn_000563,142986,0,up,300.22314453125
-565,anchor_scsn_000564,143265,0,up,152.83995056152344
-566,anchor_scsn_000565,143422,0,up,52.38082504272461
-567,anchor_scsn_000566,143501,0,up,80.08015441894531
-568,anchor_scsn_000567,143817,0,up,394.81988525390625
-569,anchor_scsn_000568,143829,0,up,120.44475555419922
-570,anchor_scsn_000569,144081,0,up,212.71994018554688
-571,anchor_scsn_000570,144172,0,up,169.7110595703125
-572,anchor_scsn_000571,144587,0,up,57.88423538208008
-573,anchor_scsn_000572,144878,0,up,60.6730842590332
-574,anchor_scsn_000573,144918,0,up,55.46221923828125
-575,anchor_scsn_000574,144929,0,up,59.81277084350586
-576,anchor_scsn_000575,145129,0,up,181.25457763671875
-577,anchor_scsn_000576,145833,0,up,96.7050552368164
-578,anchor_scsn_000577,146258,0,up,133.8151397705078
-579,anchor_scsn_000578,146333,0,up,92.38031005859375
-580,anchor_scsn_000579,146438,0,up,51.25954818725586
-581,anchor_scsn_000580,146543,0,up,94.40069580078125
-582,anchor_scsn_000581,146584,0,up,94.11991882324219
-583,anchor_scsn_000582,146676,0,up,593.2516479492188
-584,anchor_scsn_000583,146987,0,up,405.1295471191406
-585,anchor_scsn_000584,147256,0,up,137.26026916503906
-586,anchor_scsn_000585,147291,0,up,302.1539306640625
-587,anchor_scsn_000586,147380,0,up,52.622039794921875
-588,anchor_scsn_000587,147409,0,up,63.7039794921875
-589,anchor_scsn_000588,147522,0,up,114.24095153808594
-590,anchor_scsn_000589,147569,0,up,134.21173095703125
-591,anchor_scsn_000590,147833,0,up,310.0796813964844
-592,anchor_scsn_000591,147868,0,up,154.32809448242188
-593,anchor_scsn_000592,147949,0,up,95.78953552246094
-594,anchor_scsn_000593,147982,0,up,103.2225341796875
-595,anchor_scsn_000594,148337,0,up,108.26691436767578
-596,anchor_scsn_000595,148412,0,up,85.82333374023438
-597,anchor_scsn_000596,148955,0,up,82.59406280517578
-598,anchor_scsn_000597,149645,0,up,130.45458984375
-599,anchor_scsn_000598,150180,0,up,174.1183624267578
-600,anchor_scsn_000599,150313,0,up,156.2792510986328
-601,anchor_scsn_000600,150797,0,up,143.71067810058594
-602,anchor_scsn_000601,151348,0,up,62.7762336730957
-603,anchor_scsn_000602,151768,0,up,198.38983154296875
-604,anchor_scsn_000603,151861,0,up,109.47537994384766
-605,anchor_scsn_000604,151982,0,up,57.0194091796875
-606,anchor_scsn_000605,152022,0,up,130.94944763183594
-607,anchor_scsn_000606,153049,0,up,661.0000610351562
-608,anchor_scsn_000607,153130,0,up,59.290584564208984
-609,anchor_scsn_000608,153160,0,up,93.12545013427734
-610,anchor_scsn_000609,153174,0,up,99.39907836914062
-611,anchor_scsn_000610,153208,0,up,53.55400466918945
-612,anchor_scsn_000611,153230,0,up,52.28384780883789
-613,anchor_scsn_000612,153244,0,up,258.043212890625
-614,anchor_scsn_000613,153678,0,up,67.31523132324219
-615,anchor_scsn_000614,153724,0,up,242.3455810546875
-616,anchor_scsn_000615,153745,0,up,73.58101654052734
-617,anchor_scsn_000616,153768,0,up,68.15226745605469
-618,anchor_scsn_000617,153803,0,up,50.71155548095703
-619,anchor_scsn_000618,153972,0,up,72.96910858154297
-620,anchor_scsn_000619,154308,0,up,71.42578125
-621,anchor_scsn_000620,154840,0,up,96.14373016357422
-622,anchor_scsn_000621,155031,0,up,62.123043060302734
-623,anchor_scsn_000622,155280,0,up,53.81044006347656
-624,anchor_scsn_000623,155350,0,up,106.78115844726562
-625,anchor_scsn_000624,155461,0,up,78.37010955810547
-626,anchor_scsn_000625,155603,0,up,66.72942352294922
-627,anchor_scsn_000626,156045,0,up,168.09100341796875
-628,anchor_scsn_000627,156793,0,up,56.083106994628906
-629,anchor_scsn_000628,157056,0,up,126.86466217041016
-630,anchor_scsn_000629,157261,0,up,54.96018981933594
-631,anchor_scsn_000630,157318,0,up,246.2124481201172
-632,anchor_scsn_000631,157389,0,up,178.21217346191406
-633,anchor_scsn_000632,157439,0,up,226.9479522705078
-634,anchor_scsn_000633,157789,0,up,58.14093017578125
-635,anchor_scsn_000634,157830,0,up,52.9678840637207
-636,anchor_scsn_000635,157858,0,up,86.4249496459961
-637,anchor_scsn_000636,157951,0,up,146.20394897460938
-638,anchor_scsn_000637,157954,0,up,70.26651000976562
-639,anchor_scsn_000638,158379,0,up,70.70594024658203
-640,anchor_scsn_000639,158381,0,up,52.030582427978516
-641,anchor_scsn_000640,158687,0,up,93.25244140625
-642,anchor_scsn_000641,159254,0,up,567.9705810546875
-643,anchor_scsn_000642,159309,0,up,203.29071044921875
-644,anchor_scsn_000643,159413,0,up,81.61443328857422
-645,anchor_scsn_000644,159678,0,up,114.2643051147461
-646,anchor_scsn_000645,160004,0,up,63.63880157470703
-647,anchor_scsn_000646,160245,0,up,72.31083679199219
-648,anchor_scsn_000647,160441,0,up,52.67558670043945
-649,anchor_scsn_000648,161067,0,up,240.5923309326172
-650,anchor_scsn_000649,161173,0,up,392.1463928222656
-651,anchor_scsn_000650,161299,0,up,83.42591094970703
-652,anchor_scsn_000651,161309,0,up,67.31733703613281
-653,anchor_scsn_000652,161347,0,up,91.46765899658203
-654,anchor_scsn_000653,161385,0,up,97.32322692871094
-655,anchor_scsn_000654,161522,0,up,54.213375091552734
-656,anchor_scsn_000655,161818,0,up,69.08763122558594
-657,anchor_scsn_000656,162072,0,up,102.16360473632812
-658,anchor_scsn_000657,162957,0,up,57.556915283203125
-659,anchor_scsn_000658,162958,0,up,52.447269439697266
-660,anchor_scsn_000659,162998,0,up,77.66580200195312
-661,anchor_scsn_000660,163142,0,up,74.17393493652344
-662,anchor_scsn_000661,163320,0,up,644.4218139648438
-663,anchor_scsn_000662,163607,0,up,66.93057250976562
-664,anchor_scsn_000663,163721,0,up,277.93426513671875
-665,anchor_scsn_000664,164485,0,up,85.21961212158203
-666,anchor_scsn_000665,164490,0,up,70.40837097167969
-667,anchor_scsn_000666,164826,0,up,114.20916748046875
-668,anchor_scsn_000667,164925,0,up,66.11019134521484
-669,anchor_scsn_000668,166133,0,up,67.55704498291016
-670,anchor_scsn_000669,166182,0,up,86.61066436767578
-671,anchor_scsn_000670,166275,0,up,147.66647338867188
-672,anchor_scsn_000671,166449,0,up,55.47699737548828
-673,anchor_scsn_000672,166994,0,up,75.01355743408203
-674,anchor_scsn_000673,167545,0,up,60.92158126831055
-675,anchor_scsn_000674,167797,0,up,97.31693267822266
-676,anchor_scsn_000675,168081,0,up,103.55520629882812
-677,anchor_scsn_000676,168092,0,up,118.61959075927734
-678,anchor_scsn_000677,168149,0,up,104.9812240600586
-679,anchor_scsn_000678,168263,0,up,69.88217163085938
-680,anchor_scsn_000679,168295,0,up,444.3835144042969
-681,anchor_scsn_000680,168420,0,up,102.6551284790039
-682,anchor_scsn_000681,168446,0,up,183.30850219726562
-683,anchor_scsn_000682,168464,0,up,486.5753173828125
-684,anchor_scsn_000683,168529,0,up,94.5048828125
-685,anchor_scsn_000684,168541,0,up,97.281494140625
-686,anchor_scsn_000685,168567,0,up,60.239234924316406
-687,anchor_scsn_000686,168717,0,up,170.56524658203125
-688,anchor_scsn_000687,168917,0,up,95.73259735107422
-689,anchor_scsn_000688,169510,0,up,175.88157653808594
-690,anchor_scsn_000689,170894,0,up,256.2845458984375
-691,anchor_scsn_000690,171761,0,up,51.744144439697266
-692,anchor_scsn_000691,172095,0,up,498.56781005859375
-693,anchor_scsn_000692,172461,0,up,98.86417388916016
-694,anchor_scsn_000693,172678,0,up,86.65155029296875
-695,anchor_scsn_000694,172776,0,up,78.16300201416016
-696,anchor_scsn_000695,173577,0,up,89.49264526367188
-697,anchor_scsn_000696,173788,0,up,151.01295471191406
-698,anchor_scsn_000697,173820,0,up,146.0818634033203
-699,anchor_scsn_000698,173823,0,up,66.28118133544922
-700,anchor_scsn_000699,173849,0,up,66.26051330566406
-701,anchor_scsn_000700,174093,0,up,615.2916259765625
-702,anchor_scsn_000701,174162,0,up,76.29646301269531
-703,anchor_scsn_000702,174231,0,up,403.6463623046875
-704,anchor_scsn_000703,174710,0,up,79.72991943359375
-705,anchor_scsn_000704,174853,0,up,91.02783966064453
-706,anchor_scsn_000705,175111,0,up,80.50200653076172
-707,anchor_scsn_000706,175142,0,up,972.39501953125
-708,anchor_scsn_000707,175275,0,up,80.48080444335938
-709,anchor_scsn_000708,175817,0,up,525.0946655273438
-710,anchor_scsn_000709,176282,0,up,56.180538177490234
-711,anchor_scsn_000710,177048,0,up,55.758853912353516
-712,anchor_scsn_000711,177168,0,up,59.18738555908203
-713,anchor_scsn_000712,177338,0,up,80.78849029541016
-714,anchor_scsn_000713,177424,0,up,95.60240936279297
-715,anchor_scsn_000714,177849,0,up,143.972412109375
-716,anchor_scsn_000715,177982,0,up,416.380859375
-717,anchor_scsn_000716,178135,0,up,142.63363647460938
-718,anchor_scsn_000717,178234,0,up,119.349853515625
-719,anchor_scsn_000718,178698,0,up,73.62995910644531
-720,anchor_scsn_000719,178712,0,up,54.62870407104492
-721,anchor_scsn_000720,178892,0,up,241.26451110839844
-722,anchor_scsn_000721,178994,0,up,72.03005981445312
-723,anchor_scsn_000722,179086,0,up,174.9508514404297
-724,anchor_scsn_000723,179233,0,up,113.55171966552734
-725,anchor_scsn_000724,179253,0,up,138.743896484375
-726,anchor_scsn_000725,179347,0,up,58.51443862915039
-727,anchor_scsn_000726,179391,0,up,50.8969612121582
-728,anchor_scsn_000727,179838,0,up,68.22290802001953
-729,anchor_scsn_000728,180054,0,up,112.93370056152344
-730,anchor_scsn_000729,180804,0,up,253.28041076660156
-731,anchor_scsn_000730,180882,0,up,69.03639221191406
-732,anchor_scsn_000731,180919,0,up,64.51449584960938
-733,anchor_scsn_000732,180962,0,up,122.93470001220703
-734,anchor_scsn_000733,181554,0,up,74.81703186035156
-735,anchor_scsn_000734,181852,0,up,69.4169921875
-736,anchor_scsn_000735,182029,0,up,163.56297302246094
-737,anchor_scsn_000736,182175,0,up,65.6615219116211
-738,anchor_scsn_000737,182372,0,up,66.6790771484375
-739,anchor_scsn_000738,182430,0,up,50.23783874511719
-740,anchor_scsn_000739,182619,0,up,98.35395812988281
-741,anchor_scsn_000740,182794,0,up,67.95161437988281
-742,anchor_scsn_000741,182861,0,up,169.11253356933594
-743,anchor_scsn_000742,183002,0,up,86.59112548828125
-744,anchor_scsn_000743,183047,0,up,661.2373657226562
-745,anchor_scsn_000744,183509,0,up,120.77418518066406
-746,anchor_scsn_000745,183554,0,up,113.03308868408203
-747,anchor_scsn_000746,183790,0,up,103.94964599609375
-748,anchor_scsn_000747,184233,0,up,116.15804290771484
-749,anchor_scsn_000748,184372,0,up,102.31371307373047
-750,anchor_scsn_000749,184431,0,up,110.03207397460938
-751,anchor_scsn_000750,185236,0,up,83.34870910644531
-752,anchor_scsn_000751,185292,0,up,152.7629852294922
-753,anchor_scsn_000752,185313,0,up,75.8593978881836
-754,anchor_scsn_000753,185487,0,up,52.67524337768555
-755,anchor_scsn_000754,185513,0,up,213.6403350830078
-756,anchor_scsn_000755,185521,0,up,96.70494079589844
-757,anchor_scsn_000756,185557,0,up,111.81005096435547
-758,anchor_scsn_000757,185809,0,up,110.35401916503906
-759,anchor_scsn_000758,186135,0,up,61.47380447387695
-760,anchor_scsn_000759,186220,0,up,851.8121948242188
-761,anchor_scsn_000760,186499,0,up,94.53437805175781
-762,anchor_scsn_000761,186882,0,up,59.77952575683594
-763,anchor_scsn_000762,186988,0,up,68.1261215209961
-764,anchor_scsn_000763,187641,0,up,163.41140747070312
-765,anchor_scsn_000764,187825,0,up,65.12544250488281
-766,anchor_scsn_000765,187864,0,up,52.273040771484375
-767,anchor_scsn_000766,187875,0,up,59.49462890625
-768,anchor_scsn_000767,187939,0,up,50.60683822631836
-769,anchor_scsn_000768,188610,0,up,60.35627365112305
-770,anchor_scsn_000769,188683,0,up,64.59059143066406
-771,anchor_scsn_000770,188720,0,up,164.35589599609375
-772,anchor_scsn_000771,188736,0,up,107.27511596679688
-773,anchor_scsn_000772,188748,0,up,214.1419219970703
-774,anchor_scsn_000773,188774,0,up,61.9532470703125
-775,anchor_scsn_000774,188833,0,up,143.81613159179688
-776,anchor_scsn_000775,189483,0,up,158.39486694335938
-777,anchor_scsn_000776,189585,0,up,65.69979095458984
-778,anchor_scsn_000777,189612,0,up,314.5950927734375
-779,anchor_scsn_000778,189998,0,up,57.12128448486328
-780,anchor_scsn_000779,190257,0,up,64.37823486328125
-781,anchor_scsn_000780,190406,0,up,393.3629150390625
-782,anchor_scsn_000781,190605,0,up,248.72918701171875
-783,anchor_scsn_000782,190773,0,up,86.66328430175781
-784,anchor_scsn_000783,190826,0,up,54.356868743896484
-785,anchor_scsn_000784,191367,0,up,50.79426574707031
-786,anchor_scsn_000785,192102,0,up,107.68657684326172
-787,anchor_scsn_000786,192223,0,up,102.0218734741211
-788,anchor_scsn_000787,192411,0,up,316.2117614746094
-789,anchor_scsn_000788,192829,0,up,97.7021484375
-790,anchor_scsn_000789,192901,0,up,54.84199142456055
-791,anchor_scsn_000790,192991,0,up,141.11558532714844
-792,anchor_scsn_000791,193479,0,up,72.24092864990234
-793,anchor_scsn_000792,193588,0,up,66.01222229003906
-794,anchor_scsn_000793,193735,0,up,93.58575439453125
-795,anchor_scsn_000794,193888,0,up,50.75651550292969
-796,anchor_scsn_000795,193892,0,up,117.91989135742188
-797,anchor_scsn_000796,194627,0,up,72.58964538574219
-798,anchor_scsn_000797,194814,0,up,59.95893478393555
-799,anchor_scsn_000798,194955,0,up,119.90971374511719
-800,anchor_scsn_000799,195000,0,up,168.95260620117188
-801,anchor_scsn_000800,196113,0,up,60.40932083129883
-802,anchor_scsn_000801,196418,0,up,163.2233123779297
-803,anchor_scsn_000802,196517,0,up,131.6583251953125
-804,anchor_scsn_000803,196529,0,up,156.4060821533203
-805,anchor_scsn_000804,196953,0,up,53.74813461303711
-806,anchor_scsn_000805,197119,0,up,104.31712341308594
-807,anchor_scsn_000806,197367,0,up,116.05217742919922
-808,anchor_scsn_000807,198247,0,up,80.02760314941406
-809,anchor_scsn_000808,198480,0,up,69.7180404663086
-810,anchor_scsn_000809,198563,0,up,60.075904846191406
-811,anchor_scsn_000810,198694,0,up,84.59203338623047
-812,anchor_scsn_000811,199088,0,up,194.07652282714844
-813,anchor_scsn_000812,199149,0,up,212.2893829345703
-814,anchor_scsn_000813,199360,0,up,77.82645416259766
-815,anchor_scsn_000814,199661,0,up,58.79049301147461
-816,anchor_scsn_000815,199675,0,up,108.36449432373047
-817,anchor_scsn_000816,200158,0,up,53.715187072753906
-818,anchor_scsn_000817,200170,0,up,304.5882568359375
-819,anchor_scsn_000818,200463,0,up,60.30479049682617
-820,anchor_scsn_000819,200584,0,up,71.540771484375
-821,anchor_scsn_000820,200855,0,up,93.89949798583984
-822,anchor_scsn_000821,200856,0,up,68.63724517822266
-823,anchor_scsn_000822,200859,0,up,74.4411392211914
-824,anchor_scsn_000823,201412,0,up,165.96066284179688
-825,anchor_scsn_000824,201675,0,up,61.43321228027344
-826,anchor_scsn_000825,201878,0,up,132.59475708007812
-827,anchor_scsn_000826,202527,0,up,162.45870971679688
-828,anchor_scsn_000827,202537,0,up,54.770816802978516
-829,anchor_scsn_000828,202555,0,up,77.24363708496094
-830,anchor_scsn_000829,202898,0,up,107.54277038574219
-831,anchor_scsn_000830,203257,0,up,245.73599243164062
-832,anchor_scsn_000831,203315,0,up,56.88117218017578
-833,anchor_scsn_000832,203442,0,up,50.78938674926758
-834,anchor_scsn_000833,203479,0,up,54.44210433959961
-835,anchor_scsn_000834,203490,0,up,222.8248748779297
-836,anchor_scsn_000835,203499,0,up,258.7613525390625
-837,anchor_scsn_000836,203500,0,up,180.1803436279297
-838,anchor_scsn_000837,204152,0,up,360.9282531738281
-839,anchor_scsn_000838,204836,0,up,137.20895385742188
-840,anchor_scsn_000839,204846,0,up,56.53731155395508
-841,anchor_scsn_000840,205499,0,up,180.30067443847656
-842,anchor_scsn_000841,205597,0,up,75.12976837158203
-843,anchor_scsn_000842,205620,0,up,112.8883285522461
-844,anchor_scsn_000843,206312,0,up,104.26526641845703
-845,anchor_scsn_000844,206576,0,up,55.07628631591797
-846,anchor_scsn_000845,206712,0,up,79.19194030761719
-847,anchor_scsn_000846,206907,0,up,74.58804321289062
-848,anchor_scsn_000847,207478,0,up,60.43245315551758
-849,anchor_scsn_000848,207538,0,up,95.59046936035156
-850,anchor_scsn_000849,207565,0,up,309.0559387207031
-851,anchor_scsn_000850,207847,0,up,70.82369995117188
-852,anchor_scsn_000851,208494,0,up,172.23731994628906
-853,anchor_scsn_000852,208543,0,up,311.2684631347656
-854,anchor_scsn_000853,208724,0,up,89.52623748779297
-855,anchor_scsn_000854,208807,0,up,66.6042709350586
-856,anchor_scsn_000855,209082,0,up,82.22813415527344
-857,anchor_scsn_000856,209180,0,up,75.22760009765625
-858,anchor_scsn_000857,209270,0,up,77.74010467529297
-859,anchor_scsn_000858,209476,0,up,79.6673355102539
-860,anchor_scsn_000859,210181,0,up,71.78260803222656
-861,anchor_scsn_000860,210373,0,up,97.03132629394531
-862,anchor_scsn_000861,210684,0,up,125.09622192382812
-863,anchor_scsn_000862,210893,0,up,273.7329406738281
-864,anchor_scsn_000863,210922,0,up,53.95041275024414
-865,anchor_scsn_000864,211080,0,up,66.87483978271484
-866,anchor_scsn_000865,211111,0,up,414.75177001953125
-867,anchor_scsn_000866,211187,0,up,50.454551696777344
-868,anchor_scsn_000867,211735,0,up,156.93649291992188
-869,anchor_scsn_000868,212176,0,up,202.0042266845703
-870,anchor_scsn_000869,212224,0,up,136.7123565673828
-871,anchor_scsn_000870,212444,0,up,124.34004211425781
-872,anchor_scsn_000871,212680,0,up,93.22889709472656
-873,anchor_scsn_000872,212866,0,up,58.18205642700195
-874,anchor_scsn_000873,212943,0,up,57.06523132324219
-875,anchor_scsn_000874,213358,0,up,55.794002532958984
-876,anchor_scsn_000875,213465,0,up,302.5592041015625
-877,anchor_scsn_000876,213765,0,up,88.77145385742188
-878,anchor_scsn_000877,213820,0,up,69.43321228027344
-879,anchor_scsn_000878,214135,0,up,82.18404388427734
-880,anchor_scsn_000879,214373,0,up,119.58440399169922
-881,anchor_scsn_000880,215054,0,up,101.80706024169922
-882,anchor_scsn_000881,215219,0,up,245.8009033203125
-883,anchor_scsn_000882,215314,0,up,88.16487121582031
-884,anchor_scsn_000883,215414,0,up,93.04863739013672
-885,anchor_scsn_000884,215617,0,up,200.76480102539062
-886,anchor_scsn_000885,216043,0,up,62.79584503173828
-887,anchor_scsn_000886,216352,0,up,67.08197021484375
-888,anchor_scsn_000887,216456,0,up,183.8097686767578
-889,anchor_scsn_000888,216488,0,up,76.99569702148438
-890,anchor_scsn_000889,216737,0,up,128.3662567138672
-891,anchor_scsn_000890,216950,0,up,98.32933044433594
-892,anchor_scsn_000891,217081,0,up,115.54239654541016
-893,anchor_scsn_000892,217348,0,up,50.7249755859375
-894,anchor_scsn_000893,217385,0,up,82.72344970703125
-895,anchor_scsn_000894,217731,0,up,55.591922760009766
-896,anchor_scsn_000895,217736,0,up,219.62342834472656
-897,anchor_scsn_000896,218023,0,up,62.49371337890625
-898,anchor_scsn_000897,218593,0,up,70.8277816772461
-899,anchor_scsn_000898,218729,0,up,68.3597640991211
-900,anchor_scsn_000899,218982,0,up,61.644798278808594
-901,anchor_scsn_000900,219534,0,up,116.63935089111328
-902,anchor_scsn_000901,219638,0,up,216.953369140625
-903,anchor_scsn_000902,219644,0,up,50.16410446166992
-904,anchor_scsn_000903,219928,0,up,62.9363899230957
-905,anchor_scsn_000904,220712,0,up,346.7415466308594
-906,anchor_scsn_000905,221074,0,up,103.71934509277344
-907,anchor_scsn_000906,221369,0,up,95.18175506591797
-908,anchor_scsn_000907,221433,0,up,68.51582336425781
-909,anchor_scsn_000908,221512,0,up,89.42150115966797
-910,anchor_scsn_000909,221597,0,up,50.46380615234375
-911,anchor_scsn_000910,221659,0,up,51.69037628173828
-912,anchor_scsn_000911,221673,0,up,75.5196533203125
-913,anchor_scsn_000912,221732,0,up,419.53790283203125
-914,anchor_scsn_000913,221798,0,up,285.38873291015625
-915,anchor_scsn_000914,221869,0,up,106.23609924316406
-916,anchor_scsn_000915,222000,0,up,53.439022064208984
-917,anchor_scsn_000916,222730,0,up,62.54500961303711
-918,anchor_scsn_000917,222736,0,up,173.43748474121094
-919,anchor_scsn_000918,222946,0,up,53.40311050415039
-920,anchor_scsn_000919,223310,0,up,132.9104766845703
-921,anchor_scsn_000920,223331,0,up,77.83396911621094
-922,anchor_scsn_000921,223453,0,up,57.65805435180664
-923,anchor_scsn_000922,223781,0,up,202.36203002929688
-924,anchor_scsn_000923,223785,0,up,88.93094635009766
-925,anchor_scsn_000924,223793,0,up,54.527587890625
-926,anchor_scsn_000925,224438,0,up,96.10249328613281
-927,anchor_scsn_000926,224535,0,up,200.65614318847656
-928,anchor_scsn_000927,225025,0,up,81.39248657226562
-929,anchor_scsn_000928,225126,0,up,65.92134857177734
-930,anchor_scsn_000929,225289,0,up,123.18233489990234
-931,anchor_scsn_000930,225306,0,up,62.59358596801758
-932,anchor_scsn_000931,225352,0,up,69.67124938964844
-933,anchor_scsn_000932,225356,0,up,51.907257080078125
-934,anchor_scsn_000933,225539,0,up,213.6358184814453
-935,anchor_scsn_000934,225627,0,up,665.179931640625
-936,anchor_scsn_000935,225813,0,up,92.98976135253906
-937,anchor_scsn_000936,225865,0,up,60.06669616699219
-938,anchor_scsn_000937,225886,0,up,130.0671844482422
-939,anchor_scsn_000938,225901,0,up,83.92044067382812
-940,anchor_scsn_000939,225977,0,up,74.51055145263672
-941,anchor_scsn_000940,226111,0,up,105.24395751953125
-942,anchor_scsn_000941,226427,0,up,68.26097869873047
-943,anchor_scsn_000942,226562,0,up,106.94281768798828
-944,anchor_scsn_000943,226621,0,up,235.153564453125
-945,anchor_scsn_000944,227004,0,up,234.46920776367188
-946,anchor_scsn_000945,227178,0,up,97.4793472290039
-947,anchor_scsn_000946,227512,0,up,66.04737854003906
-948,anchor_scsn_000947,227946,0,up,129.5193634033203
-949,anchor_scsn_000948,228158,0,up,52.50315856933594
-950,anchor_scsn_000949,228674,0,up,110.51232147216797
-951,anchor_scsn_000950,229237,0,up,345.21697998046875
-952,anchor_scsn_000951,229538,0,up,90.39985656738281
-953,anchor_scsn_000952,229698,0,up,100.8060073852539
-954,anchor_scsn_000953,229768,0,up,396.39251708984375
-955,anchor_scsn_000954,229837,0,up,514.7761840820312
-956,anchor_scsn_000955,231056,0,up,235.7216339111328
-957,anchor_scsn_000956,231532,0,up,73.15682983398438
-958,anchor_scsn_000957,231704,0,up,81.87222290039062
-959,anchor_scsn_000958,231807,0,up,157.4514923095703
-960,anchor_scsn_000959,232381,0,up,189.99118041992188
-961,anchor_scsn_000960,232549,0,up,78.5482177734375
-962,anchor_scsn_000961,232600,0,up,160.7710723876953
-963,anchor_scsn_000962,232895,0,up,87.21784973144531
-964,anchor_scsn_000963,232911,0,up,65.17032623291016
-965,anchor_scsn_000964,232925,0,up,264.6151428222656
-966,anchor_scsn_000965,233142,0,up,65.02488708496094
-967,anchor_scsn_000966,233218,0,up,93.65879821777344
-968,anchor_scsn_000967,233248,0,up,124.55030059814453
-969,anchor_scsn_000968,233500,0,up,119.65573120117188
-970,anchor_scsn_000969,233509,0,up,103.63436126708984
-971,anchor_scsn_000970,233649,0,up,144.23568725585938
-972,anchor_scsn_000971,233863,0,up,65.5995864868164
-973,anchor_scsn_000972,234043,0,up,53.68267822265625
-974,anchor_scsn_000973,234259,0,up,117.58186340332031
-975,anchor_scsn_000974,234408,0,up,98.18960571289062
-976,anchor_scsn_000975,234544,0,up,119.69888305664062
-977,anchor_scsn_000976,234713,0,up,57.71295928955078
-978,anchor_scsn_000977,235569,0,up,157.54859924316406
-979,anchor_scsn_000978,235764,0,up,333.6802978515625
-980,anchor_scsn_000979,235920,0,up,53.95515060424805
-981,anchor_scsn_000980,235986,0,up,204.92755126953125
-982,anchor_scsn_000981,236580,0,up,116.80018615722656
-983,anchor_scsn_000982,237090,0,up,51.23493576049805
-984,anchor_scsn_000983,237102,0,up,89.06925201416016
-985,anchor_scsn_000984,237140,0,up,62.40443420410156
-986,anchor_scsn_000985,237199,0,up,619.9349975585938
-987,anchor_scsn_000986,237276,0,up,57.71772384643555
-988,anchor_scsn_000987,237938,0,up,203.5831298828125
-989,anchor_scsn_000988,238107,0,up,155.10658264160156
-990,anchor_scsn_000989,238227,0,up,57.70445251464844
-991,anchor_scsn_000990,238281,0,up,59.94741439819336
-992,anchor_scsn_000991,239185,0,up,107.04821014404297
-993,anchor_scsn_000992,239191,0,up,146.9324493408203
-994,anchor_scsn_000993,239224,0,up,98.16081237792969
-995,anchor_scsn_000994,239273,0,up,69.38565063476562
-996,anchor_scsn_000995,239464,0,up,80.77479553222656
-997,anchor_scsn_000996,239852,0,up,62.65687942504883
-998,anchor_scsn_000997,240065,0,up,159.84751892089844
-999,anchor_scsn_000998,240236,0,up,53.5620002746582
-1000,anchor_scsn_000999,240363,0,up,55.95726776123047
-1001,anchor_scsn_001000,240443,0,up,117.35821533203125
-1002,anchor_scsn_001001,240556,0,up,55.17152786254883
-1003,anchor_scsn_001002,241035,0,up,152.98863220214844
-1004,anchor_scsn_001003,241066,0,up,51.94036102294922
-1005,anchor_scsn_001004,241189,0,up,94.79100799560547
-1006,anchor_scsn_001005,241236,0,up,122.3912353515625
-1007,anchor_scsn_001006,241709,0,up,136.264404296875
-1008,anchor_scsn_001007,242735,0,up,64.99439239501953
-1009,anchor_scsn_001008,242742,0,up,62.37716293334961
-1010,anchor_scsn_001009,242848,0,up,131.1486358642578
-1011,anchor_scsn_001010,243027,0,up,215.94009399414062
-1012,anchor_scsn_001011,243415,0,up,59.086692810058594
-1013,anchor_scsn_001012,243479,0,up,65.79715728759766
-1014,anchor_scsn_001013,243485,0,up,87.82666015625
-1015,anchor_scsn_001014,244648,0,up,80.04092407226562
-1016,anchor_scsn_001015,244711,0,up,186.2666015625
-1017,anchor_scsn_001016,245344,0,up,96.43762969970703
-1018,anchor_scsn_001017,245587,0,up,66.6568832397461
-1019,anchor_scsn_001018,245668,0,up,59.40654373168945
-1020,anchor_scsn_001019,245857,0,up,73.04551696777344
-1021,anchor_scsn_001020,245928,0,up,808.064208984375
-1022,anchor_scsn_001021,245999,0,up,208.9579315185547
-1023,anchor_scsn_001022,246075,0,up,108.20524597167969
-1024,anchor_scsn_001023,246488,0,up,106.39129638671875
-1025,anchor_scsn_001024,246679,0,up,58.95762252807617
-1026,anchor_scsn_001025,247045,0,up,187.00674438476562
-1027,anchor_scsn_001026,247278,0,up,71.44046783447266
-1028,anchor_scsn_001027,247500,0,up,325.2381896972656
-1029,anchor_scsn_001028,247702,0,up,52.595619201660156
-1030,anchor_scsn_001029,247724,0,up,146.69053649902344
-1031,anchor_scsn_001030,247737,0,up,155.7210693359375
-1032,anchor_scsn_001031,247844,0,up,100.49871826171875
-1033,anchor_scsn_001032,248365,0,up,60.123191833496094
-1034,anchor_scsn_001033,248474,0,up,70.76370239257812
-1035,anchor_scsn_001034,248554,0,up,99.52973937988281
-1036,anchor_scsn_001035,248913,0,up,76.16443634033203
-1037,anchor_scsn_001036,249121,0,up,347.8230285644531
-1038,anchor_scsn_001037,249154,0,up,248.05125427246094
-1039,anchor_scsn_001038,249394,0,up,56.751827239990234
-1040,anchor_scsn_001039,249629,0,up,67.6857681274414
-1041,anchor_scsn_001040,249782,0,up,75.2672348022461
-1042,anchor_scsn_001041,250020,0,up,70.25353240966797
-1043,anchor_scsn_001042,250419,0,up,132.60670471191406
-1044,anchor_scsn_001043,250581,0,up,244.26541137695312
-1045,anchor_scsn_001044,251131,0,up,292.5762939453125
-1046,anchor_scsn_001045,251681,0,up,71.03080749511719
-1047,anchor_scsn_001046,252016,0,up,51.17413330078125
-1048,anchor_scsn_001047,252026,0,up,61.71251678466797
-1049,anchor_scsn_001048,252443,0,up,74.18053436279297
-1050,anchor_scsn_001049,252478,0,up,160.14608764648438
-1051,anchor_scsn_001050,252854,0,up,109.28018951416016
-1052,anchor_scsn_001051,253082,0,up,54.45209884643555
-1053,anchor_scsn_001052,253102,0,up,86.34477996826172
-1054,anchor_scsn_001053,253130,0,up,330.3542785644531
-1055,anchor_scsn_001054,253831,0,up,104.77164459228516
-1056,anchor_scsn_001055,254963,0,up,68.44158172607422
-1057,anchor_scsn_001056,254995,0,up,611.5281982421875
-1058,anchor_scsn_001057,255683,0,up,51.08834457397461
-1059,anchor_scsn_001058,255729,0,up,64.92884826660156
-1060,anchor_scsn_001059,256061,0,up,74.99778747558594
-1061,anchor_scsn_001060,256304,0,up,95.48363494873047
-1062,anchor_scsn_001061,256367,0,up,91.34268951416016
-1063,anchor_scsn_001062,256495,0,up,327.7803039550781
-1064,anchor_scsn_001063,256851,0,up,76.54837036132812
-1065,anchor_scsn_001064,257342,0,up,148.20114135742188
-1066,anchor_scsn_001065,257773,0,up,137.78170776367188
-1067,anchor_scsn_001066,258048,0,up,134.05125427246094
-1068,anchor_scsn_001067,258096,0,up,62.004371643066406
-1069,anchor_scsn_001068,258316,0,up,107.52698516845703
-1070,anchor_scsn_001069,258375,0,up,73.44021606445312
-1071,anchor_scsn_001070,258464,0,up,51.32850646972656
-1072,anchor_scsn_001071,258478,0,up,76.5792465209961
-1073,anchor_scsn_001072,258657,0,up,95.76061248779297
-1074,anchor_scsn_001073,258690,0,up,132.4541473388672
-1075,anchor_scsn_001074,258935,0,up,83.146240234375
-1076,anchor_scsn_001075,259327,0,up,72.3318862915039
-1077,anchor_scsn_001076,259784,0,up,129.197509765625
-1078,anchor_scsn_001077,260509,0,up,64.76728820800781
-1079,anchor_scsn_001078,260731,0,up,165.31021118164062
-1080,anchor_scsn_001079,261577,0,up,167.54788208007812
-1081,anchor_scsn_001080,262802,0,up,147.25619506835938
-1082,anchor_scsn_001081,262891,0,up,63.62836837768555
-1083,anchor_scsn_001082,263195,0,up,55.58552932739258
-1084,anchor_scsn_001083,263267,0,up,96.13426971435547
-1085,anchor_scsn_001084,263642,0,up,64.69519805908203
-1086,anchor_scsn_001085,264773,0,up,50.432525634765625
-1087,anchor_scsn_001086,264831,0,up,58.89118576049805
-1088,anchor_scsn_001087,264888,0,up,99.60356903076172
-1089,anchor_scsn_001088,265020,0,up,53.49193572998047
-1090,anchor_scsn_001089,265184,0,up,51.14710235595703
-1091,anchor_scsn_001090,265435,0,up,361.84820556640625
-1092,anchor_scsn_001091,265492,0,up,105.0817642211914
-1093,anchor_scsn_001092,266086,0,up,59.251399993896484
-1094,anchor_scsn_001093,266265,0,up,51.32146453857422
-1095,anchor_scsn_001094,266320,0,up,195.8787384033203
-1096,anchor_scsn_001095,266416,0,up,50.33279037475586
-1097,anchor_scsn_001096,266461,0,up,150.33184814453125
-1098,anchor_scsn_001097,266724,0,up,120.66466522216797
-1099,anchor_scsn_001098,267079,0,up,237.0750732421875
-1100,anchor_scsn_001099,267407,0,up,56.765926361083984
-1101,anchor_scsn_001100,267494,0,up,146.98936462402344
-1102,anchor_scsn_001101,267679,0,up,63.376617431640625
-1103,anchor_scsn_001102,267691,0,up,123.36173248291016
-1104,anchor_scsn_001103,267894,0,up,281.8684997558594
-1105,anchor_scsn_001104,268133,0,up,56.180362701416016
-1106,anchor_scsn_001105,268312,0,up,54.1422119140625
-1107,anchor_scsn_001106,268348,0,up,100.24180603027344
-1108,anchor_scsn_001107,268884,0,up,64.77391052246094
-1109,anchor_scsn_001108,269295,0,up,175.82630920410156
-1110,anchor_scsn_001109,269619,0,up,55.6553955078125
-1111,anchor_scsn_001110,270072,0,up,78.32339477539062
-1112,anchor_scsn_001111,270104,0,up,68.27313995361328
-1113,anchor_scsn_001112,270112,0,up,57.8781623840332
-1114,anchor_scsn_001113,270411,0,up,130.07557678222656
-1115,anchor_scsn_001114,270925,0,up,70.04950714111328
-1116,anchor_scsn_001115,271297,0,up,57.48152160644531
-1117,anchor_scsn_001116,271341,0,up,53.33502197265625
-1118,anchor_scsn_001117,272057,0,up,100.93798065185547
-1119,anchor_scsn_001118,272075,0,up,92.27175903320312
-1120,anchor_scsn_001119,273441,0,up,68.33482360839844
-1121,anchor_scsn_001120,273863,0,up,73.8353271484375
-1122,anchor_scsn_001121,274347,0,up,76.10189819335938
-1123,anchor_scsn_001122,274464,0,up,132.16273498535156
-1124,anchor_scsn_001123,275205,0,up,71.91930389404297
-1125,anchor_scsn_001124,275437,0,up,54.615821838378906
-1126,anchor_scsn_001125,275554,0,up,74.96876525878906
-1127,anchor_scsn_001126,275946,0,up,75.12510681152344
-1128,anchor_scsn_001127,276310,0,up,87.74082946777344
-1129,anchor_scsn_001128,277109,0,up,76.89105224609375
-1130,anchor_scsn_001129,278170,0,up,61.13141632080078
-1131,anchor_scsn_001130,278235,0,up,74.19114685058594
-1132,anchor_scsn_001131,279115,0,up,100.66157531738281
-1133,anchor_scsn_001132,279318,0,up,66.28401184082031
-1134,anchor_scsn_001133,280833,0,up,53.17747116088867
-1135,anchor_scsn_001134,280851,0,up,56.50178146362305
-1136,anchor_scsn_001135,280893,0,up,51.678707122802734
-1137,anchor_scsn_001136,281186,0,up,491.72113037109375
-1138,anchor_scsn_001137,281456,0,up,122.78348541259766
-1139,anchor_scsn_001138,281500,0,up,190.6155548095703
-1140,anchor_scsn_001139,282311,0,up,75.65823364257812
-1141,anchor_scsn_001140,282329,0,up,90.44634246826172
-1142,anchor_scsn_001141,282518,0,up,88.32642364501953
-1143,anchor_scsn_001142,282966,0,up,291.3707580566406
-1144,anchor_scsn_001143,283081,0,up,68.5891342163086
-1145,anchor_scsn_001144,283162,0,up,70.9883804321289
-1146,anchor_scsn_001145,283269,0,up,77.4525375366211
-1147,anchor_scsn_001146,283696,0,up,129.74742126464844
-1148,anchor_scsn_001147,284268,0,up,219.5574951171875
-1149,anchor_scsn_001148,284394,0,up,112.4467544555664
-1150,anchor_scsn_001149,284659,0,up,91.77562713623047
-1151,anchor_scsn_001150,284709,0,up,78.3658447265625
-1152,anchor_scsn_001151,284772,0,up,218.1187286376953
-1153,anchor_scsn_001152,284809,0,up,95.03483581542969
-1154,anchor_scsn_001153,284955,0,up,73.05569458007812
-1155,anchor_scsn_001154,285180,0,up,148.90505981445312
-1156,anchor_scsn_001155,285644,0,up,96.43165588378906
-1157,anchor_scsn_001156,286021,0,up,63.42631149291992
-1158,anchor_scsn_001157,286638,0,up,94.34178924560547
-1159,anchor_scsn_001158,287073,0,up,110.01175689697266
-1160,anchor_scsn_001159,287182,0,up,53.088314056396484
-1161,anchor_scsn_001160,287217,0,up,58.92940139770508
-1162,anchor_scsn_001161,287357,0,up,140.2253875732422
-1163,anchor_scsn_001162,287703,0,up,216.74559020996094
-1164,anchor_scsn_001163,288167,0,up,161.9154052734375
-1165,anchor_scsn_001164,288339,0,up,306.0587158203125
-1166,anchor_scsn_001165,288666,0,up,55.274070739746094
-1167,anchor_scsn_001166,288820,0,up,152.98202514648438
-1168,anchor_scsn_001167,288886,0,up,193.6710205078125
-1169,anchor_scsn_001168,288980,0,up,115.51724243164062
-1170,anchor_scsn_001169,289655,0,up,62.587120056152344
-1171,anchor_scsn_001170,289971,0,up,93.68588256835938
-1172,anchor_scsn_001171,289976,0,up,57.2429313659668
-1173,anchor_scsn_001172,290039,0,up,104.92111206054688
-1174,anchor_scsn_001173,290627,0,up,293.3496398925781
-1175,anchor_scsn_001174,290925,0,up,65.42350769042969
-1176,anchor_scsn_001175,291043,0,up,81.53569030761719
-1177,anchor_scsn_001176,291681,0,up,56.96345138549805
-1178,anchor_scsn_001177,291840,0,up,155.8232421875
-1179,anchor_scsn_001178,291917,0,up,61.251731872558594
-1180,anchor_scsn_001179,291936,0,up,357.2622985839844
-1181,anchor_scsn_001180,292312,0,up,54.971229553222656
-1182,anchor_scsn_001181,293176,0,up,204.02450561523438
-1183,anchor_scsn_001182,293200,0,up,71.23149871826172
-1184,anchor_scsn_001183,293368,0,up,180.31309509277344
-1185,anchor_scsn_001184,293663,0,up,87.92130279541016
-1186,anchor_scsn_001185,293838,0,up,81.73343658447266
-1187,anchor_scsn_001186,294173,0,up,67.63821411132812
-1188,anchor_scsn_001187,294360,0,up,126.90068817138672
-1189,anchor_scsn_001188,294375,0,up,95.25550842285156
-1190,anchor_scsn_001189,294453,0,up,68.04438018798828
-1191,anchor_scsn_001190,294609,0,up,54.09748077392578
-1192,anchor_scsn_001191,294725,0,up,249.7747039794922
-1193,anchor_scsn_001192,294750,0,up,245.7779998779297
-1194,anchor_scsn_001193,294760,0,up,63.74098205566406
-1195,anchor_scsn_001194,294768,0,up,64.73897552490234
-1196,anchor_scsn_001195,294969,0,up,63.168983459472656
-1197,anchor_scsn_001196,295182,0,up,112.4101791381836
-1198,anchor_scsn_001197,295384,0,up,183.45240783691406
-1199,anchor_scsn_001198,295522,0,up,204.44595336914062
-1200,anchor_scsn_001199,295861,0,up,134.8614501953125
-1201,anchor_scsn_001200,295871,0,up,192.12033081054688
-1202,anchor_scsn_001201,295960,0,up,131.886474609375
-1203,anchor_scsn_001202,295966,0,up,57.069847106933594
-1204,anchor_scsn_001203,296211,0,up,496.5820617675781
-1205,anchor_scsn_001204,296397,0,up,183.5433349609375
-1206,anchor_scsn_001205,296580,0,up,57.67390441894531
-1207,anchor_scsn_001206,296588,0,up,127.9050064086914
-1208,anchor_scsn_001207,296609,0,up,146.5563201904297
-1209,anchor_scsn_001208,297119,0,up,51.17616653442383
-1210,anchor_scsn_001209,297317,0,up,76.6184310913086
-1211,anchor_scsn_001210,297356,0,up,63.82223892211914
-1212,anchor_scsn_001211,297453,0,up,470.100830078125
-1213,anchor_scsn_001212,297588,0,up,135.8594970703125
-1214,anchor_scsn_001213,297687,0,up,300.8043518066406
-1215,anchor_scsn_001214,297741,0,up,165.3272705078125
-1216,anchor_scsn_001215,297959,0,up,70.7119140625
-1217,anchor_scsn_001216,298102,0,up,187.23587036132812
-1218,anchor_scsn_001217,298243,0,up,106.65330505371094
-1219,anchor_scsn_001218,298741,0,up,163.36814880371094
-1220,anchor_scsn_001219,298817,0,up,225.2210693359375
-1221,anchor_scsn_001220,298926,0,up,106.0594482421875
-1222,anchor_scsn_001221,300235,0,up,59.12450408935547
-1223,anchor_scsn_001222,300356,0,up,118.00952911376953
-1224,anchor_scsn_001223,300743,0,up,96.94676208496094
-1225,anchor_scsn_001224,301116,0,up,114.8216781616211
-1226,anchor_scsn_001225,301472,0,up,59.227020263671875
-1227,anchor_scsn_001226,301752,0,up,84.46099853515625
-1228,anchor_scsn_001227,301834,0,up,60.795616149902344
-1229,anchor_scsn_001228,302002,0,up,285.697998046875
-1230,anchor_scsn_001229,302352,0,up,62.48530197143555
-1231,anchor_scsn_001230,302406,0,up,130.16192626953125
-1232,anchor_scsn_001231,302472,0,up,94.84142303466797
-1233,anchor_scsn_001232,303130,0,up,69.83345031738281
-1234,anchor_scsn_001233,303249,0,up,61.459285736083984
-1235,anchor_scsn_001234,303713,0,up,847.5492553710938
-1236,anchor_scsn_001235,303900,0,up,68.23057556152344
-1237,anchor_scsn_001236,304053,0,up,111.38212585449219
-1238,anchor_scsn_001237,304195,0,up,130.23193359375
-1239,anchor_scsn_001238,304587,0,up,72.4686508178711
-1240,anchor_scsn_001239,304611,0,up,50.46147155761719
-1241,anchor_scsn_001240,305031,0,up,114.92640686035156
-1242,anchor_scsn_001241,305204,0,up,56.14003372192383
-1243,anchor_scsn_001242,306076,0,up,176.63577270507812
-1244,anchor_scsn_001243,306133,0,up,191.75527954101562
-1245,anchor_scsn_001244,306188,0,up,92.51170349121094
-1246,anchor_scsn_001245,306468,0,up,85.54708862304688
-1247,anchor_scsn_001246,306604,0,up,94.9720458984375
-1248,anchor_scsn_001247,306725,0,up,159.2779541015625
-1249,anchor_scsn_001248,306839,0,up,56.73261642456055
-1250,anchor_scsn_001249,307194,0,up,53.48556137084961
-1251,anchor_scsn_001250,307331,0,up,52.492149353027344
-1252,anchor_scsn_001251,307843,0,up,122.88797760009766
-1253,anchor_scsn_001252,307889,0,up,56.012691497802734
-1254,anchor_scsn_001253,308037,0,up,61.36162567138672
-1255,anchor_scsn_001254,308094,0,up,51.52402114868164
-1256,anchor_scsn_001255,308147,0,up,87.83294677734375
-1257,anchor_scsn_001256,308251,0,up,69.28214263916016
-1258,anchor_scsn_001257,308362,0,up,106.30445861816406
-1259,anchor_scsn_001258,308446,0,up,78.47193145751953
-1260,anchor_scsn_001259,308998,0,up,155.20611572265625
-1261,anchor_scsn_001260,309254,0,up,180.36871337890625
-1262,anchor_scsn_001261,309308,0,up,785.1581420898438
-1263,anchor_scsn_001262,309447,0,up,83.72689056396484
-1264,anchor_scsn_001263,309849,0,up,111.139404296875
-1265,anchor_scsn_001264,310372,0,up,54.99631881713867
-1266,anchor_scsn_001265,310383,0,up,98.92335510253906
-1267,anchor_scsn_001266,310679,0,up,129.2896270751953
-1268,anchor_scsn_001267,311384,0,up,122.08519744873047
-1269,anchor_scsn_001268,311418,0,up,111.85907745361328
-1270,anchor_scsn_001269,311718,0,up,151.78598022460938
-1271,anchor_scsn_001270,311856,0,up,236.81495666503906
-1272,anchor_scsn_001271,311876,0,up,75.54409790039062
-1273,anchor_scsn_001272,312166,0,up,339.2635803222656
-1274,anchor_scsn_001273,312339,0,up,156.9508056640625
-1275,anchor_scsn_001274,312720,0,up,96.99002075195312
-1276,anchor_scsn_001275,312777,0,up,155.18392944335938
-1277,anchor_scsn_001276,312787,0,up,93.0038833618164
-1278,anchor_scsn_001277,312911,0,up,117.78428649902344
-1279,anchor_scsn_001278,313039,0,up,79.3106460571289
-1280,anchor_scsn_001279,313561,0,up,82.22354125976562
-1281,anchor_scsn_001280,313744,0,up,264.1200866699219
-1282,anchor_scsn_001281,313840,0,up,348.90228271484375
-1283,anchor_scsn_001282,313913,0,up,229.05030822753906
-1284,anchor_scsn_001283,314008,0,up,52.14108657836914
-1285,anchor_scsn_001284,314154,0,up,102.77825164794922
-1286,anchor_scsn_001285,314513,0,up,144.76902770996094
-1287,anchor_scsn_001286,314844,0,up,108.81041717529297
-1288,anchor_scsn_001287,315404,0,up,100.18379211425781
-1289,anchor_scsn_001288,315590,0,up,62.311805725097656
-1290,anchor_scsn_001289,315978,0,up,149.16700744628906
-1291,anchor_scsn_001290,316642,0,up,121.41160583496094
-1292,anchor_scsn_001291,316778,0,up,209.09881591796875
-1293,anchor_scsn_001292,317396,0,up,165.47494506835938
-1294,anchor_scsn_001293,317572,0,up,392.54669189453125
-1295,anchor_scsn_001294,317722,0,up,169.7057647705078
-1296,anchor_scsn_001295,317780,0,up,58.31947708129883
-1297,anchor_scsn_001296,318102,0,up,122.1121826171875
-1298,anchor_scsn_001297,318681,0,up,70.871337890625
-1299,anchor_scsn_001298,319508,0,up,63.59867477416992
-1300,anchor_scsn_001299,320125,0,up,50.49015426635742
-1301,anchor_scsn_001300,320138,0,up,485.2009582519531
-1302,anchor_scsn_001301,320268,0,up,75.71863555908203
-1303,anchor_scsn_001302,320866,0,up,293.8796691894531
-1304,anchor_scsn_001303,321460,0,up,273.98193359375
-1305,anchor_scsn_001304,321686,0,up,157.87745666503906
-1306,anchor_scsn_001305,321880,0,up,53.30158233642578
-1307,anchor_scsn_001306,321982,0,up,93.40057373046875
-1308,anchor_scsn_001307,322197,0,up,56.909576416015625
-1309,anchor_scsn_001308,322783,0,up,182.2078094482422
-1310,anchor_scsn_001309,323339,0,up,65.00174713134766
-1311,anchor_scsn_001310,323522,0,up,324.98529052734375
-1312,anchor_scsn_001311,323526,0,up,160.35313415527344
-1313,anchor_scsn_001312,323765,0,up,160.74217224121094
-1314,anchor_scsn_001313,324027,0,up,337.7392272949219
-1315,anchor_scsn_001314,324347,0,up,138.41139221191406
-1316,anchor_scsn_001315,324519,0,up,72.74613952636719
-1317,anchor_scsn_001316,324697,0,up,50.13287353515625
-1318,anchor_scsn_001317,324842,0,up,312.4959411621094
-1319,anchor_scsn_001318,325702,0,up,105.961181640625
-1320,anchor_scsn_001319,325920,0,up,150.8574676513672
-1321,anchor_scsn_001320,326201,0,up,56.648399353027344
-1322,anchor_scsn_001321,326312,0,up,77.85186004638672
-1323,anchor_scsn_001322,326317,0,up,118.82355499267578
-1324,anchor_scsn_001323,326713,0,up,59.492088317871094
-1325,anchor_scsn_001324,327051,0,up,80.28092193603516
-1326,anchor_scsn_001325,327295,0,up,136.38345336914062
-1327,anchor_scsn_001326,327384,0,up,61.647621154785156
-1328,anchor_scsn_001327,327399,0,up,269.00390625
-1329,anchor_scsn_001328,327514,0,up,54.78730773925781
-1330,anchor_scsn_001329,327520,0,up,210.80255126953125
-1331,anchor_scsn_001330,327885,0,up,62.1961784362793
-1332,anchor_scsn_001331,328207,0,up,337.7341613769531
-1333,anchor_scsn_001332,328302,0,up,53.55609130859375
-1334,anchor_scsn_001333,328639,0,up,65.9687271118164
-1335,anchor_scsn_001334,329381,0,up,97.31559753417969
-1336,anchor_scsn_001335,329842,0,up,114.16621398925781
-1337,anchor_scsn_001336,330087,0,up,89.03762817382812
-1338,anchor_scsn_001337,330128,0,up,142.45230102539062
-1339,anchor_scsn_001338,330387,0,up,78.66522216796875
-1340,anchor_scsn_001339,331157,0,up,63.50916290283203
-1341,anchor_scsn_001340,331217,0,up,65.88089752197266
-1342,anchor_scsn_001341,331736,0,up,51.00114059448242
-1343,anchor_scsn_001342,331875,0,up,179.48863220214844
-1344,anchor_scsn_001343,332198,0,up,93.73519134521484
-1345,anchor_scsn_001344,332322,0,up,91.85464477539062
-1346,anchor_scsn_001345,332881,0,up,476.3526306152344
-1347,anchor_scsn_001346,332882,0,up,77.17072296142578
-1348,anchor_scsn_001347,333117,0,up,130.60220336914062
-1349,anchor_scsn_001348,333120,0,up,71.3623275756836
-1350,anchor_scsn_001349,333407,0,up,195.5172119140625
-1351,anchor_scsn_001350,333699,0,up,263.9044189453125
-1352,anchor_scsn_001351,335527,0,up,241.22767639160156
-1353,anchor_scsn_001352,335569,0,up,163.35723876953125
-1354,anchor_scsn_001353,335780,0,up,131.95518493652344
-1355,anchor_scsn_001354,336076,0,up,118.99846649169922
-1356,anchor_scsn_001355,336780,0,up,144.65005493164062
-1357,anchor_scsn_001356,336963,0,up,139.26547241210938
-1358,anchor_scsn_001357,337023,0,up,786.2738037109375
-1359,anchor_scsn_001358,337735,0,up,113.25537872314453
-1360,anchor_scsn_001359,338041,0,up,387.1531982421875
-1361,anchor_scsn_001360,338407,0,up,72.69568634033203
-1362,anchor_scsn_001361,338616,0,up,421.7459716796875
-1363,anchor_scsn_001362,339005,0,up,92.39423370361328
-1364,anchor_scsn_001363,339245,0,up,73.87753295898438
-1365,anchor_scsn_001364,339369,0,up,107.22477722167969
-1366,anchor_scsn_001365,339427,0,up,60.30994415283203
-1367,anchor_scsn_001366,339449,0,up,132.146240234375
-1368,anchor_scsn_001367,339528,0,up,79.22802734375
-1369,anchor_scsn_001368,339786,0,up,168.34664916992188
-1370,anchor_scsn_001369,339926,0,up,59.099063873291016
-1371,anchor_scsn_001370,340208,0,up,118.03497314453125
-1372,anchor_scsn_001371,340217,0,up,56.60697555541992
-1373,anchor_scsn_001372,340222,0,up,63.320316314697266
-1374,anchor_scsn_001373,340379,0,up,69.06119537353516
-1375,anchor_scsn_001374,340602,0,up,55.290950775146484
-1376,anchor_scsn_001375,340717,0,up,838.88916015625
-1377,anchor_scsn_001376,340845,0,up,72.42984771728516
-1378,anchor_scsn_001377,340984,0,up,84.02203369140625
-1379,anchor_scsn_001378,341263,0,up,55.678462982177734
-1380,anchor_scsn_001379,341527,0,up,77.40547180175781
-1381,anchor_scsn_001380,341941,0,up,62.626548767089844
-1382,anchor_scsn_001381,341948,0,up,877.61767578125
-1383,anchor_scsn_001382,342023,0,up,181.6990966796875
-1384,anchor_scsn_001383,342207,0,up,159.45184326171875
-1385,anchor_scsn_001384,342308,0,up,85.15728759765625
-1386,anchor_scsn_001385,342654,0,up,87.71589660644531
-1387,anchor_scsn_001386,342887,0,up,196.68226623535156
-1388,anchor_scsn_001387,343064,0,up,70.94950866699219
-1389,anchor_scsn_001388,343561,0,up,83.26013946533203
-1390,anchor_scsn_001389,343907,0,up,50.494285583496094
-1391,anchor_scsn_001390,343963,0,up,51.121917724609375
-1392,anchor_scsn_001391,344036,0,up,53.18465805053711
-1393,anchor_scsn_001392,344573,0,up,150.31158447265625
-1394,anchor_scsn_001393,344613,0,up,121.85041046142578
-1395,anchor_scsn_001394,344653,0,up,57.60591125488281
-1396,anchor_scsn_001395,344711,0,up,64.24697875976562
-1397,anchor_scsn_001396,344830,0,up,68.80966186523438
-1398,anchor_scsn_001397,344864,0,up,78.17839813232422
-1399,anchor_scsn_001398,344971,0,up,67.7411880493164
-1400,anchor_scsn_001399,345295,0,up,160.09808349609375
-1401,anchor_scsn_001400,345629,0,up,144.23797607421875
-1402,anchor_scsn_001401,345650,0,up,178.7029571533203
-1403,anchor_scsn_001402,345898,0,up,225.59405517578125
-1404,anchor_scsn_001403,346032,0,up,217.77752685546875
-1405,anchor_scsn_001404,346545,0,up,245.09576416015625
-1406,anchor_scsn_001405,346561,0,up,287.2780456542969
-1407,anchor_scsn_001406,347034,0,up,70.08651733398438
-1408,anchor_scsn_001407,347130,0,up,61.74874496459961
-1409,anchor_scsn_001408,347275,0,up,50.15979766845703
-1410,anchor_scsn_001409,347315,0,up,62.17029571533203
-1411,anchor_scsn_001410,347366,0,up,96.39839935302734
-1412,anchor_scsn_001411,347421,0,up,56.098514556884766
-1413,anchor_scsn_001412,347587,0,up,261.2457580566406
-1414,anchor_scsn_001413,348094,0,up,88.25941467285156
-1415,anchor_scsn_001414,348095,0,up,51.51324462890625
-1416,anchor_scsn_001415,348186,0,up,180.1937255859375
-1417,anchor_scsn_001416,348218,0,up,69.14672088623047
-1418,anchor_scsn_001417,348227,0,up,188.32168579101562
-1419,anchor_scsn_001418,348683,0,up,277.8743896484375
-1420,anchor_scsn_001419,349129,0,up,115.45072937011719
-1421,anchor_scsn_001420,349318,0,up,84.48592376708984
-1422,anchor_scsn_001421,349366,0,up,114.8892822265625
-1423,anchor_scsn_001422,349561,0,up,136.3770751953125
-1424,anchor_scsn_001423,350078,0,up,335.20263671875
-1425,anchor_scsn_001424,350129,0,up,70.39918518066406
-1426,anchor_scsn_001425,350185,0,up,138.5229949951172
-1427,anchor_scsn_001426,350568,0,up,99.27923583984375
-1428,anchor_scsn_001427,350705,0,up,160.1210174560547
-1429,anchor_scsn_001428,350961,0,up,68.32097625732422
-1430,anchor_scsn_001429,350976,0,up,58.102725982666016
-1431,anchor_scsn_001430,351393,0,up,88.73592376708984
-1432,anchor_scsn_001431,351476,0,up,154.37152099609375
-1433,anchor_scsn_001432,351700,0,up,219.16566467285156
-1434,anchor_scsn_001433,352498,0,up,61.13814163208008
-1435,anchor_scsn_001434,352521,0,up,397.7099304199219
-1436,anchor_scsn_001435,353081,0,up,88.08501434326172
-1437,anchor_scsn_001436,353226,0,up,94.15682983398438
-1438,anchor_scsn_001437,353367,0,up,67.47369384765625
-1439,anchor_scsn_001438,353593,0,up,51.55621337890625
-1440,anchor_scsn_001439,354101,0,up,80.97354125976562
-1441,anchor_scsn_001440,354667,0,up,80.09523010253906
-1442,anchor_scsn_001441,354836,0,up,50.6678352355957
-1443,anchor_scsn_001442,354883,0,up,68.65550231933594
-1444,anchor_scsn_001443,354901,0,up,223.50999450683594
-1445,anchor_scsn_001444,355027,0,up,331.6940002441406
-1446,anchor_scsn_001445,355510,0,up,138.90838623046875
-1447,anchor_scsn_001446,357051,0,up,63.83332061767578
-1448,anchor_scsn_001447,357064,0,up,79.82962036132812
-1449,anchor_scsn_001448,357112,0,up,193.5186309814453
-1450,anchor_scsn_001449,357157,0,up,145.7946319580078
-1451,anchor_scsn_001450,357628,0,up,78.7965087890625
-1452,anchor_scsn_001451,357888,0,up,136.17127990722656
-1453,anchor_scsn_001452,358367,0,up,64.07642364501953
-1454,anchor_scsn_001453,358415,0,up,93.47222137451172
-1455,anchor_scsn_001454,358543,0,up,108.3554916381836
-1456,anchor_scsn_001455,358579,0,up,265.3342590332031
-1457,anchor_scsn_001456,359124,0,up,64.33903503417969
-1458,anchor_scsn_001457,359343,0,up,223.53785705566406
-1459,anchor_scsn_001458,359493,0,up,130.4620819091797
-1460,anchor_scsn_001459,359556,0,up,266.52392578125
-1461,anchor_scsn_001460,359631,0,up,76.04840850830078
-1462,anchor_scsn_001461,359768,0,up,72.15817260742188
-1463,anchor_scsn_001462,359811,0,up,263.2009582519531
-1464,anchor_scsn_001463,359926,0,up,51.316768646240234
-1465,anchor_scsn_001464,360231,0,up,69.91613006591797
-1466,anchor_scsn_001465,360775,0,up,102.30146789550781
-1467,anchor_scsn_001466,360963,0,up,63.076988220214844
-1468,anchor_scsn_001467,361021,0,up,74.96560668945312
-1469,anchor_scsn_001468,361477,0,up,88.20481872558594
-1470,anchor_scsn_001469,361731,0,up,74.59860229492188
-1471,anchor_scsn_001470,362023,0,up,146.9945068359375
-1472,anchor_scsn_001471,362195,0,up,80.26069641113281
-1473,anchor_scsn_001472,362739,0,up,52.516326904296875
-1474,anchor_scsn_001473,362787,0,up,599.8485107421875
-1475,anchor_scsn_001474,363072,0,up,70.40438842773438
-1476,anchor_scsn_001475,363105,0,up,62.97650146484375
-1477,anchor_scsn_001476,363171,0,up,71.00746154785156
-1478,anchor_scsn_001477,363176,0,up,128.4105682373047
-1479,anchor_scsn_001478,363456,0,up,61.80466079711914
-1480,anchor_scsn_001479,363490,0,up,50.25552749633789
-1481,anchor_scsn_001480,363616,0,up,165.77613830566406
-1482,anchor_scsn_001481,364546,0,up,65.34805297851562
-1483,anchor_scsn_001482,364595,0,up,175.2871856689453
-1484,anchor_scsn_001483,365153,0,up,103.2439193725586
-1485,anchor_scsn_001484,365784,0,up,118.66441345214844
-1486,anchor_scsn_001485,365890,0,up,198.54147338867188
-1487,anchor_scsn_001486,365900,0,up,62.96683883666992
-1488,anchor_scsn_001487,365955,0,up,106.32972717285156
-1489,anchor_scsn_001488,366084,0,up,248.2978515625
-1490,anchor_scsn_001489,366303,0,up,142.24642944335938
-1491,anchor_scsn_001490,366773,0,up,104.95519256591797
-1492,anchor_scsn_001491,367030,0,up,57.384639739990234
-1493,anchor_scsn_001492,367228,0,up,127.99170684814453
-1494,anchor_scsn_001493,367257,0,up,61.415225982666016
-1495,anchor_scsn_001494,367266,0,up,57.60213088989258
-1496,anchor_scsn_001495,367274,0,up,198.37710571289062
-1497,anchor_scsn_001496,367829,0,up,51.007659912109375
-1498,anchor_scsn_001497,367901,0,up,173.5749969482422
-1499,anchor_scsn_001498,368498,0,up,168.0416259765625
-1500,anchor_scsn_001499,368660,0,up,217.29518127441406
-1501,anchor_scsn_001500,368887,0,up,133.99652099609375
-1502,anchor_scsn_001501,369013,0,up,71.5655746459961
-1503,anchor_scsn_001502,369129,0,up,66.67516326904297
-1504,anchor_scsn_001503,369220,0,up,55.317726135253906
-1505,anchor_scsn_001504,369335,0,up,151.88243103027344
-1506,anchor_scsn_001505,369360,0,up,113.76139831542969
-1507,anchor_scsn_001506,370155,0,up,55.46912384033203
-1508,anchor_scsn_001507,370205,0,up,576.085205078125
-1509,anchor_scsn_001508,370275,0,up,235.40025329589844
-1510,anchor_scsn_001509,370497,0,up,61.69441604614258
-1511,anchor_scsn_001510,370927,0,up,50.2374267578125
-1512,anchor_scsn_001511,371242,0,up,78.35691833496094
-1513,anchor_scsn_001512,371314,0,up,59.19267654418945
-1514,anchor_scsn_001513,371516,0,up,58.0131950378418
-1515,anchor_scsn_001514,371821,0,up,53.801517486572266
-1516,anchor_scsn_001515,371930,0,up,109.46571350097656
-1517,anchor_scsn_001516,372214,0,up,170.81690979003906
-1518,anchor_scsn_001517,372775,0,up,86.33751678466797
-1519,anchor_scsn_001518,372848,0,up,60.61333465576172
-1520,anchor_scsn_001519,373505,0,up,87.8133773803711
-1521,anchor_scsn_001520,373755,0,up,78.37669372558594
-1522,anchor_scsn_001521,374124,0,up,104.9387435913086
-1523,anchor_scsn_001522,374150,0,up,58.09347915649414
-1524,anchor_scsn_001523,374352,0,up,272.39447021484375
-1525,anchor_scsn_001524,374406,0,up,105.50509643554688
-1526,anchor_scsn_001525,374469,0,up,52.945186614990234
-1527,anchor_scsn_001526,374640,0,up,54.03245544433594
-1528,anchor_scsn_001527,374734,0,up,61.7020263671875
-1529,anchor_scsn_001528,374736,0,up,53.389060974121094
-1530,anchor_scsn_001529,375066,0,up,60.28781509399414
-1531,anchor_scsn_001530,376195,0,up,85.44844818115234
-1532,anchor_scsn_001531,377077,0,up,132.44667053222656
-1533,anchor_scsn_001532,377098,0,up,344.20660400390625
-1534,anchor_scsn_001533,377152,0,up,66.88323974609375
-1535,anchor_scsn_001534,377285,0,up,85.59150695800781
-1536,anchor_scsn_001535,377329,0,up,134.11973571777344
-1537,anchor_scsn_001536,377584,0,up,62.638492584228516
-1538,anchor_scsn_001537,378664,0,up,99.44164276123047
-1539,anchor_scsn_001538,379034,0,up,119.82489776611328
-1540,anchor_scsn_001539,379476,0,up,167.89251708984375
-1541,anchor_scsn_001540,379695,0,up,91.10285186767578
-1542,anchor_scsn_001541,380832,0,up,72.97460174560547
-1543,anchor_scsn_001542,380868,0,up,94.33035278320312
-1544,anchor_scsn_001543,381749,0,up,65.00477600097656
-1545,anchor_scsn_001544,382125,0,up,158.58456420898438
-1546,anchor_scsn_001545,382388,0,up,54.76215362548828
-1547,anchor_scsn_001546,382464,0,up,106.98458862304688
-1548,anchor_scsn_001547,382560,0,up,60.26374816894531
-1549,anchor_scsn_001548,383000,0,up,106.43443298339844
-1550,anchor_scsn_001549,383168,0,up,66.52606201171875
-1551,anchor_scsn_001550,383203,0,up,76.44281768798828
-1552,anchor_scsn_001551,383274,0,up,206.7193145751953
-1553,anchor_scsn_001552,383327,0,up,51.05613327026367
-1554,anchor_scsn_001553,383426,0,up,59.99030303955078
-1555,anchor_scsn_001554,383580,0,up,70.1910400390625
-1556,anchor_scsn_001555,384255,0,up,76.79739379882812
-1557,anchor_scsn_001556,384433,0,up,200.18780517578125
-1558,anchor_scsn_001557,384604,0,up,70.57220458984375
-1559,anchor_scsn_001558,385308,0,up,435.3992919921875
-1560,anchor_scsn_001559,385430,0,up,154.1067657470703
-1561,anchor_scsn_001560,385508,0,up,110.8578109741211
-1562,anchor_scsn_001561,385542,0,up,73.65766906738281
-1563,anchor_scsn_001562,385689,0,up,233.01756286621094
-1564,anchor_scsn_001563,385775,0,up,53.924217224121094
-1565,anchor_scsn_001564,385813,0,up,69.77799987792969
-1566,anchor_scsn_001565,386253,0,up,383.24285888671875
-1567,anchor_scsn_001566,387326,0,up,135.10595703125
-1568,anchor_scsn_001567,387536,0,up,68.8287582397461
-1569,anchor_scsn_001568,387549,0,up,88.1476058959961
-1570,anchor_scsn_001569,387570,0,up,52.36127853393555
-1571,anchor_scsn_001570,387603,0,up,151.7841033935547
-1572,anchor_scsn_001571,387697,0,up,64.75521850585938
-1573,anchor_scsn_001572,387727,0,up,81.44508361816406
-1574,anchor_scsn_001573,387982,0,up,102.92186737060547
-1575,anchor_scsn_001574,387996,0,up,182.0235137939453
-1576,anchor_scsn_001575,388011,0,up,78.0842056274414
-1577,anchor_scsn_001576,388075,0,up,81.56752014160156
-1578,anchor_scsn_001577,388261,0,up,169.31785583496094
-1579,anchor_scsn_001578,388367,0,up,93.59544372558594
-1580,anchor_scsn_001579,388423,0,up,86.6677474975586
-1581,anchor_scsn_001580,388427,0,up,340.894775390625
-1582,anchor_scsn_001581,388571,0,up,323.9380187988281
-1583,anchor_scsn_001582,388618,0,up,107.53182220458984
-1584,anchor_scsn_001583,388640,0,up,57.678443908691406
-1585,anchor_scsn_001584,388798,0,up,72.3258056640625
-1586,anchor_scsn_001585,388814,0,up,69.03668212890625
-1587,anchor_scsn_001586,388959,0,up,51.137027740478516
-1588,anchor_scsn_001587,389080,0,up,50.19736862182617
-1589,anchor_scsn_001588,389307,0,up,64.35426330566406
-1590,anchor_scsn_001589,389662,0,up,66.30956268310547
-1591,anchor_scsn_001590,389828,0,up,269.9697570800781
-1592,anchor_scsn_001591,389967,0,up,215.6275177001953
-1593,anchor_scsn_001592,389996,0,up,121.2199478149414
-1594,anchor_scsn_001593,390165,0,up,85.01154327392578
-1595,anchor_scsn_001594,390336,0,up,156.16232299804688
-1596,anchor_scsn_001595,390815,0,up,99.05290222167969
-1597,anchor_scsn_001596,390877,0,up,61.36846160888672
-1598,anchor_scsn_001597,390919,0,up,311.0694580078125
-1599,anchor_scsn_001598,391083,0,up,78.97699737548828
-1600,anchor_scsn_001599,391110,0,up,131.19854736328125
-1601,anchor_scsn_001600,391282,0,up,98.33617401123047
-1602,anchor_scsn_001601,391289,0,up,175.0952911376953
-1603,anchor_scsn_001602,391331,0,up,191.7655487060547
-1604,anchor_scsn_001603,391419,0,up,320.5423278808594
-1605,anchor_scsn_001604,391929,0,up,63.3213996887207
-1606,anchor_scsn_001605,392154,0,up,72.72697448730469
-1607,anchor_scsn_001606,392823,0,up,81.28544616699219
-1608,anchor_scsn_001607,393001,0,up,77.99492645263672
-1609,anchor_scsn_001608,393097,0,up,63.35057067871094
-1610,anchor_scsn_001609,394151,0,up,102.25682067871094
-1611,anchor_scsn_001610,394458,0,up,51.879058837890625
-1612,anchor_scsn_001611,394632,0,up,771.9754028320312
-1613,anchor_scsn_001612,394687,0,up,58.269134521484375
-1614,anchor_scsn_001613,394725,0,up,115.22251892089844
-1615,anchor_scsn_001614,394981,0,up,66.70811462402344
-1616,anchor_scsn_001615,395081,0,up,81.18650817871094
-1617,anchor_scsn_001616,395099,0,up,50.140933990478516
-1618,anchor_scsn_001617,395171,0,up,50.25044250488281
-1619,anchor_scsn_001618,395388,0,up,58.72542190551758
-1620,anchor_scsn_001619,396139,0,up,84.91756439208984
-1621,anchor_scsn_001620,396469,0,up,81.75408172607422
-1622,anchor_scsn_001621,396952,0,up,70.41319274902344
-1623,anchor_scsn_001622,396994,0,up,107.16409301757812
-1624,anchor_scsn_001623,397274,0,up,188.31285095214844
-1625,anchor_scsn_001624,397666,0,up,206.1444091796875
-1626,anchor_scsn_001625,397747,0,up,65.807373046875
-1627,anchor_scsn_001626,398328,0,up,58.20048904418945
-1628,anchor_scsn_001627,398442,0,up,74.78753662109375
-1629,anchor_scsn_001628,398456,0,up,89.47586822509766
-1630,anchor_scsn_001629,398714,0,up,57.065696716308594
-1631,anchor_scsn_001630,398832,0,up,65.12371063232422
-1632,anchor_scsn_001631,398986,0,up,84.0415267944336
-1633,anchor_scsn_001632,399048,0,up,62.870731353759766
-1634,anchor_scsn_001633,399101,0,up,90.68474578857422
-1635,anchor_scsn_001634,399214,0,up,152.1004180908203
-1636,anchor_scsn_001635,399224,0,up,114.01863861083984
-1637,anchor_scsn_001636,399398,0,up,266.0166015625
-1638,anchor_scsn_001637,399459,0,up,117.03938293457031
-1639,anchor_scsn_001638,399629,0,up,163.69235229492188
-1640,anchor_scsn_001639,399783,0,up,76.46719360351562
-1641,anchor_scsn_001640,399915,0,up,56.42900085449219
-1642,anchor_scsn_001641,400254,0,up,187.0336456298828
-1643,anchor_scsn_001642,400341,0,up,92.86849212646484
-1644,anchor_scsn_001643,400563,0,up,163.35858154296875
-1645,anchor_scsn_001644,401430,0,up,104.43091583251953
-1646,anchor_scsn_001645,401927,0,up,138.4910125732422
-1647,anchor_scsn_001646,402209,0,up,50.264774322509766
-1648,anchor_scsn_001647,402400,0,up,381.5168762207031
-1649,anchor_scsn_001648,402781,0,up,65.89706420898438
-1650,anchor_scsn_001649,403967,0,up,259.4204406738281
-1651,anchor_scsn_001650,404285,0,up,55.3120002746582
-1652,anchor_scsn_001651,404301,0,up,117.10948181152344
-1653,anchor_scsn_001652,405152,0,up,80.84525299072266
-1654,anchor_scsn_001653,405153,0,up,94.22294616699219
-1655,anchor_scsn_001654,405245,0,up,50.337284088134766
-1656,anchor_scsn_001655,405485,0,up,79.04795837402344
-1657,anchor_scsn_001656,405577,0,up,99.19864654541016
-1658,anchor_scsn_001657,405888,0,up,63.438758850097656
-1659,anchor_scsn_001658,406039,0,up,52.28724670410156
-1660,anchor_scsn_001659,406060,0,up,141.2820281982422
-1661,anchor_scsn_001660,406085,0,up,55.169456481933594
-1662,anchor_scsn_001661,406114,0,up,102.13404846191406
-1663,anchor_scsn_001662,406287,0,up,66.32616424560547
-1664,anchor_scsn_001663,406380,0,up,173.70079040527344
-1665,anchor_scsn_001664,406593,0,up,166.98782348632812
-1666,anchor_scsn_001665,407167,0,up,106.13504791259766
-1667,anchor_scsn_001666,407483,0,up,66.15579986572266
-1668,anchor_scsn_001667,407626,0,up,108.60472869873047
-1669,anchor_scsn_001668,407648,0,up,69.89957427978516
-1670,anchor_scsn_001669,408277,0,up,88.33319854736328
-1671,anchor_scsn_001670,408370,0,up,57.64023208618164
-1672,anchor_scsn_001671,408594,0,up,50.98005294799805
-1673,anchor_scsn_001672,408629,0,up,233.4928741455078
-1674,anchor_scsn_001673,408914,0,up,238.1668243408203
-1675,anchor_scsn_001674,409140,0,up,55.03268814086914
-1676,anchor_scsn_001675,409252,0,up,85.55851745605469
-1677,anchor_scsn_001676,409465,0,up,90.12201690673828
-1678,anchor_scsn_001677,409507,0,up,218.11407470703125
-1679,anchor_scsn_001678,409675,0,up,136.00735473632812
-1680,anchor_scsn_001679,410557,0,up,142.2608184814453
-1681,anchor_scsn_001680,410642,0,up,57.17613220214844
-1682,anchor_scsn_001681,410661,0,up,86.37552642822266
-1683,anchor_scsn_001682,410830,0,up,182.32554626464844
-1684,anchor_scsn_001683,411467,0,up,74.86568450927734
-1685,anchor_scsn_001684,411528,0,up,86.38671875
-1686,anchor_scsn_001685,411567,0,up,107.92650604248047
-1687,anchor_scsn_001686,411636,0,up,50.95392608642578
-1688,anchor_scsn_001687,412248,0,up,53.437015533447266
-1689,anchor_scsn_001688,412374,0,up,63.35527038574219
-1690,anchor_scsn_001689,413016,0,up,58.96902084350586
-1691,anchor_scsn_001690,413464,0,up,215.07284545898438
-1692,anchor_scsn_001691,413483,0,up,255.1622772216797
-1693,anchor_scsn_001692,413492,0,up,56.29620361328125
-1694,anchor_scsn_001693,413626,0,up,173.052978515625
-1695,anchor_scsn_001694,413939,0,up,76.7176742553711
-1696,anchor_scsn_001695,414030,0,up,50.89006423950195
-1697,anchor_scsn_001696,414566,0,up,72.27617645263672
-1698,anchor_scsn_001697,414584,0,up,108.28966522216797
-1699,anchor_scsn_001698,414654,0,up,153.48101806640625
-1700,anchor_scsn_001699,414846,0,up,122.39509582519531
-1701,anchor_scsn_001700,415180,0,up,150.50518798828125
-1702,anchor_scsn_001701,415904,0,up,105.4530258178711
-1703,anchor_scsn_001702,415913,0,up,63.729637145996094
-1704,anchor_scsn_001703,416360,0,up,316.54388427734375
-1705,anchor_scsn_001704,416485,0,up,77.39073944091797
-1706,anchor_scsn_001705,416574,0,up,72.01097869873047
-1707,anchor_scsn_001706,416619,0,up,78.39964294433594
-1708,anchor_scsn_001707,417013,0,up,51.84849166870117
-1709,anchor_scsn_001708,417107,0,up,72.67198944091797
-1710,anchor_scsn_001709,417113,0,up,196.67103576660156
-1711,anchor_scsn_001710,417129,0,up,63.75380325317383
-1712,anchor_scsn_001711,417215,0,up,51.51897430419922
-1713,anchor_scsn_001712,417643,0,up,61.781951904296875
-1714,anchor_scsn_001713,417659,0,up,63.00423049926758
-1715,anchor_scsn_001714,417787,0,up,135.20578002929688
-1716,anchor_scsn_001715,418004,0,up,246.60072326660156
-1717,anchor_scsn_001716,418269,0,up,331.65631103515625
-1718,anchor_scsn_001717,418675,0,up,83.05451202392578
-1719,anchor_scsn_001718,418731,0,up,135.74842834472656
-1720,anchor_scsn_001719,419015,0,up,54.43410873413086
-1721,anchor_scsn_001720,419202,0,up,338.4466247558594
-1722,anchor_scsn_001721,419270,0,up,886.221923828125
-1723,anchor_scsn_001722,419324,0,up,121.40955352783203
-1724,anchor_scsn_001723,419400,0,up,52.41685485839844
-1725,anchor_scsn_001724,419740,0,up,121.07763671875
-1726,anchor_scsn_001725,420218,0,up,62.30152130126953
-1727,anchor_scsn_001726,420231,0,up,76.25585174560547
-1728,anchor_scsn_001727,420416,0,up,138.4754638671875
-1729,anchor_scsn_001728,420665,0,up,63.385589599609375
-1730,anchor_scsn_001729,421095,0,up,83.23684692382812
-1731,anchor_scsn_001730,421365,0,up,97.8769302368164
-1732,anchor_scsn_001731,421693,0,up,147.64224243164062
-1733,anchor_scsn_001732,421727,0,up,64.02995300292969
-1734,anchor_scsn_001733,421787,0,up,165.57247924804688
-1735,anchor_scsn_001734,421872,0,up,96.98653411865234
-1736,anchor_scsn_001735,422704,0,up,79.84829711914062
-1737,anchor_scsn_001736,422918,0,up,72.4140853881836
-1738,anchor_scsn_001737,423087,0,up,543.6104736328125
-1739,anchor_scsn_001738,423198,0,up,53.881072998046875
-1740,anchor_scsn_001739,424547,0,up,76.00767517089844
-1741,anchor_scsn_001740,424790,0,up,84.33116912841797
-1742,anchor_scsn_001741,424972,0,up,152.7329559326172
-1743,anchor_scsn_001742,425820,0,up,231.09259033203125
-1744,anchor_scsn_001743,425853,0,up,67.54288482666016
-1745,anchor_scsn_001744,426073,0,up,76.22551727294922
-1746,anchor_scsn_001745,426244,0,up,194.09420776367188
-1747,anchor_scsn_001746,426318,0,up,72.30186462402344
-1748,anchor_scsn_001747,427240,0,up,227.38812255859375
-1749,anchor_scsn_001748,427752,0,up,152.45037841796875
-1750,anchor_scsn_001749,429375,0,up,293.2458190917969
-1751,anchor_scsn_001750,429535,0,up,59.481040954589844
-1752,anchor_scsn_001751,429935,0,up,80.7205581665039
-1753,anchor_scsn_001752,430136,0,up,188.13253784179688
-1754,anchor_scsn_001753,430467,0,up,74.67909240722656
-1755,anchor_scsn_001754,431318,0,up,56.89855194091797
-1756,anchor_scsn_001755,431385,0,up,55.18043518066406
-1757,anchor_scsn_001756,431457,0,up,272.9488220214844
-1758,anchor_scsn_001757,431615,0,up,264.57794189453125
-1759,anchor_scsn_001758,432487,0,up,106.30348205566406
-1760,anchor_scsn_001759,432501,0,up,94.25695037841797
-1761,anchor_scsn_001760,432859,0,up,64.20094299316406
-1762,anchor_scsn_001761,433068,0,up,109.67753601074219
-1763,anchor_scsn_001762,433322,0,up,110.55390167236328
-1764,anchor_scsn_001763,434247,0,up,321.10394287109375
-1765,anchor_scsn_001764,434296,0,up,57.702701568603516
-1766,anchor_scsn_001765,434400,0,up,181.01104736328125
-1767,anchor_scsn_001766,435353,0,up,79.6894302368164
-1768,anchor_scsn_001767,435446,0,up,118.35389709472656
-1769,anchor_scsn_001768,435492,0,up,138.3616485595703
-1770,anchor_scsn_001769,435868,0,up,102.45452880859375
-1771,anchor_scsn_001770,437269,0,up,95.27974700927734
-1772,anchor_scsn_001771,437292,0,up,77.3671646118164
-1773,anchor_scsn_001772,437442,0,up,51.956661224365234
-1774,anchor_scsn_001773,437627,0,up,63.37663650512695
-1775,anchor_scsn_001774,437787,0,up,76.15083312988281
-1776,anchor_scsn_001775,437952,0,up,404.8689880371094
-1777,anchor_scsn_001776,438030,0,up,80.3977279663086
-1778,anchor_scsn_001777,438117,0,up,56.377628326416016
-1779,anchor_scsn_001778,438145,0,up,225.7223663330078
-1780,anchor_scsn_001779,439052,0,up,58.21935272216797
-1781,anchor_scsn_001780,439283,0,up,75.18952941894531
-1782,anchor_scsn_001781,439542,0,up,74.48726654052734
-1783,anchor_scsn_001782,440245,0,up,53.7791633605957
-1784,anchor_scsn_001783,440273,0,up,139.179443359375
-1785,anchor_scsn_001784,440453,0,up,78.49883270263672
-1786,anchor_scsn_001785,440503,0,up,57.94533920288086
-1787,anchor_scsn_001786,440841,0,up,257.367919921875
-1788,anchor_scsn_001787,441025,0,up,67.25354766845703
-1789,anchor_scsn_001788,441076,0,up,268.2406005859375
-1790,anchor_scsn_001789,441349,0,up,109.83173370361328
-1791,anchor_scsn_001790,441485,0,up,380.05853271484375
-1792,anchor_scsn_001791,441796,0,up,52.810943603515625
-1793,anchor_scsn_001792,441943,0,up,103.88983917236328
-1794,anchor_scsn_001793,442327,0,up,70.28328704833984
-1795,anchor_scsn_001794,442389,0,up,234.19737243652344
-1796,anchor_scsn_001795,443737,0,up,82.35957336425781
-1797,anchor_scsn_001796,444304,0,up,78.4981918334961
-1798,anchor_scsn_001797,444386,0,up,228.75885009765625
-1799,anchor_scsn_001798,444416,0,up,80.7659683227539
-1800,anchor_scsn_001799,444579,0,up,70.10121154785156
-1801,anchor_scsn_001800,445614,0,up,55.75265121459961
-1802,anchor_scsn_001801,445790,0,up,232.8201904296875
-1803,anchor_scsn_001802,445876,0,up,107.82316589355469
-1804,anchor_scsn_001803,446255,0,up,151.46055603027344
-1805,anchor_scsn_001804,446340,0,up,54.07863998413086
-1806,anchor_scsn_001805,446588,0,up,278.35992431640625
-1807,anchor_scsn_001806,446774,0,up,76.83773040771484
-1808,anchor_scsn_001807,446895,0,up,50.89866638183594
-1809,anchor_scsn_001808,447084,0,up,203.9302520751953
-1810,anchor_scsn_001809,447425,0,up,87.79075622558594
-1811,anchor_scsn_001810,447572,0,up,152.96469116210938
-1812,anchor_scsn_001811,447878,0,up,184.1413116455078
-1813,anchor_scsn_001812,447911,0,up,99.63839721679688
-1814,anchor_scsn_001813,448250,0,up,87.98943328857422
-1815,anchor_scsn_001814,448629,0,up,69.93091583251953
-1816,anchor_scsn_001815,448955,0,up,58.4835090637207
-1817,anchor_scsn_001816,449249,0,up,141.05067443847656
-1818,anchor_scsn_001817,449447,0,up,59.00204086303711
-1819,anchor_scsn_001818,449653,0,up,577.8278198242188
-1820,anchor_scsn_001819,449785,0,up,436.1474609375
-1821,anchor_scsn_001820,450350,0,up,53.28752899169922
-1822,anchor_scsn_001821,450583,0,up,55.151939392089844
-1823,anchor_scsn_001822,450907,0,up,99.26033020019531
-1824,anchor_scsn_001823,450937,0,up,164.4723358154297
-1825,anchor_scsn_001824,451162,0,up,219.3085174560547
-1826,anchor_scsn_001825,451223,0,up,133.98974609375
-1827,anchor_scsn_001826,451350,0,up,582.5433349609375
-1828,anchor_scsn_001827,451380,0,up,345.18670654296875
-1829,anchor_scsn_001828,451387,0,up,124.37468719482422
-1830,anchor_scsn_001829,451400,0,up,310.119384765625
-1831,anchor_scsn_001830,451799,0,up,92.89334869384766
-1832,anchor_scsn_001831,452165,0,up,72.65972900390625
-1833,anchor_scsn_001832,452239,0,up,675.3652954101562
-1834,anchor_scsn_001833,452531,0,up,111.75544738769531
-1835,anchor_scsn_001834,452592,0,up,77.88755798339844
-1836,anchor_scsn_001835,452622,0,up,60.20827102661133
-1837,anchor_scsn_001836,453096,0,up,88.26383972167969
-1838,anchor_scsn_001837,453211,0,up,59.696266174316406
-1839,anchor_scsn_001838,453987,0,up,512.8882446289062
-1840,anchor_scsn_001839,454059,0,up,82.03697204589844
-1841,anchor_scsn_001840,454250,0,up,50.879947662353516
-1842,anchor_scsn_001841,454367,0,up,133.15414428710938
-1843,anchor_scsn_001842,454425,0,up,262.7677917480469
-1844,anchor_scsn_001843,454444,0,up,108.146484375
-1845,anchor_scsn_001844,455512,0,up,55.59598922729492
-1846,anchor_scsn_001845,455773,0,up,70.03071594238281
-1847,anchor_scsn_001846,456068,0,up,61.537601470947266
-1848,anchor_scsn_001847,456126,0,up,90.7117919921875
-1849,anchor_scsn_001848,456184,0,up,118.58150482177734
-1850,anchor_scsn_001849,456416,0,up,175.23370361328125
-1851,anchor_scsn_001850,456587,0,up,96.80302429199219
-1852,anchor_scsn_001851,456733,0,up,248.2042999267578
-1853,anchor_scsn_001852,457143,0,up,210.23916625976562
-1854,anchor_scsn_001853,457548,0,up,74.39850616455078
-1855,anchor_scsn_001854,457634,0,up,109.51307678222656
-1856,anchor_scsn_001855,458271,0,up,80.81128692626953
-1857,anchor_scsn_001856,458844,0,up,99.59135437011719
-1858,anchor_scsn_001857,459027,0,up,65.17747497558594
-1859,anchor_scsn_001858,459039,0,up,205.8484344482422
-1860,anchor_scsn_001859,459132,0,up,309.34124755859375
-1861,anchor_scsn_001860,459134,0,up,67.44918823242188
-1862,anchor_scsn_001861,459633,0,up,100.46720123291016
-1863,anchor_scsn_001862,460368,0,up,62.516510009765625
-1864,anchor_scsn_001863,460506,0,up,133.8157196044922
-1865,anchor_scsn_001864,461248,0,up,66.58789825439453
-1866,anchor_scsn_001865,461365,0,up,61.55026626586914
-1867,anchor_scsn_001866,461366,0,up,58.7106819152832
-1868,anchor_scsn_001867,461603,0,up,51.38215255737305
-1869,anchor_scsn_001868,461750,0,up,132.45790100097656
-1870,anchor_scsn_001869,461906,0,up,385.2225341796875
-1871,anchor_scsn_001870,461921,0,up,588.4266967773438
-1872,anchor_scsn_001871,462026,0,up,104.23552703857422
-1873,anchor_scsn_001872,462210,0,up,100.66448974609375
-1874,anchor_scsn_001873,462595,0,up,93.89456939697266
-1875,anchor_scsn_001874,462827,0,up,72.50859832763672
-1876,anchor_scsn_001875,463473,0,up,90.77716827392578
-1877,anchor_scsn_001876,464043,0,up,96.68414306640625
-1878,anchor_scsn_001877,464590,0,up,101.8615493774414
-1879,anchor_scsn_001878,464728,0,up,129.4298858642578
-1880,anchor_scsn_001879,464752,0,up,615.1838989257812
-1881,anchor_scsn_001880,464782,0,up,76.40332794189453
-1882,anchor_scsn_001881,465217,0,up,242.1830291748047
-1883,anchor_scsn_001882,465398,0,up,51.50033950805664
-1884,anchor_scsn_001883,465512,0,up,72.18827819824219
-1885,anchor_scsn_001884,466001,0,up,62.14494705200195
-1886,anchor_scsn_001885,466239,0,up,68.50637817382812
-1887,anchor_scsn_001886,467277,0,up,64.97599792480469
-1888,anchor_scsn_001887,467582,0,up,100.30647277832031
-1889,anchor_scsn_001888,467654,0,up,95.00243377685547
-1890,anchor_scsn_001889,467847,0,up,56.452762603759766
-1891,anchor_scsn_001890,469052,0,up,93.73409271240234
-1892,anchor_scsn_001891,469969,0,up,54.38583755493164
-1893,anchor_scsn_001892,470416,0,up,71.61685943603516
-1894,anchor_scsn_001893,470536,0,up,214.66558837890625
-1895,anchor_scsn_001894,470883,0,up,172.39735412597656
-1896,anchor_scsn_001895,471165,0,up,85.57559967041016
-1897,anchor_scsn_001896,471267,0,up,92.33529663085938
-1898,anchor_scsn_001897,471378,0,up,204.0529022216797
-1899,anchor_scsn_001898,471664,0,up,53.37714767456055
-1900,anchor_scsn_001899,471915,0,up,456.35260009765625
-1901,anchor_scsn_001900,472217,0,up,65.1236572265625
-1902,anchor_scsn_001901,472339,0,up,213.51344299316406
-1903,anchor_scsn_001902,472659,0,up,67.77597045898438
-1904,anchor_scsn_001903,472949,0,up,254.9696807861328
-1905,anchor_scsn_001904,473144,0,up,243.97100830078125
-1906,anchor_scsn_001905,473165,0,up,132.96749877929688
-1907,anchor_scsn_001906,473261,0,up,125.28636932373047
-1908,anchor_scsn_001907,473566,0,up,51.99531936645508
-1909,anchor_scsn_001908,473957,0,up,93.70539855957031
-1910,anchor_scsn_001909,474386,0,up,70.59630584716797
-1911,anchor_scsn_001910,474533,0,up,70.1629867553711
-1912,anchor_scsn_001911,474682,0,up,95.93450927734375
-1913,anchor_scsn_001912,474798,0,up,87.7868423461914
-1914,anchor_scsn_001913,475360,0,up,134.5133056640625
-1915,anchor_scsn_001914,475409,0,up,158.66712951660156
-1916,anchor_scsn_001915,475882,0,up,66.30351257324219
-1917,anchor_scsn_001916,476066,0,up,114.53323364257812
-1918,anchor_scsn_001917,476132,0,up,90.09822845458984
-1919,anchor_scsn_001918,476155,0,up,64.37564849853516
-1920,anchor_scsn_001919,476482,0,up,130.02639770507812
-1921,anchor_scsn_001920,477018,0,up,216.84080505371094
-1922,anchor_scsn_001921,477131,0,up,205.6940460205078
-1923,anchor_scsn_001922,477137,0,up,80.53533935546875
-1924,anchor_scsn_001923,477397,0,up,55.34070587158203
-1925,anchor_scsn_001924,478045,0,up,80.05333709716797
-1926,anchor_scsn_001925,478379,0,up,165.64080810546875
-1927,anchor_scsn_001926,478508,0,up,784.2893676757812
-1928,anchor_scsn_001927,478853,0,up,109.3064193725586
-1929,anchor_scsn_001928,478954,0,up,177.41062927246094
-1930,anchor_scsn_001929,479173,0,up,100.58853149414062
-1931,anchor_scsn_001930,479308,0,up,67.28868103027344
-1932,anchor_scsn_001931,479506,0,up,97.18602752685547
-1933,anchor_scsn_001932,480823,0,up,108.05842590332031
-1934,anchor_scsn_001933,480976,0,up,70.44358825683594
-1935,anchor_scsn_001934,481530,0,up,231.6837158203125
-1936,anchor_scsn_001935,481542,0,up,184.49673461914062
-1937,anchor_scsn_001936,481811,0,up,65.80718994140625
-1938,anchor_scsn_001937,481844,0,up,146.25149536132812
-1939,anchor_scsn_001938,481925,0,up,79.95811462402344
-1940,anchor_scsn_001939,482125,0,up,177.83563232421875
-1941,anchor_scsn_001940,482456,0,up,147.19309997558594
-1942,anchor_scsn_001941,482533,0,up,175.41348266601562
-1943,anchor_scsn_001942,483339,0,up,85.56866455078125
-1944,anchor_scsn_001943,483411,0,up,72.91509246826172
-1945,anchor_scsn_001944,483474,0,up,166.4207000732422
-1946,anchor_scsn_001945,483480,0,up,106.39122009277344
-1947,anchor_scsn_001946,483937,0,up,90.14369201660156
-1948,anchor_scsn_001947,484110,0,up,248.24464416503906
-1949,anchor_scsn_001948,484368,0,up,126.00151824951172
-1950,anchor_scsn_001949,484599,0,up,77.7641372680664
-1951,anchor_scsn_001950,484617,0,up,532.580810546875
-1952,anchor_scsn_001951,484740,0,up,106.80872344970703
-1953,anchor_scsn_001952,484903,0,up,56.17700958251953
-1954,anchor_scsn_001953,485016,0,up,176.74649047851562
-1955,anchor_scsn_001954,485047,0,up,175.34759521484375
-1956,anchor_scsn_001955,485378,0,up,396.81512451171875
-1957,anchor_scsn_001956,485635,0,up,302.2413330078125
-1958,anchor_scsn_001957,486097,0,up,168.43199157714844
-1959,anchor_scsn_001958,486185,0,up,58.52287292480469
-1960,anchor_scsn_001959,486239,0,up,128.92242431640625
-1961,anchor_scsn_001960,486324,0,up,384.942626953125
-1962,anchor_scsn_001961,486483,0,up,51.86684799194336
-1963,anchor_scsn_001962,487818,0,up,84.99590301513672
-1964,anchor_scsn_001963,488001,0,up,50.41806411743164
-1965,anchor_scsn_001964,488447,0,up,55.51642990112305
-1966,anchor_scsn_001965,488782,0,up,61.02272033691406
-1967,anchor_scsn_001966,488974,0,up,53.49151611328125
-1968,anchor_scsn_001967,489023,0,up,54.118038177490234
-1969,anchor_scsn_001968,489224,0,up,65.3365249633789
-1970,anchor_scsn_001969,489621,0,up,120.25872802734375
-1971,anchor_scsn_001970,489935,0,up,69.09095764160156
-1972,anchor_scsn_001971,490353,0,up,100.95211029052734
-1973,anchor_scsn_001972,491049,0,up,50.2313117980957
-1974,anchor_scsn_001973,491222,0,up,77.4960708618164
-1975,anchor_scsn_001974,491587,0,up,94.96067810058594
-1976,anchor_scsn_001975,491669,0,up,69.53790283203125
-1977,anchor_scsn_001976,491724,0,up,224.99905395507812
-1978,anchor_scsn_001977,491832,0,up,111.4932861328125
-1979,anchor_scsn_001978,491870,0,up,54.081302642822266
-1980,anchor_scsn_001979,491999,0,up,82.23139953613281
-1981,anchor_scsn_001980,492363,0,up,684.5399169921875
-1982,anchor_scsn_001981,492442,0,up,203.53924560546875
-1983,anchor_scsn_001982,492538,0,up,75.3100814819336
-1984,anchor_scsn_001983,492804,0,up,63.3478889465332
-1985,anchor_scsn_001984,493047,0,up,76.21126556396484
-1986,anchor_scsn_001985,493483,0,up,92.8916244506836
-1987,anchor_scsn_001986,493644,0,up,57.03826904296875
-1988,anchor_scsn_001987,493867,0,up,66.75468444824219
-1989,anchor_scsn_001988,493878,0,up,180.10879516601562
-1990,anchor_scsn_001989,494159,0,up,78.96531677246094
-1991,anchor_scsn_001990,494230,0,up,133.63392639160156
-1992,anchor_scsn_001991,494489,0,up,50.144168853759766
-1993,anchor_scsn_001992,494490,0,up,67.10111999511719
-1994,anchor_scsn_001993,494965,0,up,239.79637145996094
-1995,anchor_scsn_001994,494975,0,up,85.0597915649414
-1996,anchor_scsn_001995,495055,0,up,98.77227783203125
-1997,anchor_scsn_001996,495249,0,up,68.98466491699219
-1998,anchor_scsn_001997,495289,0,up,186.794921875
-1999,anchor_scsn_001998,495378,0,up,51.70404815673828
-2000,anchor_scsn_001999,495938,0,up,133.84326171875
-2001,anchor_scsn_002000,496189,0,up,70.30154418945312
-2002,anchor_scsn_002001,496291,0,up,62.02458572387695
-2003,anchor_scsn_002002,496325,0,up,84.3890380859375
-2004,anchor_scsn_002003,496353,0,up,62.97219467163086
-2005,anchor_scsn_002004,496378,0,up,82.57371520996094
-2006,anchor_scsn_002005,497512,0,up,65.84253692626953
-2007,anchor_scsn_002006,498155,0,up,64.43416595458984
-2008,anchor_scsn_002007,498528,0,up,214.21266174316406
-2009,anchor_scsn_002008,498646,0,up,273.4233093261719
-2010,anchor_scsn_002009,498850,0,up,180.28297424316406
-2011,anchor_scsn_002010,498914,0,up,118.44827270507812
-2012,anchor_scsn_002011,499119,0,up,341.0412902832031
-2013,anchor_scsn_002012,499129,0,up,228.6150665283203
-2014,anchor_scsn_002013,499335,0,up,306.05419921875
-2015,anchor_scsn_002014,499929,0,up,296.339599609375
-2016,anchor_scsn_002015,500023,0,up,84.95362854003906
-2017,anchor_scsn_002016,500200,0,up,799.7456665039062
-2018,anchor_scsn_002017,500601,0,up,56.15062713623047
-2019,anchor_scsn_002018,500874,0,up,119.28357696533203
-2020,anchor_scsn_002019,501162,0,up,783.87939453125
-2021,anchor_scsn_002020,501363,0,up,173.83514404296875
-2022,anchor_scsn_002021,501741,0,up,51.33364486694336
-2023,anchor_scsn_002022,501985,0,up,269.9260559082031
-2024,anchor_scsn_002023,502001,0,up,339.5789794921875
-2025,anchor_scsn_002024,502206,0,up,107.33635711669922
-2026,anchor_scsn_002025,502660,0,up,79.3381118774414
-2027,anchor_scsn_002026,502992,0,up,82.78335571289062
-2028,anchor_scsn_002027,503611,0,up,511.65179443359375
-2029,anchor_scsn_002028,503937,0,up,143.76173400878906
-2030,anchor_scsn_002029,504070,0,up,82.9071044921875
-2031,anchor_scsn_002030,505125,0,up,399.9693908691406
-2032,anchor_scsn_002031,505290,0,up,384.578125
-2033,anchor_scsn_002032,505429,0,up,70.52369689941406
-2034,anchor_scsn_002033,505635,0,up,63.865562438964844
-2035,anchor_scsn_002034,505699,0,up,146.86705017089844
-2036,anchor_scsn_002035,505908,0,up,229.6736602783203
-2037,anchor_scsn_002036,506245,0,up,75.84852600097656
-2038,anchor_scsn_002037,506259,0,up,69.41221618652344
-2039,anchor_scsn_002038,506411,0,up,93.66305541992188
-2040,anchor_scsn_002039,506612,0,up,60.173519134521484
-2041,anchor_scsn_002040,506777,0,up,719.857177734375
-2042,anchor_scsn_002041,506790,0,up,105.50203704833984
-2043,anchor_scsn_002042,506926,0,up,87.79405212402344
-2044,anchor_scsn_002043,507096,0,up,161.9751434326172
-2045,anchor_scsn_002044,507156,0,up,103.90165710449219
-2046,anchor_scsn_002045,507397,0,up,72.38129425048828
-2047,anchor_scsn_002046,508132,0,up,121.46783447265625
-2048,anchor_scsn_002047,508152,0,up,61.35102081298828
-2049,anchor_scsn_002048,508498,0,up,122.60195922851562
-2050,anchor_scsn_002049,508680,0,up,129.3749542236328
-2051,anchor_scsn_002050,508717,0,up,305.8398132324219
-2052,anchor_scsn_002051,508722,0,up,157.75865173339844
-2053,anchor_scsn_002052,508938,0,up,116.184326171875
-2054,anchor_scsn_002053,508955,0,up,66.11515808105469
-2055,anchor_scsn_002054,509021,0,up,77.52828216552734
-2056,anchor_scsn_002055,509314,0,up,113.16179656982422
-2057,anchor_scsn_002056,509511,0,up,62.42148208618164
-2058,anchor_scsn_002057,509535,0,up,121.57974243164062
-2059,anchor_scsn_002058,509620,0,up,185.21392822265625
-2060,anchor_scsn_002059,509691,0,up,185.0414276123047
-2061,anchor_scsn_002060,509891,0,up,68.9842758178711
-2062,anchor_scsn_002061,510580,0,up,206.26333618164062
-2063,anchor_scsn_002062,510877,0,up,505.860107421875
-2064,anchor_scsn_002063,510945,0,up,61.627071380615234
-2065,anchor_scsn_002064,511632,0,up,581.6507568359375
-2066,anchor_scsn_002065,511738,0,up,69.05200958251953
-2067,anchor_scsn_002066,511850,0,up,536.0878295898438
-2068,anchor_scsn_002067,511871,0,up,105.7057113647461
-2069,anchor_scsn_002068,511894,0,up,102.89295959472656
-2070,anchor_scsn_002069,512125,0,up,51.688079833984375
-2071,anchor_scsn_002070,512279,0,up,136.1339569091797
-2072,anchor_scsn_002071,512591,0,up,57.71756362915039
-2073,anchor_scsn_002072,512596,0,up,57.567745208740234
-2074,anchor_scsn_002073,513446,0,up,54.4067268371582
-2075,anchor_scsn_002074,513485,0,up,79.73934173583984
-2076,anchor_scsn_002075,513604,0,up,72.24810791015625
-2077,anchor_scsn_002076,513821,0,up,89.13289642333984
-2078,anchor_scsn_002077,514898,0,up,77.9441146850586
-2079,anchor_scsn_002078,514903,0,up,76.65789031982422
-2080,anchor_scsn_002079,514934,0,up,174.70980834960938
-2081,anchor_scsn_002080,515098,0,up,105.49646759033203
-2082,anchor_scsn_002081,515474,0,up,136.7744598388672
-2083,anchor_scsn_002082,516028,0,up,68.7458267211914
-2084,anchor_scsn_002083,516543,0,up,80.3625717163086
-2085,anchor_scsn_002084,516627,0,up,106.74372100830078
-2086,anchor_scsn_002085,516738,0,up,68.09337615966797
-2087,anchor_scsn_002086,516743,0,up,55.61521911621094
-2088,anchor_scsn_002087,516903,0,up,72.63920593261719
-2089,anchor_scsn_002088,517003,0,up,60.23240280151367
-2090,anchor_scsn_002089,517024,0,up,66.78478240966797
-2091,anchor_scsn_002090,517033,0,up,408.6354064941406
-2092,anchor_scsn_002091,517035,0,up,70.40351104736328
-2093,anchor_scsn_002092,517185,0,up,55.83045196533203
-2094,anchor_scsn_002093,517216,0,up,250.51914978027344
-2095,anchor_scsn_002094,517564,0,up,294.9852294921875
-2096,anchor_scsn_002095,517644,0,up,117.59943389892578
-2097,anchor_scsn_002096,517842,0,up,87.17920684814453
-2098,anchor_scsn_002097,517882,0,up,222.3555450439453
-2099,anchor_scsn_002098,518117,0,up,222.60018920898438
-2100,anchor_scsn_002099,519418,0,up,228.57720947265625
-2101,anchor_scsn_002100,519942,0,up,141.93234252929688
-2102,anchor_scsn_002101,520124,0,up,110.24620819091797
-2103,anchor_scsn_002102,520273,0,up,157.3105926513672
-2104,anchor_scsn_002103,520555,0,up,85.6436538696289
-2105,anchor_scsn_002104,520575,0,up,50.62919235229492
-2106,anchor_scsn_002105,521048,0,up,68.00201416015625
-2107,anchor_scsn_002106,521322,0,up,117.43341827392578
-2108,anchor_scsn_002107,521647,0,up,50.256595611572266
-2109,anchor_scsn_002108,522069,0,up,56.69815444946289
-2110,anchor_scsn_002109,522805,0,up,215.3103790283203
-2111,anchor_scsn_002110,523775,0,up,59.93421936035156
-2112,anchor_scsn_002111,523781,0,up,384.0196533203125
-2113,anchor_scsn_002112,524291,0,up,140.70388793945312
-2114,anchor_scsn_002113,524548,0,up,61.73226547241211
-2115,anchor_scsn_002114,524549,0,up,64.00516510009766
-2116,anchor_scsn_002115,524937,0,up,259.4200744628906
-2117,anchor_scsn_002116,525321,0,up,290.70404052734375
-2118,anchor_scsn_002117,525326,0,up,127.32371520996094
-2119,anchor_scsn_002118,525340,0,up,138.16355895996094
-2120,anchor_scsn_002119,525411,0,up,372.9087219238281
-2121,anchor_scsn_002120,526268,0,up,137.701904296875
-2122,anchor_scsn_002121,526684,0,up,87.85521697998047
-2123,anchor_scsn_002122,526781,0,up,94.49348449707031
-2124,anchor_scsn_002123,526816,0,up,84.30677032470703
-2125,anchor_scsn_002124,527005,0,up,442.9654235839844
-2126,anchor_scsn_002125,527414,0,up,52.88032150268555
-2127,anchor_scsn_002126,527662,0,up,81.12584686279297
-2128,anchor_scsn_002127,527855,0,up,68.84963989257812
-2129,anchor_scsn_002128,528233,0,up,89.8646011352539
-2130,anchor_scsn_002129,528498,0,up,128.88275146484375
-2131,anchor_scsn_002130,528653,0,up,132.7561798095703
-2132,anchor_scsn_002131,529020,0,up,112.67930603027344
-2133,anchor_scsn_002132,529587,0,up,51.068973541259766
-2134,anchor_scsn_002133,529634,0,up,134.23495483398438
-2135,anchor_scsn_002134,529856,0,up,85.15544128417969
-2136,anchor_scsn_002135,529873,0,up,74.12284851074219
-2137,anchor_scsn_002136,530040,0,up,57.5654411315918
-2138,anchor_scsn_002137,530107,0,up,332.6956481933594
-2139,anchor_scsn_002138,530267,0,up,90.65400695800781
-2140,anchor_scsn_002139,530324,0,up,232.29183959960938
-2141,anchor_scsn_002140,530511,0,up,262.0728759765625
-2142,anchor_scsn_002141,530732,0,up,185.89492797851562
-2143,anchor_scsn_002142,531211,0,up,75.42084503173828
-2144,anchor_scsn_002143,531344,0,up,68.04024505615234
-2145,anchor_scsn_002144,531363,0,up,932.50830078125
-2146,anchor_scsn_002145,531389,0,up,50.851173400878906
-2147,anchor_scsn_002146,531476,0,up,95.79918670654297
-2148,anchor_scsn_002147,532129,0,up,69.06475830078125
-2149,anchor_scsn_002148,532446,0,up,125.5218276977539
-2150,anchor_scsn_002149,532548,0,up,63.072879791259766
-2151,anchor_scsn_002150,532899,0,up,74.13922119140625
-2152,anchor_scsn_002151,533147,0,up,118.85257720947266
-2153,anchor_scsn_002152,533284,0,up,71.74661254882812
-2154,anchor_scsn_002153,533772,0,up,84.39261627197266
-2155,anchor_scsn_002154,534020,0,up,261.8705749511719
-2156,anchor_scsn_002155,534112,0,up,100.62010955810547
-2157,anchor_scsn_002156,534655,0,up,112.77420806884766
-2158,anchor_scsn_002157,534787,0,up,162.37904357910156
-2159,anchor_scsn_002158,535023,0,up,99.33979034423828
-2160,anchor_scsn_002159,535290,0,up,256.16253662109375
-2161,anchor_scsn_002160,535298,0,up,67.95922088623047
-2162,anchor_scsn_002161,535739,0,up,98.09368896484375
-2163,anchor_scsn_002162,535849,0,up,132.59014892578125
-2164,anchor_scsn_002163,536440,0,up,51.32402038574219
-2165,anchor_scsn_002164,536987,0,up,72.77325439453125
-2166,anchor_scsn_002165,537536,0,up,224.50628662109375
-2167,anchor_scsn_002166,537574,0,up,60.887821197509766
-2168,anchor_scsn_002167,537666,0,up,174.89137268066406
-2169,anchor_scsn_002168,537999,0,up,81.7464599609375
-2170,anchor_scsn_002169,538022,0,up,84.24333953857422
-2171,anchor_scsn_002170,538215,0,up,159.8504180908203
-2172,anchor_scsn_002171,538239,0,up,54.988616943359375
-2173,anchor_scsn_002172,539207,0,up,452.10418701171875
-2174,anchor_scsn_002173,539218,0,up,80.41776275634766
-2175,anchor_scsn_002174,539263,0,up,179.94778442382812
-2176,anchor_scsn_002175,539369,0,up,53.306007385253906
-2177,anchor_scsn_002176,539393,0,up,57.95294952392578
-2178,anchor_scsn_002177,540132,0,up,101.07352447509766
-2179,anchor_scsn_002178,540366,0,up,285.1243896484375
-2180,anchor_scsn_002179,540452,0,up,206.49261474609375
-2181,anchor_scsn_002180,540495,0,up,90.34455108642578
-2182,anchor_scsn_002181,540537,0,up,58.79707336425781
-2183,anchor_scsn_002182,540855,0,up,50.88484191894531
-2184,anchor_scsn_002183,540931,0,up,287.5201721191406
-2185,anchor_scsn_002184,541570,0,up,67.17049407958984
-2186,anchor_scsn_002185,541711,0,up,55.696041107177734
-2187,anchor_scsn_002186,541865,0,up,74.85868835449219
-2188,anchor_scsn_002187,542039,0,up,136.5809326171875
-2189,anchor_scsn_002188,542143,0,up,61.309288024902344
-2190,anchor_scsn_002189,542717,0,up,184.80474853515625
-2191,anchor_scsn_002190,542802,0,up,222.26516723632812
-2192,anchor_scsn_002191,542810,0,up,179.80026245117188
-2193,anchor_scsn_002192,543388,0,up,344.745361328125
-2194,anchor_scsn_002193,543795,0,up,53.70192337036133
-2195,anchor_scsn_002194,543894,0,up,156.40875244140625
-2196,anchor_scsn_002195,544490,0,up,661.5722045898438
-2197,anchor_scsn_002196,544763,0,up,162.95806884765625
-2198,anchor_scsn_002197,544786,0,up,60.61632537841797
-2199,anchor_scsn_002198,545039,0,up,58.50931930541992
-2200,anchor_scsn_002199,545047,0,up,117.90477752685547
-2201,anchor_scsn_002200,545054,0,up,457.1915588378906
-2202,anchor_scsn_002201,545978,0,up,83.1387710571289
-2203,anchor_scsn_002202,546046,0,up,64.0493392944336
-2204,anchor_scsn_002203,546780,0,up,61.37385940551758
-2205,anchor_scsn_002204,546794,0,up,66.57103729248047
-2206,anchor_scsn_002205,546966,0,up,55.37471008300781
-2207,anchor_scsn_002206,547085,0,up,121.70223236083984
-2208,anchor_scsn_002207,547855,0,up,51.1061897277832
-2209,anchor_scsn_002208,548116,0,up,87.5673828125
-2210,anchor_scsn_002209,548291,0,up,76.37007904052734
-2211,anchor_scsn_002210,548381,0,up,88.66432189941406
-2212,anchor_scsn_002211,548465,0,up,68.7845458984375
-2213,anchor_scsn_002212,548514,0,up,187.7924041748047
-2214,anchor_scsn_002213,548599,0,up,126.57725524902344
-2215,anchor_scsn_002214,548688,0,up,62.1146125793457
-2216,anchor_scsn_002215,548925,0,up,65.75592803955078
-2217,anchor_scsn_002216,549249,0,up,91.98809814453125
-2218,anchor_scsn_002217,549314,0,up,57.384063720703125
-2219,anchor_scsn_002218,549696,0,up,55.346435546875
-2220,anchor_scsn_002219,549805,0,up,504.1207275390625
-2221,anchor_scsn_002220,549835,0,up,196.70347595214844
-2222,anchor_scsn_002221,549973,0,up,67.07181549072266
-2223,anchor_scsn_002222,551132,0,up,59.9901123046875
-2224,anchor_scsn_002223,551683,0,up,120.65007019042969
-2225,anchor_scsn_002224,552125,0,up,53.88457107543945
-2226,anchor_scsn_002225,552352,0,up,60.739830017089844
-2227,anchor_scsn_002226,552373,0,up,497.5486755371094
-2228,anchor_scsn_002227,552599,0,up,53.74624252319336
-2229,anchor_scsn_002228,552765,0,up,100.5387191772461
-2230,anchor_scsn_002229,552892,0,up,217.94705200195312
-2231,anchor_scsn_002230,553046,0,up,57.97187042236328
-2232,anchor_scsn_002231,553232,0,up,50.24470901489258
-2233,anchor_scsn_002232,553358,0,up,130.99046325683594
-2234,anchor_scsn_002233,553361,0,up,147.42776489257812
-2235,anchor_scsn_002234,553454,0,up,155.5814971923828
-2236,anchor_scsn_002235,553628,0,up,75.90376281738281
-2237,anchor_scsn_002236,553784,0,up,103.86357116699219
-2238,anchor_scsn_002237,553932,0,up,390.0686340332031
-2239,anchor_scsn_002238,553973,0,up,63.71028518676758
-2240,anchor_scsn_002239,554146,0,up,68.61285400390625
-2241,anchor_scsn_002240,554309,0,up,91.8652114868164
-2242,anchor_scsn_002241,554526,0,up,71.05814361572266
-2243,anchor_scsn_002242,554537,0,up,89.70869445800781
-2244,anchor_scsn_002243,554910,0,up,96.03441619873047
-2245,anchor_scsn_002244,555025,0,up,196.16714477539062
-2246,anchor_scsn_002245,555307,0,up,92.79924011230469
-2247,anchor_scsn_002246,555626,0,up,79.06266784667969
-2248,anchor_scsn_002247,555881,0,up,64.1183853149414
-2249,anchor_scsn_002248,555980,0,up,192.6704559326172
-2250,anchor_scsn_002249,556542,0,up,73.9808120727539
-2251,anchor_scsn_002250,556679,0,up,426.29150390625
-2252,anchor_scsn_002251,556973,0,up,125.70048522949219
-2253,anchor_scsn_002252,557071,0,up,56.9508056640625
-2254,anchor_scsn_002253,557188,0,up,88.53496551513672
-2255,anchor_scsn_002254,557234,0,up,169.78562927246094
-2256,anchor_scsn_002255,557451,0,up,149.06385803222656
-2257,anchor_scsn_002256,557530,0,up,82.5651626586914
-2258,anchor_scsn_002257,557593,0,up,105.39192199707031
-2259,anchor_scsn_002258,557634,0,up,147.79823303222656
-2260,anchor_scsn_002259,557709,0,up,209.80067443847656
-2261,anchor_scsn_002260,557726,0,up,125.38036346435547
-2262,anchor_scsn_002261,557791,0,up,208.37757873535156
-2263,anchor_scsn_002262,558226,0,up,84.70010375976562
-2264,anchor_scsn_002263,558522,0,up,78.63573455810547
-2265,anchor_scsn_002264,558539,0,up,93.37178039550781
-2266,anchor_scsn_002265,558736,0,up,56.500755310058594
-2267,anchor_scsn_002266,559349,0,up,100.40389251708984
-2268,anchor_scsn_002267,559609,0,up,82.1294174194336
-2269,anchor_scsn_002268,560263,0,up,200.91485595703125
-2270,anchor_scsn_002269,560632,0,up,64.25302124023438
-2271,anchor_scsn_002270,560734,0,up,73.67561340332031
-2272,anchor_scsn_002271,560862,0,up,68.48064422607422
-2273,anchor_scsn_002272,560891,0,up,63.24672317504883
-2274,anchor_scsn_002273,561309,0,up,163.74684143066406
-2275,anchor_scsn_002274,561724,0,up,150.35040283203125
-2276,anchor_scsn_002275,561972,0,up,89.15506744384766
-2277,anchor_scsn_002276,562600,0,up,93.7330551147461
-2278,anchor_scsn_002277,562770,0,up,283.1216125488281
-2279,anchor_scsn_002278,563054,0,up,67.70650482177734
-2280,anchor_scsn_002279,563087,0,up,211.07516479492188
-2281,anchor_scsn_002280,563135,0,up,75.45528411865234
-2282,anchor_scsn_002281,563274,0,up,54.06570816040039
-2283,anchor_scsn_002282,563997,0,up,65.83660888671875
-2284,anchor_scsn_002283,564220,0,up,197.17730712890625
-2285,anchor_scsn_002284,564593,0,up,107.83604431152344
-2286,anchor_scsn_002285,565090,0,up,100.48079681396484
-2287,anchor_scsn_002286,565182,0,up,91.38307189941406
-2288,anchor_scsn_002287,565428,0,up,183.0972900390625
-2289,anchor_scsn_002288,565539,0,up,221.67959594726562
-2290,anchor_scsn_002289,565710,0,up,67.7337646484375
-2291,anchor_scsn_002290,566042,0,up,152.681396484375
-2292,anchor_scsn_002291,566047,0,up,55.92477798461914
-2293,anchor_scsn_002292,566509,0,up,95.37406158447266
-2294,anchor_scsn_002293,566546,0,up,79.73064422607422
-2295,anchor_scsn_002294,566644,0,up,106.07991027832031
-2296,anchor_scsn_002295,566920,0,up,146.66140747070312
-2297,anchor_scsn_002296,567182,0,up,226.6646728515625
-2298,anchor_scsn_002297,567771,0,up,180.49813842773438
-2299,anchor_scsn_002298,567861,0,up,168.94688415527344
-2300,anchor_scsn_002299,567864,0,up,248.07322692871094
-2301,anchor_scsn_002300,567896,0,up,217.3705596923828
-2302,anchor_scsn_002301,568012,0,up,157.84133911132812
-2303,anchor_scsn_002302,568334,0,up,110.70480346679688
-2304,anchor_scsn_002303,568528,0,up,513.9212036132812
-2305,anchor_scsn_002304,568622,0,up,81.48988342285156
-2306,anchor_scsn_002305,568694,0,up,72.74256134033203
-2307,anchor_scsn_002306,568845,0,up,108.97015380859375
-2308,anchor_scsn_002307,569034,0,up,89.68447875976562
-2309,anchor_scsn_002308,569277,0,up,90.41119384765625
-2310,anchor_scsn_002309,569350,0,up,79.17681121826172
-2311,anchor_scsn_002310,569803,0,up,57.224586486816406
-2312,anchor_scsn_002311,569825,0,up,95.50387573242188
-2313,anchor_scsn_002312,570381,0,up,66.9998550415039
-2314,anchor_scsn_002313,570597,0,up,68.8028564453125
-2315,anchor_scsn_002314,570901,0,up,63.17672348022461
-2316,anchor_scsn_002315,571093,0,up,91.23439025878906
-2317,anchor_scsn_002316,571116,0,up,58.18288040161133
-2318,anchor_scsn_002317,571274,0,up,80.83222198486328
-2319,anchor_scsn_002318,571528,0,up,115.99032592773438
-2320,anchor_scsn_002319,571573,0,up,237.31088256835938
-2321,anchor_scsn_002320,571650,0,up,71.53907775878906
-2322,anchor_scsn_002321,571693,0,up,82.8148193359375
-2323,anchor_scsn_002322,571969,0,up,86.12861633300781
-2324,anchor_scsn_002323,571997,0,up,79.10015106201172
-2325,anchor_scsn_002324,572805,0,up,143.99526977539062
-2326,anchor_scsn_002325,572846,0,up,54.24658966064453
-2327,anchor_scsn_002326,572906,0,up,505.13824462890625
-2328,anchor_scsn_002327,573349,0,up,105.83704376220703
-2329,anchor_scsn_002328,573398,0,up,354.85321044921875
-2330,anchor_scsn_002329,573424,0,up,103.62095642089844
-2331,anchor_scsn_002330,573496,0,up,52.56816101074219
-2332,anchor_scsn_002331,574115,0,up,113.02875518798828
-2333,anchor_scsn_002332,574299,0,up,77.7550277709961
-2334,anchor_scsn_002333,574644,0,up,141.2099151611328
-2335,anchor_scsn_002334,574670,0,up,66.27481842041016
-2336,anchor_scsn_002335,575318,0,up,66.98741912841797
-2337,anchor_scsn_002336,575512,0,up,103.17918395996094
-2338,anchor_scsn_002337,575712,0,up,70.68345642089844
-2339,anchor_scsn_002338,575938,0,up,103.61837768554688
-2340,anchor_scsn_002339,575949,0,up,71.6445083618164
-2341,anchor_scsn_002340,576166,0,up,89.07849884033203
-2342,anchor_scsn_002341,576194,0,up,61.726036071777344
-2343,anchor_scsn_002342,576343,0,up,61.595157623291016
-2344,anchor_scsn_002343,576351,0,up,831.8067016601562
-2345,anchor_scsn_002344,576571,0,up,94.69253540039062
-2346,anchor_scsn_002345,576923,0,up,145.8551025390625
-2347,anchor_scsn_002346,577401,0,up,103.7548599243164
-2348,anchor_scsn_002347,577496,0,up,112.14073181152344
-2349,anchor_scsn_002348,577594,0,up,88.1370620727539
-2350,anchor_scsn_002349,577635,0,up,258.1180419921875
-2351,anchor_scsn_002350,577639,0,up,52.88202667236328
-2352,anchor_scsn_002351,577964,0,up,90.35836791992188
-2353,anchor_scsn_002352,577983,0,up,532.5297241210938
-2354,anchor_scsn_002353,578107,0,up,176.54525756835938
-2355,anchor_scsn_002354,578141,0,up,102.52018737792969
-2356,anchor_scsn_002355,578331,0,up,144.2611083984375
-2357,anchor_scsn_002356,578476,0,up,78.70921325683594
-2358,anchor_scsn_002357,578566,0,up,96.37820434570312
-2359,anchor_scsn_002358,578920,0,up,711.5119018554688
-2360,anchor_scsn_002359,579579,0,up,939.331298828125
-2361,anchor_scsn_002360,579736,0,up,98.38280487060547
-2362,anchor_scsn_002361,579770,0,up,135.53701782226562
-2363,anchor_scsn_002362,580284,0,up,50.42170333862305
-2364,anchor_scsn_002363,580508,0,up,113.8029556274414
-2365,anchor_scsn_002364,580739,0,up,96.74935150146484
-2366,anchor_scsn_002365,581015,0,up,138.78517150878906
-2367,anchor_scsn_002366,581072,0,up,105.58961486816406
-2368,anchor_scsn_002367,581351,0,up,154.38217163085938
-2369,anchor_scsn_002368,581891,0,up,380.4588317871094
-2370,anchor_scsn_002369,582358,0,up,226.80926513671875
-2371,anchor_scsn_002370,583218,0,up,102.28096008300781
-2372,anchor_scsn_002371,583421,0,up,335.8924560546875
-2373,anchor_scsn_002372,584613,0,up,141.23951721191406
-2374,anchor_scsn_002373,584685,0,up,334.1164245605469
-2375,anchor_scsn_002374,584840,0,up,99.80232238769531
-2376,anchor_scsn_002375,584965,0,up,60.248207092285156
-2377,anchor_scsn_002376,585434,0,up,365.5753479003906
-2378,anchor_scsn_002377,585488,0,up,352.8282165527344
-2379,anchor_scsn_002378,586401,0,up,52.933895111083984
-2380,anchor_scsn_002379,586615,0,up,93.05729675292969
-2381,anchor_scsn_002380,586858,0,up,167.2856903076172
-2382,anchor_scsn_002381,587008,0,up,55.10017013549805
-2383,anchor_scsn_002382,587064,0,up,182.22119140625
-2384,anchor_scsn_002383,587276,0,up,141.52816772460938
-2385,anchor_scsn_002384,588023,0,up,356.69281005859375
-2386,anchor_scsn_002385,588403,0,up,140.9023895263672
-2387,anchor_scsn_002386,588685,0,up,69.44905853271484
-2388,anchor_scsn_002387,588982,0,up,73.3145523071289
-2389,anchor_scsn_002388,589138,0,up,147.0809783935547
-2390,anchor_scsn_002389,589577,0,up,89.4958724975586
-2391,anchor_scsn_002390,589946,0,up,176.2987823486328
-2392,anchor_scsn_002391,590305,0,up,230.29063415527344
-2393,anchor_scsn_002392,590379,0,up,97.88801574707031
-2394,anchor_scsn_002393,590410,0,up,55.785221099853516
-2395,anchor_scsn_002394,590573,0,up,56.46596908569336
-2396,anchor_scsn_002395,590670,0,up,53.77377700805664
-2397,anchor_scsn_002396,590832,0,up,61.15953826904297
-2398,anchor_scsn_002397,590842,0,up,147.86856079101562
-2399,anchor_scsn_002398,591016,0,up,56.27785873413086
-2400,anchor_scsn_002399,591054,0,up,57.54792022705078
-2401,anchor_scsn_002400,591187,0,up,55.83658218383789
-2402,anchor_scsn_002401,591269,0,up,127.41959381103516
-2403,anchor_scsn_002402,591422,0,up,204.16746520996094
-2404,anchor_scsn_002403,591931,0,up,62.81126022338867
-2405,anchor_scsn_002404,592483,0,up,90.87723541259766
-2406,anchor_scsn_002405,592488,0,up,50.92680358886719
-2407,anchor_scsn_002406,592602,0,up,50.02920913696289
-2408,anchor_scsn_002407,592969,0,up,61.62815475463867
-2409,anchor_scsn_002408,593098,0,up,394.3804626464844
-2410,anchor_scsn_002409,593220,0,up,147.7362518310547
-2411,anchor_scsn_002410,593733,0,up,69.23672485351562
-2412,anchor_scsn_002411,593841,0,up,84.13446044921875
-2413,anchor_scsn_002412,594533,0,up,100.07750701904297
-2414,anchor_scsn_002413,594623,0,up,157.2296600341797
-2415,anchor_scsn_002414,594636,0,up,77.21650695800781
-2416,anchor_scsn_002415,596075,0,up,93.77894592285156
-2417,anchor_scsn_002416,597003,0,up,82.00389862060547
-2418,anchor_scsn_002417,597257,0,up,64.07662963867188
-2419,anchor_scsn_002418,597328,0,up,64.76436614990234
-2420,anchor_scsn_002419,597425,0,up,176.2735137939453
-2421,anchor_scsn_002420,597659,0,up,111.42374420166016
-2422,anchor_scsn_002421,597941,0,up,56.97649383544922
-2423,anchor_scsn_002422,598185,0,up,182.9462890625
-2424,anchor_scsn_002423,598418,0,up,229.84945678710938
-2425,anchor_scsn_002424,599116,0,up,102.72077178955078
-2426,anchor_scsn_002425,599130,0,up,106.52239227294922
-2427,anchor_scsn_002426,599269,0,up,137.7355194091797
-2428,anchor_scsn_002427,599871,0,up,67.10964965820312
-2429,anchor_scsn_002428,600379,0,up,71.02135467529297
-2430,anchor_scsn_002429,600410,0,up,74.25285339355469
-2431,anchor_scsn_002430,600472,0,up,344.2833557128906
-2432,anchor_scsn_002431,600675,0,up,154.07937622070312
-2433,anchor_scsn_002432,600878,0,up,140.41262817382812
-2434,anchor_scsn_002433,601123,0,up,104.68716430664062
-2435,anchor_scsn_002434,601557,0,up,265.25921630859375
-2436,anchor_scsn_002435,601723,0,up,73.03437042236328
-2437,anchor_scsn_002436,602102,0,up,59.86675262451172
-2438,anchor_scsn_002437,602306,0,up,76.21504211425781
-2439,anchor_scsn_002438,602501,0,up,89.92974090576172
-2440,anchor_scsn_002439,602699,0,up,52.974334716796875
-2441,anchor_scsn_002440,602709,0,up,52.58171081542969
-2442,anchor_scsn_002441,602944,0,up,304.57476806640625
-2443,anchor_scsn_002442,602985,0,up,224.08067321777344
-2444,anchor_scsn_002443,603298,0,up,87.62236022949219
-2445,anchor_scsn_002444,603632,0,up,62.92840576171875
-2446,anchor_scsn_002445,603761,0,up,56.724124908447266
-2447,anchor_scsn_002446,604703,0,up,89.62337493896484
-2448,anchor_scsn_002447,605206,0,up,119.97386932373047
-2449,anchor_scsn_002448,605246,0,up,96.03913879394531
-2450,anchor_scsn_002449,605260,0,up,409.0498962402344
-2451,anchor_scsn_002450,605684,0,up,76.267578125
-2452,anchor_scsn_002451,605887,0,up,78.8803482055664
-2453,anchor_scsn_002452,606236,0,up,80.89521789550781
-2454,anchor_scsn_002453,606376,0,up,155.69444274902344
-2455,anchor_scsn_002454,606377,0,up,304.0836486816406
-2456,anchor_scsn_002455,607098,0,up,92.13318634033203
-2457,anchor_scsn_002456,607146,0,up,378.9320068359375
-2458,anchor_scsn_002457,607177,0,up,160.0517120361328
-2459,anchor_scsn_002458,607392,0,up,55.48895263671875
-2460,anchor_scsn_002459,607670,0,up,58.07636642456055
-2461,anchor_scsn_002460,608274,0,up,162.80345153808594
-2462,anchor_scsn_002461,608298,0,up,271.5201416015625
-2463,anchor_scsn_002462,608495,0,up,552.4247436523438
-2464,anchor_scsn_002463,608655,0,up,79.79772186279297
-2465,anchor_scsn_002464,609058,0,up,84.51969146728516
-2466,anchor_scsn_002465,609069,0,up,60.67526626586914
-2467,anchor_scsn_002466,609740,0,up,65.44233703613281
-2468,anchor_scsn_002467,609879,0,up,130.69058227539062
-2469,anchor_scsn_002468,610121,0,up,67.97782897949219
-2470,anchor_scsn_002469,610176,0,up,74.96653747558594
-2471,anchor_scsn_002470,610402,0,up,58.048641204833984
-2472,anchor_scsn_002471,610421,0,up,114.04756164550781
-2473,anchor_scsn_002472,610502,0,up,96.51892852783203
-2474,anchor_scsn_002473,610903,0,up,167.69863891601562
-2475,anchor_scsn_002474,611199,0,up,64.7137680053711
-2476,anchor_scsn_002475,611419,0,up,236.8054656982422
-2477,anchor_scsn_002476,611535,0,up,443.74444580078125
-2478,anchor_scsn_002477,611925,0,up,60.112850189208984
-2479,anchor_scsn_002478,612215,0,up,113.6663818359375
-2480,anchor_scsn_002479,612982,0,up,54.1443977355957
-2481,anchor_scsn_002480,613312,0,up,89.2450942993164
-2482,anchor_scsn_002481,613983,0,up,639.8521728515625
-2483,anchor_scsn_002482,614292,0,up,65.21595001220703
-2484,anchor_scsn_002483,614384,0,up,126.64019012451172
-2485,anchor_scsn_002484,614783,0,up,107.96098327636719
-2486,anchor_scsn_002485,614944,0,up,147.19725036621094
-2487,anchor_scsn_002486,615454,0,up,321.5416564941406
-2488,anchor_scsn_002487,615481,0,up,85.45974731445312
-2489,anchor_scsn_002488,615603,0,up,80.92665100097656
-2490,anchor_scsn_002489,615993,0,up,704.1145629882812
-2491,anchor_scsn_002490,616620,0,up,131.900634765625
-2492,anchor_scsn_002491,617212,0,up,184.3837127685547
-2493,anchor_scsn_002492,617516,0,up,52.80253219604492
-2494,anchor_scsn_002493,617561,0,up,72.83395385742188
-2495,anchor_scsn_002494,617789,0,up,136.1817169189453
-2496,anchor_scsn_002495,617851,0,up,103.83753204345703
-2497,anchor_scsn_002496,618069,0,up,270.64190673828125
-2498,anchor_scsn_002497,618394,0,up,114.07594299316406
-2499,anchor_scsn_002498,618625,0,up,60.60194778442383
-2500,anchor_scsn_002499,618988,0,up,52.60222244262695
-2501,anchor_scsn_002500,619091,0,up,57.55174255371094
-2502,anchor_scsn_002501,619308,0,up,213.99966430664062
-2503,anchor_scsn_002502,619347,0,up,191.8637237548828
-2504,anchor_scsn_002503,619609,0,up,87.81293487548828
-2505,anchor_scsn_002504,619709,0,up,116.2049331665039
-2506,anchor_scsn_002505,619990,0,up,101.74750518798828
-2507,anchor_scsn_002506,619998,0,up,177.36038208007812
-2508,anchor_scsn_002507,620357,0,up,132.11143493652344
-2509,anchor_scsn_002508,620497,0,up,84.47710418701172
-2510,anchor_scsn_002509,620760,0,up,64.64892578125
-2511,anchor_scsn_002510,620776,0,up,68.0172348022461
-2512,anchor_scsn_002511,620935,0,up,135.8336639404297
-2513,anchor_scsn_002512,621240,0,up,128.9708709716797
-2514,anchor_scsn_002513,621352,0,up,143.9487762451172
-2515,anchor_scsn_002514,621535,0,up,272.4393615722656
-2516,anchor_scsn_002515,621544,0,up,167.80795288085938
-2517,anchor_scsn_002516,621768,0,up,245.02053833007812
-2518,anchor_scsn_002517,621784,0,up,86.53882598876953
-2519,anchor_scsn_002518,622130,0,up,88.00176239013672
-2520,anchor_scsn_002519,622261,0,up,176.76980590820312
-2521,anchor_scsn_002520,622589,0,up,193.8703155517578
-2522,anchor_scsn_002521,622688,0,up,55.85514831542969
-2523,anchor_scsn_002522,623253,0,up,167.2622833251953
-2524,anchor_scsn_002523,623426,0,up,84.2793197631836
-2525,anchor_scsn_002524,623717,0,up,61.57615280151367
-2526,anchor_scsn_002525,624012,0,up,67.49667358398438
-2527,anchor_scsn_002526,624031,0,up,77.61570739746094
-2528,anchor_scsn_002527,624083,0,up,92.02483367919922
-2529,anchor_scsn_002528,624188,0,up,70.40619659423828
-2530,anchor_scsn_002529,624341,0,up,53.85150909423828
-2531,anchor_scsn_002530,624507,0,up,52.53131103515625
-2532,anchor_scsn_002531,624715,0,up,306.7560119628906
-2533,anchor_scsn_002532,624828,0,up,321.6590270996094
-2534,anchor_scsn_002533,624984,0,up,70.21239471435547
-2535,anchor_scsn_002534,625058,0,up,109.30337524414062
-2536,anchor_scsn_002535,625671,0,up,51.27470779418945
-2537,anchor_scsn_002536,626223,0,up,249.70745849609375
-2538,anchor_scsn_002537,626342,0,up,103.58102416992188
-2539,anchor_scsn_002538,626568,0,up,68.76324462890625
-2540,anchor_scsn_002539,626739,0,up,60.345741271972656
-2541,anchor_scsn_002540,626809,0,up,97.59943389892578
-2542,anchor_scsn_002541,627330,0,up,76.07634735107422
-2543,anchor_scsn_002542,627604,0,up,61.70161056518555
-2544,anchor_scsn_002543,628066,0,up,123.15396118164062
-2545,anchor_scsn_002544,628372,0,up,56.50861358642578
-2546,anchor_scsn_002545,628434,0,up,60.06290817260742
-2547,anchor_scsn_002546,629461,0,up,58.552284240722656
-2548,anchor_scsn_002547,629576,0,up,61.21275329589844
-2549,anchor_scsn_002548,629660,0,up,370.60784912109375
-2550,anchor_scsn_002549,629701,0,up,81.70662689208984
-2551,anchor_scsn_002550,630015,0,up,207.69252014160156
-2552,anchor_scsn_002551,630067,0,up,225.98883056640625
-2553,anchor_scsn_002552,630534,0,up,97.37120819091797
-2554,anchor_scsn_002553,630732,0,up,54.39520263671875
-2555,anchor_scsn_002554,631114,0,up,58.54435348510742
-2556,anchor_scsn_002555,631147,0,up,67.05108642578125
-2557,anchor_scsn_002556,631178,0,up,100.9638671875
-2558,anchor_scsn_002557,631857,0,up,66.51001739501953
-2559,anchor_scsn_002558,631996,0,up,187.95790100097656
-2560,anchor_scsn_002559,632514,0,up,90.46746826171875
-2561,anchor_scsn_002560,632952,0,up,110.7937240600586
-2562,anchor_scsn_002561,633029,0,up,406.425048828125
-2563,anchor_scsn_002562,633456,0,up,86.12342071533203
-2564,anchor_scsn_002563,633602,0,up,70.20104217529297
-2565,anchor_scsn_002564,633733,0,up,150.40121459960938
-2566,anchor_scsn_002565,633885,0,up,196.61767578125
-2567,anchor_scsn_002566,634139,0,up,67.2090072631836
-2568,anchor_scsn_002567,634148,0,up,158.26513671875
-2569,anchor_scsn_002568,634178,0,up,66.80841064453125
-2570,anchor_scsn_002569,634190,0,up,111.32792663574219
-2571,anchor_scsn_002570,634219,0,up,239.60997009277344
-2572,anchor_scsn_002571,634346,0,up,159.1707305908203
-2573,anchor_scsn_002572,634347,0,up,62.76312255859375
-2574,anchor_scsn_002573,634770,0,up,91.58106231689453
-2575,anchor_scsn_002574,634850,0,up,94.98233795166016
-2576,anchor_scsn_002575,634878,0,up,68.55310821533203
-2577,anchor_scsn_002576,634902,0,up,77.1175765991211
-2578,anchor_scsn_002577,635155,0,up,316.6813049316406
-2579,anchor_scsn_002578,635382,0,up,261.2153625488281
-2580,anchor_scsn_002579,635456,0,up,323.45928955078125
-2581,anchor_scsn_002580,635532,0,up,175.92538452148438
-2582,anchor_scsn_002581,636349,0,up,118.38333129882812
-2583,anchor_scsn_002582,636536,0,up,90.00091552734375
-2584,anchor_scsn_002583,636921,0,up,170.76370239257812
-2585,anchor_scsn_002584,637744,0,up,117.29765319824219
-2586,anchor_scsn_002585,637962,0,up,51.37080764770508
-2587,anchor_scsn_002586,638111,0,up,522.556396484375
-2588,anchor_scsn_002587,638366,0,up,66.36783599853516
-2589,anchor_scsn_002588,638394,0,up,250.1197052001953
-2590,anchor_scsn_002589,638422,0,up,78.26100158691406
-2591,anchor_scsn_002590,638640,0,up,79.78626251220703
-2592,anchor_scsn_002591,638704,0,up,91.97074127197266
-2593,anchor_scsn_002592,638794,0,up,185.67112731933594
-2594,anchor_scsn_002593,639036,0,up,60.836727142333984
-2595,anchor_scsn_002594,639103,0,up,130.202392578125
-2596,anchor_scsn_002595,639125,0,up,57.91714096069336
-2597,anchor_scsn_002596,639192,0,up,177.8113555908203
-2598,anchor_scsn_002597,639364,0,up,602.54296875
-2599,anchor_scsn_002598,639557,0,up,61.645042419433594
-2600,anchor_scsn_002599,639614,0,up,115.12347412109375
-2601,anchor_scsn_002600,639944,0,up,86.637451171875
-2602,anchor_scsn_002601,640456,0,up,149.23521423339844
-2603,anchor_scsn_002602,640543,0,up,82.45084381103516
-2604,anchor_scsn_002603,640860,0,up,56.90718078613281
-2605,anchor_scsn_002604,641062,0,up,53.36093521118164
-2606,anchor_scsn_002605,641074,0,up,684.8732299804688
-2607,anchor_scsn_002606,641628,0,up,88.07035827636719
-2608,anchor_scsn_002607,641664,0,up,79.78218841552734
-2609,anchor_scsn_002608,641741,0,up,52.19571304321289
-2610,anchor_scsn_002609,642282,0,up,87.96926879882812
-2611,anchor_scsn_002610,642571,0,up,95.75714874267578
-2612,anchor_scsn_002611,643046,0,up,78.46094512939453
-2613,anchor_scsn_002612,643660,0,up,60.697792053222656
-2614,anchor_scsn_002613,644453,0,up,60.56993865966797
-2615,anchor_scsn_002614,645071,0,up,121.82537078857422
-2616,anchor_scsn_002615,645334,0,up,286.30364990234375
-2617,anchor_scsn_002616,645382,0,up,52.317501068115234
-2618,anchor_scsn_002617,645523,0,up,180.89613342285156
-2619,anchor_scsn_002618,645528,0,up,175.60003662109375
-2620,anchor_scsn_002619,646121,0,up,59.27573776245117
-2621,anchor_scsn_002620,646178,0,up,168.4268798828125
-2622,anchor_scsn_002621,646361,0,up,991.0882568359375
-2623,anchor_scsn_002622,646367,0,up,89.38825225830078
-2624,anchor_scsn_002623,646392,0,up,121.84872436523438
-2625,anchor_scsn_002624,647308,0,up,54.07158279418945
-2626,anchor_scsn_002625,647447,0,up,93.47173309326172
-2627,anchor_scsn_002626,647495,0,up,64.18267822265625
-2628,anchor_scsn_002627,647695,0,up,151.69259643554688
-2629,anchor_scsn_002628,647821,0,up,152.75392150878906
-2630,anchor_scsn_002629,647907,0,up,89.57598114013672
-2631,anchor_scsn_002630,647925,0,up,141.8441162109375
-2632,anchor_scsn_002631,648023,0,up,78.06099700927734
-2633,anchor_scsn_002632,648253,0,up,97.0062255859375
-2634,anchor_scsn_002633,648344,0,up,50.18783950805664
-2635,anchor_scsn_002634,648377,0,up,322.8312683105469
-2636,anchor_scsn_002635,648575,0,up,112.71282196044922
-2637,anchor_scsn_002636,648740,0,up,79.40626525878906
-2638,anchor_scsn_002637,648829,0,up,201.23495483398438
-2639,anchor_scsn_002638,649063,0,up,106.45170593261719
-2640,anchor_scsn_002639,649199,0,up,75.26046752929688
-2641,anchor_scsn_002640,649276,0,up,80.50670623779297
-2642,anchor_scsn_002641,649541,0,up,79.97186279296875
-2643,anchor_scsn_002642,650121,0,up,54.49912643432617
-2644,anchor_scsn_002643,650261,0,up,214.08607482910156
-2645,anchor_scsn_002644,650408,0,up,221.566162109375
-2646,anchor_scsn_002645,650415,0,up,90.872802734375
-2647,anchor_scsn_002646,650528,0,up,106.9921875
-2648,anchor_scsn_002647,650529,0,up,76.1224594116211
-2649,anchor_scsn_002648,651046,0,up,60.50324249267578
-2650,anchor_scsn_002649,651084,0,up,57.34278106689453
-2651,anchor_scsn_002650,651200,0,up,62.432518005371094
-2652,anchor_scsn_002651,651354,0,up,70.06050872802734
-2653,anchor_scsn_002652,651658,0,up,62.662750244140625
-2654,anchor_scsn_002653,651810,0,up,80.95152282714844
-2655,anchor_scsn_002654,652190,0,up,109.6197738647461
-2656,anchor_scsn_002655,652942,0,up,204.22537231445312
-2657,anchor_scsn_002656,653382,0,up,142.03843688964844
-2658,anchor_scsn_002657,653517,0,up,61.7569465637207
-2659,anchor_scsn_002658,653661,0,up,59.208377838134766
-2660,anchor_scsn_002659,654077,0,up,66.91695404052734
-2661,anchor_scsn_002660,654117,0,up,162.0591278076172
-2662,anchor_scsn_002661,654671,0,up,56.41547775268555
-2663,anchor_scsn_002662,654719,0,up,336.03082275390625
-2664,anchor_scsn_002663,654875,0,up,177.57789611816406
-2665,anchor_scsn_002664,655176,0,up,70.9505386352539
-2666,anchor_scsn_002665,655321,0,up,53.86984634399414
-2667,anchor_scsn_002666,655544,0,up,125.01689147949219
-2668,anchor_scsn_002667,655717,0,up,137.1982421875
-2669,anchor_scsn_002668,655759,0,up,65.80400848388672
-2670,anchor_scsn_002669,655805,0,up,58.903011322021484
-2671,anchor_scsn_002670,656414,0,up,178.97113037109375
-2672,anchor_scsn_002671,656486,0,up,194.23362731933594
-2673,anchor_scsn_002672,656711,0,up,66.6363525390625
-2674,anchor_scsn_002673,656782,0,up,79.29928588867188
-2675,anchor_scsn_002674,656818,0,up,187.8671875
-2676,anchor_scsn_002675,656910,0,up,53.83561325073242
-2677,anchor_scsn_002676,657091,0,up,100.98793029785156
-2678,anchor_scsn_002677,657384,0,up,80.7105712890625
-2679,anchor_scsn_002678,657988,0,up,403.5518493652344
-2680,anchor_scsn_002679,658184,0,up,67.52906799316406
-2681,anchor_scsn_002680,658489,0,up,55.117733001708984
-2682,anchor_scsn_002681,658583,0,up,50.139991760253906
-2683,anchor_scsn_002682,658832,0,up,89.62666320800781
-2684,anchor_scsn_002683,658941,0,up,101.38809967041016
-2685,anchor_scsn_002684,658946,0,up,363.584716796875
-2686,anchor_scsn_002685,659347,0,up,81.02438354492188
-2687,anchor_scsn_002686,659367,0,up,75.02498626708984
-2688,anchor_scsn_002687,659368,0,up,90.58455657958984
-2689,anchor_scsn_002688,660041,0,up,69.62566375732422
-2690,anchor_scsn_002689,660122,0,up,343.43426513671875
-2691,anchor_scsn_002690,660161,0,up,106.77867126464844
-2692,anchor_scsn_002691,660382,0,up,57.6585578918457
-2693,anchor_scsn_002692,660930,0,up,71.29443359375
-2694,anchor_scsn_002693,661334,0,up,59.242610931396484
-2695,anchor_scsn_002694,661381,0,up,99.06341552734375
-2696,anchor_scsn_002695,661566,0,up,950.4755249023438
-2697,anchor_scsn_002696,661594,0,up,251.6713104248047
-2698,anchor_scsn_002697,662430,0,up,87.05806732177734
-2699,anchor_scsn_002698,664158,0,up,71.2778549194336
-2700,anchor_scsn_002699,664608,0,up,69.13563537597656
-2701,anchor_scsn_002700,664683,0,up,74.83173370361328
-2702,anchor_scsn_002701,664780,0,up,64.68050384521484
-2703,anchor_scsn_002702,665048,0,up,159.29627990722656
-2704,anchor_scsn_002703,665126,0,up,152.84303283691406
-2705,anchor_scsn_002704,665178,0,up,359.8087463378906
-2706,anchor_scsn_002705,665429,0,up,51.412681579589844
-2707,anchor_scsn_002706,665440,0,up,56.36796951293945
-2708,anchor_scsn_002707,665470,0,up,575.1514892578125
-2709,anchor_scsn_002708,665743,0,up,92.81324005126953
-2710,anchor_scsn_002709,665828,0,up,65.4837646484375
-2711,anchor_scsn_002710,665886,0,up,81.06535339355469
-2712,anchor_scsn_002711,666286,0,up,622.7320556640625
-2713,anchor_scsn_002712,666317,0,up,121.51219177246094
-2714,anchor_scsn_002713,666334,0,up,257.03765869140625
-2715,anchor_scsn_002714,666562,0,up,50.60112380981445
-2716,anchor_scsn_002715,666677,0,up,164.95785522460938
-2717,anchor_scsn_002716,667147,0,up,223.28773498535156
-2718,anchor_scsn_002717,668625,0,up,72.1115951538086
-2719,anchor_scsn_002718,668659,0,up,247.03416442871094
-2720,anchor_scsn_002719,669727,0,up,82.14273071289062
-2721,anchor_scsn_002720,670124,0,up,82.34089660644531
-2722,anchor_scsn_002721,671072,0,up,76.77117919921875
-2723,anchor_scsn_002722,671242,0,up,84.74497985839844
-2724,anchor_scsn_002723,671659,0,up,112.73653411865234
-2725,anchor_scsn_002724,671885,0,up,78.99385070800781
-2726,anchor_scsn_002725,672225,0,up,88.53797149658203
-2727,anchor_scsn_002726,672560,0,up,130.10768127441406
-2728,anchor_scsn_002727,672588,0,up,72.34528350830078
-2729,anchor_scsn_002728,672676,0,up,86.88594818115234
-2730,anchor_scsn_002729,672866,0,up,203.42816162109375
-2731,anchor_scsn_002730,673764,0,up,56.174861907958984
-2732,anchor_scsn_002731,673776,0,up,179.484375
-2733,anchor_scsn_002732,673937,0,up,50.83761215209961
-2734,anchor_scsn_002733,674204,0,up,56.80247116088867
-2735,anchor_scsn_002734,674255,0,up,67.2677230834961
-2736,anchor_scsn_002735,674259,0,up,99.71159362792969
-2737,anchor_scsn_002736,674417,0,up,146.4077606201172
-2738,anchor_scsn_002737,675062,0,up,118.9723892211914
-2739,anchor_scsn_002738,675435,0,up,172.0474090576172
-2740,anchor_scsn_002739,675966,0,up,261.5130310058594
-2741,anchor_scsn_002740,676239,0,up,370.54913330078125
-2742,anchor_scsn_002741,676472,0,up,73.95594024658203
-2743,anchor_scsn_002742,676736,0,up,82.62043762207031
-2744,anchor_scsn_002743,677155,0,up,104.55514526367188
-2745,anchor_scsn_002744,677256,0,up,74.66253662109375
-2746,anchor_scsn_002745,677514,0,up,66.51969146728516
-2747,anchor_scsn_002746,677675,0,up,58.4625244140625
-2748,anchor_scsn_002747,678173,0,up,70.4388198852539
-2749,anchor_scsn_002748,678213,0,up,693.9708862304688
-2750,anchor_scsn_002749,678678,0,up,123.13732147216797
-2751,anchor_scsn_002750,678804,0,up,53.95491027832031
-2752,anchor_scsn_002751,678888,0,up,58.0171012878418
-2753,anchor_scsn_002752,679083,0,up,200.87686157226562
-2754,anchor_scsn_002753,679225,0,up,190.72235107421875
-2755,anchor_scsn_002754,679226,0,up,117.6511001586914
-2756,anchor_scsn_002755,679262,0,up,164.6841278076172
-2757,anchor_scsn_002756,679763,0,up,212.98268127441406
-2758,anchor_scsn_002757,679787,0,up,70.98235321044922
-2759,anchor_scsn_002758,679793,0,up,119.64051818847656
-2760,anchor_scsn_002759,679840,0,up,206.92613220214844
-2761,anchor_scsn_002760,681064,0,up,288.4805603027344
-2762,anchor_scsn_002761,681247,0,up,195.6068878173828
-2763,anchor_scsn_002762,681466,0,up,65.87688446044922
-2764,anchor_scsn_002763,681761,0,up,60.43794250488281
-2765,anchor_scsn_002764,681797,0,up,109.86693572998047
-2766,anchor_scsn_002765,681906,0,up,59.10696792602539
-2767,anchor_scsn_002766,682221,0,up,468.41558837890625
-2768,anchor_scsn_002767,682320,0,up,259.1966857910156
-2769,anchor_scsn_002768,682526,0,up,134.04652404785156
-2770,anchor_scsn_002769,682984,0,up,65.3349838256836
-2771,anchor_scsn_002770,683106,0,up,75.33924865722656
-2772,anchor_scsn_002771,683462,0,up,52.74545669555664
-2773,anchor_scsn_002772,683493,0,up,116.62093353271484
-2774,anchor_scsn_002773,683559,0,up,72.14232635498047
-2775,anchor_scsn_002774,683720,0,up,235.01419067382812
-2776,anchor_scsn_002775,683742,0,up,336.6838073730469
-2777,anchor_scsn_002776,684027,0,up,118.39395904541016
-2778,anchor_scsn_002777,684319,0,up,64.01473236083984
-2779,anchor_scsn_002778,684434,0,up,620.090087890625
-2780,anchor_scsn_002779,684674,0,up,105.3714599609375
-2781,anchor_scsn_002780,684807,0,up,113.7069091796875
-2782,anchor_scsn_002781,685006,0,up,113.00294494628906
-2783,anchor_scsn_002782,685443,0,up,175.64256286621094
-2784,anchor_scsn_002783,686169,0,up,226.6544952392578
-2785,anchor_scsn_002784,686186,0,up,100.03363037109375
-2786,anchor_scsn_002785,686334,0,up,80.2170181274414
-2787,anchor_scsn_002786,686560,0,up,62.632240295410156
-2788,anchor_scsn_002787,686573,0,up,103.40986633300781
-2789,anchor_scsn_002788,686614,0,up,87.62227630615234
-2790,anchor_scsn_002789,686734,0,up,83.00068664550781
-2791,anchor_scsn_002790,687970,0,up,50.013675689697266
-2792,anchor_scsn_002791,688002,0,up,95.6137924194336
-2793,anchor_scsn_002792,688466,0,up,50.75132369995117
-2794,anchor_scsn_002793,688611,0,up,53.15884017944336
-2795,anchor_scsn_002794,688884,0,up,93.39295959472656
-2796,anchor_scsn_002795,688924,0,up,194.9555206298828
-2797,anchor_scsn_002796,689056,0,up,61.41431427001953
-2798,anchor_scsn_002797,689239,0,up,135.9785919189453
-2799,anchor_scsn_002798,689441,0,up,78.3498764038086
-2800,anchor_scsn_002799,689579,0,up,141.2989044189453
-2801,anchor_scsn_002800,689904,0,up,54.04249572753906
-2802,anchor_scsn_002801,689992,0,up,52.62127685546875
-2803,anchor_scsn_002802,690019,0,up,137.11080932617188
-2804,anchor_scsn_002803,690087,0,up,65.1037368774414
-2805,anchor_scsn_002804,690123,0,up,50.06112289428711
-2806,anchor_scsn_002805,690338,0,up,215.29666137695312
-2807,anchor_scsn_002806,690383,0,up,276.4132080078125
-2808,anchor_scsn_002807,690440,0,up,61.56004333496094
-2809,anchor_scsn_002808,690712,0,up,124.80450439453125
-2810,anchor_scsn_002809,690789,0,up,183.20201110839844
-2811,anchor_scsn_002810,691034,0,up,78.44916534423828
-2812,anchor_scsn_002811,691760,0,up,237.96664428710938
-2813,anchor_scsn_002812,692678,0,up,187.77392578125
-2814,anchor_scsn_002813,692818,0,up,92.31306457519531
-2815,anchor_scsn_002814,693306,0,up,98.8859634399414
-2816,anchor_scsn_002815,694049,0,up,52.922035217285156
-2817,anchor_scsn_002816,694231,0,up,152.99571228027344
-2818,anchor_scsn_002817,694539,0,up,213.4645538330078
-2819,anchor_scsn_002818,695351,0,up,141.3068389892578
-2820,anchor_scsn_002819,695371,0,up,126.095703125
-2821,anchor_scsn_002820,695412,0,up,306.3382263183594
-2822,anchor_scsn_002821,695438,0,up,465.9437561035156
-2823,anchor_scsn_002822,695457,0,up,77.66627502441406
-2824,anchor_scsn_002823,696031,0,up,62.05297088623047
-2825,anchor_scsn_002824,696132,0,up,122.7374267578125
-2826,anchor_scsn_002825,696565,0,up,181.37477111816406
-2827,anchor_scsn_002826,696703,0,up,77.30093383789062
-2828,anchor_scsn_002827,696975,0,up,466.1067199707031
-2829,anchor_scsn_002828,697189,0,up,548.3807373046875
-2830,anchor_scsn_002829,697294,0,up,63.52259826660156
-2831,anchor_scsn_002830,697731,0,up,159.31394958496094
-2832,anchor_scsn_002831,698082,0,up,77.1236801147461
-2833,anchor_scsn_002832,698285,0,up,60.08428192138672
-2834,anchor_scsn_002833,698321,0,up,79.62176513671875
-2835,anchor_scsn_002834,698368,0,up,103.2667465209961
-2836,anchor_scsn_002835,698456,0,up,74.74169158935547
-2837,anchor_scsn_002836,699053,0,up,160.7919158935547
-2838,anchor_scsn_002837,699103,0,up,70.0965347290039
-2839,anchor_scsn_002838,699194,0,up,87.3404312133789
-2840,anchor_scsn_002839,699456,0,up,70.70929718017578
-2841,anchor_scsn_002840,699765,0,up,283.7778625488281
-2842,anchor_scsn_002841,700096,0,up,53.28504943847656
-2843,anchor_scsn_002842,700115,0,up,92.06388854980469
-2844,anchor_scsn_002843,700764,0,up,196.27117919921875
-2845,anchor_scsn_002844,700889,0,up,247.96322631835938
-2846,anchor_scsn_002845,700958,0,up,72.75544738769531
-2847,anchor_scsn_002846,701348,0,up,99.68902587890625
-2848,anchor_scsn_002847,701359,0,up,157.25209045410156
-2849,anchor_scsn_002848,701597,0,up,83.07987213134766
-2850,anchor_scsn_002849,701691,0,up,57.67204284667969
-2851,anchor_scsn_002850,702154,0,up,803.4569702148438
-2852,anchor_scsn_002851,702201,0,up,55.558441162109375
-2853,anchor_scsn_002852,702545,0,up,119.73046875
-2854,anchor_scsn_002853,702863,0,up,50.45317459106445
-2855,anchor_scsn_002854,702904,0,up,770.2786865234375
-2856,anchor_scsn_002855,702917,0,up,166.795654296875
-2857,anchor_scsn_002856,703125,0,up,232.81930541992188
-2858,anchor_scsn_002857,703150,0,up,102.32341003417969
-2859,anchor_scsn_002858,703338,0,up,93.40174102783203
-2860,anchor_scsn_002859,703508,0,up,234.24295043945312
-2861,anchor_scsn_002860,704312,0,up,69.10543823242188
-2862,anchor_scsn_002861,704600,0,up,175.55455017089844
-2863,anchor_scsn_002862,704842,0,up,147.7874298095703
-2864,anchor_scsn_002863,705009,0,up,220.2058563232422
-2865,anchor_scsn_002864,705129,0,up,88.81500244140625
-2866,anchor_scsn_002865,705247,0,up,118.18247985839844
-2867,anchor_scsn_002866,705368,0,up,110.33482360839844
-2868,anchor_scsn_002867,705501,0,up,119.91127014160156
-2869,anchor_scsn_002868,706065,0,up,321.3220520019531
-2870,anchor_scsn_002869,706614,0,up,289.2757873535156
-2871,anchor_scsn_002870,706703,0,up,53.660282135009766
-2872,anchor_scsn_002871,707555,0,up,154.39810180664062
-2873,anchor_scsn_002872,707715,0,up,117.55582427978516
-2874,anchor_scsn_002873,707972,0,up,52.451541900634766
-2875,anchor_scsn_002874,709117,0,up,58.6652717590332
-2876,anchor_scsn_002875,709127,0,up,50.43678665161133
-2877,anchor_scsn_002876,709546,0,up,63.953758239746094
-2878,anchor_scsn_002877,709559,0,up,175.80398559570312
-2879,anchor_scsn_002878,709598,0,up,66.19844055175781
-2880,anchor_scsn_002879,710066,0,up,68.33843994140625
-2881,anchor_scsn_002880,710353,0,up,69.39449310302734
-2882,anchor_scsn_002881,710770,0,up,138.52133178710938
-2883,anchor_scsn_002882,710775,0,up,192.4942169189453
-2884,anchor_scsn_002883,711389,0,up,361.5592956542969
-2885,anchor_scsn_002884,711512,0,up,154.75697326660156
-2886,anchor_scsn_002885,711789,0,up,152.5303497314453
-2887,anchor_scsn_002886,711931,0,up,506.1105041503906
-2888,anchor_scsn_002887,712222,0,up,50.9828987121582
-2889,anchor_scsn_002888,712335,0,up,224.87677001953125
-2890,anchor_scsn_002889,713074,0,up,58.60371017456055
-2891,anchor_scsn_002890,713752,0,up,69.21248626708984
-2892,anchor_scsn_002891,714423,0,up,62.62461471557617
-2893,anchor_scsn_002892,714513,0,up,70.72784423828125
-2894,anchor_scsn_002893,714524,0,up,190.1399383544922
-2895,anchor_scsn_002894,715073,0,up,90.82991027832031
-2896,anchor_scsn_002895,715354,0,up,74.44410705566406
-2897,anchor_scsn_002896,715645,0,up,80.06329345703125
-2898,anchor_scsn_002897,715791,0,up,52.10763168334961
-2899,anchor_scsn_002898,716423,0,up,140.88427734375
-2900,anchor_scsn_002899,716820,0,up,85.11064147949219
-2901,anchor_scsn_002900,716855,0,up,64.48277282714844
-2902,anchor_scsn_002901,716971,0,up,60.64521408081055
-2903,anchor_scsn_002902,717036,0,up,63.81361770629883
-2904,anchor_scsn_002903,717144,0,up,70.55915069580078
-2905,anchor_scsn_002904,717378,0,up,419.4214172363281
-2906,anchor_scsn_002905,717680,0,up,133.23008728027344
-2907,anchor_scsn_002906,718060,0,up,187.23773193359375
-2908,anchor_scsn_002907,718387,0,up,189.32594299316406
-2909,anchor_scsn_002908,718522,0,up,60.35017395019531
-2910,anchor_scsn_002909,718538,0,up,361.9626159667969
-2911,anchor_scsn_002910,719202,0,up,61.873443603515625
-2912,anchor_scsn_002911,719335,0,up,276.71728515625
-2913,anchor_scsn_002912,719655,0,up,51.72630310058594
-2914,anchor_scsn_002913,719693,0,up,50.22672653198242
-2915,anchor_scsn_002914,719829,0,up,72.9770278930664
-2916,anchor_scsn_002915,719837,0,up,72.26524353027344
-2917,anchor_scsn_002916,720186,0,up,150.43930053710938
-2918,anchor_scsn_002917,720408,0,up,71.1688461303711
-2919,anchor_scsn_002918,720839,0,up,135.21543884277344
-2920,anchor_scsn_002919,720907,0,up,53.1301383972168
-2921,anchor_scsn_002920,721602,0,up,615.3956298828125
-2922,anchor_scsn_002921,721661,0,up,116.31359100341797
-2923,anchor_scsn_002922,721738,0,up,250.26625061035156
-2924,anchor_scsn_002923,721914,0,up,74.1564712524414
-2925,anchor_scsn_002924,722222,0,up,121.9477310180664
-2926,anchor_scsn_002925,722599,0,up,90.1310043334961
-2927,anchor_scsn_002926,722737,0,up,226.23390197753906
-2928,anchor_scsn_002927,722776,0,up,66.38261413574219
-2929,anchor_scsn_002928,723321,0,up,170.45872497558594
-2930,anchor_scsn_002929,723351,0,up,71.63014221191406
-2931,anchor_scsn_002930,723543,0,up,53.515350341796875
-2932,anchor_scsn_002931,723593,0,up,98.73899841308594
-2933,anchor_scsn_002932,723615,0,up,103.77029418945312
-2934,anchor_scsn_002933,723978,0,up,145.11634826660156
-2935,anchor_scsn_002934,723985,0,up,95.44810485839844
-2936,anchor_scsn_002935,724217,0,up,61.835872650146484
-2937,anchor_scsn_002936,724297,0,up,91.10318756103516
-2938,anchor_scsn_002937,724584,0,up,636.58544921875
-2939,anchor_scsn_002938,724585,0,up,84.14512634277344
-2940,anchor_scsn_002939,725585,0,up,95.23153686523438
-2941,anchor_scsn_002940,725622,0,up,137.52398681640625
-2942,anchor_scsn_002941,725733,0,up,366.6258544921875
-2943,anchor_scsn_002942,725946,0,up,51.73404312133789
-2944,anchor_scsn_002943,726321,0,up,63.69962692260742
-2945,anchor_scsn_002944,726453,0,up,245.869873046875
-2946,anchor_scsn_002945,726584,0,up,67.57806396484375
-2947,anchor_scsn_002946,727021,0,up,53.18267059326172
-2948,anchor_scsn_002947,727272,0,up,54.71917724609375
-2949,anchor_scsn_002948,727275,0,up,301.6822814941406
-2950,anchor_scsn_002949,727334,0,up,79.49203491210938
-2951,anchor_scsn_002950,727640,0,up,157.97592163085938
-2952,anchor_scsn_002951,727793,0,up,77.97090148925781
-2953,anchor_scsn_002952,728443,0,up,57.98530578613281
-2954,anchor_scsn_002953,728452,0,up,143.6533966064453
-2955,anchor_scsn_002954,729593,0,up,80.08626556396484
-2956,anchor_scsn_002955,729750,0,up,120.3770751953125
-2957,anchor_scsn_002956,729769,0,up,304.38128662109375
-2958,anchor_scsn_002957,729990,0,up,330.8896179199219
-2959,anchor_scsn_002958,730360,0,up,148.09921264648438
-2960,anchor_scsn_002959,730433,0,up,305.2005310058594
-2961,anchor_scsn_002960,730532,0,up,269.2898254394531
-2962,anchor_scsn_002961,730680,0,up,80.01582336425781
-2963,anchor_scsn_002962,730720,0,up,374.227783203125
-2964,anchor_scsn_002963,730936,0,up,192.39540100097656
-2965,anchor_scsn_002964,731399,0,up,119.65892028808594
-2966,anchor_scsn_002965,731570,0,up,52.39474105834961
-2967,anchor_scsn_002966,731717,0,up,64.30126953125
-2968,anchor_scsn_002967,731835,0,up,87.15789031982422
-2969,anchor_scsn_002968,732301,0,up,87.75151062011719
-2970,anchor_scsn_002969,732344,0,up,410.92779541015625
-2971,anchor_scsn_002970,732749,0,up,50.422935485839844
-2972,anchor_scsn_002971,732800,0,up,71.96866607666016
-2973,anchor_scsn_002972,732909,0,up,52.60011291503906
-2974,anchor_scsn_002973,732926,0,up,56.740623474121094
-2975,anchor_scsn_002974,733292,0,up,85.98387145996094
-2976,anchor_scsn_002975,734122,0,up,72.38638305664062
-2977,anchor_scsn_002976,734316,0,up,543.43603515625
-2978,anchor_scsn_002977,734550,0,up,69.04061889648438
-2979,anchor_scsn_002978,734704,0,up,93.13744354248047
-2980,anchor_scsn_002979,735208,0,up,108.16838836669922
-2981,anchor_scsn_002980,736265,0,up,88.91077423095703
-2982,anchor_scsn_002981,736525,0,up,78.58993530273438
-2983,anchor_scsn_002982,736619,0,up,155.77084350585938
-2984,anchor_scsn_002983,736931,0,up,88.09891510009766
-2985,anchor_scsn_002984,737269,0,up,50.180416107177734
-2986,anchor_scsn_002985,737611,0,up,301.8526611328125
-2987,anchor_scsn_002986,738327,0,up,75.98135375976562
-2988,anchor_scsn_002987,738551,0,up,192.8303985595703
-2989,anchor_scsn_002988,738676,0,up,54.832698822021484
-2990,anchor_scsn_002989,739061,0,up,429.06109619140625
-2991,anchor_scsn_002990,739108,0,up,66.5812759399414
-2992,anchor_scsn_002991,739869,0,up,88.86585998535156
-2993,anchor_scsn_002992,739921,0,up,100.74432373046875
-2994,anchor_scsn_002993,739966,0,up,185.91796875
-2995,anchor_scsn_002994,740038,0,up,153.86436462402344
-2996,anchor_scsn_002995,740229,0,up,74.02167510986328
-2997,anchor_scsn_002996,740481,0,up,50.29165267944336
-2998,anchor_scsn_002997,740658,0,up,87.9288330078125
-2999,anchor_scsn_002998,740921,0,up,209.06710815429688
-3000,anchor_scsn_002999,740927,0,up,151.52822875976562
-3001,anchor_scsn_003000,741312,0,up,85.05840301513672
-3002,anchor_scsn_003001,741410,0,up,353.94146728515625
-3003,anchor_scsn_003002,741537,0,up,88.44129180908203
-3004,anchor_scsn_003003,742516,0,up,103.28788757324219
-3005,anchor_scsn_003004,742751,0,up,100.42704010009766
-3006,anchor_scsn_003005,742778,0,up,123.61744689941406
-3007,anchor_scsn_003006,743084,0,up,53.515045166015625
-3008,anchor_scsn_003007,743156,0,up,103.15699005126953
-3009,anchor_scsn_003008,743420,0,up,60.23388671875
-3010,anchor_scsn_003009,744161,0,up,130.3222198486328
-3011,anchor_scsn_003010,744204,0,up,138.41847229003906
-3012,anchor_scsn_003011,744820,0,up,98.45233917236328
-3013,anchor_scsn_003012,744856,0,up,95.4842300415039
-3014,anchor_scsn_003013,744888,0,up,92.08100891113281
-3015,anchor_scsn_003014,745297,0,up,52.51554489135742
-3016,anchor_scsn_003015,745430,0,up,149.22625732421875
-3017,anchor_scsn_003016,746280,0,up,105.93948364257812
-3018,anchor_scsn_003017,746813,0,up,52.222171783447266
-3019,anchor_scsn_003018,747008,0,up,63.20955276489258
-3020,anchor_scsn_003019,747009,0,up,357.0596008300781
-3021,anchor_scsn_003020,747283,0,up,207.39779663085938
-3022,anchor_scsn_003021,747872,0,up,52.6356201171875
-3023,anchor_scsn_003022,748187,0,up,117.64948272705078
-3024,anchor_scsn_003023,748643,0,up,77.08294677734375
-3025,anchor_scsn_003024,748876,0,up,74.47421264648438
-3026,anchor_scsn_003025,749134,0,up,65.77051544189453
-3027,anchor_scsn_003026,749397,0,up,52.27001190185547
-3028,anchor_scsn_003027,749409,0,up,54.39705276489258
-3029,anchor_scsn_003028,749577,0,up,84.25353240966797
-3030,anchor_scsn_003029,749659,0,up,89.058837890625
-3031,anchor_scsn_003030,750285,0,up,57.87498474121094
-3032,anchor_scsn_003031,750507,0,up,65.35903930664062
-3033,anchor_scsn_003032,750731,0,up,100.66159057617188
-3034,anchor_scsn_003033,751039,0,up,60.51847457885742
-3035,anchor_scsn_003034,751083,0,up,78.41625213623047
-3036,anchor_scsn_003035,751122,0,up,62.74740219116211
-3037,anchor_scsn_003036,751133,0,up,158.8865203857422
-3038,anchor_scsn_003037,751288,0,up,59.28571319580078
-3039,anchor_scsn_003038,752197,0,up,50.85444259643555
-3040,anchor_scsn_003039,752279,0,up,62.29603576660156
-3041,anchor_scsn_003040,752416,0,up,260.0794982910156
-3042,anchor_scsn_003041,752765,0,up,54.19667053222656
-3043,anchor_scsn_003042,754480,0,up,54.752803802490234
-3044,anchor_scsn_003043,754644,0,up,116.13079071044922
-3045,anchor_scsn_003044,754871,0,up,78.72472381591797
-3046,anchor_scsn_003045,754930,0,up,86.23007202148438
-3047,anchor_scsn_003046,755262,0,up,93.49276733398438
-3048,anchor_scsn_003047,755421,0,up,100.98977661132812
-3049,anchor_scsn_003048,755493,0,up,53.28925323486328
-3050,anchor_scsn_003049,755711,0,up,82.26058959960938
-3051,anchor_scsn_003050,756040,0,up,170.52015686035156
-3052,anchor_scsn_003051,756623,0,up,81.57209014892578
-3053,anchor_scsn_003052,756926,0,up,212.4231414794922
-3054,anchor_scsn_003053,756985,0,up,68.29116821289062
-3055,anchor_scsn_003054,757371,0,up,66.36151123046875
-3056,anchor_scsn_003055,757976,0,up,82.53194427490234
-3057,anchor_scsn_003056,758061,0,up,109.59893798828125
-3058,anchor_scsn_003057,758204,0,up,405.7997741699219
-3059,anchor_scsn_003058,758212,0,up,352.0796813964844
-3060,anchor_scsn_003059,758558,0,up,125.76341247558594
-3061,anchor_scsn_003060,758698,0,up,156.0091094970703
-3062,anchor_scsn_003061,758883,0,up,86.62506103515625
-3063,anchor_scsn_003062,759297,0,up,179.43348693847656
-3064,anchor_scsn_003063,759337,0,up,233.82630920410156
-3065,anchor_scsn_003064,759615,0,up,50.23524475097656
-3066,anchor_scsn_003065,759757,0,up,90.5278549194336
-3067,anchor_scsn_003066,759764,0,up,103.1695785522461
-3068,anchor_scsn_003067,760647,0,up,104.49054718017578
-3069,anchor_scsn_003068,760776,0,up,71.99124908447266
-3070,anchor_scsn_003069,760799,0,up,57.709354400634766
-3071,anchor_scsn_003070,761200,0,up,118.3599853515625
-3072,anchor_scsn_003071,761216,0,up,68.01557159423828
-3073,anchor_scsn_003072,761357,0,up,293.6906433105469
-3074,anchor_scsn_003073,761661,0,up,53.184993743896484
-3075,anchor_scsn_003074,761987,0,up,93.85559844970703
-3076,anchor_scsn_003075,762076,0,up,251.5370635986328
-3077,anchor_scsn_003076,762184,0,up,118.02494812011719
-3078,anchor_scsn_003077,762219,0,up,134.9231414794922
-3079,anchor_scsn_003078,762454,0,up,58.39235305786133
-3080,anchor_scsn_003079,762687,0,up,213.31036376953125
-3081,anchor_scsn_003080,762756,0,up,161.41636657714844
-3082,anchor_scsn_003081,762810,0,up,121.6200942993164
-3083,anchor_scsn_003082,762924,0,up,62.41455078125
-3084,anchor_scsn_003083,763021,0,up,477.6156921386719
-3085,anchor_scsn_003084,763313,0,up,55.0162467956543
-3086,anchor_scsn_003085,763932,0,up,85.37616729736328
-3087,anchor_scsn_003086,764032,0,up,197.92233276367188
-3088,anchor_scsn_003087,764133,0,up,276.6109313964844
-3089,anchor_scsn_003088,765150,0,up,55.615352630615234
-3090,anchor_scsn_003089,765298,0,up,256.7018737792969
-3091,anchor_scsn_003090,765510,0,up,70.23162078857422
-3092,anchor_scsn_003091,765977,0,up,50.1840934753418
-3093,anchor_scsn_003092,766287,0,up,409.18682861328125
-3094,anchor_scsn_003093,766389,0,up,110.14966583251953
-3095,anchor_scsn_003094,767111,0,up,294.0548095703125
-3096,anchor_scsn_003095,767226,0,up,71.45594024658203
-3097,anchor_scsn_003096,767732,0,up,79.28255462646484
-3098,anchor_scsn_003097,768019,0,up,59.49046325683594
-3099,anchor_scsn_003098,768302,0,up,101.92562866210938
-3100,anchor_scsn_003099,768945,0,up,100.40697479248047
-3101,anchor_scsn_003100,769317,0,up,133.62432861328125
-3102,anchor_scsn_003101,769471,0,up,70.88420104980469
-3103,anchor_scsn_003102,769566,0,up,68.32592010498047
-3104,anchor_scsn_003103,769708,0,up,50.7214241027832
-3105,anchor_scsn_003104,769916,0,up,83.88896179199219
-3106,anchor_scsn_003105,769951,0,up,127.41704559326172
-3107,anchor_scsn_003106,770368,0,up,118.28854370117188
-3108,anchor_scsn_003107,770373,0,up,200.6840057373047
-3109,anchor_scsn_003108,770414,0,up,322.8896179199219
-3110,anchor_scsn_003109,770548,0,up,85.48729705810547
-3111,anchor_scsn_003110,770576,0,up,405.3187255859375
-3112,anchor_scsn_003111,770667,0,up,83.46197509765625
-3113,anchor_scsn_003112,770985,0,up,95.63540649414062
-3114,anchor_scsn_003113,772082,0,up,65.57294464111328
-3115,anchor_scsn_003114,772348,0,up,437.3367614746094
-3116,anchor_scsn_003115,772729,0,up,56.31129837036133
-3117,anchor_scsn_003116,773018,0,up,105.97525787353516
-3118,anchor_scsn_003117,773305,0,up,75.26782989501953
-3119,anchor_scsn_003118,773377,0,up,50.69507598876953
-3120,anchor_scsn_003119,774623,0,up,81.52044677734375
-3121,anchor_scsn_003120,774694,0,up,82.13372039794922
-3122,anchor_scsn_003121,774778,0,up,96.59770965576172
-3123,anchor_scsn_003122,775044,0,up,208.72349548339844
-3124,anchor_scsn_003123,775136,0,up,121.2470703125
-3125,anchor_scsn_003124,775568,0,up,158.3488006591797
-3126,anchor_scsn_003125,776726,0,up,78.11149597167969
-3127,anchor_scsn_003126,776878,0,up,50.290409088134766
-3128,anchor_scsn_003127,777080,0,up,97.92317962646484
-3129,anchor_scsn_003128,777089,0,up,129.21701049804688
-3130,anchor_scsn_003129,777429,0,up,87.5687026977539
-3131,anchor_scsn_003130,778245,0,up,175.5950927734375
-3132,anchor_scsn_003131,778315,0,up,94.8758316040039
-3133,anchor_scsn_003132,778408,0,up,160.1695098876953
-3134,anchor_scsn_003133,778574,0,up,95.59693908691406
-3135,anchor_scsn_003134,778816,0,up,50.64107131958008
-3136,anchor_scsn_003135,779220,0,up,51.816158294677734
-3137,anchor_scsn_003136,779688,0,up,111.12201690673828
-3138,anchor_scsn_003137,780045,0,up,94.0124282836914
-3139,anchor_scsn_003138,780067,0,up,63.21890640258789
-3140,anchor_scsn_003139,780218,0,up,158.14195251464844
-3141,anchor_scsn_003140,780397,0,up,85.49462890625
-3142,anchor_scsn_003141,780478,0,up,58.2508659362793
-3143,anchor_scsn_003142,780574,0,up,123.25005340576172
-3144,anchor_scsn_003143,780655,0,up,150.9091339111328
-3145,anchor_scsn_003144,781193,0,up,66.00135803222656
-3146,anchor_scsn_003145,782472,0,up,75.30269622802734
-3147,anchor_scsn_003146,783097,0,up,85.97883605957031
-3148,anchor_scsn_003147,783779,0,up,89.15282440185547
-3149,anchor_scsn_003148,784177,0,up,95.28384399414062
-3150,anchor_scsn_003149,784346,0,up,194.95877075195312
-3151,anchor_scsn_003150,784519,0,up,990.8739624023438
-3152,anchor_scsn_003151,784572,0,up,74.99237060546875
-3153,anchor_scsn_003152,784703,0,up,105.65352630615234
-3154,anchor_scsn_003153,784837,0,up,67.01969146728516
-3155,anchor_scsn_003154,784941,0,up,58.868247985839844
-3156,anchor_scsn_003155,785119,0,up,103.91084289550781
-3157,anchor_scsn_003156,785300,0,up,86.68390655517578
-3158,anchor_scsn_003157,785387,0,up,51.77076721191406
-3159,anchor_scsn_003158,785785,0,up,99.97931671142578
-3160,anchor_scsn_003159,785817,0,up,125.15384674072266
-3161,anchor_scsn_003160,785826,0,up,87.65322875976562
-3162,anchor_scsn_003161,786038,0,up,138.55300903320312
-3163,anchor_scsn_003162,786356,0,up,93.8309555053711
-3164,anchor_scsn_003163,787142,0,up,77.4649429321289
-3165,anchor_scsn_003164,787389,0,up,75.15093231201172
-3166,anchor_scsn_003165,787680,0,up,143.5779571533203
-3167,anchor_scsn_003166,788025,0,up,215.79705810546875
-3168,anchor_scsn_003167,788105,0,up,315.6869812011719
-3169,anchor_scsn_003168,788107,0,up,228.51571655273438
-3170,anchor_scsn_003169,788165,0,up,50.49934005737305
-3171,anchor_scsn_003170,788742,0,up,569.8510131835938
-3172,anchor_scsn_003171,789002,0,up,319.1203918457031
-3173,anchor_scsn_003172,789024,0,up,190.3778076171875
-3174,anchor_scsn_003173,789192,0,up,63.21909713745117
-3175,anchor_scsn_003174,789327,0,up,62.690101623535156
-3176,anchor_scsn_003175,789352,0,up,297.56060791015625
-3177,anchor_scsn_003176,789367,0,up,85.28002166748047
-3178,anchor_scsn_003177,789635,0,up,60.833763122558594
-3179,anchor_scsn_003178,790433,0,up,106.90536499023438
-3180,anchor_scsn_003179,790667,0,up,52.41158676147461
-3181,anchor_scsn_003180,790786,0,up,51.196720123291016
-3182,anchor_scsn_003181,791084,0,up,246.63609313964844
-3183,anchor_scsn_003182,791314,0,up,79.09715270996094
-3184,anchor_scsn_003183,791320,0,up,139.78826904296875
-3185,anchor_scsn_003184,792046,0,up,152.20220947265625
-3186,anchor_scsn_003185,792529,0,up,55.6898307800293
-3187,anchor_scsn_003186,792607,0,up,55.73225021362305
-3188,anchor_scsn_003187,793440,0,up,180.15452575683594
-3189,anchor_scsn_003188,793470,0,up,127.53358459472656
-3190,anchor_scsn_003189,794027,0,up,93.30379486083984
-3191,anchor_scsn_003190,794360,0,up,124.43698120117188
-3192,anchor_scsn_003191,794572,0,up,103.82955169677734
-3193,anchor_scsn_003192,794581,0,up,120.73359680175781
-3194,anchor_scsn_003193,795288,0,up,115.1275405883789
-3195,anchor_scsn_003194,795777,0,up,163.38938903808594
-3196,anchor_scsn_003195,796117,0,up,167.7548370361328
-3197,anchor_scsn_003196,796225,0,up,66.80432891845703
-3198,anchor_scsn_003197,796338,0,up,70.09237670898438
-3199,anchor_scsn_003198,796732,0,up,69.08882141113281
-3200,anchor_scsn_003199,797481,0,up,97.01043701171875
-3201,anchor_scsn_003200,797941,0,up,85.8747787475586
-3202,anchor_scsn_003201,798226,0,up,61.32624053955078
-3203,anchor_scsn_003202,798957,0,up,74.50338745117188
-3204,anchor_scsn_003203,799227,0,up,97.2676773071289
-3205,anchor_scsn_003204,799373,0,up,73.48735809326172
-3206,anchor_scsn_003205,799576,0,up,80.34532928466797
-3207,anchor_scsn_003206,799582,0,up,620.9421997070312
-3208,anchor_scsn_003207,799600,0,up,195.3462371826172
-3209,anchor_scsn_003208,799645,0,up,56.818946838378906
-3210,anchor_scsn_003209,799741,0,up,491.1762390136719
-3211,anchor_scsn_003210,799749,0,up,231.22239685058594
-3212,anchor_scsn_003211,799888,0,up,55.55805587768555
-3213,anchor_scsn_003212,800543,0,up,330.8739929199219
-3214,anchor_scsn_003213,800896,0,up,97.88029479980469
-3215,anchor_scsn_003214,800954,0,up,174.55479431152344
-3216,anchor_scsn_003215,801134,0,up,193.8920440673828
-3217,anchor_scsn_003216,801144,0,up,253.9972381591797
-3218,anchor_scsn_003217,801443,0,up,164.41098022460938
-3219,anchor_scsn_003218,801662,0,up,56.793888092041016
-3220,anchor_scsn_003219,802224,0,up,63.121063232421875
-3221,anchor_scsn_003220,802318,0,up,53.27005386352539
-3222,anchor_scsn_003221,802723,0,up,57.62647247314453
-3223,anchor_scsn_003222,802930,0,up,320.9037780761719
-3224,anchor_scsn_003223,802932,0,up,93.36711883544922
-3225,anchor_scsn_003224,803026,0,up,63.24493408203125
-3226,anchor_scsn_003225,803179,0,up,232.69618225097656
-3227,anchor_scsn_003226,803719,0,up,324.32110595703125
-3228,anchor_scsn_003227,804126,0,up,134.88356018066406
-3229,anchor_scsn_003228,804877,0,up,58.96974182128906
-3230,anchor_scsn_003229,805024,0,up,59.522335052490234
-3231,anchor_scsn_003230,805072,0,up,83.38765716552734
-3232,anchor_scsn_003231,805082,0,up,84.62335205078125
-3233,anchor_scsn_003232,805118,0,up,113.32603454589844
-3234,anchor_scsn_003233,805119,0,up,65.05503845214844
-3235,anchor_scsn_003234,805299,0,up,64.59357452392578
-3236,anchor_scsn_003235,806330,0,up,215.82528686523438
-3237,anchor_scsn_003236,806420,0,up,147.40615844726562
-3238,anchor_scsn_003237,806539,0,up,123.3725814819336
-3239,anchor_scsn_003238,807345,0,up,128.31436157226562
-3240,anchor_scsn_003239,807636,0,up,125.75518035888672
-3241,anchor_scsn_003240,808128,0,up,70.81780242919922
-3242,anchor_scsn_003241,808224,0,up,68.74246215820312
-3243,anchor_scsn_003242,808272,0,up,53.842098236083984
-3244,anchor_scsn_003243,808285,0,up,185.8231964111328
-3245,anchor_scsn_003244,808402,0,up,155.35044860839844
-3246,anchor_scsn_003245,808410,0,up,51.69899368286133
-3247,anchor_scsn_003246,808430,0,up,65.35980987548828
-3248,anchor_scsn_003247,808755,0,up,56.791561126708984
-3249,anchor_scsn_003248,808791,0,up,116.29183197021484
-3250,anchor_scsn_003249,809172,0,up,151.80885314941406
-3251,anchor_scsn_003250,809327,0,up,580.7435913085938
-3252,anchor_scsn_003251,810257,0,up,73.94945526123047
-3253,anchor_scsn_003252,810818,0,up,75.33722686767578
-3254,anchor_scsn_003253,810856,0,up,53.47187805175781
-3255,anchor_scsn_003254,810908,0,up,136.3679656982422
-3256,anchor_scsn_003255,810956,0,up,78.10525512695312
-3257,anchor_scsn_003256,811167,0,up,74.94023895263672
-3258,anchor_scsn_003257,812294,0,up,76.23887634277344
-3259,anchor_scsn_003258,812983,0,up,117.17064666748047
-3260,anchor_scsn_003259,813124,0,up,770.236572265625
-3261,anchor_scsn_003260,813737,0,up,56.25048828125
-3262,anchor_scsn_003261,813882,0,up,83.47723388671875
-3263,anchor_scsn_003262,813983,0,up,81.68248748779297
-3264,anchor_scsn_003263,814137,0,up,54.73240661621094
-3265,anchor_scsn_003264,814248,0,up,69.79816436767578
-3266,anchor_scsn_003265,814555,0,up,150.6592559814453
-3267,anchor_scsn_003266,814790,0,up,169.40431213378906
-3268,anchor_scsn_003267,814982,0,up,60.87660598754883
-3269,anchor_scsn_003268,815035,0,up,110.8874282836914
-3270,anchor_scsn_003269,815293,0,up,52.72050857543945
-3271,anchor_scsn_003270,815956,0,up,447.893310546875
-3272,anchor_scsn_003271,816219,0,up,327.46875
-3273,anchor_scsn_003272,816291,0,up,108.15704345703125
-3274,anchor_scsn_003273,816855,0,up,128.32601928710938
-3275,anchor_scsn_003274,816959,0,up,86.24932098388672
-3276,anchor_scsn_003275,817242,0,up,318.4779968261719
-3277,anchor_scsn_003276,817825,0,up,87.13458251953125
-3278,anchor_scsn_003277,817884,0,up,223.60894775390625
-3279,anchor_scsn_003278,817958,0,up,89.20911407470703
-3280,anchor_scsn_003279,818339,0,up,145.04234313964844
-3281,anchor_scsn_003280,818346,0,up,686.5697631835938
-3282,anchor_scsn_003281,819643,0,up,278.3599853515625
-3283,anchor_scsn_003282,820569,0,up,102.98819732666016
-3284,anchor_scsn_003283,820695,0,up,314.83660888671875
-3285,anchor_scsn_003284,820853,0,up,126.74665069580078
-3286,anchor_scsn_003285,821234,0,up,67.59718322753906
-3287,anchor_scsn_003286,821336,0,up,99.5220718383789
-3288,anchor_scsn_003287,821466,0,up,110.96470642089844
-3289,anchor_scsn_003288,821648,0,up,142.29025268554688
-3290,anchor_scsn_003289,821666,0,up,55.20903396606445
-3291,anchor_scsn_003290,822012,0,up,64.1707534790039
-3292,anchor_scsn_003291,822132,0,up,99.91615295410156
-3293,anchor_scsn_003292,822193,0,up,62.8333740234375
-3294,anchor_scsn_003293,822340,0,up,73.18717193603516
-3295,anchor_scsn_003294,822473,0,up,72.6041030883789
-3296,anchor_scsn_003295,822511,0,up,100.98826599121094
-3297,anchor_scsn_003296,822526,0,up,52.319114685058594
-3298,anchor_scsn_003297,822702,0,up,280.7259826660156
-3299,anchor_scsn_003298,822833,0,up,67.82937622070312
-3300,anchor_scsn_003299,822984,0,up,58.76915740966797
-3301,anchor_scsn_003300,823109,0,up,60.522796630859375
-3302,anchor_scsn_003301,823668,0,up,97.43562316894531
-3303,anchor_scsn_003302,823910,0,up,280.839599609375
-3304,anchor_scsn_003303,823972,0,up,165.7639617919922
-3305,anchor_scsn_003304,824021,0,up,289.3671569824219
-3306,anchor_scsn_003305,824336,0,up,267.4787292480469
-3307,anchor_scsn_003306,824414,0,up,144.52304077148438
-3308,anchor_scsn_003307,824819,0,up,53.511436462402344
-3309,anchor_scsn_003308,824820,0,up,80.89913940429688
-3310,anchor_scsn_003309,825301,0,up,115.44286346435547
-3311,anchor_scsn_003310,825489,0,up,71.47595977783203
-3312,anchor_scsn_003311,825788,0,up,125.62848663330078
-3313,anchor_scsn_003312,825947,0,up,155.56845092773438
-3314,anchor_scsn_003313,826247,0,up,125.06348419189453
-3315,anchor_scsn_003314,826501,0,up,59.155120849609375
-3316,anchor_scsn_003315,826562,0,up,133.192138671875
-3317,anchor_scsn_003316,826660,0,up,54.18109893798828
-3318,anchor_scsn_003317,826894,0,up,57.123165130615234
-3319,anchor_scsn_003318,827067,0,up,99.3697280883789
-3320,anchor_scsn_003319,827453,0,up,55.51328659057617
-3321,anchor_scsn_003320,827797,0,up,133.03842163085938
-3322,anchor_scsn_003321,828271,0,up,153.53982543945312
-3323,anchor_scsn_003322,828457,0,up,148.62464904785156
-3324,anchor_scsn_003323,828551,0,up,126.83354949951172
-3325,anchor_scsn_003324,829491,0,up,75.22865295410156
-3326,anchor_scsn_003325,829635,0,up,86.33610534667969
-3327,anchor_scsn_003326,830127,0,up,134.90989685058594
-3328,anchor_scsn_003327,830309,0,up,229.92373657226562
-3329,anchor_scsn_003328,830450,0,up,55.65610885620117
-3330,anchor_scsn_003329,830638,0,up,154.0889434814453
-3331,anchor_scsn_003330,830739,0,up,119.20209503173828
-3332,anchor_scsn_003331,831487,0,up,741.1099243164062
-3333,anchor_scsn_003332,831539,0,up,141.42935180664062
-3334,anchor_scsn_003333,831973,0,up,66.64888763427734
-3335,anchor_scsn_003334,832290,0,up,78.3338851928711
-3336,anchor_scsn_003335,832304,0,up,50.627933502197266
-3337,anchor_scsn_003336,832668,0,up,85.35005950927734
-3338,anchor_scsn_003337,834097,0,up,57.53972244262695
-3339,anchor_scsn_003338,834269,0,up,148.59957885742188
-3340,anchor_scsn_003339,834506,0,up,90.08734893798828
-3341,anchor_scsn_003340,834704,0,up,73.9794921875
-3342,anchor_scsn_003341,834741,0,up,78.96660614013672
-3343,anchor_scsn_003342,834784,0,up,321.5503234863281
-3344,anchor_scsn_003343,834889,0,up,79.52943420410156
-3345,anchor_scsn_003344,835112,0,up,64.29854583740234
-3346,anchor_scsn_003345,835228,0,up,212.5827178955078
-3347,anchor_scsn_003346,835295,0,up,84.87319946289062
-3348,anchor_scsn_003347,835305,0,up,214.0666046142578
-3349,anchor_scsn_003348,835343,0,up,77.7369613647461
-3350,anchor_scsn_003349,836661,0,up,67.93767547607422
-3351,anchor_scsn_003350,836758,0,up,97.38031005859375
-3352,anchor_scsn_003351,837389,0,up,82.51984405517578
-3353,anchor_scsn_003352,837583,0,up,158.85256958007812
-3354,anchor_scsn_003353,839229,0,up,125.61140441894531
-3355,anchor_scsn_003354,839307,0,up,121.50247192382812
-3356,anchor_scsn_003355,839494,0,up,76.70729064941406
-3357,anchor_scsn_003356,840251,0,up,70.44792938232422
-3358,anchor_scsn_003357,840589,0,up,54.267433166503906
-3359,anchor_scsn_003358,840780,0,up,493.3908386230469
-3360,anchor_scsn_003359,840869,0,up,336.38433837890625
-3361,anchor_scsn_003360,841680,0,up,217.26239013671875
-3362,anchor_scsn_003361,841741,0,up,451.3489990234375
-3363,anchor_scsn_003362,842255,0,up,115.03533935546875
-3364,anchor_scsn_003363,842601,0,up,91.5366439819336
-3365,anchor_scsn_003364,843223,0,up,67.05718994140625
-3366,anchor_scsn_003365,843337,0,up,287.13604736328125
-3367,anchor_scsn_003366,843414,0,up,106.96089935302734
-3368,anchor_scsn_003367,844533,0,up,155.90658569335938
-3369,anchor_scsn_003368,844833,0,up,184.4712677001953
-3370,anchor_scsn_003369,844912,0,up,95.48103332519531
-3371,anchor_scsn_003370,845565,0,up,83.17581939697266
-3372,anchor_scsn_003371,845737,0,up,63.18891525268555
-3373,anchor_scsn_003372,846460,0,up,50.009220123291016
-3374,anchor_scsn_003373,846667,0,up,91.50122833251953
-3375,anchor_scsn_003374,847447,0,up,61.21349334716797
-3376,anchor_scsn_003375,848051,0,up,66.62165832519531
-3377,anchor_scsn_003376,848668,0,up,56.306121826171875
-3378,anchor_scsn_003377,848698,0,up,110.3241958618164
-3379,anchor_scsn_003378,849082,0,up,65.01939392089844
-3380,anchor_scsn_003379,849157,0,up,162.41036987304688
-3381,anchor_scsn_003380,849231,0,up,56.654747009277344
-3382,anchor_scsn_003381,849543,0,up,75.85105895996094
-3383,anchor_scsn_003382,849569,0,up,55.79111862182617
-3384,anchor_scsn_003383,849696,0,up,86.71092987060547
-3385,anchor_scsn_003384,849737,0,up,63.635643005371094
-3386,anchor_scsn_003385,849852,0,up,197.4971466064453
-3387,anchor_scsn_003386,850048,0,up,63.649654388427734
-3388,anchor_scsn_003387,850177,0,up,118.48616790771484
-3389,anchor_scsn_003388,850388,0,up,136.056640625
-3390,anchor_scsn_003389,850409,0,up,141.9960174560547
-3391,anchor_scsn_003390,850591,0,up,50.100826263427734
-3392,anchor_scsn_003391,850599,0,up,88.59870910644531
-3393,anchor_scsn_003392,850614,0,up,72.32779693603516
-3394,anchor_scsn_003393,850817,0,up,62.192413330078125
-3395,anchor_scsn_003394,850943,0,up,54.75446319580078
-3396,anchor_scsn_003395,850980,0,up,93.00724029541016
-3397,anchor_scsn_003396,851821,0,up,56.103878021240234
-3398,anchor_scsn_003397,851853,0,up,64.98836517333984
-3399,anchor_scsn_003398,851959,0,up,88.79054260253906
-3400,anchor_scsn_003399,852004,0,up,50.19212341308594
-3401,anchor_scsn_003400,852465,0,up,134.94764709472656
-3402,anchor_scsn_003401,852783,0,up,90.0389175415039
-3403,anchor_scsn_003402,853596,0,up,73.51376342773438
-3404,anchor_scsn_003403,853602,0,up,202.7313232421875
-3405,anchor_scsn_003404,853747,0,up,185.20176696777344
-3406,anchor_scsn_003405,854019,0,up,80.56757354736328
-3407,anchor_scsn_003406,854036,0,up,78.07676696777344
-3408,anchor_scsn_003407,854105,0,up,73.55709838867188
-3409,anchor_scsn_003408,854447,0,up,54.80137634277344
-3410,anchor_scsn_003409,854624,0,up,90.02592468261719
-3411,anchor_scsn_003410,854849,0,up,57.64166259765625
-3412,anchor_scsn_003411,854900,0,up,154.9347381591797
-3413,anchor_scsn_003412,855083,0,up,449.4462585449219
-3414,anchor_scsn_003413,855783,0,up,67.2878646850586
-3415,anchor_scsn_003414,855843,0,up,71.79546356201172
-3416,anchor_scsn_003415,856046,0,up,55.71670150756836
-3417,anchor_scsn_003416,856064,0,up,87.14258575439453
-3418,anchor_scsn_003417,856681,0,up,142.89129638671875
-3419,anchor_scsn_003418,856740,0,up,62.14914321899414
-3420,anchor_scsn_003419,856984,0,up,88.08848571777344
-3421,anchor_scsn_003420,857007,0,up,67.89806365966797
-3422,anchor_scsn_003421,857732,0,up,92.6947250366211
-3423,anchor_scsn_003422,858085,0,up,592.7067260742188
-3424,anchor_scsn_003423,858228,0,up,227.1499786376953
-3425,anchor_scsn_003424,858576,0,up,371.99267578125
-3426,anchor_scsn_003425,858821,0,up,382.8891296386719
-3427,anchor_scsn_003426,859996,0,up,72.13375091552734
-3428,anchor_scsn_003427,860260,0,up,578.7230834960938
-3429,anchor_scsn_003428,860322,0,up,117.92015838623047
-3430,anchor_scsn_003429,861097,0,up,124.24591064453125
-3431,anchor_scsn_003430,861186,0,up,169.89112854003906
-3432,anchor_scsn_003431,861678,0,up,72.71135711669922
-3433,anchor_scsn_003432,862112,0,up,52.827999114990234
-3434,anchor_scsn_003433,862423,0,up,365.48736572265625
-3435,anchor_scsn_003434,863231,0,up,94.40254211425781
-3436,anchor_scsn_003435,863295,0,up,63.87579345703125
-3437,anchor_scsn_003436,863716,0,up,85.98709869384766
-3438,anchor_scsn_003437,863790,0,up,66.32469177246094
-3439,anchor_scsn_003438,863883,0,up,122.9503173828125
-3440,anchor_scsn_003439,864016,0,up,54.710941314697266
-3441,anchor_scsn_003440,864560,0,up,105.33854675292969
-3442,anchor_scsn_003441,864848,0,up,56.69369125366211
-3443,anchor_scsn_003442,865068,0,up,51.05807876586914
-3444,anchor_scsn_003443,865206,0,up,254.66555786132812
-3445,anchor_scsn_003444,865352,0,up,59.89765548706055
-3446,anchor_scsn_003445,865395,0,up,208.21685791015625
-3447,anchor_scsn_003446,865720,0,up,463.6910400390625
-3448,anchor_scsn_003447,866004,0,up,137.55226135253906
-3449,anchor_scsn_003448,866034,0,up,109.80852508544922
-3450,anchor_scsn_003449,866354,0,up,73.83985900878906
-3451,anchor_scsn_003450,866605,0,up,53.06111145019531
-3452,anchor_scsn_003451,866789,0,up,271.3678283691406
-3453,anchor_scsn_003452,866857,0,up,86.36843872070312
-3454,anchor_scsn_003453,866954,0,up,62.54661560058594
-3455,anchor_scsn_003454,867141,0,up,99.11724090576172
-3456,anchor_scsn_003455,867390,0,up,77.6367416381836
-3457,anchor_scsn_003456,867589,0,up,54.650020599365234
-3458,anchor_scsn_003457,868069,0,up,54.52046203613281
-3459,anchor_scsn_003458,868517,0,up,68.84785461425781
-3460,anchor_scsn_003459,868577,0,up,220.3313751220703
-3461,anchor_scsn_003460,868651,0,up,57.436912536621094
-3462,anchor_scsn_003461,868730,0,up,83.87993621826172
-3463,anchor_scsn_003462,869190,0,up,196.1336212158203
-3464,anchor_scsn_003463,869334,0,up,233.28948974609375
-3465,anchor_scsn_003464,869450,0,up,522.5565185546875
-3466,anchor_scsn_003465,870200,0,up,777.593994140625
-3467,anchor_scsn_003466,870242,0,up,302.8259582519531
-3468,anchor_scsn_003467,870417,0,up,90.66742706298828
-3469,anchor_scsn_003468,870590,0,up,83.64258575439453
-3470,anchor_scsn_003469,871218,0,up,156.47093200683594
-3471,anchor_scsn_003470,871537,0,up,53.800865173339844
-3472,anchor_scsn_003471,871654,0,up,109.44998168945312
-3473,anchor_scsn_003472,871673,0,up,57.18317413330078
-3474,anchor_scsn_003473,872016,0,up,52.064735412597656
-3475,anchor_scsn_003474,872044,0,up,99.66238403320312
-3476,anchor_scsn_003475,872320,0,up,333.22003173828125
-3477,anchor_scsn_003476,872474,0,up,127.9442138671875
-3478,anchor_scsn_003477,872573,0,up,510.3645935058594
-3479,anchor_scsn_003478,872762,0,up,65.19559478759766
-3480,anchor_scsn_003479,873426,0,up,119.70389556884766
-3481,anchor_scsn_003480,874320,0,up,86.55402374267578
-3482,anchor_scsn_003481,874873,0,up,171.60888671875
-3483,anchor_scsn_003482,875020,0,up,89.56919860839844
-3484,anchor_scsn_003483,875506,0,up,53.01251983642578
-3485,anchor_scsn_003484,875553,0,up,130.6480255126953
-3486,anchor_scsn_003485,875674,0,up,130.8334503173828
-3487,anchor_scsn_003486,875676,0,up,65.34071350097656
-3488,anchor_scsn_003487,875708,0,up,379.2178039550781
-3489,anchor_scsn_003488,876007,0,up,56.29773712158203
-3490,anchor_scsn_003489,876436,0,up,63.129798889160156
-3491,anchor_scsn_003490,876519,0,up,53.730655670166016
-3492,anchor_scsn_003491,876553,0,up,63.81832504272461
-3493,anchor_scsn_003492,876761,0,up,123.86251068115234
-3494,anchor_scsn_003493,877096,0,up,60.64022445678711
-3495,anchor_scsn_003494,877182,0,up,50.755516052246094
-3496,anchor_scsn_003495,877492,0,up,168.32115173339844
-3497,anchor_scsn_003496,877537,0,up,113.31761932373047
-3498,anchor_scsn_003497,877736,0,up,69.3556137084961
-3499,anchor_scsn_003498,878016,0,up,190.15573120117188
-3500,anchor_scsn_003499,878096,0,up,54.343101501464844
-3501,anchor_scsn_003500,878099,0,up,53.009010314941406
-3502,anchor_scsn_003501,878475,0,up,219.4678955078125
-3503,anchor_scsn_003502,878623,0,up,76.60474395751953
-3504,anchor_scsn_003503,878768,0,up,87.83940887451172
-3505,anchor_scsn_003504,878799,0,up,133.9095001220703
-3506,anchor_scsn_003505,879122,0,up,116.38495635986328
-3507,anchor_scsn_003506,879289,0,up,98.62549591064453
-3508,anchor_scsn_003507,880059,0,up,128.53411865234375
-3509,anchor_scsn_003508,880107,0,up,75.58441925048828
-3510,anchor_scsn_003509,880228,0,up,50.006160736083984
-3511,anchor_scsn_003510,881201,0,up,103.19734191894531
-3512,anchor_scsn_003511,881674,0,up,65.218994140625
-3513,anchor_scsn_003512,882068,0,up,916.2724609375
-3514,anchor_scsn_003513,882130,0,up,512.7996215820312
-3515,anchor_scsn_003514,882560,0,up,76.13816833496094
-3516,anchor_scsn_003515,882819,0,up,286.28631591796875
-3517,anchor_scsn_003516,883286,0,up,64.50212860107422
-3518,anchor_scsn_003517,883639,0,up,255.29139709472656
-3519,anchor_scsn_003518,883651,0,up,80.7406997680664
-3520,anchor_scsn_003519,883684,0,up,107.30915069580078
-3521,anchor_scsn_003520,883763,0,up,97.80433654785156
-3522,anchor_scsn_003521,883901,0,up,94.7382583618164
-3523,anchor_scsn_003522,884162,0,up,69.6502685546875
-3524,anchor_scsn_003523,884464,0,up,61.459957122802734
-3525,anchor_scsn_003524,885185,0,up,74.73001098632812
-3526,anchor_scsn_003525,885205,0,up,69.69539642333984
-3527,anchor_scsn_003526,885322,0,up,270.4094543457031
-3528,anchor_scsn_003527,885557,0,up,62.011539459228516
-3529,anchor_scsn_003528,885786,0,up,51.04255676269531
-3530,anchor_scsn_003529,885965,0,up,59.17589569091797
-3531,anchor_scsn_003530,886203,0,up,117.7759780883789
-3532,anchor_scsn_003531,886963,0,up,107.8310317993164
-3533,anchor_scsn_003532,887530,0,up,82.99284362792969
-3534,anchor_scsn_003533,887783,0,up,113.62481689453125
-3535,anchor_scsn_003534,887796,0,up,51.849300384521484
-3536,anchor_scsn_003535,887898,0,up,146.8531036376953
-3537,anchor_scsn_003536,888057,0,up,56.05919647216797
-3538,anchor_scsn_003537,888402,0,up,67.58903503417969
-3539,anchor_scsn_003538,888417,0,up,69.11739349365234
-3540,anchor_scsn_003539,888427,0,up,66.18478393554688
-3541,anchor_scsn_003540,888460,0,up,69.8450927734375
-3542,anchor_scsn_003541,888485,0,up,110.41436004638672
-3543,anchor_scsn_003542,889081,0,up,222.14694213867188
-3544,anchor_scsn_003543,889189,0,up,84.08711242675781
-3545,anchor_scsn_003544,889649,0,up,50.32617950439453
-3546,anchor_scsn_003545,889807,0,up,706.1456298828125
-3547,anchor_scsn_003546,890178,0,up,67.93399810791016
-3548,anchor_scsn_003547,890343,0,up,92.99674224853516
-3549,anchor_scsn_003548,890348,0,up,326.0945129394531
-3550,anchor_scsn_003549,890887,0,up,88.98121643066406
-3551,anchor_scsn_003550,891045,0,up,460.0684814453125
-3552,anchor_scsn_003551,891084,0,up,89.01026153564453
-3553,anchor_scsn_003552,891592,0,up,67.98253631591797
-3554,anchor_scsn_003553,891700,0,up,312.49725341796875
-3555,anchor_scsn_003554,892021,0,up,183.51942443847656
-3556,anchor_scsn_003555,892282,0,up,191.62698364257812
-3557,anchor_scsn_003556,892412,0,up,248.66534423828125
-3558,anchor_scsn_003557,892670,0,up,126.70032501220703
-3559,anchor_scsn_003558,892678,0,up,337.3950500488281
-3560,anchor_scsn_003559,892976,0,up,212.098876953125
-3561,anchor_scsn_003560,892983,0,up,56.8258056640625
-3562,anchor_scsn_003561,893129,0,up,323.76959228515625
-3563,anchor_scsn_003562,893434,0,up,82.75468444824219
-3564,anchor_scsn_003563,893512,0,up,437.29571533203125
-3565,anchor_scsn_003564,893604,0,up,84.52812194824219
-3566,anchor_scsn_003565,893715,0,up,340.2486877441406
-3567,anchor_scsn_003566,893859,0,up,68.7301025390625
-3568,anchor_scsn_003567,893876,0,up,172.1475830078125
-3569,anchor_scsn_003568,894250,0,up,63.870479583740234
-3570,anchor_scsn_003569,894427,0,up,378.4051208496094
-3571,anchor_scsn_003570,894558,0,up,159.68309020996094
-3572,anchor_scsn_003571,894860,0,up,104.13179016113281
-3573,anchor_scsn_003572,895048,0,up,95.73368072509766
-3574,anchor_scsn_003573,895467,0,up,98.08138275146484
-3575,anchor_scsn_003574,895907,0,up,908.2706298828125
-3576,anchor_scsn_003575,895925,0,up,63.202423095703125
-3577,anchor_scsn_003576,896474,0,up,242.39447021484375
-3578,anchor_scsn_003577,896684,0,up,58.299560546875
-3579,anchor_scsn_003578,896847,0,up,125.4648208618164
-3580,anchor_scsn_003579,897380,0,up,78.36573028564453
-3581,anchor_scsn_003580,897442,0,up,109.45027923583984
-3582,anchor_scsn_003581,897865,0,up,95.32904052734375
-3583,anchor_scsn_003582,897927,0,up,53.75041961669922
-3584,anchor_scsn_003583,898099,0,up,63.536766052246094
-3585,anchor_scsn_003584,898114,0,up,53.67435836791992
-3586,anchor_scsn_003585,898282,0,up,239.01739501953125
-3587,anchor_scsn_003586,898587,0,up,70.7694320678711
-3588,anchor_scsn_003587,898758,0,up,123.67742919921875
-3589,anchor_scsn_003588,898898,0,up,53.45065689086914
-3590,anchor_scsn_003589,898928,0,up,177.24533081054688
-3591,anchor_scsn_003590,899158,0,up,78.26481628417969
-3592,anchor_scsn_003591,899213,0,up,88.9780502319336
-3593,anchor_scsn_003592,899244,0,up,80.52079772949219
-3594,anchor_scsn_003593,899256,0,up,79.88964080810547
-3595,anchor_scsn_003594,899355,0,up,53.11492156982422
-3596,anchor_scsn_003595,899445,0,up,146.08580017089844
-3597,anchor_scsn_003596,899604,0,up,90.3409194946289
-3598,anchor_scsn_003597,899785,0,up,78.00997161865234
-3599,anchor_scsn_003598,899831,0,up,82.03351593017578
-3600,anchor_scsn_003599,899998,0,up,525.7969360351562
-3601,anchor_scsn_003600,900228,0,up,62.09604263305664
-3602,anchor_scsn_003601,900270,0,up,176.6238250732422
-3603,anchor_scsn_003602,900643,0,up,292.90960693359375
-3604,anchor_scsn_003603,900652,0,up,62.94209289550781
-3605,anchor_scsn_003604,900833,0,up,70.01097869873047
-3606,anchor_scsn_003605,900943,0,up,67.63975524902344
-3607,anchor_scsn_003606,900972,0,up,66.87638092041016
-3608,anchor_scsn_003607,901139,0,up,97.17135620117188
-3609,anchor_scsn_003608,901158,0,up,101.73780822753906
-3610,anchor_scsn_003609,901222,0,up,62.944515228271484
-3611,anchor_scsn_003610,901494,0,up,251.96871948242188
-3612,anchor_scsn_003611,901516,0,up,124.19563293457031
-3613,anchor_scsn_003612,901902,0,up,175.50433349609375
-3614,anchor_scsn_003613,901935,0,up,63.270267486572266
-3615,anchor_scsn_003614,901998,0,up,148.5480499267578
-3616,anchor_scsn_003615,902165,0,up,54.90879821777344
-3617,anchor_scsn_003616,902204,0,up,85.45785522460938
-3618,anchor_scsn_003617,902461,0,up,80.43994903564453
-3619,anchor_scsn_003618,902503,0,up,54.968162536621094
-3620,anchor_scsn_003619,903058,0,up,503.8891296386719
-3621,anchor_scsn_003620,903258,0,up,81.43830108642578
-3622,anchor_scsn_003621,903526,0,up,65.5562973022461
-3623,anchor_scsn_003622,903686,0,up,60.00284957885742
-3624,anchor_scsn_003623,903809,0,up,123.88030242919922
-3625,anchor_scsn_003624,903972,0,up,785.8572387695312
-3626,anchor_scsn_003625,904210,0,up,234.47537231445312
-3627,anchor_scsn_003626,904636,0,up,323.8526916503906
-3628,anchor_scsn_003627,904640,0,up,116.13360595703125
-3629,anchor_scsn_003628,904744,0,up,93.36840057373047
-3630,anchor_scsn_003629,904887,0,up,95.18701934814453
-3631,anchor_scsn_003630,904891,0,up,85.4029541015625
-3632,anchor_scsn_003631,904904,0,up,109.00151062011719
-3633,anchor_scsn_003632,905768,0,up,171.82427978515625
-3634,anchor_scsn_003633,905795,0,up,63.60077667236328
-3635,anchor_scsn_003634,905947,0,up,83.58767700195312
-3636,anchor_scsn_003635,905953,0,up,66.56387329101562
-3637,anchor_scsn_003636,906045,0,up,642.6253051757812
-3638,anchor_scsn_003637,906381,0,up,57.403343200683594
-3639,anchor_scsn_003638,906480,0,up,274.4529113769531
-3640,anchor_scsn_003639,906531,0,up,137.99172973632812
-3641,anchor_scsn_003640,906717,0,up,50.93082809448242
-3642,anchor_scsn_003641,907049,0,up,95.66755676269531
-3643,anchor_scsn_003642,907069,0,up,114.6265869140625
-3644,anchor_scsn_003643,907308,0,up,176.2026824951172
-3645,anchor_scsn_003644,907928,0,up,163.1188507080078
-3646,anchor_scsn_003645,907946,0,up,154.25685119628906
-3647,anchor_scsn_003646,907959,0,up,53.83762741088867
-3648,anchor_scsn_003647,908278,0,up,61.65425109863281
-3649,anchor_scsn_003648,908422,0,up,100.06497192382812
-3650,anchor_scsn_003649,908449,0,up,55.124576568603516
-3651,anchor_scsn_003650,908456,0,up,55.94371032714844
-3652,anchor_scsn_003651,908521,0,up,142.95530700683594
-3653,anchor_scsn_003652,908817,0,up,79.0032730102539
-3654,anchor_scsn_003653,909259,0,up,67.48991394042969
-3655,anchor_scsn_003654,909338,0,up,333.3743896484375
-3656,anchor_scsn_003655,909785,0,up,61.58420944213867
-3657,anchor_scsn_003656,910173,0,up,92.78673553466797
-3658,anchor_scsn_003657,910202,0,up,66.54399871826172
-3659,anchor_scsn_003658,910334,0,up,163.81187438964844
-3660,anchor_scsn_003659,910524,0,up,58.716636657714844
-3661,anchor_scsn_003660,910549,0,up,53.48672103881836
-3662,anchor_scsn_003661,910692,0,up,68.44210052490234
-3663,anchor_scsn_003662,910820,0,up,86.22205352783203
-3664,anchor_scsn_003663,910832,0,up,167.35508728027344
-3665,anchor_scsn_003664,911024,0,up,65.97705078125
-3666,anchor_scsn_003665,911160,0,up,99.65006256103516
-3667,anchor_scsn_003666,911230,0,up,106.93807220458984
-3668,anchor_scsn_003667,911278,0,up,70.62738800048828
-3669,anchor_scsn_003668,911778,0,up,51.821556091308594
-3670,anchor_scsn_003669,911926,0,up,66.68968963623047
-3671,anchor_scsn_003670,912241,0,up,85.02592468261719
-3672,anchor_scsn_003671,912479,0,up,59.32413101196289
-3673,anchor_scsn_003672,912713,0,up,465.6314392089844
-3674,anchor_scsn_003673,912958,0,up,79.03408813476562
-3675,anchor_scsn_003674,913257,0,up,53.53383255004883
-3676,anchor_scsn_003675,913762,0,up,70.21942901611328
-3677,anchor_scsn_003676,914057,0,up,58.798667907714844
-3678,anchor_scsn_003677,914169,0,up,50.203773498535156
-3679,anchor_scsn_003678,914181,0,up,80.0743408203125
-3680,anchor_scsn_003679,914251,0,up,80.2182846069336
-3681,anchor_scsn_003680,914279,0,up,91.44793701171875
-3682,anchor_scsn_003681,914287,0,up,152.1585693359375
-3683,anchor_scsn_003682,914424,0,up,537.0698852539062
-3684,anchor_scsn_003683,914580,0,up,134.4184112548828
-3685,anchor_scsn_003684,914581,0,up,96.63592529296875
-3686,anchor_scsn_003685,914583,0,up,86.26109313964844
-3687,anchor_scsn_003686,914603,0,up,52.14350128173828
-3688,anchor_scsn_003687,914782,0,up,128.81736755371094
-3689,anchor_scsn_003688,914903,0,up,203.6295623779297
-3690,anchor_scsn_003689,915233,0,up,394.1443786621094
-3691,anchor_scsn_003690,915648,0,up,97.754150390625
-3692,anchor_scsn_003691,915767,0,up,65.18498229980469
-3693,anchor_scsn_003692,915872,0,up,136.2760467529297
-3694,anchor_scsn_003693,915901,0,up,186.36618041992188
-3695,anchor_scsn_003694,916228,0,up,227.4657745361328
-3696,anchor_scsn_003695,917356,0,up,67.05136108398438
-3697,anchor_scsn_003696,917546,0,up,184.2542266845703
-3698,anchor_scsn_003697,918543,0,up,62.75271224975586
-3699,anchor_scsn_003698,918584,0,up,100.08074951171875
-3700,anchor_scsn_003699,918638,0,up,53.97087097167969
-3701,anchor_scsn_003700,918969,0,up,51.43155288696289
-3702,anchor_scsn_003701,919171,0,up,108.90629577636719
-3703,anchor_scsn_003702,919202,0,up,72.7802734375
-3704,anchor_scsn_003703,919446,0,up,66.56327056884766
-3705,anchor_scsn_003704,920024,0,up,264.35296630859375
-3706,anchor_scsn_003705,920026,0,up,75.44694519042969
-3707,anchor_scsn_003706,920082,0,up,95.15593719482422
-3708,anchor_scsn_003707,920123,0,up,166.12742614746094
-3709,anchor_scsn_003708,920564,0,up,230.900390625
-3710,anchor_scsn_003709,921060,0,up,304.25897216796875
-3711,anchor_scsn_003710,921319,0,up,85.96561431884766
-3712,anchor_scsn_003711,921686,0,up,83.53987121582031
-3713,anchor_scsn_003712,922143,0,up,446.1280212402344
-3714,anchor_scsn_003713,922212,0,up,171.70745849609375
-3715,anchor_scsn_003714,922214,0,up,64.47135925292969
-3716,anchor_scsn_003715,922289,0,up,98.18013000488281
-3717,anchor_scsn_003716,922599,0,up,75.24553680419922
-3718,anchor_scsn_003717,923398,0,up,72.89395141601562
-3719,anchor_scsn_003718,923418,0,up,52.931243896484375
-3720,anchor_scsn_003719,923854,0,up,57.64720916748047
-3721,anchor_scsn_003720,924688,0,up,129.0460205078125
-3722,anchor_scsn_003721,924960,0,up,207.456298828125
-3723,anchor_scsn_003722,925455,0,up,77.2099838256836
-3724,anchor_scsn_003723,925562,0,up,56.892539978027344
-3725,anchor_scsn_003724,925781,0,up,244.23439025878906
-3726,anchor_scsn_003725,926377,0,up,129.9716339111328
-3727,anchor_scsn_003726,926648,0,up,57.58845520019531
-3728,anchor_scsn_003727,926669,0,up,89.12519836425781
-3729,anchor_scsn_003728,926726,0,up,58.88457489013672
-3730,anchor_scsn_003729,926742,0,up,85.33271789550781
-3731,anchor_scsn_003730,926982,0,up,56.17774200439453
-3732,anchor_scsn_003731,926991,0,up,141.72122192382812
-3733,anchor_scsn_003732,927410,0,up,73.84342956542969
-3734,anchor_scsn_003733,927422,0,up,56.39878845214844
-3735,anchor_scsn_003734,927595,0,up,88.2762222290039
-3736,anchor_scsn_003735,928162,0,up,87.18180847167969
-3737,anchor_scsn_003736,928375,0,up,78.84427642822266
-3738,anchor_scsn_003737,929096,0,up,171.9749755859375
-3739,anchor_scsn_003738,929340,0,up,73.12946319580078
-3740,anchor_scsn_003739,929580,0,up,50.80577087402344
-3741,anchor_scsn_003740,929750,0,up,65.18831634521484
-3742,anchor_scsn_003741,929942,0,up,55.64862060546875
-3743,anchor_scsn_003742,931119,0,up,57.479244232177734
-3744,anchor_scsn_003743,931260,0,up,101.75242614746094
-3745,anchor_scsn_003744,931639,0,up,205.8026123046875
-3746,anchor_scsn_003745,932308,0,up,95.49987030029297
-3747,anchor_scsn_003746,932401,0,up,134.53770446777344
-3748,anchor_scsn_003747,932458,0,up,74.67974090576172
-3749,anchor_scsn_003748,932581,0,up,126.67903137207031
-3750,anchor_scsn_003749,932753,0,up,59.6169548034668
-3751,anchor_scsn_003750,932830,0,up,78.28790283203125
-3752,anchor_scsn_003751,933188,0,up,120.56751251220703
-3753,anchor_scsn_003752,933357,0,up,236.66854858398438
-3754,anchor_scsn_003753,933918,0,up,184.29685974121094
-3755,anchor_scsn_003754,934410,0,up,54.14335632324219
-3756,anchor_scsn_003755,935850,0,up,107.26583099365234
-3757,anchor_scsn_003756,936132,0,up,109.03497314453125
-3758,anchor_scsn_003757,936202,0,up,224.83782958984375
-3759,anchor_scsn_003758,936210,0,up,58.839046478271484
-3760,anchor_scsn_003759,936232,0,up,103.75717163085938
-3761,anchor_scsn_003760,936239,0,up,100.9542236328125
-3762,anchor_scsn_003761,936880,0,up,51.26074981689453
-3763,anchor_scsn_003762,937255,0,up,54.21411895751953
-3764,anchor_scsn_003763,938123,0,up,59.66672897338867
-3765,anchor_scsn_003764,938146,0,up,54.0706787109375
-3766,anchor_scsn_003765,938444,0,up,107.99302673339844
-3767,anchor_scsn_003766,938581,0,up,102.65296173095703
-3768,anchor_scsn_003767,938682,0,up,260.0625305175781
-3769,anchor_scsn_003768,939052,0,up,65.76769256591797
-3770,anchor_scsn_003769,939451,0,up,297.04876708984375
-3771,anchor_scsn_003770,939893,0,up,74.1690444946289
-3772,anchor_scsn_003771,940932,0,up,51.26586151123047
-3773,anchor_scsn_003772,941366,0,up,131.01837158203125
-3774,anchor_scsn_003773,941430,0,up,189.44375610351562
-3775,anchor_scsn_003774,941544,0,up,66.23912048339844
-3776,anchor_scsn_003775,941564,0,up,77.51671600341797
-3777,anchor_scsn_003776,942171,0,up,50.5003662109375
-3778,anchor_scsn_003777,942233,0,up,115.35028076171875
-3779,anchor_scsn_003778,942470,0,up,111.2796859741211
-3780,anchor_scsn_003779,942667,0,up,53.270328521728516
-3781,anchor_scsn_003780,942702,0,up,165.46652221679688
-3782,anchor_scsn_003781,942872,0,up,87.35179901123047
-3783,anchor_scsn_003782,942919,0,up,65.10127258300781
-3784,anchor_scsn_003783,943142,0,up,134.94708251953125
-3785,anchor_scsn_003784,943235,0,up,135.23817443847656
-3786,anchor_scsn_003785,943896,0,up,66.6538314819336
-3787,anchor_scsn_003786,944064,0,up,53.08881759643555
-3788,anchor_scsn_003787,944117,0,up,148.48573303222656
-3789,anchor_scsn_003788,944421,0,up,68.36883544921875
-3790,anchor_scsn_003789,944627,0,up,54.9610710144043
-3791,anchor_scsn_003790,944882,0,up,142.61228942871094
-3792,anchor_scsn_003791,945205,0,up,112.10891723632812
-3793,anchor_scsn_003792,945280,0,up,80.5706558227539
-3794,anchor_scsn_003793,945289,0,up,168.8682098388672
-3795,anchor_scsn_003794,945523,0,up,147.44430541992188
-3796,anchor_scsn_003795,945544,0,up,56.286903381347656
-3797,anchor_scsn_003796,945776,0,up,85.3559341430664
-3798,anchor_scsn_003797,946116,0,up,66.19352722167969
-3799,anchor_scsn_003798,946780,0,up,107.64604949951172
-3800,anchor_scsn_003799,946829,0,up,77.65109252929688
-3801,anchor_scsn_003800,947794,0,up,67.37222290039062
-3802,anchor_scsn_003801,948005,0,up,71.71858215332031
-3803,anchor_scsn_003802,948105,0,up,76.51546478271484
-3804,anchor_scsn_003803,948150,0,up,66.31688690185547
-3805,anchor_scsn_003804,948459,0,up,77.45372772216797
-3806,anchor_scsn_003805,948931,0,up,95.31851196289062
-3807,anchor_scsn_003806,949267,0,up,418.7731018066406
-3808,anchor_scsn_003807,949393,0,up,130.6121063232422
-3809,anchor_scsn_003808,949396,0,up,50.245452880859375
-3810,anchor_scsn_003809,949941,0,up,65.24581146240234
-3811,anchor_scsn_003810,949986,0,up,120.00037384033203
-3812,anchor_scsn_003811,950097,0,up,64.77983093261719
-3813,anchor_scsn_003812,950308,0,up,282.8794250488281
-3814,anchor_scsn_003813,950385,0,up,56.26880645751953
-3815,anchor_scsn_003814,950710,0,up,63.884281158447266
-3816,anchor_scsn_003815,950825,0,up,183.0264434814453
-3817,anchor_scsn_003816,951043,0,up,63.630062103271484
-3818,anchor_scsn_003817,951662,0,up,185.97671508789062
-3819,anchor_scsn_003818,951896,0,up,132.5945281982422
-3820,anchor_scsn_003819,951995,0,up,181.89505004882812
-3821,anchor_scsn_003820,952101,0,up,87.98623657226562
-3822,anchor_scsn_003821,952124,0,up,52.697166442871094
-3823,anchor_scsn_003822,952809,0,up,84.5047836303711
-3824,anchor_scsn_003823,953304,0,up,102.5431137084961
-3825,anchor_scsn_003824,953956,0,up,154.5908966064453
-3826,anchor_scsn_003825,954020,0,up,55.34830093383789
-3827,anchor_scsn_003826,954127,0,up,119.36876678466797
-3828,anchor_scsn_003827,954341,0,up,267.96990966796875
-3829,anchor_scsn_003828,954399,0,up,94.68411254882812
-3830,anchor_scsn_003829,954475,0,up,89.89774322509766
-3831,anchor_scsn_003830,954643,0,up,94.40660858154297
-3832,anchor_scsn_003831,954967,0,up,114.30232238769531
-3833,anchor_scsn_003832,955305,0,up,81.4538345336914
-3834,anchor_scsn_003833,955405,0,up,71.15534210205078
-3835,anchor_scsn_003834,955915,0,up,91.1558609008789
-3836,anchor_scsn_003835,955950,0,up,148.6827850341797
-3837,anchor_scsn_003836,955968,0,up,71.22083282470703
-3838,anchor_scsn_003837,956315,0,up,116.25777435302734
-3839,anchor_scsn_003838,956488,0,up,366.8341979980469
-3840,anchor_scsn_003839,956538,0,up,66.17131042480469
-3841,anchor_scsn_003840,956726,0,up,73.66166687011719
-3842,anchor_scsn_003841,957006,0,up,165.83738708496094
-3843,anchor_scsn_003842,957228,0,up,50.04280471801758
-3844,anchor_scsn_003843,957585,0,up,55.07939529418945
-3845,anchor_scsn_003844,957657,0,up,56.006752014160156
-3846,anchor_scsn_003845,957804,0,up,181.60195922851562
-3847,anchor_scsn_003846,957983,0,up,275.74957275390625
-3848,anchor_scsn_003847,958015,0,up,240.7452850341797
-3849,anchor_scsn_003848,958030,0,up,98.62860107421875
-3850,anchor_scsn_003849,958156,0,up,88.63367462158203
-3851,anchor_scsn_003850,958647,0,up,298.916259765625
-3852,anchor_scsn_003851,958798,0,up,72.4295425415039
-3853,anchor_scsn_003852,959019,0,up,146.66134643554688
-3854,anchor_scsn_003853,959759,0,up,198.90403747558594
-3855,anchor_scsn_003854,959811,0,up,59.269561767578125
-3856,anchor_scsn_003855,960439,0,up,61.665889739990234
-3857,anchor_scsn_003856,961148,0,up,127.00920867919922
-3858,anchor_scsn_003857,961249,0,up,53.27006149291992
-3859,anchor_scsn_003858,961319,0,up,226.24623107910156
-3860,anchor_scsn_003859,961387,0,up,82.33779907226562
-3861,anchor_scsn_003860,961460,0,up,75.67508697509766
-3862,anchor_scsn_003861,962009,0,up,101.59779357910156
-3863,anchor_scsn_003862,962023,0,up,105.44976806640625
-3864,anchor_scsn_003863,962802,0,up,116.24514770507812
-3865,anchor_scsn_003864,963664,0,up,179.30921936035156
-3866,anchor_scsn_003865,963703,0,up,104.86024475097656
-3867,anchor_scsn_003866,963731,0,up,199.7978973388672
-3868,anchor_scsn_003867,963871,0,up,98.87181091308594
-3869,anchor_scsn_003868,964227,0,up,171.61851501464844
-3870,anchor_scsn_003869,964288,0,up,93.57827758789062
-3871,anchor_scsn_003870,964364,0,up,218.0574951171875
-3872,anchor_scsn_003871,964840,0,up,574.6788330078125
-3873,anchor_scsn_003872,965000,0,up,64.61173248291016
-3874,anchor_scsn_003873,965015,0,up,50.61992645263672
-3875,anchor_scsn_003874,965017,0,up,58.347084045410156
-3876,anchor_scsn_003875,965505,0,up,51.66706085205078
-3877,anchor_scsn_003876,965623,0,up,67.20915985107422
-3878,anchor_scsn_003877,965663,0,up,63.39121627807617
-3879,anchor_scsn_003878,965865,0,up,207.74810791015625
-3880,anchor_scsn_003879,966366,0,up,54.358642578125
-3881,anchor_scsn_003880,966724,0,up,137.4049835205078
-3882,anchor_scsn_003881,966824,0,up,110.89595031738281
-3883,anchor_scsn_003882,966945,0,up,103.65846252441406
-3884,anchor_scsn_003883,967198,0,up,726.7553100585938
-3885,anchor_scsn_003884,967255,0,up,204.55056762695312
-3886,anchor_scsn_003885,967493,0,up,182.37039184570312
-3887,anchor_scsn_003886,967727,0,up,420.40313720703125
-3888,anchor_scsn_003887,967840,0,up,224.83775329589844
-3889,anchor_scsn_003888,967918,0,up,274.5507507324219
-3890,anchor_scsn_003889,968149,0,up,75.56124114990234
-3891,anchor_scsn_003890,968398,0,up,384.3851623535156
-3892,anchor_scsn_003891,969284,0,up,165.22354125976562
-3893,anchor_scsn_003892,969743,0,up,52.91415023803711
-3894,anchor_scsn_003893,969874,0,up,97.64432525634766
-3895,anchor_scsn_003894,970322,0,up,152.47735595703125
-3896,anchor_scsn_003895,970605,0,up,68.7724380493164
-3897,anchor_scsn_003896,970759,0,up,70.16537475585938
-3898,anchor_scsn_003897,970825,0,up,129.63125610351562
-3899,anchor_scsn_003898,970876,0,up,90.14761352539062
-3900,anchor_scsn_003899,971038,0,up,111.99324035644531
-3901,anchor_scsn_003900,971051,0,up,97.45024871826172
-3902,anchor_scsn_003901,971069,0,up,50.47715377807617
-3903,anchor_scsn_003902,971578,0,up,75.01985931396484
-3904,anchor_scsn_003903,971953,0,up,73.67285919189453
-3905,anchor_scsn_003904,972099,0,up,236.13560485839844
-3906,anchor_scsn_003905,972130,0,up,198.42457580566406
-3907,anchor_scsn_003906,972729,0,up,103.35547637939453
-3908,anchor_scsn_003907,972835,0,up,204.8125457763672
-3909,anchor_scsn_003908,973240,0,up,123.92723083496094
-3910,anchor_scsn_003909,973275,0,up,55.71232986450195
-3911,anchor_scsn_003910,973425,0,up,100.43846130371094
-3912,anchor_scsn_003911,974266,0,up,56.77336120605469
-3913,anchor_scsn_003912,974390,0,up,60.5046272277832
-3914,anchor_scsn_003913,974785,0,up,193.05062866210938
-3915,anchor_scsn_003914,975174,0,up,275.04791259765625
-3916,anchor_scsn_003915,975317,0,up,98.0905532836914
-3917,anchor_scsn_003916,975666,0,up,124.54850769042969
-3918,anchor_scsn_003917,975829,0,up,132.92123413085938
-3919,anchor_scsn_003918,976429,0,up,82.20560455322266
-3920,anchor_scsn_003919,976591,0,up,83.01883697509766
-3921,anchor_scsn_003920,976871,0,up,51.24958038330078
-3922,anchor_scsn_003921,977162,0,up,127.68640899658203
-3923,anchor_scsn_003922,977210,0,up,122.09071350097656
-3924,anchor_scsn_003923,977650,0,up,137.5196990966797
-3925,anchor_scsn_003924,977683,0,up,313.44036865234375
-3926,anchor_scsn_003925,978028,0,up,259.9137268066406
-3927,anchor_scsn_003926,978040,0,up,132.68247985839844
-3928,anchor_scsn_003927,978093,0,up,63.96589279174805
-3929,anchor_scsn_003928,978245,0,up,74.07241821289062
-3930,anchor_scsn_003929,978257,0,up,394.177490234375
-3931,anchor_scsn_003930,978435,0,up,75.1148681640625
-3932,anchor_scsn_003931,978475,0,up,80.62765502929688
-3933,anchor_scsn_003932,978494,0,up,96.97291564941406
-3934,anchor_scsn_003933,979205,0,up,98.27859497070312
-3935,anchor_scsn_003934,979715,0,up,83.34642791748047
-3936,anchor_scsn_003935,979851,0,up,135.2834014892578
-3937,anchor_scsn_003936,979962,0,up,75.62174224853516
-3938,anchor_scsn_003937,980147,0,up,85.77090454101562
-3939,anchor_scsn_003938,980464,0,up,248.94273376464844
-3940,anchor_scsn_003939,980712,0,up,51.499168395996094
-3941,anchor_scsn_003940,980897,0,up,103.43903350830078
-3942,anchor_scsn_003941,981059,0,up,60.2494010925293
-3943,anchor_scsn_003942,981157,0,up,545.0882568359375
-3944,anchor_scsn_003943,981759,0,up,75.87763214111328
-3945,anchor_scsn_003944,981890,0,up,302.453857421875
-3946,anchor_scsn_003945,982284,0,up,258.2426452636719
-3947,anchor_scsn_003946,983226,0,up,53.57228088378906
-3948,anchor_scsn_003947,983296,0,up,60.119224548339844
-3949,anchor_scsn_003948,983605,0,up,349.8302917480469
-3950,anchor_scsn_003949,984050,0,up,58.286075592041016
-3951,anchor_scsn_003950,984429,0,up,61.751869201660156
-3952,anchor_scsn_003951,984652,0,up,50.28390121459961
-3953,anchor_scsn_003952,984822,0,up,161.6188507080078
-3954,anchor_scsn_003953,985111,0,up,50.185672760009766
-3955,anchor_scsn_003954,985150,0,up,75.16206359863281
-3956,anchor_scsn_003955,985183,0,up,83.18502044677734
-3957,anchor_scsn_003956,985901,0,up,63.16065216064453
-3958,anchor_scsn_003957,986329,0,up,78.6107177734375
-3959,anchor_scsn_003958,986509,0,up,60.40587615966797
-3960,anchor_scsn_003959,986714,0,up,124.33818054199219
-3961,anchor_scsn_003960,987180,0,up,93.00170135498047
-3962,anchor_scsn_003961,987215,0,up,760.1521606445312
-3963,anchor_scsn_003962,987216,0,up,99.22314453125
-3964,anchor_scsn_003963,987614,0,up,52.92770767211914
-3965,anchor_scsn_003964,987717,0,up,73.66941833496094
-3966,anchor_scsn_003965,987739,0,up,121.87814331054688
-3967,anchor_scsn_003966,987888,0,up,74.14588165283203
-3968,anchor_scsn_003967,988493,0,up,110.42511749267578
-3969,anchor_scsn_003968,988553,0,up,142.55642700195312
-3970,anchor_scsn_003969,988682,0,up,122.71794891357422
-3971,anchor_scsn_003970,988710,0,up,92.80158233642578
-3972,anchor_scsn_003971,988856,0,up,77.52581024169922
-3973,anchor_scsn_003972,989466,0,up,149.21743774414062
-3974,anchor_scsn_003973,989582,0,up,68.45316314697266
-3975,anchor_scsn_003974,989647,0,up,57.46818161010742
-3976,anchor_scsn_003975,990334,0,up,209.67276000976562
-3977,anchor_scsn_003976,990369,0,up,58.33260726928711
-3978,anchor_scsn_003977,990753,0,up,128.1346435546875
-3979,anchor_scsn_003978,990774,0,up,64.46207427978516
-3980,anchor_scsn_003979,990777,0,up,54.559444427490234
-3981,anchor_scsn_003980,990829,0,up,242.08206176757812
-3982,anchor_scsn_003981,991215,0,up,102.97222900390625
-3983,anchor_scsn_003982,991778,0,up,54.86606216430664
-3984,anchor_scsn_003983,991946,0,up,77.25841522216797
-3985,anchor_scsn_003984,991954,0,up,161.7891387939453
-3986,anchor_scsn_003985,992760,0,up,176.8081512451172
-3987,anchor_scsn_003986,992894,0,up,88.19998168945312
-3988,anchor_scsn_003987,992956,0,up,78.03024291992188
-3989,anchor_scsn_003988,993774,0,up,121.67362976074219
-3990,anchor_scsn_003989,994145,0,up,65.65066528320312
-3991,anchor_scsn_003990,994194,0,up,89.80034637451172
-3992,anchor_scsn_003991,994265,0,up,109.15985107421875
-3993,anchor_scsn_003992,994650,0,up,164.1306610107422
-3994,anchor_scsn_003993,994752,0,up,119.33121490478516
-3995,anchor_scsn_003994,995161,0,up,175.41539001464844
-3996,anchor_scsn_003995,995249,0,up,63.133750915527344
-3997,anchor_scsn_003996,995368,0,up,59.60131072998047
-3998,anchor_scsn_003997,995466,0,up,104.08051300048828
-3999,anchor_scsn_003998,995595,0,up,53.304195404052734
-4000,anchor_scsn_003999,996113,0,up,144.3111572265625
-4001,anchor_scsn_004000,996161,0,up,82.07292938232422
-4002,anchor_scsn_004001,996324,0,up,67.25904083251953
-4003,anchor_scsn_004002,996362,0,up,63.86509323120117
-4004,anchor_scsn_004003,996898,0,up,56.589500427246094
-4005,anchor_scsn_004004,997239,0,up,360.8462829589844
-4006,anchor_scsn_004005,997249,0,up,103.06781768798828
-4007,anchor_scsn_004006,997303,0,up,85.00860595703125
-4008,anchor_scsn_004007,997654,0,up,92.08052825927734
-4009,anchor_scsn_004008,998399,0,up,78.10926818847656
-4010,anchor_scsn_004009,998444,0,up,51.9980583190918
-4011,anchor_scsn_004010,998641,0,up,57.79572677612305
-4012,anchor_scsn_004011,998646,0,up,52.61765670776367
-4013,anchor_scsn_004012,999078,0,up,87.85336303710938
-4014,anchor_scsn_004013,999126,0,up,76.82306671142578
-4015,anchor_scsn_004014,999621,0,up,74.40869903564453
-4016,anchor_scsn_004015,1000335,0,up,50.13267135620117
-4017,anchor_scsn_004016,1000687,0,up,82.64579010009766
-4018,anchor_scsn_004017,1000724,0,up,217.1591339111328
-4019,anchor_scsn_004018,1001318,0,up,79.4350357055664
-4020,anchor_scsn_004019,1001379,0,up,147.32554626464844
-4021,anchor_scsn_004020,1001934,0,up,123.93157958984375
-4022,anchor_scsn_004021,1002051,0,up,131.78469848632812
-4023,anchor_scsn_004022,1002142,0,up,149.17648315429688
-4024,anchor_scsn_004023,1002293,0,up,100.79158020019531
-4025,anchor_scsn_004024,1002636,0,up,127.18839263916016
-4026,anchor_scsn_004025,1002714,0,up,66.6710205078125
-4027,anchor_scsn_004026,1002721,0,up,62.7530632019043
-4028,anchor_scsn_004027,1002894,0,up,232.89915466308594
-4029,anchor_scsn_004028,1003009,0,up,88.69254302978516
-4030,anchor_scsn_004029,1003135,0,up,65.33074951171875
-4031,anchor_scsn_004030,1003529,0,up,110.12776184082031
-4032,anchor_scsn_004031,1003959,0,up,86.64712524414062
-4033,anchor_scsn_004032,1004026,0,up,131.8074951171875
-4034,anchor_scsn_004033,1004699,0,up,152.2924346923828
-4035,anchor_scsn_004034,1005893,0,up,55.453487396240234
-4036,anchor_scsn_004035,1006133,0,up,68.39249420166016
-4037,anchor_scsn_004036,1006175,0,up,73.40127563476562
-4038,anchor_scsn_004037,1006608,0,up,82.20756530761719
-4039,anchor_scsn_004038,1006756,0,up,50.0308952331543
-4040,anchor_scsn_004039,1007180,0,up,69.55667877197266
-4041,anchor_scsn_004040,1007441,0,up,61.72427749633789
-4042,anchor_scsn_004041,1007468,0,up,85.3011474609375
-4043,anchor_scsn_004042,1007613,0,up,143.54428100585938
-4044,anchor_scsn_004043,1007689,0,up,62.78317642211914
-4045,anchor_scsn_004044,1007724,0,up,54.54597473144531
-4046,anchor_scsn_004045,1007785,0,up,91.5169906616211
-4047,anchor_scsn_004046,1007819,0,up,56.98892593383789
-4048,anchor_scsn_004047,1007976,0,up,86.8296890258789
-4049,anchor_scsn_004048,1008019,0,up,121.3884506225586
-4050,anchor_scsn_004049,1008543,0,up,235.0489959716797
-4051,anchor_scsn_004050,1008565,0,up,217.4859619140625
-4052,anchor_scsn_004051,1008663,0,up,176.48611450195312
-4053,anchor_scsn_004052,1009103,0,up,169.99415588378906
-4054,anchor_scsn_004053,1009250,0,up,95.57762145996094
-4055,anchor_scsn_004054,1009440,0,up,87.14044189453125
-4056,anchor_scsn_004055,1009880,0,up,303.6408386230469
-4057,anchor_scsn_004056,1010233,0,up,99.80380249023438
-4058,anchor_scsn_004057,1010357,0,up,80.2359848022461
-4059,anchor_scsn_004058,1010471,0,up,146.36392211914062
-4060,anchor_scsn_004059,1010788,0,up,83.55622100830078
-4061,anchor_scsn_004060,1010847,0,up,72.87342834472656
-4062,anchor_scsn_004061,1010935,0,up,55.989383697509766
-4063,anchor_scsn_004062,1010937,0,up,64.9314193725586
-4064,anchor_scsn_004063,1011035,0,up,61.56084060668945
-4065,anchor_scsn_004064,1011392,0,up,51.57195281982422
-4066,anchor_scsn_004065,1011826,0,up,102.18872833251953
-4067,anchor_scsn_004066,1012217,0,up,56.638511657714844
-4068,anchor_scsn_004067,1013019,0,up,106.20878601074219
-4069,anchor_scsn_004068,1013131,0,up,135.13612365722656
-4070,anchor_scsn_004069,1013489,0,up,97.83596801757812
-4071,anchor_scsn_004070,1014839,0,up,88.86335754394531
-4072,anchor_scsn_004071,1015496,0,up,332.5488586425781
-4073,anchor_scsn_004072,1015768,0,up,58.9874267578125
-4074,anchor_scsn_004073,1016297,0,up,76.44186401367188
-4075,anchor_scsn_004074,1016336,0,up,173.3291473388672
-4076,anchor_scsn_004075,1016771,0,up,88.98966217041016
-4077,anchor_scsn_004076,1016938,0,up,198.7812042236328
-4078,anchor_scsn_004077,1017169,0,up,121.48779296875
-4079,anchor_scsn_004078,1017271,0,up,52.05934143066406
-4080,anchor_scsn_004079,1017652,0,up,233.24700927734375
-4081,anchor_scsn_004080,1017806,0,up,98.62911987304688
-4082,anchor_scsn_004081,1018035,0,up,73.44415283203125
-4083,anchor_scsn_004082,1018148,0,up,136.44943237304688
-4084,anchor_scsn_004083,1018446,0,up,324.6958923339844
-4085,anchor_scsn_004084,1018457,0,up,184.08377075195312
-4086,anchor_scsn_004085,1018561,0,up,82.46333312988281
-4087,anchor_scsn_004086,1018602,0,up,194.1931915283203
-4088,anchor_scsn_004087,1018796,0,up,104.80743408203125
-4089,anchor_scsn_004088,1019634,0,up,93.61115264892578
-4090,anchor_scsn_004089,1019673,0,up,194.2537384033203
-4091,anchor_scsn_004090,1019792,0,up,986.3139038085938
-4092,anchor_scsn_004091,1020585,0,up,123.42720794677734
-4093,anchor_scsn_004092,1021078,0,up,66.29560089111328
-4094,anchor_scsn_004093,1021452,0,up,50.42821502685547
-4095,anchor_scsn_004094,1021492,0,up,105.60308837890625
-4096,anchor_scsn_004095,1021806,0,up,106.95447540283203
-4097,anchor_scsn_004096,1021946,0,up,67.44550323486328
-4098,anchor_scsn_004097,1022051,0,up,57.789703369140625
-4099,anchor_scsn_004098,1022371,0,up,55.00600051879883
-4100,anchor_scsn_004099,1022375,0,up,70.73177337646484
-4101,anchor_scsn_004100,1022444,0,up,107.88516998291016
-4102,anchor_scsn_004101,1023101,0,up,121.02047729492188
-4103,anchor_scsn_004102,1023130,0,up,60.007232666015625
-4104,anchor_scsn_004103,1023334,0,up,82.1041259765625
-4105,anchor_scsn_004104,1023591,0,up,65.43238830566406
-4106,anchor_scsn_004105,1024189,0,up,105.96942901611328
-4107,anchor_scsn_004106,1024452,0,up,107.1619644165039
-4108,anchor_scsn_004107,1024657,0,up,101.02464294433594
-4109,anchor_scsn_004108,1024835,0,up,82.45341491699219
-4110,anchor_scsn_004109,1025096,0,up,201.99713134765625
-4111,anchor_scsn_004110,1025174,0,up,193.5244598388672
-4112,anchor_scsn_004111,1025298,0,up,408.3934631347656
-4113,anchor_scsn_004112,1025796,0,up,116.48567962646484
-4114,anchor_scsn_004113,1026122,0,up,51.989112854003906
-4115,anchor_scsn_004114,1026565,0,up,52.635101318359375
-4116,anchor_scsn_004115,1026937,0,up,77.66358184814453
-4117,anchor_scsn_004116,1027561,0,up,122.70658874511719
-4118,anchor_scsn_004117,1027567,0,up,61.64973068237305
-4119,anchor_scsn_004118,1028229,0,up,152.80210876464844
-4120,anchor_scsn_004119,1028781,0,up,142.0333709716797
-4121,anchor_scsn_004120,1028855,0,up,76.69612884521484
-4122,anchor_scsn_004121,1028910,0,up,76.38631439208984
-4123,anchor_scsn_004122,1028950,0,up,62.67948913574219
-4124,anchor_scsn_004123,1028983,0,up,63.51083755493164
-4125,anchor_scsn_004124,1029171,0,up,157.06771850585938
-4126,anchor_scsn_004125,1029337,0,up,223.57510375976562
-4127,anchor_scsn_004126,1029485,0,up,135.7796173095703
-4128,anchor_scsn_004127,1029910,0,up,83.89563751220703
-4129,anchor_scsn_004128,1029952,0,up,74.5992660522461
-4130,anchor_scsn_004129,1029979,0,up,59.734901428222656
-4131,anchor_scsn_004130,1030016,0,up,68.35115051269531
-4132,anchor_scsn_004131,1030063,0,up,204.35047912597656
-4133,anchor_scsn_004132,1030089,0,up,63.09608840942383
-4134,anchor_scsn_004133,1030107,0,up,172.77784729003906
-4135,anchor_scsn_004134,1030204,0,up,60.73909378051758
-4136,anchor_scsn_004135,1030686,0,up,132.51522827148438
-4137,anchor_scsn_004136,1030806,0,up,133.43714904785156
-4138,anchor_scsn_004137,1030823,0,up,223.91763305664062
-4139,anchor_scsn_004138,1030838,0,up,140.27023315429688
-4140,anchor_scsn_004139,1031597,0,up,166.08714294433594
-4141,anchor_scsn_004140,1031682,0,up,55.341888427734375
-4142,anchor_scsn_004141,1031708,0,up,628.7615356445312
-4143,anchor_scsn_004142,1031929,0,up,157.33082580566406
-4144,anchor_scsn_004143,1032192,0,up,64.90083312988281
-4145,anchor_scsn_004144,1032270,0,up,50.70957565307617
-4146,anchor_scsn_004145,1032356,0,up,79.26758575439453
-4147,anchor_scsn_004146,1032395,0,up,103.9842758178711
-4148,anchor_scsn_004147,1032453,0,up,120.02032470703125
-4149,anchor_scsn_004148,1032490,0,up,526.8416748046875
-4150,anchor_scsn_004149,1033157,0,up,65.05167388916016
-4151,anchor_scsn_004150,1033553,0,up,144.8118133544922
-4152,anchor_scsn_004151,1034025,0,up,138.75462341308594
-4153,anchor_scsn_004152,1034337,0,up,305.18743896484375
-4154,anchor_scsn_004153,1034555,0,up,74.61683654785156
-4155,anchor_scsn_004154,1034650,0,up,371.25396728515625
-4156,anchor_scsn_004155,1035007,0,up,68.36465454101562
-4157,anchor_scsn_004156,1035009,0,up,81.82886505126953
-4158,anchor_scsn_004157,1035413,0,up,134.93955993652344
-4159,anchor_scsn_004158,1035513,0,up,68.23448944091797
-4160,anchor_scsn_004159,1035523,0,up,153.17039489746094
-4161,anchor_scsn_004160,1035544,0,up,123.05653381347656
-4162,anchor_scsn_004161,1035585,0,up,57.67421340942383
-4163,anchor_scsn_004162,1035700,0,up,629.4353637695312
-4164,anchor_scsn_004163,1036191,0,up,51.09701156616211
-4165,anchor_scsn_004164,1036748,0,up,72.5759506225586
-4166,anchor_scsn_004165,1037105,0,up,57.63265609741211
-4167,anchor_scsn_004166,1037165,0,up,171.89356994628906
-4168,anchor_scsn_004167,1037474,0,up,119.76140594482422
-4169,anchor_scsn_004168,1037715,0,up,79.21102142333984
-4170,anchor_scsn_004169,1038124,0,up,140.7446746826172
-4171,anchor_scsn_004170,1038278,0,up,99.61485290527344
-4172,anchor_scsn_004171,1038397,0,up,258.2691955566406
-4173,anchor_scsn_004172,1038554,0,up,57.67247772216797
-4174,anchor_scsn_004173,1038620,0,up,273.46734619140625
-4175,anchor_scsn_004174,1038691,0,up,139.7716827392578
-4176,anchor_scsn_004175,1039565,0,up,131.08741760253906
-4177,anchor_scsn_004176,1039775,0,up,73.97915649414062
-4178,anchor_scsn_004177,1040009,0,up,74.67298126220703
-4179,anchor_scsn_004178,1040181,0,up,52.128292083740234
-4180,anchor_scsn_004179,1041220,0,up,72.81566619873047
-4181,anchor_scsn_004180,1041294,0,up,75.33251953125
-4182,anchor_scsn_004181,1041519,0,up,258.5567626953125
-4183,anchor_scsn_004182,1041610,0,up,98.19039154052734
-4184,anchor_scsn_004183,1041698,0,up,215.63113403320312
-4185,anchor_scsn_004184,1041738,0,up,314.6435852050781
-4186,anchor_scsn_004185,1042026,0,up,307.83892822265625
-4187,anchor_scsn_004186,1042656,0,up,210.734375
-4188,anchor_scsn_004187,1042832,0,up,70.75102233886719
-4189,anchor_scsn_004188,1042868,0,up,84.02163696289062
-4190,anchor_scsn_004189,1043751,0,up,194.47377014160156
-4191,anchor_scsn_004190,1043769,0,up,90.0308837890625
-4192,anchor_scsn_004191,1043820,0,up,572.4808349609375
-4193,anchor_scsn_004192,1044166,0,up,76.7903823852539
-4194,anchor_scsn_004193,1044371,0,up,92.72843170166016
-4195,anchor_scsn_004194,1044423,0,up,88.25941467285156
-4196,anchor_scsn_004195,1045097,0,up,68.10941314697266
-4197,anchor_scsn_004196,1045218,0,up,108.37268829345703
-4198,anchor_scsn_004197,1045305,0,up,747.3316040039062
-4199,anchor_scsn_004198,1045314,0,up,128.05335998535156
-4200,anchor_scsn_004199,1045603,0,up,232.55996704101562
-4201,anchor_scsn_004200,1045842,0,up,65.53022003173828
-4202,anchor_scsn_004201,1046534,0,up,85.03883361816406
-4203,anchor_scsn_004202,1047075,0,up,385.9573059082031
-4204,anchor_scsn_004203,1047092,0,up,128.05397033691406
-4205,anchor_scsn_004204,1047447,0,up,70.89485168457031
-4206,anchor_scsn_004205,1047528,0,up,73.4017562866211
-4207,anchor_scsn_004206,1047578,0,up,63.80644989013672
-4208,anchor_scsn_004207,1047666,0,up,156.30563354492188
-4209,anchor_scsn_004208,1047749,0,up,62.09749221801758
-4210,anchor_scsn_004209,1047970,0,up,62.31079864501953
-4211,anchor_scsn_004210,1048020,0,up,237.75173950195312
-4212,anchor_scsn_004211,1048076,0,up,107.0445327758789
-4213,anchor_scsn_004212,1048342,0,up,58.72004699707031
-4214,anchor_scsn_004213,1048365,0,up,141.6617889404297
-4215,anchor_scsn_004214,1048505,0,up,116.82941436767578
-4216,anchor_scsn_004215,1049078,0,up,136.4862060546875
-4217,anchor_scsn_004216,1049210,0,up,86.90900421142578
-4218,anchor_scsn_004217,1049414,0,up,80.12506103515625
-4219,anchor_scsn_004218,1049958,0,up,81.45711517333984
-4220,anchor_scsn_004219,1050283,0,up,56.820350646972656
-4221,anchor_scsn_004220,1050356,0,up,101.17607116699219
-4222,anchor_scsn_004221,1050491,0,up,63.93860626220703
-4223,anchor_scsn_004222,1050492,0,up,82.47044372558594
-4224,anchor_scsn_004223,1050662,0,up,124.5680923461914
-4225,anchor_scsn_004224,1050783,0,up,175.17617797851562
-4226,anchor_scsn_004225,1050921,0,up,52.65311813354492
-4227,anchor_scsn_004226,1051479,0,up,63.43966293334961
-4228,anchor_scsn_004227,1051620,0,up,89.72496032714844
-4229,anchor_scsn_004228,1051799,0,up,69.04988098144531
-4230,anchor_scsn_004229,1052590,0,up,99.4487533569336
-4231,anchor_scsn_004230,1052618,0,up,93.89750671386719
-4232,anchor_scsn_004231,1052621,0,up,60.332523345947266
-4233,anchor_scsn_004232,1052987,0,up,60.737674713134766
-4234,anchor_scsn_004233,1053255,0,up,211.3567657470703
-4235,anchor_scsn_004234,1053666,0,up,63.27461242675781
-4236,anchor_scsn_004235,1053933,0,up,54.69778060913086
-4237,anchor_scsn_004236,1053953,0,up,66.91206359863281
-4238,anchor_scsn_004237,1054571,0,up,131.39263916015625
-4239,anchor_scsn_004238,1054658,0,up,280.37274169921875
-4240,anchor_scsn_004239,1055139,0,up,82.65165710449219
-4241,anchor_scsn_004240,1055217,0,up,91.7837142944336
-4242,anchor_scsn_004241,1055294,0,up,450.54449462890625
-4243,anchor_scsn_004242,1055419,0,up,52.4607048034668
-4244,anchor_scsn_004243,1056107,0,up,85.56769561767578
-4245,anchor_scsn_004244,1056180,0,up,150.75877380371094
-4246,anchor_scsn_004245,1056289,0,up,193.47024536132812
-4247,anchor_scsn_004246,1056800,0,up,735.1612548828125
-4248,anchor_scsn_004247,1056879,0,up,73.13838195800781
-4249,anchor_scsn_004248,1057331,0,up,887.7172241210938
-4250,anchor_scsn_004249,1057650,0,up,92.2115478515625
-4251,anchor_scsn_004250,1057695,0,up,79.60865020751953
-4252,anchor_scsn_004251,1058010,0,up,55.161598205566406
-4253,anchor_scsn_004252,1058191,0,up,99.8923110961914
-4254,anchor_scsn_004253,1058668,0,up,53.703147888183594
-4255,anchor_scsn_004254,1059565,0,up,81.24594116210938
-4256,anchor_scsn_004255,1060412,0,up,53.62106704711914
-4257,anchor_scsn_004256,1060914,0,up,244.1071014404297
-4258,anchor_scsn_004257,1061358,0,up,164.83628845214844
-4259,anchor_scsn_004258,1061397,0,up,78.53223419189453
-4260,anchor_scsn_004259,1061460,0,up,111.10707092285156
-4261,anchor_scsn_004260,1061875,0,up,194.72216796875
-4262,anchor_scsn_004261,1061936,0,up,68.76587677001953
-4263,anchor_scsn_004262,1062334,0,up,104.79705810546875
-4264,anchor_scsn_004263,1062521,0,up,89.2268295288086
-4265,anchor_scsn_004264,1062639,0,up,237.0911102294922
-4266,anchor_scsn_004265,1062994,0,up,94.96492767333984
-4267,anchor_scsn_004266,1063229,0,up,58.636558532714844
-4268,anchor_scsn_004267,1063297,0,up,99.604736328125
-4269,anchor_scsn_004268,1063664,0,up,110.51317596435547
-4270,anchor_scsn_004269,1063670,0,up,50.77507019042969
-4271,anchor_scsn_004270,1063930,0,up,58.087894439697266
-4272,anchor_scsn_004271,1064010,0,up,57.867889404296875
-4273,anchor_scsn_004272,1064121,0,up,144.11932373046875
-4274,anchor_scsn_004273,1064381,0,up,56.87117004394531
-4275,anchor_scsn_004274,1064434,0,up,64.82014465332031
-4276,anchor_scsn_004275,1064775,0,up,57.18906021118164
-4277,anchor_scsn_004276,1065064,0,up,201.55429077148438
-4278,anchor_scsn_004277,1065119,0,up,159.54856872558594
-4279,anchor_scsn_004278,1065211,0,up,78.6546401977539
-4280,anchor_scsn_004279,1065475,0,up,219.81967163085938
-4281,anchor_scsn_004280,1065562,0,up,182.064697265625
-4282,anchor_scsn_004281,1065813,0,up,196.88717651367188
-4283,anchor_scsn_004282,1066504,0,up,182.0968017578125
-4284,anchor_scsn_004283,1066643,0,up,84.90773010253906
-4285,anchor_scsn_004284,1066648,0,up,63.539649963378906
-4286,anchor_scsn_004285,1066657,0,up,74.64820098876953
-4287,anchor_scsn_004286,1066731,0,up,69.44104766845703
-4288,anchor_scsn_004287,1066786,0,up,241.28802490234375
-4289,anchor_scsn_004288,1066833,0,up,62.64454650878906
-4290,anchor_scsn_004289,1067380,0,up,75.01348876953125
-4291,anchor_scsn_004290,1067878,0,up,56.72156524658203
-4292,anchor_scsn_004291,1068240,0,up,50.43962860107422
-4293,anchor_scsn_004292,1068920,0,up,238.91671752929688
-4294,anchor_scsn_004293,1069547,0,up,169.0503692626953
-4295,anchor_scsn_004294,1069822,0,up,133.62216186523438
-4296,anchor_scsn_004295,1070177,0,up,317.227783203125
-4297,anchor_scsn_004296,1070277,0,up,337.9329833984375
-4298,anchor_scsn_004297,1070943,0,up,105.82457733154297
-4299,anchor_scsn_004298,1071299,0,up,266.5724792480469
-4300,anchor_scsn_004299,1071595,0,up,89.1533432006836
-4301,anchor_scsn_004300,1071782,0,up,56.58758544921875
-4302,anchor_scsn_004301,1071840,0,up,62.20143508911133
-4303,anchor_scsn_004302,1072060,0,up,60.57064437866211
-4304,anchor_scsn_004303,1072448,0,up,211.27053833007812
-4305,anchor_scsn_004304,1072691,0,up,362.6232604980469
-4306,anchor_scsn_004305,1073278,0,up,66.20557403564453
-4307,anchor_scsn_004306,1073333,0,up,71.35673522949219
-4308,anchor_scsn_004307,1074096,0,up,52.08318328857422
-4309,anchor_scsn_004308,1074708,0,up,61.17881393432617
-4310,anchor_scsn_004309,1075499,0,up,94.2867660522461
-4311,anchor_scsn_004310,1075930,0,up,51.992130279541016
-4312,anchor_scsn_004311,1076149,0,up,78.14879608154297
-4313,anchor_scsn_004312,1076525,0,up,155.48629760742188
-4314,anchor_scsn_004313,1076739,0,up,108.22457885742188
-4315,anchor_scsn_004314,1076878,0,up,74.99998474121094
-4316,anchor_scsn_004315,1076949,0,up,121.02574920654297
-4317,anchor_scsn_004316,1077249,0,up,105.25260925292969
-4318,anchor_scsn_004317,1077491,0,up,56.33512496948242
-4319,anchor_scsn_004318,1077885,0,up,85.11056518554688
-4320,anchor_scsn_004319,1078920,0,up,194.10269165039062
-4321,anchor_scsn_004320,1078933,0,up,99.52497100830078
-4322,anchor_scsn_004321,1079159,0,up,175.5944366455078
-4323,anchor_scsn_004322,1079833,0,up,147.11737060546875
-4324,anchor_scsn_004323,1079867,0,up,376.8113098144531
-4325,anchor_scsn_004324,1080382,0,up,58.151554107666016
-4326,anchor_scsn_004325,1080412,0,up,208.24029541015625
-4327,anchor_scsn_004326,1081129,0,up,54.818748474121094
-4328,anchor_scsn_004327,1081407,0,up,54.65593719482422
-4329,anchor_scsn_004328,1081446,0,up,106.95928192138672
-4330,anchor_scsn_004329,1081493,0,up,58.72208023071289
-4331,anchor_scsn_004330,1081807,0,up,129.19874572753906
-4332,anchor_scsn_004331,1082133,0,up,117.33175659179688
-4333,anchor_scsn_004332,1082963,0,up,55.9024772644043
-4334,anchor_scsn_004333,1083150,0,up,132.73873901367188
-4335,anchor_scsn_004334,1084239,0,up,267.225341796875
-4336,anchor_scsn_004335,1084276,0,up,170.22044372558594
-4337,anchor_scsn_004336,1084344,0,up,68.95860290527344
-4338,anchor_scsn_004337,1084404,0,up,213.51248168945312
-4339,anchor_scsn_004338,1084585,0,up,66.26289367675781
-4340,anchor_scsn_004339,1084936,0,up,423.9939880371094
-4341,anchor_scsn_004340,1085061,0,up,213.8582305908203
-4342,anchor_scsn_004341,1085382,0,up,62.04054260253906
-4343,anchor_scsn_004342,1085415,0,up,71.14095306396484
-4344,anchor_scsn_004343,1085560,0,up,122.56515502929688
-4345,anchor_scsn_004344,1085646,0,up,88.253173828125
-4346,anchor_scsn_004345,1085790,0,up,51.0672607421875
-4347,anchor_scsn_004346,1085840,0,up,68.28239440917969
-4348,anchor_scsn_004347,1086155,0,up,94.04235076904297
-4349,anchor_scsn_004348,1086368,0,up,177.69004821777344
-4350,anchor_scsn_004349,1086460,0,up,73.71247863769531
-4351,anchor_scsn_004350,1087121,0,up,59.70860290527344
-4352,anchor_scsn_004351,1088243,0,up,163.54843139648438
-4353,anchor_scsn_004352,1088796,0,up,84.66160583496094
-4354,anchor_scsn_004353,1088940,0,up,59.52396011352539
-4355,anchor_scsn_004354,1089021,0,up,66.96856689453125
-4356,anchor_scsn_004355,1089440,0,up,78.47183990478516
-4357,anchor_scsn_004356,1089518,0,up,74.79334259033203
-4358,anchor_scsn_004357,1089756,0,up,121.29731750488281
-4359,anchor_scsn_004358,1089775,0,up,310.90203857421875
-4360,anchor_scsn_004359,1089803,0,up,129.93914794921875
-4361,anchor_scsn_004360,1090012,0,up,70.19371032714844
-4362,anchor_scsn_004361,1090083,0,up,65.88465881347656
-4363,anchor_scsn_004362,1090289,0,up,264.837890625
-4364,anchor_scsn_004363,1090449,0,up,163.30941772460938
-4365,anchor_scsn_004364,1091278,0,up,124.04120635986328
-4366,anchor_scsn_004365,1091294,0,up,70.45646667480469
-4367,anchor_scsn_004366,1091841,0,up,54.497467041015625
-4368,anchor_scsn_004367,1092596,0,up,50.927330017089844
-4369,anchor_scsn_004368,1092793,0,up,64.18245697021484
-4370,anchor_scsn_004369,1093344,0,up,721.4459228515625
-4371,anchor_scsn_004370,1093664,0,up,58.18015670776367
-4372,anchor_scsn_004371,1094141,0,up,65.8788833618164
-4373,anchor_scsn_004372,1094258,0,up,133.950439453125
-4374,anchor_scsn_004373,1094781,0,up,134.3007354736328
-4375,anchor_scsn_004374,1096175,0,up,52.43230056762695
-4376,anchor_scsn_004375,1096630,0,up,124.37281799316406
-4377,anchor_scsn_004376,1097270,0,up,87.96728515625
-4378,anchor_scsn_004377,1098885,0,up,186.66690063476562
-4379,anchor_scsn_004378,1098981,0,up,63.13756561279297
-4380,anchor_scsn_004379,1099122,0,up,80.96524810791016
-4381,anchor_scsn_004380,1099341,0,up,61.509552001953125
-4382,anchor_scsn_004381,1099378,0,up,90.30133819580078
-4383,anchor_scsn_004382,1099954,0,up,108.10848999023438
-4384,anchor_scsn_004383,1100302,0,up,99.01126098632812
-4385,anchor_scsn_004384,1100760,0,up,69.25938415527344
-4386,anchor_scsn_004385,1100793,0,up,52.283912658691406
-4387,anchor_scsn_004386,1100981,0,up,72.70104217529297
-4388,anchor_scsn_004387,1101039,0,up,82.6053237915039
-4389,anchor_scsn_004388,1101535,0,up,518.9847412109375
-4390,anchor_scsn_004389,1101582,0,up,56.752830505371094
-4391,anchor_scsn_004390,1101590,0,up,212.68612670898438
-4392,anchor_scsn_004391,1101815,0,up,54.636959075927734
-4393,anchor_scsn_004392,1101890,0,up,290.8905944824219
-4394,anchor_scsn_004393,1101908,0,up,194.46408081054688
-4395,anchor_scsn_004394,1101971,0,up,256.5572509765625
-4396,anchor_scsn_004395,1102009,0,up,92.29688262939453
-4397,anchor_scsn_004396,1102182,0,up,85.59221649169922
-4398,anchor_scsn_004397,1102499,0,up,58.09937286376953
-4399,anchor_scsn_004398,1102515,0,up,61.641883850097656
-4400,anchor_scsn_004399,1102533,0,up,112.93012237548828
-4401,anchor_scsn_004400,1102779,0,up,99.24934387207031
-4402,anchor_scsn_004401,1103895,0,up,69.2279281616211
-4403,anchor_scsn_004402,1103949,0,up,116.3777847290039
-4404,anchor_scsn_004403,1103955,0,up,195.0345001220703
-4405,anchor_scsn_004404,1104051,0,up,72.19972229003906
-4406,anchor_scsn_004405,1104663,0,up,419.7242736816406
-4407,anchor_scsn_004406,1104824,0,up,96.70538330078125
-4408,anchor_scsn_004407,1105052,0,up,309.07305908203125
-4409,anchor_scsn_004408,1105328,0,up,242.68115234375
-4410,anchor_scsn_004409,1105818,0,up,51.346378326416016
-4411,anchor_scsn_004410,1106070,0,up,53.76942825317383
-4412,anchor_scsn_004411,1106112,0,up,416.43438720703125
-4413,anchor_scsn_004412,1106130,0,up,276.68572998046875
-4414,anchor_scsn_004413,1106236,0,up,312.7459716796875
-4415,anchor_scsn_004414,1106530,0,up,152.5980682373047
-4416,anchor_scsn_004415,1106776,0,up,98.69917297363281
-4417,anchor_scsn_004416,1107080,0,up,63.29438781738281
-4418,anchor_scsn_004417,1107231,0,up,113.9927978515625
-4419,anchor_scsn_004418,1107370,0,up,68.53804016113281
-4420,anchor_scsn_004419,1107480,0,up,51.45787048339844
-4421,anchor_scsn_004420,1107712,0,up,97.03413391113281
-4422,anchor_scsn_004421,1107975,0,up,190.03582763671875
-4423,anchor_scsn_004422,1107991,0,up,56.455631256103516
-4424,anchor_scsn_004423,1108384,0,up,60.44957733154297
-4425,anchor_scsn_004424,1108446,0,up,182.0520782470703
-4426,anchor_scsn_004425,1108466,0,up,195.72024536132812
-4427,anchor_scsn_004426,1109342,0,up,132.5533905029297
-4428,anchor_scsn_004427,1109418,0,up,74.9140396118164
-4429,anchor_scsn_004428,1109433,0,up,556.1973876953125
-4430,anchor_scsn_004429,1109543,0,up,87.29735565185547
-4431,anchor_scsn_004430,1110351,0,up,107.86019897460938
-4432,anchor_scsn_004431,1110520,0,up,59.728904724121094
-4433,anchor_scsn_004432,1110633,0,up,58.81262969970703
-4434,anchor_scsn_004433,1110675,0,up,101.64837646484375
-4435,anchor_scsn_004434,1111027,0,up,69.9351577758789
-4436,anchor_scsn_004435,1111459,0,up,133.84942626953125
-4437,anchor_scsn_004436,1111593,0,up,120.29546356201172
-4438,anchor_scsn_004437,1111811,0,up,50.12648010253906
-4439,anchor_scsn_004438,1112703,0,up,124.80525207519531
-4440,anchor_scsn_004439,1112805,0,up,131.45277404785156
-4441,anchor_scsn_004440,1112927,0,up,58.76390838623047
-4442,anchor_scsn_004441,1113059,0,up,106.33843994140625
-4443,anchor_scsn_004442,1113209,0,up,189.56072998046875
-4444,anchor_scsn_004443,1113498,0,up,53.664302825927734
-4445,anchor_scsn_004444,1113532,0,up,180.3424835205078
-4446,anchor_scsn_004445,1113693,0,up,174.05223083496094
-4447,anchor_scsn_004446,1113986,0,up,173.32882690429688
-4448,anchor_scsn_004447,1114236,0,up,143.54733276367188
-4449,anchor_scsn_004448,1114263,0,up,53.216373443603516
-4450,anchor_scsn_004449,1114674,0,up,78.9781494140625
-4451,anchor_scsn_004450,1114751,0,up,73.26549530029297
-4452,anchor_scsn_004451,1115290,0,up,245.05841064453125
-4453,anchor_scsn_004452,1115397,0,up,245.36581420898438
-4454,anchor_scsn_004453,1115623,0,up,51.7264404296875
-4455,anchor_scsn_004454,1115930,0,up,129.12469482421875
-4456,anchor_scsn_004455,1116299,0,up,51.36915969848633
-4457,anchor_scsn_004456,1116435,0,up,61.45439910888672
-4458,anchor_scsn_004457,1116519,0,up,56.917789459228516
-4459,anchor_scsn_004458,1116657,0,up,58.97420883178711
-4460,anchor_scsn_004459,1116882,0,up,147.56765747070312
-4461,anchor_scsn_004460,1117028,0,up,62.31938171386719
-4462,anchor_scsn_004461,1117449,0,up,152.385009765625
-4463,anchor_scsn_004462,1117539,0,up,104.60262298583984
-4464,anchor_scsn_004463,1118151,0,up,154.44496154785156
-4465,anchor_scsn_004464,1118317,0,up,62.10225296020508
-4466,anchor_scsn_004465,1118321,0,up,68.18415069580078
-4467,anchor_scsn_004466,1118491,0,up,56.97527313232422
-4468,anchor_scsn_004467,1118638,0,up,97.8155746459961
-4469,anchor_scsn_004468,1119175,0,up,102.11442565917969
-4470,anchor_scsn_004469,1119324,0,up,155.1832733154297
-4471,anchor_scsn_004470,1119795,0,up,104.28889465332031
-4472,anchor_scsn_004471,1120361,0,up,97.40380096435547
-4473,anchor_scsn_004472,1120383,0,up,86.85529327392578
-4474,anchor_scsn_004473,1120555,0,up,123.48123168945312
-4475,anchor_scsn_004474,1121029,0,up,107.01161193847656
-4476,anchor_scsn_004475,1121609,0,up,70.05791473388672
-4477,anchor_scsn_004476,1121840,0,up,119.75840759277344
-4478,anchor_scsn_004477,1122206,0,up,51.36872863769531
-4479,anchor_scsn_004478,1122224,0,up,111.51700592041016
-4480,anchor_scsn_004479,1122705,0,up,236.7403564453125
-4481,anchor_scsn_004480,1123002,0,up,68.7772445678711
-4482,anchor_scsn_004481,1123083,0,up,60.68097686767578
-4483,anchor_scsn_004482,1123095,0,up,59.046199798583984
-4484,anchor_scsn_004483,1123129,0,up,84.53187561035156
-4485,anchor_scsn_004484,1123238,0,up,61.736995697021484
-4486,anchor_scsn_004485,1123574,0,up,73.15470886230469
-4487,anchor_scsn_004486,1124107,0,up,85.63910675048828
-4488,anchor_scsn_004487,1124115,0,up,59.71659851074219
-4489,anchor_scsn_004488,1124178,0,up,501.0959167480469
-4490,anchor_scsn_004489,1124258,0,up,70.11822509765625
-4491,anchor_scsn_004490,1124307,0,up,76.62718200683594
-4492,anchor_scsn_004491,1124654,0,up,66.5616683959961
-4493,anchor_scsn_004492,1124677,0,up,188.73797607421875
-4494,anchor_scsn_004493,1124745,0,up,66.46277618408203
-4495,anchor_scsn_004494,1124931,0,up,74.80442810058594
-4496,anchor_scsn_004495,1125468,0,up,70.85523986816406
-4497,anchor_scsn_004496,1125482,0,up,279.0216369628906
-4498,anchor_scsn_004497,1125974,0,up,233.69253540039062
-4499,anchor_scsn_004498,1126374,0,up,63.5333366394043
-4500,anchor_scsn_004499,1126386,0,up,339.56512451171875
-4501,anchor_scsn_004500,1126550,0,up,73.37015533447266
-4502,anchor_scsn_004501,1126686,0,up,79.57867431640625
-4503,anchor_scsn_004502,1126871,0,up,157.5374755859375
-4504,anchor_scsn_004503,1127111,0,up,77.72364044189453
-4505,anchor_scsn_004504,1127141,0,up,111.4854507446289
-4506,anchor_scsn_004505,1127208,0,up,67.88114166259766
-4507,anchor_scsn_004506,1127504,0,up,84.521240234375
-4508,anchor_scsn_004507,1127576,0,up,213.7975311279297
-4509,anchor_scsn_004508,1127579,0,up,95.87715148925781
-4510,anchor_scsn_004509,1128543,0,up,853.8677368164062
-4511,anchor_scsn_004510,1128874,0,up,270.5465393066406
-4512,anchor_scsn_004511,1129732,0,up,59.8141975402832
-4513,anchor_scsn_004512,1129980,0,up,143.3919219970703
-4514,anchor_scsn_004513,1130123,0,up,153.78811645507812
-4515,anchor_scsn_004514,1130156,0,up,65.04573822021484
-4516,anchor_scsn_004515,1130245,0,up,194.66510009765625
-4517,anchor_scsn_004516,1130407,0,up,134.8513641357422
-4518,anchor_scsn_004517,1130412,0,up,136.2035369873047
-4519,anchor_scsn_004518,1130423,0,up,53.32612991333008
-4520,anchor_scsn_004519,1130451,0,up,325.687744140625
-4521,anchor_scsn_004520,1130646,0,up,99.00218963623047
-4522,anchor_scsn_004521,1130829,0,up,75.15138244628906
-4523,anchor_scsn_004522,1131437,0,up,52.66698455810547
-4524,anchor_scsn_004523,1131454,0,up,55.69676971435547
-4525,anchor_scsn_004524,1131465,0,up,202.91732788085938
-4526,anchor_scsn_004525,1131510,0,up,721.75634765625
-4527,anchor_scsn_004526,1131533,0,up,353.5092468261719
-4528,anchor_scsn_004527,1132218,0,up,63.35865783691406
-4529,anchor_scsn_004528,1132731,0,up,256.4382019042969
-4530,anchor_scsn_004529,1133204,0,up,87.12841033935547
-4531,anchor_scsn_004530,1133456,0,up,83.0906753540039
-4532,anchor_scsn_004531,1133504,0,up,73.33634185791016
-4533,anchor_scsn_004532,1133545,0,up,50.18620681762695
-4534,anchor_scsn_004533,1133852,0,up,96.3204116821289
-4535,anchor_scsn_004534,1133927,0,up,198.3400115966797
-4536,anchor_scsn_004535,1133951,0,up,120.23650360107422
-4537,anchor_scsn_004536,1134083,0,up,60.39337158203125
-4538,anchor_scsn_004537,1134286,0,up,92.15470123291016
-4539,anchor_scsn_004538,1134402,0,up,192.12298583984375
-4540,anchor_scsn_004539,1134571,0,up,56.51542663574219
-4541,anchor_scsn_004540,1134894,0,up,52.350914001464844
-4542,anchor_scsn_004541,1134968,0,up,158.7322235107422
-4543,anchor_scsn_004542,1135206,0,up,271.7449951171875
-4544,anchor_scsn_004543,1136253,0,up,126.42252349853516
-4545,anchor_scsn_004544,1136337,0,up,185.5668487548828
-4546,anchor_scsn_004545,1136385,0,up,162.07005310058594
-4547,anchor_scsn_004546,1136390,0,up,339.2111511230469
-4548,anchor_scsn_004547,1136504,0,up,65.1482162475586
-4549,anchor_scsn_004548,1137047,0,up,267.52410888671875
-4550,anchor_scsn_004549,1137169,0,up,143.60227966308594
-4551,anchor_scsn_004550,1137493,0,up,134.73196411132812
-4552,anchor_scsn_004551,1137504,0,up,58.15995788574219
-4553,anchor_scsn_004552,1138015,0,up,64.65089416503906
-4554,anchor_scsn_004553,1138336,0,up,67.22810363769531
-4555,anchor_scsn_004554,1138515,0,up,96.31444549560547
-4556,anchor_scsn_004555,1138922,0,up,58.90741729736328
-4557,anchor_scsn_004556,1138945,0,up,84.97013092041016
-4558,anchor_scsn_004557,1139050,0,up,72.10747528076172
-4559,anchor_scsn_004558,1139544,0,up,84.05377960205078
-4560,anchor_scsn_004559,1139572,0,up,116.06877136230469
-4561,anchor_scsn_004560,1139771,0,up,77.9415054321289
-4562,anchor_scsn_004561,1140054,0,up,439.57916259765625
-4563,anchor_scsn_004562,1140545,0,up,183.34417724609375
-4564,anchor_scsn_004563,1140554,0,up,75.9875717163086
-4565,anchor_scsn_004564,1140950,0,up,103.56049346923828
-4566,anchor_scsn_004565,1141115,0,up,83.63677978515625
-4567,anchor_scsn_004566,1141173,0,up,85.99166870117188
-4568,anchor_scsn_004567,1141569,0,up,58.718544006347656
-4569,anchor_scsn_004568,1142210,0,up,88.78677368164062
-4570,anchor_scsn_004569,1143016,0,up,73.58160400390625
-4571,anchor_scsn_004570,1143225,0,up,62.004032135009766
-4572,anchor_scsn_004571,1143366,0,up,71.31966400146484
-4573,anchor_scsn_004572,1143420,0,up,136.19171142578125
-4574,anchor_scsn_004573,1143686,0,up,65.31123352050781
-4575,anchor_scsn_004574,1144327,0,up,54.0678825378418
-4576,anchor_scsn_004575,1144576,0,up,149.17877197265625
-4577,anchor_scsn_004576,1144838,0,up,56.68233108520508
-4578,anchor_scsn_004577,1145072,0,up,55.38507080078125
-4579,anchor_scsn_004578,1145175,0,up,89.12327575683594
-4580,anchor_scsn_004579,1145396,0,up,230.37413024902344
-4581,anchor_scsn_004580,1145518,0,up,55.269927978515625
-4582,anchor_scsn_004581,1145984,0,up,97.76072692871094
-4583,anchor_scsn_004582,1146134,0,up,240.66246032714844
-4584,anchor_scsn_004583,1146159,0,up,54.0956916809082
-4585,anchor_scsn_004584,1146308,0,up,76.83479309082031
-4586,anchor_scsn_004585,1146355,0,up,672.2113647460938
-4587,anchor_scsn_004586,1146372,0,up,154.41107177734375
-4588,anchor_scsn_004587,1147011,0,up,59.03741455078125
-4589,anchor_scsn_004588,1147744,0,up,66.62046813964844
-4590,anchor_scsn_004589,1147826,0,up,59.6829833984375
-4591,anchor_scsn_004590,1147966,0,up,616.3653564453125
-4592,anchor_scsn_004591,1148280,0,up,63.28118133544922
-4593,anchor_scsn_004592,1148471,0,up,57.299400329589844
-4594,anchor_scsn_004593,1148876,0,up,205.05303955078125
-4595,anchor_scsn_004594,1149092,0,up,74.93292999267578
-4596,anchor_scsn_004595,1149151,0,up,268.41021728515625
-4597,anchor_scsn_004596,1149152,0,up,97.17837524414062
-4598,anchor_scsn_004597,1149342,0,up,62.27793502807617
-4599,anchor_scsn_004598,1149482,0,up,91.81327056884766
-4600,anchor_scsn_004599,1149503,0,up,398.6969909667969
-4601,anchor_scsn_004600,1149724,0,up,166.29246520996094
-4602,anchor_scsn_004601,1149926,0,up,62.559486389160156
-4603,anchor_scsn_004602,1150113,0,up,70.14053344726562
-4604,anchor_scsn_004603,1150291,0,up,65.91313934326172
-4605,anchor_scsn_004604,1150404,0,up,56.14165115356445
-4606,anchor_scsn_004605,1150468,0,up,405.6087951660156
-4607,anchor_scsn_004606,1151197,0,up,70.08756256103516
-4608,anchor_scsn_004607,1151508,0,up,97.36079406738281
-4609,anchor_scsn_004608,1151652,0,up,596.8271484375
-4610,anchor_scsn_004609,1151742,0,up,84.00343322753906
-4611,anchor_scsn_004610,1151817,0,up,265.62811279296875
-4612,anchor_scsn_004611,1152367,0,up,70.06745910644531
-4613,anchor_scsn_004612,1152510,0,up,52.15765380859375
-4614,anchor_scsn_004613,1153269,0,up,151.03707885742188
-4615,anchor_scsn_004614,1153321,0,up,606.8473510742188
-4616,anchor_scsn_004615,1153981,0,up,56.21826934814453
-4617,anchor_scsn_004616,1153992,0,up,74.06568145751953
-4618,anchor_scsn_004617,1154068,0,up,76.50859832763672
-4619,anchor_scsn_004618,1154370,0,up,75.95862579345703
-4620,anchor_scsn_004619,1154735,0,up,367.0517272949219
-4621,anchor_scsn_004620,1155541,0,up,197.38844299316406
-4622,anchor_scsn_004621,1156419,0,up,82.35665130615234
-4623,anchor_scsn_004622,1156613,0,up,104.1864013671875
-4624,anchor_scsn_004623,1156627,0,up,140.26437377929688
-4625,anchor_scsn_004624,1156900,0,up,50.564510345458984
-4626,anchor_scsn_004625,1157074,0,up,228.02499389648438
-4627,anchor_scsn_004626,1157076,0,up,179.85267639160156
-4628,anchor_scsn_004627,1157165,0,up,93.38748931884766
-4629,anchor_scsn_004628,1157174,0,up,70.03377532958984
-4630,anchor_scsn_004629,1157693,0,up,133.2989044189453
-4631,anchor_scsn_004630,1157764,0,up,90.47364807128906
-4632,anchor_scsn_004631,1158083,0,up,72.06522369384766
-4633,anchor_scsn_004632,1158205,0,up,131.44873046875
-4634,anchor_scsn_004633,1158357,0,up,60.41006851196289
-4635,anchor_scsn_004634,1158413,0,up,111.77176666259766
-4636,anchor_scsn_004635,1158837,0,up,143.853271484375
-4637,anchor_scsn_004636,1158958,0,up,153.3349609375
-4638,anchor_scsn_004637,1159050,0,up,109.41397094726562
-4639,anchor_scsn_004638,1159099,0,up,99.3044662475586
-4640,anchor_scsn_004639,1159213,0,up,52.21879577636719
-4641,anchor_scsn_004640,1159703,0,up,150.45993041992188
-4642,anchor_scsn_004641,1160206,0,up,107.88556671142578
-4643,anchor_scsn_004642,1160350,0,up,125.00435638427734
-4644,anchor_scsn_004643,1160447,0,up,57.702816009521484
-4645,anchor_scsn_004644,1161358,0,up,91.28557586669922
-4646,anchor_scsn_004645,1161588,0,up,92.02644348144531
-4647,anchor_scsn_004646,1161854,0,up,96.14395904541016
-4648,anchor_scsn_004647,1161895,0,up,107.47432708740234
-4649,anchor_scsn_004648,1162331,0,up,57.2935676574707
-4650,anchor_scsn_004649,1162396,0,up,88.22050476074219
-4651,anchor_scsn_004650,1162605,0,up,112.26069641113281
-4652,anchor_scsn_004651,1162875,0,up,73.12480163574219
-4653,anchor_scsn_004652,1162924,0,up,544.8930053710938
-4654,anchor_scsn_004653,1163215,0,up,119.87657928466797
-4655,anchor_scsn_004654,1163947,0,up,73.30818176269531
-4656,anchor_scsn_004655,1164286,0,up,60.27140808105469
-4657,anchor_scsn_004656,1164736,0,up,73.03050994873047
-4658,anchor_scsn_004657,1164821,0,up,102.01075744628906
-4659,anchor_scsn_004658,1165016,0,up,72.47740173339844
-4660,anchor_scsn_004659,1165479,0,up,58.797054290771484
-4661,anchor_scsn_004660,1165558,0,up,64.4611587524414
-4662,anchor_scsn_004661,1165561,0,up,96.10980224609375
-4663,anchor_scsn_004662,1165571,0,up,179.0922393798828
-4664,anchor_scsn_004663,1165690,0,up,88.42666625976562
-4665,anchor_scsn_004664,1165927,0,up,146.67236328125
-4666,anchor_scsn_004665,1166247,0,up,133.90208435058594
-4667,anchor_scsn_004666,1166337,0,up,58.549068450927734
-4668,anchor_scsn_004667,1166475,0,up,84.772216796875
-4669,anchor_scsn_004668,1166940,0,up,60.88662338256836
-4670,anchor_scsn_004669,1167112,0,up,112.32430267333984
-4671,anchor_scsn_004670,1167145,0,up,74.14945983886719
-4672,anchor_scsn_004671,1167187,0,up,100.53462982177734
-4673,anchor_scsn_004672,1167230,0,up,143.4730682373047
-4674,anchor_scsn_004673,1167502,0,up,318.950439453125
-4675,anchor_scsn_004674,1167732,0,up,56.98187255859375
-4676,anchor_scsn_004675,1167802,0,up,110.66392517089844
-4677,anchor_scsn_004676,1168222,0,up,209.337646484375
-4678,anchor_scsn_004677,1168709,0,up,68.08258819580078
-4679,anchor_scsn_004678,1169027,0,up,280.61505126953125
-4680,anchor_scsn_004679,1169160,0,up,142.77752685546875
-4681,anchor_scsn_004680,1169473,0,up,71.59111022949219
-4682,anchor_scsn_004681,1169488,0,up,69.66554260253906
-4683,anchor_scsn_004682,1169881,0,up,145.85227966308594
-4684,anchor_scsn_004683,1170111,0,up,52.91530990600586
-4685,anchor_scsn_004684,1170117,0,up,189.49913024902344
-4686,anchor_scsn_004685,1170373,0,up,82.99740600585938
-4687,anchor_scsn_004686,1170512,0,up,67.50523376464844
-4688,anchor_scsn_004687,1170704,0,up,136.43252563476562
-4689,anchor_scsn_004688,1170776,0,up,62.48885726928711
-4690,anchor_scsn_004689,1170952,0,up,120.78469848632812
-4691,anchor_scsn_004690,1171173,0,up,169.17227172851562
-4692,anchor_scsn_004691,1171404,0,up,94.72648620605469
-4693,anchor_scsn_004692,1171453,0,up,60.354087829589844
-4694,anchor_scsn_004693,1171536,0,up,62.815303802490234
-4695,anchor_scsn_004694,1171712,0,up,78.59185028076172
-4696,anchor_scsn_004695,1171831,0,up,116.21875
-4697,anchor_scsn_004696,1171995,0,up,78.42781066894531
-4698,anchor_scsn_004697,1172140,0,up,111.84012603759766
-4699,anchor_scsn_004698,1172199,0,up,186.6571044921875
-4700,anchor_scsn_004699,1172824,0,up,181.52618408203125
-4701,anchor_scsn_004700,1173251,0,up,69.83424377441406
-4702,anchor_scsn_004701,1173764,0,up,119.37013244628906
-4703,anchor_scsn_004702,1174234,0,up,76.4062271118164
-4704,anchor_scsn_004703,1174303,0,up,52.668174743652344
-4705,anchor_scsn_004704,1174402,0,up,87.84686279296875
-4706,anchor_scsn_004705,1174426,0,up,135.83682250976562
-4707,anchor_scsn_004706,1174515,0,up,76.84497833251953
-4708,anchor_scsn_004707,1175094,0,up,65.38969421386719
-4709,anchor_scsn_004708,1175377,0,up,189.1671600341797
-4710,anchor_scsn_004709,1175440,0,up,72.53976440429688
-4711,anchor_scsn_004710,1175448,0,up,82.94967651367188
-4712,anchor_scsn_004711,1175685,0,up,82.26347351074219
-4713,anchor_scsn_004712,1176071,0,up,238.99404907226562
-4714,anchor_scsn_004713,1176348,0,up,81.56356811523438
-4715,anchor_scsn_004714,1176386,0,up,71.04798889160156
-4716,anchor_scsn_004715,1176719,0,up,64.14338684082031
-4717,anchor_scsn_004716,1177059,0,up,57.21614074707031
-4718,anchor_scsn_004717,1177435,0,up,63.35472869873047
-4719,anchor_scsn_004718,1177550,0,up,141.392822265625
-4720,anchor_scsn_004719,1177696,0,up,55.31350326538086
-4721,anchor_scsn_004720,1177980,0,up,63.90935134887695
-4722,anchor_scsn_004721,1178289,0,up,69.17881774902344
-4723,anchor_scsn_004722,1178295,0,up,51.24660873413086
-4724,anchor_scsn_004723,1178334,0,up,74.26274108886719
-4725,anchor_scsn_004724,1178404,0,up,59.63856887817383
-4726,anchor_scsn_004725,1178409,0,up,276.6774597167969
-4727,anchor_scsn_004726,1178415,0,up,203.42782592773438
-4728,anchor_scsn_004727,1178556,0,up,60.51833724975586
-4729,anchor_scsn_004728,1178560,0,up,54.330745697021484
-4730,anchor_scsn_004729,1178716,0,up,274.58160400390625
-4731,anchor_scsn_004730,1178996,0,up,93.7747573852539
-4732,anchor_scsn_004731,1179421,0,up,93.8824462890625
-4733,anchor_scsn_004732,1179811,0,up,78.77684783935547
-4734,anchor_scsn_004733,1179950,0,up,68.6828842163086
-4735,anchor_scsn_004734,1180019,0,up,76.7779312133789
-4736,anchor_scsn_004735,1180709,0,up,51.05369567871094
-4737,anchor_scsn_004736,1181147,0,up,102.31295013427734
-4738,anchor_scsn_004737,1181227,0,up,190.9715118408203
-4739,anchor_scsn_004738,1181499,0,up,73.00006866455078
-4740,anchor_scsn_004739,1181875,0,up,68.33423614501953
-4741,anchor_scsn_004740,1181883,0,up,114.38169860839844
-4742,anchor_scsn_004741,1181941,0,up,87.4305419921875
-4743,anchor_scsn_004742,1182325,0,up,322.08203125
-4744,anchor_scsn_004743,1182420,0,up,73.10637664794922
-4745,anchor_scsn_004744,1182536,0,up,58.07026672363281
-4746,anchor_scsn_004745,1182920,0,up,167.5487518310547
-4747,anchor_scsn_004746,1183048,0,up,91.23799896240234
-4748,anchor_scsn_004747,1183569,0,up,509.9320373535156
-4749,anchor_scsn_004748,1183899,0,up,156.05303955078125
-4750,anchor_scsn_004749,1184254,0,up,510.750244140625
-4751,anchor_scsn_004750,1184441,0,up,61.64299011230469
-4752,anchor_scsn_004751,1184489,0,up,86.81063079833984
-4753,anchor_scsn_004752,1184615,0,up,60.418357849121094
-4754,anchor_scsn_004753,1184649,0,up,197.8110809326172
-4755,anchor_scsn_004754,1184812,0,up,57.95416259765625
-4756,anchor_scsn_004755,1185072,0,up,161.29263305664062
-4757,anchor_scsn_004756,1185314,0,up,56.34768295288086
-4758,anchor_scsn_004757,1185505,0,up,87.17742919921875
-4759,anchor_scsn_004758,1185644,0,up,135.76829528808594
-4760,anchor_scsn_004759,1186057,0,up,98.25235748291016
-4761,anchor_scsn_004760,1186238,0,up,59.07648468017578
-4762,anchor_scsn_004761,1186262,0,up,73.44454193115234
-4763,anchor_scsn_004762,1186318,0,up,65.73921203613281
-4764,anchor_scsn_004763,1186818,0,up,55.43037414550781
-4765,anchor_scsn_004764,1186905,0,up,53.14796447753906
-4766,anchor_scsn_004765,1187491,0,up,65.33792114257812
-4767,anchor_scsn_004766,1187530,0,up,52.65335464477539
-4768,anchor_scsn_004767,1187955,0,up,52.17301559448242
-4769,anchor_scsn_004768,1188175,0,up,87.52657318115234
-4770,anchor_scsn_004769,1188476,0,up,76.72866821289062
-4771,anchor_scsn_004770,1188579,0,up,74.6943588256836
-4772,anchor_scsn_004771,1188613,0,up,135.90420532226562
-4773,anchor_scsn_004772,1188625,0,up,61.075103759765625
-4774,anchor_scsn_004773,1188716,0,up,59.8210563659668
-4775,anchor_scsn_004774,1188964,0,up,58.2373046875
-4776,anchor_scsn_004775,1189142,0,up,133.4219512939453
-4777,anchor_scsn_004776,1189213,0,up,73.66773986816406
-4778,anchor_scsn_004777,1189770,0,up,57.212711334228516
-4779,anchor_scsn_004778,1189977,0,up,89.82561492919922
-4780,anchor_scsn_004779,1190502,0,up,167.3385467529297
-4781,anchor_scsn_004780,1190588,0,up,109.27387237548828
-4782,anchor_scsn_004781,1190718,0,up,169.28514099121094
-4783,anchor_scsn_004782,1191293,0,up,102.07582092285156
-4784,anchor_scsn_004783,1191426,0,up,104.62592315673828
-4785,anchor_scsn_004784,1191445,0,up,329.4422912597656
-4786,anchor_scsn_004785,1191460,0,up,408.7712707519531
-4787,anchor_scsn_004786,1192214,0,up,74.84483337402344
-4788,anchor_scsn_004787,1192463,0,up,65.6077651977539
-4789,anchor_scsn_004788,1192482,0,up,156.50103759765625
-4790,anchor_scsn_004789,1192857,0,up,259.0368347167969
-4791,anchor_scsn_004790,1192865,0,up,308.39190673828125
-4792,anchor_scsn_004791,1192983,0,up,127.65894317626953
-4793,anchor_scsn_004792,1192989,0,up,62.07291793823242
-4794,anchor_scsn_004793,1193073,0,up,85.74238586425781
-4795,anchor_scsn_004794,1193736,0,up,516.9149780273438
-4796,anchor_scsn_004795,1194967,0,up,83.60391235351562
-4797,anchor_scsn_004796,1195109,0,up,138.49078369140625
-4798,anchor_scsn_004797,1195263,0,up,50.45564651489258
-4799,anchor_scsn_004798,1195393,0,up,74.78550720214844
-4800,anchor_scsn_004799,1195411,0,up,66.24922180175781
-4801,anchor_scsn_004800,1195675,0,up,426.0664978027344
-4802,anchor_scsn_004801,1195754,0,up,76.20501708984375
-4803,anchor_scsn_004802,1195831,0,up,50.64212417602539
-4804,anchor_scsn_004803,1196043,0,up,121.11127471923828
-4805,anchor_scsn_004804,1196395,0,up,68.66118621826172
-4806,anchor_scsn_004805,1196797,0,up,604.193115234375
-4807,anchor_scsn_004806,1196903,0,up,77.87551879882812
-4808,anchor_scsn_004807,1197089,0,up,77.57579803466797
-4809,anchor_scsn_004808,1197254,0,up,374.6513671875
-4810,anchor_scsn_004809,1197429,0,up,69.82421112060547
-4811,anchor_scsn_004810,1197618,0,up,261.3793029785156
-4812,anchor_scsn_004811,1197790,0,up,231.00523376464844
-4813,anchor_scsn_004812,1197833,0,up,70.06192016601562
-4814,anchor_scsn_004813,1198029,0,up,61.29983139038086
-4815,anchor_scsn_004814,1199334,0,up,167.83201599121094
-4816,anchor_scsn_004815,1200059,0,up,336.6852111816406
-4817,anchor_scsn_004816,1200339,0,up,99.3309326171875
-4818,anchor_scsn_004817,1200414,0,up,160.8346710205078
-4819,anchor_scsn_004818,1200542,0,up,98.84474182128906
-4820,anchor_scsn_004819,1201035,0,up,103.8783950805664
-4821,anchor_scsn_004820,1201367,0,up,74.48388671875
-4822,anchor_scsn_004821,1201421,0,up,78.43147277832031
-4823,anchor_scsn_004822,1201485,0,up,158.78424072265625
-4824,anchor_scsn_004823,1201993,0,up,112.13394165039062
-4825,anchor_scsn_004824,1202152,0,up,350.0024719238281
-4826,anchor_scsn_004825,1202320,0,up,61.236793518066406
-4827,anchor_scsn_004826,1202406,0,up,142.64791870117188
-4828,anchor_scsn_004827,1202417,0,up,64.74021911621094
-4829,anchor_scsn_004828,1202433,0,up,505.249267578125
-4830,anchor_scsn_004829,1202846,0,up,54.97099304199219
-4831,anchor_scsn_004830,1202911,0,up,104.3634033203125
-4832,anchor_scsn_004831,1202920,0,up,108.29344940185547
-4833,anchor_scsn_004832,1203129,0,up,59.33608627319336
-4834,anchor_scsn_004833,1203179,0,up,113.72827911376953
-4835,anchor_scsn_004834,1203352,0,up,78.18077087402344
-4836,anchor_scsn_004835,1203433,0,up,175.76744079589844
-4837,anchor_scsn_004836,1203806,0,up,59.2158203125
-4838,anchor_scsn_004837,1204241,0,up,67.03338623046875
-4839,anchor_scsn_004838,1204406,0,up,394.1985778808594
-4840,anchor_scsn_004839,1204804,0,up,367.19598388671875
-4841,anchor_scsn_004840,1204980,0,up,99.25939178466797
-4842,anchor_scsn_004841,1205530,0,up,159.93194580078125
-4843,anchor_scsn_004842,1205575,0,up,89.00347137451172
-4844,anchor_scsn_004843,1205887,0,up,80.33004760742188
-4845,anchor_scsn_004844,1206077,0,up,66.2315673828125
-4846,anchor_scsn_004845,1206285,0,up,97.50262451171875
-4847,anchor_scsn_004846,1206659,0,up,144.90841674804688
-4848,anchor_scsn_004847,1206689,0,up,107.27672576904297
-4849,anchor_scsn_004848,1207350,0,up,129.6845245361328
-4850,anchor_scsn_004849,1208204,0,up,66.8680648803711
-4851,anchor_scsn_004850,1208281,0,up,60.56138610839844
-4852,anchor_scsn_004851,1208392,0,up,60.458274841308594
-4853,anchor_scsn_004852,1208537,0,up,75.12215423583984
-4854,anchor_scsn_004853,1208672,0,up,130.88412475585938
-4855,anchor_scsn_004854,1208676,0,up,635.0664672851562
-4856,anchor_scsn_004855,1208883,0,up,51.14651107788086
-4857,anchor_scsn_004856,1209067,0,up,59.91343688964844
-4858,anchor_scsn_004857,1209216,0,up,77.88098907470703
-4859,anchor_scsn_004858,1209503,0,up,59.58976364135742
-4860,anchor_scsn_004859,1209613,0,up,166.469970703125
-4861,anchor_scsn_004860,1209911,0,up,176.09695434570312
-4862,anchor_scsn_004861,1209930,0,up,51.61885070800781
-4863,anchor_scsn_004862,1210326,0,up,71.04542541503906
-4864,anchor_scsn_004863,1210667,0,up,235.58651733398438
-4865,anchor_scsn_004864,1210747,0,up,252.17584228515625
-4866,anchor_scsn_004865,1210820,0,up,426.8668212890625
-4867,anchor_scsn_004866,1211035,0,up,441.0850830078125
-4868,anchor_scsn_004867,1211394,0,up,459.31756591796875
-4869,anchor_scsn_004868,1211501,0,up,53.48847198486328
-4870,anchor_scsn_004869,1211514,0,up,106.33501434326172
-4871,anchor_scsn_004870,1211871,0,up,72.75463104248047
-4872,anchor_scsn_004871,1211952,0,up,65.30377960205078
-4873,anchor_scsn_004872,1212190,0,up,72.27833557128906
-4874,anchor_scsn_004873,1212262,0,up,57.506980895996094
-4875,anchor_scsn_004874,1213065,0,up,62.391719818115234
-4876,anchor_scsn_004875,1213147,0,up,146.6782684326172
-4877,anchor_scsn_004876,1213432,0,up,78.84220886230469
-4878,anchor_scsn_004877,1213822,0,up,51.47206115722656
-4879,anchor_scsn_004878,1213933,0,up,238.880859375
-4880,anchor_scsn_004879,1214655,0,up,56.211273193359375
-4881,anchor_scsn_004880,1214949,0,up,105.22887420654297
-4882,anchor_scsn_004881,1215331,0,up,111.61455535888672
-4883,anchor_scsn_004882,1215436,0,up,66.11630249023438
-4884,anchor_scsn_004883,1215703,0,up,67.9726333618164
-4885,anchor_scsn_004884,1215719,0,up,100.88322448730469
-4886,anchor_scsn_004885,1215852,0,up,89.49715423583984
-4887,anchor_scsn_004886,1216039,0,up,68.97335815429688
-4888,anchor_scsn_004887,1216626,0,up,236.67738342285156
-4889,anchor_scsn_004888,1216801,0,up,81.27227783203125
-4890,anchor_scsn_004889,1216992,0,up,68.23246765136719
-4891,anchor_scsn_004890,1217071,0,up,69.375
-4892,anchor_scsn_004891,1217721,0,up,86.65043640136719
-4893,anchor_scsn_004892,1217763,0,up,73.42207336425781
-4894,anchor_scsn_004893,1217794,0,up,70.8414306640625
-4895,anchor_scsn_004894,1218141,0,up,69.26322174072266
-4896,anchor_scsn_004895,1218757,0,up,154.30738830566406
-4897,anchor_scsn_004896,1219178,0,up,81.36112976074219
-4898,anchor_scsn_004897,1219296,0,up,58.67563247680664
-4899,anchor_scsn_004898,1219317,0,up,107.77515411376953
-4900,anchor_scsn_004899,1219513,0,up,101.46587371826172
-4901,anchor_scsn_004900,1219604,0,up,120.11470794677734
-4902,anchor_scsn_004901,1219923,0,up,144.35678100585938
-4903,anchor_scsn_004902,1220524,0,up,75.651123046875
-4904,anchor_scsn_004903,1220728,0,up,65.20964050292969
-4905,anchor_scsn_004904,1220952,0,up,64.41152954101562
-4906,anchor_scsn_004905,1222503,0,up,447.2644348144531
-4907,anchor_scsn_004906,1222529,0,up,68.13959503173828
-4908,anchor_scsn_004907,1223284,0,up,110.96680450439453
-4909,anchor_scsn_004908,1223620,0,up,243.20811462402344
-4910,anchor_scsn_004909,1223869,0,up,63.64522933959961
-4911,anchor_scsn_004910,1224245,0,up,61.69402313232422
-4912,anchor_scsn_004911,1224523,0,up,63.88727951049805
-4913,anchor_scsn_004912,1224662,0,up,54.9000129699707
-4914,anchor_scsn_004913,1224913,0,up,135.74057006835938
-4915,anchor_scsn_004914,1224968,0,up,66.63707733154297
-4916,anchor_scsn_004915,1224999,0,up,78.07596588134766
-4917,anchor_scsn_004916,1225167,0,up,144.5089111328125
-4918,anchor_scsn_004917,1225254,0,up,96.12480163574219
-4919,anchor_scsn_004918,1225354,0,up,156.1486053466797
-4920,anchor_scsn_004919,1225890,0,up,51.20712661743164
-4921,anchor_scsn_004920,1226002,0,up,314.2978515625
-4922,anchor_scsn_004921,1226387,0,up,252.82693481445312
-4923,anchor_scsn_004922,1226485,0,up,67.15979766845703
-4924,anchor_scsn_004923,1226505,0,up,61.529781341552734
-4925,anchor_scsn_004924,1226559,0,up,57.39249038696289
-4926,anchor_scsn_004925,1226606,0,up,208.3453826904297
-4927,anchor_scsn_004926,1226615,0,up,450.2059326171875
-4928,anchor_scsn_004927,1226896,0,up,52.989871978759766
-4929,anchor_scsn_004928,1227236,0,up,159.03182983398438
-4930,anchor_scsn_004929,1228057,0,up,132.5956268310547
-4931,anchor_scsn_004930,1228681,0,up,58.11881637573242
-4932,anchor_scsn_004931,1229001,0,up,179.4914093017578
-4933,anchor_scsn_004932,1229092,0,up,70.6066665649414
-4934,anchor_scsn_004933,1229493,0,up,90.3666000366211
-4935,anchor_scsn_004934,1230119,0,up,139.63873291015625
-4936,anchor_scsn_004935,1230316,0,up,164.27503967285156
-4937,anchor_scsn_004936,1230919,0,up,108.7115707397461
-4938,anchor_scsn_004937,1231090,0,up,92.58248138427734
-4939,anchor_scsn_004938,1231268,0,up,103.86195373535156
-4940,anchor_scsn_004939,1232107,0,up,79.69187927246094
-4941,anchor_scsn_004940,1232276,0,up,52.945098876953125
-4942,anchor_scsn_004941,1232597,0,up,58.00740051269531
-4943,anchor_scsn_004942,1232812,0,up,108.78837585449219
-4944,anchor_scsn_004943,1233101,0,up,61.08481216430664
-4945,anchor_scsn_004944,1233254,0,up,55.77996826171875
-4946,anchor_scsn_004945,1233475,0,up,182.36331176757812
-4947,anchor_scsn_004946,1233624,0,up,606.15869140625
-4948,anchor_scsn_004947,1234128,0,up,164.44754028320312
-4949,anchor_scsn_004948,1234336,0,up,101.15753173828125
-4950,anchor_scsn_004949,1234358,0,up,316.8906555175781
-4951,anchor_scsn_004950,1234392,0,up,246.86434936523438
-4952,anchor_scsn_004951,1234708,0,up,62.87364959716797
-4953,anchor_scsn_004952,1235048,0,up,161.498046875
-4954,anchor_scsn_004953,1235167,0,up,418.7638244628906
-4955,anchor_scsn_004954,1235481,0,up,92.16374969482422
-4956,anchor_scsn_004955,1235591,0,up,79.88961791992188
-4957,anchor_scsn_004956,1235687,0,up,84.9751205444336
-4958,anchor_scsn_004957,1235764,0,up,202.05648803710938
-4959,anchor_scsn_004958,1235794,0,up,108.4350357055664
-4960,anchor_scsn_004959,1235934,0,up,66.23954772949219
-4961,anchor_scsn_004960,1236035,0,up,132.14073181152344
-4962,anchor_scsn_004961,1236333,0,up,123.96746063232422
-4963,anchor_scsn_004962,1236579,0,up,53.98187255859375
-4964,anchor_scsn_004963,1236778,0,up,75.7888412475586
-4965,anchor_scsn_004964,1237278,0,up,62.34267044067383
-4966,anchor_scsn_004965,1237627,0,up,125.80812072753906
-4967,anchor_scsn_004966,1237794,0,up,196.0413818359375
-4968,anchor_scsn_004967,1238367,0,up,316.4679870605469
-4969,anchor_scsn_004968,1238484,0,up,140.07850646972656
-4970,anchor_scsn_004969,1238546,0,up,64.16893005371094
-4971,anchor_scsn_004970,1238573,0,up,95.57592010498047
-4972,anchor_scsn_004971,1239186,0,up,173.4088134765625
-4973,anchor_scsn_004972,1239373,0,up,55.456016540527344
-4974,anchor_scsn_004973,1239380,0,up,452.72027587890625
-4975,anchor_scsn_004974,1240157,0,up,74.41061401367188
-4976,anchor_scsn_004975,1240334,0,up,68.14106750488281
-4977,anchor_scsn_004976,1240619,0,up,92.38526916503906
-4978,anchor_scsn_004977,1240846,0,up,70.02397918701172
-4979,anchor_scsn_004978,1240931,0,up,106.17340087890625
-4980,anchor_scsn_004979,1241132,0,up,89.57601165771484
-4981,anchor_scsn_004980,1241538,0,up,236.5428924560547
-4982,anchor_scsn_004981,1241618,0,up,68.58351135253906
-4983,anchor_scsn_004982,1241676,0,up,428.9715881347656
-4984,anchor_scsn_004983,1241707,0,up,55.67844009399414
-4985,anchor_scsn_004984,1241897,0,up,62.90977478027344
-4986,anchor_scsn_004985,1242318,0,up,78.03919219970703
-4987,anchor_scsn_004986,1242446,0,up,81.96328735351562
-4988,anchor_scsn_004987,1242609,0,up,54.92422866821289
-4989,anchor_scsn_004988,1243153,0,up,90.50238800048828
-4990,anchor_scsn_004989,1243369,0,up,145.53041076660156
-4991,anchor_scsn_004990,1243733,0,up,72.14715576171875
-4992,anchor_scsn_004991,1243781,0,up,128.40484619140625
-4993,anchor_scsn_004992,1243843,0,up,83.36896514892578
-4994,anchor_scsn_004993,1244406,0,up,92.30870056152344
-4995,anchor_scsn_004994,1244703,0,up,59.37965774536133
-4996,anchor_scsn_004995,1244807,0,up,144.66334533691406
-4997,anchor_scsn_004996,1245044,0,up,72.48223876953125
-4998,anchor_scsn_004997,1245743,0,up,335.7372131347656
-4999,anchor_scsn_004998,1245845,0,up,97.37625885009766
-5000,anchor_scsn_004999,1246054,0,up,137.6134796142578
-5001,anchor_scsn_005000,7,1,down,74.03203582763672
-5002,anchor_scsn_005001,408,1,down,236.80429077148438
-5003,anchor_scsn_005002,609,1,down,87.5157470703125
-5004,anchor_scsn_005003,912,1,down,278.11920166015625
-5005,anchor_scsn_005004,978,1,down,53.32572937011719
-5006,anchor_scsn_005005,1039,1,down,69.92851257324219
-5007,anchor_scsn_005006,1070,1,down,69.33641052246094
-5008,anchor_scsn_005007,1401,1,down,370.3708190917969
-5009,anchor_scsn_005008,1855,1,down,92.71630096435547
-5010,anchor_scsn_005009,2324,1,down,229.32081604003906
-5011,anchor_scsn_005010,2672,1,down,243.52401733398438
-5012,anchor_scsn_005011,2850,1,down,66.8045425415039
-5013,anchor_scsn_005012,2971,1,down,105.2226333618164
-5014,anchor_scsn_005013,3299,1,down,51.585208892822266
-5015,anchor_scsn_005014,3575,1,down,50.888389587402344
-5016,anchor_scsn_005015,4363,1,down,415.4322204589844
-5017,anchor_scsn_005016,4374,1,down,133.24717712402344
-5018,anchor_scsn_005017,4724,1,down,128.28538513183594
-5019,anchor_scsn_005018,4806,1,down,117.32829284667969
-5020,anchor_scsn_005019,5090,1,down,202.74879455566406
-5021,anchor_scsn_005020,5224,1,down,68.2557601928711
-5022,anchor_scsn_005021,5371,1,down,90.38294982910156
-5023,anchor_scsn_005022,5543,1,down,59.75096893310547
-5024,anchor_scsn_005023,5725,1,down,55.3551139831543
-5025,anchor_scsn_005024,5811,1,down,132.16351318359375
-5026,anchor_scsn_005025,6251,1,down,51.2195930480957
-5027,anchor_scsn_005026,6291,1,down,60.591487884521484
-5028,anchor_scsn_005027,6322,1,down,61.61469268798828
-5029,anchor_scsn_005028,6715,1,down,153.69192504882812
-5030,anchor_scsn_005029,7061,1,down,72.55846405029297
-5031,anchor_scsn_005030,7068,1,down,77.95915985107422
-5032,anchor_scsn_005031,7111,1,down,58.32594299316406
-5033,anchor_scsn_005032,7395,1,down,80.06531524658203
-5034,anchor_scsn_005033,7876,1,down,92.78813171386719
-5035,anchor_scsn_005034,7902,1,down,171.28515625
-5036,anchor_scsn_005035,7925,1,down,228.8714599609375
-5037,anchor_scsn_005036,8485,1,down,120.41410827636719
-5038,anchor_scsn_005037,8581,1,down,54.262939453125
-5039,anchor_scsn_005038,8657,1,down,80.97564697265625
-5040,anchor_scsn_005039,8796,1,down,67.27786254882812
-5041,anchor_scsn_005040,9082,1,down,88.85038757324219
-5042,anchor_scsn_005041,9433,1,down,55.29201126098633
-5043,anchor_scsn_005042,9673,1,down,76.84192657470703
-5044,anchor_scsn_005043,10675,1,down,702.7626953125
-5045,anchor_scsn_005044,10736,1,down,59.458221435546875
-5046,anchor_scsn_005045,11186,1,down,98.33964538574219
-5047,anchor_scsn_005046,11236,1,down,57.78096008300781
-5048,anchor_scsn_005047,11822,1,down,58.72939682006836
-5049,anchor_scsn_005048,12495,1,down,118.22664642333984
-5050,anchor_scsn_005049,12506,1,down,127.70695495605469
-5051,anchor_scsn_005050,12857,1,down,66.69334411621094
-5052,anchor_scsn_005051,13845,1,down,157.45208740234375
-5053,anchor_scsn_005052,13934,1,down,51.4248046875
-5054,anchor_scsn_005053,14078,1,down,52.005531311035156
-5055,anchor_scsn_005054,14651,1,down,93.45972442626953
-5056,anchor_scsn_005055,14760,1,down,60.69536209106445
-5057,anchor_scsn_005056,14832,1,down,72.37391662597656
-5058,anchor_scsn_005057,15167,1,down,73.77519989013672
-5059,anchor_scsn_005058,15172,1,down,78.13166046142578
-5060,anchor_scsn_005059,15466,1,down,85.69004821777344
-5061,anchor_scsn_005060,15566,1,down,66.63031768798828
-5062,anchor_scsn_005061,15594,1,down,102.37832641601562
-5063,anchor_scsn_005062,16081,1,down,148.49986267089844
-5064,anchor_scsn_005063,16398,1,down,81.75382995605469
-5065,anchor_scsn_005064,16868,1,down,102.84172058105469
-5066,anchor_scsn_005065,17113,1,down,86.4920425415039
-5067,anchor_scsn_005066,17253,1,down,66.43750762939453
-5068,anchor_scsn_005067,17297,1,down,65.25737762451172
-5069,anchor_scsn_005068,17836,1,down,69.6513671875
-5070,anchor_scsn_005069,17905,1,down,169.9390411376953
-5071,anchor_scsn_005070,18551,1,down,206.09173583984375
-5072,anchor_scsn_005071,18824,1,down,267.93328857421875
-5073,anchor_scsn_005072,18871,1,down,118.3519515991211
-5074,anchor_scsn_005073,19007,1,down,253.07470703125
-5075,anchor_scsn_005074,19086,1,down,112.13422393798828
-5076,anchor_scsn_005075,19113,1,down,696.4109497070312
-5077,anchor_scsn_005076,19270,1,down,309.9874267578125
-5078,anchor_scsn_005077,19314,1,down,99.52860260009766
-5079,anchor_scsn_005078,19340,1,down,150.43455505371094
-5080,anchor_scsn_005079,19497,1,down,769.6485595703125
-5081,anchor_scsn_005080,19549,1,down,91.92549133300781
-5082,anchor_scsn_005081,19715,1,down,220.27719116210938
-5083,anchor_scsn_005082,19863,1,down,213.34628295898438
-5084,anchor_scsn_005083,20061,1,down,83.64425659179688
-5085,anchor_scsn_005084,20098,1,down,55.35414505004883
-5086,anchor_scsn_005085,20101,1,down,66.24674224853516
-5087,anchor_scsn_005086,20188,1,down,57.483638763427734
-5088,anchor_scsn_005087,20532,1,down,98.97157287597656
-5089,anchor_scsn_005088,20898,1,down,78.64103698730469
-5090,anchor_scsn_005089,21104,1,down,159.4141845703125
-5091,anchor_scsn_005090,21423,1,down,162.95278930664062
-5092,anchor_scsn_005091,21429,1,down,388.7572021484375
-5093,anchor_scsn_005092,21809,1,down,193.34225463867188
-5094,anchor_scsn_005093,22565,1,down,113.953125
-5095,anchor_scsn_005094,22946,1,down,75.3332748413086
-5096,anchor_scsn_005095,23280,1,down,88.19093322753906
-5097,anchor_scsn_005096,23371,1,down,96.14414978027344
-5098,anchor_scsn_005097,23624,1,down,82.5549087524414
-5099,anchor_scsn_005098,24396,1,down,189.5975341796875
-5100,anchor_scsn_005099,24417,1,down,53.77560806274414
-5101,anchor_scsn_005100,24597,1,down,62.81352615356445
-5102,anchor_scsn_005101,24674,1,down,100.31937408447266
-5103,anchor_scsn_005102,24706,1,down,185.1630096435547
-5104,anchor_scsn_005103,24826,1,down,83.74593353271484
-5105,anchor_scsn_005104,25278,1,down,137.27725219726562
-5106,anchor_scsn_005105,25293,1,down,55.890750885009766
-5107,anchor_scsn_005106,25373,1,down,53.325401306152344
-5108,anchor_scsn_005107,25630,1,down,331.2684020996094
-5109,anchor_scsn_005108,26438,1,down,137.8492889404297
-5110,anchor_scsn_005109,26559,1,down,60.23019027709961
-5111,anchor_scsn_005110,27361,1,down,264.2532043457031
-5112,anchor_scsn_005111,27365,1,down,71.27462005615234
-5113,anchor_scsn_005112,27487,1,down,165.0833282470703
-5114,anchor_scsn_005113,27946,1,down,57.95832824707031
-5115,anchor_scsn_005114,28674,1,down,100.08450317382812
-5116,anchor_scsn_005115,28999,1,down,372.86761474609375
-5117,anchor_scsn_005116,29172,1,down,79.59695434570312
-5118,anchor_scsn_005117,29341,1,down,136.3274688720703
-5119,anchor_scsn_005118,29446,1,down,61.3303108215332
-5120,anchor_scsn_005119,29718,1,down,120.00373077392578
-5121,anchor_scsn_005120,30568,1,down,87.00010681152344
-5122,anchor_scsn_005121,30618,1,down,74.1754379272461
-5123,anchor_scsn_005122,30746,1,down,187.1448516845703
-5124,anchor_scsn_005123,31403,1,down,74.9317398071289
-5125,anchor_scsn_005124,31502,1,down,421.41424560546875
-5126,anchor_scsn_005125,31802,1,down,61.36928176879883
-5127,anchor_scsn_005126,31912,1,down,460.60064697265625
-5128,anchor_scsn_005127,32093,1,down,89.55425262451172
-5129,anchor_scsn_005128,32193,1,down,62.528324127197266
-5130,anchor_scsn_005129,32418,1,down,88.16755676269531
-5131,anchor_scsn_005130,32673,1,down,109.0989761352539
-5132,anchor_scsn_005131,32795,1,down,74.82743835449219
-5133,anchor_scsn_005132,32958,1,down,133.41290283203125
-5134,anchor_scsn_005133,33076,1,down,190.94830322265625
-5135,anchor_scsn_005134,33101,1,down,104.85538482666016
-5136,anchor_scsn_005135,33543,1,down,58.28818130493164
-5137,anchor_scsn_005136,33583,1,down,100.86625671386719
-5138,anchor_scsn_005137,33622,1,down,50.82054138183594
-5139,anchor_scsn_005138,33815,1,down,146.60780334472656
-5140,anchor_scsn_005139,34696,1,down,79.07644653320312
-5141,anchor_scsn_005140,35060,1,down,67.57086181640625
-5142,anchor_scsn_005141,35207,1,down,109.72052764892578
-5143,anchor_scsn_005142,35592,1,down,88.71759796142578
-5144,anchor_scsn_005143,35611,1,down,133.15989685058594
-5145,anchor_scsn_005144,35684,1,down,78.79796600341797
-5146,anchor_scsn_005145,36057,1,down,486.22222900390625
-5147,anchor_scsn_005146,36552,1,down,71.73484802246094
-5148,anchor_scsn_005147,37022,1,down,66.62494659423828
-5149,anchor_scsn_005148,37065,1,down,63.099525451660156
-5150,anchor_scsn_005149,37238,1,down,73.19284057617188
-5151,anchor_scsn_005150,37458,1,down,72.10504150390625
-5152,anchor_scsn_005151,37612,1,down,107.79502868652344
-5153,anchor_scsn_005152,37627,1,down,58.619415283203125
-5154,anchor_scsn_005153,37754,1,down,54.792320251464844
-5155,anchor_scsn_005154,37809,1,down,63.580440521240234
-5156,anchor_scsn_005155,38268,1,down,81.14442443847656
-5157,anchor_scsn_005156,38715,1,down,68.58282470703125
-5158,anchor_scsn_005157,38774,1,down,237.508544921875
-5159,anchor_scsn_005158,39579,1,down,63.03493881225586
-5160,anchor_scsn_005159,40027,1,down,388.9120788574219
-5161,anchor_scsn_005160,40175,1,down,127.92378997802734
-5162,anchor_scsn_005161,40306,1,down,108.96126556396484
-5163,anchor_scsn_005162,40892,1,down,98.72712707519531
-5164,anchor_scsn_005163,41248,1,down,120.20465087890625
-5165,anchor_scsn_005164,41347,1,down,110.89075469970703
-5166,anchor_scsn_005165,41647,1,down,131.2435760498047
-5167,anchor_scsn_005166,41807,1,down,106.4355697631836
-5168,anchor_scsn_005167,42072,1,down,968.0139770507812
-5169,anchor_scsn_005168,42137,1,down,91.70623779296875
-5170,anchor_scsn_005169,42218,1,down,101.1573257446289
-5171,anchor_scsn_005170,42350,1,down,79.72965240478516
-5172,anchor_scsn_005171,42569,1,down,516.5426635742188
-5173,anchor_scsn_005172,42587,1,down,114.42120361328125
-5174,anchor_scsn_005173,43087,1,down,72.58576965332031
-5175,anchor_scsn_005174,43177,1,down,51.4283561706543
-5176,anchor_scsn_005175,43254,1,down,90.8326416015625
-5177,anchor_scsn_005176,43677,1,down,199.61956787109375
-5178,anchor_scsn_005177,44046,1,down,72.99346923828125
-5179,anchor_scsn_005178,44269,1,down,272.30718994140625
-5180,anchor_scsn_005179,44436,1,down,77.8495864868164
-5181,anchor_scsn_005180,44612,1,down,57.30024337768555
-5182,anchor_scsn_005181,44669,1,down,294.3842468261719
-5183,anchor_scsn_005182,44991,1,down,268.58099365234375
-5184,anchor_scsn_005183,45491,1,down,186.9488067626953
-5185,anchor_scsn_005184,45561,1,down,116.45050811767578
-5186,anchor_scsn_005185,45821,1,down,87.57881164550781
-5187,anchor_scsn_005186,46051,1,down,73.45594024658203
-5188,anchor_scsn_005187,46534,1,down,58.46914291381836
-5189,anchor_scsn_005188,46882,1,down,84.48412322998047
-5190,anchor_scsn_005189,46907,1,down,141.54852294921875
-5191,anchor_scsn_005190,47021,1,down,99.75078582763672
-5192,anchor_scsn_005191,47348,1,down,52.42796325683594
-5193,anchor_scsn_005192,47587,1,down,387.5563049316406
-5194,anchor_scsn_005193,47772,1,down,138.742919921875
-5195,anchor_scsn_005194,47967,1,down,56.03701400756836
-5196,anchor_scsn_005195,47995,1,down,67.00032043457031
-5197,anchor_scsn_005196,48440,1,down,147.5952606201172
-5198,anchor_scsn_005197,48545,1,down,381.7352600097656
-5199,anchor_scsn_005198,48601,1,down,67.29097747802734
-5200,anchor_scsn_005199,48801,1,down,56.152076721191406
-5201,anchor_scsn_005200,49352,1,down,114.36246490478516
-5202,anchor_scsn_005201,49388,1,down,102.13220977783203
-5203,anchor_scsn_005202,49624,1,down,120.88157653808594
-5204,anchor_scsn_005203,49667,1,down,329.1478271484375
-5205,anchor_scsn_005204,50050,1,down,150.0654754638672
-5206,anchor_scsn_005205,50086,1,down,73.11088562011719
-5207,anchor_scsn_005206,50366,1,down,69.17928314208984
-5208,anchor_scsn_005207,50435,1,down,62.91446304321289
-5209,anchor_scsn_005208,50488,1,down,213.0786895751953
-5210,anchor_scsn_005209,50509,1,down,170.88465881347656
-5211,anchor_scsn_005210,50691,1,down,77.43677520751953
-5212,anchor_scsn_005211,51396,1,down,66.66138458251953
-5213,anchor_scsn_005212,51547,1,down,51.74568557739258
-5214,anchor_scsn_005213,51969,1,down,131.70997619628906
-5215,anchor_scsn_005214,52184,1,down,103.91212463378906
-5216,anchor_scsn_005215,52765,1,down,56.39638137817383
-5217,anchor_scsn_005216,53589,1,down,72.68834686279297
-5218,anchor_scsn_005217,53632,1,down,51.481170654296875
-5219,anchor_scsn_005218,53759,1,down,53.77953338623047
-5220,anchor_scsn_005219,54685,1,down,62.48068618774414
-5221,anchor_scsn_005220,55005,1,down,60.29313659667969
-5222,anchor_scsn_005221,55788,1,down,114.26136779785156
-5223,anchor_scsn_005222,56394,1,down,120.06340789794922
-5224,anchor_scsn_005223,56501,1,down,131.87808227539062
-5225,anchor_scsn_005224,56730,1,down,96.6083755493164
-5226,anchor_scsn_005225,57412,1,down,158.3611297607422
-5227,anchor_scsn_005226,57689,1,down,57.491111755371094
-5228,anchor_scsn_005227,57725,1,down,107.82630157470703
-5229,anchor_scsn_005228,57974,1,down,813.1369018554688
-5230,anchor_scsn_005229,58820,1,down,159.77500915527344
-5231,anchor_scsn_005230,58984,1,down,50.270591735839844
-5232,anchor_scsn_005231,58999,1,down,116.05130767822266
-5233,anchor_scsn_005232,59343,1,down,317.1646728515625
-5234,anchor_scsn_005233,59379,1,down,56.545555114746094
-5235,anchor_scsn_005234,59445,1,down,64.08155059814453
-5236,anchor_scsn_005235,59713,1,down,138.36932373046875
-5237,anchor_scsn_005236,59995,1,down,57.16521072387695
-5238,anchor_scsn_005237,60244,1,down,50.82236862182617
-5239,anchor_scsn_005238,60793,1,down,175.83462524414062
-5240,anchor_scsn_005239,61735,1,down,57.45805358886719
-5241,anchor_scsn_005240,61869,1,down,67.94390869140625
-5242,anchor_scsn_005241,61946,1,down,123.85064697265625
-5243,anchor_scsn_005242,62366,1,down,357.8254089355469
-5244,anchor_scsn_005243,62468,1,down,124.25130462646484
-5245,anchor_scsn_005244,62627,1,down,100.61434173583984
-5246,anchor_scsn_005245,62987,1,down,112.2777099609375
-5247,anchor_scsn_005246,63667,1,down,103.42569732666016
-5248,anchor_scsn_005247,64046,1,down,56.467437744140625
-5249,anchor_scsn_005248,64545,1,down,134.00491333007812
-5250,anchor_scsn_005249,64654,1,down,302.39031982421875
-5251,anchor_scsn_005250,64735,1,down,111.33522033691406
-5252,anchor_scsn_005251,64859,1,down,206.10899353027344
-5253,anchor_scsn_005252,64950,1,down,67.91204071044922
-5254,anchor_scsn_005253,65918,1,down,190.7334747314453
-5255,anchor_scsn_005254,65974,1,down,910.3556518554688
-5256,anchor_scsn_005255,66737,1,down,122.34042358398438
-5257,anchor_scsn_005256,68099,1,down,232.2290496826172
-5258,anchor_scsn_005257,68294,1,down,110.71749877929688
-5259,anchor_scsn_005258,68347,1,down,53.52116012573242
-5260,anchor_scsn_005259,68542,1,down,88.1591567993164
-5261,anchor_scsn_005260,68780,1,down,153.2024688720703
-5262,anchor_scsn_005261,69164,1,down,89.545166015625
-5263,anchor_scsn_005262,69973,1,down,57.004417419433594
-5264,anchor_scsn_005263,70769,1,down,54.08778762817383
-5265,anchor_scsn_005264,70909,1,down,80.76956176757812
-5266,anchor_scsn_005265,71500,1,down,54.21743392944336
-5267,anchor_scsn_005266,71662,1,down,65.77078247070312
-5268,anchor_scsn_005267,71731,1,down,234.2093505859375
-5269,anchor_scsn_005268,71732,1,down,63.13082504272461
-5270,anchor_scsn_005269,71837,1,down,90.03819274902344
-5271,anchor_scsn_005270,72130,1,down,99.14934539794922
-5272,anchor_scsn_005271,72202,1,down,119.93761444091797
-5273,anchor_scsn_005272,72236,1,down,300.539794921875
-5274,anchor_scsn_005273,72373,1,down,61.1690559387207
-5275,anchor_scsn_005274,72384,1,down,67.41199493408203
-5276,anchor_scsn_005275,72466,1,down,56.15676498413086
-5277,anchor_scsn_005276,72492,1,down,190.47923278808594
-5278,anchor_scsn_005277,72497,1,down,71.86338806152344
-5279,anchor_scsn_005278,72547,1,down,288.04498291015625
-5280,anchor_scsn_005279,72586,1,down,441.2543640136719
-5281,anchor_scsn_005280,72771,1,down,128.57281494140625
-5282,anchor_scsn_005281,73610,1,down,79.00877380371094
-5283,anchor_scsn_005282,74878,1,down,202.6291046142578
-5284,anchor_scsn_005283,74999,1,down,55.864036560058594
-5285,anchor_scsn_005284,75145,1,down,105.53827667236328
-5286,anchor_scsn_005285,75267,1,down,567.3787841796875
-5287,anchor_scsn_005286,75316,1,down,168.9835968017578
-5288,anchor_scsn_005287,75374,1,down,76.2094955444336
-5289,anchor_scsn_005288,75852,1,down,68.16212463378906
-5290,anchor_scsn_005289,75921,1,down,56.94538116455078
-5291,anchor_scsn_005290,76017,1,down,118.95133209228516
-5292,anchor_scsn_005291,76107,1,down,80.20060729980469
-5293,anchor_scsn_005292,76201,1,down,149.7183380126953
-5294,anchor_scsn_005293,76339,1,down,77.44365692138672
-5295,anchor_scsn_005294,76934,1,down,66.04298400878906
-5296,anchor_scsn_005295,76974,1,down,312.2987060546875
-5297,anchor_scsn_005296,77145,1,down,76.0389175415039
-5298,anchor_scsn_005297,77184,1,down,207.27481079101562
-5299,anchor_scsn_005298,77502,1,down,74.07493591308594
-5300,anchor_scsn_005299,78026,1,down,158.2697296142578
-5301,anchor_scsn_005300,78069,1,down,77.84249877929688
-5302,anchor_scsn_005301,78087,1,down,202.4407958984375
-5303,anchor_scsn_005302,78927,1,down,93.27064514160156
-5304,anchor_scsn_005303,79490,1,down,314.07098388671875
-5305,anchor_scsn_005304,79524,1,down,627.3021240234375
-5306,anchor_scsn_005305,79617,1,down,58.61117935180664
-5307,anchor_scsn_005306,80102,1,down,78.36920166015625
-5308,anchor_scsn_005307,80237,1,down,81.861328125
-5309,anchor_scsn_005308,80412,1,down,91.90100860595703
-5310,anchor_scsn_005309,80645,1,down,185.74209594726562
-5311,anchor_scsn_005310,80656,1,down,108.15150451660156
-5312,anchor_scsn_005311,80683,1,down,647.374267578125
-5313,anchor_scsn_005312,80812,1,down,85.37785339355469
-5314,anchor_scsn_005313,80867,1,down,64.53256225585938
-5315,anchor_scsn_005314,82149,1,down,52.02140808105469
-5316,anchor_scsn_005315,82330,1,down,159.4430389404297
-5317,anchor_scsn_005316,82527,1,down,66.14705657958984
-5318,anchor_scsn_005317,83236,1,down,106.17131042480469
-5319,anchor_scsn_005318,83243,1,down,99.48131561279297
-5320,anchor_scsn_005319,83405,1,down,54.0743293762207
-5321,anchor_scsn_005320,84001,1,down,524.6499633789062
-5322,anchor_scsn_005321,84197,1,down,76.36915588378906
-5323,anchor_scsn_005322,84460,1,down,87.22344207763672
-5324,anchor_scsn_005323,84560,1,down,92.30856323242188
-5325,anchor_scsn_005324,84630,1,down,207.53076171875
-5326,anchor_scsn_005325,84716,1,down,95.136962890625
-5327,anchor_scsn_005326,85015,1,down,145.2666015625
-5328,anchor_scsn_005327,85045,1,down,209.03163146972656
-5329,anchor_scsn_005328,85268,1,down,134.09732055664062
-5330,anchor_scsn_005329,85371,1,down,50.80992889404297
-5331,anchor_scsn_005330,85404,1,down,79.47516632080078
-5332,anchor_scsn_005331,85677,1,down,76.31574249267578
-5333,anchor_scsn_005332,86175,1,down,114.18834686279297
-5334,anchor_scsn_005333,86205,1,down,139.5625762939453
-5335,anchor_scsn_005334,86416,1,down,52.8245735168457
-5336,anchor_scsn_005335,86432,1,down,55.967716217041016
-5337,anchor_scsn_005336,86496,1,down,64.85813903808594
-5338,anchor_scsn_005337,86768,1,down,55.16438293457031
-5339,anchor_scsn_005338,86802,1,down,198.37832641601562
-5340,anchor_scsn_005339,86811,1,down,246.8670196533203
-5341,anchor_scsn_005340,86959,1,down,200.08123779296875
-5342,anchor_scsn_005341,87276,1,down,132.63446044921875
-5343,anchor_scsn_005342,87297,1,down,67.00004577636719
-5344,anchor_scsn_005343,87525,1,down,102.16558074951172
-5345,anchor_scsn_005344,87721,1,down,68.3290786743164
-5346,anchor_scsn_005345,87812,1,down,202.09938049316406
-5347,anchor_scsn_005346,87919,1,down,96.56776428222656
-5348,anchor_scsn_005347,88107,1,down,189.26173400878906
-5349,anchor_scsn_005348,88532,1,down,64.83679962158203
-5350,anchor_scsn_005349,88559,1,down,169.35877990722656
-5351,anchor_scsn_005350,88751,1,down,53.360172271728516
-5352,anchor_scsn_005351,88793,1,down,52.1794319152832
-5353,anchor_scsn_005352,88818,1,down,56.24916458129883
-5354,anchor_scsn_005353,88980,1,down,157.14259338378906
-5355,anchor_scsn_005354,89020,1,down,155.6090850830078
-5356,anchor_scsn_005355,89139,1,down,77.85497283935547
-5357,anchor_scsn_005356,89296,1,down,158.9627685546875
-5358,anchor_scsn_005357,89320,1,down,89.15483856201172
-5359,anchor_scsn_005358,89832,1,down,72.68310546875
-5360,anchor_scsn_005359,90170,1,down,59.145877838134766
-5361,anchor_scsn_005360,90198,1,down,132.19078063964844
-5362,anchor_scsn_005361,90751,1,down,64.45352935791016
-5363,anchor_scsn_005362,90804,1,down,126.3621826171875
-5364,anchor_scsn_005363,90851,1,down,85.86312103271484
-5365,anchor_scsn_005364,90861,1,down,93.3253402709961
-5366,anchor_scsn_005365,91884,1,down,141.58737182617188
-5367,anchor_scsn_005366,92117,1,down,452.1911315917969
-5368,anchor_scsn_005367,92331,1,down,53.058834075927734
-5369,anchor_scsn_005368,92841,1,down,90.62293243408203
-5370,anchor_scsn_005369,93108,1,down,99.766357421875
-5371,anchor_scsn_005370,93168,1,down,396.47454833984375
-5372,anchor_scsn_005371,93224,1,down,310.6918640136719
-5373,anchor_scsn_005372,93543,1,down,54.410423278808594
-5374,anchor_scsn_005373,93711,1,down,87.62802124023438
-5375,anchor_scsn_005374,93802,1,down,206.36607360839844
-5376,anchor_scsn_005375,93887,1,down,108.01187133789062
-5377,anchor_scsn_005376,93917,1,down,51.280723571777344
-5378,anchor_scsn_005377,94247,1,down,62.826534271240234
-5379,anchor_scsn_005378,94806,1,down,53.33930206298828
-5380,anchor_scsn_005379,95012,1,down,795.2050170898438
-5381,anchor_scsn_005380,95073,1,down,100.6766357421875
-5382,anchor_scsn_005381,95497,1,down,68.1291732788086
-5383,anchor_scsn_005382,95546,1,down,83.94766235351562
-5384,anchor_scsn_005383,95586,1,down,126.56077575683594
-5385,anchor_scsn_005384,95948,1,down,100.74421691894531
-5386,anchor_scsn_005385,95974,1,down,59.65037536621094
-5387,anchor_scsn_005386,95986,1,down,236.95416259765625
-5388,anchor_scsn_005387,96009,1,down,105.96246337890625
-5389,anchor_scsn_005388,96704,1,down,177.48045349121094
-5390,anchor_scsn_005389,97623,1,down,52.8223876953125
-5391,anchor_scsn_005390,97689,1,down,225.53553771972656
-5392,anchor_scsn_005391,97818,1,down,57.517921447753906
-5393,anchor_scsn_005392,97898,1,down,103.88944244384766
-5394,anchor_scsn_005393,98270,1,down,82.83690643310547
-5395,anchor_scsn_005394,98386,1,down,64.37711334228516
-5396,anchor_scsn_005395,98548,1,down,65.69351196289062
-5397,anchor_scsn_005396,99028,1,down,99.66801452636719
-5398,anchor_scsn_005397,99284,1,down,219.4454345703125
-5399,anchor_scsn_005398,99348,1,down,58.4542350769043
-5400,anchor_scsn_005399,99504,1,down,53.19471740722656
-5401,anchor_scsn_005400,99712,1,down,133.9002227783203
-5402,anchor_scsn_005401,100193,1,down,236.21961975097656
-5403,anchor_scsn_005402,100303,1,down,126.94000244140625
-5404,anchor_scsn_005403,100371,1,down,113.57270050048828
-5405,anchor_scsn_005404,100614,1,down,76.01820373535156
-5406,anchor_scsn_005405,100858,1,down,241.77438354492188
-5407,anchor_scsn_005406,101126,1,down,121.54668426513672
-5408,anchor_scsn_005407,101320,1,down,57.180145263671875
-5409,anchor_scsn_005408,101405,1,down,51.08423614501953
-5410,anchor_scsn_005409,101526,1,down,65.50340270996094
-5411,anchor_scsn_005410,101583,1,down,70.15003967285156
-5412,anchor_scsn_005411,102722,1,down,179.0990753173828
-5413,anchor_scsn_005412,103175,1,down,282.3529968261719
-5414,anchor_scsn_005413,103293,1,down,107.46381378173828
-5415,anchor_scsn_005414,103309,1,down,53.372318267822266
-5416,anchor_scsn_005415,103339,1,down,203.07908630371094
-5417,anchor_scsn_005416,103429,1,down,99.75536346435547
-5418,anchor_scsn_005417,103533,1,down,94.1918716430664
-5419,anchor_scsn_005418,103851,1,down,347.2026672363281
-5420,anchor_scsn_005419,104422,1,down,168.50869750976562
-5421,anchor_scsn_005420,104563,1,down,401.4559326171875
-5422,anchor_scsn_005421,105231,1,down,104.12519836425781
-5423,anchor_scsn_005422,105436,1,down,83.32555389404297
-5424,anchor_scsn_005423,105795,1,down,91.89057922363281
-5425,anchor_scsn_005424,106180,1,down,178.2007598876953
-5426,anchor_scsn_005425,106450,1,down,50.23800277709961
-5427,anchor_scsn_005426,106623,1,down,119.514892578125
-5428,anchor_scsn_005427,106716,1,down,94.97199249267578
-5429,anchor_scsn_005428,107226,1,down,61.07840347290039
-5430,anchor_scsn_005429,107800,1,down,66.70062255859375
-5431,anchor_scsn_005430,107818,1,down,61.0388069152832
-5432,anchor_scsn_005431,107939,1,down,61.9777946472168
-5433,anchor_scsn_005432,108217,1,down,252.66390991210938
-5434,anchor_scsn_005433,108251,1,down,299.7712097167969
-5435,anchor_scsn_005434,108341,1,down,52.7703971862793
-5436,anchor_scsn_005435,109023,1,down,56.937416076660156
-5437,anchor_scsn_005436,109106,1,down,52.74656677246094
-5438,anchor_scsn_005437,110055,1,down,101.37808227539062
-5439,anchor_scsn_005438,110115,1,down,56.793087005615234
-5440,anchor_scsn_005439,110305,1,down,73.42916870117188
-5441,anchor_scsn_005440,110650,1,down,421.98150634765625
-5442,anchor_scsn_005441,110883,1,down,72.42267608642578
-5443,anchor_scsn_005442,110923,1,down,53.412330627441406
-5444,anchor_scsn_005443,111003,1,down,97.51547241210938
-5445,anchor_scsn_005444,111201,1,down,213.38778686523438
-5446,anchor_scsn_005445,112192,1,down,56.7891845703125
-5447,anchor_scsn_005446,112608,1,down,182.60089111328125
-5448,anchor_scsn_005447,112749,1,down,78.01866149902344
-5449,anchor_scsn_005448,112842,1,down,72.22860717773438
-5450,anchor_scsn_005449,113034,1,down,77.430419921875
-5451,anchor_scsn_005450,113450,1,down,882.0186767578125
-5452,anchor_scsn_005451,113508,1,down,142.5244598388672
-5453,anchor_scsn_005452,113839,1,down,245.23318481445312
-5454,anchor_scsn_005453,115129,1,down,71.77198791503906
-5455,anchor_scsn_005454,115374,1,down,55.012298583984375
-5456,anchor_scsn_005455,115442,1,down,173.95059204101562
-5457,anchor_scsn_005456,115492,1,down,115.75843048095703
-5458,anchor_scsn_005457,115556,1,down,64.48461151123047
-5459,anchor_scsn_005458,115720,1,down,110.52006530761719
-5460,anchor_scsn_005459,115806,1,down,91.68734741210938
-5461,anchor_scsn_005460,115879,1,down,153.44366455078125
-5462,anchor_scsn_005461,115997,1,down,178.74578857421875
-5463,anchor_scsn_005462,115999,1,down,211.6309051513672
-5464,anchor_scsn_005463,116033,1,down,376.5007019042969
-5465,anchor_scsn_005464,117289,1,down,60.45635223388672
-5466,anchor_scsn_005465,117401,1,down,159.54737854003906
-5467,anchor_scsn_005466,117445,1,down,130.93658447265625
-5468,anchor_scsn_005467,117499,1,down,84.52465057373047
-5469,anchor_scsn_005468,117818,1,down,114.91348266601562
-5470,anchor_scsn_005469,118212,1,down,76.22702026367188
-5471,anchor_scsn_005470,118388,1,down,110.99608612060547
-5472,anchor_scsn_005471,118897,1,down,99.06683349609375
-5473,anchor_scsn_005472,119069,1,down,89.59319305419922
-5474,anchor_scsn_005473,119276,1,down,110.77826690673828
-5475,anchor_scsn_005474,119832,1,down,66.59607696533203
-5476,anchor_scsn_005475,120131,1,down,104.76094818115234
-5477,anchor_scsn_005476,120163,1,down,57.23318099975586
-5478,anchor_scsn_005477,120413,1,down,51.02460479736328
-5479,anchor_scsn_005478,120790,1,down,53.30674362182617
-5480,anchor_scsn_005479,121147,1,down,97.79150390625
-5481,anchor_scsn_005480,121208,1,down,72.01815795898438
-5482,anchor_scsn_005481,121242,1,down,73.49163818359375
-5483,anchor_scsn_005482,121923,1,down,57.31711196899414
-5484,anchor_scsn_005483,121988,1,down,100.44778442382812
-5485,anchor_scsn_005484,122151,1,down,60.05727767944336
-5486,anchor_scsn_005485,122211,1,down,92.93643951416016
-5487,anchor_scsn_005486,122553,1,down,193.5735626220703
-5488,anchor_scsn_005487,122840,1,down,209.12420654296875
-5489,anchor_scsn_005488,122926,1,down,165.50363159179688
-5490,anchor_scsn_005489,123361,1,down,231.0697479248047
-5491,anchor_scsn_005490,123517,1,down,150.2482147216797
-5492,anchor_scsn_005491,124456,1,down,78.05350494384766
-5493,anchor_scsn_005492,124471,1,down,162.7425994873047
-5494,anchor_scsn_005493,124523,1,down,56.65669631958008
-5495,anchor_scsn_005494,124604,1,down,50.06159973144531
-5496,anchor_scsn_005495,124620,1,down,60.516990661621094
-5497,anchor_scsn_005496,124758,1,down,142.5106658935547
-5498,anchor_scsn_005497,124871,1,down,110.73448944091797
-5499,anchor_scsn_005498,125526,1,down,67.6326675415039
-5500,anchor_scsn_005499,125785,1,down,65.5350570678711
-5501,anchor_scsn_005500,125790,1,down,61.60913848876953
-5502,anchor_scsn_005501,125914,1,down,95.03096008300781
-5503,anchor_scsn_005502,126676,1,down,56.78428649902344
-5504,anchor_scsn_005503,126797,1,down,387.6158752441406
-5505,anchor_scsn_005504,126809,1,down,188.4022674560547
-5506,anchor_scsn_005505,126835,1,down,161.68515014648438
-5507,anchor_scsn_005506,126909,1,down,81.82975006103516
-5508,anchor_scsn_005507,126939,1,down,53.16036605834961
-5509,anchor_scsn_005508,126952,1,down,307.4095458984375
-5510,anchor_scsn_005509,127385,1,down,81.55413818359375
-5511,anchor_scsn_005510,128060,1,down,318.5528259277344
-5512,anchor_scsn_005511,128076,1,down,546.2892456054688
-5513,anchor_scsn_005512,128239,1,down,176.37106323242188
-5514,anchor_scsn_005513,128289,1,down,63.68791580200195
-5515,anchor_scsn_005514,128367,1,down,151.51292419433594
-5516,anchor_scsn_005515,128899,1,down,136.13031005859375
-5517,anchor_scsn_005516,129087,1,down,53.55607604980469
-5518,anchor_scsn_005517,129265,1,down,57.09929275512695
-5519,anchor_scsn_005518,129628,1,down,116.73868560791016
-5520,anchor_scsn_005519,129795,1,down,79.23673248291016
-5521,anchor_scsn_005520,129978,1,down,192.0143585205078
-5522,anchor_scsn_005521,130477,1,down,178.22146606445312
-5523,anchor_scsn_005522,130734,1,down,99.62512969970703
-5524,anchor_scsn_005523,131328,1,down,93.52079772949219
-5525,anchor_scsn_005524,131642,1,down,216.6620330810547
-5526,anchor_scsn_005525,131893,1,down,157.71218872070312
-5527,anchor_scsn_005526,132282,1,down,84.7904281616211
-5528,anchor_scsn_005527,132590,1,down,80.8551025390625
-5529,anchor_scsn_005528,132876,1,down,660.7344970703125
-5530,anchor_scsn_005529,133919,1,down,77.85940551757812
-5531,anchor_scsn_005530,133973,1,down,87.16808319091797
-5532,anchor_scsn_005531,134238,1,down,149.74668884277344
-5533,anchor_scsn_005532,134261,1,down,72.35350799560547
-5534,anchor_scsn_005533,134356,1,down,269.3968811035156
-5535,anchor_scsn_005534,134504,1,down,52.662593841552734
-5536,anchor_scsn_005535,134749,1,down,65.0490493774414
-5537,anchor_scsn_005536,135180,1,down,133.59841918945312
-5538,anchor_scsn_005537,135445,1,down,56.16010284423828
-5539,anchor_scsn_005538,135622,1,down,127.16128540039062
-5540,anchor_scsn_005539,136123,1,down,85.1066665649414
-5541,anchor_scsn_005540,136189,1,down,54.20124435424805
-5542,anchor_scsn_005541,136899,1,down,62.59702682495117
-5543,anchor_scsn_005542,136908,1,down,274.83978271484375
-5544,anchor_scsn_005543,136978,1,down,87.18793487548828
-5545,anchor_scsn_005544,137091,1,down,98.56019592285156
-5546,anchor_scsn_005545,137145,1,down,134.7265625
-5547,anchor_scsn_005546,138023,1,down,71.82913970947266
-5548,anchor_scsn_005547,138569,1,down,176.36595153808594
-5549,anchor_scsn_005548,138865,1,down,105.62994384765625
-5550,anchor_scsn_005549,139342,1,down,67.10188293457031
-5551,anchor_scsn_005550,139424,1,down,87.16433715820312
-5552,anchor_scsn_005551,139922,1,down,214.28941345214844
-5553,anchor_scsn_005552,139947,1,down,153.62142944335938
-5554,anchor_scsn_005553,140530,1,down,189.4908905029297
-5555,anchor_scsn_005554,140990,1,down,61.12681579589844
-5556,anchor_scsn_005555,141314,1,down,65.59213256835938
-5557,anchor_scsn_005556,141641,1,down,191.60401916503906
-5558,anchor_scsn_005557,141744,1,down,55.15644073486328
-5559,anchor_scsn_005558,142008,1,down,56.222904205322266
-5560,anchor_scsn_005559,142559,1,down,52.55215072631836
-5561,anchor_scsn_005560,142729,1,down,114.10386657714844
-5562,anchor_scsn_005561,142814,1,down,171.70620727539062
-5563,anchor_scsn_005562,143334,1,down,171.10511779785156
-5564,anchor_scsn_005563,143506,1,down,57.4669189453125
-5565,anchor_scsn_005564,143747,1,down,57.82418441772461
-5566,anchor_scsn_005565,143940,1,down,355.6669616699219
-5567,anchor_scsn_005566,144619,1,down,114.48865509033203
-5568,anchor_scsn_005567,144666,1,down,108.15608978271484
-5569,anchor_scsn_005568,145320,1,down,81.7647705078125
-5570,anchor_scsn_005569,145650,1,down,91.78459167480469
-5571,anchor_scsn_005570,146366,1,down,151.45437622070312
-5572,anchor_scsn_005571,146387,1,down,63.1649169921875
-5573,anchor_scsn_005572,146439,1,down,51.27513885498047
-5574,anchor_scsn_005573,146807,1,down,519.1026611328125
-5575,anchor_scsn_005574,146973,1,down,420.4270935058594
-5576,anchor_scsn_005575,147435,1,down,55.115264892578125
-5577,anchor_scsn_005576,147918,1,down,502.4910583496094
-5578,anchor_scsn_005577,148253,1,down,83.62446594238281
-5579,anchor_scsn_005578,148276,1,down,50.954681396484375
-5580,anchor_scsn_005579,148515,1,down,93.35722351074219
-5581,anchor_scsn_005580,148650,1,down,115.49348449707031
-5582,anchor_scsn_005581,149003,1,down,51.15925598144531
-5583,anchor_scsn_005582,149029,1,down,85.7962417602539
-5584,anchor_scsn_005583,149506,1,down,304.86407470703125
-5585,anchor_scsn_005584,150072,1,down,257.3219909667969
-5586,anchor_scsn_005585,150253,1,down,162.7107696533203
-5587,anchor_scsn_005586,150395,1,down,127.61492156982422
-5588,anchor_scsn_005587,150613,1,down,105.2651596069336
-5589,anchor_scsn_005588,151256,1,down,89.59916687011719
-5590,anchor_scsn_005589,151264,1,down,210.45086669921875
-5591,anchor_scsn_005590,151700,1,down,61.563941955566406
-5592,anchor_scsn_005591,151723,1,down,196.7586212158203
-5593,anchor_scsn_005592,151745,1,down,161.99696350097656
-5594,anchor_scsn_005593,152143,1,down,58.47890853881836
-5595,anchor_scsn_005594,152231,1,down,289.67510986328125
-5596,anchor_scsn_005595,152839,1,down,229.19017028808594
-5597,anchor_scsn_005596,152906,1,down,100.77742004394531
-5598,anchor_scsn_005597,153653,1,down,60.2487678527832
-5599,anchor_scsn_005598,153883,1,down,99.21720123291016
-5600,anchor_scsn_005599,153905,1,down,69.02986907958984
-5601,anchor_scsn_005600,154022,1,down,722.3025512695312
-5602,anchor_scsn_005601,154299,1,down,116.12940216064453
-5603,anchor_scsn_005602,154313,1,down,496.71441650390625
-5604,anchor_scsn_005603,154398,1,down,53.50751876831055
-5605,anchor_scsn_005604,154635,1,down,172.28163146972656
-5606,anchor_scsn_005605,154901,1,down,74.17008972167969
-5607,anchor_scsn_005606,155372,1,down,72.33052062988281
-5608,anchor_scsn_005607,155434,1,down,50.6989860534668
-5609,anchor_scsn_005608,155464,1,down,111.92742156982422
-5610,anchor_scsn_005609,155821,1,down,68.45556640625
-5611,anchor_scsn_005610,156530,1,down,78.65806579589844
-5612,anchor_scsn_005611,156752,1,down,78.24779510498047
-5613,anchor_scsn_005612,156854,1,down,119.82518005371094
-5614,anchor_scsn_005613,157173,1,down,340.5468444824219
-5615,anchor_scsn_005614,157273,1,down,69.69181823730469
-5616,anchor_scsn_005615,157356,1,down,92.82891845703125
-5617,anchor_scsn_005616,157452,1,down,77.70313262939453
-5618,anchor_scsn_005617,157525,1,down,203.99403381347656
-5619,anchor_scsn_005618,157836,1,down,114.99500274658203
-5620,anchor_scsn_005619,158050,1,down,59.3109245300293
-5621,anchor_scsn_005620,158446,1,down,76.71349334716797
-5622,anchor_scsn_005621,158559,1,down,83.32007598876953
-5623,anchor_scsn_005622,158837,1,down,70.98231506347656
-5624,anchor_scsn_005623,158926,1,down,196.98683166503906
-5625,anchor_scsn_005624,159147,1,down,51.55023956298828
-5626,anchor_scsn_005625,159225,1,down,58.95458221435547
-5627,anchor_scsn_005626,159462,1,down,76.34109497070312
-5628,anchor_scsn_005627,159749,1,down,470.17266845703125
-5629,anchor_scsn_005628,160150,1,down,304.9544982910156
-5630,anchor_scsn_005629,160204,1,down,144.40245056152344
-5631,anchor_scsn_005630,160228,1,down,79.10314178466797
-5632,anchor_scsn_005631,160808,1,down,54.631412506103516
-5633,anchor_scsn_005632,161159,1,down,63.495445251464844
-5634,anchor_scsn_005633,161924,1,down,51.15150451660156
-5635,anchor_scsn_005634,162299,1,down,88.42608642578125
-5636,anchor_scsn_005635,162395,1,down,143.32138061523438
-5637,anchor_scsn_005636,162679,1,down,56.043663024902344
-5638,anchor_scsn_005637,162705,1,down,542.468017578125
-5639,anchor_scsn_005638,162813,1,down,786.505859375
-5640,anchor_scsn_005639,162814,1,down,73.57905578613281
-5641,anchor_scsn_005640,162826,1,down,51.26656723022461
-5642,anchor_scsn_005641,162886,1,down,67.90274047851562
-5643,anchor_scsn_005642,163168,1,down,108.3394775390625
-5644,anchor_scsn_005643,163282,1,down,138.96682739257812
-5645,anchor_scsn_005644,163300,1,down,64.64607238769531
-5646,anchor_scsn_005645,163355,1,down,52.2020378112793
-5647,anchor_scsn_005646,163829,1,down,190.53778076171875
-5648,anchor_scsn_005647,164287,1,down,55.90842056274414
-5649,anchor_scsn_005648,164323,1,down,50.542545318603516
-5650,anchor_scsn_005649,164385,1,down,61.25673294067383
-5651,anchor_scsn_005650,164405,1,down,80.86177062988281
-5652,anchor_scsn_005651,166135,1,down,67.56999206542969
-5653,anchor_scsn_005652,166244,1,down,180.57554626464844
-5654,anchor_scsn_005653,167022,1,down,79.91300201416016
-5655,anchor_scsn_005654,167586,1,down,86.01214599609375
-5656,anchor_scsn_005655,167657,1,down,355.95635986328125
-5657,anchor_scsn_005656,168146,1,down,87.40388488769531
-5658,anchor_scsn_005657,168196,1,down,91.60104370117188
-5659,anchor_scsn_005658,168602,1,down,163.93838500976562
-5660,anchor_scsn_005659,168683,1,down,81.55411529541016
-5661,anchor_scsn_005660,168688,1,down,52.715213775634766
-5662,anchor_scsn_005661,169205,1,down,110.2076416015625
-5663,anchor_scsn_005662,169398,1,down,62.85839080810547
-5664,anchor_scsn_005663,169729,1,down,383.9816589355469
-5665,anchor_scsn_005664,169862,1,down,225.6749267578125
-5666,anchor_scsn_005665,170072,1,down,365.7209167480469
-5667,anchor_scsn_005666,170115,1,down,54.47453689575195
-5668,anchor_scsn_005667,170271,1,down,77.90094757080078
-5669,anchor_scsn_005668,170381,1,down,108.78555297851562
-5670,anchor_scsn_005669,171042,1,down,63.05199432373047
-5671,anchor_scsn_005670,171173,1,down,65.47344207763672
-5672,anchor_scsn_005671,171193,1,down,74.66534423828125
-5673,anchor_scsn_005672,171291,1,down,142.16903686523438
-5674,anchor_scsn_005673,171512,1,down,76.76128387451172
-5675,anchor_scsn_005674,171571,1,down,79.82379913330078
-5676,anchor_scsn_005675,171887,1,down,88.3389663696289
-5677,anchor_scsn_005676,171990,1,down,92.59271240234375
-5678,anchor_scsn_005677,172212,1,down,68.04302978515625
-5679,anchor_scsn_005678,172989,1,down,71.40746307373047
-5680,anchor_scsn_005679,173003,1,down,80.23458099365234
-5681,anchor_scsn_005680,173490,1,down,124.3773422241211
-5682,anchor_scsn_005681,173554,1,down,63.21055221557617
-5683,anchor_scsn_005682,173815,1,down,105.39381408691406
-5684,anchor_scsn_005683,174105,1,down,374.13702392578125
-5685,anchor_scsn_005684,174289,1,down,287.249755859375
-5686,anchor_scsn_005685,174569,1,down,207.06997680664062
-5687,anchor_scsn_005686,174759,1,down,98.52228546142578
-5688,anchor_scsn_005687,174822,1,down,226.9856414794922
-5689,anchor_scsn_005688,174842,1,down,195.48272705078125
-5690,anchor_scsn_005689,175085,1,down,272.0568542480469
-5691,anchor_scsn_005690,175251,1,down,121.6396713256836
-5692,anchor_scsn_005691,175861,1,down,53.57658386230469
-5693,anchor_scsn_005692,175864,1,down,209.13160705566406
-5694,anchor_scsn_005693,175920,1,down,97.73868560791016
-5695,anchor_scsn_005694,176512,1,down,76.81900787353516
-5696,anchor_scsn_005695,176728,1,down,53.88401412963867
-5697,anchor_scsn_005696,176730,1,down,55.774009704589844
-5698,anchor_scsn_005697,176908,1,down,71.35546875
-5699,anchor_scsn_005698,177069,1,down,59.97371292114258
-5700,anchor_scsn_005699,177543,1,down,55.32331085205078
-5701,anchor_scsn_005700,177702,1,down,186.602294921875
-5702,anchor_scsn_005701,178139,1,down,200.43797302246094
-5703,anchor_scsn_005702,178730,1,down,68.42501831054688
-5704,anchor_scsn_005703,178847,1,down,96.52638244628906
-5705,anchor_scsn_005704,178891,1,down,653.293212890625
-5706,anchor_scsn_005705,179359,1,down,114.96009826660156
-5707,anchor_scsn_005706,179606,1,down,75.80582427978516
-5708,anchor_scsn_005707,179773,1,down,755.1434326171875
-5709,anchor_scsn_005708,180228,1,down,80.90104675292969
-5710,anchor_scsn_005709,180320,1,down,81.36148071289062
-5711,anchor_scsn_005710,180539,1,down,58.59221649169922
-5712,anchor_scsn_005711,180588,1,down,123.82785034179688
-5713,anchor_scsn_005712,180853,1,down,429.8273620605469
-5714,anchor_scsn_005713,180981,1,down,56.09910202026367
-5715,anchor_scsn_005714,181105,1,down,87.37850952148438
-5716,anchor_scsn_005715,181157,1,down,131.26629638671875
-5717,anchor_scsn_005716,181471,1,down,187.5451202392578
-5718,anchor_scsn_005717,181508,1,down,83.30508422851562
-5719,anchor_scsn_005718,181887,1,down,90.38978576660156
-5720,anchor_scsn_005719,181928,1,down,129.9468536376953
-5721,anchor_scsn_005720,182179,1,down,200.60809326171875
-5722,anchor_scsn_005721,182471,1,down,54.58802032470703
-5723,anchor_scsn_005722,182723,1,down,104.849365234375
-5724,anchor_scsn_005723,182815,1,down,73.98184967041016
-5725,anchor_scsn_005724,182941,1,down,75.0739517211914
-5726,anchor_scsn_005725,184071,1,down,116.69486999511719
-5727,anchor_scsn_005726,184124,1,down,76.2279281616211
-5728,anchor_scsn_005727,184371,1,down,84.89916229248047
-5729,anchor_scsn_005728,184403,1,down,57.771060943603516
-5730,anchor_scsn_005729,184449,1,down,127.91099548339844
-5731,anchor_scsn_005730,184828,1,down,147.27365112304688
-5732,anchor_scsn_005731,184904,1,down,90.69120788574219
-5733,anchor_scsn_005732,184906,1,down,145.50408935546875
-5734,anchor_scsn_005733,185004,1,down,224.80152893066406
-5735,anchor_scsn_005734,185030,1,down,53.932220458984375
-5736,anchor_scsn_005735,185340,1,down,162.91259765625
-5737,anchor_scsn_005736,185374,1,down,102.49213409423828
-5738,anchor_scsn_005737,185560,1,down,155.83888244628906
-5739,anchor_scsn_005738,185946,1,down,187.26454162597656
-5740,anchor_scsn_005739,186311,1,down,270.7663269042969
-5741,anchor_scsn_005740,186364,1,down,452.3117980957031
-5742,anchor_scsn_005741,186970,1,down,142.3151092529297
-5743,anchor_scsn_005742,187218,1,down,138.57369995117188
-5744,anchor_scsn_005743,187257,1,down,62.58631896972656
-5745,anchor_scsn_005744,187652,1,down,141.27133178710938
-5746,anchor_scsn_005745,188188,1,down,189.6319580078125
-5747,anchor_scsn_005746,188383,1,down,187.09786987304688
-5748,anchor_scsn_005747,188606,1,down,153.44656372070312
-5749,anchor_scsn_005748,188622,1,down,56.33513259887695
-5750,anchor_scsn_005749,188892,1,down,64.71322631835938
-5751,anchor_scsn_005750,188897,1,down,385.1338806152344
-5752,anchor_scsn_005751,189020,1,down,70.26040649414062
-5753,anchor_scsn_005752,189113,1,down,86.1624526977539
-5754,anchor_scsn_005753,189281,1,down,73.56391143798828
-5755,anchor_scsn_005754,189356,1,down,200.9042205810547
-5756,anchor_scsn_005755,189411,1,down,113.80601501464844
-5757,anchor_scsn_005756,189451,1,down,57.375267028808594
-5758,anchor_scsn_005757,189965,1,down,71.6313705444336
-5759,anchor_scsn_005758,190574,1,down,119.40115356445312
-5760,anchor_scsn_005759,190601,1,down,62.625797271728516
-5761,anchor_scsn_005760,191107,1,down,77.4188461303711
-5762,anchor_scsn_005761,191491,1,down,269.5506591796875
-5763,anchor_scsn_005762,191720,1,down,378.5557556152344
-5764,anchor_scsn_005763,191787,1,down,50.60054397583008
-5765,anchor_scsn_005764,191988,1,down,93.49278259277344
-5766,anchor_scsn_005765,192004,1,down,110.4378890991211
-5767,anchor_scsn_005766,192130,1,down,63.461002349853516
-5768,anchor_scsn_005767,192406,1,down,60.0882682800293
-5769,anchor_scsn_005768,192502,1,down,146.5604248046875
-5770,anchor_scsn_005769,192524,1,down,94.62385559082031
-5771,anchor_scsn_005770,192934,1,down,167.7866973876953
-5772,anchor_scsn_005771,192959,1,down,113.99371337890625
-5773,anchor_scsn_005772,193209,1,down,91.01605987548828
-5774,anchor_scsn_005773,193789,1,down,139.14097595214844
-5775,anchor_scsn_005774,193883,1,down,54.36912155151367
-5776,anchor_scsn_005775,194191,1,down,59.15730667114258
-5777,anchor_scsn_005776,194509,1,down,68.04576873779297
-5778,anchor_scsn_005777,194926,1,down,152.34950256347656
-5779,anchor_scsn_005778,194968,1,down,105.60006713867188
-5780,anchor_scsn_005779,195143,1,down,88.64006042480469
-5781,anchor_scsn_005780,195188,1,down,59.15273666381836
-5782,anchor_scsn_005781,195254,1,down,60.05060958862305
-5783,anchor_scsn_005782,195513,1,down,216.4425506591797
-5784,anchor_scsn_005783,195701,1,down,69.62822723388672
-5785,anchor_scsn_005784,195798,1,down,303.5850830078125
-5786,anchor_scsn_005785,196265,1,down,60.76781463623047
-5787,anchor_scsn_005786,196590,1,down,79.72234344482422
-5788,anchor_scsn_005787,196675,1,down,170.34207153320312
-5789,anchor_scsn_005788,196834,1,down,54.01731872558594
-5790,anchor_scsn_005789,197234,1,down,71.88941955566406
-5791,anchor_scsn_005790,197706,1,down,71.33893585205078
-5792,anchor_scsn_005791,197717,1,down,79.7956314086914
-5793,anchor_scsn_005792,198273,1,down,73.39549255371094
-5794,anchor_scsn_005793,198446,1,down,66.78663635253906
-5795,anchor_scsn_005794,198539,1,down,83.01385498046875
-5796,anchor_scsn_005795,198572,1,down,241.283447265625
-5797,anchor_scsn_005796,199183,1,down,183.4991912841797
-5798,anchor_scsn_005797,199510,1,down,73.77344512939453
-5799,anchor_scsn_005798,199853,1,down,66.3022689819336
-5800,anchor_scsn_005799,199905,1,down,78.6315689086914
-5801,anchor_scsn_005800,200177,1,down,353.424560546875
-5802,anchor_scsn_005801,200372,1,down,54.95188522338867
-5803,anchor_scsn_005802,200568,1,down,102.04828643798828
-5804,anchor_scsn_005803,200773,1,down,114.47611236572266
-5805,anchor_scsn_005804,201118,1,down,182.23484802246094
-5806,anchor_scsn_005805,201119,1,down,64.31155395507812
-5807,anchor_scsn_005806,201145,1,down,83.1354751586914
-5808,anchor_scsn_005807,201147,1,down,173.95750427246094
-5809,anchor_scsn_005808,201252,1,down,63.34303665161133
-5810,anchor_scsn_005809,201483,1,down,59.38089370727539
-5811,anchor_scsn_005810,201867,1,down,67.79763793945312
-5812,anchor_scsn_005811,202433,1,down,372.37451171875
-5813,anchor_scsn_005812,202707,1,down,94.33854675292969
-5814,anchor_scsn_005813,203469,1,down,62.8355712890625
-5815,anchor_scsn_005814,203745,1,down,672.648193359375
-5816,anchor_scsn_005815,203944,1,down,104.25411987304688
-5817,anchor_scsn_005816,203965,1,down,70.8180160522461
-5818,anchor_scsn_005817,204183,1,down,83.07804107666016
-5819,anchor_scsn_005818,205428,1,down,63.80194854736328
-5820,anchor_scsn_005819,205836,1,down,99.1837158203125
-5821,anchor_scsn_005820,206489,1,down,95.01942443847656
-5822,anchor_scsn_005821,206641,1,down,56.314308166503906
-5823,anchor_scsn_005822,207052,1,down,731.6204223632812
-5824,anchor_scsn_005823,207157,1,down,127.99627685546875
-5825,anchor_scsn_005824,207382,1,down,62.261634826660156
-5826,anchor_scsn_005825,208171,1,down,159.46017456054688
-5827,anchor_scsn_005826,208781,1,down,122.90196990966797
-5828,anchor_scsn_005827,209040,1,down,100.6202621459961
-5829,anchor_scsn_005828,209100,1,down,139.37136840820312
-5830,anchor_scsn_005829,209644,1,down,77.21192932128906
-5831,anchor_scsn_005830,209858,1,down,60.30249786376953
-5832,anchor_scsn_005831,209887,1,down,587.0479125976562
-5833,anchor_scsn_005832,209974,1,down,62.538875579833984
-5834,anchor_scsn_005833,210011,1,down,51.604698181152344
-5835,anchor_scsn_005834,210290,1,down,82.23859405517578
-5836,anchor_scsn_005835,210374,1,down,60.54986572265625
-5837,anchor_scsn_005836,210802,1,down,128.65821838378906
-5838,anchor_scsn_005837,211355,1,down,438.8462829589844
-5839,anchor_scsn_005838,211641,1,down,74.12866973876953
-5840,anchor_scsn_005839,211681,1,down,204.84910583496094
-5841,anchor_scsn_005840,211994,1,down,75.13336181640625
-5842,anchor_scsn_005841,212042,1,down,133.87220764160156
-5843,anchor_scsn_005842,212349,1,down,356.2052307128906
-5844,anchor_scsn_005843,212689,1,down,50.88996124267578
-5845,anchor_scsn_005844,212941,1,down,83.55613708496094
-5846,anchor_scsn_005845,213201,1,down,65.19685363769531
-5847,anchor_scsn_005846,213259,1,down,100.9927749633789
-5848,anchor_scsn_005847,213280,1,down,291.4720153808594
-5849,anchor_scsn_005848,213549,1,down,132.81527709960938
-5850,anchor_scsn_005849,213606,1,down,262.8583679199219
-5851,anchor_scsn_005850,214149,1,down,125.66856384277344
-5852,anchor_scsn_005851,214345,1,down,182.18560791015625
-5853,anchor_scsn_005852,214484,1,down,522.7494506835938
-5854,anchor_scsn_005853,214724,1,down,72.9091796875
-5855,anchor_scsn_005854,214912,1,down,192.3319854736328
-5856,anchor_scsn_005855,215586,1,down,56.51148223876953
-5857,anchor_scsn_005856,215622,1,down,59.00251007080078
-5858,anchor_scsn_005857,215819,1,down,50.42573165893555
-5859,anchor_scsn_005858,215867,1,down,50.04907989501953
-5860,anchor_scsn_005859,215894,1,down,160.70521545410156
-5861,anchor_scsn_005860,216177,1,down,55.2986946105957
-5862,anchor_scsn_005861,216230,1,down,85.23690032958984
-5863,anchor_scsn_005862,216276,1,down,61.92933654785156
-5864,anchor_scsn_005863,216564,1,down,51.14902877807617
-5865,anchor_scsn_005864,216747,1,down,120.88961791992188
-5866,anchor_scsn_005865,216793,1,down,219.7024383544922
-5867,anchor_scsn_005866,216863,1,down,56.68841552734375
-5868,anchor_scsn_005867,217305,1,down,726.492919921875
-5869,anchor_scsn_005868,217456,1,down,117.14302062988281
-5870,anchor_scsn_005869,217507,1,down,107.98193359375
-5871,anchor_scsn_005870,217776,1,down,120.74974822998047
-5872,anchor_scsn_005871,217850,1,down,225.09713745117188
-5873,anchor_scsn_005872,218315,1,down,110.51063537597656
-5874,anchor_scsn_005873,218692,1,down,73.37186431884766
-5875,anchor_scsn_005874,218739,1,down,96.42140197753906
-5876,anchor_scsn_005875,218853,1,down,107.788818359375
-5877,anchor_scsn_005876,219486,1,down,57.702659606933594
-5878,anchor_scsn_005877,219675,1,down,281.62957763671875
-5879,anchor_scsn_005878,219700,1,down,71.93805694580078
-5880,anchor_scsn_005879,219796,1,down,56.443634033203125
-5881,anchor_scsn_005880,219819,1,down,56.68976593017578
-5882,anchor_scsn_005881,219863,1,down,361.1265563964844
-5883,anchor_scsn_005882,220383,1,down,281.9144287109375
-5884,anchor_scsn_005883,220596,1,down,142.82672119140625
-5885,anchor_scsn_005884,220597,1,down,52.3853645324707
-5886,anchor_scsn_005885,221271,1,down,50.91064453125
-5887,anchor_scsn_005886,222131,1,down,54.43695068359375
-5888,anchor_scsn_005887,222244,1,down,52.78285217285156
-5889,anchor_scsn_005888,222606,1,down,199.48973083496094
-5890,anchor_scsn_005889,222762,1,down,213.3797149658203
-5891,anchor_scsn_005890,222923,1,down,82.16725158691406
-5892,anchor_scsn_005891,223187,1,down,92.83748626708984
-5893,anchor_scsn_005892,223367,1,down,650.9347534179688
-5894,anchor_scsn_005893,223446,1,down,99.06873321533203
-5895,anchor_scsn_005894,223771,1,down,66.8648910522461
-5896,anchor_scsn_005895,224074,1,down,131.25167846679688
-5897,anchor_scsn_005896,224355,1,down,939.70654296875
-5898,anchor_scsn_005897,224524,1,down,278.5037841796875
-5899,anchor_scsn_005898,224777,1,down,67.63579559326172
-5900,anchor_scsn_005899,224931,1,down,171.0786895751953
-5901,anchor_scsn_005900,224954,1,down,79.16845703125
-5902,anchor_scsn_005901,225127,1,down,68.9984130859375
-5903,anchor_scsn_005902,225332,1,down,109.07149505615234
-5904,anchor_scsn_005903,225344,1,down,78.03404998779297
-5905,anchor_scsn_005904,225515,1,down,563.3267822265625
-5906,anchor_scsn_005905,225679,1,down,308.345947265625
-5907,anchor_scsn_005906,226297,1,down,73.20597076416016
-5908,anchor_scsn_005907,226479,1,down,50.004791259765625
-5909,anchor_scsn_005908,227404,1,down,374.86468505859375
-5910,anchor_scsn_005909,227768,1,down,51.92142105102539
-5911,anchor_scsn_005910,227824,1,down,55.24724578857422
-5912,anchor_scsn_005911,227912,1,down,64.38565826416016
-5913,anchor_scsn_005912,228464,1,down,94.97318267822266
-5914,anchor_scsn_005913,228956,1,down,79.22100067138672
-5915,anchor_scsn_005914,228963,1,down,52.94978713989258
-5916,anchor_scsn_005915,229159,1,down,132.41419982910156
-5917,anchor_scsn_005916,229521,1,down,173.8531494140625
-5918,anchor_scsn_005917,229799,1,down,60.40720748901367
-5919,anchor_scsn_005918,229852,1,down,79.73098754882812
-5920,anchor_scsn_005919,229931,1,down,50.35734558105469
-5921,anchor_scsn_005920,229993,1,down,134.61434936523438
-5922,anchor_scsn_005921,230027,1,down,90.21991729736328
-5923,anchor_scsn_005922,230142,1,down,378.3647155761719
-5924,anchor_scsn_005923,230889,1,down,295.2152404785156
-5925,anchor_scsn_005924,231209,1,down,128.31642150878906
-5926,anchor_scsn_005925,231422,1,down,202.40679931640625
-5927,anchor_scsn_005926,231476,1,down,50.962318420410156
-5928,anchor_scsn_005927,231897,1,down,51.412353515625
-5929,anchor_scsn_005928,231977,1,down,87.07170867919922
-5930,anchor_scsn_005929,232068,1,down,144.5349884033203
-5931,anchor_scsn_005930,232375,1,down,61.00337219238281
-5932,anchor_scsn_005931,232541,1,down,70.94194030761719
-5933,anchor_scsn_005932,233294,1,down,171.73947143554688
-5934,anchor_scsn_005933,233369,1,down,225.96197509765625
-5935,anchor_scsn_005934,234040,1,down,114.33499908447266
-5936,anchor_scsn_005935,234310,1,down,115.3178939819336
-5937,anchor_scsn_005936,234405,1,down,74.0146255493164
-5938,anchor_scsn_005937,234492,1,down,341.7537841796875
-5939,anchor_scsn_005938,234622,1,down,50.35451889038086
-5940,anchor_scsn_005939,234885,1,down,265.1326904296875
-5941,anchor_scsn_005940,235382,1,down,532.3186645507812
-5942,anchor_scsn_005941,235675,1,down,175.29417419433594
-5943,anchor_scsn_005942,235707,1,down,69.62186431884766
-5944,anchor_scsn_005943,236147,1,down,76.17243194580078
-5945,anchor_scsn_005944,236550,1,down,53.89560317993164
-5946,anchor_scsn_005945,236691,1,down,67.35748291015625
-5947,anchor_scsn_005946,236927,1,down,107.55956268310547
-5948,anchor_scsn_005947,237682,1,down,128.8123779296875
-5949,anchor_scsn_005948,237752,1,down,142.62411499023438
-5950,anchor_scsn_005949,238110,1,down,121.57795715332031
-5951,anchor_scsn_005950,238320,1,down,55.218162536621094
-5952,anchor_scsn_005951,239513,1,down,59.81547164916992
-5953,anchor_scsn_005952,239578,1,down,113.4906997680664
-5954,anchor_scsn_005953,239678,1,down,71.57701873779297
-5955,anchor_scsn_005954,239737,1,down,153.66567993164062
-5956,anchor_scsn_005955,239761,1,down,153.14553833007812
-5957,anchor_scsn_005956,239770,1,down,53.645503997802734
-5958,anchor_scsn_005957,240015,1,down,444.37628173828125
-5959,anchor_scsn_005958,240048,1,down,103.6065673828125
-5960,anchor_scsn_005959,240125,1,down,183.82823181152344
-5961,anchor_scsn_005960,241068,1,down,122.48760986328125
-5962,anchor_scsn_005961,241178,1,down,130.27516174316406
-5963,anchor_scsn_005962,241439,1,down,68.27412414550781
-5964,anchor_scsn_005963,241795,1,down,53.76361083984375
-5965,anchor_scsn_005964,242081,1,down,104.64200592041016
-5966,anchor_scsn_005965,242435,1,down,134.67430114746094
-5967,anchor_scsn_005966,242512,1,down,75.73784637451172
-5968,anchor_scsn_005967,242559,1,down,191.27548217773438
-5969,anchor_scsn_005968,242876,1,down,162.25917053222656
-5970,anchor_scsn_005969,243092,1,down,411.0691833496094
-5971,anchor_scsn_005970,243652,1,down,54.450748443603516
-5972,anchor_scsn_005971,243709,1,down,102.83696746826172
-5973,anchor_scsn_005972,243860,1,down,75.97557830810547
-5974,anchor_scsn_005973,243982,1,down,235.72152709960938
-5975,anchor_scsn_005974,244299,1,down,52.760990142822266
-5976,anchor_scsn_005975,244333,1,down,109.62051391601562
-5977,anchor_scsn_005976,244338,1,down,50.44755935668945
-5978,anchor_scsn_005977,244659,1,down,63.4771842956543
-5979,anchor_scsn_005978,245218,1,down,201.78585815429688
-5980,anchor_scsn_005979,245224,1,down,52.567623138427734
-5981,anchor_scsn_005980,245729,1,down,124.42452239990234
-5982,anchor_scsn_005981,245877,1,down,58.82600784301758
-5983,anchor_scsn_005982,245958,1,down,65.98747253417969
-5984,anchor_scsn_005983,245959,1,down,106.12989807128906
-5985,anchor_scsn_005984,246495,1,down,52.60966873168945
-5986,anchor_scsn_005985,246836,1,down,66.11245727539062
-5987,anchor_scsn_005986,246885,1,down,173.0868682861328
-5988,anchor_scsn_005987,246948,1,down,158.76773071289062
-5989,anchor_scsn_005988,246979,1,down,93.6505355834961
-5990,anchor_scsn_005989,247137,1,down,51.20249557495117
-5991,anchor_scsn_005990,247204,1,down,100.42615509033203
-5992,anchor_scsn_005991,247279,1,down,838.5511474609375
-5993,anchor_scsn_005992,247479,1,down,315.3924255371094
-5994,anchor_scsn_005993,247519,1,down,115.01873016357422
-5995,anchor_scsn_005994,247581,1,down,168.93011474609375
-5996,anchor_scsn_005995,248517,1,down,108.83077239990234
-5997,anchor_scsn_005996,248609,1,down,54.00593566894531
-5998,anchor_scsn_005997,249005,1,down,378.92535400390625
-5999,anchor_scsn_005998,249435,1,down,51.917747497558594
-6000,anchor_scsn_005999,249469,1,down,91.91952514648438
-6001,anchor_scsn_006000,249883,1,down,87.30675506591797
-6002,anchor_scsn_006001,250556,1,down,73.2897720336914
-6003,anchor_scsn_006002,250973,1,down,78.63568115234375
-6004,anchor_scsn_006003,250984,1,down,58.79148864746094
-6005,anchor_scsn_006004,251440,1,down,147.65658569335938
-6006,anchor_scsn_006005,251581,1,down,87.76956176757812
-6007,anchor_scsn_006006,251809,1,down,232.35848999023438
-6008,anchor_scsn_006007,252262,1,down,70.57414245605469
-6009,anchor_scsn_006008,252944,1,down,52.37498092651367
-6010,anchor_scsn_006009,253023,1,down,70.08243560791016
-6011,anchor_scsn_006010,253052,1,down,54.19918441772461
-6012,anchor_scsn_006011,253162,1,down,73.10214233398438
-6013,anchor_scsn_006012,253177,1,down,219.9643096923828
-6014,anchor_scsn_006013,253193,1,down,226.78363037109375
-6015,anchor_scsn_006014,253260,1,down,195.0846405029297
-6016,anchor_scsn_006015,253487,1,down,323.7762451171875
-6017,anchor_scsn_006016,253767,1,down,131.67510986328125
-6018,anchor_scsn_006017,254378,1,down,73.74675750732422
-6019,anchor_scsn_006018,254623,1,down,100.239013671875
-6020,anchor_scsn_006019,254723,1,down,106.4893798828125
-6021,anchor_scsn_006020,254747,1,down,79.9347915649414
-6022,anchor_scsn_006021,255234,1,down,64.52177429199219
-6023,anchor_scsn_006022,255379,1,down,68.43276977539062
-6024,anchor_scsn_006023,255501,1,down,160.89646911621094
-6025,anchor_scsn_006024,255652,1,down,95.46643829345703
-6026,anchor_scsn_006025,255896,1,down,162.21951293945312
-6027,anchor_scsn_006026,256013,1,down,126.05267333984375
-6028,anchor_scsn_006027,256670,1,down,190.9434814453125
-6029,anchor_scsn_006028,256742,1,down,61.685760498046875
-6030,anchor_scsn_006029,257006,1,down,55.7177619934082
-6031,anchor_scsn_006030,257365,1,down,300.4146728515625
-6032,anchor_scsn_006031,257368,1,down,61.69302749633789
-6033,anchor_scsn_006032,257480,1,down,324.8408203125
-6034,anchor_scsn_006033,257528,1,down,292.6664733886719
-6035,anchor_scsn_006034,257904,1,down,57.43148422241211
-6036,anchor_scsn_006035,258032,1,down,173.19583129882812
-6037,anchor_scsn_006036,258047,1,down,169.39039611816406
-6038,anchor_scsn_006037,258380,1,down,158.96942138671875
-6039,anchor_scsn_006038,258410,1,down,76.81812286376953
-6040,anchor_scsn_006039,258831,1,down,52.02350997924805
-6041,anchor_scsn_006040,259433,1,down,61.87932205200195
-6042,anchor_scsn_006041,259690,1,down,58.192481994628906
-6043,anchor_scsn_006042,260005,1,down,78.13154602050781
-6044,anchor_scsn_006043,260017,1,down,73.62686920166016
-6045,anchor_scsn_006044,260069,1,down,92.48004913330078
-6046,anchor_scsn_006045,260472,1,down,91.41233825683594
-6047,anchor_scsn_006046,260773,1,down,55.600223541259766
-6048,anchor_scsn_006047,260782,1,down,76.05892944335938
-6049,anchor_scsn_006048,260873,1,down,121.03009796142578
-6050,anchor_scsn_006049,260944,1,down,65.20325469970703
-6051,anchor_scsn_006050,260985,1,down,190.1988983154297
-6052,anchor_scsn_006051,261150,1,down,84.31031036376953
-6053,anchor_scsn_006052,262353,1,down,116.40035247802734
-6054,anchor_scsn_006053,262993,1,down,147.41188049316406
-6055,anchor_scsn_006054,263132,1,down,182.1796112060547
-6056,anchor_scsn_006055,263161,1,down,145.6813507080078
-6057,anchor_scsn_006056,263839,1,down,86.23756408691406
-6058,anchor_scsn_006057,264297,1,down,53.55280685424805
-6059,anchor_scsn_006058,264416,1,down,129.17791748046875
-6060,anchor_scsn_006059,264605,1,down,56.58595657348633
-6061,anchor_scsn_006060,264846,1,down,202.89524841308594
-6062,anchor_scsn_006061,264922,1,down,89.79515838623047
-6063,anchor_scsn_006062,264971,1,down,425.8146667480469
-6064,anchor_scsn_006063,265223,1,down,94.57711029052734
-6065,anchor_scsn_006064,265571,1,down,68.679443359375
-6066,anchor_scsn_006065,265854,1,down,54.913734436035156
-6067,anchor_scsn_006066,265980,1,down,89.28621673583984
-6068,anchor_scsn_006067,266427,1,down,87.03608703613281
-6069,anchor_scsn_006068,266784,1,down,388.929443359375
-6070,anchor_scsn_006069,266818,1,down,425.124267578125
-6071,anchor_scsn_006070,266978,1,down,96.79877471923828
-6072,anchor_scsn_006071,267417,1,down,85.15933990478516
-6073,anchor_scsn_006072,267829,1,down,117.95394134521484
-6074,anchor_scsn_006073,268374,1,down,94.829345703125
-6075,anchor_scsn_006074,268508,1,down,105.38259887695312
-6076,anchor_scsn_006075,268770,1,down,99.38472747802734
-6077,anchor_scsn_006076,268946,1,down,110.01890563964844
-6078,anchor_scsn_006077,269383,1,down,98.68170928955078
-6079,anchor_scsn_006078,269509,1,down,196.91221618652344
-6080,anchor_scsn_006079,269665,1,down,86.83380126953125
-6081,anchor_scsn_006080,269796,1,down,248.03025817871094
-6082,anchor_scsn_006081,270000,1,down,81.47677612304688
-6083,anchor_scsn_006082,270150,1,down,60.07447814941406
-6084,anchor_scsn_006083,270318,1,down,547.1411743164062
-6085,anchor_scsn_006084,270368,1,down,131.12464904785156
-6086,anchor_scsn_006085,270561,1,down,73.5787582397461
-6087,anchor_scsn_006086,270701,1,down,55.904293060302734
-6088,anchor_scsn_006087,270751,1,down,142.1854705810547
-6089,anchor_scsn_006088,271693,1,down,89.56608581542969
-6090,anchor_scsn_006089,271778,1,down,89.1518325805664
-6091,anchor_scsn_006090,271812,1,down,106.19803619384766
-6092,anchor_scsn_006091,272145,1,down,51.85594177246094
-6093,anchor_scsn_006092,272743,1,down,97.54379272460938
-6094,anchor_scsn_006093,272981,1,down,55.45234298706055
-6095,anchor_scsn_006094,273053,1,down,68.4298095703125
-6096,anchor_scsn_006095,273448,1,down,132.68240356445312
-6097,anchor_scsn_006096,273845,1,down,440.1978759765625
-6098,anchor_scsn_006097,274011,1,down,265.2874450683594
-6099,anchor_scsn_006098,274629,1,down,434.3712158203125
-6100,anchor_scsn_006099,274719,1,down,487.791748046875
-6101,anchor_scsn_006100,274748,1,down,97.74507904052734
-6102,anchor_scsn_006101,275107,1,down,65.38321685791016
-6103,anchor_scsn_006102,275112,1,down,146.42605590820312
-6104,anchor_scsn_006103,275122,1,down,54.740203857421875
-6105,anchor_scsn_006104,275560,1,down,58.018577575683594
-6106,anchor_scsn_006105,275849,1,down,88.0956039428711
-6107,anchor_scsn_006106,276003,1,down,83.7713394165039
-6108,anchor_scsn_006107,276022,1,down,347.9654846191406
-6109,anchor_scsn_006108,276033,1,down,110.50143432617188
-6110,anchor_scsn_006109,276060,1,down,147.5900115966797
-6111,anchor_scsn_006110,276368,1,down,98.29192352294922
-6112,anchor_scsn_006111,277909,1,down,332.0858459472656
-6113,anchor_scsn_006112,278071,1,down,117.46724700927734
-6114,anchor_scsn_006113,278381,1,down,59.09748840332031
-6115,anchor_scsn_006114,278576,1,down,329.7103271484375
-6116,anchor_scsn_006115,278753,1,down,106.3817367553711
-6117,anchor_scsn_006116,278930,1,down,88.25311279296875
-6118,anchor_scsn_006117,279725,1,down,79.83721923828125
-6119,anchor_scsn_006118,280312,1,down,365.260498046875
-6120,anchor_scsn_006119,280523,1,down,198.98683166503906
-6121,anchor_scsn_006120,280638,1,down,797.52978515625
-6122,anchor_scsn_006121,281051,1,down,55.90640640258789
-6123,anchor_scsn_006122,281374,1,down,107.74137115478516
-6124,anchor_scsn_006123,281592,1,down,91.96199798583984
-6125,anchor_scsn_006124,282013,1,down,150.0712127685547
-6126,anchor_scsn_006125,282043,1,down,60.77336883544922
-6127,anchor_scsn_006126,282049,1,down,55.88417053222656
-6128,anchor_scsn_006127,282331,1,down,249.3331298828125
-6129,anchor_scsn_006128,282396,1,down,56.7493896484375
-6130,anchor_scsn_006129,282503,1,down,74.7210922241211
-6131,anchor_scsn_006130,282833,1,down,79.18452453613281
-6132,anchor_scsn_006131,282857,1,down,97.2859878540039
-6133,anchor_scsn_006132,283044,1,down,52.262062072753906
-6134,anchor_scsn_006133,283112,1,down,61.73644256591797
-6135,anchor_scsn_006134,283289,1,down,304.3327331542969
-6136,anchor_scsn_006135,283465,1,down,110.34150695800781
-6137,anchor_scsn_006136,283520,1,down,158.48565673828125
-6138,anchor_scsn_006137,283572,1,down,96.69441223144531
-6139,anchor_scsn_006138,283865,1,down,51.07630920410156
-6140,anchor_scsn_006139,284069,1,down,450.20123291015625
-6141,anchor_scsn_006140,284204,1,down,176.73841857910156
-6142,anchor_scsn_006141,284668,1,down,57.58468246459961
-6143,anchor_scsn_006142,284737,1,down,106.63177490234375
-6144,anchor_scsn_006143,284797,1,down,51.69361114501953
-6145,anchor_scsn_006144,284885,1,down,87.78465270996094
-6146,anchor_scsn_006145,284938,1,down,50.671504974365234
-6147,anchor_scsn_006146,285042,1,down,218.73095703125
-6148,anchor_scsn_006147,285170,1,down,67.34856414794922
-6149,anchor_scsn_006148,285489,1,down,109.19527435302734
-6150,anchor_scsn_006149,285688,1,down,52.59247970581055
-6151,anchor_scsn_006150,285786,1,down,411.00323486328125
-6152,anchor_scsn_006151,285945,1,down,58.79533386230469
-6153,anchor_scsn_006152,286294,1,down,292.6775207519531
-6154,anchor_scsn_006153,287338,1,down,82.29337310791016
-6155,anchor_scsn_006154,287625,1,down,205.9935760498047
-6156,anchor_scsn_006155,288075,1,down,59.440555572509766
-6157,anchor_scsn_006156,288135,1,down,112.64102935791016
-6158,anchor_scsn_006157,288155,1,down,55.24622344970703
-6159,anchor_scsn_006158,288233,1,down,93.55453491210938
-6160,anchor_scsn_006159,288332,1,down,469.34844970703125
-6161,anchor_scsn_006160,288620,1,down,517.6871337890625
-6162,anchor_scsn_006161,288745,1,down,172.13009643554688
-6163,anchor_scsn_006162,288752,1,down,291.8627014160156
-6164,anchor_scsn_006163,289109,1,down,233.00987243652344
-6165,anchor_scsn_006164,289492,1,down,319.2585144042969
-6166,anchor_scsn_006165,289536,1,down,160.9114990234375
-6167,anchor_scsn_006166,289586,1,down,140.27801513671875
-6168,anchor_scsn_006167,289822,1,down,59.485130310058594
-6169,anchor_scsn_006168,289959,1,down,89.4349365234375
-6170,anchor_scsn_006169,289987,1,down,77.92140197753906
-6171,anchor_scsn_006170,290250,1,down,227.89231872558594
-6172,anchor_scsn_006171,290718,1,down,80.29151153564453
-6173,anchor_scsn_006172,290778,1,down,81.87155151367188
-6174,anchor_scsn_006173,290865,1,down,112.14688873291016
-6175,anchor_scsn_006174,291127,1,down,56.044410705566406
-6176,anchor_scsn_006175,291344,1,down,61.2549934387207
-6177,anchor_scsn_006176,291601,1,down,165.79954528808594
-6178,anchor_scsn_006177,291631,1,down,445.2612609863281
-6179,anchor_scsn_006178,291656,1,down,168.30596923828125
-6180,anchor_scsn_006179,292132,1,down,94.61779022216797
-6181,anchor_scsn_006180,292150,1,down,59.121341705322266
-6182,anchor_scsn_006181,292229,1,down,752.445068359375
-6183,anchor_scsn_006182,292516,1,down,100.13056182861328
-6184,anchor_scsn_006183,292658,1,down,67.14070892333984
-6185,anchor_scsn_006184,292729,1,down,209.11294555664062
-6186,anchor_scsn_006185,293188,1,down,53.83437728881836
-6187,anchor_scsn_006186,293661,1,down,102.54122924804688
-6188,anchor_scsn_006187,293691,1,down,122.48368072509766
-6189,anchor_scsn_006188,293907,1,down,66.4898681640625
-6190,anchor_scsn_006189,293925,1,down,51.64118194580078
-6191,anchor_scsn_006190,293991,1,down,193.08660888671875
-6192,anchor_scsn_006191,294273,1,down,109.51842498779297
-6193,anchor_scsn_006192,295057,1,down,163.57144165039062
-6194,anchor_scsn_006193,295545,1,down,61.78620529174805
-6195,anchor_scsn_006194,296511,1,down,58.594085693359375
-6196,anchor_scsn_006195,296575,1,down,92.7296371459961
-6197,anchor_scsn_006196,296746,1,down,101.298583984375
-6198,anchor_scsn_006197,297304,1,down,462.9382629394531
-6199,anchor_scsn_006198,297463,1,down,54.591041564941406
-6200,anchor_scsn_006199,297534,1,down,122.08515930175781
-6201,anchor_scsn_006200,297621,1,down,152.27276611328125
-6202,anchor_scsn_006201,297833,1,down,71.8436508178711
-6203,anchor_scsn_006202,298179,1,down,411.7701110839844
-6204,anchor_scsn_006203,298291,1,down,120.25657653808594
-6205,anchor_scsn_006204,298393,1,down,83.670654296875
-6206,anchor_scsn_006205,298591,1,down,118.0622329711914
-6207,anchor_scsn_006206,298698,1,down,197.3654022216797
-6208,anchor_scsn_006207,298838,1,down,64.5108871459961
-6209,anchor_scsn_006208,298962,1,down,56.529212951660156
-6210,anchor_scsn_006209,299447,1,down,53.58113479614258
-6211,anchor_scsn_006210,299604,1,down,71.7868881225586
-6212,anchor_scsn_006211,299764,1,down,55.769065856933594
-6213,anchor_scsn_006212,300111,1,down,169.06480407714844
-6214,anchor_scsn_006213,300569,1,down,85.18303680419922
-6215,anchor_scsn_006214,300684,1,down,88.50531005859375
-6216,anchor_scsn_006215,300967,1,down,106.90971374511719
-6217,anchor_scsn_006216,301180,1,down,68.76959228515625
-6218,anchor_scsn_006217,301576,1,down,229.89369201660156
-6219,anchor_scsn_006218,301730,1,down,306.01495361328125
-6220,anchor_scsn_006219,301972,1,down,78.42860412597656
-6221,anchor_scsn_006220,302155,1,down,94.3267593383789
-6222,anchor_scsn_006221,302191,1,down,124.91474914550781
-6223,anchor_scsn_006222,302195,1,down,85.84651947021484
-6224,anchor_scsn_006223,302349,1,down,309.1741638183594
-6225,anchor_scsn_006224,302441,1,down,154.71974182128906
-6226,anchor_scsn_006225,302682,1,down,129.81422424316406
-6227,anchor_scsn_006226,302860,1,down,112.2570571899414
-6228,anchor_scsn_006227,303094,1,down,114.87601470947266
-6229,anchor_scsn_006228,303106,1,down,121.64299011230469
-6230,anchor_scsn_006229,303184,1,down,448.8497009277344
-6231,anchor_scsn_006230,303541,1,down,57.30498123168945
-6232,anchor_scsn_006231,303598,1,down,185.6868438720703
-6233,anchor_scsn_006232,303892,1,down,158.1561737060547
-6234,anchor_scsn_006233,304322,1,down,75.29850006103516
-6235,anchor_scsn_006234,304615,1,down,69.25519561767578
-6236,anchor_scsn_006235,304775,1,down,60.90743637084961
-6237,anchor_scsn_006236,305113,1,down,116.22969055175781
-6238,anchor_scsn_006237,305486,1,down,183.1359100341797
-6239,anchor_scsn_006238,306002,1,down,95.1756820678711
-6240,anchor_scsn_006239,306288,1,down,68.86336517333984
-6241,anchor_scsn_006240,306788,1,down,92.4751968383789
-6242,anchor_scsn_006241,307251,1,down,50.50311279296875
-6243,anchor_scsn_006242,307420,1,down,109.53898620605469
-6244,anchor_scsn_006243,307829,1,down,117.77001190185547
-6245,anchor_scsn_006244,308149,1,down,76.25761413574219
-6246,anchor_scsn_006245,308166,1,down,70.25259399414062
-6247,anchor_scsn_006246,308196,1,down,345.0827331542969
-6248,anchor_scsn_006247,308267,1,down,76.73055267333984
-6249,anchor_scsn_006248,308815,1,down,954.2229614257812
-6250,anchor_scsn_006249,308834,1,down,63.7743034362793
-6251,anchor_scsn_006250,308951,1,down,73.97772216796875
-6252,anchor_scsn_006251,308971,1,down,151.46243286132812
-6253,anchor_scsn_006252,308994,1,down,132.041015625
-6254,anchor_scsn_006253,309189,1,down,69.82483673095703
-6255,anchor_scsn_006254,309266,1,down,55.0266227722168
-6256,anchor_scsn_006255,309878,1,down,93.99057006835938
-6257,anchor_scsn_006256,309934,1,down,108.26128387451172
-6258,anchor_scsn_006257,310004,1,down,66.9796142578125
-6259,anchor_scsn_006258,310197,1,down,144.6005401611328
-6260,anchor_scsn_006259,311277,1,down,53.47296142578125
-6261,anchor_scsn_006260,311369,1,down,179.65631103515625
-6262,anchor_scsn_006261,311383,1,down,50.17110824584961
-6263,anchor_scsn_006262,311629,1,down,437.0710144042969
-6264,anchor_scsn_006263,311894,1,down,70.94600677490234
-6265,anchor_scsn_006264,311961,1,down,68.67146301269531
-6266,anchor_scsn_006265,312537,1,down,430.3682861328125
-6267,anchor_scsn_006266,312881,1,down,60.82625198364258
-6268,anchor_scsn_006267,312927,1,down,50.55001449584961
-6269,anchor_scsn_006268,313396,1,down,178.2100830078125
-6270,anchor_scsn_006269,313496,1,down,239.41091918945312
-6271,anchor_scsn_006270,313789,1,down,213.15467834472656
-6272,anchor_scsn_006271,314171,1,down,59.519039154052734
-6273,anchor_scsn_006272,314457,1,down,469.81109619140625
-6274,anchor_scsn_006273,314523,1,down,78.51403045654297
-6275,anchor_scsn_006274,314571,1,down,124.9862060546875
-6276,anchor_scsn_006275,315174,1,down,55.5307731628418
-6277,anchor_scsn_006276,315275,1,down,99.21039581298828
-6278,anchor_scsn_006277,315371,1,down,360.66778564453125
-6279,anchor_scsn_006278,315651,1,down,82.52064514160156
-6280,anchor_scsn_006279,316292,1,down,56.72343826293945
-6281,anchor_scsn_006280,316857,1,down,114.330078125
-6282,anchor_scsn_006281,317047,1,down,73.42115020751953
-6283,anchor_scsn_006282,317081,1,down,367.8697814941406
-6284,anchor_scsn_006283,317091,1,down,376.9132080078125
-6285,anchor_scsn_006284,317167,1,down,54.24717330932617
-6286,anchor_scsn_006285,317182,1,down,51.44476318359375
-6287,anchor_scsn_006286,317858,1,down,129.42758178710938
-6288,anchor_scsn_006287,317942,1,down,50.19854736328125
-6289,anchor_scsn_006288,318227,1,down,92.54444885253906
-6290,anchor_scsn_006289,318239,1,down,85.91839599609375
-6291,anchor_scsn_006290,318337,1,down,60.922142028808594
-6292,anchor_scsn_006291,318353,1,down,142.52120971679688
-6293,anchor_scsn_006292,318949,1,down,179.93019104003906
-6294,anchor_scsn_006293,319101,1,down,84.68292999267578
-6295,anchor_scsn_006294,319181,1,down,56.252899169921875
-6296,anchor_scsn_006295,319439,1,down,59.148040771484375
-6297,anchor_scsn_006296,319550,1,down,112.81269836425781
-6298,anchor_scsn_006297,319890,1,down,170.89393615722656
-6299,anchor_scsn_006298,319903,1,down,59.27298355102539
-6300,anchor_scsn_006299,320197,1,down,247.96055603027344
-6301,anchor_scsn_006300,320317,1,down,137.00628662109375
-6302,anchor_scsn_006301,320331,1,down,54.272483825683594
-6303,anchor_scsn_006302,320588,1,down,66.10102081298828
-6304,anchor_scsn_006303,320611,1,down,54.94367980957031
-6305,anchor_scsn_006304,320666,1,down,79.20210266113281
-6306,anchor_scsn_006305,320777,1,down,62.7371940612793
-6307,anchor_scsn_006306,321757,1,down,119.66159057617188
-6308,anchor_scsn_006307,321937,1,down,62.0350456237793
-6309,anchor_scsn_006308,323017,1,down,62.17390060424805
-6310,anchor_scsn_006309,323289,1,down,105.69142150878906
-6311,anchor_scsn_006310,323515,1,down,146.11317443847656
-6312,anchor_scsn_006311,323563,1,down,70.182373046875
-6313,anchor_scsn_006312,323773,1,down,91.68247985839844
-6314,anchor_scsn_006313,324059,1,down,94.01206970214844
-6315,anchor_scsn_006314,324323,1,down,67.61265563964844
-6316,anchor_scsn_006315,324646,1,down,305.01220703125
-6317,anchor_scsn_006316,324884,1,down,425.16925048828125
-6318,anchor_scsn_006317,325159,1,down,51.2929573059082
-6319,anchor_scsn_006318,325534,1,down,75.9678726196289
-6320,anchor_scsn_006319,326124,1,down,71.69611358642578
-6321,anchor_scsn_006320,326997,1,down,60.76401138305664
-6322,anchor_scsn_006321,327028,1,down,53.2558479309082
-6323,anchor_scsn_006322,327082,1,down,75.1135025024414
-6324,anchor_scsn_006323,327423,1,down,118.56029510498047
-6325,anchor_scsn_006324,327672,1,down,70.60506439208984
-6326,anchor_scsn_006325,327756,1,down,195.34689331054688
-6327,anchor_scsn_006326,327791,1,down,325.0177001953125
-6328,anchor_scsn_006327,327951,1,down,69.6238021850586
-6329,anchor_scsn_006328,328005,1,down,53.614471435546875
-6330,anchor_scsn_006329,328373,1,down,99.4920883178711
-6331,anchor_scsn_006330,328770,1,down,94.39643096923828
-6332,anchor_scsn_006331,328947,1,down,431.5435485839844
-6333,anchor_scsn_006332,329249,1,down,126.56758117675781
-6334,anchor_scsn_006333,329955,1,down,127.01207733154297
-6335,anchor_scsn_006334,330040,1,down,72.2832260131836
-6336,anchor_scsn_006335,330177,1,down,89.21451568603516
-6337,anchor_scsn_006336,330499,1,down,114.97816467285156
-6338,anchor_scsn_006337,330543,1,down,53.870548248291016
-6339,anchor_scsn_006338,330644,1,down,51.80410385131836
-6340,anchor_scsn_006339,331057,1,down,533.6141357421875
-6341,anchor_scsn_006340,331483,1,down,347.0023193359375
-6342,anchor_scsn_006341,332673,1,down,245.1704864501953
-6343,anchor_scsn_006342,332689,1,down,55.78238296508789
-6344,anchor_scsn_006343,332691,1,down,50.877845764160156
-6345,anchor_scsn_006344,333112,1,down,112.12731170654297
-6346,anchor_scsn_006345,333295,1,down,197.8950653076172
-6347,anchor_scsn_006346,333421,1,down,147.86276245117188
-6348,anchor_scsn_006347,333841,1,down,53.896427154541016
-6349,anchor_scsn_006348,334383,1,down,50.63810348510742
-6350,anchor_scsn_006349,334416,1,down,51.76604461669922
-6351,anchor_scsn_006350,334647,1,down,109.8922119140625
-6352,anchor_scsn_006351,334852,1,down,89.98336029052734
-6353,anchor_scsn_006352,335233,1,down,212.77171325683594
-6354,anchor_scsn_006353,335442,1,down,424.1358947753906
-6355,anchor_scsn_006354,336139,1,down,89.04610443115234
-6356,anchor_scsn_006355,336532,1,down,70.67582702636719
-6357,anchor_scsn_006356,336700,1,down,175.67013549804688
-6358,anchor_scsn_006357,337157,1,down,62.02101135253906
-6359,anchor_scsn_006358,337241,1,down,68.25080871582031
-6360,anchor_scsn_006359,337341,1,down,54.377662658691406
-6361,anchor_scsn_006360,337733,1,down,332.5815124511719
-6362,anchor_scsn_006361,338052,1,down,631.1978149414062
-6363,anchor_scsn_006362,338519,1,down,96.39176940917969
-6364,anchor_scsn_006363,338573,1,down,284.49981689453125
-6365,anchor_scsn_006364,338588,1,down,97.27497863769531
-6366,anchor_scsn_006365,338603,1,down,91.673583984375
-6367,anchor_scsn_006366,338708,1,down,276.5625915527344
-6368,anchor_scsn_006367,338798,1,down,86.52803802490234
-6369,anchor_scsn_006368,338851,1,down,58.71799850463867
-6370,anchor_scsn_006369,338970,1,down,50.08019256591797
-6371,anchor_scsn_006370,339098,1,down,84.87915802001953
-6372,anchor_scsn_006371,339110,1,down,79.69798278808594
-6373,anchor_scsn_006372,339150,1,down,117.14762115478516
-6374,anchor_scsn_006373,339229,1,down,310.8001403808594
-6375,anchor_scsn_006374,339291,1,down,53.86176681518555
-6376,anchor_scsn_006375,339384,1,down,175.5736541748047
-6377,anchor_scsn_006376,339684,1,down,95.44013977050781
-6378,anchor_scsn_006377,339758,1,down,62.589481353759766
-6379,anchor_scsn_006378,339827,1,down,86.69343566894531
-6380,anchor_scsn_006379,339939,1,down,71.63610076904297
-6381,anchor_scsn_006380,340269,1,down,84.91275024414062
-6382,anchor_scsn_006381,340436,1,down,72.05946350097656
-6383,anchor_scsn_006382,340488,1,down,67.83167266845703
-6384,anchor_scsn_006383,340611,1,down,55.91149139404297
-6385,anchor_scsn_006384,340810,1,down,127.35250091552734
-6386,anchor_scsn_006385,340909,1,down,66.89456939697266
-6387,anchor_scsn_006386,340961,1,down,94.73226165771484
-6388,anchor_scsn_006387,341444,1,down,121.59507751464844
-6389,anchor_scsn_006388,341464,1,down,89.54183197021484
-6390,anchor_scsn_006389,341571,1,down,64.69520568847656
-6391,anchor_scsn_006390,341573,1,down,148.10589599609375
-6392,anchor_scsn_006391,341759,1,down,206.5124053955078
-6393,anchor_scsn_006392,341893,1,down,119.92163848876953
-6394,anchor_scsn_006393,342244,1,down,57.40628433227539
-6395,anchor_scsn_006394,342301,1,down,261.3381652832031
-6396,anchor_scsn_006395,342345,1,down,70.06146240234375
-6397,anchor_scsn_006396,342655,1,down,208.91629028320312
-6398,anchor_scsn_006397,342913,1,down,84.85324096679688
-6399,anchor_scsn_006398,344047,1,down,114.66817474365234
-6400,anchor_scsn_006399,344181,1,down,148.90106201171875
-6401,anchor_scsn_006400,345005,1,down,177.2415008544922
-6402,anchor_scsn_006401,345049,1,down,696.1825561523438
-6403,anchor_scsn_006402,345130,1,down,77.8283462524414
-6404,anchor_scsn_006403,345176,1,down,150.18093872070312
-6405,anchor_scsn_006404,345240,1,down,93.47047424316406
-6406,anchor_scsn_006405,345263,1,down,52.595767974853516
-6407,anchor_scsn_006406,345276,1,down,50.93844985961914
-6408,anchor_scsn_006407,345345,1,down,61.75313186645508
-6409,anchor_scsn_006408,345459,1,down,187.360595703125
-6410,anchor_scsn_006409,345582,1,down,61.108333587646484
-6411,anchor_scsn_006410,345683,1,down,86.13084411621094
-6412,anchor_scsn_006411,345738,1,down,132.22125244140625
-6413,anchor_scsn_006412,346422,1,down,70.20646667480469
-6414,anchor_scsn_006413,346495,1,down,188.80380249023438
-6415,anchor_scsn_006414,346567,1,down,59.52167892456055
-6416,anchor_scsn_006415,346666,1,down,69.74942016601562
-6417,anchor_scsn_006416,346691,1,down,53.109718322753906
-6418,anchor_scsn_006417,346923,1,down,137.7480010986328
-6419,anchor_scsn_006418,347399,1,down,65.55445861816406
-6420,anchor_scsn_006419,347729,1,down,88.56852722167969
-6421,anchor_scsn_006420,347817,1,down,53.160179138183594
-6422,anchor_scsn_006421,348355,1,down,390.2168273925781
-6423,anchor_scsn_006422,348378,1,down,51.33706283569336
-6424,anchor_scsn_006423,348381,1,down,99.2071304321289
-6425,anchor_scsn_006424,348540,1,down,106.83213806152344
-6426,anchor_scsn_006425,348542,1,down,179.5450897216797
-6427,anchor_scsn_006426,348630,1,down,121.61505889892578
-6428,anchor_scsn_006427,348659,1,down,82.67610168457031
-6429,anchor_scsn_006428,349041,1,down,52.70987319946289
-6430,anchor_scsn_006429,349414,1,down,53.43062973022461
-6431,anchor_scsn_006430,349427,1,down,250.67579650878906
-6432,anchor_scsn_006431,349919,1,down,170.2712860107422
-6433,anchor_scsn_006432,350162,1,down,784.9661254882812
-6434,anchor_scsn_006433,351726,1,down,72.34037017822266
-6435,anchor_scsn_006434,351939,1,down,213.39349365234375
-6436,anchor_scsn_006435,352074,1,down,116.05525207519531
-6437,anchor_scsn_006436,352124,1,down,103.7933120727539
-6438,anchor_scsn_006437,352489,1,down,62.41034698486328
-6439,anchor_scsn_006438,353042,1,down,62.24347686767578
-6440,anchor_scsn_006439,353425,1,down,147.9173126220703
-6441,anchor_scsn_006440,353433,1,down,779.3353881835938
-6442,anchor_scsn_006441,354637,1,down,437.3621520996094
-6443,anchor_scsn_006442,354710,1,down,83.20874786376953
-6444,anchor_scsn_006443,354800,1,down,50.29420852661133
-6445,anchor_scsn_006444,355934,1,down,152.16697692871094
-6446,anchor_scsn_006445,356043,1,down,63.82392883300781
-6447,anchor_scsn_006446,356436,1,down,225.03573608398438
-6448,anchor_scsn_006447,356470,1,down,59.88174057006836
-6449,anchor_scsn_006448,356518,1,down,55.59827423095703
-6450,anchor_scsn_006449,356562,1,down,134.44644165039062
-6451,anchor_scsn_006450,356828,1,down,252.72015380859375
-6452,anchor_scsn_006451,357346,1,down,92.15382385253906
-6453,anchor_scsn_006452,357377,1,down,52.8764533996582
-6454,anchor_scsn_006453,357698,1,down,63.0481071472168
-6455,anchor_scsn_006454,357723,1,down,118.88472747802734
-6456,anchor_scsn_006455,357959,1,down,63.26743698120117
-6457,anchor_scsn_006456,358179,1,down,141.8562469482422
-6458,anchor_scsn_006457,358508,1,down,60.46131134033203
-6459,anchor_scsn_006458,358524,1,down,57.13005065917969
-6460,anchor_scsn_006459,358850,1,down,64.17523193359375
-6461,anchor_scsn_006460,358967,1,down,232.25746154785156
-6462,anchor_scsn_006461,359276,1,down,152.29537963867188
-6463,anchor_scsn_006462,359359,1,down,282.9945983886719
-6464,anchor_scsn_006463,359639,1,down,62.86268997192383
-6465,anchor_scsn_006464,359720,1,down,79.53750610351562
-6466,anchor_scsn_006465,360016,1,down,94.13505554199219
-6467,anchor_scsn_006466,360030,1,down,53.89288330078125
-6468,anchor_scsn_006467,360037,1,down,65.79049682617188
-6469,anchor_scsn_006468,360094,1,down,287.82476806640625
-6470,anchor_scsn_006469,360444,1,down,54.93690872192383
-6471,anchor_scsn_006470,360558,1,down,91.6054916381836
-6472,anchor_scsn_006471,361037,1,down,254.2213134765625
-6473,anchor_scsn_006472,361206,1,down,81.74932098388672
-6474,anchor_scsn_006473,361280,1,down,116.79864501953125
-6475,anchor_scsn_006474,361435,1,down,118.69890594482422
-6476,anchor_scsn_006475,361438,1,down,194.15623474121094
-6477,anchor_scsn_006476,361527,1,down,472.2123107910156
-6478,anchor_scsn_006477,361679,1,down,56.18568420410156
-6479,anchor_scsn_006478,363027,1,down,220.53396606445312
-6480,anchor_scsn_006479,363906,1,down,957.3306274414062
-6481,anchor_scsn_006480,363918,1,down,214.83612060546875
-6482,anchor_scsn_006481,364022,1,down,121.98372650146484
-6483,anchor_scsn_006482,364228,1,down,64.50719451904297
-6484,anchor_scsn_006483,364651,1,down,54.60214614868164
-6485,anchor_scsn_006484,364937,1,down,70.5572280883789
-6486,anchor_scsn_006485,364962,1,down,204.54690551757812
-6487,anchor_scsn_006486,364984,1,down,88.52632904052734
-6488,anchor_scsn_006487,365058,1,down,56.682071685791016
-6489,anchor_scsn_006488,365141,1,down,695.0414428710938
-6490,anchor_scsn_006489,366118,1,down,159.74729919433594
-6491,anchor_scsn_006490,366294,1,down,149.69834899902344
-6492,anchor_scsn_006491,366424,1,down,51.59622573852539
-6493,anchor_scsn_006492,366443,1,down,161.68731689453125
-6494,anchor_scsn_006493,366509,1,down,115.89851379394531
-6495,anchor_scsn_006494,366830,1,down,137.793701171875
-6496,anchor_scsn_006495,366854,1,down,932.3565673828125
-6497,anchor_scsn_006496,368008,1,down,148.46669006347656
-6498,anchor_scsn_006497,368131,1,down,74.18140411376953
-6499,anchor_scsn_006498,368241,1,down,54.159324645996094
-6500,anchor_scsn_006499,368345,1,down,58.470680236816406
-6501,anchor_scsn_006500,368711,1,down,62.69972229003906
-6502,anchor_scsn_006501,369070,1,down,223.5579833984375
-6503,anchor_scsn_006502,369695,1,down,364.0244445800781
-6504,anchor_scsn_006503,369814,1,down,198.99449157714844
-6505,anchor_scsn_006504,370118,1,down,230.29617309570312
-6506,anchor_scsn_006505,370127,1,down,204.22671508789062
-6507,anchor_scsn_006506,370677,1,down,137.06944274902344
-6508,anchor_scsn_006507,370791,1,down,66.36775207519531
-6509,anchor_scsn_006508,370888,1,down,180.2380828857422
-6510,anchor_scsn_006509,371472,1,down,114.09522247314453
-6511,anchor_scsn_006510,371753,1,down,191.24716186523438
-6512,anchor_scsn_006511,371844,1,down,293.982177734375
-6513,anchor_scsn_006512,371881,1,down,56.342350006103516
-6514,anchor_scsn_006513,372332,1,down,58.27705764770508
-6515,anchor_scsn_006514,372538,1,down,144.21055603027344
-6516,anchor_scsn_006515,372571,1,down,152.5675811767578
-6517,anchor_scsn_006516,373013,1,down,629.8192138671875
-6518,anchor_scsn_006517,373124,1,down,63.52254104614258
-6519,anchor_scsn_006518,373288,1,down,79.85785675048828
-6520,anchor_scsn_006519,373447,1,down,111.91641235351562
-6521,anchor_scsn_006520,373482,1,down,101.89688873291016
-6522,anchor_scsn_006521,373629,1,down,83.93377685546875
-6523,anchor_scsn_006522,373813,1,down,108.2208251953125
-6524,anchor_scsn_006523,374087,1,down,210.82118225097656
-6525,anchor_scsn_006524,374553,1,down,66.9025650024414
-6526,anchor_scsn_006525,375289,1,down,58.483314514160156
-6527,anchor_scsn_006526,375343,1,down,253.4512939453125
-6528,anchor_scsn_006527,375807,1,down,123.38237762451172
-6529,anchor_scsn_006528,375816,1,down,58.81610107421875
-6530,anchor_scsn_006529,375938,1,down,178.7135009765625
-6531,anchor_scsn_006530,376442,1,down,156.0845489501953
-6532,anchor_scsn_006531,376844,1,down,69.91986846923828
-6533,anchor_scsn_006532,377074,1,down,66.6619644165039
-6534,anchor_scsn_006533,377186,1,down,156.61387634277344
-6535,anchor_scsn_006534,377258,1,down,63.86041259765625
-6536,anchor_scsn_006535,377580,1,down,134.6575469970703
-6537,anchor_scsn_006536,377889,1,down,386.46563720703125
-6538,anchor_scsn_006537,378322,1,down,124.46636199951172
-6539,anchor_scsn_006538,378353,1,down,200.4092254638672
-6540,anchor_scsn_006539,378859,1,down,407.4598693847656
-6541,anchor_scsn_006540,378961,1,down,111.4028549194336
-6542,anchor_scsn_006541,378967,1,down,74.01646423339844
-6543,anchor_scsn_006542,379242,1,down,54.08286666870117
-6544,anchor_scsn_006543,379356,1,down,684.5067138671875
-6545,anchor_scsn_006544,379429,1,down,60.153350830078125
-6546,anchor_scsn_006545,379540,1,down,77.92507934570312
-6547,anchor_scsn_006546,379591,1,down,182.61239624023438
-6548,anchor_scsn_006547,379708,1,down,77.25138854980469
-6549,anchor_scsn_006548,379742,1,down,149.60865783691406
-6550,anchor_scsn_006549,380935,1,down,66.0389175415039
-6551,anchor_scsn_006550,381063,1,down,58.25764083862305
-6552,anchor_scsn_006551,381509,1,down,58.198272705078125
-6553,anchor_scsn_006552,381601,1,down,54.21363830566406
-6554,anchor_scsn_006553,381645,1,down,69.54204559326172
-6555,anchor_scsn_006554,381679,1,down,74.18644714355469
-6556,anchor_scsn_006555,381735,1,down,52.93463134765625
-6557,anchor_scsn_006556,381823,1,down,51.0965461730957
-6558,anchor_scsn_006557,381889,1,down,108.15652465820312
-6559,anchor_scsn_006558,382107,1,down,104.14820861816406
-6560,anchor_scsn_006559,382341,1,down,97.7203598022461
-6561,anchor_scsn_006560,382962,1,down,67.7704086303711
-6562,anchor_scsn_006561,383053,1,down,51.29403305053711
-6563,anchor_scsn_006562,383553,1,down,126.02672576904297
-6564,anchor_scsn_006563,383777,1,down,61.30067443847656
-6565,anchor_scsn_006564,383972,1,down,141.3953399658203
-6566,anchor_scsn_006565,384000,1,down,52.843719482421875
-6567,anchor_scsn_006566,384068,1,down,60.535926818847656
-6568,anchor_scsn_006567,384263,1,down,179.54249572753906
-6569,anchor_scsn_006568,384300,1,down,463.03143310546875
-6570,anchor_scsn_006569,384407,1,down,161.5049591064453
-6571,anchor_scsn_006570,384436,1,down,90.83256530761719
-6572,anchor_scsn_006571,384465,1,down,84.48458862304688
-6573,anchor_scsn_006572,384757,1,down,120.21237182617188
-6574,anchor_scsn_006573,385291,1,down,171.37457275390625
-6575,anchor_scsn_006574,385659,1,down,87.37206268310547
-6576,anchor_scsn_006575,385712,1,down,85.11116027832031
-6577,anchor_scsn_006576,385769,1,down,58.73786163330078
-6578,anchor_scsn_006577,385790,1,down,232.27896118164062
-6579,anchor_scsn_006578,385971,1,down,68.72280883789062
-6580,anchor_scsn_006579,386050,1,down,159.64016723632812
-6581,anchor_scsn_006580,386300,1,down,188.80409240722656
-6582,anchor_scsn_006581,386316,1,down,286.8006591796875
-6583,anchor_scsn_006582,386372,1,down,130.0924530029297
-6584,anchor_scsn_006583,386375,1,down,370.05023193359375
-6585,anchor_scsn_006584,386586,1,down,146.55252075195312
-6586,anchor_scsn_006585,387696,1,down,74.95159149169922
-6587,anchor_scsn_006586,387845,1,down,190.62405395507812
-6588,anchor_scsn_006587,388079,1,down,76.95481872558594
-6589,anchor_scsn_006588,388136,1,down,66.1072006225586
-6590,anchor_scsn_006589,388270,1,down,106.93547821044922
-6591,anchor_scsn_006590,389251,1,down,141.06698608398438
-6592,anchor_scsn_006591,389283,1,down,157.6295928955078
-6593,anchor_scsn_006592,389853,1,down,77.72886657714844
-6594,anchor_scsn_006593,389897,1,down,58.884620666503906
-6595,anchor_scsn_006594,390259,1,down,169.86575317382812
-6596,anchor_scsn_006595,390384,1,down,65.89640045166016
-6597,anchor_scsn_006596,390409,1,down,100.47110748291016
-6598,anchor_scsn_006597,391471,1,down,492.7713623046875
-6599,anchor_scsn_006598,391739,1,down,68.76640319824219
-6600,anchor_scsn_006599,391964,1,down,147.57936096191406
-6601,anchor_scsn_006600,392091,1,down,62.2009391784668
-6602,anchor_scsn_006601,392130,1,down,57.749061584472656
-6603,anchor_scsn_006602,392169,1,down,67.81433868408203
-6604,anchor_scsn_006603,392487,1,down,54.954586029052734
-6605,anchor_scsn_006604,392682,1,down,114.98223876953125
-6606,anchor_scsn_006605,393009,1,down,239.7974395751953
-6607,anchor_scsn_006606,393667,1,down,484.493408203125
-6608,anchor_scsn_006607,393715,1,down,62.74684524536133
-6609,anchor_scsn_006608,393878,1,down,54.44953536987305
-6610,anchor_scsn_006609,393905,1,down,64.96759033203125
-6611,anchor_scsn_006610,394143,1,down,80.19641876220703
-6612,anchor_scsn_006611,394158,1,down,55.00185775756836
-6613,anchor_scsn_006612,394243,1,down,57.44103240966797
-6614,anchor_scsn_006613,394250,1,down,152.43655395507812
-6615,anchor_scsn_006614,394308,1,down,52.294776916503906
-6616,anchor_scsn_006615,394449,1,down,150.13192749023438
-6617,anchor_scsn_006616,394690,1,down,209.37403869628906
-6618,anchor_scsn_006617,395493,1,down,96.63082885742188
-6619,anchor_scsn_006618,395577,1,down,87.61311340332031
-6620,anchor_scsn_006619,395610,1,down,99.4662094116211
-6621,anchor_scsn_006620,395614,1,down,155.50794982910156
-6622,anchor_scsn_006621,395657,1,down,122.81663513183594
-6623,anchor_scsn_006622,396237,1,down,136.43212890625
-6624,anchor_scsn_006623,396313,1,down,97.44644927978516
-6625,anchor_scsn_006624,396590,1,down,65.21890258789062
-6626,anchor_scsn_006625,396622,1,down,59.010536193847656
-6627,anchor_scsn_006626,396705,1,down,184.4827117919922
-6628,anchor_scsn_006627,397128,1,down,85.99760437011719
-6629,anchor_scsn_006628,397174,1,down,384.7577209472656
-6630,anchor_scsn_006629,397271,1,down,422.6530456542969
-6631,anchor_scsn_006630,397544,1,down,163.6251220703125
-6632,anchor_scsn_006631,397985,1,down,59.88003158569336
-6633,anchor_scsn_006632,398196,1,down,191.35997009277344
-6634,anchor_scsn_006633,398213,1,down,126.67156219482422
-6635,anchor_scsn_006634,398347,1,down,323.7105407714844
-6636,anchor_scsn_006635,399608,1,down,54.42565155029297
-6637,anchor_scsn_006636,399706,1,down,116.48388671875
-6638,anchor_scsn_006637,399816,1,down,105.10958862304688
-6639,anchor_scsn_006638,399817,1,down,53.8651237487793
-6640,anchor_scsn_006639,400040,1,down,89.49723815917969
-6641,anchor_scsn_006640,400190,1,down,162.78541564941406
-6642,anchor_scsn_006641,400470,1,down,135.45083618164062
-6643,anchor_scsn_006642,401323,1,down,63.587032318115234
-6644,anchor_scsn_006643,401547,1,down,78.75858306884766
-6645,anchor_scsn_006644,402360,1,down,197.607421875
-6646,anchor_scsn_006645,402407,1,down,69.71851348876953
-6647,anchor_scsn_006646,402619,1,down,60.002105712890625
-6648,anchor_scsn_006647,402968,1,down,63.863094329833984
-6649,anchor_scsn_006648,403041,1,down,71.41789245605469
-6650,anchor_scsn_006649,403151,1,down,154.78350830078125
-6651,anchor_scsn_006650,403606,1,down,158.2541046142578
-6652,anchor_scsn_006651,403935,1,down,341.5969543457031
-6653,anchor_scsn_006652,404548,1,down,52.230308532714844
-6654,anchor_scsn_006653,404679,1,down,104.25630950927734
-6655,anchor_scsn_006654,404746,1,down,143.6197052001953
-6656,anchor_scsn_006655,404881,1,down,230.23098754882812
-6657,anchor_scsn_006656,405009,1,down,103.02880859375
-6658,anchor_scsn_006657,405243,1,down,211.44296264648438
-6659,anchor_scsn_006658,405333,1,down,68.810791015625
-6660,anchor_scsn_006659,405478,1,down,145.62855529785156
-6661,anchor_scsn_006660,405505,1,down,57.47311782836914
-6662,anchor_scsn_006661,405955,1,down,60.85115051269531
-6663,anchor_scsn_006662,406121,1,down,256.9643249511719
-6664,anchor_scsn_006663,406242,1,down,147.08047485351562
-6665,anchor_scsn_006664,406359,1,down,88.21541595458984
-6666,anchor_scsn_006665,406706,1,down,58.46742248535156
-6667,anchor_scsn_006666,406866,1,down,77.63231658935547
-6668,anchor_scsn_006667,407041,1,down,61.67774963378906
-6669,anchor_scsn_006668,407056,1,down,233.5186309814453
-6670,anchor_scsn_006669,407086,1,down,89.66187286376953
-6671,anchor_scsn_006670,407166,1,down,71.5421142578125
-6672,anchor_scsn_006671,407996,1,down,140.41822814941406
-6673,anchor_scsn_006672,408098,1,down,80.43550872802734
-6674,anchor_scsn_006673,408099,1,down,50.977874755859375
-6675,anchor_scsn_006674,408477,1,down,657.3875732421875
-6676,anchor_scsn_006675,408525,1,down,111.9070053100586
-6677,anchor_scsn_006676,408636,1,down,108.56951904296875
-6678,anchor_scsn_006677,408778,1,down,55.297637939453125
-6679,anchor_scsn_006678,409089,1,down,133.03782653808594
-6680,anchor_scsn_006679,409147,1,down,259.79278564453125
-6681,anchor_scsn_006680,409325,1,down,123.19032287597656
-6682,anchor_scsn_006681,409515,1,down,110.27626037597656
-6683,anchor_scsn_006682,409851,1,down,77.18225860595703
-6684,anchor_scsn_006683,409955,1,down,58.03736877441406
-6685,anchor_scsn_006684,410057,1,down,58.54625701904297
-6686,anchor_scsn_006685,410213,1,down,50.86138153076172
-6687,anchor_scsn_006686,410287,1,down,71.08184051513672
-6688,anchor_scsn_006687,410394,1,down,79.64332580566406
-6689,anchor_scsn_006688,410975,1,down,76.87186431884766
-6690,anchor_scsn_006689,411017,1,down,77.50247192382812
-6691,anchor_scsn_006690,411403,1,down,476.8927001953125
-6692,anchor_scsn_006691,411507,1,down,91.55680847167969
-6693,anchor_scsn_006692,411510,1,down,66.48267364501953
-6694,anchor_scsn_006693,411576,1,down,203.06182861328125
-6695,anchor_scsn_006694,411623,1,down,122.20841979980469
-6696,anchor_scsn_006695,411945,1,down,132.0526123046875
-6697,anchor_scsn_006696,412333,1,down,176.0658416748047
-6698,anchor_scsn_006697,412937,1,down,86.80428314208984
-6699,anchor_scsn_006698,413149,1,down,105.19837188720703
-6700,anchor_scsn_006699,413884,1,down,84.24497985839844
-6701,anchor_scsn_006700,414025,1,down,111.66788482666016
-6702,anchor_scsn_006701,414624,1,down,54.032562255859375
-6703,anchor_scsn_006702,414689,1,down,285.7330627441406
-6704,anchor_scsn_006703,414711,1,down,244.64337158203125
-6705,anchor_scsn_006704,415055,1,down,91.07240295410156
-6706,anchor_scsn_006705,415325,1,down,71.0239486694336
-6707,anchor_scsn_006706,415488,1,down,251.01646423339844
-6708,anchor_scsn_006707,415778,1,down,51.74090576171875
-6709,anchor_scsn_006708,415873,1,down,110.6833724975586
-6710,anchor_scsn_006709,415968,1,down,58.33623123168945
-6711,anchor_scsn_006710,416628,1,down,173.06809997558594
-6712,anchor_scsn_006711,416855,1,down,138.73770141601562
-6713,anchor_scsn_006712,416916,1,down,682.8450317382812
-6714,anchor_scsn_006713,417015,1,down,140.13412475585938
-6715,anchor_scsn_006714,417193,1,down,461.5305480957031
-6716,anchor_scsn_006715,417282,1,down,243.15243530273438
-6717,anchor_scsn_006716,417593,1,down,98.42460632324219
-6718,anchor_scsn_006717,417735,1,down,55.35662078857422
-6719,anchor_scsn_006718,417834,1,down,234.8599395751953
-6720,anchor_scsn_006719,417953,1,down,234.97000122070312
-6721,anchor_scsn_006720,418057,1,down,156.33718872070312
-6722,anchor_scsn_006721,418174,1,down,120.82466125488281
-6723,anchor_scsn_006722,418187,1,down,255.0996551513672
-6724,anchor_scsn_006723,418392,1,down,52.342777252197266
-6725,anchor_scsn_006724,418722,1,down,79.85651397705078
-6726,anchor_scsn_006725,418908,1,down,113.16222381591797
-6727,anchor_scsn_006726,418938,1,down,131.90750122070312
-6728,anchor_scsn_006727,418948,1,down,72.54560852050781
-6729,anchor_scsn_006728,419114,1,down,86.4599838256836
-6730,anchor_scsn_006729,419339,1,down,66.94853210449219
-6731,anchor_scsn_006730,419495,1,down,50.66861343383789
-6732,anchor_scsn_006731,419637,1,down,77.1923599243164
-6733,anchor_scsn_006732,419905,1,down,63.99957275390625
-6734,anchor_scsn_006733,420043,1,down,72.87811279296875
-6735,anchor_scsn_006734,420249,1,down,77.3721923828125
-6736,anchor_scsn_006735,420323,1,down,97.09748077392578
-6737,anchor_scsn_006736,420789,1,down,68.21638488769531
-6738,anchor_scsn_006737,421111,1,down,107.14523315429688
-6739,anchor_scsn_006738,421439,1,down,56.374298095703125
-6740,anchor_scsn_006739,421691,1,down,104.18445587158203
-6741,anchor_scsn_006740,422784,1,down,62.28647994995117
-6742,anchor_scsn_006741,422814,1,down,137.21536254882812
-6743,anchor_scsn_006742,422863,1,down,63.875492095947266
-6744,anchor_scsn_006743,423533,1,down,52.819976806640625
-6745,anchor_scsn_006744,423743,1,down,75.68558502197266
-6746,anchor_scsn_006745,424565,1,down,51.30611801147461
-6747,anchor_scsn_006746,424744,1,down,60.48577117919922
-6748,anchor_scsn_006747,424754,1,down,59.073570251464844
-6749,anchor_scsn_006748,425096,1,down,56.9376106262207
-6750,anchor_scsn_006749,425420,1,down,428.3575439453125
-6751,anchor_scsn_006750,425676,1,down,206.28285217285156
-6752,anchor_scsn_006751,425774,1,down,467.2919006347656
-6753,anchor_scsn_006752,425966,1,down,189.59214782714844
-6754,anchor_scsn_006753,426292,1,down,458.8581237792969
-6755,anchor_scsn_006754,426793,1,down,68.4535140991211
-6756,anchor_scsn_006755,426898,1,down,80.80171203613281
-6757,anchor_scsn_006756,427538,1,down,174.1586151123047
-6758,anchor_scsn_006757,427931,1,down,141.99066162109375
-6759,anchor_scsn_006758,428192,1,down,53.88475799560547
-6760,anchor_scsn_006759,428193,1,down,73.74497985839844
-6761,anchor_scsn_006760,429077,1,down,107.0377197265625
-6762,anchor_scsn_006761,429133,1,down,51.946189880371094
-6763,anchor_scsn_006762,429572,1,down,71.92139434814453
-6764,anchor_scsn_006763,429832,1,down,194.7245635986328
-6765,anchor_scsn_006764,430746,1,down,150.54571533203125
-6766,anchor_scsn_006765,430755,1,down,111.84028625488281
-6767,anchor_scsn_006766,431014,1,down,85.48651885986328
-6768,anchor_scsn_006767,431074,1,down,86.55758666992188
-6769,anchor_scsn_006768,431149,1,down,78.5433120727539
-6770,anchor_scsn_006769,431436,1,down,93.78155517578125
-6771,anchor_scsn_006770,432314,1,down,225.55386352539062
-6772,anchor_scsn_006771,432568,1,down,68.02347564697266
-6773,anchor_scsn_006772,432927,1,down,463.3836669921875
-6774,anchor_scsn_006773,433020,1,down,106.27335357666016
-6775,anchor_scsn_006774,433206,1,down,98.31101989746094
-6776,anchor_scsn_006775,433223,1,down,96.76144409179688
-6777,anchor_scsn_006776,433361,1,down,68.87287139892578
-6778,anchor_scsn_006777,433756,1,down,69.64923095703125
-6779,anchor_scsn_006778,434041,1,down,87.089111328125
-6780,anchor_scsn_006779,434236,1,down,79.83906555175781
-6781,anchor_scsn_006780,434412,1,down,224.54421997070312
-6782,anchor_scsn_006781,434419,1,down,117.11597442626953
-6783,anchor_scsn_006782,434575,1,down,58.0955696105957
-6784,anchor_scsn_006783,434868,1,down,78.34538269042969
-6785,anchor_scsn_006784,435071,1,down,76.61936950683594
-6786,anchor_scsn_006785,436521,1,down,95.07008361816406
-6787,anchor_scsn_006786,436902,1,down,508.1018371582031
-6788,anchor_scsn_006787,437082,1,down,52.415435791015625
-6789,anchor_scsn_006788,437233,1,down,209.87515258789062
-6790,anchor_scsn_006789,437544,1,down,56.431068420410156
-6791,anchor_scsn_006790,437710,1,down,56.64174270629883
-6792,anchor_scsn_006791,437868,1,down,73.21800994873047
-6793,anchor_scsn_006792,438173,1,down,203.44541931152344
-6794,anchor_scsn_006793,438362,1,down,103.48468017578125
-6795,anchor_scsn_006794,438373,1,down,102.53722381591797
-6796,anchor_scsn_006795,438389,1,down,53.62638473510742
-6797,anchor_scsn_006796,438436,1,down,149.35043334960938
-6798,anchor_scsn_006797,438713,1,down,146.12164306640625
-6799,anchor_scsn_006798,439081,1,down,62.215919494628906
-6800,anchor_scsn_006799,439235,1,down,90.8424301147461
-6801,anchor_scsn_006800,439510,1,down,70.56761932373047
-6802,anchor_scsn_006801,439543,1,down,120.53480529785156
-6803,anchor_scsn_006802,439799,1,down,104.58744049072266
-6804,anchor_scsn_006803,439942,1,down,535.7631225585938
-6805,anchor_scsn_006804,440113,1,down,152.908935546875
-6806,anchor_scsn_006805,440765,1,down,436.2605285644531
-6807,anchor_scsn_006806,440831,1,down,135.69332885742188
-6808,anchor_scsn_006807,441044,1,down,121.21691131591797
-6809,anchor_scsn_006808,441433,1,down,60.681941986083984
-6810,anchor_scsn_006809,441618,1,down,70.63825988769531
-6811,anchor_scsn_006810,442431,1,down,71.97232055664062
-6812,anchor_scsn_006811,443536,1,down,123.01161193847656
-6813,anchor_scsn_006812,443793,1,down,55.40152359008789
-6814,anchor_scsn_006813,444646,1,down,88.11168670654297
-6815,anchor_scsn_006814,444709,1,down,63.14693832397461
-6816,anchor_scsn_006815,446760,1,down,124.3713607788086
-6817,anchor_scsn_006816,447083,1,down,53.63753128051758
-6818,anchor_scsn_006817,447134,1,down,66.64456176757812
-6819,anchor_scsn_006818,447308,1,down,125.73416137695312
-6820,anchor_scsn_006819,447316,1,down,615.3148803710938
-6821,anchor_scsn_006820,447384,1,down,179.634033203125
-6822,anchor_scsn_006821,447452,1,down,538.5989379882812
-6823,anchor_scsn_006822,447596,1,down,77.5246810913086
-6824,anchor_scsn_006823,447787,1,down,112.15174102783203
-6825,anchor_scsn_006824,447866,1,down,340.4866027832031
-6826,anchor_scsn_006825,448140,1,down,76.31395721435547
-6827,anchor_scsn_006826,449133,1,down,52.0887336730957
-6828,anchor_scsn_006827,449134,1,down,131.1999053955078
-6829,anchor_scsn_006828,450367,1,down,67.99372863769531
-6830,anchor_scsn_006829,450900,1,down,155.4060821533203
-6831,anchor_scsn_006830,451353,1,down,61.88336944580078
-6832,anchor_scsn_006831,451461,1,down,124.3168716430664
-6833,anchor_scsn_006832,451894,1,down,118.76193237304688
-6834,anchor_scsn_006833,451933,1,down,106.00535583496094
-6835,anchor_scsn_006834,451995,1,down,132.17640686035156
-6836,anchor_scsn_006835,452017,1,down,68.83739471435547
-6837,anchor_scsn_006836,452363,1,down,59.05733871459961
-6838,anchor_scsn_006837,452693,1,down,126.50149536132812
-6839,anchor_scsn_006838,453264,1,down,257.17926025390625
-6840,anchor_scsn_006839,453577,1,down,56.816673278808594
-6841,anchor_scsn_006840,453970,1,down,52.37828063964844
-6842,anchor_scsn_006841,455010,1,down,82.41986083984375
-6843,anchor_scsn_006842,455377,1,down,735.5594482421875
-6844,anchor_scsn_006843,456014,1,down,114.52001953125
-6845,anchor_scsn_006844,456190,1,down,86.11154174804688
-6846,anchor_scsn_006845,456433,1,down,137.57691955566406
-6847,anchor_scsn_006846,456750,1,down,157.59141540527344
-6848,anchor_scsn_006847,456965,1,down,104.69995880126953
-6849,anchor_scsn_006848,458283,1,down,62.41592025756836
-6850,anchor_scsn_006849,458462,1,down,165.9372100830078
-6851,anchor_scsn_006850,459295,1,down,145.80740356445312
-6852,anchor_scsn_006851,460324,1,down,98.67181396484375
-6853,anchor_scsn_006852,461132,1,down,80.1250991821289
-6854,anchor_scsn_006853,461246,1,down,63.40214157104492
-6855,anchor_scsn_006854,461381,1,down,114.81991577148438
-6856,anchor_scsn_006855,461534,1,down,68.33683776855469
-6857,anchor_scsn_006856,462263,1,down,139.8778839111328
-6858,anchor_scsn_006857,462410,1,down,209.73419189453125
-6859,anchor_scsn_006858,462573,1,down,147.80096435546875
-6860,anchor_scsn_006859,462758,1,down,886.4342041015625
-6861,anchor_scsn_006860,462826,1,down,667.1468505859375
-6862,anchor_scsn_006861,462998,1,down,72.79444885253906
-6863,anchor_scsn_006862,463311,1,down,99.24173736572266
-6864,anchor_scsn_006863,463470,1,down,97.75372314453125
-6865,anchor_scsn_006864,463573,1,down,57.507625579833984
-6866,anchor_scsn_006865,463604,1,down,113.67699432373047
-6867,anchor_scsn_006866,463685,1,down,52.651580810546875
-6868,anchor_scsn_006867,464559,1,down,54.72706604003906
-6869,anchor_scsn_006868,464751,1,down,59.96797180175781
-6870,anchor_scsn_006869,465087,1,down,76.65153503417969
-6871,anchor_scsn_006870,465239,1,down,123.2934341430664
-6872,anchor_scsn_006871,465455,1,down,149.97537231445312
-6873,anchor_scsn_006872,465482,1,down,191.55552673339844
-6874,anchor_scsn_006873,466048,1,down,77.81340026855469
-6875,anchor_scsn_006874,466055,1,down,62.598819732666016
-6876,anchor_scsn_006875,466387,1,down,155.18417358398438
-6877,anchor_scsn_006876,466764,1,down,99.6636962890625
-6878,anchor_scsn_006877,467212,1,down,199.8970947265625
-6879,anchor_scsn_006878,467626,1,down,275.2191467285156
-6880,anchor_scsn_006879,468610,1,down,327.5897216796875
-6881,anchor_scsn_006880,468789,1,down,99.91671752929688
-6882,anchor_scsn_006881,468838,1,down,53.74104309082031
-6883,anchor_scsn_006882,469771,1,down,60.48637008666992
-6884,anchor_scsn_006883,470027,1,down,54.29009246826172
-6885,anchor_scsn_006884,470166,1,down,63.817806243896484
-6886,anchor_scsn_006885,470700,1,down,65.10342407226562
-6887,anchor_scsn_006886,470777,1,down,314.2107238769531
-6888,anchor_scsn_006887,470880,1,down,62.62614059448242
-6889,anchor_scsn_006888,471356,1,down,93.84821319580078
-6890,anchor_scsn_006889,471501,1,down,123.47882843017578
-6891,anchor_scsn_006890,471742,1,down,57.74402618408203
-6892,anchor_scsn_006891,472240,1,down,68.66291809082031
-6893,anchor_scsn_006892,472244,1,down,483.98040771484375
-6894,anchor_scsn_006893,472544,1,down,215.83541870117188
-6895,anchor_scsn_006894,472655,1,down,85.60237884521484
-6896,anchor_scsn_006895,473145,1,down,50.618751525878906
-6897,anchor_scsn_006896,473168,1,down,64.39534759521484
-6898,anchor_scsn_006897,473565,1,down,147.79879760742188
-6899,anchor_scsn_006898,473690,1,down,58.850059509277344
-6900,anchor_scsn_006899,473898,1,down,54.279388427734375
-6901,anchor_scsn_006900,474212,1,down,99.72782135009766
-6902,anchor_scsn_006901,474759,1,down,59.36149978637695
-6903,anchor_scsn_006902,474852,1,down,115.76396179199219
-6904,anchor_scsn_006903,475399,1,down,211.24697875976562
-6905,anchor_scsn_006904,475600,1,down,65.95027923583984
-6906,anchor_scsn_006905,475647,1,down,67.05256652832031
-6907,anchor_scsn_006906,476078,1,down,51.04061508178711
-6908,anchor_scsn_006907,476218,1,down,200.82693481445312
-6909,anchor_scsn_006908,476463,1,down,116.44315338134766
-6910,anchor_scsn_006909,476631,1,down,63.51013946533203
-6911,anchor_scsn_006910,476688,1,down,52.89218521118164
-6912,anchor_scsn_006911,476833,1,down,497.4912414550781
-6913,anchor_scsn_006912,476943,1,down,81.06117248535156
-6914,anchor_scsn_006913,476970,1,down,88.89900970458984
-6915,anchor_scsn_006914,477066,1,down,302.4332580566406
-6916,anchor_scsn_006915,477159,1,down,50.86744689941406
-6917,anchor_scsn_006916,477298,1,down,111.36625671386719
-6918,anchor_scsn_006917,477311,1,down,51.17832946777344
-6919,anchor_scsn_006918,477595,1,down,83.41220092773438
-6920,anchor_scsn_006919,478438,1,down,100.66020202636719
-6921,anchor_scsn_006920,478682,1,down,53.80624771118164
-6922,anchor_scsn_006921,478871,1,down,77.93494415283203
-6923,anchor_scsn_006922,479361,1,down,219.37548828125
-6924,anchor_scsn_006923,479489,1,down,89.60892486572266
-6925,anchor_scsn_006924,479586,1,down,50.102840423583984
-6926,anchor_scsn_006925,479659,1,down,425.9613952636719
-6927,anchor_scsn_006926,479809,1,down,151.83860778808594
-6928,anchor_scsn_006927,479811,1,down,219.8967742919922
-6929,anchor_scsn_006928,480007,1,down,132.5179443359375
-6930,anchor_scsn_006929,480226,1,down,59.87705993652344
-6931,anchor_scsn_006930,480239,1,down,148.1746826171875
-6932,anchor_scsn_006931,480506,1,down,117.2941665649414
-6933,anchor_scsn_006932,480786,1,down,109.9595947265625
-6934,anchor_scsn_006933,480917,1,down,63.28944396972656
-6935,anchor_scsn_006934,481435,1,down,105.26253509521484
-6936,anchor_scsn_006935,481745,1,down,105.90252685546875
-6937,anchor_scsn_006936,482116,1,down,52.32236862182617
-6938,anchor_scsn_006937,482252,1,down,100.36331939697266
-6939,anchor_scsn_006938,482290,1,down,71.17823028564453
-6940,anchor_scsn_006939,482888,1,down,68.402099609375
-6941,anchor_scsn_006940,483146,1,down,129.91177368164062
-6942,anchor_scsn_006941,483559,1,down,64.9166030883789
-6943,anchor_scsn_006942,483575,1,down,92.49524688720703
-6944,anchor_scsn_006943,483887,1,down,91.08612823486328
-6945,anchor_scsn_006944,484437,1,down,79.70794677734375
-6946,anchor_scsn_006945,484803,1,down,432.560791015625
-6947,anchor_scsn_006946,485178,1,down,590.8308715820312
-6948,anchor_scsn_006947,485242,1,down,61.04981231689453
-6949,anchor_scsn_006948,486207,1,down,283.7942199707031
-6950,anchor_scsn_006949,486413,1,down,272.31903076171875
-6951,anchor_scsn_006950,486856,1,down,75.87478637695312
-6952,anchor_scsn_006951,487286,1,down,157.61427307128906
-6953,anchor_scsn_006952,487344,1,down,125.04844665527344
-6954,anchor_scsn_006953,487722,1,down,54.11528396606445
-6955,anchor_scsn_006954,488292,1,down,220.9762725830078
-6956,anchor_scsn_006955,488510,1,down,305.06402587890625
-6957,anchor_scsn_006956,488638,1,down,56.57497024536133
-6958,anchor_scsn_006957,488662,1,down,287.23699951171875
-6959,anchor_scsn_006958,488923,1,down,152.2554168701172
-6960,anchor_scsn_006959,489115,1,down,54.0814208984375
-6961,anchor_scsn_006960,489225,1,down,74.47494506835938
-6962,anchor_scsn_006961,489330,1,down,195.51548767089844
-6963,anchor_scsn_006962,489573,1,down,67.22583770751953
-6964,anchor_scsn_006963,489658,1,down,56.8626594543457
-6965,anchor_scsn_006964,489728,1,down,443.45867919921875
-6966,anchor_scsn_006965,489846,1,down,104.72315979003906
-6967,anchor_scsn_006966,489888,1,down,192.34886169433594
-6968,anchor_scsn_006967,490030,1,down,95.87155151367188
-6969,anchor_scsn_006968,490234,1,down,63.83771896362305
-6970,anchor_scsn_006969,490380,1,down,466.1799011230469
-6971,anchor_scsn_006970,490386,1,down,107.36324310302734
-6972,anchor_scsn_006971,490508,1,down,321.024658203125
-6973,anchor_scsn_006972,490804,1,down,55.63677215576172
-6974,anchor_scsn_006973,490943,1,down,119.57714080810547
-6975,anchor_scsn_006974,491137,1,down,323.3265075683594
-6976,anchor_scsn_006975,491205,1,down,237.2215118408203
-6977,anchor_scsn_006976,491251,1,down,64.31641387939453
-6978,anchor_scsn_006977,491757,1,down,85.04666900634766
-6979,anchor_scsn_006978,492003,1,down,131.27120971679688
-6980,anchor_scsn_006979,492468,1,down,59.67582321166992
-6981,anchor_scsn_006980,492561,1,down,50.8001594543457
-6982,anchor_scsn_006981,492626,1,down,113.04942321777344
-6983,anchor_scsn_006982,492749,1,down,67.22749328613281
-6984,anchor_scsn_006983,493039,1,down,53.83226013183594
-6985,anchor_scsn_006984,493370,1,down,82.16069793701172
-6986,anchor_scsn_006985,494051,1,down,79.49270629882812
-6987,anchor_scsn_006986,494065,1,down,237.203369140625
-6988,anchor_scsn_006987,494200,1,down,51.6474723815918
-6989,anchor_scsn_006988,494511,1,down,50.55867385864258
-6990,anchor_scsn_006989,494801,1,down,58.01187515258789
-6991,anchor_scsn_006990,495350,1,down,104.7857894897461
-6992,anchor_scsn_006991,495468,1,down,113.96730041503906
-6993,anchor_scsn_006992,495765,1,down,238.58396911621094
-6994,anchor_scsn_006993,495811,1,down,227.0665283203125
-6995,anchor_scsn_006994,495883,1,down,69.30805969238281
-6996,anchor_scsn_006995,496109,1,down,56.62710952758789
-6997,anchor_scsn_006996,496231,1,down,126.40460205078125
-6998,anchor_scsn_006997,496661,1,down,70.54414367675781
-6999,anchor_scsn_006998,496677,1,down,66.70960998535156
-7000,anchor_scsn_006999,497025,1,down,81.27391052246094
-7001,anchor_scsn_007000,497435,1,down,139.91586303710938
-7002,anchor_scsn_007001,497570,1,down,69.34891510009766
-7003,anchor_scsn_007002,497769,1,down,58.405147552490234
-7004,anchor_scsn_007003,497780,1,down,85.28173828125
-7005,anchor_scsn_007004,498010,1,down,73.32060241699219
-7006,anchor_scsn_007005,499029,1,down,90.7033920288086
-7007,anchor_scsn_007006,499421,1,down,59.9720458984375
-7008,anchor_scsn_007007,499489,1,down,128.38983154296875
-7009,anchor_scsn_007008,499764,1,down,60.13373947143555
-7010,anchor_scsn_007009,500067,1,down,168.91561889648438
-7011,anchor_scsn_007010,501260,1,down,98.6787109375
-7012,anchor_scsn_007011,501294,1,down,119.18479919433594
-7013,anchor_scsn_007012,502162,1,down,169.98321533203125
-7014,anchor_scsn_007013,502173,1,down,340.2069396972656
-7015,anchor_scsn_007014,502251,1,down,226.00596618652344
-7016,anchor_scsn_007015,502308,1,down,684.4483032226562
-7017,anchor_scsn_007016,502727,1,down,96.02887725830078
-7018,anchor_scsn_007017,502977,1,down,56.22273254394531
-7019,anchor_scsn_007018,503647,1,down,128.13819885253906
-7020,anchor_scsn_007019,503776,1,down,64.41666412353516
-7021,anchor_scsn_007020,503967,1,down,158.4664764404297
-7022,anchor_scsn_007021,504194,1,down,64.84013366699219
-7023,anchor_scsn_007022,504567,1,down,146.38018798828125
-7024,anchor_scsn_007023,504665,1,down,62.815486907958984
-7025,anchor_scsn_007024,504972,1,down,53.727210998535156
-7026,anchor_scsn_007025,504981,1,down,64.83647155761719
-7027,anchor_scsn_007026,505777,1,down,118.57575225830078
-7028,anchor_scsn_007027,506205,1,down,263.4498596191406
-7029,anchor_scsn_007028,506811,1,down,105.38065338134766
-7030,anchor_scsn_007029,506970,1,down,58.84077072143555
-7031,anchor_scsn_007030,507036,1,down,58.652530670166016
-7032,anchor_scsn_007031,507444,1,down,70.60225677490234
-7033,anchor_scsn_007032,507720,1,down,91.06246948242188
-7034,anchor_scsn_007033,507738,1,down,152.03155517578125
-7035,anchor_scsn_007034,508435,1,down,194.45291137695312
-7036,anchor_scsn_007035,508884,1,down,190.80194091796875
-7037,anchor_scsn_007036,509130,1,down,77.60188293457031
-7038,anchor_scsn_007037,509140,1,down,101.47810363769531
-7039,anchor_scsn_007038,509159,1,down,57.88100051879883
-7040,anchor_scsn_007039,509231,1,down,160.86622619628906
-7041,anchor_scsn_007040,509506,1,down,84.78075408935547
-7042,anchor_scsn_007041,510191,1,down,62.40965270996094
-7043,anchor_scsn_007042,510230,1,down,78.22074127197266
-7044,anchor_scsn_007043,510714,1,down,199.36216735839844
-7045,anchor_scsn_007044,510838,1,down,230.01187133789062
-7046,anchor_scsn_007045,510840,1,down,56.33821105957031
-7047,anchor_scsn_007046,511012,1,down,81.59732818603516
-7048,anchor_scsn_007047,511092,1,down,52.879417419433594
-7049,anchor_scsn_007048,511297,1,down,131.3482208251953
-7050,anchor_scsn_007049,511358,1,down,70.50183868408203
-7051,anchor_scsn_007050,511509,1,down,66.33506774902344
-7052,anchor_scsn_007051,511662,1,down,54.7878532409668
-7053,anchor_scsn_007052,511797,1,down,966.8093872070312
-7054,anchor_scsn_007053,511885,1,down,86.9615249633789
-7055,anchor_scsn_007054,512264,1,down,57.69810104370117
-7056,anchor_scsn_007055,512475,1,down,163.5139617919922
-7057,anchor_scsn_007056,512688,1,down,50.33911895751953
-7058,anchor_scsn_007057,512871,1,down,171.80062866210938
-7059,anchor_scsn_007058,512932,1,down,146.06922912597656
-7060,anchor_scsn_007059,513925,1,down,56.21416473388672
-7061,anchor_scsn_007060,513994,1,down,66.38253021240234
-7062,anchor_scsn_007061,514148,1,down,67.80980682373047
-7063,anchor_scsn_007062,514253,1,down,622.2921752929688
-7064,anchor_scsn_007063,514744,1,down,117.10174560546875
-7065,anchor_scsn_007064,514840,1,down,112.71955871582031
-7066,anchor_scsn_007065,514942,1,down,69.14229583740234
-7067,anchor_scsn_007066,515371,1,down,71.4996566772461
-7068,anchor_scsn_007067,515453,1,down,167.26409912109375
-7069,anchor_scsn_007068,515464,1,down,53.7710075378418
-7070,anchor_scsn_007069,515524,1,down,223.80648803710938
-7071,anchor_scsn_007070,515722,1,down,186.2191619873047
-7072,anchor_scsn_007071,515751,1,down,56.89823913574219
-7073,anchor_scsn_007072,515982,1,down,50.69598388671875
-7074,anchor_scsn_007073,516070,1,down,102.34904479980469
-7075,anchor_scsn_007074,516139,1,down,116.871826171875
-7076,anchor_scsn_007075,516504,1,down,67.59280395507812
-7077,anchor_scsn_007076,516633,1,down,59.03090286254883
-7078,anchor_scsn_007077,516679,1,down,78.72250366210938
-7079,anchor_scsn_007078,516999,1,down,183.82101440429688
-7080,anchor_scsn_007079,517109,1,down,138.4532470703125
-7081,anchor_scsn_007080,517438,1,down,51.0353889465332
-7082,anchor_scsn_007081,517480,1,down,83.74506378173828
-7083,anchor_scsn_007082,517517,1,down,50.14653015136719
-7084,anchor_scsn_007083,517838,1,down,125.92463684082031
-7085,anchor_scsn_007084,517974,1,down,232.54132080078125
-7086,anchor_scsn_007085,518191,1,down,170.23553466796875
-7087,anchor_scsn_007086,518247,1,down,55.37600326538086
-7088,anchor_scsn_007087,518590,1,down,79.52588653564453
-7089,anchor_scsn_007088,518616,1,down,55.55449676513672
-7090,anchor_scsn_007089,519126,1,down,108.8683853149414
-7091,anchor_scsn_007090,519872,1,down,88.39363098144531
-7092,anchor_scsn_007091,520016,1,down,210.02517700195312
-7093,anchor_scsn_007092,520184,1,down,60.5383186340332
-7094,anchor_scsn_007093,520975,1,down,87.27637481689453
-7095,anchor_scsn_007094,521275,1,down,75.99443817138672
-7096,anchor_scsn_007095,521610,1,down,119.67861938476562
-7097,anchor_scsn_007096,521720,1,down,198.4335479736328
-7098,anchor_scsn_007097,522006,1,down,53.28601837158203
-7099,anchor_scsn_007098,522333,1,down,313.217529296875
-7100,anchor_scsn_007099,522359,1,down,50.511531829833984
-7101,anchor_scsn_007100,522490,1,down,160.50485229492188
-7102,anchor_scsn_007101,522693,1,down,91.53009033203125
-7103,anchor_scsn_007102,522702,1,down,74.10637664794922
-7104,anchor_scsn_007103,522933,1,down,92.49470520019531
-7105,anchor_scsn_007104,523292,1,down,85.16065979003906
-7106,anchor_scsn_007105,524473,1,down,102.41917419433594
-7107,anchor_scsn_007106,524489,1,down,88.51311492919922
-7108,anchor_scsn_007107,524798,1,down,103.15304565429688
-7109,anchor_scsn_007108,525331,1,down,250.8832244873047
-7110,anchor_scsn_007109,525423,1,down,146.70211791992188
-7111,anchor_scsn_007110,525859,1,down,90.5087661743164
-7112,anchor_scsn_007111,525895,1,down,69.42205047607422
-7113,anchor_scsn_007112,526023,1,down,81.86042785644531
-7114,anchor_scsn_007113,526137,1,down,234.82882690429688
-7115,anchor_scsn_007114,526261,1,down,78.24974822998047
-7116,anchor_scsn_007115,526313,1,down,156.5148162841797
-7117,anchor_scsn_007116,526740,1,down,73.46296691894531
-7118,anchor_scsn_007117,527145,1,down,60.02050018310547
-7119,anchor_scsn_007118,527184,1,down,59.682777404785156
-7120,anchor_scsn_007119,527674,1,down,210.83059692382812
-7121,anchor_scsn_007120,527690,1,down,71.02029418945312
-7122,anchor_scsn_007121,527774,1,down,84.92671203613281
-7123,anchor_scsn_007122,527887,1,down,68.2607192993164
-7124,anchor_scsn_007123,527977,1,down,110.86152648925781
-7125,anchor_scsn_007124,527995,1,down,67.3945083618164
-7126,anchor_scsn_007125,528547,1,down,72.96031951904297
-7127,anchor_scsn_007126,528584,1,down,384.3663024902344
-7128,anchor_scsn_007127,528627,1,down,74.99483489990234
-7129,anchor_scsn_007128,528780,1,down,239.15213012695312
-7130,anchor_scsn_007129,528843,1,down,82.18766784667969
-7131,anchor_scsn_007130,529451,1,down,54.37763595581055
-7132,anchor_scsn_007131,529611,1,down,74.30306243896484
-7133,anchor_scsn_007132,529851,1,down,398.6085205078125
-7134,anchor_scsn_007133,529982,1,down,103.63037872314453
-7135,anchor_scsn_007134,530134,1,down,220.49420166015625
-7136,anchor_scsn_007135,530570,1,down,96.04463958740234
-7137,anchor_scsn_007136,530787,1,down,79.53868103027344
-7138,anchor_scsn_007137,530863,1,down,157.1581268310547
-7139,anchor_scsn_007138,531282,1,down,80.1893310546875
-7140,anchor_scsn_007139,531502,1,down,80.39669036865234
-7141,anchor_scsn_007140,532364,1,down,77.38357543945312
-7142,anchor_scsn_007141,532457,1,down,57.67414474487305
-7143,anchor_scsn_007142,532690,1,down,68.2685546875
-7144,anchor_scsn_007143,532855,1,down,79.07575988769531
-7145,anchor_scsn_007144,533487,1,down,70.38653564453125
-7146,anchor_scsn_007145,533619,1,down,168.75686645507812
-7147,anchor_scsn_007146,533883,1,down,168.95230102539062
-7148,anchor_scsn_007147,534121,1,down,147.7487335205078
-7149,anchor_scsn_007148,534411,1,down,190.65673828125
-7150,anchor_scsn_007149,534425,1,down,51.42789077758789
-7151,anchor_scsn_007150,534873,1,down,83.9974594116211
-7152,anchor_scsn_007151,534927,1,down,115.765625
-7153,anchor_scsn_007152,535063,1,down,237.7713165283203
-7154,anchor_scsn_007153,535347,1,down,85.97390747070312
-7155,anchor_scsn_007154,535378,1,down,58.88269805908203
-7156,anchor_scsn_007155,535464,1,down,107.59901428222656
-7157,anchor_scsn_007156,535652,1,down,81.97711944580078
-7158,anchor_scsn_007157,535667,1,down,58.54660415649414
-7159,anchor_scsn_007158,536015,1,down,83.13805389404297
-7160,anchor_scsn_007159,536303,1,down,188.74647521972656
-7161,anchor_scsn_007160,536332,1,down,149.51734924316406
-7162,anchor_scsn_007161,536554,1,down,55.264076232910156
-7163,anchor_scsn_007162,536575,1,down,123.3724136352539
-7164,anchor_scsn_007163,536650,1,down,78.6831283569336
-7165,anchor_scsn_007164,536818,1,down,112.22040557861328
-7166,anchor_scsn_007165,536862,1,down,116.59428405761719
-7167,anchor_scsn_007166,536997,1,down,117.33952331542969
-7168,anchor_scsn_007167,537090,1,down,165.79454040527344
-7169,anchor_scsn_007168,537109,1,down,104.3414077758789
-7170,anchor_scsn_007169,537187,1,down,134.87522888183594
-7171,anchor_scsn_007170,537692,1,down,308.496337890625
-7172,anchor_scsn_007171,537984,1,down,112.78185272216797
-7173,anchor_scsn_007172,538609,1,down,109.4593734741211
-7174,anchor_scsn_007173,538611,1,down,465.4013977050781
-7175,anchor_scsn_007174,538882,1,down,329.2108459472656
-7176,anchor_scsn_007175,539075,1,down,115.5966567993164
-7177,anchor_scsn_007176,539173,1,down,50.923343658447266
-7178,anchor_scsn_007177,539264,1,down,134.5840301513672
-7179,anchor_scsn_007178,539665,1,down,154.00889587402344
-7180,anchor_scsn_007179,539815,1,down,74.43000030517578
-7181,anchor_scsn_007180,539825,1,down,234.45872497558594
-7182,anchor_scsn_007181,539969,1,down,58.07427978515625
-7183,anchor_scsn_007182,540088,1,down,56.066375732421875
-7184,anchor_scsn_007183,540187,1,down,99.36903381347656
-7185,anchor_scsn_007184,540441,1,down,71.40808868408203
-7186,anchor_scsn_007185,540942,1,down,61.9080924987793
-7187,anchor_scsn_007186,541129,1,down,82.0855484008789
-7188,anchor_scsn_007187,541617,1,down,58.02238845825195
-7189,anchor_scsn_007188,541786,1,down,349.2280578613281
-7190,anchor_scsn_007189,542116,1,down,234.60923767089844
-7191,anchor_scsn_007190,542198,1,down,92.87300872802734
-7192,anchor_scsn_007191,542200,1,down,128.9835968017578
-7193,anchor_scsn_007192,542288,1,down,105.22327423095703
-7194,anchor_scsn_007193,542354,1,down,52.776214599609375
-7195,anchor_scsn_007194,542380,1,down,414.1374816894531
-7196,anchor_scsn_007195,542656,1,down,54.61720275878906
-7197,anchor_scsn_007196,543127,1,down,53.72418212890625
-7198,anchor_scsn_007197,543150,1,down,66.98564147949219
-7199,anchor_scsn_007198,543231,1,down,155.55865478515625
-7200,anchor_scsn_007199,543812,1,down,74.1686019897461
-7201,anchor_scsn_007200,543945,1,down,84.91645050048828
-7202,anchor_scsn_007201,544049,1,down,53.41580581665039
-7203,anchor_scsn_007202,544475,1,down,503.9525146484375
-7204,anchor_scsn_007203,544480,1,down,72.21023559570312
-7205,anchor_scsn_007204,544572,1,down,65.13323974609375
-7206,anchor_scsn_007205,544738,1,down,225.51748657226562
-7207,anchor_scsn_007206,544739,1,down,83.7594985961914
-7208,anchor_scsn_007207,544914,1,down,73.80415344238281
-7209,anchor_scsn_007208,545103,1,down,58.51783752441406
-7210,anchor_scsn_007209,545260,1,down,117.77355194091797
-7211,anchor_scsn_007210,545437,1,down,226.624267578125
-7212,anchor_scsn_007211,545718,1,down,388.3133239746094
-7213,anchor_scsn_007212,546091,1,down,155.69073486328125
-7214,anchor_scsn_007213,546221,1,down,94.73609924316406
-7215,anchor_scsn_007214,546230,1,down,65.24690246582031
-7216,anchor_scsn_007215,546356,1,down,121.5041275024414
-7217,anchor_scsn_007216,546437,1,down,249.58741760253906
-7218,anchor_scsn_007217,546672,1,down,81.07209777832031
-7219,anchor_scsn_007218,546757,1,down,653.4750366210938
-7220,anchor_scsn_007219,547268,1,down,162.21949768066406
-7221,anchor_scsn_007220,548466,1,down,85.49827575683594
-7222,anchor_scsn_007221,548974,1,down,109.07030487060547
-7223,anchor_scsn_007222,549164,1,down,496.30145263671875
-7224,anchor_scsn_007223,549812,1,down,71.05272674560547
-7225,anchor_scsn_007224,549957,1,down,68.72631072998047
-7226,anchor_scsn_007225,550055,1,down,177.9503173828125
-7227,anchor_scsn_007226,550605,1,down,60.80850601196289
-7228,anchor_scsn_007227,550685,1,down,239.36439514160156
-7229,anchor_scsn_007228,551096,1,down,67.25729370117188
-7230,anchor_scsn_007229,551429,1,down,709.6261596679688
-7231,anchor_scsn_007230,551680,1,down,64.74029541015625
-7232,anchor_scsn_007231,551684,1,down,606.0154418945312
-7233,anchor_scsn_007232,551784,1,down,211.87881469726562
-7234,anchor_scsn_007233,551992,1,down,324.2201843261719
-7235,anchor_scsn_007234,552109,1,down,71.27876281738281
-7236,anchor_scsn_007235,552190,1,down,163.4580535888672
-7237,anchor_scsn_007236,552592,1,down,86.88700866699219
-7238,anchor_scsn_007237,553112,1,down,87.62033081054688
-7239,anchor_scsn_007238,553122,1,down,159.2110595703125
-7240,anchor_scsn_007239,553150,1,down,125.90083312988281
-7241,anchor_scsn_007240,553152,1,down,93.95501708984375
-7242,anchor_scsn_007241,553214,1,down,113.0345687866211
-7243,anchor_scsn_007242,553757,1,down,130.06607055664062
-7244,anchor_scsn_007243,553783,1,down,64.1589126586914
-7245,anchor_scsn_007244,554179,1,down,90.02922821044922
-7246,anchor_scsn_007245,554284,1,down,92.17010498046875
-7247,anchor_scsn_007246,554507,1,down,302.62408447265625
-7248,anchor_scsn_007247,554510,1,down,95.23257446289062
-7249,anchor_scsn_007248,554799,1,down,114.06884002685547
-7250,anchor_scsn_007249,555098,1,down,371.5194091796875
-7251,anchor_scsn_007250,555347,1,down,58.351661682128906
-7252,anchor_scsn_007251,555488,1,down,130.2213897705078
-7253,anchor_scsn_007252,555841,1,down,122.28662109375
-7254,anchor_scsn_007253,555932,1,down,87.20979309082031
-7255,anchor_scsn_007254,556242,1,down,95.73980712890625
-7256,anchor_scsn_007255,557097,1,down,300.33026123046875
-7257,anchor_scsn_007256,557288,1,down,133.06106567382812
-7258,anchor_scsn_007257,557718,1,down,151.84536743164062
-7259,anchor_scsn_007258,557926,1,down,234.4744110107422
-7260,anchor_scsn_007259,558824,1,down,50.371795654296875
-7261,anchor_scsn_007260,558974,1,down,96.87407684326172
-7262,anchor_scsn_007261,559360,1,down,75.38720703125
-7263,anchor_scsn_007262,559769,1,down,225.42166137695312
-7264,anchor_scsn_007263,560493,1,down,50.13861083984375
-7265,anchor_scsn_007264,560554,1,down,114.36984252929688
-7266,anchor_scsn_007265,560748,1,down,66.52816009521484
-7267,anchor_scsn_007266,560854,1,down,68.93399810791016
-7268,anchor_scsn_007267,561196,1,down,59.67733383178711
-7269,anchor_scsn_007268,562017,1,down,339.67816162109375
-7270,anchor_scsn_007269,562540,1,down,64.97679138183594
-7271,anchor_scsn_007270,562618,1,down,77.00257110595703
-7272,anchor_scsn_007271,563039,1,down,78.96136474609375
-7273,anchor_scsn_007272,563207,1,down,58.764163970947266
-7274,anchor_scsn_007273,563597,1,down,124.48504638671875
-7275,anchor_scsn_007274,563601,1,down,152.6227264404297
-7276,anchor_scsn_007275,563677,1,down,229.09275817871094
-7277,anchor_scsn_007276,563782,1,down,50.06749725341797
-7278,anchor_scsn_007277,564198,1,down,105.77654266357422
-7279,anchor_scsn_007278,564246,1,down,109.98445892333984
-7280,anchor_scsn_007279,564517,1,down,145.6488494873047
-7281,anchor_scsn_007280,564656,1,down,84.59739685058594
-7282,anchor_scsn_007281,564863,1,down,71.8661880493164
-7283,anchor_scsn_007282,565826,1,down,255.2357177734375
-7284,anchor_scsn_007283,566010,1,down,57.8914794921875
-7285,anchor_scsn_007284,566553,1,down,60.3118782043457
-7286,anchor_scsn_007285,566609,1,down,87.84660339355469
-7287,anchor_scsn_007286,566739,1,down,69.63140869140625
-7288,anchor_scsn_007287,566844,1,down,369.2249755859375
-7289,anchor_scsn_007288,567028,1,down,67.22583770751953
-7290,anchor_scsn_007289,567383,1,down,140.97140502929688
-7291,anchor_scsn_007290,567897,1,down,190.82154846191406
-7292,anchor_scsn_007291,567993,1,down,82.30706787109375
-7293,anchor_scsn_007292,568430,1,down,78.29735565185547
-7294,anchor_scsn_007293,568560,1,down,193.5468292236328
-7295,anchor_scsn_007294,568824,1,down,469.09051513671875
-7296,anchor_scsn_007295,568909,1,down,76.7673568725586
-7297,anchor_scsn_007296,568983,1,down,267.248291015625
-7298,anchor_scsn_007297,569036,1,down,74.3861312866211
-7299,anchor_scsn_007298,569380,1,down,79.44108581542969
-7300,anchor_scsn_007299,570352,1,down,76.69895935058594
-7301,anchor_scsn_007300,570424,1,down,126.60607147216797
-7302,anchor_scsn_007301,570563,1,down,73.59527587890625
-7303,anchor_scsn_007302,570692,1,down,52.233463287353516
-7304,anchor_scsn_007303,570804,1,down,51.27488327026367
-7305,anchor_scsn_007304,570809,1,down,203.26890563964844
-7306,anchor_scsn_007305,571316,1,down,100.79241180419922
-7307,anchor_scsn_007306,571350,1,down,89.7524185180664
-7308,anchor_scsn_007307,571361,1,down,83.37718963623047
-7309,anchor_scsn_007308,571403,1,down,228.0656280517578
-7310,anchor_scsn_007309,571676,1,down,58.1327018737793
-7311,anchor_scsn_007310,571816,1,down,84.47976684570312
-7312,anchor_scsn_007311,571993,1,down,57.001991271972656
-7313,anchor_scsn_007312,572004,1,down,90.1322250366211
-7314,anchor_scsn_007313,572006,1,down,82.83715057373047
-7315,anchor_scsn_007314,572304,1,down,63.13658142089844
-7316,anchor_scsn_007315,572446,1,down,977.509765625
-7317,anchor_scsn_007316,572514,1,down,82.51709747314453
-7318,anchor_scsn_007317,572826,1,down,50.95842361450195
-7319,anchor_scsn_007318,572861,1,down,75.60894775390625
-7320,anchor_scsn_007319,572930,1,down,186.14935302734375
-7321,anchor_scsn_007320,573295,1,down,470.4515075683594
-7322,anchor_scsn_007321,573868,1,down,547.0667724609375
-7323,anchor_scsn_007322,574101,1,down,151.77366638183594
-7324,anchor_scsn_007323,574166,1,down,484.6942138671875
-7325,anchor_scsn_007324,574238,1,down,173.87155151367188
-7326,anchor_scsn_007325,574554,1,down,503.0030212402344
-7327,anchor_scsn_007326,574574,1,down,846.8786010742188
-7328,anchor_scsn_007327,574863,1,down,115.79286193847656
-7329,anchor_scsn_007328,574963,1,down,69.28825378417969
-7330,anchor_scsn_007329,575041,1,down,205.85853576660156
-7331,anchor_scsn_007330,575351,1,down,135.85484313964844
-7332,anchor_scsn_007331,575563,1,down,138.02284240722656
-7333,anchor_scsn_007332,575794,1,down,58.818939208984375
-7334,anchor_scsn_007333,575970,1,down,214.23309326171875
-7335,anchor_scsn_007334,576459,1,down,315.7713928222656
-7336,anchor_scsn_007335,576795,1,down,61.29095458984375
-7337,anchor_scsn_007336,576818,1,down,71.59835815429688
-7338,anchor_scsn_007337,576831,1,down,60.37035369873047
-7339,anchor_scsn_007338,577250,1,down,52.21569061279297
-7340,anchor_scsn_007339,577447,1,down,255.2606201171875
-7341,anchor_scsn_007340,577815,1,down,59.3038330078125
-7342,anchor_scsn_007341,578006,1,down,96.14952850341797
-7343,anchor_scsn_007342,578375,1,down,58.02213668823242
-7344,anchor_scsn_007343,578378,1,down,125.24584197998047
-7345,anchor_scsn_007344,578426,1,down,61.37144088745117
-7346,anchor_scsn_007345,578564,1,down,100.21764373779297
-7347,anchor_scsn_007346,578793,1,down,76.63004302978516
-7348,anchor_scsn_007347,578989,1,down,91.0782699584961
-7349,anchor_scsn_007348,579527,1,down,432.8021240234375
-7350,anchor_scsn_007349,579603,1,down,152.0554656982422
-7351,anchor_scsn_007350,579615,1,down,95.0999526977539
-7352,anchor_scsn_007351,579677,1,down,165.34555053710938
-7353,anchor_scsn_007352,580137,1,down,79.28224182128906
-7354,anchor_scsn_007353,580178,1,down,63.0557746887207
-7355,anchor_scsn_007354,580193,1,down,568.36083984375
-7356,anchor_scsn_007355,580214,1,down,162.42958068847656
-7357,anchor_scsn_007356,580813,1,down,100.96426391601562
-7358,anchor_scsn_007357,580923,1,down,56.243385314941406
-7359,anchor_scsn_007358,581204,1,down,169.83050537109375
-7360,anchor_scsn_007359,581451,1,down,215.34454345703125
-7361,anchor_scsn_007360,581459,1,down,80.1103515625
-7362,anchor_scsn_007361,581899,1,down,189.52565002441406
-7363,anchor_scsn_007362,582154,1,down,136.65452575683594
-7364,anchor_scsn_007363,582173,1,down,508.04925537109375
-7365,anchor_scsn_007364,582328,1,down,105.66800689697266
-7366,anchor_scsn_007365,582626,1,down,65.83636474609375
-7367,anchor_scsn_007366,582678,1,down,71.32337188720703
-7368,anchor_scsn_007367,582849,1,down,52.46000289916992
-7369,anchor_scsn_007368,582985,1,down,149.66319274902344
-7370,anchor_scsn_007369,583720,1,down,90.0000991821289
-7371,anchor_scsn_007370,583940,1,down,244.67930603027344
-7372,anchor_scsn_007371,584525,1,down,57.57010269165039
-7373,anchor_scsn_007372,585001,1,down,85.91278839111328
-7374,anchor_scsn_007373,585265,1,down,131.45310974121094
-7375,anchor_scsn_007374,585495,1,down,69.6404037475586
-7376,anchor_scsn_007375,585735,1,down,51.9832649230957
-7377,anchor_scsn_007376,585821,1,down,69.99148559570312
-7378,anchor_scsn_007377,585915,1,down,56.703643798828125
-7379,anchor_scsn_007378,586273,1,down,108.43439483642578
-7380,anchor_scsn_007379,586655,1,down,62.374488830566406
-7381,anchor_scsn_007380,586828,1,down,56.958740234375
-7382,anchor_scsn_007381,587095,1,down,53.944236755371094
-7383,anchor_scsn_007382,587230,1,down,101.48596954345703
-7384,anchor_scsn_007383,587366,1,down,77.05022430419922
-7385,anchor_scsn_007384,587443,1,down,122.01075744628906
-7386,anchor_scsn_007385,587668,1,down,69.33987426757812
-7387,anchor_scsn_007386,587775,1,down,72.65496826171875
-7388,anchor_scsn_007387,587935,1,down,69.20922088623047
-7389,anchor_scsn_007388,588156,1,down,54.38178634643555
-7390,anchor_scsn_007389,588212,1,down,150.65853881835938
-7391,anchor_scsn_007390,588378,1,down,55.81309127807617
-7392,anchor_scsn_007391,588625,1,down,111.31578826904297
-7393,anchor_scsn_007392,588886,1,down,75.7729721069336
-7394,anchor_scsn_007393,589641,1,down,51.23921585083008
-7395,anchor_scsn_007394,589689,1,down,136.7987060546875
-7396,anchor_scsn_007395,589697,1,down,85.5455551147461
-7397,anchor_scsn_007396,590085,1,down,69.15193176269531
-7398,anchor_scsn_007397,590664,1,down,52.563297271728516
-7399,anchor_scsn_007398,590926,1,down,73.82573699951172
-7400,anchor_scsn_007399,591408,1,down,201.99945068359375
-7401,anchor_scsn_007400,591531,1,down,86.40715789794922
-7402,anchor_scsn_007401,591637,1,down,83.70285034179688
-7403,anchor_scsn_007402,591998,1,down,60.30315017700195
-7404,anchor_scsn_007403,592095,1,down,199.46246337890625
-7405,anchor_scsn_007404,592112,1,down,348.78826904296875
-7406,anchor_scsn_007405,592275,1,down,92.62966918945312
-7407,anchor_scsn_007406,592642,1,down,55.712852478027344
-7408,anchor_scsn_007407,592793,1,down,54.81281661987305
-7409,anchor_scsn_007408,593000,1,down,411.27972412109375
-7410,anchor_scsn_007409,593061,1,down,55.72914123535156
-7411,anchor_scsn_007410,593318,1,down,459.3438720703125
-7412,anchor_scsn_007411,593500,1,down,61.02320861816406
-7413,anchor_scsn_007412,593529,1,down,168.4579620361328
-7414,anchor_scsn_007413,593564,1,down,109.18753814697266
-7415,anchor_scsn_007414,593572,1,down,72.78944396972656
-7416,anchor_scsn_007415,593700,1,down,122.27399444580078
-7417,anchor_scsn_007416,594048,1,down,63.852298736572266
-7418,anchor_scsn_007417,594264,1,down,118.8255615234375
-7419,anchor_scsn_007418,594398,1,down,144.3283233642578
-7420,anchor_scsn_007419,594734,1,down,62.98054885864258
-7421,anchor_scsn_007420,594808,1,down,52.32365036010742
-7422,anchor_scsn_007421,594819,1,down,217.46768188476562
-7423,anchor_scsn_007422,594983,1,down,56.876468658447266
-7424,anchor_scsn_007423,595440,1,down,113.09142303466797
-7425,anchor_scsn_007424,595509,1,down,154.69288635253906
-7426,anchor_scsn_007425,595598,1,down,363.2464599609375
-7427,anchor_scsn_007426,596464,1,down,67.02400970458984
-7428,anchor_scsn_007427,596614,1,down,90.4480972290039
-7429,anchor_scsn_007428,597717,1,down,480.7818603515625
-7430,anchor_scsn_007429,598159,1,down,54.45428466796875
-7431,anchor_scsn_007430,598164,1,down,118.62982940673828
-7432,anchor_scsn_007431,598209,1,down,177.97608947753906
-7433,anchor_scsn_007432,598228,1,down,212.316650390625
-7434,anchor_scsn_007433,598288,1,down,156.9891815185547
-7435,anchor_scsn_007434,598401,1,down,77.79865264892578
-7436,anchor_scsn_007435,598480,1,down,50.21873092651367
-7437,anchor_scsn_007436,598655,1,down,67.81884002685547
-7438,anchor_scsn_007437,599198,1,down,217.59194946289062
-7439,anchor_scsn_007438,599548,1,down,226.4050750732422
-7440,anchor_scsn_007439,599818,1,down,108.62132263183594
-7441,anchor_scsn_007440,599875,1,down,70.97894287109375
-7442,anchor_scsn_007441,600402,1,down,99.05037689208984
-7443,anchor_scsn_007442,600894,1,down,157.84193420410156
-7444,anchor_scsn_007443,601106,1,down,139.01187133789062
-7445,anchor_scsn_007444,601170,1,down,73.13469696044922
-7446,anchor_scsn_007445,601629,1,down,205.16412353515625
-7447,anchor_scsn_007446,601725,1,down,80.40254211425781
-7448,anchor_scsn_007447,602220,1,down,210.89500427246094
-7449,anchor_scsn_007448,602427,1,down,92.23371124267578
-7450,anchor_scsn_007449,602575,1,down,372.5363464355469
-7451,anchor_scsn_007450,603058,1,down,89.65201568603516
-7452,anchor_scsn_007451,603169,1,down,114.01649475097656
-7453,anchor_scsn_007452,603184,1,down,91.3560791015625
-7454,anchor_scsn_007453,603332,1,down,56.43043899536133
-7455,anchor_scsn_007454,603588,1,down,82.11046600341797
-7456,anchor_scsn_007455,604024,1,down,261.718017578125
-7457,anchor_scsn_007456,604043,1,down,182.62081909179688
-7458,anchor_scsn_007457,604110,1,down,55.39025115966797
-7459,anchor_scsn_007458,604126,1,down,84.6669692993164
-7460,anchor_scsn_007459,604278,1,down,52.33647537231445
-7461,anchor_scsn_007460,604456,1,down,262.3564147949219
-7462,anchor_scsn_007461,604700,1,down,63.817787170410156
-7463,anchor_scsn_007462,604921,1,down,180.73922729492188
-7464,anchor_scsn_007463,605113,1,down,233.19891357421875
-7465,anchor_scsn_007464,606951,1,down,123.41618347167969
-7466,anchor_scsn_007465,606973,1,down,61.470115661621094
-7467,anchor_scsn_007466,607363,1,down,111.41130065917969
-7468,anchor_scsn_007467,607508,1,down,62.40194320678711
-7469,anchor_scsn_007468,607977,1,down,54.163787841796875
-7470,anchor_scsn_007469,608337,1,down,197.3648223876953
-7471,anchor_scsn_007470,608521,1,down,256.50299072265625
-7472,anchor_scsn_007471,609412,1,down,83.82102966308594
-7473,anchor_scsn_007472,609705,1,down,89.45675659179688
-7474,anchor_scsn_007473,609769,1,down,63.721885681152344
-7475,anchor_scsn_007474,609981,1,down,106.46031188964844
-7476,anchor_scsn_007475,610047,1,down,63.29721450805664
-7477,anchor_scsn_007476,610501,1,down,95.40090942382812
-7478,anchor_scsn_007477,610541,1,down,105.69648742675781
-7479,anchor_scsn_007478,610578,1,down,225.5970916748047
-7480,anchor_scsn_007479,611223,1,down,202.32984924316406
-7481,anchor_scsn_007480,611260,1,down,86.22377014160156
-7482,anchor_scsn_007481,611265,1,down,93.38560485839844
-7483,anchor_scsn_007482,611273,1,down,63.33708190917969
-7484,anchor_scsn_007483,611366,1,down,50.91573715209961
-7485,anchor_scsn_007484,611407,1,down,77.00030517578125
-7486,anchor_scsn_007485,611672,1,down,340.4979248046875
-7487,anchor_scsn_007486,611760,1,down,52.48626708984375
-7488,anchor_scsn_007487,612309,1,down,57.44886779785156
-7489,anchor_scsn_007488,612378,1,down,56.09959030151367
-7490,anchor_scsn_007489,612386,1,down,275.57440185546875
-7491,anchor_scsn_007490,612962,1,down,113.15498352050781
-7492,anchor_scsn_007491,613098,1,down,53.56558609008789
-7493,anchor_scsn_007492,613117,1,down,158.98599243164062
-7494,anchor_scsn_007493,613376,1,down,136.25244140625
-7495,anchor_scsn_007494,614028,1,down,450.22784423828125
-7496,anchor_scsn_007495,614267,1,down,114.70706176757812
-7497,anchor_scsn_007496,614304,1,down,114.4332504272461
-7498,anchor_scsn_007497,614350,1,down,50.16188049316406
-7499,anchor_scsn_007498,614527,1,down,180.56678771972656
-7500,anchor_scsn_007499,614759,1,down,137.0846405029297
-7501,anchor_scsn_007500,614770,1,down,50.349220275878906
-7502,anchor_scsn_007501,614875,1,down,154.13720703125
-7503,anchor_scsn_007502,614963,1,down,66.91252899169922
-7504,anchor_scsn_007503,615122,1,down,67.4161376953125
-7505,anchor_scsn_007504,615173,1,down,160.14398193359375
-7506,anchor_scsn_007505,615240,1,down,57.542808532714844
-7507,anchor_scsn_007506,615392,1,down,81.19942474365234
-7508,anchor_scsn_007507,615795,1,down,165.27223205566406
-7509,anchor_scsn_007508,616392,1,down,271.9815673828125
-7510,anchor_scsn_007509,616445,1,down,126.95082092285156
-7511,anchor_scsn_007510,616573,1,down,74.80320739746094
-7512,anchor_scsn_007511,616588,1,down,115.35701751708984
-7513,anchor_scsn_007512,616700,1,down,151.70425415039062
-7514,anchor_scsn_007513,616746,1,down,97.99330139160156
-7515,anchor_scsn_007514,617056,1,down,133.77365112304688
-7516,anchor_scsn_007515,617183,1,down,61.53535079956055
-7517,anchor_scsn_007516,617187,1,down,204.0697021484375
-7518,anchor_scsn_007517,617193,1,down,87.57814025878906
-7519,anchor_scsn_007518,617374,1,down,119.64642333984375
-7520,anchor_scsn_007519,617407,1,down,55.540122985839844
-7521,anchor_scsn_007520,617586,1,down,77.58658599853516
-7522,anchor_scsn_007521,617739,1,down,58.33242416381836
-7523,anchor_scsn_007522,617857,1,down,126.82173919677734
-7524,anchor_scsn_007523,617939,1,down,70.63914489746094
-7525,anchor_scsn_007524,618520,1,down,73.46885681152344
-7526,anchor_scsn_007525,618888,1,down,136.0811309814453
-7527,anchor_scsn_007526,618954,1,down,83.9307861328125
-7528,anchor_scsn_007527,619259,1,down,120.93714141845703
-7529,anchor_scsn_007528,619459,1,down,66.2770004272461
-7530,anchor_scsn_007529,619477,1,down,58.08049774169922
-7531,anchor_scsn_007530,619548,1,down,179.0264129638672
-7532,anchor_scsn_007531,620165,1,down,60.81953048706055
-7533,anchor_scsn_007532,620771,1,down,78.50849914550781
-7534,anchor_scsn_007533,620979,1,down,64.60527801513672
-7535,anchor_scsn_007534,621016,1,down,144.88848876953125
-7536,anchor_scsn_007535,621109,1,down,51.23274612426758
-7537,anchor_scsn_007536,621318,1,down,50.165931701660156
-7538,anchor_scsn_007537,621675,1,down,116.04078674316406
-7539,anchor_scsn_007538,621684,1,down,51.61088562011719
-7540,anchor_scsn_007539,621792,1,down,94.71846771240234
-7541,anchor_scsn_007540,622301,1,down,53.1781005859375
-7542,anchor_scsn_007541,622355,1,down,342.5869140625
-7543,anchor_scsn_007542,622388,1,down,99.3913345336914
-7544,anchor_scsn_007543,622778,1,down,282.3974609375
-7545,anchor_scsn_007544,622847,1,down,160.1632843017578
-7546,anchor_scsn_007545,622856,1,down,55.4858283996582
-7547,anchor_scsn_007546,623745,1,down,71.99727630615234
-7548,anchor_scsn_007547,623798,1,down,68.04458618164062
-7549,anchor_scsn_007548,623824,1,down,116.84268188476562
-7550,anchor_scsn_007549,624032,1,down,76.61600494384766
-7551,anchor_scsn_007550,624292,1,down,88.1360092163086
-7552,anchor_scsn_007551,624564,1,down,90.34841918945312
-7553,anchor_scsn_007552,624775,1,down,66.97649383544922
-7554,anchor_scsn_007553,625411,1,down,67.00469207763672
-7555,anchor_scsn_007554,625412,1,down,63.42955017089844
-7556,anchor_scsn_007555,625468,1,down,73.60722351074219
-7557,anchor_scsn_007556,625721,1,down,206.44163513183594
-7558,anchor_scsn_007557,625809,1,down,331.6218566894531
-7559,anchor_scsn_007558,625861,1,down,194.7918243408203
-7560,anchor_scsn_007559,625907,1,down,156.69625854492188
-7561,anchor_scsn_007560,625929,1,down,51.13931655883789
-7562,anchor_scsn_007561,625934,1,down,67.79930114746094
-7563,anchor_scsn_007562,626035,1,down,148.0889892578125
-7564,anchor_scsn_007563,626440,1,down,116.62646484375
-7565,anchor_scsn_007564,627139,1,down,92.14515686035156
-7566,anchor_scsn_007565,627319,1,down,69.32252502441406
-7567,anchor_scsn_007566,627759,1,down,109.55730438232422
-7568,anchor_scsn_007567,627844,1,down,131.37965393066406
-7569,anchor_scsn_007568,628664,1,down,161.78501892089844
-7570,anchor_scsn_007569,628670,1,down,63.28421401977539
-7571,anchor_scsn_007570,628895,1,down,52.3453483581543
-7572,anchor_scsn_007571,629244,1,down,58.387535095214844
-7573,anchor_scsn_007572,629428,1,down,92.57572174072266
-7574,anchor_scsn_007573,629844,1,down,87.90129852294922
-7575,anchor_scsn_007574,630234,1,down,70.91009521484375
-7576,anchor_scsn_007575,630451,1,down,122.35301208496094
-7577,anchor_scsn_007576,630856,1,down,148.0259552001953
-7578,anchor_scsn_007577,631028,1,down,56.00160217285156
-7579,anchor_scsn_007578,631068,1,down,67.07679748535156
-7580,anchor_scsn_007579,631437,1,down,292.35943603515625
-7581,anchor_scsn_007580,631684,1,down,58.7165641784668
-7582,anchor_scsn_007581,631774,1,down,112.8001937866211
-7583,anchor_scsn_007582,632024,1,down,91.58011627197266
-7584,anchor_scsn_007583,632073,1,down,621.23388671875
-7585,anchor_scsn_007584,632287,1,down,78.48809051513672
-7586,anchor_scsn_007585,632642,1,down,179.35455322265625
-7587,anchor_scsn_007586,633725,1,down,50.01491165161133
-7588,anchor_scsn_007587,633771,1,down,594.3802490234375
-7589,anchor_scsn_007588,634142,1,down,158.3942413330078
-7590,anchor_scsn_007589,634168,1,down,57.59496307373047
-7591,anchor_scsn_007590,634533,1,down,137.86155700683594
-7592,anchor_scsn_007591,635030,1,down,85.6595230102539
-7593,anchor_scsn_007592,635172,1,down,69.76409149169922
-7594,anchor_scsn_007593,636029,1,down,300.4657287597656
-7595,anchor_scsn_007594,636068,1,down,543.4758911132812
-7596,anchor_scsn_007595,636094,1,down,83.13050842285156
-7597,anchor_scsn_007596,636294,1,down,99.60124969482422
-7598,anchor_scsn_007597,636877,1,down,86.2992172241211
-7599,anchor_scsn_007598,637023,1,down,51.890892028808594
-7600,anchor_scsn_007599,637047,1,down,51.158451080322266
-7601,anchor_scsn_007600,637633,1,down,59.993133544921875
-7602,anchor_scsn_007601,637749,1,down,158.9649658203125
-7603,anchor_scsn_007602,638148,1,down,70.9238052368164
-7604,anchor_scsn_007603,638622,1,down,54.84257507324219
-7605,anchor_scsn_007604,638765,1,down,98.11299896240234
-7606,anchor_scsn_007605,638956,1,down,68.43894958496094
-7607,anchor_scsn_007606,639039,1,down,167.06622314453125
-7608,anchor_scsn_007607,639194,1,down,63.46668243408203
-7609,anchor_scsn_007608,639514,1,down,51.763214111328125
-7610,anchor_scsn_007609,639719,1,down,252.2829132080078
-7611,anchor_scsn_007610,639787,1,down,64.15367126464844
-7612,anchor_scsn_007611,639933,1,down,185.3970947265625
-7613,anchor_scsn_007612,640392,1,down,55.1673469543457
-7614,anchor_scsn_007613,640565,1,down,194.412841796875
-7615,anchor_scsn_007614,640733,1,down,80.86579895019531
-7616,anchor_scsn_007615,640937,1,down,179.01318359375
-7617,anchor_scsn_007616,641008,1,down,69.01180267333984
-7618,anchor_scsn_007617,641617,1,down,109.24632263183594
-7619,anchor_scsn_007618,641697,1,down,61.8831787109375
-7620,anchor_scsn_007619,642259,1,down,64.46659088134766
-7621,anchor_scsn_007620,642517,1,down,296.8793029785156
-7622,anchor_scsn_007621,642716,1,down,480.328857421875
-7623,anchor_scsn_007622,642742,1,down,53.61492156982422
-7624,anchor_scsn_007623,643251,1,down,172.8418426513672
-7625,anchor_scsn_007624,643334,1,down,197.9822998046875
-7626,anchor_scsn_007625,643541,1,down,65.0101089477539
-7627,anchor_scsn_007626,643687,1,down,269.57611083984375
-7628,anchor_scsn_007627,644079,1,down,160.29638671875
-7629,anchor_scsn_007628,644666,1,down,79.83846282958984
-7630,anchor_scsn_007629,644828,1,down,91.00788116455078
-7631,anchor_scsn_007630,645194,1,down,84.218017578125
-7632,anchor_scsn_007631,645375,1,down,68.43190002441406
-7633,anchor_scsn_007632,645417,1,down,156.23953247070312
-7634,anchor_scsn_007633,645891,1,down,116.93572998046875
-7635,anchor_scsn_007634,646017,1,down,50.633609771728516
-7636,anchor_scsn_007635,646316,1,down,389.5322265625
-7637,anchor_scsn_007636,646667,1,down,60.718040466308594
-7638,anchor_scsn_007637,646740,1,down,64.24010467529297
-7639,anchor_scsn_007638,646817,1,down,77.39649963378906
-7640,anchor_scsn_007639,647036,1,down,133.25209045410156
-7641,anchor_scsn_007640,647063,1,down,263.7235107421875
-7642,anchor_scsn_007641,647076,1,down,101.73207092285156
-7643,anchor_scsn_007642,647363,1,down,90.67628479003906
-7644,anchor_scsn_007643,647576,1,down,91.89356231689453
-7645,anchor_scsn_007644,647613,1,down,249.75152587890625
-7646,anchor_scsn_007645,647722,1,down,282.5436096191406
-7647,anchor_scsn_007646,647973,1,down,64.10199737548828
-7648,anchor_scsn_007647,648003,1,down,57.2127799987793
-7649,anchor_scsn_007648,648098,1,down,127.16372680664062
-7650,anchor_scsn_007649,648528,1,down,91.60221099853516
-7651,anchor_scsn_007650,648926,1,down,387.7782897949219
-7652,anchor_scsn_007651,650152,1,down,220.5769805908203
-7653,anchor_scsn_007652,650159,1,down,53.753055572509766
-7654,anchor_scsn_007653,650274,1,down,106.40885162353516
-7655,anchor_scsn_007654,650307,1,down,54.003379821777344
-7656,anchor_scsn_007655,650601,1,down,554.7557373046875
-7657,anchor_scsn_007656,651230,1,down,59.93830871582031
-7658,anchor_scsn_007657,651254,1,down,134.4172821044922
-7659,anchor_scsn_007658,651262,1,down,205.998291015625
-7660,anchor_scsn_007659,651496,1,down,88.32503509521484
-7661,anchor_scsn_007660,651725,1,down,101.74169921875
-7662,anchor_scsn_007661,652193,1,down,52.62785720825195
-7663,anchor_scsn_007662,652273,1,down,58.03714370727539
-7664,anchor_scsn_007663,652355,1,down,210.37149047851562
-7665,anchor_scsn_007664,652596,1,down,122.48738861083984
-7666,anchor_scsn_007665,652835,1,down,523.205078125
-7667,anchor_scsn_007666,653096,1,down,83.25785064697266
-7668,anchor_scsn_007667,653151,1,down,393.6559143066406
-7669,anchor_scsn_007668,653628,1,down,74.7037124633789
-7670,anchor_scsn_007669,654259,1,down,209.5867462158203
-7671,anchor_scsn_007670,654291,1,down,167.3829803466797
-7672,anchor_scsn_007671,654350,1,down,61.18841552734375
-7673,anchor_scsn_007672,654736,1,down,201.7288055419922
-7674,anchor_scsn_007673,654766,1,down,78.11566162109375
-7675,anchor_scsn_007674,654852,1,down,57.02498245239258
-7676,anchor_scsn_007675,655193,1,down,256.5254821777344
-7677,anchor_scsn_007676,655511,1,down,444.97674560546875
-7678,anchor_scsn_007677,655929,1,down,107.40337371826172
-7679,anchor_scsn_007678,656022,1,down,421.6678771972656
-7680,anchor_scsn_007679,656207,1,down,81.26130676269531
-7681,anchor_scsn_007680,656287,1,down,95.4837646484375
-7682,anchor_scsn_007681,656321,1,down,117.52655029296875
-7683,anchor_scsn_007682,656534,1,down,207.9857177734375
-7684,anchor_scsn_007683,656550,1,down,65.31974792480469
-7685,anchor_scsn_007684,656706,1,down,114.25704193115234
-7686,anchor_scsn_007685,656756,1,down,81.84576416015625
-7687,anchor_scsn_007686,656826,1,down,52.001705169677734
-7688,anchor_scsn_007687,657111,1,down,93.54766845703125
-7689,anchor_scsn_007688,657132,1,down,410.74859619140625
-7690,anchor_scsn_007689,657449,1,down,74.13381958007812
-7691,anchor_scsn_007690,657867,1,down,148.5298614501953
-7692,anchor_scsn_007691,658112,1,down,155.13394165039062
-7693,anchor_scsn_007692,658442,1,down,127.20264434814453
-7694,anchor_scsn_007693,658520,1,down,59.927791595458984
-7695,anchor_scsn_007694,658707,1,down,75.29366302490234
-7696,anchor_scsn_007695,658828,1,down,75.49718475341797
-7697,anchor_scsn_007696,659113,1,down,87.58450317382812
-7698,anchor_scsn_007697,659449,1,down,85.19287872314453
-7699,anchor_scsn_007698,659621,1,down,233.14190673828125
-7700,anchor_scsn_007699,659659,1,down,56.53086471557617
-7701,anchor_scsn_007700,659851,1,down,64.00858306884766
-7702,anchor_scsn_007701,659908,1,down,97.06587219238281
-7703,anchor_scsn_007702,659968,1,down,94.95468139648438
-7704,anchor_scsn_007703,660234,1,down,263.34893798828125
-7705,anchor_scsn_007704,660451,1,down,59.42450714111328
-7706,anchor_scsn_007705,660602,1,down,52.07925796508789
-7707,anchor_scsn_007706,660611,1,down,62.750484466552734
-7708,anchor_scsn_007707,660900,1,down,536.6131591796875
-7709,anchor_scsn_007708,660957,1,down,76.661376953125
-7710,anchor_scsn_007709,661021,1,down,57.613399505615234
-7711,anchor_scsn_007710,661206,1,down,215.59869384765625
-7712,anchor_scsn_007711,661253,1,down,539.912841796875
-7713,anchor_scsn_007712,661314,1,down,59.652584075927734
-7714,anchor_scsn_007713,661333,1,down,64.0819320678711
-7715,anchor_scsn_007714,661379,1,down,167.63612365722656
-7716,anchor_scsn_007715,661509,1,down,63.185298919677734
-7717,anchor_scsn_007716,662047,1,down,59.77507019042969
-7718,anchor_scsn_007717,662213,1,down,53.77803039550781
-7719,anchor_scsn_007718,662264,1,down,59.960060119628906
-7720,anchor_scsn_007719,663052,1,down,298.4721374511719
-7721,anchor_scsn_007720,663202,1,down,56.22183609008789
-7722,anchor_scsn_007721,663215,1,down,117.24917602539062
-7723,anchor_scsn_007722,663248,1,down,100.38788604736328
-7724,anchor_scsn_007723,663790,1,down,226.59841918945312
-7725,anchor_scsn_007724,663948,1,down,98.72123718261719
-7726,anchor_scsn_007725,663978,1,down,897.938720703125
-7727,anchor_scsn_007726,664025,1,down,510.8902893066406
-7728,anchor_scsn_007727,664153,1,down,67.21717071533203
-7729,anchor_scsn_007728,664308,1,down,58.03458786010742
-7730,anchor_scsn_007729,664652,1,down,79.78618621826172
-7731,anchor_scsn_007730,664656,1,down,65.2652587890625
-7732,anchor_scsn_007731,664694,1,down,72.78782653808594
-7733,anchor_scsn_007732,664769,1,down,366.96197509765625
-7734,anchor_scsn_007733,664911,1,down,431.50579833984375
-7735,anchor_scsn_007734,664957,1,down,59.9044303894043
-7736,anchor_scsn_007735,666709,1,down,59.16851043701172
-7737,anchor_scsn_007736,667048,1,down,205.91419982910156
-7738,anchor_scsn_007737,667540,1,down,59.5356330871582
-7739,anchor_scsn_007738,667574,1,down,59.534786224365234
-7740,anchor_scsn_007739,667738,1,down,95.25302124023438
-7741,anchor_scsn_007740,667823,1,down,77.1051025390625
-7742,anchor_scsn_007741,667985,1,down,220.5243377685547
-7743,anchor_scsn_007742,668394,1,down,88.12586212158203
-7744,anchor_scsn_007743,668430,1,down,284.2043762207031
-7745,anchor_scsn_007744,668890,1,down,124.496337890625
-7746,anchor_scsn_007745,668911,1,down,192.83343505859375
-7747,anchor_scsn_007746,669212,1,down,606.120849609375
-7748,anchor_scsn_007747,669318,1,down,60.94388961791992
-7749,anchor_scsn_007748,669502,1,down,119.04712677001953
-7750,anchor_scsn_007749,669941,1,down,130.0106658935547
-7751,anchor_scsn_007750,669999,1,down,145.10531616210938
-7752,anchor_scsn_007751,670161,1,down,55.38810729980469
-7753,anchor_scsn_007752,670887,1,down,69.7037353515625
-7754,anchor_scsn_007753,671511,1,down,56.50117111206055
-7755,anchor_scsn_007754,671919,1,down,169.90550231933594
-7756,anchor_scsn_007755,672132,1,down,50.1890869140625
-7757,anchor_scsn_007756,672213,1,down,118.18260192871094
-7758,anchor_scsn_007757,672644,1,down,316.0553894042969
-7759,anchor_scsn_007758,672713,1,down,107.43766784667969
-7760,anchor_scsn_007759,672983,1,down,83.66957092285156
-7761,anchor_scsn_007760,673285,1,down,104.48143768310547
-7762,anchor_scsn_007761,673417,1,down,54.437355041503906
-7763,anchor_scsn_007762,673537,1,down,103.7876205444336
-7764,anchor_scsn_007763,673753,1,down,215.12478637695312
-7765,anchor_scsn_007764,674026,1,down,69.51074981689453
-7766,anchor_scsn_007765,674567,1,down,309.2203674316406
-7767,anchor_scsn_007766,674606,1,down,57.9727783203125
-7768,anchor_scsn_007767,674938,1,down,113.64505767822266
-7769,anchor_scsn_007768,674957,1,down,268.82354736328125
-7770,anchor_scsn_007769,675089,1,down,97.5889663696289
-7771,anchor_scsn_007770,675189,1,down,269.19073486328125
-7772,anchor_scsn_007771,675282,1,down,53.79247283935547
-7773,anchor_scsn_007772,676253,1,down,71.03314208984375
-7774,anchor_scsn_007773,676311,1,down,139.79371643066406
-7775,anchor_scsn_007774,676526,1,down,57.833702087402344
-7776,anchor_scsn_007775,677162,1,down,202.38299560546875
-7777,anchor_scsn_007776,677394,1,down,141.6637420654297
-7778,anchor_scsn_007777,677840,1,down,156.97933959960938
-7779,anchor_scsn_007778,677979,1,down,244.64735412597656
-7780,anchor_scsn_007779,678171,1,down,115.84822845458984
-7781,anchor_scsn_007780,678253,1,down,98.41636657714844
-7782,anchor_scsn_007781,678462,1,down,69.57122802734375
-7783,anchor_scsn_007782,678561,1,down,198.02976989746094
-7784,anchor_scsn_007783,678833,1,down,88.77629852294922
-7785,anchor_scsn_007784,679365,1,down,191.08714294433594
-7786,anchor_scsn_007785,679519,1,down,57.68336486816406
-7787,anchor_scsn_007786,679848,1,down,50.75004577636719
-7788,anchor_scsn_007787,680576,1,down,102.74419403076172
-7789,anchor_scsn_007788,680824,1,down,84.61141967773438
-7790,anchor_scsn_007789,680864,1,down,91.63558959960938
-7791,anchor_scsn_007790,681106,1,down,324.16754150390625
-7792,anchor_scsn_007791,681378,1,down,56.26033401489258
-7793,anchor_scsn_007792,681500,1,down,60.1352424621582
-7794,anchor_scsn_007793,681554,1,down,54.34912109375
-7795,anchor_scsn_007794,681638,1,down,326.0272216796875
-7796,anchor_scsn_007795,681789,1,down,171.0386199951172
-7797,anchor_scsn_007796,681975,1,down,308.3836669921875
-7798,anchor_scsn_007797,682204,1,down,100.97322845458984
-7799,anchor_scsn_007798,682269,1,down,85.26216125488281
-7800,anchor_scsn_007799,682318,1,down,117.11003875732422
-7801,anchor_scsn_007800,682374,1,down,56.8580436706543
-7802,anchor_scsn_007801,682497,1,down,56.25815200805664
-7803,anchor_scsn_007802,682721,1,down,110.11964416503906
-7804,anchor_scsn_007803,682783,1,down,353.8898010253906
-7805,anchor_scsn_007804,682997,1,down,234.25241088867188
-7806,anchor_scsn_007805,683931,1,down,72.55753326416016
-7807,anchor_scsn_007806,684180,1,down,194.22161865234375
-7808,anchor_scsn_007807,684264,1,down,97.27576446533203
-7809,anchor_scsn_007808,684329,1,down,75.64551544189453
-7810,anchor_scsn_007809,684410,1,down,59.075439453125
-7811,anchor_scsn_007810,684435,1,down,75.36573791503906
-7812,anchor_scsn_007811,684856,1,down,219.11465454101562
-7813,anchor_scsn_007812,685869,1,down,70.40603637695312
-7814,anchor_scsn_007813,686069,1,down,75.52446746826172
-7815,anchor_scsn_007814,686553,1,down,131.98110961914062
-7816,anchor_scsn_007815,686876,1,down,253.38092041015625
-7817,anchor_scsn_007816,686878,1,down,107.4487075805664
-7818,anchor_scsn_007817,686951,1,down,137.0286865234375
-7819,anchor_scsn_007818,687271,1,down,374.9109191894531
-7820,anchor_scsn_007819,687457,1,down,828.9224853515625
-7821,anchor_scsn_007820,687491,1,down,109.12623596191406
-7822,anchor_scsn_007821,687551,1,down,149.76254272460938
-7823,anchor_scsn_007822,687634,1,down,209.94085693359375
-7824,anchor_scsn_007823,687696,1,down,143.5670928955078
-7825,anchor_scsn_007824,687927,1,down,90.69471740722656
-7826,anchor_scsn_007825,688054,1,down,53.34977722167969
-7827,anchor_scsn_007826,688416,1,down,459.64703369140625
-7828,anchor_scsn_007827,688442,1,down,82.62970733642578
-7829,anchor_scsn_007828,688875,1,down,57.57597732543945
-7830,anchor_scsn_007829,688956,1,down,107.50434875488281
-7831,anchor_scsn_007830,688960,1,down,269.873779296875
-7832,anchor_scsn_007831,689085,1,down,212.25535583496094
-7833,anchor_scsn_007832,689178,1,down,131.55506896972656
-7834,anchor_scsn_007833,689792,1,down,280.36572265625
-7835,anchor_scsn_007834,689898,1,down,142.06402587890625
-7836,anchor_scsn_007835,690372,1,down,131.61341857910156
-7837,anchor_scsn_007836,690529,1,down,421.5349426269531
-7838,anchor_scsn_007837,690693,1,down,75.69660949707031
-7839,anchor_scsn_007838,690803,1,down,158.31600952148438
-7840,anchor_scsn_007839,691044,1,down,59.30693054199219
-7841,anchor_scsn_007840,691164,1,down,92.2565689086914
-7842,anchor_scsn_007841,691378,1,down,125.27593994140625
-7843,anchor_scsn_007842,691717,1,down,50.82208251953125
-7844,anchor_scsn_007843,691950,1,down,62.12589645385742
-7845,anchor_scsn_007844,692253,1,down,115.3355941772461
-7846,anchor_scsn_007845,692663,1,down,73.30713653564453
-7847,anchor_scsn_007846,692870,1,down,115.16853332519531
-7848,anchor_scsn_007847,693105,1,down,55.74650573730469
-7849,anchor_scsn_007848,693121,1,down,50.65571212768555
-7850,anchor_scsn_007849,693157,1,down,101.95296478271484
-7851,anchor_scsn_007850,693223,1,down,98.66863250732422
-7852,anchor_scsn_007851,693664,1,down,84.9738540649414
-7853,anchor_scsn_007852,693766,1,down,51.409358978271484
-7854,anchor_scsn_007853,694032,1,down,151.0775604248047
-7855,anchor_scsn_007854,694173,1,down,193.6388397216797
-7856,anchor_scsn_007855,694606,1,down,365.92633056640625
-7857,anchor_scsn_007856,694637,1,down,69.25627136230469
-7858,anchor_scsn_007857,694674,1,down,67.2407455444336
-7859,anchor_scsn_007858,694686,1,down,110.48558044433594
-7860,anchor_scsn_007859,694929,1,down,67.77538299560547
-7861,anchor_scsn_007860,695328,1,down,157.1552734375
-7862,anchor_scsn_007861,695920,1,down,745.4535522460938
-7863,anchor_scsn_007862,696005,1,down,68.85112762451172
-7864,anchor_scsn_007863,696243,1,down,63.090354919433594
-7865,anchor_scsn_007864,696435,1,down,114.51293182373047
-7866,anchor_scsn_007865,697167,1,down,170.2147216796875
-7867,anchor_scsn_007866,697243,1,down,84.89338684082031
-7868,anchor_scsn_007867,697368,1,down,135.6551055908203
-7869,anchor_scsn_007868,697601,1,down,123.35774993896484
-7870,anchor_scsn_007869,698318,1,down,66.60452270507812
-7871,anchor_scsn_007870,698563,1,down,78.46925354003906
-7872,anchor_scsn_007871,698564,1,down,191.22256469726562
-7873,anchor_scsn_007872,698711,1,down,53.112369537353516
-7874,anchor_scsn_007873,698809,1,down,147.97776794433594
-7875,anchor_scsn_007874,699026,1,down,69.56544494628906
-7876,anchor_scsn_007875,699289,1,down,56.78278350830078
-7877,anchor_scsn_007876,699664,1,down,68.76826477050781
-7878,anchor_scsn_007877,699919,1,down,323.4377136230469
-7879,anchor_scsn_007878,699978,1,down,119.4597396850586
-7880,anchor_scsn_007879,700734,1,down,51.56690216064453
-7881,anchor_scsn_007880,700812,1,down,119.11742401123047
-7882,anchor_scsn_007881,701482,1,down,62.930686950683594
-7883,anchor_scsn_007882,701498,1,down,192.17112731933594
-7884,anchor_scsn_007883,701516,1,down,125.14342498779297
-7885,anchor_scsn_007884,701805,1,down,51.07954025268555
-7886,anchor_scsn_007885,701903,1,down,74.91412353515625
-7887,anchor_scsn_007886,701924,1,down,93.60945892333984
-7888,anchor_scsn_007887,702057,1,down,118.45584869384766
-7889,anchor_scsn_007888,702064,1,down,86.75383758544922
-7890,anchor_scsn_007889,702306,1,down,61.027008056640625
-7891,anchor_scsn_007890,702398,1,down,62.95374298095703
-7892,anchor_scsn_007891,702766,1,down,103.27273559570312
-7893,anchor_scsn_007892,702918,1,down,57.42069625854492
-7894,anchor_scsn_007893,703100,1,down,71.85063171386719
-7895,anchor_scsn_007894,703309,1,down,67.30763244628906
-7896,anchor_scsn_007895,703440,1,down,174.25088500976562
-7897,anchor_scsn_007896,703665,1,down,52.368717193603516
-7898,anchor_scsn_007897,703800,1,down,176.5450897216797
-7899,anchor_scsn_007898,703913,1,down,76.40049743652344
-7900,anchor_scsn_007899,703929,1,down,59.3857307434082
-7901,anchor_scsn_007900,704118,1,down,594.9155883789062
-7902,anchor_scsn_007901,704229,1,down,96.14847564697266
-7903,anchor_scsn_007902,704313,1,down,152.6160430908203
-7904,anchor_scsn_007903,704955,1,down,115.23538208007812
-7905,anchor_scsn_007904,705203,1,down,67.74262237548828
-7906,anchor_scsn_007905,705743,1,down,51.86277770996094
-7907,anchor_scsn_007906,705836,1,down,103.66703796386719
-7908,anchor_scsn_007907,705858,1,down,98.3805923461914
-7909,anchor_scsn_007908,706117,1,down,61.40584182739258
-7910,anchor_scsn_007909,706451,1,down,211.7691192626953
-7911,anchor_scsn_007910,706636,1,down,181.99386596679688
-7912,anchor_scsn_007911,706761,1,down,120.197021484375
-7913,anchor_scsn_007912,706788,1,down,456.07080078125
-7914,anchor_scsn_007913,707227,1,down,95.88692474365234
-7915,anchor_scsn_007914,707232,1,down,205.47572326660156
-7916,anchor_scsn_007915,707332,1,down,97.44756317138672
-7917,anchor_scsn_007916,707702,1,down,213.62313842773438
-7918,anchor_scsn_007917,708429,1,down,69.33113861083984
-7919,anchor_scsn_007918,708533,1,down,213.09646606445312
-7920,anchor_scsn_007919,708698,1,down,110.1141357421875
-7921,anchor_scsn_007920,708873,1,down,169.12261962890625
-7922,anchor_scsn_007921,708993,1,down,77.34198760986328
-7923,anchor_scsn_007922,709042,1,down,328.8104248046875
-7924,anchor_scsn_007923,709480,1,down,77.3345947265625
-7925,anchor_scsn_007924,709609,1,down,104.37104034423828
-7926,anchor_scsn_007925,709689,1,down,65.38191223144531
-7927,anchor_scsn_007926,710067,1,down,155.23023986816406
-7928,anchor_scsn_007927,710112,1,down,81.13261413574219
-7929,anchor_scsn_007928,710255,1,down,85.44696044921875
-7930,anchor_scsn_007929,711270,1,down,69.59281921386719
-7931,anchor_scsn_007930,712109,1,down,52.43696975708008
-7932,anchor_scsn_007931,712334,1,down,132.23805236816406
-7933,anchor_scsn_007932,712610,1,down,65.9726791381836
-7934,anchor_scsn_007933,712646,1,down,78.70718383789062
-7935,anchor_scsn_007934,712667,1,down,183.043701171875
-7936,anchor_scsn_007935,712927,1,down,82.26001739501953
-7937,anchor_scsn_007936,713026,1,down,80.5362548828125
-7938,anchor_scsn_007937,713508,1,down,154.3655242919922
-7939,anchor_scsn_007938,714467,1,down,102.58030700683594
-7940,anchor_scsn_007939,714489,1,down,128.64024353027344
-7941,anchor_scsn_007940,715007,1,down,243.62631225585938
-7942,anchor_scsn_007941,715832,1,down,77.78451538085938
-7943,anchor_scsn_007942,715913,1,down,174.43853759765625
-7944,anchor_scsn_007943,715915,1,down,88.9808578491211
-7945,anchor_scsn_007944,716533,1,down,129.5012664794922
-7946,anchor_scsn_007945,717124,1,down,118.3047103881836
-7947,anchor_scsn_007946,717304,1,down,91.27510070800781
-7948,anchor_scsn_007947,717313,1,down,116.65275573730469
-7949,anchor_scsn_007948,717324,1,down,54.18730545043945
-7950,anchor_scsn_007949,717364,1,down,62.34126663208008
-7951,anchor_scsn_007950,717911,1,down,234.02114868164062
-7952,anchor_scsn_007951,718069,1,down,75.53214263916016
-7953,anchor_scsn_007952,719682,1,down,88.09652709960938
-7954,anchor_scsn_007953,719854,1,down,67.9120101928711
-7955,anchor_scsn_007954,720295,1,down,453.5592346191406
-7956,anchor_scsn_007955,721362,1,down,104.05543518066406
-7957,anchor_scsn_007956,721774,1,down,52.3707389831543
-7958,anchor_scsn_007957,722030,1,down,58.33711624145508
-7959,anchor_scsn_007958,722162,1,down,68.98441314697266
-7960,anchor_scsn_007959,722736,1,down,117.39427185058594
-7961,anchor_scsn_007960,722807,1,down,56.352752685546875
-7962,anchor_scsn_007961,723060,1,down,95.76677703857422
-7963,anchor_scsn_007962,723411,1,down,101.4815673828125
-7964,anchor_scsn_007963,724472,1,down,83.55846405029297
-7965,anchor_scsn_007964,724549,1,down,139.83473205566406
-7966,anchor_scsn_007965,725401,1,down,115.9976577758789
-7967,anchor_scsn_007966,726120,1,down,88.21330261230469
-7968,anchor_scsn_007967,726381,1,down,89.515380859375
-7969,anchor_scsn_007968,726438,1,down,505.3204040527344
-7970,anchor_scsn_007969,726565,1,down,84.48727416992188
-7971,anchor_scsn_007970,726618,1,down,147.10525512695312
-7972,anchor_scsn_007971,726726,1,down,177.52459716796875
-7973,anchor_scsn_007972,726990,1,down,80.29949188232422
-7974,anchor_scsn_007973,727284,1,down,192.8655242919922
-7975,anchor_scsn_007974,727551,1,down,87.24308776855469
-7976,anchor_scsn_007975,728154,1,down,145.35580444335938
-7977,anchor_scsn_007976,728247,1,down,92.80672454833984
-7978,anchor_scsn_007977,728380,1,down,69.64165496826172
-7979,anchor_scsn_007978,728563,1,down,162.5220489501953
-7980,anchor_scsn_007979,728607,1,down,81.52324676513672
-7981,anchor_scsn_007980,728921,1,down,98.50102996826172
-7982,anchor_scsn_007981,729138,1,down,52.57250213623047
-7983,anchor_scsn_007982,729178,1,down,150.3961944580078
-7984,anchor_scsn_007983,729232,1,down,191.71315002441406
-7985,anchor_scsn_007984,729258,1,down,85.9437255859375
-7986,anchor_scsn_007985,729579,1,down,194.75912475585938
-7987,anchor_scsn_007986,730007,1,down,70.80262756347656
-7988,anchor_scsn_007987,730175,1,down,51.2104377746582
-7989,anchor_scsn_007988,730571,1,down,66.7852783203125
-7990,anchor_scsn_007989,730716,1,down,79.67247009277344
-7991,anchor_scsn_007990,730907,1,down,60.19597625732422
-7992,anchor_scsn_007991,731675,1,down,50.84996795654297
-7993,anchor_scsn_007992,731740,1,down,110.54826354980469
-7994,anchor_scsn_007993,732021,1,down,112.5966567993164
-7995,anchor_scsn_007994,732030,1,down,59.75820541381836
-7996,anchor_scsn_007995,732684,1,down,70.95234680175781
-7997,anchor_scsn_007996,732709,1,down,74.33847045898438
-7998,anchor_scsn_007997,732773,1,down,91.51954650878906
-7999,anchor_scsn_007998,732785,1,down,272.8990478515625
-8000,anchor_scsn_007999,732826,1,down,119.92155456542969
-8001,anchor_scsn_008000,733910,1,down,167.88323974609375
-8002,anchor_scsn_008001,734225,1,down,104.55403900146484
-8003,anchor_scsn_008002,734259,1,down,241.8408660888672
-8004,anchor_scsn_008003,734298,1,down,175.1126708984375
-8005,anchor_scsn_008004,734572,1,down,341.0312194824219
-8006,anchor_scsn_008005,735365,1,down,64.11722564697266
-8007,anchor_scsn_008006,735458,1,down,135.18466186523438
-8008,anchor_scsn_008007,735565,1,down,55.76762771606445
-8009,anchor_scsn_008008,736014,1,down,72.00245666503906
-8010,anchor_scsn_008009,736047,1,down,85.66547393798828
-8011,anchor_scsn_008010,736148,1,down,58.217872619628906
-8012,anchor_scsn_008011,736359,1,down,144.69456481933594
-8013,anchor_scsn_008012,736717,1,down,61.02708435058594
-8014,anchor_scsn_008013,736877,1,down,64.77021789550781
-8015,anchor_scsn_008014,737040,1,down,76.04737091064453
-8016,anchor_scsn_008015,737263,1,down,100.09033966064453
-8017,anchor_scsn_008016,737317,1,down,490.9352111816406
-8018,anchor_scsn_008017,737545,1,down,59.993682861328125
-8019,anchor_scsn_008018,738103,1,down,439.3428039550781
-8020,anchor_scsn_008019,738179,1,down,223.99752807617188
-8021,anchor_scsn_008020,738952,1,down,105.79995727539062
-8022,anchor_scsn_008021,738973,1,down,184.83131408691406
-8023,anchor_scsn_008022,739049,1,down,180.7816162109375
-8024,anchor_scsn_008023,739303,1,down,111.86878204345703
-8025,anchor_scsn_008024,739463,1,down,100.1272201538086
-8026,anchor_scsn_008025,739650,1,down,89.72241973876953
-8027,anchor_scsn_008026,739783,1,down,60.23969650268555
-8028,anchor_scsn_008027,740021,1,down,90.40357208251953
-8029,anchor_scsn_008028,740833,1,down,270.01690673828125
-8030,anchor_scsn_008029,741884,1,down,104.50405883789062
-8031,anchor_scsn_008030,742080,1,down,125.57420349121094
-8032,anchor_scsn_008031,742434,1,down,181.0621795654297
-8033,anchor_scsn_008032,742800,1,down,72.31983947753906
-8034,anchor_scsn_008033,742917,1,down,98.4082260131836
-8035,anchor_scsn_008034,743324,1,down,52.320045471191406
-8036,anchor_scsn_008035,743541,1,down,104.70845031738281
-8037,anchor_scsn_008036,744104,1,down,214.1548614501953
-8038,anchor_scsn_008037,744192,1,down,53.16387176513672
-8039,anchor_scsn_008038,744253,1,down,77.48856353759766
-8040,anchor_scsn_008039,744427,1,down,63.169734954833984
-8041,anchor_scsn_008040,744668,1,down,78.56559753417969
-8042,anchor_scsn_008041,744710,1,down,63.49050521850586
-8043,anchor_scsn_008042,744836,1,down,105.18724060058594
-8044,anchor_scsn_008043,745271,1,down,119.42433166503906
-8045,anchor_scsn_008044,745394,1,down,60.51040267944336
-8046,anchor_scsn_008045,745833,1,down,104.19536590576172
-8047,anchor_scsn_008046,746033,1,down,215.1459503173828
-8048,anchor_scsn_008047,746234,1,down,207.5333709716797
-8049,anchor_scsn_008048,746461,1,down,91.09044647216797
-8050,anchor_scsn_008049,746471,1,down,55.62382125854492
-8051,anchor_scsn_008050,746579,1,down,52.503021240234375
-8052,anchor_scsn_008051,746630,1,down,322.67596435546875
-8053,anchor_scsn_008052,746756,1,down,64.57627868652344
-8054,anchor_scsn_008053,746842,1,down,63.39867401123047
-8055,anchor_scsn_008054,747059,1,down,52.09017562866211
-8056,anchor_scsn_008055,748343,1,down,66.38165283203125
-8057,anchor_scsn_008056,748431,1,down,184.7812957763672
-8058,anchor_scsn_008057,748527,1,down,369.578369140625
-8059,anchor_scsn_008058,748532,1,down,491.1660461425781
-8060,anchor_scsn_008059,748646,1,down,160.12290954589844
-8061,anchor_scsn_008060,748728,1,down,52.51925277709961
-8062,anchor_scsn_008061,748849,1,down,104.69575500488281
-8063,anchor_scsn_008062,749040,1,down,52.151973724365234
-8064,anchor_scsn_008063,749041,1,down,94.23304748535156
-8065,anchor_scsn_008064,749479,1,down,54.83362579345703
-8066,anchor_scsn_008065,749814,1,down,66.87109375
-8067,anchor_scsn_008066,750061,1,down,70.04553985595703
-8068,anchor_scsn_008067,750248,1,down,113.71458435058594
-8069,anchor_scsn_008068,750616,1,down,75.67987060546875
-8070,anchor_scsn_008069,750650,1,down,54.62137985229492
-8071,anchor_scsn_008070,751191,1,down,117.68236541748047
-8072,anchor_scsn_008071,751455,1,down,59.627994537353516
-8073,anchor_scsn_008072,751947,1,down,174.93370056152344
-8074,anchor_scsn_008073,751981,1,down,67.54373931884766
-8075,anchor_scsn_008074,752057,1,down,62.08079147338867
-8076,anchor_scsn_008075,752374,1,down,158.87911987304688
-8077,anchor_scsn_008076,752676,1,down,67.55738830566406
-8078,anchor_scsn_008077,752812,1,down,77.79467010498047
-8079,anchor_scsn_008078,752834,1,down,55.99116897583008
-8080,anchor_scsn_008079,753039,1,down,121.06153869628906
-8081,anchor_scsn_008080,753195,1,down,70.59577178955078
-8082,anchor_scsn_008081,753298,1,down,61.40597915649414
-8083,anchor_scsn_008082,753362,1,down,182.597412109375
-8084,anchor_scsn_008083,753514,1,down,131.08055114746094
-8085,anchor_scsn_008084,753678,1,down,68.84716033935547
-8086,anchor_scsn_008085,754125,1,down,90.21052551269531
-8087,anchor_scsn_008086,754247,1,down,88.73185729980469
-8088,anchor_scsn_008087,754261,1,down,132.90577697753906
-8089,anchor_scsn_008088,754426,1,down,58.33698654174805
-8090,anchor_scsn_008089,754610,1,down,85.89105224609375
-8091,anchor_scsn_008090,754953,1,down,130.00411987304688
-8092,anchor_scsn_008091,755355,1,down,127.49227142333984
-8093,anchor_scsn_008092,755422,1,down,61.39176559448242
-8094,anchor_scsn_008093,755705,1,down,63.89722442626953
-8095,anchor_scsn_008094,755969,1,down,149.1537322998047
-8096,anchor_scsn_008095,756529,1,down,91.74652862548828
-8097,anchor_scsn_008096,756777,1,down,71.46956634521484
-8098,anchor_scsn_008097,756818,1,down,145.36764526367188
-8099,anchor_scsn_008098,756953,1,down,54.879051208496094
-8100,anchor_scsn_008099,757175,1,down,99.45928955078125
-8101,anchor_scsn_008100,757264,1,down,120.8017578125
-8102,anchor_scsn_008101,757282,1,down,58.02128601074219
-8103,anchor_scsn_008102,757289,1,down,197.99557495117188
-8104,anchor_scsn_008103,757356,1,down,776.3460693359375
-8105,anchor_scsn_008104,757436,1,down,283.6030578613281
-8106,anchor_scsn_008105,758397,1,down,90.82234191894531
-8107,anchor_scsn_008106,759435,1,down,126.50010681152344
-8108,anchor_scsn_008107,759467,1,down,57.88428497314453
-8109,anchor_scsn_008108,759616,1,down,58.76134490966797
-8110,anchor_scsn_008109,760008,1,down,107.09566497802734
-8111,anchor_scsn_008110,760047,1,down,228.0831298828125
-8112,anchor_scsn_008111,760412,1,down,63.29533386230469
-8113,anchor_scsn_008112,760502,1,down,81.73847198486328
-8114,anchor_scsn_008113,760579,1,down,100.66793060302734
-8115,anchor_scsn_008114,760724,1,down,59.10592269897461
-8116,anchor_scsn_008115,761338,1,down,93.82221221923828
-8117,anchor_scsn_008116,761820,1,down,180.2454833984375
-8118,anchor_scsn_008117,761831,1,down,67.05179595947266
-8119,anchor_scsn_008118,762757,1,down,63.822139739990234
-8120,anchor_scsn_008119,762784,1,down,54.2129020690918
-8121,anchor_scsn_008120,763506,1,down,51.001686096191406
-8122,anchor_scsn_008121,763536,1,down,62.79096984863281
-8123,anchor_scsn_008122,763625,1,down,119.30123138427734
-8124,anchor_scsn_008123,763780,1,down,106.0413589477539
-8125,anchor_scsn_008124,763942,1,down,121.15516662597656
-8126,anchor_scsn_008125,764120,1,down,90.81437683105469
-8127,anchor_scsn_008126,764259,1,down,147.82815551757812
-8128,anchor_scsn_008127,764364,1,down,178.27464294433594
-8129,anchor_scsn_008128,764641,1,down,933.8455810546875
-8130,anchor_scsn_008129,764855,1,down,796.5289306640625
-8131,anchor_scsn_008130,764974,1,down,85.83355712890625
-8132,anchor_scsn_008131,765684,1,down,58.63351058959961
-8133,anchor_scsn_008132,765767,1,down,76.53890228271484
-8134,anchor_scsn_008133,765914,1,down,60.0025749206543
-8135,anchor_scsn_008134,766064,1,down,339.7138977050781
-8136,anchor_scsn_008135,766245,1,down,913.49951171875
-8137,anchor_scsn_008136,766532,1,down,67.97290802001953
-8138,anchor_scsn_008137,766705,1,down,66.18883514404297
-8139,anchor_scsn_008138,767647,1,down,63.10725402832031
-8140,anchor_scsn_008139,767807,1,down,53.70944595336914
-8141,anchor_scsn_008140,767893,1,down,316.9360656738281
-8142,anchor_scsn_008141,768045,1,down,118.02252960205078
-8143,anchor_scsn_008142,768114,1,down,61.99652862548828
-8144,anchor_scsn_008143,768594,1,down,301.689453125
-8145,anchor_scsn_008144,768612,1,down,76.2590560913086
-8146,anchor_scsn_008145,768714,1,down,82.27859497070312
-8147,anchor_scsn_008146,768786,1,down,124.69263458251953
-8148,anchor_scsn_008147,769001,1,down,105.23042297363281
-8149,anchor_scsn_008148,769376,1,down,104.86325073242188
-8150,anchor_scsn_008149,769888,1,down,50.3757209777832
-8151,anchor_scsn_008150,769947,1,down,190.12445068359375
-8152,anchor_scsn_008151,770134,1,down,86.67790985107422
-8153,anchor_scsn_008152,770341,1,down,53.36283493041992
-8154,anchor_scsn_008153,771029,1,down,142.64585876464844
-8155,anchor_scsn_008154,771094,1,down,80.82777404785156
-8156,anchor_scsn_008155,771135,1,down,112.06621551513672
-8157,anchor_scsn_008156,771240,1,down,163.1448516845703
-8158,anchor_scsn_008157,771565,1,down,67.76608276367188
-8159,anchor_scsn_008158,771624,1,down,54.4125862121582
-8160,anchor_scsn_008159,772772,1,down,124.38201141357422
-8161,anchor_scsn_008160,773183,1,down,95.14793395996094
-8162,anchor_scsn_008161,773286,1,down,236.8120574951172
-8163,anchor_scsn_008162,773471,1,down,452.83819580078125
-8164,anchor_scsn_008163,773779,1,down,97.31050872802734
-8165,anchor_scsn_008164,773953,1,down,52.32566833496094
-8166,anchor_scsn_008165,774076,1,down,82.38353729248047
-8167,anchor_scsn_008166,774187,1,down,86.3822021484375
-8168,anchor_scsn_008167,775609,1,down,61.40196228027344
-8169,anchor_scsn_008168,775893,1,down,128.23892211914062
-8170,anchor_scsn_008169,776091,1,down,70.64140319824219
-8171,anchor_scsn_008170,776296,1,down,98.88338470458984
-8172,anchor_scsn_008171,776627,1,down,51.008522033691406
-8173,anchor_scsn_008172,777110,1,down,134.6800537109375
-8174,anchor_scsn_008173,777326,1,down,50.13090896606445
-8175,anchor_scsn_008174,777665,1,down,498.7886047363281
-8176,anchor_scsn_008175,778379,1,down,114.12969970703125
-8177,anchor_scsn_008176,778545,1,down,53.877906799316406
-8178,anchor_scsn_008177,778769,1,down,83.06028747558594
-8179,anchor_scsn_008178,779046,1,down,59.536399841308594
-8180,anchor_scsn_008179,779724,1,down,95.49982452392578
-8181,anchor_scsn_008180,779786,1,down,729.066650390625
-8182,anchor_scsn_008181,780117,1,down,843.9931030273438
-8183,anchor_scsn_008182,780266,1,down,723.8895874023438
-8184,anchor_scsn_008183,780393,1,down,77.72496032714844
-8185,anchor_scsn_008184,780772,1,down,84.5559310913086
-8186,anchor_scsn_008185,781115,1,down,59.0018196105957
-8187,anchor_scsn_008186,781499,1,down,78.2452621459961
-8188,anchor_scsn_008187,781819,1,down,80.31623077392578
-8189,anchor_scsn_008188,782511,1,down,135.97396850585938
-8190,anchor_scsn_008189,782609,1,down,111.4094009399414
-8191,anchor_scsn_008190,783126,1,down,150.23358154296875
-8192,anchor_scsn_008191,783215,1,down,245.49807739257812
-8193,anchor_scsn_008192,783254,1,down,52.92382049560547
-8194,anchor_scsn_008193,783262,1,down,51.36574935913086
-8195,anchor_scsn_008194,783497,1,down,124.11170959472656
-8196,anchor_scsn_008195,783705,1,down,135.54225158691406
-8197,anchor_scsn_008196,784084,1,down,74.9837417602539
-8198,anchor_scsn_008197,784161,1,down,469.5604553222656
-8199,anchor_scsn_008198,784274,1,down,83.73827362060547
-8200,anchor_scsn_008199,784317,1,down,76.13969421386719
-8201,anchor_scsn_008200,784320,1,down,134.9285430908203
-8202,anchor_scsn_008201,784355,1,down,116.43368530273438
-8203,anchor_scsn_008202,784504,1,down,77.15814208984375
-8204,anchor_scsn_008203,784615,1,down,92.22329711914062
-8205,anchor_scsn_008204,784633,1,down,291.2520446777344
-8206,anchor_scsn_008205,784754,1,down,300.2598876953125
-8207,anchor_scsn_008206,785041,1,down,58.841922760009766
-8208,anchor_scsn_008207,785569,1,down,61.824771881103516
-8209,anchor_scsn_008208,786129,1,down,60.38473892211914
-8210,anchor_scsn_008209,786456,1,down,98.31025695800781
-8211,anchor_scsn_008210,786583,1,down,65.57414245605469
-8212,anchor_scsn_008211,787068,1,down,56.10554504394531
-8213,anchor_scsn_008212,787105,1,down,77.38604736328125
-8214,anchor_scsn_008213,787687,1,down,302.0534973144531
-8215,anchor_scsn_008214,787861,1,down,172.749267578125
-8216,anchor_scsn_008215,788308,1,down,79.12212371826172
-8217,anchor_scsn_008216,788484,1,down,73.93556213378906
-8218,anchor_scsn_008217,788648,1,down,154.43687438964844
-8219,anchor_scsn_008218,788804,1,down,174.87351989746094
-8220,anchor_scsn_008219,788840,1,down,62.303672790527344
-8221,anchor_scsn_008220,788851,1,down,93.17626953125
-8222,anchor_scsn_008221,789335,1,down,307.74932861328125
-8223,anchor_scsn_008222,789350,1,down,155.9768524169922
-8224,anchor_scsn_008223,789413,1,down,65.08092498779297
-8225,anchor_scsn_008224,790192,1,down,188.78956604003906
-8226,anchor_scsn_008225,790221,1,down,58.123558044433594
-8227,anchor_scsn_008226,790372,1,down,51.398921966552734
-8228,anchor_scsn_008227,790429,1,down,220.06344604492188
-8229,anchor_scsn_008228,790533,1,down,61.4050407409668
-8230,anchor_scsn_008229,790960,1,down,164.41256713867188
-8231,anchor_scsn_008230,791343,1,down,99.83170318603516
-8232,anchor_scsn_008231,791609,1,down,434.08203125
-8233,anchor_scsn_008232,791783,1,down,190.1968536376953
-8234,anchor_scsn_008233,792123,1,down,89.43212890625
-8235,anchor_scsn_008234,792160,1,down,174.6488494873047
-8236,anchor_scsn_008235,792518,1,down,116.14507293701172
-8237,anchor_scsn_008236,792719,1,down,727.6121826171875
-8238,anchor_scsn_008237,792723,1,down,167.20603942871094
-8239,anchor_scsn_008238,793249,1,down,51.79624557495117
-8240,anchor_scsn_008239,793432,1,down,141.07473754882812
-8241,anchor_scsn_008240,793810,1,down,69.5996322631836
-8242,anchor_scsn_008241,793945,1,down,51.92521286010742
-8243,anchor_scsn_008242,793969,1,down,69.55557250976562
-8244,anchor_scsn_008243,793971,1,down,139.4688720703125
-8245,anchor_scsn_008244,794127,1,down,156.58096313476562
-8246,anchor_scsn_008245,794130,1,down,61.236507415771484
-8247,anchor_scsn_008246,794180,1,down,103.43525695800781
-8248,anchor_scsn_008247,795803,1,down,132.5077667236328
-8249,anchor_scsn_008248,796031,1,down,84.18721008300781
-8250,anchor_scsn_008249,796759,1,down,55.612728118896484
-8251,anchor_scsn_008250,796844,1,down,136.03683471679688
-8252,anchor_scsn_008251,797130,1,down,479.51556396484375
-8253,anchor_scsn_008252,797164,1,down,73.06378936767578
-8254,anchor_scsn_008253,797193,1,down,105.15680694580078
-8255,anchor_scsn_008254,797442,1,down,145.2132110595703
-8256,anchor_scsn_008255,797466,1,down,65.38835144042969
-8257,anchor_scsn_008256,797479,1,down,592.9114990234375
-8258,anchor_scsn_008257,797616,1,down,353.5411071777344
-8259,anchor_scsn_008258,797894,1,down,443.8948974609375
-8260,anchor_scsn_008259,798149,1,down,394.0288391113281
-8261,anchor_scsn_008260,798652,1,down,51.17178726196289
-8262,anchor_scsn_008261,798774,1,down,52.85256576538086
-8263,anchor_scsn_008262,799037,1,down,55.07830810546875
-8264,anchor_scsn_008263,799084,1,down,448.6570129394531
-8265,anchor_scsn_008264,799168,1,down,151.4075927734375
-8266,anchor_scsn_008265,800352,1,down,54.01053237915039
-8267,anchor_scsn_008266,800625,1,down,126.24901580810547
-8268,anchor_scsn_008267,800956,1,down,155.11451721191406
-8269,anchor_scsn_008268,801600,1,down,119.59593963623047
-8270,anchor_scsn_008269,802151,1,down,67.54974365234375
-8271,anchor_scsn_008270,802388,1,down,72.66159057617188
-8272,anchor_scsn_008271,802422,1,down,64.12355041503906
-8273,anchor_scsn_008272,802600,1,down,224.9108123779297
-8274,anchor_scsn_008273,802644,1,down,148.586181640625
-8275,anchor_scsn_008274,803004,1,down,175.5111083984375
-8276,anchor_scsn_008275,803268,1,down,109.98790740966797
-8277,anchor_scsn_008276,803328,1,down,114.61449432373047
-8278,anchor_scsn_008277,803371,1,down,193.4738006591797
-8279,anchor_scsn_008278,803454,1,down,126.21905517578125
-8280,anchor_scsn_008279,803614,1,down,127.48822021484375
-8281,anchor_scsn_008280,803944,1,down,86.61143493652344
-8282,anchor_scsn_008281,804485,1,down,192.99758911132812
-8283,anchor_scsn_008282,804550,1,down,183.6360626220703
-8284,anchor_scsn_008283,804607,1,down,66.53019714355469
-8285,anchor_scsn_008284,804683,1,down,109.56919860839844
-8286,anchor_scsn_008285,804906,1,down,113.14149475097656
-8287,anchor_scsn_008286,805199,1,down,333.3888854980469
-8288,anchor_scsn_008287,805469,1,down,58.564884185791016
-8289,anchor_scsn_008288,805664,1,down,54.57521438598633
-8290,anchor_scsn_008289,805774,1,down,74.54829406738281
-8291,anchor_scsn_008290,806199,1,down,116.29389190673828
-8292,anchor_scsn_008291,806446,1,down,62.5412712097168
-8293,anchor_scsn_008292,806519,1,down,61.7673454284668
-8294,anchor_scsn_008293,806603,1,down,153.79066467285156
-8295,anchor_scsn_008294,806671,1,down,56.43175506591797
-8296,anchor_scsn_008295,807005,1,down,51.23084259033203
-8297,anchor_scsn_008296,807170,1,down,69.58187103271484
-8298,anchor_scsn_008297,807202,1,down,107.94096374511719
-8299,anchor_scsn_008298,807968,1,down,137.17874145507812
-8300,anchor_scsn_008299,808198,1,down,55.91935348510742
-8301,anchor_scsn_008300,808311,1,down,103.35317993164062
-8302,anchor_scsn_008301,808326,1,down,117.67654418945312
-8303,anchor_scsn_008302,808458,1,down,76.78643035888672
-8304,anchor_scsn_008303,808652,1,down,66.14517211914062
-8305,anchor_scsn_008304,808781,1,down,210.44866943359375
-8306,anchor_scsn_008305,808970,1,down,134.09597778320312
-8307,anchor_scsn_008306,809122,1,down,229.11158752441406
-8308,anchor_scsn_008307,809154,1,down,79.83285522460938
-8309,anchor_scsn_008308,809251,1,down,86.70500946044922
-8310,anchor_scsn_008309,809359,1,down,56.280296325683594
-8311,anchor_scsn_008310,810048,1,down,59.23176956176758
-8312,anchor_scsn_008311,810268,1,down,150.30950927734375
-8313,anchor_scsn_008312,810365,1,down,50.4257926940918
-8314,anchor_scsn_008313,810483,1,down,203.1746063232422
-8315,anchor_scsn_008314,810638,1,down,385.8657531738281
-8316,anchor_scsn_008315,810657,1,down,61.50364685058594
-8317,anchor_scsn_008316,810666,1,down,95.51131439208984
-8318,anchor_scsn_008317,810680,1,down,275.50518798828125
-8319,anchor_scsn_008318,810889,1,down,161.6780242919922
-8320,anchor_scsn_008319,811300,1,down,56.32825469970703
-8321,anchor_scsn_008320,811478,1,down,74.94076538085938
-8322,anchor_scsn_008321,811512,1,down,55.34217071533203
-8323,anchor_scsn_008322,811549,1,down,250.77398681640625
-8324,anchor_scsn_008323,811989,1,down,320.99114990234375
-8325,anchor_scsn_008324,812061,1,down,648.147216796875
-8326,anchor_scsn_008325,812667,1,down,124.00445556640625
-8327,anchor_scsn_008326,812728,1,down,57.38871383666992
-8328,anchor_scsn_008327,812993,1,down,164.15296936035156
-8329,anchor_scsn_008328,812998,1,down,83.98617553710938
-8330,anchor_scsn_008329,813192,1,down,77.55852508544922
-8331,anchor_scsn_008330,813245,1,down,52.678184509277344
-8332,anchor_scsn_008331,813651,1,down,75.87808227539062
-8333,anchor_scsn_008332,813815,1,down,71.6760025024414
-8334,anchor_scsn_008333,814015,1,down,110.84163665771484
-8335,anchor_scsn_008334,814357,1,down,733.3897094726562
-8336,anchor_scsn_008335,815345,1,down,143.69793701171875
-8337,anchor_scsn_008336,815623,1,down,58.056644439697266
-8338,anchor_scsn_008337,815627,1,down,145.8504180908203
-8339,anchor_scsn_008338,815891,1,down,53.525856018066406
-8340,anchor_scsn_008339,815895,1,down,131.94070434570312
-8341,anchor_scsn_008340,816027,1,down,184.84922790527344
-8342,anchor_scsn_008341,816135,1,down,58.15724182128906
-8343,anchor_scsn_008342,816179,1,down,52.10456848144531
-8344,anchor_scsn_008343,816197,1,down,50.878238677978516
-8345,anchor_scsn_008344,816381,1,down,84.20897674560547
-8346,anchor_scsn_008345,816464,1,down,87.5230941772461
-8347,anchor_scsn_008346,816666,1,down,85.27479553222656
-8348,anchor_scsn_008347,817183,1,down,152.76980590820312
-8349,anchor_scsn_008348,817819,1,down,54.23249435424805
-8350,anchor_scsn_008349,818045,1,down,87.55950164794922
-8351,anchor_scsn_008350,818073,1,down,195.08888244628906
-8352,anchor_scsn_008351,818289,1,down,68.79041290283203
-8353,anchor_scsn_008352,818410,1,down,114.92510986328125
-8354,anchor_scsn_008353,818570,1,down,151.92897033691406
-8355,anchor_scsn_008354,818672,1,down,57.31894302368164
-8356,anchor_scsn_008355,819282,1,down,62.769771575927734
-8357,anchor_scsn_008356,819472,1,down,634.0136108398438
-8358,anchor_scsn_008357,819474,1,down,138.92257690429688
-8359,anchor_scsn_008358,819749,1,down,57.78376007080078
-8360,anchor_scsn_008359,819934,1,down,333.4547119140625
-8361,anchor_scsn_008360,820575,1,down,64.22297668457031
-8362,anchor_scsn_008361,820605,1,down,61.95581817626953
-8363,anchor_scsn_008362,820771,1,down,89.54821014404297
-8364,anchor_scsn_008363,820776,1,down,95.71133422851562
-8365,anchor_scsn_008364,820969,1,down,71.69739532470703
-8366,anchor_scsn_008365,821200,1,down,72.85720825195312
-8367,anchor_scsn_008366,821307,1,down,137.2428436279297
-8368,anchor_scsn_008367,821693,1,down,55.486995697021484
-8369,anchor_scsn_008368,822058,1,down,219.8151397705078
-8370,anchor_scsn_008369,822771,1,down,55.41558074951172
-8371,anchor_scsn_008370,822790,1,down,288.49249267578125
-8372,anchor_scsn_008371,822846,1,down,90.63082122802734
-8373,anchor_scsn_008372,823168,1,down,231.86651611328125
-8374,anchor_scsn_008373,824157,1,down,132.6068878173828
-8375,anchor_scsn_008374,824848,1,down,166.49884033203125
-8376,anchor_scsn_008375,825296,1,down,183.7626190185547
-8377,anchor_scsn_008376,825907,1,down,157.300537109375
-8378,anchor_scsn_008377,826064,1,down,130.1309356689453
-8379,anchor_scsn_008378,826560,1,down,192.2951202392578
-8380,anchor_scsn_008379,826750,1,down,54.21067428588867
-8381,anchor_scsn_008380,827065,1,down,127.27290344238281
-8382,anchor_scsn_008381,827240,1,down,153.5437774658203
-8383,anchor_scsn_008382,828231,1,down,62.569549560546875
-8384,anchor_scsn_008383,828406,1,down,138.0156707763672
-8385,anchor_scsn_008384,828497,1,down,98.08863067626953
-8386,anchor_scsn_008385,828700,1,down,345.22216796875
-8387,anchor_scsn_008386,828792,1,down,218.36708068847656
-8388,anchor_scsn_008387,828911,1,down,443.8523254394531
-8389,anchor_scsn_008388,829016,1,down,120.6860122680664
-8390,anchor_scsn_008389,829094,1,down,359.3896789550781
-8391,anchor_scsn_008390,829446,1,down,71.38289642333984
-8392,anchor_scsn_008391,829768,1,down,74.04557800292969
-8393,anchor_scsn_008392,830166,1,down,83.74185943603516
-8394,anchor_scsn_008393,830588,1,down,62.348384857177734
-8395,anchor_scsn_008394,830595,1,down,89.98619079589844
-8396,anchor_scsn_008395,830743,1,down,63.71337890625
-8397,anchor_scsn_008396,831009,1,down,164.18382263183594
-8398,anchor_scsn_008397,831137,1,down,567.7223510742188
-8399,anchor_scsn_008398,831831,1,down,120.08836364746094
-8400,anchor_scsn_008399,832051,1,down,82.62570190429688
-8401,anchor_scsn_008400,832316,1,down,50.899471282958984
-8402,anchor_scsn_008401,832487,1,down,78.00210571289062
-8403,anchor_scsn_008402,832499,1,down,113.10029602050781
-8404,anchor_scsn_008403,832586,1,down,227.41500854492188
-8405,anchor_scsn_008404,832623,1,down,97.34143829345703
-8406,anchor_scsn_008405,833272,1,down,70.10240173339844
-8407,anchor_scsn_008406,833440,1,down,467.4276428222656
-8408,anchor_scsn_008407,833839,1,down,85.57394409179688
-8409,anchor_scsn_008408,833917,1,down,110.73523712158203
-8410,anchor_scsn_008409,834309,1,down,113.14167022705078
-8411,anchor_scsn_008410,834313,1,down,214.8104705810547
-8412,anchor_scsn_008411,834323,1,down,238.66432189941406
-8413,anchor_scsn_008412,834410,1,down,108.21748352050781
-8414,anchor_scsn_008413,834416,1,down,62.745479583740234
-8415,anchor_scsn_008414,834503,1,down,229.25213623046875
-8416,anchor_scsn_008415,834545,1,down,111.79995727539062
-8417,anchor_scsn_008416,834677,1,down,64.84510803222656
-8418,anchor_scsn_008417,835277,1,down,248.66481018066406
-8419,anchor_scsn_008418,835500,1,down,153.1675262451172
-8420,anchor_scsn_008419,835559,1,down,499.1506652832031
-8421,anchor_scsn_008420,835724,1,down,328.57342529296875
-8422,anchor_scsn_008421,835787,1,down,67.52098846435547
-8423,anchor_scsn_008422,836193,1,down,62.961673736572266
-8424,anchor_scsn_008423,836380,1,down,114.34878540039062
-8425,anchor_scsn_008424,837517,1,down,88.13851928710938
-8426,anchor_scsn_008425,837627,1,down,169.716796875
-8427,anchor_scsn_008426,837686,1,down,257.06298828125
-8428,anchor_scsn_008427,837759,1,down,55.960514068603516
-8429,anchor_scsn_008428,838510,1,down,109.9516830444336
-8430,anchor_scsn_008429,839034,1,down,57.09543228149414
-8431,anchor_scsn_008430,839871,1,down,315.5401611328125
-8432,anchor_scsn_008431,840448,1,down,507.8464050292969
-8433,anchor_scsn_008432,840788,1,down,141.62474060058594
-8434,anchor_scsn_008433,840814,1,down,528.7877197265625
-8435,anchor_scsn_008434,841045,1,down,75.77505493164062
-8436,anchor_scsn_008435,841245,1,down,51.11342239379883
-8437,anchor_scsn_008436,841444,1,down,63.458492279052734
-8438,anchor_scsn_008437,841481,1,down,134.8905487060547
-8439,anchor_scsn_008438,841488,1,down,137.72509765625
-8440,anchor_scsn_008439,841794,1,down,71.78611755371094
-8441,anchor_scsn_008440,841928,1,down,727.0337524414062
-8442,anchor_scsn_008441,842546,1,down,929.2842407226562
-8443,anchor_scsn_008442,842805,1,down,100.72933197021484
-8444,anchor_scsn_008443,842843,1,down,258.50653076171875
-8445,anchor_scsn_008444,842858,1,down,73.18952941894531
-8446,anchor_scsn_008445,842905,1,down,52.457542419433594
-8447,anchor_scsn_008446,842961,1,down,73.05741119384766
-8448,anchor_scsn_008447,843074,1,down,50.313377380371094
-8449,anchor_scsn_008448,843245,1,down,562.6036376953125
-8450,anchor_scsn_008449,843576,1,down,60.980831146240234
-8451,anchor_scsn_008450,843704,1,down,79.51348114013672
-8452,anchor_scsn_008451,843839,1,down,133.1346435546875
-8453,anchor_scsn_008452,844208,1,down,105.16602325439453
-8454,anchor_scsn_008453,844326,1,down,92.21661376953125
-8455,anchor_scsn_008454,844400,1,down,342.7628173828125
-8456,anchor_scsn_008455,844658,1,down,168.8768310546875
-8457,anchor_scsn_008456,844922,1,down,79.57106018066406
-8458,anchor_scsn_008457,845201,1,down,120.2448501586914
-8459,anchor_scsn_008458,845657,1,down,172.005126953125
-8460,anchor_scsn_008459,845893,1,down,76.2117919921875
-8461,anchor_scsn_008460,846142,1,down,65.7081298828125
-8462,anchor_scsn_008461,846274,1,down,139.635986328125
-8463,anchor_scsn_008462,846675,1,down,50.13167953491211
-8464,anchor_scsn_008463,846949,1,down,64.66012573242188
-8465,anchor_scsn_008464,847439,1,down,85.117919921875
-8466,anchor_scsn_008465,847607,1,down,72.28814697265625
-8467,anchor_scsn_008466,847617,1,down,198.57676696777344
-8468,anchor_scsn_008467,847827,1,down,65.65457153320312
-8469,anchor_scsn_008468,847985,1,down,127.21965026855469
-8470,anchor_scsn_008469,848097,1,down,55.54795837402344
-8471,anchor_scsn_008470,848144,1,down,107.01358795166016
-8472,anchor_scsn_008471,848275,1,down,634.6939697265625
-8473,anchor_scsn_008472,848476,1,down,63.724246978759766
-8474,anchor_scsn_008473,848489,1,down,50.11907196044922
-8475,anchor_scsn_008474,848491,1,down,55.29025650024414
-8476,anchor_scsn_008475,848664,1,down,125.41626739501953
-8477,anchor_scsn_008476,849484,1,down,252.5563507080078
-8478,anchor_scsn_008477,849617,1,down,77.22845458984375
-8479,anchor_scsn_008478,851025,1,down,62.28762435913086
-8480,anchor_scsn_008479,851148,1,down,78.17062377929688
-8481,anchor_scsn_008480,851336,1,down,149.8677215576172
-8482,anchor_scsn_008481,851496,1,down,145.8831787109375
-8483,anchor_scsn_008482,851510,1,down,67.19624328613281
-8484,anchor_scsn_008483,851664,1,down,62.50581741333008
-8485,anchor_scsn_008484,851992,1,down,306.1285095214844
-8486,anchor_scsn_008485,852309,1,down,112.70917510986328
-8487,anchor_scsn_008486,852568,1,down,999.8314819335938
-8488,anchor_scsn_008487,852853,1,down,63.15728759765625
-8489,anchor_scsn_008488,853050,1,down,219.78477478027344
-8490,anchor_scsn_008489,853112,1,down,102.7847900390625
-8491,anchor_scsn_008490,853142,1,down,79.12872314453125
-8492,anchor_scsn_008491,853348,1,down,354.29278564453125
-8493,anchor_scsn_008492,853630,1,down,130.39134216308594
-8494,anchor_scsn_008493,854097,1,down,153.58872985839844
-8495,anchor_scsn_008494,854378,1,down,109.85525512695312
-8496,anchor_scsn_008495,855628,1,down,79.42890930175781
-8497,anchor_scsn_008496,856130,1,down,490.3731384277344
-8498,anchor_scsn_008497,856158,1,down,202.06942749023438
-8499,anchor_scsn_008498,856227,1,down,74.2016372680664
-8500,anchor_scsn_008499,856706,1,down,123.96312713623047
-8501,anchor_scsn_008500,856749,1,down,62.251548767089844
-8502,anchor_scsn_008501,856807,1,down,82.57731628417969
-8503,anchor_scsn_008502,856998,1,down,58.450992584228516
-8504,anchor_scsn_008503,857037,1,down,50.28823471069336
-8505,anchor_scsn_008504,857326,1,down,211.189697265625
-8506,anchor_scsn_008505,857360,1,down,56.292579650878906
-8507,anchor_scsn_008506,857783,1,down,79.8343276977539
-8508,anchor_scsn_008507,857930,1,down,63.28410339355469
-8509,anchor_scsn_008508,858072,1,down,72.27615356445312
-8510,anchor_scsn_008509,858589,1,down,105.5411605834961
-8511,anchor_scsn_008510,858823,1,down,113.62144470214844
-8512,anchor_scsn_008511,859299,1,down,51.660640716552734
-8513,anchor_scsn_008512,859328,1,down,87.94445037841797
-8514,anchor_scsn_008513,859535,1,down,287.6571350097656
-8515,anchor_scsn_008514,859851,1,down,59.68259048461914
-8516,anchor_scsn_008515,860118,1,down,56.36405563354492
-8517,anchor_scsn_008516,860630,1,down,122.46355438232422
-8518,anchor_scsn_008517,860632,1,down,71.35324096679688
-8519,anchor_scsn_008518,860773,1,down,85.00226593017578
-8520,anchor_scsn_008519,860839,1,down,62.812137603759766
-8521,anchor_scsn_008520,861004,1,down,152.9198455810547
-8522,anchor_scsn_008521,862046,1,down,52.308292388916016
-8523,anchor_scsn_008522,862182,1,down,77.35688781738281
-8524,anchor_scsn_008523,862325,1,down,68.84852600097656
-8525,anchor_scsn_008524,862535,1,down,99.3642349243164
-8526,anchor_scsn_008525,862843,1,down,64.81234741210938
-8527,anchor_scsn_008526,863014,1,down,67.1600570678711
-8528,anchor_scsn_008527,863309,1,down,51.52606964111328
-8529,anchor_scsn_008528,863310,1,down,494.73065185546875
-8530,anchor_scsn_008529,863379,1,down,275.7081298828125
-8531,anchor_scsn_008530,863900,1,down,59.034828186035156
-8532,anchor_scsn_008531,864115,1,down,90.03923034667969
-8533,anchor_scsn_008532,864141,1,down,151.08001708984375
-8534,anchor_scsn_008533,864208,1,down,192.74514770507812
-8535,anchor_scsn_008534,865103,1,down,83.49128723144531
-8536,anchor_scsn_008535,865155,1,down,113.75992584228516
-8537,anchor_scsn_008536,865156,1,down,50.22446060180664
-8538,anchor_scsn_008537,865356,1,down,51.85904312133789
-8539,anchor_scsn_008538,865483,1,down,242.97622680664062
-8540,anchor_scsn_008539,865536,1,down,57.13197326660156
-8541,anchor_scsn_008540,865762,1,down,70.17779541015625
-8542,anchor_scsn_008541,866324,1,down,60.226200103759766
-8543,anchor_scsn_008542,866544,1,down,55.32887649536133
-8544,anchor_scsn_008543,866709,1,down,61.28133010864258
-8545,anchor_scsn_008544,867181,1,down,143.74790954589844
-8546,anchor_scsn_008545,867446,1,down,407.8962707519531
-8547,anchor_scsn_008546,867464,1,down,176.88693237304688
-8548,anchor_scsn_008547,867813,1,down,94.47604370117188
-8549,anchor_scsn_008548,868097,1,down,348.837158203125
-8550,anchor_scsn_008549,868734,1,down,90.44308471679688
-8551,anchor_scsn_008550,868806,1,down,336.3909606933594
-8552,anchor_scsn_008551,869002,1,down,69.7849349975586
-8553,anchor_scsn_008552,869046,1,down,68.79551696777344
-8554,anchor_scsn_008553,869060,1,down,106.04924774169922
-8555,anchor_scsn_008554,869088,1,down,146.76600646972656
-8556,anchor_scsn_008555,869284,1,down,377.84014892578125
-8557,anchor_scsn_008556,869659,1,down,89.21942901611328
-8558,anchor_scsn_008557,870108,1,down,61.43355941772461
-8559,anchor_scsn_008558,870167,1,down,53.32391357421875
-8560,anchor_scsn_008559,870483,1,down,707.8640747070312
-8561,anchor_scsn_008560,870617,1,down,209.5717315673828
-8562,anchor_scsn_008561,870843,1,down,123.14545440673828
-8563,anchor_scsn_008562,871293,1,down,54.387569427490234
-8564,anchor_scsn_008563,871318,1,down,120.73452758789062
-8565,anchor_scsn_008564,871350,1,down,594.376220703125
-8566,anchor_scsn_008565,872224,1,down,240.2869415283203
-8567,anchor_scsn_008566,872277,1,down,95.075439453125
-8568,anchor_scsn_008567,872449,1,down,183.9117889404297
-8569,anchor_scsn_008568,872546,1,down,182.1836700439453
-8570,anchor_scsn_008569,872929,1,down,92.21998596191406
-8571,anchor_scsn_008570,872931,1,down,107.02802276611328
-8572,anchor_scsn_008571,873236,1,down,298.13421630859375
-8573,anchor_scsn_008572,873275,1,down,384.987548828125
-8574,anchor_scsn_008573,873374,1,down,88.85769653320312
-8575,anchor_scsn_008574,873509,1,down,73.51351165771484
-8576,anchor_scsn_008575,875223,1,down,67.19861602783203
-8577,anchor_scsn_008576,875530,1,down,52.184993743896484
-8578,anchor_scsn_008577,875535,1,down,66.7540054321289
-8579,anchor_scsn_008578,875873,1,down,60.46037673950195
-8580,anchor_scsn_008579,876084,1,down,412.94122314453125
-8581,anchor_scsn_008580,876187,1,down,270.0931701660156
-8582,anchor_scsn_008581,876390,1,down,261.0427551269531
-8583,anchor_scsn_008582,876480,1,down,85.79863739013672
-8584,anchor_scsn_008583,876749,1,down,117.94657897949219
-8585,anchor_scsn_008584,876863,1,down,359.67333984375
-8586,anchor_scsn_008585,877600,1,down,286.1213684082031
-8587,anchor_scsn_008586,877628,1,down,72.04757690429688
-8588,anchor_scsn_008587,877756,1,down,220.7592010498047
-8589,anchor_scsn_008588,877811,1,down,374.87042236328125
-8590,anchor_scsn_008589,877919,1,down,100.59654235839844
-8591,anchor_scsn_008590,878111,1,down,241.549072265625
-8592,anchor_scsn_008591,878172,1,down,89.65530395507812
-8593,anchor_scsn_008592,878392,1,down,64.04354858398438
-8594,anchor_scsn_008593,878446,1,down,698.8789672851562
-8595,anchor_scsn_008594,878498,1,down,63.321128845214844
-8596,anchor_scsn_008595,878616,1,down,61.09715270996094
-8597,anchor_scsn_008596,879020,1,down,54.02973937988281
-8598,anchor_scsn_008597,879125,1,down,65.50865936279297
-8599,anchor_scsn_008598,879158,1,down,84.72168731689453
-8600,anchor_scsn_008599,879434,1,down,56.60934066772461
-8601,anchor_scsn_008600,879526,1,down,76.20853424072266
-8602,anchor_scsn_008601,879571,1,down,85.40177917480469
-8603,anchor_scsn_008602,879701,1,down,52.91200256347656
-8604,anchor_scsn_008603,879878,1,down,85.97610473632812
-8605,anchor_scsn_008604,880121,1,down,69.92915344238281
-8606,anchor_scsn_008605,880510,1,down,267.04364013671875
-8607,anchor_scsn_008606,880759,1,down,83.1720199584961
-8608,anchor_scsn_008607,881192,1,down,59.95024108886719
-8609,anchor_scsn_008608,881193,1,down,92.96869659423828
-8610,anchor_scsn_008609,881234,1,down,115.26322937011719
-8611,anchor_scsn_008610,881340,1,down,221.82806396484375
-8612,anchor_scsn_008611,881376,1,down,227.6946563720703
-8613,anchor_scsn_008612,881999,1,down,65.0579833984375
-8614,anchor_scsn_008613,882575,1,down,59.20439147949219
-8615,anchor_scsn_008614,882667,1,down,76.20286560058594
-8616,anchor_scsn_008615,882723,1,down,59.3754768371582
-8617,anchor_scsn_008616,882734,1,down,204.48802185058594
-8618,anchor_scsn_008617,882852,1,down,85.02615356445312
-8619,anchor_scsn_008618,883234,1,down,123.70951843261719
-8620,anchor_scsn_008619,883430,1,down,131.30992126464844
-8621,anchor_scsn_008620,885520,1,down,379.69293212890625
-8622,anchor_scsn_008621,885887,1,down,734.3374633789062
-8623,anchor_scsn_008622,885961,1,down,85.68671417236328
-8624,anchor_scsn_008623,886565,1,down,84.6319580078125
-8625,anchor_scsn_008624,887066,1,down,92.69912719726562
-8626,anchor_scsn_008625,887095,1,down,122.8770980834961
-8627,anchor_scsn_008626,887381,1,down,51.269046783447266
-8628,anchor_scsn_008627,888279,1,down,78.01617431640625
-8629,anchor_scsn_008628,888288,1,down,174.1107635498047
-8630,anchor_scsn_008629,889158,1,down,97.21622467041016
-8631,anchor_scsn_008630,889191,1,down,119.9600830078125
-8632,anchor_scsn_008631,889421,1,down,161.11099243164062
-8633,anchor_scsn_008632,889735,1,down,59.68940734863281
-8634,anchor_scsn_008633,889838,1,down,71.30439758300781
-8635,anchor_scsn_008634,889967,1,down,128.48065185546875
-8636,anchor_scsn_008635,890086,1,down,52.06160354614258
-8637,anchor_scsn_008636,890122,1,down,56.73543930053711
-8638,anchor_scsn_008637,890139,1,down,204.97084045410156
-8639,anchor_scsn_008638,890239,1,down,88.98335266113281
-8640,anchor_scsn_008639,890326,1,down,100.20038604736328
-8641,anchor_scsn_008640,890587,1,down,52.81388473510742
-8642,anchor_scsn_008641,890649,1,down,197.293212890625
-8643,anchor_scsn_008642,891418,1,down,53.18782043457031
-8644,anchor_scsn_008643,891713,1,down,85.18726348876953
-8645,anchor_scsn_008644,891885,1,down,108.70530700683594
-8646,anchor_scsn_008645,891909,1,down,50.58549499511719
-8647,anchor_scsn_008646,891977,1,down,82.48674011230469
-8648,anchor_scsn_008647,892165,1,down,91.37515258789062
-8649,anchor_scsn_008648,892270,1,down,52.43378448486328
-8650,anchor_scsn_008649,892663,1,down,123.22030639648438
-8651,anchor_scsn_008650,893453,1,down,53.085853576660156
-8652,anchor_scsn_008651,893456,1,down,126.66919708251953
-8653,anchor_scsn_008652,893616,1,down,197.47982788085938
-8654,anchor_scsn_008653,894390,1,down,187.9714813232422
-8655,anchor_scsn_008654,894663,1,down,64.67510986328125
-8656,anchor_scsn_008655,894861,1,down,86.367431640625
-8657,anchor_scsn_008656,895040,1,down,51.91893768310547
-8658,anchor_scsn_008657,895312,1,down,203.60337829589844
-8659,anchor_scsn_008658,895420,1,down,66.43675994873047
-8660,anchor_scsn_008659,895559,1,down,97.5652847290039
-8661,anchor_scsn_008660,895761,1,down,84.51882934570312
-8662,anchor_scsn_008661,895877,1,down,958.4647827148438
-8663,anchor_scsn_008662,895881,1,down,61.528594970703125
-8664,anchor_scsn_008663,896955,1,down,338.46978759765625
-8665,anchor_scsn_008664,897379,1,down,67.49112701416016
-8666,anchor_scsn_008665,898021,1,down,51.879661560058594
-8667,anchor_scsn_008666,898092,1,down,98.88516998291016
-8668,anchor_scsn_008667,899025,1,down,51.30854797363281
-8669,anchor_scsn_008668,899530,1,down,83.45683288574219
-8670,anchor_scsn_008669,899580,1,down,140.6466522216797
-8671,anchor_scsn_008670,899995,1,down,141.9580535888672
-8672,anchor_scsn_008671,900106,1,down,144.29791259765625
-8673,anchor_scsn_008672,900213,1,down,50.02581024169922
-8674,anchor_scsn_008673,900566,1,down,55.19460678100586
-8675,anchor_scsn_008674,900615,1,down,53.555545806884766
-8676,anchor_scsn_008675,901189,1,down,141.83004760742188
-8677,anchor_scsn_008676,901472,1,down,112.31759643554688
-8678,anchor_scsn_008677,901627,1,down,383.1275634765625
-8679,anchor_scsn_008678,901643,1,down,67.84068298339844
-8680,anchor_scsn_008679,901717,1,down,107.60549926757812
-8681,anchor_scsn_008680,901887,1,down,87.06420135498047
-8682,anchor_scsn_008681,903081,1,down,893.3509521484375
-8683,anchor_scsn_008682,903349,1,down,214.97738647460938
-8684,anchor_scsn_008683,903963,1,down,58.01286315917969
-8685,anchor_scsn_008684,903983,1,down,200.6202392578125
-8686,anchor_scsn_008685,904288,1,down,56.27931594848633
-8687,anchor_scsn_008686,905386,1,down,64.6048583984375
-8688,anchor_scsn_008687,905941,1,down,127.68539428710938
-8689,anchor_scsn_008688,905975,1,down,596.89453125
-8690,anchor_scsn_008689,906093,1,down,57.943031311035156
-8691,anchor_scsn_008690,906430,1,down,131.80125427246094
-8692,anchor_scsn_008691,906481,1,down,938.3303833007812
-8693,anchor_scsn_008692,906494,1,down,146.2255401611328
-8694,anchor_scsn_008693,907001,1,down,75.4335708618164
-8695,anchor_scsn_008694,907298,1,down,80.15415954589844
-8696,anchor_scsn_008695,907739,1,down,101.86137390136719
-8697,anchor_scsn_008696,908177,1,down,72.82678985595703
-8698,anchor_scsn_008697,908339,1,down,61.3531494140625
-8699,anchor_scsn_008698,908420,1,down,55.29996109008789
-8700,anchor_scsn_008699,908495,1,down,66.36227416992188
-8701,anchor_scsn_008700,908585,1,down,74.3911361694336
-8702,anchor_scsn_008701,908687,1,down,104.18567657470703
-8703,anchor_scsn_008702,908692,1,down,169.5012664794922
-8704,anchor_scsn_008703,908763,1,down,101.25647735595703
-8705,anchor_scsn_008704,908880,1,down,484.6975402832031
-8706,anchor_scsn_008705,908940,1,down,311.44830322265625
-8707,anchor_scsn_008706,909005,1,down,150.287353515625
-8708,anchor_scsn_008707,909362,1,down,50.68521499633789
-8709,anchor_scsn_008708,910626,1,down,377.2665710449219
-8710,anchor_scsn_008709,910835,1,down,57.6355094909668
-8711,anchor_scsn_008710,910955,1,down,130.8051300048828
-8712,anchor_scsn_008711,911055,1,down,185.63116455078125
-8713,anchor_scsn_008712,911488,1,down,109.84605407714844
-8714,anchor_scsn_008713,911736,1,down,106.54209899902344
-8715,anchor_scsn_008714,911747,1,down,103.0091781616211
-8716,anchor_scsn_008715,911871,1,down,79.23255157470703
-8717,anchor_scsn_008716,912162,1,down,81.1872787475586
-8718,anchor_scsn_008717,912291,1,down,150.0205535888672
-8719,anchor_scsn_008718,913294,1,down,80.70136260986328
-8720,anchor_scsn_008719,913546,1,down,55.25126266479492
-8721,anchor_scsn_008720,913570,1,down,158.2770233154297
-8722,anchor_scsn_008721,913713,1,down,99.9996337890625
-8723,anchor_scsn_008722,913732,1,down,303.89959716796875
-8724,anchor_scsn_008723,913953,1,down,61.320343017578125
-8725,anchor_scsn_008724,914822,1,down,110.37821197509766
-8726,anchor_scsn_008725,915031,1,down,98.28614807128906
-8727,anchor_scsn_008726,915868,1,down,73.8594741821289
-8728,anchor_scsn_008727,916030,1,down,60.223358154296875
-8729,anchor_scsn_008728,916348,1,down,87.50041198730469
-8730,anchor_scsn_008729,916769,1,down,140.21054077148438
-8731,anchor_scsn_008730,916967,1,down,88.59407043457031
-8732,anchor_scsn_008731,917461,1,down,62.96870040893555
-8733,anchor_scsn_008732,917913,1,down,60.11491012573242
-8734,anchor_scsn_008733,917988,1,down,54.497802734375
-8735,anchor_scsn_008734,918186,1,down,129.791259765625
-8736,anchor_scsn_008735,918234,1,down,115.80034637451172
-8737,anchor_scsn_008736,918962,1,down,91.59229278564453
-8738,anchor_scsn_008737,919377,1,down,58.30522918701172
-8739,anchor_scsn_008738,919580,1,down,55.522830963134766
-8740,anchor_scsn_008739,919826,1,down,62.89740753173828
-8741,anchor_scsn_008740,919943,1,down,307.2371520996094
-8742,anchor_scsn_008741,920056,1,down,142.92431640625
-8743,anchor_scsn_008742,920323,1,down,63.71836471557617
-8744,anchor_scsn_008743,920341,1,down,102.62261962890625
-8745,anchor_scsn_008744,920407,1,down,191.87258911132812
-8746,anchor_scsn_008745,920606,1,down,104.15664672851562
-8747,anchor_scsn_008746,920631,1,down,165.42120361328125
-8748,anchor_scsn_008747,920747,1,down,162.25344848632812
-8749,anchor_scsn_008748,920945,1,down,66.44478607177734
-8750,anchor_scsn_008749,921089,1,down,153.1107177734375
-8751,anchor_scsn_008750,921429,1,down,697.6522827148438
-8752,anchor_scsn_008751,921627,1,down,230.52276611328125
-8753,anchor_scsn_008752,921650,1,down,79.05339050292969
-8754,anchor_scsn_008753,922051,1,down,53.98521041870117
-8755,anchor_scsn_008754,922194,1,down,271.8756103515625
-8756,anchor_scsn_008755,922275,1,down,167.2926025390625
-8757,anchor_scsn_008756,922315,1,down,176.82305908203125
-8758,anchor_scsn_008757,922612,1,down,53.703460693359375
-8759,anchor_scsn_008758,922637,1,down,83.8554458618164
-8760,anchor_scsn_008759,922671,1,down,61.940731048583984
-8761,anchor_scsn_008760,922737,1,down,62.723323822021484
-8762,anchor_scsn_008761,922774,1,down,93.56400299072266
-8763,anchor_scsn_008762,923047,1,down,57.20375442504883
-8764,anchor_scsn_008763,923428,1,down,104.36946105957031
-8765,anchor_scsn_008764,923747,1,down,57.63898468017578
-8766,anchor_scsn_008765,923803,1,down,151.6385955810547
-8767,anchor_scsn_008766,923993,1,down,155.05474853515625
-8768,anchor_scsn_008767,924196,1,down,86.45350646972656
-8769,anchor_scsn_008768,924294,1,down,72.52622985839844
-8770,anchor_scsn_008769,924358,1,down,93.22457122802734
-8771,anchor_scsn_008770,924680,1,down,54.0629997253418
-8772,anchor_scsn_008771,924846,1,down,316.0032958984375
-8773,anchor_scsn_008772,925055,1,down,96.07242584228516
-8774,anchor_scsn_008773,925881,1,down,108.55674743652344
-8775,anchor_scsn_008774,926187,1,down,62.30571746826172
-8776,anchor_scsn_008775,926808,1,down,124.51704406738281
-8777,anchor_scsn_008776,927014,1,down,51.20610809326172
-8778,anchor_scsn_008777,927080,1,down,534.949462890625
-8779,anchor_scsn_008778,927291,1,down,555.3292846679688
-8780,anchor_scsn_008779,927438,1,down,56.21134948730469
-8781,anchor_scsn_008780,927944,1,down,69.72701263427734
-8782,anchor_scsn_008781,927984,1,down,253.41104125976562
-8783,anchor_scsn_008782,928007,1,down,134.7361602783203
-8784,anchor_scsn_008783,928103,1,down,172.27044677734375
-8785,anchor_scsn_008784,928178,1,down,57.56436538696289
-8786,anchor_scsn_008785,928922,1,down,61.83302688598633
-8787,anchor_scsn_008786,929095,1,down,114.16645050048828
-8788,anchor_scsn_008787,929279,1,down,113.2418212890625
-8789,anchor_scsn_008788,929377,1,down,114.247802734375
-8790,anchor_scsn_008789,929404,1,down,220.5609588623047
-8791,anchor_scsn_008790,929613,1,down,115.80292510986328
-8792,anchor_scsn_008791,929792,1,down,99.44023132324219
-8793,anchor_scsn_008792,929940,1,down,106.1938247680664
-8794,anchor_scsn_008793,930358,1,down,519.6284790039062
-8795,anchor_scsn_008794,930442,1,down,272.3533630371094
-8796,anchor_scsn_008795,930561,1,down,70.71925354003906
-8797,anchor_scsn_008796,930772,1,down,93.24552154541016
-8798,anchor_scsn_008797,930914,1,down,127.234375
-8799,anchor_scsn_008798,931097,1,down,68.6514892578125
-8800,anchor_scsn_008799,931268,1,down,699.477294921875
-8801,anchor_scsn_008800,931401,1,down,52.240474700927734
-8802,anchor_scsn_008801,931576,1,down,51.75934982299805
-8803,anchor_scsn_008802,931664,1,down,55.43193435668945
-8804,anchor_scsn_008803,932321,1,down,58.31319808959961
-8805,anchor_scsn_008804,932652,1,down,125.73107147216797
-8806,anchor_scsn_008805,932837,1,down,301.7206115722656
-8807,anchor_scsn_008806,932885,1,down,155.56240844726562
-8808,anchor_scsn_008807,932916,1,down,99.19194030761719
-8809,anchor_scsn_008808,934270,1,down,85.28679656982422
-8810,anchor_scsn_008809,934278,1,down,51.348487854003906
-8811,anchor_scsn_008810,934555,1,down,134.00340270996094
-8812,anchor_scsn_008811,934873,1,down,298.2730712890625
-8813,anchor_scsn_008812,934894,1,down,81.55152893066406
-8814,anchor_scsn_008813,935184,1,down,71.29449462890625
-8815,anchor_scsn_008814,935454,1,down,684.999755859375
-8816,anchor_scsn_008815,935465,1,down,295.6199645996094
-8817,anchor_scsn_008816,935477,1,down,56.221309661865234
-8818,anchor_scsn_008817,935634,1,down,113.21350860595703
-8819,anchor_scsn_008818,935688,1,down,68.77332305908203
-8820,anchor_scsn_008819,936209,1,down,63.29611587524414
-8821,anchor_scsn_008820,936467,1,down,65.93681335449219
-8822,anchor_scsn_008821,936495,1,down,50.91655349731445
-8823,anchor_scsn_008822,936716,1,down,125.05044555664062
-8824,anchor_scsn_008823,937100,1,down,60.468807220458984
-8825,anchor_scsn_008824,937582,1,down,55.057491302490234
-8826,anchor_scsn_008825,938014,1,down,62.897125244140625
-8827,anchor_scsn_008826,938259,1,down,71.05986022949219
-8828,anchor_scsn_008827,938309,1,down,550.2706909179688
-8829,anchor_scsn_008828,938758,1,down,93.07113647460938
-8830,anchor_scsn_008829,938870,1,down,171.84649658203125
-8831,anchor_scsn_008830,939117,1,down,83.5666732788086
-8832,anchor_scsn_008831,939338,1,down,72.69458770751953
-8833,anchor_scsn_008832,940065,1,down,180.29396057128906
-8834,anchor_scsn_008833,940298,1,down,62.38719940185547
-8835,anchor_scsn_008834,940481,1,down,86.0823745727539
-8836,anchor_scsn_008835,940690,1,down,164.03419494628906
-8837,anchor_scsn_008836,940730,1,down,121.10240936279297
-8838,anchor_scsn_008837,940940,1,down,302.23992919921875
-8839,anchor_scsn_008838,941191,1,down,741.1734619140625
-8840,anchor_scsn_008839,942000,1,down,629.4773559570312
-8841,anchor_scsn_008840,942060,1,down,50.52440643310547
-8842,anchor_scsn_008841,942260,1,down,238.0271453857422
-8843,anchor_scsn_008842,942839,1,down,61.02864074707031
-8844,anchor_scsn_008843,942942,1,down,73.45164489746094
-8845,anchor_scsn_008844,943246,1,down,83.45374298095703
-8846,anchor_scsn_008845,943468,1,down,683.4293212890625
-8847,anchor_scsn_008846,943495,1,down,221.75770568847656
-8848,anchor_scsn_008847,943728,1,down,69.59928894042969
-8849,anchor_scsn_008848,943902,1,down,61.95869827270508
-8850,anchor_scsn_008849,944214,1,down,87.2672119140625
-8851,anchor_scsn_008850,945455,1,down,87.9165267944336
-8852,anchor_scsn_008851,945512,1,down,111.10320281982422
-8853,anchor_scsn_008852,945657,1,down,485.657470703125
-8854,anchor_scsn_008853,945750,1,down,51.402278900146484
-8855,anchor_scsn_008854,945958,1,down,87.6529769897461
-8856,anchor_scsn_008855,946345,1,down,52.94702911376953
-8857,anchor_scsn_008856,946882,1,down,74.465087890625
-8858,anchor_scsn_008857,947651,1,down,129.02455139160156
-8859,anchor_scsn_008858,947853,1,down,53.850990295410156
-8860,anchor_scsn_008859,947989,1,down,56.76913833618164
-8861,anchor_scsn_008860,948417,1,down,128.71041870117188
-8862,anchor_scsn_008861,948889,1,down,73.92037200927734
-8863,anchor_scsn_008862,948994,1,down,79.42353820800781
-8864,anchor_scsn_008863,949247,1,down,154.05401611328125
-8865,anchor_scsn_008864,949475,1,down,87.94408416748047
-8866,anchor_scsn_008865,949769,1,down,138.41525268554688
-8867,anchor_scsn_008866,950274,1,down,60.088565826416016
-8868,anchor_scsn_008867,950327,1,down,456.54193115234375
-8869,anchor_scsn_008868,950565,1,down,61.29179000854492
-8870,anchor_scsn_008869,950701,1,down,68.5740966796875
-8871,anchor_scsn_008870,950972,1,down,129.935791015625
-8872,anchor_scsn_008871,951616,1,down,613.091796875
-8873,anchor_scsn_008872,952045,1,down,170.12428283691406
-8874,anchor_scsn_008873,952123,1,down,347.8934020996094
-8875,anchor_scsn_008874,952303,1,down,92.79997253417969
-8876,anchor_scsn_008875,953431,1,down,294.9560852050781
-8877,anchor_scsn_008876,954135,1,down,298.8863830566406
-8878,anchor_scsn_008877,954418,1,down,205.8224334716797
-8879,anchor_scsn_008878,955357,1,down,106.08000946044922
-8880,anchor_scsn_008879,956055,1,down,327.6044921875
-8881,anchor_scsn_008880,956096,1,down,139.504150390625
-8882,anchor_scsn_008881,956473,1,down,102.0381088256836
-8883,anchor_scsn_008882,956636,1,down,302.5909423828125
-8884,anchor_scsn_008883,956963,1,down,71.56832122802734
-8885,anchor_scsn_008884,956974,1,down,55.935401916503906
-8886,anchor_scsn_008885,957394,1,down,50.15917205810547
-8887,anchor_scsn_008886,957801,1,down,79.2682876586914
-8888,anchor_scsn_008887,958164,1,down,135.31765747070312
-8889,anchor_scsn_008888,958221,1,down,75.0653305053711
-8890,anchor_scsn_008889,958780,1,down,89.45246887207031
-8891,anchor_scsn_008890,959049,1,down,52.12603759765625
-8892,anchor_scsn_008891,959249,1,down,55.40917205810547
-8893,anchor_scsn_008892,960047,1,down,174.60928344726562
-8894,anchor_scsn_008893,960079,1,down,95.017578125
-8895,anchor_scsn_008894,960251,1,down,434.44482421875
-8896,anchor_scsn_008895,960359,1,down,391.7376708984375
-8897,anchor_scsn_008896,960785,1,down,145.63259887695312
-8898,anchor_scsn_008897,960873,1,down,72.05825805664062
-8899,anchor_scsn_008898,960997,1,down,212.85836791992188
-8900,anchor_scsn_008899,960999,1,down,75.59244537353516
-8901,anchor_scsn_008900,961084,1,down,62.457523345947266
-8902,anchor_scsn_008901,961399,1,down,117.84532165527344
-8903,anchor_scsn_008902,962342,1,down,58.636619567871094
-8904,anchor_scsn_008903,963137,1,down,111.48856353759766
-8905,anchor_scsn_008904,963204,1,down,72.09823608398438
-8906,anchor_scsn_008905,963669,1,down,164.53286743164062
-8907,anchor_scsn_008906,963879,1,down,318.1587829589844
-8908,anchor_scsn_008907,964234,1,down,72.742431640625
-8909,anchor_scsn_008908,964295,1,down,116.27238464355469
-8910,anchor_scsn_008909,964308,1,down,188.23936462402344
-8911,anchor_scsn_008910,964313,1,down,76.95519256591797
-8912,anchor_scsn_008911,964468,1,down,122.533935546875
-8913,anchor_scsn_008912,964547,1,down,64.63175201416016
-8914,anchor_scsn_008913,964645,1,down,149.38002014160156
-8915,anchor_scsn_008914,964934,1,down,93.32473754882812
-8916,anchor_scsn_008915,965638,1,down,50.37785339355469
-8917,anchor_scsn_008916,965755,1,down,94.25469207763672
-8918,anchor_scsn_008917,965887,1,down,63.57143020629883
-8919,anchor_scsn_008918,966006,1,down,114.09317779541016
-8920,anchor_scsn_008919,966271,1,down,98.25296783447266
-8921,anchor_scsn_008920,966730,1,down,68.84135437011719
-8922,anchor_scsn_008921,966934,1,down,58.597084045410156
-8923,anchor_scsn_008922,966977,1,down,378.52777099609375
-8924,anchor_scsn_008923,967271,1,down,107.54057312011719
-8925,anchor_scsn_008924,967662,1,down,99.07371520996094
-8926,anchor_scsn_008925,967824,1,down,60.65339279174805
-8927,anchor_scsn_008926,967946,1,down,140.94004821777344
-8928,anchor_scsn_008927,968298,1,down,712.5234985351562
-8929,anchor_scsn_008928,968424,1,down,115.37205505371094
-8930,anchor_scsn_008929,968473,1,down,139.37451171875
-8931,anchor_scsn_008930,968726,1,down,106.36961364746094
-8932,anchor_scsn_008931,968783,1,down,250.56008911132812
-8933,anchor_scsn_008932,969161,1,down,68.00381469726562
-8934,anchor_scsn_008933,969796,1,down,375.62701416015625
-8935,anchor_scsn_008934,970047,1,down,76.4013900756836
-8936,anchor_scsn_008935,970392,1,down,76.36781311035156
-8937,anchor_scsn_008936,970480,1,down,130.06985473632812
-8938,anchor_scsn_008937,970629,1,down,52.642452239990234
-8939,anchor_scsn_008938,971041,1,down,190.71871948242188
-8940,anchor_scsn_008939,971405,1,down,61.10172653198242
-8941,anchor_scsn_008940,971467,1,down,586.8024291992188
-8942,anchor_scsn_008941,971575,1,down,378.4991149902344
-8943,anchor_scsn_008942,971862,1,down,79.51947784423828
-8944,anchor_scsn_008943,972079,1,down,56.67875671386719
-8945,anchor_scsn_008944,972313,1,down,287.7585754394531
-8946,anchor_scsn_008945,972511,1,down,66.5579605102539
-8947,anchor_scsn_008946,972539,1,down,257.6099548339844
-8948,anchor_scsn_008947,972567,1,down,69.85504150390625
-8949,anchor_scsn_008948,972573,1,down,65.14836120605469
-8950,anchor_scsn_008949,972642,1,down,162.7503204345703
-8951,anchor_scsn_008950,973094,1,down,95.45166778564453
-8952,anchor_scsn_008951,973198,1,down,153.7037353515625
-8953,anchor_scsn_008952,973273,1,down,119.1332015991211
-8954,anchor_scsn_008953,973449,1,down,124.69596862792969
-8955,anchor_scsn_008954,973535,1,down,347.1087646484375
-8956,anchor_scsn_008955,973793,1,down,373.0584411621094
-8957,anchor_scsn_008956,974229,1,down,337.0399169921875
-8958,anchor_scsn_008957,974318,1,down,90.0400619506836
-8959,anchor_scsn_008958,974552,1,down,183.99880981445312
-8960,anchor_scsn_008959,974565,1,down,285.8009033203125
-8961,anchor_scsn_008960,974638,1,down,71.84907531738281
-8962,anchor_scsn_008961,974867,1,down,344.60272216796875
-8963,anchor_scsn_008962,974986,1,down,86.15180206298828
-8964,anchor_scsn_008963,975071,1,down,140.9466094970703
-8965,anchor_scsn_008964,975233,1,down,94.52587127685547
-8966,anchor_scsn_008965,975289,1,down,71.98442077636719
-8967,anchor_scsn_008966,975692,1,down,94.57373046875
-8968,anchor_scsn_008967,975790,1,down,228.63055419921875
-8969,anchor_scsn_008968,975876,1,down,206.2860870361328
-8970,anchor_scsn_008969,976035,1,down,704.919921875
-8971,anchor_scsn_008970,976286,1,down,108.13554382324219
-8972,anchor_scsn_008971,976447,1,down,657.6112670898438
-8973,anchor_scsn_008972,976483,1,down,301.0323486328125
-8974,anchor_scsn_008973,976749,1,down,77.60924530029297
-8975,anchor_scsn_008974,977220,1,down,120.46646118164062
-8976,anchor_scsn_008975,977294,1,down,100.73609161376953
-8977,anchor_scsn_008976,977500,1,down,199.4329071044922
-8978,anchor_scsn_008977,977574,1,down,69.53315734863281
-8979,anchor_scsn_008978,977852,1,down,69.65985870361328
-8980,anchor_scsn_008979,978318,1,down,464.4161071777344
-8981,anchor_scsn_008980,978995,1,down,64.37279510498047
-8982,anchor_scsn_008981,979342,1,down,95.54141235351562
-8983,anchor_scsn_008982,979818,1,down,489.17791748046875
-8984,anchor_scsn_008983,980066,1,down,74.19256591796875
-8985,anchor_scsn_008984,981844,1,down,88.01139831542969
-8986,anchor_scsn_008985,981973,1,down,129.15957641601562
-8987,anchor_scsn_008986,982118,1,down,57.57399368286133
-8988,anchor_scsn_008987,982565,1,down,55.61430358886719
-8989,anchor_scsn_008988,982975,1,down,139.91331481933594
-8990,anchor_scsn_008989,983214,1,down,53.9698486328125
-8991,anchor_scsn_008990,983460,1,down,103.62950897216797
-8992,anchor_scsn_008991,983520,1,down,362.885009765625
-8993,anchor_scsn_008992,983764,1,down,68.9320297241211
-8994,anchor_scsn_008993,984025,1,down,50.857967376708984
-8995,anchor_scsn_008994,984123,1,down,356.3037109375
-8996,anchor_scsn_008995,984312,1,down,51.134037017822266
-8997,anchor_scsn_008996,984319,1,down,115.90269470214844
-8998,anchor_scsn_008997,984629,1,down,109.57854461669922
-8999,anchor_scsn_008998,984641,1,down,73.2572250366211
-9000,anchor_scsn_008999,984892,1,down,56.489593505859375
-9001,anchor_scsn_009000,986462,1,down,346.6374206542969
-9002,anchor_scsn_009001,986469,1,down,58.98780059814453
-9003,anchor_scsn_009002,986571,1,down,250.44888305664062
-9004,anchor_scsn_009003,986602,1,down,63.91538619995117
-9005,anchor_scsn_009004,986689,1,down,54.414337158203125
-9006,anchor_scsn_009005,986917,1,down,124.79887390136719
-9007,anchor_scsn_009006,987049,1,down,231.41204833984375
-9008,anchor_scsn_009007,987087,1,down,187.50144958496094
-9009,anchor_scsn_009008,987103,1,down,50.12614822387695
-9010,anchor_scsn_009009,987565,1,down,54.256629943847656
-9011,anchor_scsn_009010,987605,1,down,107.0308837890625
-9012,anchor_scsn_009011,987887,1,down,56.30952453613281
-9013,anchor_scsn_009012,987961,1,down,63.653343200683594
-9014,anchor_scsn_009013,988309,1,down,156.34608459472656
-9015,anchor_scsn_009014,988720,1,down,69.15512084960938
-9016,anchor_scsn_009015,988747,1,down,581.9044189453125
-9017,anchor_scsn_009016,989056,1,down,255.1042938232422
-9018,anchor_scsn_009017,989255,1,down,83.1657485961914
-9019,anchor_scsn_009018,989441,1,down,236.05508422851562
-9020,anchor_scsn_009019,989818,1,down,270.151611328125
-9021,anchor_scsn_009020,989907,1,down,53.216636657714844
-9022,anchor_scsn_009021,990362,1,down,109.01140594482422
-9023,anchor_scsn_009022,990477,1,down,79.94865417480469
-9024,anchor_scsn_009023,990483,1,down,58.17940139770508
-9025,anchor_scsn_009024,990544,1,down,119.25259399414062
-9026,anchor_scsn_009025,990620,1,down,155.38238525390625
-9027,anchor_scsn_009026,990742,1,down,68.96046447753906
-9028,anchor_scsn_009027,991404,1,down,91.2909927368164
-9029,anchor_scsn_009028,991478,1,down,210.67681884765625
-9030,anchor_scsn_009029,992127,1,down,485.53515625
-9031,anchor_scsn_009030,992456,1,down,149.9291534423828
-9032,anchor_scsn_009031,992549,1,down,94.18216705322266
-9033,anchor_scsn_009032,993053,1,down,73.67288970947266
-9034,anchor_scsn_009033,993080,1,down,84.21302032470703
-9035,anchor_scsn_009034,993110,1,down,164.48936462402344
-9036,anchor_scsn_009035,993193,1,down,157.75283813476562
-9037,anchor_scsn_009036,993209,1,down,103.2836685180664
-9038,anchor_scsn_009037,993614,1,down,61.815940856933594
-9039,anchor_scsn_009038,993751,1,down,123.36349487304688
-9040,anchor_scsn_009039,993794,1,down,63.86875915527344
-9041,anchor_scsn_009040,993900,1,down,81.92958068847656
-9042,anchor_scsn_009041,994168,1,down,334.69281005859375
-9043,anchor_scsn_009042,994241,1,down,336.827392578125
-9044,anchor_scsn_009043,994373,1,down,84.98751068115234
-9045,anchor_scsn_009044,994509,1,down,117.55244445800781
-9046,anchor_scsn_009045,994786,1,down,51.924625396728516
-9047,anchor_scsn_009046,994918,1,down,153.29600524902344
-9048,anchor_scsn_009047,995258,1,down,69.11045837402344
-9049,anchor_scsn_009048,995465,1,down,103.0557861328125
-9050,anchor_scsn_009049,995624,1,down,75.45315551757812
-9051,anchor_scsn_009050,995671,1,down,59.86357879638672
-9052,anchor_scsn_009051,995904,1,down,859.78759765625
-9053,anchor_scsn_009052,997091,1,down,144.6783447265625
-9054,anchor_scsn_009053,997415,1,down,78.51350402832031
-9055,anchor_scsn_009054,997438,1,down,64.75614166259766
-9056,anchor_scsn_009055,997468,1,down,284.2845458984375
-9057,anchor_scsn_009056,998005,1,down,90.91761779785156
-9058,anchor_scsn_009057,998277,1,down,75.71627044677734
-9059,anchor_scsn_009058,998414,1,down,104.56478118896484
-9060,anchor_scsn_009059,998565,1,down,50.4677734375
-9061,anchor_scsn_009060,998662,1,down,143.1584014892578
-9062,anchor_scsn_009061,999618,1,down,54.3400993347168
-9063,anchor_scsn_009062,999806,1,down,104.83740234375
-9064,anchor_scsn_009063,1000120,1,down,61.65476608276367
-9065,anchor_scsn_009064,1000303,1,down,71.67752075195312
-9066,anchor_scsn_009065,1000377,1,down,85.11180877685547
-9067,anchor_scsn_009066,1000985,1,down,52.348262786865234
-9068,anchor_scsn_009067,1001504,1,down,79.22803497314453
-9069,anchor_scsn_009068,1001539,1,down,60.479618072509766
-9070,anchor_scsn_009069,1001581,1,down,82.82184600830078
-9071,anchor_scsn_009070,1001736,1,down,347.3985900878906
-9072,anchor_scsn_009071,1002609,1,down,564.4857788085938
-9073,anchor_scsn_009072,1002885,1,down,343.28216552734375
-9074,anchor_scsn_009073,1002974,1,down,66.69512176513672
-9075,anchor_scsn_009074,1003617,1,down,69.79486083984375
-9076,anchor_scsn_009075,1003755,1,down,54.731021881103516
-9077,anchor_scsn_009076,1004828,1,down,63.05671691894531
-9078,anchor_scsn_009077,1004889,1,down,66.12501525878906
-9079,anchor_scsn_009078,1004920,1,down,74.9566421508789
-9080,anchor_scsn_009079,1005480,1,down,77.53520965576172
-9081,anchor_scsn_009080,1005907,1,down,148.57830810546875
-9082,anchor_scsn_009081,1006199,1,down,55.35261154174805
-9083,anchor_scsn_009082,1006348,1,down,103.44535827636719
-9084,anchor_scsn_009083,1006522,1,down,152.70480346679688
-9085,anchor_scsn_009084,1006601,1,down,105.58906555175781
-9086,anchor_scsn_009085,1006659,1,down,65.78621673583984
-9087,anchor_scsn_009086,1007465,1,down,54.4234733581543
-9088,anchor_scsn_009087,1007533,1,down,56.988033294677734
-9089,anchor_scsn_009088,1007627,1,down,94.81640625
-9090,anchor_scsn_009089,1007904,1,down,130.50221252441406
-9091,anchor_scsn_009090,1007910,1,down,223.5690155029297
-9092,anchor_scsn_009091,1008177,1,down,380.66802978515625
-9093,anchor_scsn_009092,1008323,1,down,150.7784881591797
-9094,anchor_scsn_009093,1008374,1,down,58.53801345825195
-9095,anchor_scsn_009094,1008520,1,down,74.30912017822266
-9096,anchor_scsn_009095,1008590,1,down,283.1645202636719
-9097,anchor_scsn_009096,1008602,1,down,231.38217163085938
-9098,anchor_scsn_009097,1009713,1,down,129.69015502929688
-9099,anchor_scsn_009098,1010058,1,down,55.34904861450195
-9100,anchor_scsn_009099,1010091,1,down,62.77939224243164
-9101,anchor_scsn_009100,1010092,1,down,74.25069427490234
-9102,anchor_scsn_009101,1010138,1,down,61.982887268066406
-9103,anchor_scsn_009102,1010204,1,down,548.1209106445312
-9104,anchor_scsn_009103,1010657,1,down,52.52467346191406
-9105,anchor_scsn_009104,1011558,1,down,124.07264709472656
-9106,anchor_scsn_009105,1011929,1,down,85.01793670654297
-9107,anchor_scsn_009106,1012897,1,down,50.81263732910156
-9108,anchor_scsn_009107,1013337,1,down,283.6134338378906
-9109,anchor_scsn_009108,1013773,1,down,60.90015411376953
-9110,anchor_scsn_009109,1013905,1,down,78.54924011230469
-9111,anchor_scsn_009110,1014038,1,down,151.6116180419922
-9112,anchor_scsn_009111,1014094,1,down,286.4675598144531
-9113,anchor_scsn_009112,1014279,1,down,127.53827667236328
-9114,anchor_scsn_009113,1014306,1,down,171.13975524902344
-9115,anchor_scsn_009114,1015160,1,down,111.55661010742188
-9116,anchor_scsn_009115,1015425,1,down,209.4748077392578
-9117,anchor_scsn_009116,1015553,1,down,57.48881149291992
-9118,anchor_scsn_009117,1016009,1,down,76.80961608886719
-9119,anchor_scsn_009118,1016880,1,down,128.65634155273438
-9120,anchor_scsn_009119,1017193,1,down,59.81416702270508
-9121,anchor_scsn_009120,1017277,1,down,668.7767944335938
-9122,anchor_scsn_009121,1017364,1,down,101.78617858886719
-9123,anchor_scsn_009122,1017548,1,down,64.798095703125
-9124,anchor_scsn_009123,1017642,1,down,76.94193267822266
-9125,anchor_scsn_009124,1017795,1,down,53.6735954284668
-9126,anchor_scsn_009125,1018429,1,down,126.89742279052734
-9127,anchor_scsn_009126,1018516,1,down,76.0456771850586
-9128,anchor_scsn_009127,1018898,1,down,51.509674072265625
-9129,anchor_scsn_009128,1019236,1,down,522.5861206054688
-9130,anchor_scsn_009129,1019406,1,down,101.30706024169922
-9131,anchor_scsn_009130,1019591,1,down,58.31586837768555
-9132,anchor_scsn_009131,1019618,1,down,56.27259826660156
-9133,anchor_scsn_009132,1019648,1,down,56.832218170166016
-9134,anchor_scsn_009133,1019739,1,down,112.35314178466797
-9135,anchor_scsn_009134,1019760,1,down,127.21905517578125
-9136,anchor_scsn_009135,1019773,1,down,57.80245590209961
-9137,anchor_scsn_009136,1019780,1,down,209.28294372558594
-9138,anchor_scsn_009137,1019830,1,down,64.2377700805664
-9139,anchor_scsn_009138,1019981,1,down,59.379032135009766
-9140,anchor_scsn_009139,1020104,1,down,144.99652099609375
-9141,anchor_scsn_009140,1020323,1,down,54.65708923339844
-9142,anchor_scsn_009141,1020982,1,down,112.96316528320312
-9143,anchor_scsn_009142,1022248,1,down,63.291812896728516
-9144,anchor_scsn_009143,1022264,1,down,242.3177490234375
-9145,anchor_scsn_009144,1022489,1,down,127.19861602783203
-9146,anchor_scsn_009145,1022585,1,down,271.6651306152344
-9147,anchor_scsn_009146,1022644,1,down,122.39299774169922
-9148,anchor_scsn_009147,1022999,1,down,71.29084014892578
-9149,anchor_scsn_009148,1023280,1,down,238.48931884765625
-9150,anchor_scsn_009149,1023316,1,down,66.84791564941406
-9151,anchor_scsn_009150,1023323,1,down,445.365478515625
-9152,anchor_scsn_009151,1023417,1,down,157.39178466796875
-9153,anchor_scsn_009152,1023838,1,down,55.28468322753906
-9154,anchor_scsn_009153,1024605,1,down,219.1871795654297
-9155,anchor_scsn_009154,1025076,1,down,293.3513488769531
-9156,anchor_scsn_009155,1025246,1,down,190.82083129882812
-9157,anchor_scsn_009156,1025465,1,down,71.58990478515625
-9158,anchor_scsn_009157,1025482,1,down,195.7405242919922
-9159,anchor_scsn_009158,1025566,1,down,62.85938262939453
-9160,anchor_scsn_009159,1025721,1,down,72.9442138671875
-9161,anchor_scsn_009160,1025955,1,down,109.87230682373047
-9162,anchor_scsn_009161,1026392,1,down,108.62565612792969
-9163,anchor_scsn_009162,1026665,1,down,84.60456085205078
-9164,anchor_scsn_009163,1026882,1,down,144.07101440429688
-9165,anchor_scsn_009164,1027010,1,down,85.1884536743164
-9166,anchor_scsn_009165,1027369,1,down,105.00111389160156
-9167,anchor_scsn_009166,1027468,1,down,80.50202941894531
-9168,anchor_scsn_009167,1027686,1,down,137.03907775878906
-9169,anchor_scsn_009168,1027864,1,down,78.96711730957031
-9170,anchor_scsn_009169,1028492,1,down,171.7286376953125
-9171,anchor_scsn_009170,1028552,1,down,91.02681732177734
-9172,anchor_scsn_009171,1028940,1,down,101.50228118896484
-9173,anchor_scsn_009172,1029146,1,down,129.40579223632812
-9174,anchor_scsn_009173,1029177,1,down,66.07405853271484
-9175,anchor_scsn_009174,1029319,1,down,185.5181121826172
-9176,anchor_scsn_009175,1030279,1,down,70.05429077148438
-9177,anchor_scsn_009176,1030308,1,down,155.60203552246094
-9178,anchor_scsn_009177,1030313,1,down,152.7216033935547
-9179,anchor_scsn_009178,1030479,1,down,171.17953491210938
-9180,anchor_scsn_009179,1030998,1,down,69.15313720703125
-9181,anchor_scsn_009180,1031158,1,down,66.26058959960938
-9182,anchor_scsn_009181,1031382,1,down,264.5648193359375
-9183,anchor_scsn_009182,1031635,1,down,69.16129302978516
-9184,anchor_scsn_009183,1031715,1,down,229.59091186523438
-9185,anchor_scsn_009184,1031944,1,down,51.961727142333984
-9186,anchor_scsn_009185,1032156,1,down,96.17172241210938
-9187,anchor_scsn_009186,1032231,1,down,50.182830810546875
-9188,anchor_scsn_009187,1032236,1,down,63.55857849121094
-9189,anchor_scsn_009188,1032381,1,down,80.76405334472656
-9190,anchor_scsn_009189,1032389,1,down,54.13762664794922
-9191,anchor_scsn_009190,1033107,1,down,50.37351989746094
-9192,anchor_scsn_009191,1033566,1,down,135.46484375
-9193,anchor_scsn_009192,1033939,1,down,61.219058990478516
-9194,anchor_scsn_009193,1034329,1,down,66.58865356445312
-9195,anchor_scsn_009194,1034760,1,down,93.99166107177734
-9196,anchor_scsn_009195,1035074,1,down,77.36617279052734
-9197,anchor_scsn_009196,1035347,1,down,250.35800170898438
-9198,anchor_scsn_009197,1035764,1,down,150.66954040527344
-9199,anchor_scsn_009198,1036359,1,down,59.35403060913086
-9200,anchor_scsn_009199,1036461,1,down,79.8824234008789
-9201,anchor_scsn_009200,1036549,1,down,180.1661376953125
-9202,anchor_scsn_009201,1036591,1,down,52.68376541137695
-9203,anchor_scsn_009202,1036837,1,down,103.15515899658203
-9204,anchor_scsn_009203,1036909,1,down,226.97592163085938
-9205,anchor_scsn_009204,1037031,1,down,121.32788848876953
-9206,anchor_scsn_009205,1037305,1,down,105.33554077148438
-9207,anchor_scsn_009206,1038084,1,down,53.67974853515625
-9208,anchor_scsn_009207,1038101,1,down,115.95292663574219
-9209,anchor_scsn_009208,1038211,1,down,79.31902313232422
-9210,anchor_scsn_009209,1038560,1,down,198.04852294921875
-9211,anchor_scsn_009210,1038714,1,down,101.85997009277344
-9212,anchor_scsn_009211,1038734,1,down,72.07329559326172
-9213,anchor_scsn_009212,1039026,1,down,199.44456481933594
-9214,anchor_scsn_009213,1039252,1,down,51.20961380004883
-9215,anchor_scsn_009214,1039735,1,down,57.450931549072266
-9216,anchor_scsn_009215,1040004,1,down,508.2684631347656
-9217,anchor_scsn_009216,1040038,1,down,63.73085403442383
-9218,anchor_scsn_009217,1040432,1,down,68.57666778564453
-9219,anchor_scsn_009218,1040505,1,down,76.89607238769531
-9220,anchor_scsn_009219,1040889,1,down,163.02769470214844
-9221,anchor_scsn_009220,1041973,1,down,51.743255615234375
-9222,anchor_scsn_009221,1041987,1,down,922.5067749023438
-9223,anchor_scsn_009222,1042208,1,down,147.6365509033203
-9224,anchor_scsn_009223,1042365,1,down,68.74057006835938
-9225,anchor_scsn_009224,1042478,1,down,51.13193893432617
-9226,anchor_scsn_009225,1042585,1,down,121.91606903076172
-9227,anchor_scsn_009226,1042639,1,down,163.54759216308594
-9228,anchor_scsn_009227,1042690,1,down,102.99630737304688
-9229,anchor_scsn_009228,1042750,1,down,64.01534271240234
-9230,anchor_scsn_009229,1042759,1,down,72.60458374023438
-9231,anchor_scsn_009230,1043293,1,down,101.84624481201172
-9232,anchor_scsn_009231,1043367,1,down,417.8131408691406
-9233,anchor_scsn_009232,1044170,1,down,279.58538818359375
-9234,anchor_scsn_009233,1044387,1,down,97.61954498291016
-9235,anchor_scsn_009234,1044424,1,down,55.787940979003906
-9236,anchor_scsn_009235,1044486,1,down,190.7507781982422
-9237,anchor_scsn_009236,1044613,1,down,78.0112075805664
-9238,anchor_scsn_009237,1044654,1,down,78.91089630126953
-9239,anchor_scsn_009238,1044711,1,down,77.65477752685547
-9240,anchor_scsn_009239,1044738,1,down,108.77011108398438
-9241,anchor_scsn_009240,1044867,1,down,102.38936614990234
-9242,anchor_scsn_009241,1045295,1,down,104.14869689941406
-9243,anchor_scsn_009242,1045463,1,down,725.2408447265625
-9244,anchor_scsn_009243,1045484,1,down,65.4489974975586
-9245,anchor_scsn_009244,1045534,1,down,110.03300476074219
-9246,anchor_scsn_009245,1045595,1,down,75.39005279541016
-9247,anchor_scsn_009246,1046442,1,down,385.9368896484375
-9248,anchor_scsn_009247,1046771,1,down,105.7728042602539
-9249,anchor_scsn_009248,1046827,1,down,184.63340759277344
-9250,anchor_scsn_009249,1048082,1,down,160.38722229003906
-9251,anchor_scsn_009250,1048124,1,down,58.51662826538086
-9252,anchor_scsn_009251,1048196,1,down,59.98289489746094
-9253,anchor_scsn_009252,1048539,1,down,51.63575744628906
-9254,anchor_scsn_009253,1048716,1,down,75.21693420410156
-9255,anchor_scsn_009254,1048872,1,down,167.70240783691406
-9256,anchor_scsn_009255,1048974,1,down,76.22493743896484
-9257,anchor_scsn_009256,1049027,1,down,50.47873306274414
-9258,anchor_scsn_009257,1049154,1,down,215.79904174804688
-9259,anchor_scsn_009258,1049500,1,down,178.0070343017578
-9260,anchor_scsn_009259,1049524,1,down,55.85750961303711
-9261,anchor_scsn_009260,1049551,1,down,200.1833038330078
-9262,anchor_scsn_009261,1049561,1,down,222.53927612304688
-9263,anchor_scsn_009262,1049642,1,down,115.09165954589844
-9264,anchor_scsn_009263,1050183,1,down,141.755126953125
-9265,anchor_scsn_009264,1050399,1,down,208.92059326171875
-9266,anchor_scsn_009265,1050594,1,down,65.05094909667969
-9267,anchor_scsn_009266,1051067,1,down,187.48739624023438
-9268,anchor_scsn_009267,1051093,1,down,442.0037841796875
-9269,anchor_scsn_009268,1051101,1,down,190.606201171875
-9270,anchor_scsn_009269,1051421,1,down,61.115848541259766
-9271,anchor_scsn_009270,1051720,1,down,60.696876525878906
-9272,anchor_scsn_009271,1051816,1,down,157.13270568847656
-9273,anchor_scsn_009272,1051992,1,down,72.38280487060547
-9274,anchor_scsn_009273,1052260,1,down,166.9562530517578
-9275,anchor_scsn_009274,1053049,1,down,87.78268432617188
-9276,anchor_scsn_009275,1053591,1,down,54.144710540771484
-9277,anchor_scsn_009276,1053635,1,down,50.492549896240234
-9278,anchor_scsn_009277,1053870,1,down,60.85299301147461
-9279,anchor_scsn_009278,1054108,1,down,59.33601760864258
-9280,anchor_scsn_009279,1054189,1,down,59.067771911621094
-9281,anchor_scsn_009280,1054530,1,down,78.23617553710938
-9282,anchor_scsn_009281,1054710,1,down,123.19120025634766
-9283,anchor_scsn_009282,1054895,1,down,95.38408660888672
-9284,anchor_scsn_009283,1055088,1,down,112.07816314697266
-9285,anchor_scsn_009284,1055171,1,down,58.57224655151367
-9286,anchor_scsn_009285,1055663,1,down,98.89129638671875
-9287,anchor_scsn_009286,1055995,1,down,244.1200714111328
-9288,anchor_scsn_009287,1056042,1,down,58.77634048461914
-9289,anchor_scsn_009288,1056319,1,down,51.49213790893555
-9290,anchor_scsn_009289,1056772,1,down,60.79087448120117
-9291,anchor_scsn_009290,1056778,1,down,552.27099609375
-9292,anchor_scsn_009291,1056819,1,down,74.10377502441406
-9293,anchor_scsn_009292,1056881,1,down,89.75656127929688
-9294,anchor_scsn_009293,1057406,1,down,82.50601959228516
-9295,anchor_scsn_009294,1057591,1,down,187.21490478515625
-9296,anchor_scsn_009295,1057644,1,down,52.83031463623047
-9297,anchor_scsn_009296,1057691,1,down,345.1497802734375
-9298,anchor_scsn_009297,1058001,1,down,165.79945373535156
-9299,anchor_scsn_009298,1058003,1,down,62.65756607055664
-9300,anchor_scsn_009299,1058165,1,down,124.43097686767578
-9301,anchor_scsn_009300,1058635,1,down,347.7312316894531
-9302,anchor_scsn_009301,1058656,1,down,68.89713287353516
-9303,anchor_scsn_009302,1059644,1,down,98.07152557373047
-9304,anchor_scsn_009303,1060059,1,down,69.69739532470703
-9305,anchor_scsn_009304,1060619,1,down,51.20230484008789
-9306,anchor_scsn_009305,1061574,1,down,90.28291320800781
-9307,anchor_scsn_009306,1061585,1,down,55.75678634643555
-9308,anchor_scsn_009307,1061732,1,down,140.94813537597656
-9309,anchor_scsn_009308,1061855,1,down,62.66804122924805
-9310,anchor_scsn_009309,1061904,1,down,171.9950408935547
-9311,anchor_scsn_009310,1062456,1,down,99.99142456054688
-9312,anchor_scsn_009311,1063238,1,down,57.84975051879883
-9313,anchor_scsn_009312,1063977,1,down,61.79713821411133
-9314,anchor_scsn_009313,1064312,1,down,69.92855834960938
-9315,anchor_scsn_009314,1064489,1,down,55.66792678833008
-9316,anchor_scsn_009315,1064815,1,down,103.29766845703125
-9317,anchor_scsn_009316,1065231,1,down,79.51605987548828
-9318,anchor_scsn_009317,1065930,1,down,50.9975700378418
-9319,anchor_scsn_009318,1066808,1,down,54.125648498535156
-9320,anchor_scsn_009319,1066837,1,down,55.42238998413086
-9321,anchor_scsn_009320,1066842,1,down,145.013671875
-9322,anchor_scsn_009321,1066844,1,down,265.1733093261719
-9323,anchor_scsn_009322,1067024,1,down,71.92404174804688
-9324,anchor_scsn_009323,1067093,1,down,51.9178581237793
-9325,anchor_scsn_009324,1067502,1,down,99.12252807617188
-9326,anchor_scsn_009325,1067737,1,down,100.79447937011719
-9327,anchor_scsn_009326,1067872,1,down,161.76614379882812
-9328,anchor_scsn_009327,1068337,1,down,79.7223892211914
-9329,anchor_scsn_009328,1069006,1,down,55.5174446105957
-9330,anchor_scsn_009329,1069199,1,down,162.8404541015625
-9331,anchor_scsn_009330,1069233,1,down,71.80418395996094
-9332,anchor_scsn_009331,1069477,1,down,770.7608032226562
-9333,anchor_scsn_009332,1069482,1,down,95.86070251464844
-9334,anchor_scsn_009333,1069553,1,down,125.15753173828125
-9335,anchor_scsn_009334,1069654,1,down,518.0552368164062
-9336,anchor_scsn_009335,1069824,1,down,166.49281311035156
-9337,anchor_scsn_009336,1070303,1,down,203.006103515625
-9338,anchor_scsn_009337,1070637,1,down,104.44609832763672
-9339,anchor_scsn_009338,1070652,1,down,54.33548355102539
-9340,anchor_scsn_009339,1071178,1,down,70.93240356445312
-9341,anchor_scsn_009340,1071556,1,down,258.670166015625
-9342,anchor_scsn_009341,1071790,1,down,86.01531219482422
-9343,anchor_scsn_009342,1071902,1,down,214.59022521972656
-9344,anchor_scsn_009343,1072373,1,down,59.30626678466797
-9345,anchor_scsn_009344,1072587,1,down,103.21720886230469
-9346,anchor_scsn_009345,1072650,1,down,310.2462158203125
-9347,anchor_scsn_009346,1072894,1,down,57.476287841796875
-9348,anchor_scsn_009347,1073001,1,down,66.91644287109375
-9349,anchor_scsn_009348,1073747,1,down,89.56565856933594
-9350,anchor_scsn_009349,1074095,1,down,82.78311157226562
-9351,anchor_scsn_009350,1074153,1,down,157.79269409179688
-9352,anchor_scsn_009351,1075010,1,down,694.1378173828125
-9353,anchor_scsn_009352,1075073,1,down,50.06468200683594
-9354,anchor_scsn_009353,1075226,1,down,265.279052734375
-9355,anchor_scsn_009354,1075401,1,down,136.21202087402344
-9356,anchor_scsn_009355,1075555,1,down,367.0074768066406
-9357,anchor_scsn_009356,1075945,1,down,70.73446655273438
-9358,anchor_scsn_009357,1076086,1,down,155.60406494140625
-9359,anchor_scsn_009358,1076211,1,down,73.53755950927734
-9360,anchor_scsn_009359,1076229,1,down,216.7689666748047
-9361,anchor_scsn_009360,1076300,1,down,52.77204132080078
-9362,anchor_scsn_009361,1076524,1,down,83.09522247314453
-9363,anchor_scsn_009362,1076619,1,down,54.00151443481445
-9364,anchor_scsn_009363,1076768,1,down,76.1819076538086
-9365,anchor_scsn_009364,1077814,1,down,505.91998291015625
-9366,anchor_scsn_009365,1077816,1,down,68.08863067626953
-9367,anchor_scsn_009366,1077964,1,down,243.3198699951172
-9368,anchor_scsn_009367,1078067,1,down,72.33625793457031
-9369,anchor_scsn_009368,1078464,1,down,328.8829040527344
-9370,anchor_scsn_009369,1079241,1,down,99.50287628173828
-9371,anchor_scsn_009370,1079320,1,down,141.32122802734375
-9372,anchor_scsn_009371,1079602,1,down,116.55915069580078
-9373,anchor_scsn_009372,1080021,1,down,100.221435546875
-9374,anchor_scsn_009373,1080097,1,down,62.999122619628906
-9375,anchor_scsn_009374,1080162,1,down,59.40707778930664
-9376,anchor_scsn_009375,1080167,1,down,173.3785858154297
-9377,anchor_scsn_009376,1080204,1,down,111.9414291381836
-9378,anchor_scsn_009377,1080418,1,down,907.1516723632812
-9379,anchor_scsn_009378,1080578,1,down,473.84429931640625
-9380,anchor_scsn_009379,1081086,1,down,198.3572235107422
-9381,anchor_scsn_009380,1081414,1,down,51.31663131713867
-9382,anchor_scsn_009381,1081422,1,down,112.09060668945312
-9383,anchor_scsn_009382,1081849,1,down,56.05592346191406
-9384,anchor_scsn_009383,1082037,1,down,60.48268508911133
-9385,anchor_scsn_009384,1082332,1,down,85.65705108642578
-9386,anchor_scsn_009385,1082381,1,down,121.5979995727539
-9387,anchor_scsn_009386,1082552,1,down,51.876182556152344
-9388,anchor_scsn_009387,1082555,1,down,564.55517578125
-9389,anchor_scsn_009388,1082640,1,down,57.14003372192383
-9390,anchor_scsn_009389,1082660,1,down,69.35801696777344
-9391,anchor_scsn_009390,1082672,1,down,72.19192504882812
-9392,anchor_scsn_009391,1082820,1,down,117.6141357421875
-9393,anchor_scsn_009392,1082936,1,down,61.51795196533203
-9394,anchor_scsn_009393,1082942,1,down,831.255126953125
-9395,anchor_scsn_009394,1083066,1,down,209.85873413085938
-9396,anchor_scsn_009395,1083763,1,down,109.5915298461914
-9397,anchor_scsn_009396,1083845,1,down,150.00291442871094
-9398,anchor_scsn_009397,1084150,1,down,54.76315689086914
-9399,anchor_scsn_009398,1084175,1,down,63.04473876953125
-9400,anchor_scsn_009399,1084176,1,down,589.3487548828125
-9401,anchor_scsn_009400,1084563,1,down,110.5774154663086
-9402,anchor_scsn_009401,1085056,1,down,256.16387939453125
-9403,anchor_scsn_009402,1085191,1,down,148.15826416015625
-9404,anchor_scsn_009403,1085200,1,down,74.5750961303711
-9405,anchor_scsn_009404,1085762,1,down,57.024497985839844
-9406,anchor_scsn_009405,1085832,1,down,56.310977935791016
-9407,anchor_scsn_009406,1085984,1,down,66.41761016845703
-9408,anchor_scsn_009407,1086249,1,down,257.5780334472656
-9409,anchor_scsn_009408,1086312,1,down,107.4805679321289
-9410,anchor_scsn_009409,1086428,1,down,74.86740112304688
-9411,anchor_scsn_009410,1086810,1,down,61.4644775390625
-9412,anchor_scsn_009411,1087105,1,down,109.29493713378906
-9413,anchor_scsn_009412,1087452,1,down,101.8436050415039
-9414,anchor_scsn_009413,1087597,1,down,347.6016845703125
-9415,anchor_scsn_009414,1087913,1,down,55.66530990600586
-9416,anchor_scsn_009415,1088174,1,down,54.44203186035156
-9417,anchor_scsn_009416,1088228,1,down,55.551231384277344
-9418,anchor_scsn_009417,1088783,1,down,187.22898864746094
-9419,anchor_scsn_009418,1089153,1,down,89.0801010131836
-9420,anchor_scsn_009419,1089361,1,down,51.40549850463867
-9421,anchor_scsn_009420,1089409,1,down,75.26847076416016
-9422,anchor_scsn_009421,1089818,1,down,94.51390075683594
-9423,anchor_scsn_009422,1089861,1,down,342.6722106933594
-9424,anchor_scsn_009423,1090383,1,down,57.42932891845703
-9425,anchor_scsn_009424,1090470,1,down,73.61396026611328
-9426,anchor_scsn_009425,1091005,1,down,82.4517822265625
-9427,anchor_scsn_009426,1091060,1,down,87.37834930419922
-9428,anchor_scsn_009427,1091312,1,down,59.227455139160156
-9429,anchor_scsn_009428,1091410,1,down,110.55618286132812
-9430,anchor_scsn_009429,1091457,1,down,83.86649322509766
-9431,anchor_scsn_009430,1091672,1,down,54.52150344848633
-9432,anchor_scsn_009431,1091838,1,down,66.06542205810547
-9433,anchor_scsn_009432,1092151,1,down,324.3470764160156
-9434,anchor_scsn_009433,1092445,1,down,144.58627319335938
-9435,anchor_scsn_009434,1092605,1,down,119.7265396118164
-9436,anchor_scsn_009435,1093169,1,down,298.8200988769531
-9437,anchor_scsn_009436,1093290,1,down,124.75049591064453
-9438,anchor_scsn_009437,1093582,1,down,81.9309310913086
-9439,anchor_scsn_009438,1093976,1,down,115.42986297607422
-9440,anchor_scsn_009439,1094245,1,down,574.5516357421875
-9441,anchor_scsn_009440,1094289,1,down,51.4044303894043
-9442,anchor_scsn_009441,1094296,1,down,60.410125732421875
-9443,anchor_scsn_009442,1094403,1,down,137.99502563476562
-9444,anchor_scsn_009443,1094748,1,down,259.4376525878906
-9445,anchor_scsn_009444,1094862,1,down,73.82488250732422
-9446,anchor_scsn_009445,1094908,1,down,50.16768264770508
-9447,anchor_scsn_009446,1095113,1,down,115.65018463134766
-9448,anchor_scsn_009447,1095217,1,down,111.24510192871094
-9449,anchor_scsn_009448,1095222,1,down,72.59408569335938
-9450,anchor_scsn_009449,1096074,1,down,91.15032196044922
-9451,anchor_scsn_009450,1096515,1,down,51.78592300415039
-9452,anchor_scsn_009451,1096627,1,down,50.557106018066406
-9453,anchor_scsn_009452,1096726,1,down,60.930519104003906
-9454,anchor_scsn_009453,1096757,1,down,72.93658447265625
-9455,anchor_scsn_009454,1096838,1,down,63.488426208496094
-9456,anchor_scsn_009455,1097289,1,down,58.94050979614258
-9457,anchor_scsn_009456,1097943,1,down,82.65741729736328
-9458,anchor_scsn_009457,1098256,1,down,181.24049377441406
-9459,anchor_scsn_009458,1098524,1,down,56.03866195678711
-9460,anchor_scsn_009459,1098801,1,down,317.6202087402344
-9461,anchor_scsn_009460,1099316,1,down,176.408935546875
-9462,anchor_scsn_009461,1099553,1,down,99.96572875976562
-9463,anchor_scsn_009462,1100105,1,down,69.18744659423828
-9464,anchor_scsn_009463,1100123,1,down,58.87627410888672
-9465,anchor_scsn_009464,1100459,1,down,90.34819030761719
-9466,anchor_scsn_009465,1101009,1,down,81.45828247070312
-9467,anchor_scsn_009466,1101051,1,down,83.2742691040039
-9468,anchor_scsn_009467,1101058,1,down,123.72505950927734
-9469,anchor_scsn_009468,1101255,1,down,122.94122314453125
-9470,anchor_scsn_009469,1101352,1,down,195.49298095703125
-9471,anchor_scsn_009470,1102251,1,down,103.2657699584961
-9472,anchor_scsn_009471,1102497,1,down,115.16681671142578
-9473,anchor_scsn_009472,1102890,1,down,105.20906066894531
-9474,anchor_scsn_009473,1102906,1,down,63.79727554321289
-9475,anchor_scsn_009474,1103170,1,down,180.3899383544922
-9476,anchor_scsn_009475,1103260,1,down,206.05226135253906
-9477,anchor_scsn_009476,1103484,1,down,224.10031127929688
-9478,anchor_scsn_009477,1103639,1,down,86.65865325927734
-9479,anchor_scsn_009478,1103646,1,down,51.72922134399414
-9480,anchor_scsn_009479,1103751,1,down,51.76470184326172
-9481,anchor_scsn_009480,1104054,1,down,133.97772216796875
-9482,anchor_scsn_009481,1104145,1,down,66.07005310058594
-9483,anchor_scsn_009482,1104521,1,down,57.619144439697266
-9484,anchor_scsn_009483,1104693,1,down,82.91815948486328
-9485,anchor_scsn_009484,1105338,1,down,60.37684631347656
-9486,anchor_scsn_009485,1105578,1,down,112.6814193725586
-9487,anchor_scsn_009486,1106168,1,down,63.904293060302734
-9488,anchor_scsn_009487,1106402,1,down,93.00740051269531
-9489,anchor_scsn_009488,1106477,1,down,107.97957611083984
-9490,anchor_scsn_009489,1107078,1,down,56.86608123779297
-9491,anchor_scsn_009490,1107319,1,down,435.2565612792969
-9492,anchor_scsn_009491,1107834,1,down,360.3353271484375
-9493,anchor_scsn_009492,1108261,1,down,169.04684448242188
-9494,anchor_scsn_009493,1108306,1,down,60.11029052734375
-9495,anchor_scsn_009494,1108536,1,down,72.9174575805664
-9496,anchor_scsn_009495,1108904,1,down,63.1897087097168
-9497,anchor_scsn_009496,1109530,1,down,265.7813720703125
-9498,anchor_scsn_009497,1110068,1,down,114.0299301147461
-9499,anchor_scsn_009498,1110110,1,down,64.0020523071289
-9500,anchor_scsn_009499,1110166,1,down,103.41992950439453
-9501,anchor_scsn_009500,1110533,1,down,73.37564086914062
-9502,anchor_scsn_009501,1111666,1,down,885.122802734375
-9503,anchor_scsn_009502,1112016,1,down,59.14028549194336
-9504,anchor_scsn_009503,1112137,1,down,268.42694091796875
-9505,anchor_scsn_009504,1112554,1,down,278.78680419921875
-9506,anchor_scsn_009505,1113298,1,down,69.52952575683594
-9507,anchor_scsn_009506,1113626,1,down,68.16917419433594
-9508,anchor_scsn_009507,1113646,1,down,783.3914794921875
-9509,anchor_scsn_009508,1114500,1,down,55.5846061706543
-9510,anchor_scsn_009509,1115900,1,down,137.0767364501953
-9511,anchor_scsn_009510,1115989,1,down,170.8457489013672
-9512,anchor_scsn_009511,1116498,1,down,506.21710205078125
-9513,anchor_scsn_009512,1116797,1,down,59.15566635131836
-9514,anchor_scsn_009513,1116850,1,down,92.5771713256836
-9515,anchor_scsn_009514,1117689,1,down,69.90250396728516
-9516,anchor_scsn_009515,1118248,1,down,84.26658630371094
-9517,anchor_scsn_009516,1118715,1,down,54.91223907470703
-9518,anchor_scsn_009517,1118740,1,down,162.15585327148438
-9519,anchor_scsn_009518,1118818,1,down,79.72732543945312
-9520,anchor_scsn_009519,1118828,1,down,66.72395324707031
-9521,anchor_scsn_009520,1119232,1,down,433.6044921875
-9522,anchor_scsn_009521,1119604,1,down,178.6689910888672
-9523,anchor_scsn_009522,1120144,1,down,107.80875396728516
-9524,anchor_scsn_009523,1121113,1,down,71.73593139648438
-9525,anchor_scsn_009524,1121288,1,down,148.4336395263672
-9526,anchor_scsn_009525,1121636,1,down,89.59929656982422
-9527,anchor_scsn_009526,1121701,1,down,90.97695922851562
-9528,anchor_scsn_009527,1121933,1,down,53.110260009765625
-9529,anchor_scsn_009528,1122155,1,down,186.60012817382812
-9530,anchor_scsn_009529,1122333,1,down,58.61980056762695
-9531,anchor_scsn_009530,1122421,1,down,61.32783126831055
-9532,anchor_scsn_009531,1122899,1,down,125.9474105834961
-9533,anchor_scsn_009532,1123743,1,down,85.38375091552734
-9534,anchor_scsn_009533,1123929,1,down,209.9217071533203
-9535,anchor_scsn_009534,1124089,1,down,58.85963821411133
-9536,anchor_scsn_009535,1124158,1,down,98.68397521972656
-9537,anchor_scsn_009536,1124414,1,down,77.2422103881836
-9538,anchor_scsn_009537,1124595,1,down,54.741912841796875
-9539,anchor_scsn_009538,1125379,1,down,102.56570434570312
-9540,anchor_scsn_009539,1125409,1,down,418.9377136230469
-9541,anchor_scsn_009540,1125455,1,down,76.29651641845703
-9542,anchor_scsn_009541,1125867,1,down,60.4524040222168
-9543,anchor_scsn_009542,1126172,1,down,64.10125732421875
-9544,anchor_scsn_009543,1126371,1,down,56.0408935546875
-9545,anchor_scsn_009544,1126545,1,down,737.2770385742188
-9546,anchor_scsn_009545,1126720,1,down,67.00955963134766
-9547,anchor_scsn_009546,1126905,1,down,66.93887329101562
-9548,anchor_scsn_009547,1127035,1,down,80.56253814697266
-9549,anchor_scsn_009548,1127090,1,down,105.79652404785156
-9550,anchor_scsn_009549,1127442,1,down,116.77214050292969
-9551,anchor_scsn_009550,1127706,1,down,65.15522766113281
-9552,anchor_scsn_009551,1127911,1,down,57.90753173828125
-9553,anchor_scsn_009552,1128049,1,down,108.03751373291016
-9554,anchor_scsn_009553,1128063,1,down,182.5525360107422
-9555,anchor_scsn_009554,1128630,1,down,60.80808639526367
-9556,anchor_scsn_009555,1128772,1,down,79.5612564086914
-9557,anchor_scsn_009556,1129067,1,down,178.10049438476562
-9558,anchor_scsn_009557,1129076,1,down,667.1099243164062
-9559,anchor_scsn_009558,1129277,1,down,69.67517852783203
-9560,anchor_scsn_009559,1129376,1,down,237.3743438720703
-9561,anchor_scsn_009560,1129463,1,down,474.5080871582031
-9562,anchor_scsn_009561,1129542,1,down,90.35352325439453
-9563,anchor_scsn_009562,1129670,1,down,59.572731018066406
-9564,anchor_scsn_009563,1129815,1,down,102.19098663330078
-9565,anchor_scsn_009564,1129829,1,down,52.70421600341797
-9566,anchor_scsn_009565,1130029,1,down,141.1853790283203
-9567,anchor_scsn_009566,1130438,1,down,434.4007873535156
-9568,anchor_scsn_009567,1130498,1,down,70.92367553710938
-9569,anchor_scsn_009568,1130589,1,down,69.0745620727539
-9570,anchor_scsn_009569,1130801,1,down,68.18726348876953
-9571,anchor_scsn_009570,1130819,1,down,439.2361755371094
-9572,anchor_scsn_009571,1131073,1,down,62.2257080078125
-9573,anchor_scsn_009572,1131208,1,down,56.44786834716797
-9574,anchor_scsn_009573,1131863,1,down,59.222103118896484
-9575,anchor_scsn_009574,1131865,1,down,69.52677917480469
-9576,anchor_scsn_009575,1131894,1,down,77.38084411621094
-9577,anchor_scsn_009576,1131955,1,down,561.3919677734375
-9578,anchor_scsn_009577,1132243,1,down,60.0068473815918
-9579,anchor_scsn_009578,1133216,1,down,188.2061309814453
-9580,anchor_scsn_009579,1133218,1,down,315.6092834472656
-9581,anchor_scsn_009580,1133682,1,down,143.28201293945312
-9582,anchor_scsn_009581,1133776,1,down,60.27643966674805
-9583,anchor_scsn_009582,1134317,1,down,79.50194549560547
-9584,anchor_scsn_009583,1134855,1,down,51.367740631103516
-9585,anchor_scsn_009584,1135198,1,down,256.97662353515625
-9586,anchor_scsn_009585,1135878,1,down,64.4129638671875
-9587,anchor_scsn_009586,1136429,1,down,93.7197494506836
-9588,anchor_scsn_009587,1137123,1,down,54.87435531616211
-9589,anchor_scsn_009588,1137619,1,down,56.76527786254883
-9590,anchor_scsn_009589,1137635,1,down,59.061439514160156
-9591,anchor_scsn_009590,1137665,1,down,88.11119842529297
-9592,anchor_scsn_009591,1137930,1,down,70.36205291748047
-9593,anchor_scsn_009592,1137968,1,down,201.66061401367188
-9594,anchor_scsn_009593,1138141,1,down,83.28504180908203
-9595,anchor_scsn_009594,1138709,1,down,93.11904907226562
-9596,anchor_scsn_009595,1138862,1,down,63.18095016479492
-9597,anchor_scsn_009596,1139431,1,down,138.27879333496094
-9598,anchor_scsn_009597,1139689,1,down,55.14385223388672
-9599,anchor_scsn_009598,1139712,1,down,164.44009399414062
-9600,anchor_scsn_009599,1140435,1,down,158.12115478515625
-9601,anchor_scsn_009600,1140949,1,down,79.06623840332031
-9602,anchor_scsn_009601,1140995,1,down,60.835113525390625
-9603,anchor_scsn_009602,1141093,1,down,175.6796875
-9604,anchor_scsn_009603,1141363,1,down,50.705047607421875
-9605,anchor_scsn_009604,1141809,1,down,276.8074951171875
-9606,anchor_scsn_009605,1142175,1,down,91.18201446533203
-9607,anchor_scsn_009606,1142369,1,down,110.37247467041016
-9608,anchor_scsn_009607,1142439,1,down,52.69955062866211
-9609,anchor_scsn_009608,1142842,1,down,77.31291961669922
-9610,anchor_scsn_009609,1143203,1,down,70.23316955566406
-9611,anchor_scsn_009610,1143556,1,down,82.84182739257812
-9612,anchor_scsn_009611,1144043,1,down,375.0190734863281
-9613,anchor_scsn_009612,1144060,1,down,92.2110595703125
-9614,anchor_scsn_009613,1144146,1,down,51.26447677612305
-9615,anchor_scsn_009614,1144233,1,down,109.91869354248047
-9616,anchor_scsn_009615,1144899,1,down,143.5459442138672
-9617,anchor_scsn_009616,1145644,1,down,52.26382064819336
-9618,anchor_scsn_009617,1145990,1,down,59.34648895263672
-9619,anchor_scsn_009618,1146095,1,down,54.44749450683594
-9620,anchor_scsn_009619,1146158,1,down,60.12284469604492
-9621,anchor_scsn_009620,1146391,1,down,59.48286819458008
-9622,anchor_scsn_009621,1146642,1,down,93.66474914550781
-9623,anchor_scsn_009622,1146766,1,down,287.87554931640625
-9624,anchor_scsn_009623,1146812,1,down,60.66571807861328
-9625,anchor_scsn_009624,1146850,1,down,396.43548583984375
-9626,anchor_scsn_009625,1146903,1,down,56.64363098144531
-9627,anchor_scsn_009626,1147064,1,down,56.4033317565918
-9628,anchor_scsn_009627,1147162,1,down,274.89691162109375
-9629,anchor_scsn_009628,1147283,1,down,105.18901062011719
-9630,anchor_scsn_009629,1147666,1,down,50.93855285644531
-9631,anchor_scsn_009630,1147753,1,down,58.83414077758789
-9632,anchor_scsn_009631,1147830,1,down,54.46016311645508
-9633,anchor_scsn_009632,1147848,1,down,539.5296630859375
-9634,anchor_scsn_009633,1148349,1,down,110.16838836669922
-9635,anchor_scsn_009634,1148408,1,down,110.95101165771484
-9636,anchor_scsn_009635,1148556,1,down,63.65345764160156
-9637,anchor_scsn_009636,1149629,1,down,70.40998840332031
-9638,anchor_scsn_009637,1150355,1,down,566.6177978515625
-9639,anchor_scsn_009638,1150363,1,down,165.53726196289062
-9640,anchor_scsn_009639,1150544,1,down,65.12977600097656
-9641,anchor_scsn_009640,1150961,1,down,65.8904800415039
-9642,anchor_scsn_009641,1151427,1,down,79.15498352050781
-9643,anchor_scsn_009642,1151463,1,down,249.06764221191406
-9644,anchor_scsn_009643,1151790,1,down,199.75379943847656
-9645,anchor_scsn_009644,1151865,1,down,66.20016479492188
-9646,anchor_scsn_009645,1151881,1,down,309.87835693359375
-9647,anchor_scsn_009646,1152201,1,down,95.31684112548828
-9648,anchor_scsn_009647,1152474,1,down,61.160457611083984
-9649,anchor_scsn_009648,1152526,1,down,200.65347290039062
-9650,anchor_scsn_009649,1152753,1,down,72.08802795410156
-9651,anchor_scsn_009650,1152943,1,down,622.8878173828125
-9652,anchor_scsn_009651,1152987,1,down,130.29209899902344
-9653,anchor_scsn_009652,1153065,1,down,127.15192413330078
-9654,anchor_scsn_009653,1153085,1,down,163.4215850830078
-9655,anchor_scsn_009654,1153379,1,down,137.28753662109375
-9656,anchor_scsn_009655,1153545,1,down,219.3099365234375
-9657,anchor_scsn_009656,1153848,1,down,61.23424530029297
-9658,anchor_scsn_009657,1154149,1,down,59.71196365356445
-9659,anchor_scsn_009658,1154983,1,down,232.48829650878906
-9660,anchor_scsn_009659,1155346,1,down,89.49031066894531
-9661,anchor_scsn_009660,1155588,1,down,65.5311508178711
-9662,anchor_scsn_009661,1155952,1,down,57.256431579589844
-9663,anchor_scsn_009662,1156141,1,down,55.43929672241211
-9664,anchor_scsn_009663,1156371,1,down,148.7929229736328
-9665,anchor_scsn_009664,1156914,1,down,446.90570068359375
-9666,anchor_scsn_009665,1157211,1,down,67.2138442993164
-9667,anchor_scsn_009666,1157309,1,down,123.17420959472656
-9668,anchor_scsn_009667,1157454,1,down,89.78131103515625
-9669,anchor_scsn_009668,1157573,1,down,737.3834228515625
-9670,anchor_scsn_009669,1158353,1,down,219.13595581054688
-9671,anchor_scsn_009670,1158510,1,down,226.83740234375
-9672,anchor_scsn_009671,1159879,1,down,127.40545654296875
-9673,anchor_scsn_009672,1159923,1,down,76.17662811279297
-9674,anchor_scsn_009673,1160077,1,down,106.29065704345703
-9675,anchor_scsn_009674,1160276,1,down,83.65550231933594
-9676,anchor_scsn_009675,1160781,1,down,53.00885772705078
-9677,anchor_scsn_009676,1160980,1,down,236.55482482910156
-9678,anchor_scsn_009677,1160985,1,down,244.22608947753906
-9679,anchor_scsn_009678,1161843,1,down,69.01451873779297
-9680,anchor_scsn_009679,1161856,1,down,63.64155197143555
-9681,anchor_scsn_009680,1161946,1,down,52.311038970947266
-9682,anchor_scsn_009681,1161990,1,down,51.21134948730469
-9683,anchor_scsn_009682,1162368,1,down,61.38903045654297
-9684,anchor_scsn_009683,1162593,1,down,95.77276611328125
-9685,anchor_scsn_009684,1163130,1,down,50.452117919921875
-9686,anchor_scsn_009685,1163259,1,down,50.07759475708008
-9687,anchor_scsn_009686,1163295,1,down,431.9307861328125
-9688,anchor_scsn_009687,1163419,1,down,60.305545806884766
-9689,anchor_scsn_009688,1163670,1,down,80.52243041992188
-9690,anchor_scsn_009689,1164241,1,down,175.8293914794922
-9691,anchor_scsn_009690,1164522,1,down,75.13595581054688
-9692,anchor_scsn_009691,1164771,1,down,108.88479614257812
-9693,anchor_scsn_009692,1165538,1,down,72.67525482177734
-9694,anchor_scsn_009693,1165589,1,down,70.00028991699219
-9695,anchor_scsn_009694,1165692,1,down,52.00994873046875
-9696,anchor_scsn_009695,1165998,1,down,87.76900482177734
-9697,anchor_scsn_009696,1166069,1,down,130.71990966796875
-9698,anchor_scsn_009697,1166582,1,down,298.33941650390625
-9699,anchor_scsn_009698,1166688,1,down,288.6989440917969
-9700,anchor_scsn_009699,1166817,1,down,267.65185546875
-9701,anchor_scsn_009700,1166909,1,down,116.46672058105469
-9702,anchor_scsn_009701,1166971,1,down,94.62030029296875
-9703,anchor_scsn_009702,1167240,1,down,116.53425598144531
-9704,anchor_scsn_009703,1167464,1,down,173.09156799316406
-9705,anchor_scsn_009704,1167573,1,down,61.16343307495117
-9706,anchor_scsn_009705,1168568,1,down,55.70806121826172
-9707,anchor_scsn_009706,1168656,1,down,135.14317321777344
-9708,anchor_scsn_009707,1168837,1,down,53.44562530517578
-9709,anchor_scsn_009708,1168896,1,down,308.7951354980469
-9710,anchor_scsn_009709,1168920,1,down,84.25828552246094
-9711,anchor_scsn_009710,1168960,1,down,74.66558837890625
-9712,anchor_scsn_009711,1169101,1,down,86.34678649902344
-9713,anchor_scsn_009712,1169150,1,down,482.3222351074219
-9714,anchor_scsn_009713,1169455,1,down,164.11105346679688
-9715,anchor_scsn_009714,1169744,1,down,138.18580627441406
-9716,anchor_scsn_009715,1170022,1,down,84.13420867919922
-9717,anchor_scsn_009716,1170200,1,down,165.22975158691406
-9718,anchor_scsn_009717,1170744,1,down,56.25433349609375
-9719,anchor_scsn_009718,1170886,1,down,77.25639343261719
-9720,anchor_scsn_009719,1171484,1,down,285.3803405761719
-9721,anchor_scsn_009720,1172044,1,down,50.09019470214844
-9722,anchor_scsn_009721,1172509,1,down,104.70536804199219
-9723,anchor_scsn_009722,1172651,1,down,125.96503448486328
-9724,anchor_scsn_009723,1172730,1,down,92.73658752441406
-9725,anchor_scsn_009724,1172744,1,down,124.61457824707031
-9726,anchor_scsn_009725,1172927,1,down,69.77729034423828
-9727,anchor_scsn_009726,1173021,1,down,92.30130767822266
-9728,anchor_scsn_009727,1173353,1,down,323.73272705078125
-9729,anchor_scsn_009728,1173487,1,down,57.67548751831055
-9730,anchor_scsn_009729,1173781,1,down,55.640254974365234
-9731,anchor_scsn_009730,1173875,1,down,65.90669250488281
-9732,anchor_scsn_009731,1174568,1,down,955.3742065429688
-9733,anchor_scsn_009732,1174841,1,down,86.31555938720703
-9734,anchor_scsn_009733,1175199,1,down,53.255157470703125
-9735,anchor_scsn_009734,1175251,1,down,54.35238265991211
-9736,anchor_scsn_009735,1175537,1,down,455.8720397949219
-9737,anchor_scsn_009736,1175600,1,down,193.731689453125
-9738,anchor_scsn_009737,1175789,1,down,136.75367736816406
-9739,anchor_scsn_009738,1175853,1,down,62.628204345703125
-9740,anchor_scsn_009739,1175938,1,down,96.38912963867188
-9741,anchor_scsn_009740,1175957,1,down,65.85470581054688
-9742,anchor_scsn_009741,1176009,1,down,50.531959533691406
-9743,anchor_scsn_009742,1176319,1,down,55.001888275146484
-9744,anchor_scsn_009743,1176880,1,down,50.50633239746094
-9745,anchor_scsn_009744,1177870,1,down,56.45454406738281
-9746,anchor_scsn_009745,1178579,1,down,210.9178466796875
-9747,anchor_scsn_009746,1178808,1,down,83.9759292602539
-9748,anchor_scsn_009747,1178980,1,down,53.32772445678711
-9749,anchor_scsn_009748,1179018,1,down,108.58645629882812
-9750,anchor_scsn_009749,1181418,1,down,77.39315032958984
-9751,anchor_scsn_009750,1181452,1,down,76.11260223388672
-9752,anchor_scsn_009751,1181463,1,down,78.10442352294922
-9753,anchor_scsn_009752,1181635,1,down,241.72006225585938
-9754,anchor_scsn_009753,1182028,1,down,229.50906372070312
-9755,anchor_scsn_009754,1182079,1,down,147.22386169433594
-9756,anchor_scsn_009755,1182391,1,down,132.2306671142578
-9757,anchor_scsn_009756,1182466,1,down,118.7440414428711
-9758,anchor_scsn_009757,1182669,1,down,160.46644592285156
-9759,anchor_scsn_009758,1182949,1,down,90.92948150634766
-9760,anchor_scsn_009759,1183594,1,down,102.98711395263672
-9761,anchor_scsn_009760,1183710,1,down,92.74217224121094
-9762,anchor_scsn_009761,1183757,1,down,159.66551208496094
-9763,anchor_scsn_009762,1183876,1,down,387.2107849121094
-9764,anchor_scsn_009763,1184018,1,down,63.150447845458984
-9765,anchor_scsn_009764,1184191,1,down,67.45156860351562
-9766,anchor_scsn_009765,1184311,1,down,127.20074462890625
-9767,anchor_scsn_009766,1184598,1,down,205.0662078857422
-9768,anchor_scsn_009767,1185411,1,down,66.79908752441406
-9769,anchor_scsn_009768,1185413,1,down,189.99839782714844
-9770,anchor_scsn_009769,1185502,1,down,994.8746948242188
-9771,anchor_scsn_009770,1185589,1,down,98.62557220458984
-9772,anchor_scsn_009771,1185691,1,down,86.16043853759766
-9773,anchor_scsn_009772,1185923,1,down,65.15583038330078
-9774,anchor_scsn_009773,1185989,1,down,825.15234375
-9775,anchor_scsn_009774,1186794,1,down,75.27912902832031
-9776,anchor_scsn_009775,1186840,1,down,51.43412399291992
-9777,anchor_scsn_009776,1187073,1,down,239.53128051757812
-9778,anchor_scsn_009777,1187318,1,down,88.613037109375
-9779,anchor_scsn_009778,1188065,1,down,89.44389343261719
-9780,anchor_scsn_009779,1188249,1,down,143.9954071044922
-9781,anchor_scsn_009780,1188321,1,down,72.86931610107422
-9782,anchor_scsn_009781,1188552,1,down,64.5663833618164
-9783,anchor_scsn_009782,1188697,1,down,95.20744323730469
-9784,anchor_scsn_009783,1188719,1,down,68.16778564453125
-9785,anchor_scsn_009784,1189015,1,down,128.75003051757812
-9786,anchor_scsn_009785,1189043,1,down,79.01841735839844
-9787,anchor_scsn_009786,1189335,1,down,315.8851623535156
-9788,anchor_scsn_009787,1189348,1,down,101.0103759765625
-9789,anchor_scsn_009788,1189995,1,down,226.32125854492188
-9790,anchor_scsn_009789,1190407,1,down,106.00849151611328
-9791,anchor_scsn_009790,1191508,1,down,124.75386047363281
-9792,anchor_scsn_009791,1191777,1,down,60.93696594238281
-9793,anchor_scsn_009792,1192342,1,down,68.37979888916016
-9794,anchor_scsn_009793,1192631,1,down,57.07512664794922
-9795,anchor_scsn_009794,1192687,1,down,248.55885314941406
-9796,anchor_scsn_009795,1192844,1,down,71.51363372802734
-9797,anchor_scsn_009796,1192996,1,down,294.0441589355469
-9798,anchor_scsn_009797,1193155,1,down,60.31419372558594
-9799,anchor_scsn_009798,1193170,1,down,242.70582580566406
-9800,anchor_scsn_009799,1193259,1,down,67.71559143066406
-9801,anchor_scsn_009800,1193468,1,down,53.66368865966797
-9802,anchor_scsn_009801,1193682,1,down,50.11637496948242
-9803,anchor_scsn_009802,1193815,1,down,132.5077667236328
-9804,anchor_scsn_009803,1193857,1,down,186.46510314941406
-9805,anchor_scsn_009804,1193917,1,down,79.75153350830078
-9806,anchor_scsn_009805,1194151,1,down,163.12423706054688
-9807,anchor_scsn_009806,1194635,1,down,217.418701171875
-9808,anchor_scsn_009807,1194894,1,down,116.55426025390625
-9809,anchor_scsn_009808,1194991,1,down,476.5770568847656
-9810,anchor_scsn_009809,1195153,1,down,77.75987243652344
-9811,anchor_scsn_009810,1195391,1,down,406.6390686035156
-9812,anchor_scsn_009811,1196103,1,down,60.16352462768555
-9813,anchor_scsn_009812,1196308,1,down,52.21909713745117
-9814,anchor_scsn_009813,1196526,1,down,94.16053009033203
-9815,anchor_scsn_009814,1196625,1,down,160.38685607910156
-9816,anchor_scsn_009815,1196849,1,down,564.608154296875
-9817,anchor_scsn_009816,1196932,1,down,91.62647247314453
-9818,anchor_scsn_009817,1197082,1,down,52.49090576171875
-9819,anchor_scsn_009818,1197185,1,down,111.74119567871094
-9820,anchor_scsn_009819,1197838,1,down,74.0440902709961
-9821,anchor_scsn_009820,1197906,1,down,129.74569702148438
-9822,anchor_scsn_009821,1197937,1,down,172.4545135498047
-9823,anchor_scsn_009822,1198427,1,down,101.91151428222656
-9824,anchor_scsn_009823,1198433,1,down,77.24341583251953
-9825,anchor_scsn_009824,1198437,1,down,87.12409210205078
-9826,anchor_scsn_009825,1198805,1,down,75.6455078125
-9827,anchor_scsn_009826,1199028,1,down,53.9440803527832
-9828,anchor_scsn_009827,1199092,1,down,174.90328979492188
-9829,anchor_scsn_009828,1199281,1,down,67.44529724121094
-9830,anchor_scsn_009829,1199688,1,down,118.38156127929688
-9831,anchor_scsn_009830,1199814,1,down,57.68574523925781
-9832,anchor_scsn_009831,1199829,1,down,107.81978607177734
-9833,anchor_scsn_009832,1200113,1,down,53.137447357177734
-9834,anchor_scsn_009833,1200317,1,down,86.2137680053711
-9835,anchor_scsn_009834,1200531,1,down,109.98872375488281
-9836,anchor_scsn_009835,1201003,1,down,71.78783416748047
-9837,anchor_scsn_009836,1201075,1,down,110.01202392578125
-9838,anchor_scsn_009837,1201266,1,down,138.4065399169922
-9839,anchor_scsn_009838,1201353,1,down,826.7042236328125
-9840,anchor_scsn_009839,1201358,1,down,231.03656005859375
-9841,anchor_scsn_009840,1201748,1,down,106.15801239013672
-9842,anchor_scsn_009841,1202106,1,down,53.3879508972168
-9843,anchor_scsn_009842,1202906,1,down,68.01935577392578
-9844,anchor_scsn_009843,1203081,1,down,184.35562133789062
-9845,anchor_scsn_009844,1203087,1,down,54.47517013549805
-9846,anchor_scsn_009845,1203194,1,down,301.21807861328125
-9847,anchor_scsn_009846,1203811,1,down,252.84402465820312
-9848,anchor_scsn_009847,1204074,1,down,85.06348419189453
-9849,anchor_scsn_009848,1204460,1,down,126.82907104492188
-9850,anchor_scsn_009849,1204637,1,down,388.4684753417969
-9851,anchor_scsn_009850,1205159,1,down,84.40540313720703
-9852,anchor_scsn_009851,1205374,1,down,77.41720581054688
-9853,anchor_scsn_009852,1205826,1,down,73.18862915039062
-9854,anchor_scsn_009853,1205899,1,down,337.2000732421875
-9855,anchor_scsn_009854,1205963,1,down,68.03255462646484
-9856,anchor_scsn_009855,1205981,1,down,163.34609985351562
-9857,anchor_scsn_009856,1206055,1,down,73.23062896728516
-9858,anchor_scsn_009857,1206319,1,down,98.2515640258789
-9859,anchor_scsn_009858,1206745,1,down,110.36884307861328
-9860,anchor_scsn_009859,1206815,1,down,244.8008575439453
-9861,anchor_scsn_009860,1206819,1,down,50.879669189453125
-9862,anchor_scsn_009861,1206978,1,down,90.04627990722656
-9863,anchor_scsn_009862,1207128,1,down,73.18753051757812
-9864,anchor_scsn_009863,1207158,1,down,287.650390625
-9865,anchor_scsn_009864,1207438,1,down,57.51891326904297
-9866,anchor_scsn_009865,1207695,1,down,59.805389404296875
-9867,anchor_scsn_009866,1208288,1,down,52.725284576416016
-9868,anchor_scsn_009867,1208568,1,down,84.91972351074219
-9869,anchor_scsn_009868,1208898,1,down,52.816131591796875
-9870,anchor_scsn_009869,1208943,1,down,50.24903106689453
-9871,anchor_scsn_009870,1209416,1,down,54.72867965698242
-9872,anchor_scsn_009871,1209554,1,down,50.35344696044922
-9873,anchor_scsn_009872,1209961,1,down,69.6664047241211
-9874,anchor_scsn_009873,1210091,1,down,55.026573181152344
-9875,anchor_scsn_009874,1210456,1,down,396.1788024902344
-9876,anchor_scsn_009875,1210859,1,down,50.77250289916992
-9877,anchor_scsn_009876,1211085,1,down,79.20653533935547
-9878,anchor_scsn_009877,1211195,1,down,87.27870178222656
-9879,anchor_scsn_009878,1211505,1,down,164.08706665039062
-9880,anchor_scsn_009879,1211810,1,down,55.885196685791016
-9881,anchor_scsn_009880,1212008,1,down,147.7438507080078
-9882,anchor_scsn_009881,1212616,1,down,124.81775665283203
-9883,anchor_scsn_009882,1212903,1,down,54.07613754272461
-9884,anchor_scsn_009883,1213030,1,down,130.0247039794922
-9885,anchor_scsn_009884,1213379,1,down,121.10848236083984
-9886,anchor_scsn_009885,1213690,1,down,180.20083618164062
-9887,anchor_scsn_009886,1214350,1,down,67.98287200927734
-9888,anchor_scsn_009887,1214433,1,down,107.48352813720703
-9889,anchor_scsn_009888,1214645,1,down,104.5462646484375
-9890,anchor_scsn_009889,1215175,1,down,72.635009765625
-9891,anchor_scsn_009890,1215274,1,down,89.3702392578125
-9892,anchor_scsn_009891,1215315,1,down,244.43505859375
-9893,anchor_scsn_009892,1216184,1,down,143.78860473632812
-9894,anchor_scsn_009893,1216380,1,down,267.52532958984375
-9895,anchor_scsn_009894,1216410,1,down,142.12286376953125
-9896,anchor_scsn_009895,1217519,1,down,132.19476318359375
-9897,anchor_scsn_009896,1217876,1,down,56.90810775756836
-9898,anchor_scsn_009897,1218149,1,down,67.81169128417969
-9899,anchor_scsn_009898,1218163,1,down,146.50360107421875
-9900,anchor_scsn_009899,1218420,1,down,60.946537017822266
-9901,anchor_scsn_009900,1219046,1,down,54.11376190185547
-9902,anchor_scsn_009901,1219310,1,down,947.9887084960938
-9903,anchor_scsn_009902,1219321,1,down,331.70977783203125
-9904,anchor_scsn_009903,1219837,1,down,195.65518188476562
-9905,anchor_scsn_009904,1220005,1,down,65.67635345458984
-9906,anchor_scsn_009905,1220310,1,down,75.84708404541016
-9907,anchor_scsn_009906,1220547,1,down,139.12155151367188
-9908,anchor_scsn_009907,1220630,1,down,114.22911071777344
-9909,anchor_scsn_009908,1220654,1,down,145.43756103515625
-9910,anchor_scsn_009909,1220786,1,down,64.72172546386719
-9911,anchor_scsn_009910,1220902,1,down,59.13843536376953
-9912,anchor_scsn_009911,1221273,1,down,99.78558349609375
-9913,anchor_scsn_009912,1222011,1,down,86.96981048583984
-9914,anchor_scsn_009913,1222677,1,down,53.70642852783203
-9915,anchor_scsn_009914,1222786,1,down,117.95068359375
-9916,anchor_scsn_009915,1223223,1,down,53.2940788269043
-9917,anchor_scsn_009916,1223444,1,down,68.63363647460938
-9918,anchor_scsn_009917,1223452,1,down,77.0363540649414
-9919,anchor_scsn_009918,1223471,1,down,65.96354675292969
-9920,anchor_scsn_009919,1223484,1,down,77.80726623535156
-9921,anchor_scsn_009920,1223706,1,down,56.29435729980469
-9922,anchor_scsn_009921,1223842,1,down,52.52102279663086
-9923,anchor_scsn_009922,1224581,1,down,55.74482727050781
-9924,anchor_scsn_009923,1224896,1,down,55.300716400146484
-9925,anchor_scsn_009924,1225062,1,down,103.102294921875
-9926,anchor_scsn_009925,1225294,1,down,72.0894546508789
-9927,anchor_scsn_009926,1225360,1,down,415.6388244628906
-9928,anchor_scsn_009927,1225760,1,down,86.1739730834961
-9929,anchor_scsn_009928,1225915,1,down,76.12354278564453
-9930,anchor_scsn_009929,1225962,1,down,561.479736328125
-9931,anchor_scsn_009930,1226075,1,down,143.42538452148438
-9932,anchor_scsn_009931,1226450,1,down,131.3839111328125
-9933,anchor_scsn_009932,1226511,1,down,77.49748229980469
-9934,anchor_scsn_009933,1226993,1,down,203.68807983398438
-9935,anchor_scsn_009934,1227029,1,down,66.87733459472656
-9936,anchor_scsn_009935,1227193,1,down,123.86537170410156
-9937,anchor_scsn_009936,1227688,1,down,93.98441314697266
-9938,anchor_scsn_009937,1227977,1,down,101.10086059570312
-9939,anchor_scsn_009938,1227987,1,down,66.60041046142578
-9940,anchor_scsn_009939,1228019,1,down,96.63724517822266
-9941,anchor_scsn_009940,1228137,1,down,90.56640625
-9942,anchor_scsn_009941,1228159,1,down,55.121490478515625
-9943,anchor_scsn_009942,1228293,1,down,62.33804702758789
-9944,anchor_scsn_009943,1228506,1,down,83.97285461425781
-9945,anchor_scsn_009944,1228561,1,down,95.47721099853516
-9946,anchor_scsn_009945,1228670,1,down,56.245601654052734
-9947,anchor_scsn_009946,1229637,1,down,72.69816589355469
-9948,anchor_scsn_009947,1229903,1,down,144.07089233398438
-9949,anchor_scsn_009948,1230179,1,down,82.74906921386719
-9950,anchor_scsn_009949,1230186,1,down,61.816070556640625
-9951,anchor_scsn_009950,1230425,1,down,58.58842468261719
-9952,anchor_scsn_009951,1230478,1,down,68.73892211914062
-9953,anchor_scsn_009952,1231042,1,down,306.32940673828125
-9954,anchor_scsn_009953,1231348,1,down,180.63963317871094
-9955,anchor_scsn_009954,1231959,1,down,227.20449829101562
-9956,anchor_scsn_009955,1232009,1,down,118.75666046142578
-9957,anchor_scsn_009956,1232204,1,down,290.697998046875
-9958,anchor_scsn_009957,1233038,1,down,388.0312194824219
-9959,anchor_scsn_009958,1233162,1,down,220.2935791015625
-9960,anchor_scsn_009959,1233265,1,down,538.750244140625
-9961,anchor_scsn_009960,1233537,1,down,55.44690704345703
-9962,anchor_scsn_009961,1233621,1,down,506.82403564453125
-9963,anchor_scsn_009962,1234004,1,down,107.5383529663086
-9964,anchor_scsn_009963,1234185,1,down,88.02497100830078
-9965,anchor_scsn_009964,1234402,1,down,67.73538208007812
-9966,anchor_scsn_009965,1234551,1,down,85.24717712402344
-9967,anchor_scsn_009966,1235155,1,down,651.1557006835938
-9968,anchor_scsn_009967,1235309,1,down,51.7061653137207
-9969,anchor_scsn_009968,1235503,1,down,110.38556671142578
-9970,anchor_scsn_009969,1235814,1,down,63.81867599487305
-9971,anchor_scsn_009970,1235913,1,down,59.64605712890625
-9972,anchor_scsn_009971,1236188,1,down,127.51628112792969
-9973,anchor_scsn_009972,1236599,1,down,108.2397232055664
-9974,anchor_scsn_009973,1237150,1,down,68.73149871826172
-9975,anchor_scsn_009974,1237234,1,down,88.697998046875
-9976,anchor_scsn_009975,1237389,1,down,338.2610168457031
-9977,anchor_scsn_009976,1237507,1,down,267.4158020019531
-9978,anchor_scsn_009977,1237603,1,down,140.30999755859375
-9979,anchor_scsn_009978,1237638,1,down,551.3233032226562
-9980,anchor_scsn_009979,1237808,1,down,137.92184448242188
-9981,anchor_scsn_009980,1237982,1,down,57.68373107910156
-9982,anchor_scsn_009981,1239061,1,down,61.9112548828125
-9983,anchor_scsn_009982,1239443,1,down,63.56220626831055
-9984,anchor_scsn_009983,1239700,1,down,81.85614013671875
-9985,anchor_scsn_009984,1239766,1,down,51.35847473144531
-9986,anchor_scsn_009985,1240374,1,down,108.16912078857422
-9987,anchor_scsn_009986,1240560,1,down,96.78215026855469
-9988,anchor_scsn_009987,1241267,1,down,401.062744140625
-9989,anchor_scsn_009988,1241559,1,down,705.0016479492188
-9990,anchor_scsn_009989,1241620,1,down,54.068538665771484
-9991,anchor_scsn_009990,1242429,1,down,221.87144470214844
-9992,anchor_scsn_009991,1242657,1,down,83.92906951904297
-9993,anchor_scsn_009992,1242923,1,down,175.2698211669922
-9994,anchor_scsn_009993,1243155,1,down,202.0388946533203
-9995,anchor_scsn_009994,1243203,1,down,511.9873046875
-9996,anchor_scsn_009995,1244206,1,down,208.47711181640625
-9997,anchor_scsn_009996,1244547,1,down,56.865909576416016
-9998,anchor_scsn_009997,1245614,1,down,54.46548080444336
-9999,anchor_scsn_009998,1246513,1,down,161.1270294189453
-10000,anchor_scsn_009999,1246528,1,down,65.17620086669922
