anchor_record_id,anchor_key,source_index,label,label_name,snr
-1,anchor_scsn_000000,1444,0,up,362.0693359375
-2,anchor_scsn_000001,1566,0,up,115.95254516601562
-3,anchor_scsn_000002,2582,0,up,189.26654052734375
-4,anchor_scsn_000003,3004,0,up,158.16053771972656
-5,anchor_scsn_000004,3026,0,up,113.2101821899414
-6,anchor_scsn_000005,3528,0,up,89.63070678710938
-7,anchor_scsn_000006,3639,0,up,492.1477966308594
-8,anchor_scsn_000007,3856,0,up,140.69032287597656
-9,anchor_scsn_000008,5407,0,up,171.24111938476562
-10,anchor_scsn_000009,6994,0,up,442.3197021484375
-11,anchor_scsn_000010,7363,0,up,144.92173767089844
-12,anchor_scsn_000011,7406,0,up,208.77777099609375
-13,anchor_scsn_000012,7421,0,up,105.38282012939453
-14,anchor_scsn_000013,7841,0,up,141.90602111816406
-15,anchor_scsn_000014,9804,0,up,67.2657470703125
-16,anchor_scsn_000015,10322,0,up,71.58169555664062
-17,anchor_scsn_000016,10716,0,up,83.62692260742188
-18,anchor_scsn_000017,11024,0,up,114.28073120117188
-19,anchor_scsn_000018,11189,0,up,55.60196304321289
-20,anchor_scsn_000019,11336,0,up,987.8045654296875
-21,anchor_scsn_000020,11490,0,up,289.33184814453125
-22,anchor_scsn_000021,11581,0,up,272.3973083496094
-23,anchor_scsn_000022,12065,0,up,51.29125213623047
-24,anchor_scsn_000023,12811,0,up,315.39532470703125
-25,anchor_scsn_000024,12973,0,up,61.92536926269531
-26,anchor_scsn_000025,13104,0,up,71.87299346923828
-27,anchor_scsn_000026,13212,0,up,249.8069305419922
-28,anchor_scsn_000027,13243,0,up,86.86683654785156
-29,anchor_scsn_000028,13757,0,up,217.80447387695312
-30,anchor_scsn_000029,15018,0,up,387.822509765625
-31,anchor_scsn_000030,15530,0,up,79.1255111694336
-32,anchor_scsn_000031,15836,0,up,235.89263916015625
-33,anchor_scsn_000032,17149,0,up,124.44654846191406
-34,anchor_scsn_000033,17657,0,up,120.4527816772461
-35,anchor_scsn_000034,17803,0,up,60.05763244628906
-36,anchor_scsn_000035,17892,0,up,74.37242889404297
-37,anchor_scsn_000036,17899,0,up,66.93605041503906
-38,anchor_scsn_000037,18799,0,up,88.4169921875
-39,anchor_scsn_000038,18942,0,up,52.27940368652344
-40,anchor_scsn_000039,19133,0,up,121.13640594482422
-41,anchor_scsn_000040,19900,0,up,75.51998138427734
-42,anchor_scsn_000041,20046,0,up,53.41873550415039
-43,anchor_scsn_000042,20723,0,up,57.77018356323242
-44,anchor_scsn_000043,21096,0,up,83.51750946044922
-45,anchor_scsn_000044,21100,0,up,54.43706130981445
-46,anchor_scsn_000045,21272,0,up,283.20819091796875
-47,anchor_scsn_000046,23097,0,up,76.91988372802734
-48,anchor_scsn_000047,23293,0,up,53.080528259277344
-49,anchor_scsn_000048,24909,0,up,93.35865020751953
-50,anchor_scsn_000049,25240,0,up,138.99671936035156
-51,anchor_scsn_000050,25503,0,up,71.7352294921875
-52,anchor_scsn_000051,26435,0,up,762.271728515625
-53,anchor_scsn_000052,26687,0,up,95.36309051513672
-54,anchor_scsn_000053,26726,0,up,232.09890747070312
-55,anchor_scsn_000054,29165,0,up,58.06815719604492
-56,anchor_scsn_000055,29575,0,up,53.286434173583984
-57,anchor_scsn_000056,30170,0,up,157.2907257080078
-58,anchor_scsn_000057,30737,0,up,92.62760162353516
-59,anchor_scsn_000058,30926,0,up,56.578487396240234
-60,anchor_scsn_000059,34170,0,up,115.61772155761719
-61,anchor_scsn_000060,34920,0,up,144.5225372314453
-62,anchor_scsn_000061,35397,0,up,65.1579818725586
-63,anchor_scsn_000062,35689,0,up,74.26085662841797
-64,anchor_scsn_000063,36011,0,up,61.7477912902832
-65,anchor_scsn_000064,36805,0,up,62.88420867919922
-66,anchor_scsn_000065,36977,0,up,51.86589050292969
-67,anchor_scsn_000066,37093,0,up,411.5816955566406
-68,anchor_scsn_000067,39092,0,up,571.4060668945312
-69,anchor_scsn_000068,39776,0,up,51.84373474121094
-70,anchor_scsn_000069,39853,0,up,60.996883392333984
-71,anchor_scsn_000070,41321,0,up,131.34902954101562
-72,anchor_scsn_000071,41641,0,up,623.5675048828125
-73,anchor_scsn_000072,42872,0,up,497.9202575683594
-74,anchor_scsn_000073,43142,0,up,77.76036834716797
-75,anchor_scsn_000074,44114,0,up,75.81147003173828
-76,anchor_scsn_000075,44473,0,up,360.6436462402344
-77,anchor_scsn_000076,45196,0,up,569.7274780273438
-78,anchor_scsn_000077,45332,0,up,270.29376220703125
-79,anchor_scsn_000078,45381,0,up,101.79027557373047
-80,anchor_scsn_000079,45392,0,up,168.93081665039062
-81,anchor_scsn_000080,45555,0,up,383.37628173828125
-82,anchor_scsn_000081,46127,0,up,123.14452362060547
-83,anchor_scsn_000082,47637,0,up,93.62826538085938
-84,anchor_scsn_000083,49212,0,up,69.25225830078125
-85,anchor_scsn_000084,49477,0,up,52.27565002441406
-86,anchor_scsn_000085,50325,0,up,57.61662673950195
-87,anchor_scsn_000086,51691,0,up,92.2127456665039
-88,anchor_scsn_000087,52193,0,up,74.6803970336914
-89,anchor_scsn_000088,52268,0,up,66.16043853759766
-90,anchor_scsn_000089,53594,0,up,130.99517822265625
-91,anchor_scsn_000090,53664,0,up,66.85034942626953
-92,anchor_scsn_000091,53844,0,up,98.24573516845703
-93,anchor_scsn_000092,55183,0,up,50.76446533203125
-94,anchor_scsn_000093,55222,0,up,56.97954559326172
-95,anchor_scsn_000094,55251,0,up,138.45680236816406
-96,anchor_scsn_000095,55646,0,up,124.02185821533203
-97,anchor_scsn_000096,56383,0,up,88.73660278320312
-98,anchor_scsn_000097,57504,0,up,790.2960815429688
-99,anchor_scsn_000098,57730,0,up,50.25861358642578
-100,anchor_scsn_000099,57906,0,up,79.41873931884766
-101,anchor_scsn_000100,58027,0,up,61.77082443237305
-102,anchor_scsn_000101,58035,0,up,131.27737426757812
-103,anchor_scsn_000102,58039,0,up,53.294944763183594
-104,anchor_scsn_000103,58435,0,up,198.29066467285156
-105,anchor_scsn_000104,58700,0,up,110.6210708618164
-106,anchor_scsn_000105,59203,0,up,72.5502700805664
-107,anchor_scsn_000106,59232,0,up,53.932044982910156
-108,anchor_scsn_000107,59553,0,up,75.25458526611328
-109,anchor_scsn_000108,60445,0,up,92.78742980957031
-110,anchor_scsn_000109,60568,0,up,68.18218231201172
-111,anchor_scsn_000110,61336,0,up,112.49650573730469
-112,anchor_scsn_000111,61760,0,up,199.90615844726562
-113,anchor_scsn_000112,62358,0,up,117.61096954345703
-114,anchor_scsn_000113,62569,0,up,607.9296264648438
-115,anchor_scsn_000114,62604,0,up,60.53330993652344
-116,anchor_scsn_000115,62698,0,up,208.27684020996094
-117,anchor_scsn_000116,63342,0,up,57.82320785522461
-118,anchor_scsn_000117,64953,0,up,54.159210205078125
-119,anchor_scsn_000118,65771,0,up,51.08466339111328
-120,anchor_scsn_000119,65909,0,up,64.79257202148438
-121,anchor_scsn_000120,65976,0,up,115.99166870117188
-122,anchor_scsn_000121,66126,0,up,80.36920928955078
-123,anchor_scsn_000122,66986,0,up,216.54722595214844
-124,anchor_scsn_000123,67118,0,up,59.83872604370117
-125,anchor_scsn_000124,68425,0,up,120.27777099609375
-126,anchor_scsn_000125,72553,0,up,68.33668518066406
-127,anchor_scsn_000126,72803,0,up,73.13162994384766
-128,anchor_scsn_000127,73082,0,up,89.25196075439453
-129,anchor_scsn_000128,73328,0,up,214.08665466308594
-130,anchor_scsn_000129,73811,0,up,53.00137710571289
-131,anchor_scsn_000130,73888,0,up,121.66991424560547
-132,anchor_scsn_000131,74356,0,up,59.47859573364258
-133,anchor_scsn_000132,74672,0,up,291.93231201171875
-134,anchor_scsn_000133,74956,0,up,81.4197769165039
-135,anchor_scsn_000134,76042,0,up,56.138545989990234
-136,anchor_scsn_000135,76051,0,up,139.43788146972656
-137,anchor_scsn_000136,76962,0,up,58.902427673339844
-138,anchor_scsn_000137,77737,0,up,66.56456756591797
-139,anchor_scsn_000138,77898,0,up,310.95758056640625
-140,anchor_scsn_000139,78125,0,up,50.11074447631836
-141,anchor_scsn_000140,78449,0,up,53.761329650878906
-142,anchor_scsn_000141,79242,0,up,79.84007263183594
-143,anchor_scsn_000142,79255,0,up,851.878662109375
-144,anchor_scsn_000143,79587,0,up,72.30793762207031
-145,anchor_scsn_000144,80324,0,up,75.529541015625
-146,anchor_scsn_000145,80727,0,up,55.421024322509766
-147,anchor_scsn_000146,81487,0,up,53.22822189331055
-148,anchor_scsn_000147,81517,0,up,79.76546478271484
-149,anchor_scsn_000148,83522,0,up,53.15140151977539
-150,anchor_scsn_000149,86599,0,up,110.52764129638672
-151,anchor_scsn_000150,86698,0,up,58.76961898803711
-152,anchor_scsn_000151,86752,0,up,94.09723663330078
-153,anchor_scsn_000152,87310,0,up,374.7411193847656
-154,anchor_scsn_000153,87348,0,up,548.3359985351562
-155,anchor_scsn_000154,88126,0,up,134.3148956298828
-156,anchor_scsn_000155,88144,0,up,81.9327392578125
-157,anchor_scsn_000156,89038,0,up,223.937255859375
-158,anchor_scsn_000157,89203,0,up,143.84910583496094
-159,anchor_scsn_000158,89346,0,up,174.82431030273438
-160,anchor_scsn_000159,89389,0,up,52.47601318359375
-161,anchor_scsn_000160,90189,0,up,377.8458251953125
-162,anchor_scsn_000161,90431,0,up,68.15755462646484
-163,anchor_scsn_000162,91109,0,up,55.267738342285156
-164,anchor_scsn_000163,91433,0,up,78.56834411621094
-165,anchor_scsn_000164,91558,0,up,60.5030403137207
-166,anchor_scsn_000165,91610,0,up,78.5775146484375
-167,anchor_scsn_000166,92023,0,up,96.78144073486328
-168,anchor_scsn_000167,93047,0,up,75.1778335571289
-169,anchor_scsn_000168,93102,0,up,57.898712158203125
-170,anchor_scsn_000169,94376,0,up,78.29879760742188
-171,anchor_scsn_000170,94510,0,up,90.8609390258789
-172,anchor_scsn_000171,94545,0,up,64.96104431152344
-173,anchor_scsn_000172,95198,0,up,121.63729858398438
-174,anchor_scsn_000173,95288,0,up,125.7418212890625
-175,anchor_scsn_000174,95444,0,up,512.0026245117188
-176,anchor_scsn_000175,96344,0,up,95.8709487915039
-177,anchor_scsn_000176,96724,0,up,236.1850128173828
-178,anchor_scsn_000177,97615,0,up,369.170166015625
-179,anchor_scsn_000178,99449,0,up,73.00745391845703
-180,anchor_scsn_000179,99649,0,up,73.34400177001953
-181,anchor_scsn_000180,100347,0,up,105.47100830078125
-182,anchor_scsn_000181,100528,0,up,101.93730926513672
-183,anchor_scsn_000182,100850,0,up,111.1097640991211
-184,anchor_scsn_000183,101235,0,up,62.167354583740234
-185,anchor_scsn_000184,102810,0,up,292.5331115722656
-186,anchor_scsn_000185,102853,0,up,68.7923812866211
-187,anchor_scsn_000186,103005,0,up,304.3372497558594
-188,anchor_scsn_000187,103770,0,up,234.0968017578125
-189,anchor_scsn_000188,104045,0,up,152.60630798339844
-190,anchor_scsn_000189,104072,0,up,68.34660339355469
-191,anchor_scsn_000190,104676,0,up,76.89225769042969
-192,anchor_scsn_000191,104985,0,up,114.8455810546875
-193,anchor_scsn_000192,105476,0,up,80.8081283569336
-194,anchor_scsn_000193,105487,0,up,103.42414855957031
-195,anchor_scsn_000194,106531,0,up,71.23665618896484
-196,anchor_scsn_000195,107463,0,up,72.95077514648438
-197,anchor_scsn_000196,107740,0,up,103.77577209472656
-198,anchor_scsn_000197,108581,0,up,597.8923950195312
-199,anchor_scsn_000198,109030,0,up,146.49819946289062
-200,anchor_scsn_000199,109140,0,up,286.9007263183594
-201,anchor_scsn_000200,109273,0,up,83.03187561035156
-202,anchor_scsn_000201,109514,0,up,102.09480285644531
-203,anchor_scsn_000202,109655,0,up,54.91425323486328
-204,anchor_scsn_000203,109780,0,up,71.86544799804688
-205,anchor_scsn_000204,111054,0,up,166.5356903076172
-206,anchor_scsn_000205,111181,0,up,97.37915802001953
-207,anchor_scsn_000206,111518,0,up,198.3564453125
-208,anchor_scsn_000207,112081,0,up,89.65656280517578
-209,anchor_scsn_000208,112184,0,up,109.85888671875
-210,anchor_scsn_000209,112421,0,up,76.25105285644531
-211,anchor_scsn_000210,112683,0,up,130.34486389160156
-212,anchor_scsn_000211,112687,0,up,55.09565734863281
-213,anchor_scsn_000212,113052,0,up,97.25779724121094
-214,anchor_scsn_000213,113451,0,up,146.6167449951172
-215,anchor_scsn_000214,114035,0,up,55.875850677490234
-216,anchor_scsn_000215,114816,0,up,50.95140838623047
-217,anchor_scsn_000216,115908,0,up,105.35367584228516
-218,anchor_scsn_000217,116687,0,up,90.08015441894531
-219,anchor_scsn_000218,117482,0,up,534.4186401367188
-220,anchor_scsn_000219,117966,0,up,367.12176513671875
-221,anchor_scsn_000220,118490,0,up,80.31053161621094
-222,anchor_scsn_000221,118722,0,up,112.01882934570312
-223,anchor_scsn_000222,120997,0,up,300.3046569824219
-224,anchor_scsn_000223,121032,0,up,71.34288787841797
-225,anchor_scsn_000224,121072,0,up,98.93529510498047
-226,anchor_scsn_000225,121679,0,up,145.0292510986328
-227,anchor_scsn_000226,121960,0,up,189.43313598632812
-228,anchor_scsn_000227,122526,0,up,86.18574523925781
-229,anchor_scsn_000228,122589,0,up,107.12970733642578
-230,anchor_scsn_000229,123237,0,up,190.46783447265625
-231,anchor_scsn_000230,123760,0,up,129.4430694580078
-232,anchor_scsn_000231,123938,0,up,126.82211303710938
-233,anchor_scsn_000232,124267,0,up,68.54414367675781
-234,anchor_scsn_000233,124607,0,up,102.90655517578125
-235,anchor_scsn_000234,125017,0,up,54.015140533447266
-236,anchor_scsn_000235,125353,0,up,68.77035522460938
-237,anchor_scsn_000236,125562,0,up,147.45901489257812
-238,anchor_scsn_000237,125647,0,up,119.78438568115234
-239,anchor_scsn_000238,125778,0,up,54.56593704223633
-240,anchor_scsn_000239,125942,0,up,136.04776000976562
-241,anchor_scsn_000240,125974,0,up,85.31658172607422
-242,anchor_scsn_000241,126280,0,up,107.76834869384766
-243,anchor_scsn_000242,127255,0,up,104.97816467285156
-244,anchor_scsn_000243,127412,0,up,73.58041381835938
-245,anchor_scsn_000244,127818,0,up,63.426292419433594
-246,anchor_scsn_000245,129295,0,up,103.25358581542969
-247,anchor_scsn_000246,129593,0,up,71.46759033203125
-248,anchor_scsn_000247,130014,0,up,140.48928833007812
-249,anchor_scsn_000248,130640,0,up,173.6824493408203
-250,anchor_scsn_000249,130779,0,up,96.9978256225586
-251,anchor_scsn_000250,132861,0,up,60.883384704589844
-252,anchor_scsn_000251,133976,0,up,50.67875289916992
-253,anchor_scsn_000252,134025,0,up,108.28422546386719
-254,anchor_scsn_000253,134073,0,up,144.25367736816406
-255,anchor_scsn_000254,134416,0,up,69.6322021484375
-256,anchor_scsn_000255,135147,0,up,134.3180694580078
-257,anchor_scsn_000256,135481,0,up,71.20987701416016
-258,anchor_scsn_000257,136168,0,up,108.27225494384766
-259,anchor_scsn_000258,136189,0,up,83.98887634277344
-260,anchor_scsn_000259,136305,0,up,58.926700592041016
-261,anchor_scsn_000260,137117,0,up,53.980987548828125
-262,anchor_scsn_000261,137252,0,up,94.3582992553711
-263,anchor_scsn_000262,138611,0,up,249.9866180419922
-264,anchor_scsn_000263,138643,0,up,105.9981689453125
-265,anchor_scsn_000264,138709,0,up,178.97154235839844
-266,anchor_scsn_000265,139312,0,up,82.25465393066406
-267,anchor_scsn_000266,139929,0,up,275.60198974609375
-268,anchor_scsn_000267,141122,0,up,206.8953399658203
-269,anchor_scsn_000268,141249,0,up,86.16775512695312
-270,anchor_scsn_000269,141620,0,up,52.151798248291016
-271,anchor_scsn_000270,141636,0,up,52.3560905456543
-272,anchor_scsn_000271,141901,0,up,89.7799301147461
-273,anchor_scsn_000272,142307,0,up,152.0850067138672
-274,anchor_scsn_000273,142419,0,up,60.13032913208008
-275,anchor_scsn_000274,142599,0,up,88.85751342773438
-276,anchor_scsn_000275,142630,0,up,58.556724548339844
-277,anchor_scsn_000276,143301,0,up,270.8603515625
-278,anchor_scsn_000277,144775,0,up,57.1231575012207
-279,anchor_scsn_000278,144885,0,up,317.75537109375
-280,anchor_scsn_000279,145704,0,up,174.8894500732422
-281,anchor_scsn_000280,146861,0,up,53.652217864990234
-282,anchor_scsn_000281,146927,0,up,80.19971466064453
-283,anchor_scsn_000282,147162,0,up,78.40972900390625
-284,anchor_scsn_000283,147274,0,up,203.68260192871094
-285,anchor_scsn_000284,147279,0,up,187.45590209960938
-286,anchor_scsn_000285,148429,0,up,53.17947006225586
-287,anchor_scsn_000286,148558,0,up,83.7603759765625
-288,anchor_scsn_000287,149689,0,up,101.096923828125
-289,anchor_scsn_000288,149820,0,up,80.23423767089844
-290,anchor_scsn_000289,149982,0,up,67.82069396972656
-291,anchor_scsn_000290,150511,0,up,106.88964080810547
-292,anchor_scsn_000291,150904,0,up,76.42404174804688
-293,anchor_scsn_000292,151261,0,up,59.82402420043945
-294,anchor_scsn_000293,152770,0,up,351.1726989746094
-295,anchor_scsn_000294,153330,0,up,115.62385559082031
-296,anchor_scsn_000295,153749,0,up,123.52582550048828
-297,anchor_scsn_000296,153776,0,up,91.59590911865234
-298,anchor_scsn_000297,155449,0,up,96.47932434082031
-299,anchor_scsn_000298,155895,0,up,60.30875778198242
-300,anchor_scsn_000299,158554,0,up,63.331851959228516
-301,anchor_scsn_000300,158836,0,up,58.590545654296875
-302,anchor_scsn_000301,160784,0,up,95.45958709716797
-303,anchor_scsn_000302,160794,0,up,255.1591796875
-304,anchor_scsn_000303,161048,0,up,270.1190490722656
-305,anchor_scsn_000304,162360,0,up,465.3570861816406
-306,anchor_scsn_000305,162724,0,up,102.87946319580078
-307,anchor_scsn_000306,162852,0,up,60.703861236572266
-308,anchor_scsn_000307,163137,0,up,960.009765625
-309,anchor_scsn_000308,163154,0,up,80.93792724609375
-310,anchor_scsn_000309,163397,0,up,141.7357635498047
-311,anchor_scsn_000310,163404,0,up,598.3247680664062
-312,anchor_scsn_000311,163647,0,up,98.48514556884766
-313,anchor_scsn_000312,164263,0,up,299.537353515625
-314,anchor_scsn_000313,164459,0,up,156.99398803710938
-315,anchor_scsn_000314,165357,0,up,50.092185974121094
-316,anchor_scsn_000315,165617,0,up,81.0758285522461
-317,anchor_scsn_000316,166059,0,up,85.67878723144531
-318,anchor_scsn_000317,166340,0,up,89.28993225097656
-319,anchor_scsn_000318,166980,0,up,307.5030517578125
-320,anchor_scsn_000319,167088,0,up,288.88043212890625
-321,anchor_scsn_000320,167252,0,up,172.5206756591797
-322,anchor_scsn_000321,167538,0,up,246.98573303222656
-323,anchor_scsn_000322,167631,0,up,105.6639404296875
-324,anchor_scsn_000323,167666,0,up,72.33934020996094
-325,anchor_scsn_000324,168197,0,up,264.7720031738281
-326,anchor_scsn_000325,168494,0,up,80.30744934082031
-327,anchor_scsn_000326,169626,0,up,114.4963607788086
-328,anchor_scsn_000327,169781,0,up,129.88494873046875
-329,anchor_scsn_000328,169925,0,up,80.58959197998047
-330,anchor_scsn_000329,170441,0,up,92.80268096923828
-331,anchor_scsn_000330,171046,0,up,76.22737884521484
-332,anchor_scsn_000331,171709,0,up,93.07926940917969
-333,anchor_scsn_000332,172101,0,up,156.23239135742188
-334,anchor_scsn_000333,173480,0,up,90.84661865234375
-335,anchor_scsn_000334,173739,0,up,192.88827514648438
-336,anchor_scsn_000335,173766,0,up,72.91158294677734
-337,anchor_scsn_000336,174236,0,up,63.89801025390625
-338,anchor_scsn_000337,175079,0,up,56.09843444824219
-339,anchor_scsn_000338,175230,0,up,177.5243682861328
-340,anchor_scsn_000339,175428,0,up,700.8680419921875
-341,anchor_scsn_000340,175498,0,up,77.68354797363281
-342,anchor_scsn_000341,176262,0,up,235.1782684326172
-343,anchor_scsn_000342,177379,0,up,76.662109375
-344,anchor_scsn_000343,177705,0,up,98.84528350830078
-345,anchor_scsn_000344,178101,0,up,57.56494140625
-346,anchor_scsn_000345,178314,0,up,73.87555694580078
-347,anchor_scsn_000346,179820,0,up,61.768489837646484
-348,anchor_scsn_000347,180351,0,up,154.44517517089844
-349,anchor_scsn_000348,180773,0,up,378.92474365234375
-350,anchor_scsn_000349,180826,0,up,228.699951171875
-351,anchor_scsn_000350,181492,0,up,83.19942474365234
-352,anchor_scsn_000351,182363,0,up,79.73080444335938
-353,anchor_scsn_000352,182704,0,up,62.366661071777344
-354,anchor_scsn_000353,184136,0,up,148.9240264892578
-355,anchor_scsn_000354,184541,0,up,113.37620544433594
-356,anchor_scsn_000355,184959,0,up,328.0885314941406
-357,anchor_scsn_000356,188869,0,up,421.4585266113281
-358,anchor_scsn_000357,189440,0,up,86.81097412109375
-359,anchor_scsn_000358,190317,0,up,72.85145568847656
-360,anchor_scsn_000359,190843,0,up,52.67501449584961
-361,anchor_scsn_000360,190855,0,up,126.6314926147461
-362,anchor_scsn_000361,191134,0,up,462.9781188964844
-363,anchor_scsn_000362,191586,0,up,58.36635208129883
-364,anchor_scsn_000363,192075,0,up,70.81342315673828
-365,anchor_scsn_000364,192357,0,up,89.99974060058594
-366,anchor_scsn_000365,194070,0,up,258.78033447265625
-367,anchor_scsn_000366,194212,0,up,57.177188873291016
-368,anchor_scsn_000367,194378,0,up,197.650146484375
-369,anchor_scsn_000368,196387,0,up,162.54177856445312
-370,anchor_scsn_000369,196708,0,up,83.49162292480469
-371,anchor_scsn_000370,197588,0,up,72.94483947753906
-372,anchor_scsn_000371,198625,0,up,371.73406982421875
-373,anchor_scsn_000372,199045,0,up,558.1835327148438
-374,anchor_scsn_000373,199185,0,up,77.66048431396484
-375,anchor_scsn_000374,199186,0,up,68.90111541748047
-376,anchor_scsn_000375,199678,0,up,516.5016479492188
-377,anchor_scsn_000376,201677,0,up,54.499263763427734
-378,anchor_scsn_000377,201782,0,up,129.72361755371094
-379,anchor_scsn_000378,202935,0,up,50.38862228393555
-380,anchor_scsn_000379,203025,0,up,51.08953094482422
-381,anchor_scsn_000380,203085,0,up,79.67431640625
-382,anchor_scsn_000381,205133,0,up,112.40048217773438
-383,anchor_scsn_000382,205246,0,up,107.37145233154297
-384,anchor_scsn_000383,207377,0,up,71.13644409179688
-385,anchor_scsn_000384,207434,0,up,220.04562377929688
-386,anchor_scsn_000385,207678,0,up,76.82758331298828
-387,anchor_scsn_000386,209309,0,up,57.960060119628906
-388,anchor_scsn_000387,210462,0,up,95.2161865234375
-389,anchor_scsn_000388,210594,0,up,54.45565414428711
-390,anchor_scsn_000389,210724,0,up,388.3163146972656
-391,anchor_scsn_000390,210916,0,up,104.64019012451172
-392,anchor_scsn_000391,211332,0,up,237.90733337402344
-393,anchor_scsn_000392,211370,0,up,131.67945861816406
-394,anchor_scsn_000393,211784,0,up,212.11935424804688
-395,anchor_scsn_000394,211863,0,up,94.09977722167969
-396,anchor_scsn_000395,212009,0,up,85.79545593261719
-397,anchor_scsn_000396,212250,0,up,67.22482299804688
-398,anchor_scsn_000397,213226,0,up,64.60530090332031
-399,anchor_scsn_000398,213283,0,up,80.26311492919922
-400,anchor_scsn_000399,213992,0,up,56.4266357421875
-401,anchor_scsn_000400,214072,0,up,100.87211608886719
-402,anchor_scsn_000401,214138,0,up,55.893497467041016
-403,anchor_scsn_000402,214722,0,up,246.82208251953125
-404,anchor_scsn_000403,215252,0,up,54.999019622802734
-405,anchor_scsn_000404,216519,0,up,74.8980941772461
-406,anchor_scsn_000405,216865,0,up,75.79341125488281
-407,anchor_scsn_000406,217041,0,up,74.42745208740234
-408,anchor_scsn_000407,218458,0,up,114.31983184814453
-409,anchor_scsn_000408,218931,0,up,96.14323425292969
-410,anchor_scsn_000409,219318,0,up,657.4653930664062
-411,anchor_scsn_000410,219324,0,up,126.94100189208984
-412,anchor_scsn_000411,219524,0,up,122.4635009765625
-413,anchor_scsn_000412,219602,0,up,197.41790771484375
-414,anchor_scsn_000413,219868,0,up,59.22129440307617
-415,anchor_scsn_000414,220454,0,up,312.0339660644531
-416,anchor_scsn_000415,221311,0,up,337.4328308105469
-417,anchor_scsn_000416,221485,0,up,178.9158935546875
-418,anchor_scsn_000417,222081,0,up,97.34476470947266
-419,anchor_scsn_000418,222164,0,up,257.4539489746094
-420,anchor_scsn_000419,222396,0,up,262.6739501953125
-421,anchor_scsn_000420,223216,0,up,190.0591583251953
-422,anchor_scsn_000421,223410,0,up,574.2536010742188
-423,anchor_scsn_000422,223466,0,up,52.149505615234375
-424,anchor_scsn_000423,224273,0,up,155.79791259765625
-425,anchor_scsn_000424,224744,0,up,389.24322509765625
-426,anchor_scsn_000425,224855,0,up,277.0509338378906
-427,anchor_scsn_000426,225008,0,up,120.97686767578125
-428,anchor_scsn_000427,225231,0,up,98.3764419555664
-429,anchor_scsn_000428,225499,0,up,73.88961029052734
-430,anchor_scsn_000429,226435,0,up,85.76425170898438
-431,anchor_scsn_000430,226559,0,up,170.17977905273438
-432,anchor_scsn_000431,226858,0,up,79.9791488647461
-433,anchor_scsn_000432,227708,0,up,113.25773620605469
-434,anchor_scsn_000433,227752,0,up,115.9020767211914
-435,anchor_scsn_000434,227844,0,up,84.49569702148438
-436,anchor_scsn_000435,228062,0,up,61.871124267578125
-437,anchor_scsn_000436,229774,0,up,163.0055694580078
-438,anchor_scsn_000437,230422,0,up,168.96389770507812
-439,anchor_scsn_000438,230478,0,up,159.44834899902344
-440,anchor_scsn_000439,230502,0,up,164.56460571289062
-441,anchor_scsn_000440,230764,0,up,153.13832092285156
-442,anchor_scsn_000441,231695,0,up,69.84906768798828
-443,anchor_scsn_000442,231908,0,up,108.98796844482422
-444,anchor_scsn_000443,232029,0,up,57.88423538208008
-445,anchor_scsn_000444,232308,0,up,110.89161682128906
-446,anchor_scsn_000445,232540,0,up,55.46221923828125
-447,anchor_scsn_000446,232694,0,up,227.34799194335938
-448,anchor_scsn_000447,233461,0,up,57.36631774902344
-449,anchor_scsn_000448,234440,0,up,290.1227722167969
-450,anchor_scsn_000449,234751,0,up,79.22127532958984
-451,anchor_scsn_000450,235292,0,up,321.0200500488281
-452,anchor_scsn_000451,235596,0,up,483.0269775390625
-453,anchor_scsn_000452,235721,0,up,100.06159973144531
-454,anchor_scsn_000453,235804,0,up,275.6171875
-455,anchor_scsn_000454,235823,0,up,86.14234161376953
-456,anchor_scsn_000455,235980,0,up,570.3443603515625
-457,anchor_scsn_000456,236166,0,up,114.72068786621094
-458,anchor_scsn_000457,236174,0,up,94.73377227783203
-459,anchor_scsn_000458,236258,0,up,61.36726760864258
-460,anchor_scsn_000459,236280,0,up,147.06845092773438
-461,anchor_scsn_000460,236344,0,up,84.40126037597656
-462,anchor_scsn_000461,236520,0,up,245.97373962402344
-463,anchor_scsn_000462,237476,0,up,103.2225341796875
-464,anchor_scsn_000463,237608,0,up,183.80941772460938
-465,anchor_scsn_000464,238036,0,up,126.24225616455078
-466,anchor_scsn_000465,238346,0,up,173.4954833984375
-467,anchor_scsn_000466,239835,0,up,145.7564697265625
-468,anchor_scsn_000467,239902,0,up,372.5834655761719
-469,anchor_scsn_000468,240647,0,up,67.85772705078125
-470,anchor_scsn_000469,241536,0,up,115.6065673828125
-471,anchor_scsn_000470,241808,0,up,315.7293395996094
-472,anchor_scsn_000471,242125,0,up,66.06233978271484
-473,anchor_scsn_000472,242379,0,up,88.48908996582031
-474,anchor_scsn_000473,242558,0,up,287.891845703125
-475,anchor_scsn_000474,242644,0,up,62.97721481323242
-476,anchor_scsn_000475,242753,0,up,55.46403503417969
-477,anchor_scsn_000476,243195,0,up,62.796836853027344
-478,anchor_scsn_000477,243302,0,up,87.27804565429688
-479,anchor_scsn_000478,243880,0,up,109.77254486083984
-480,anchor_scsn_000479,245684,0,up,278.08978271484375
-481,anchor_scsn_000480,246133,0,up,111.64773559570312
-482,anchor_scsn_000481,246418,0,up,86.6745834350586
-483,anchor_scsn_000482,246577,0,up,104.45281982421875
-484,anchor_scsn_000483,246627,0,up,632.2662963867188
-485,anchor_scsn_000484,247646,0,up,71.42578125
-486,anchor_scsn_000485,247931,0,up,57.139404296875
-487,anchor_scsn_000486,247953,0,up,134.2893524169922
-488,anchor_scsn_000487,248219,0,up,52.10100555419922
-489,anchor_scsn_000488,249110,0,up,203.03973388671875
-490,anchor_scsn_000489,250141,0,up,114.90799713134766
-491,anchor_scsn_000490,251234,0,up,120.89106750488281
-492,anchor_scsn_000491,251539,0,up,210.5168914794922
-493,anchor_scsn_000492,252289,0,up,129.77749633789062
-494,anchor_scsn_000493,252606,0,up,111.50691986083984
-495,anchor_scsn_000494,252765,0,up,56.16077423095703
-496,anchor_scsn_000495,253043,0,up,60.92587661743164
-497,anchor_scsn_000496,253167,0,up,56.99912643432617
-498,anchor_scsn_000497,253330,0,up,53.373844146728516
-499,anchor_scsn_000498,253751,0,up,92.9642105102539
-500,anchor_scsn_000499,253971,0,up,151.01040649414062
-501,anchor_scsn_000500,253989,0,up,85.0816421508789
-502,anchor_scsn_000501,254082,0,up,173.544189453125
-503,anchor_scsn_000502,254231,0,up,54.98081970214844
-504,anchor_scsn_000503,255387,0,up,617.6195068359375
-505,anchor_scsn_000504,255520,0,up,51.316680908203125
-506,anchor_scsn_000505,255767,0,up,92.13616943359375
-507,anchor_scsn_000506,256855,0,up,277.3323669433594
-508,anchor_scsn_000507,256911,0,up,442.191650390625
-509,anchor_scsn_000508,257200,0,up,79.17182159423828
-510,anchor_scsn_000509,257367,0,up,65.56759643554688
-511,anchor_scsn_000510,257766,0,up,56.39799499511719
-512,anchor_scsn_000511,258364,0,up,67.65535736083984
-513,anchor_scsn_000512,259082,0,up,208.68624877929688
-514,anchor_scsn_000513,259087,0,up,64.40062713623047
-515,anchor_scsn_000514,260097,0,up,83.5373764038086
-516,anchor_scsn_000515,260739,0,up,79.62303161621094
-517,anchor_scsn_000516,260982,0,up,121.38367462158203
-518,anchor_scsn_000517,261344,0,up,70.87802124023438
-519,anchor_scsn_000518,261713,0,up,131.21994018554688
-520,anchor_scsn_000519,261731,0,up,50.056644439697266
-521,anchor_scsn_000520,262198,0,up,106.97013092041016
-522,anchor_scsn_000521,262946,0,up,70.67507934570312
-523,anchor_scsn_000522,263390,0,up,61.484073638916016
-524,anchor_scsn_000523,263725,0,up,149.28221130371094
-525,anchor_scsn_000524,264022,0,up,180.05030822753906
-526,anchor_scsn_000525,264086,0,up,181.5265350341797
-527,anchor_scsn_000526,264554,0,up,51.39860916137695
-528,anchor_scsn_000527,264670,0,up,85.50238800048828
-529,anchor_scsn_000528,264692,0,up,90.46705627441406
-530,anchor_scsn_000529,268103,0,up,91.1209945678711
-531,anchor_scsn_000530,268836,0,up,58.943546295166016
-532,anchor_scsn_000531,269089,0,up,60.77703094482422
-533,anchor_scsn_000532,269348,0,up,73.91558837890625
-534,anchor_scsn_000533,269853,0,up,50.24091339111328
-535,anchor_scsn_000534,269958,0,up,144.05130004882812
-536,anchor_scsn_000535,270150,0,up,102.6551284790039
-537,anchor_scsn_000536,270479,0,up,53.68724822998047
-538,anchor_scsn_000537,270926,0,up,63.723052978515625
-539,anchor_scsn_000538,271759,0,up,73.4118423461914
-540,anchor_scsn_000539,271768,0,up,934.5975341796875
-541,anchor_scsn_000540,272182,0,up,55.111549377441406
-542,anchor_scsn_000541,272400,0,up,78.17741394042969
-543,anchor_scsn_000542,272790,0,up,85.21904754638672
-544,anchor_scsn_000543,273449,0,up,52.380306243896484
-545,anchor_scsn_000544,273470,0,up,68.3930435180664
-546,anchor_scsn_000545,273584,0,up,96.60101318359375
-547,anchor_scsn_000546,273673,0,up,54.522544860839844
-548,anchor_scsn_000547,274750,0,up,92.9925308227539
-549,anchor_scsn_000548,275562,0,up,107.86703491210938
-550,anchor_scsn_000549,275933,0,up,70.31118774414062
-551,anchor_scsn_000550,276737,0,up,98.86417388916016
-552,anchor_scsn_000551,276904,0,up,953.5096435546875
-553,anchor_scsn_000552,277937,0,up,71.19554901123047
-554,anchor_scsn_000553,278347,0,up,68.77957153320312
-555,anchor_scsn_000554,279571,0,up,58.39677429199219
-556,anchor_scsn_000555,279870,0,up,100.53329467773438
-557,anchor_scsn_000556,281743,0,up,157.01168823242188
-558,anchor_scsn_000557,281797,0,up,145.8428955078125
-559,anchor_scsn_000558,281917,0,up,246.13461303710938
-560,anchor_scsn_000559,282361,0,up,116.72639465332031
-561,anchor_scsn_000560,282506,0,up,105.08500671386719
-562,anchor_scsn_000561,282586,0,up,54.236019134521484
-563,anchor_scsn_000562,283067,0,up,167.6696319580078
-564,anchor_scsn_000563,285101,0,up,69.32937622070312
-565,anchor_scsn_000564,285318,0,up,53.658714294433594
-566,anchor_scsn_000565,285603,0,up,111.17036437988281
-567,anchor_scsn_000566,285916,0,up,400.6307678222656
-568,anchor_scsn_000567,286172,0,up,74.1363754272461
-569,anchor_scsn_000568,286350,0,up,90.0168228149414
-570,anchor_scsn_000569,286609,0,up,58.00291442871094
-571,anchor_scsn_000570,287334,0,up,69.9128189086914
-572,anchor_scsn_000571,287722,0,up,58.03348922729492
-573,anchor_scsn_000572,288208,0,up,68.8047866821289
-574,anchor_scsn_000573,288353,0,up,126.91934204101562
-575,anchor_scsn_000574,289243,0,up,55.623390197753906
-576,anchor_scsn_000575,289773,0,up,237.60585021972656
-577,anchor_scsn_000576,290150,0,up,133.41714477539062
-578,anchor_scsn_000577,290225,0,up,231.52008056640625
-579,anchor_scsn_000578,290534,0,up,168.7222900390625
-580,anchor_scsn_000579,291954,0,up,479.69317626953125
-581,anchor_scsn_000580,292882,0,up,179.11036682128906
-582,anchor_scsn_000581,293033,0,up,143.25531005859375
-583,anchor_scsn_000582,293454,0,up,124.33067321777344
-584,anchor_scsn_000583,293800,0,up,84.14823913574219
-585,anchor_scsn_000584,294352,0,up,120.77418518066406
-586,anchor_scsn_000585,295045,0,up,213.30296325683594
-587,anchor_scsn_000586,295059,0,up,131.63308715820312
-588,anchor_scsn_000587,295321,0,up,122.48506927490234
-589,anchor_scsn_000588,295437,0,up,648.5980224609375
-590,anchor_scsn_000589,295672,0,up,397.171875
-591,anchor_scsn_000590,295841,0,up,82.65636444091797
-592,anchor_scsn_000591,296265,0,up,54.044498443603516
-593,anchor_scsn_000592,296360,0,up,83.73373413085938
-594,anchor_scsn_000593,296713,0,up,61.44020080566406
-595,anchor_scsn_000594,296819,0,up,96.73906707763672
-596,anchor_scsn_000595,296820,0,up,299.4239807128906
-597,anchor_scsn_000596,297593,0,up,55.68688201904297
-598,anchor_scsn_000597,297670,0,up,60.60375213623047
-599,anchor_scsn_000598,297893,0,up,68.86927795410156
-600,anchor_scsn_000599,298025,0,up,84.96763610839844
-601,anchor_scsn_000600,298323,0,up,135.98532104492188
-602,anchor_scsn_000601,299283,0,up,154.74539184570312
-603,anchor_scsn_000602,300752,0,up,88.97846221923828
-604,anchor_scsn_000603,301742,0,up,76.96603393554688
-605,anchor_scsn_000604,302369,0,up,151.1790008544922
-606,anchor_scsn_000605,303050,0,up,156.46170043945312
-607,anchor_scsn_000606,303474,0,up,136.0989227294922
-608,anchor_scsn_000607,303930,0,up,454.4541320800781
-609,anchor_scsn_000608,304425,0,up,64.48400115966797
-610,anchor_scsn_000609,304746,0,up,91.29856872558594
-611,anchor_scsn_000610,304869,0,up,154.0575714111328
-612,anchor_scsn_000611,306566,0,up,92.45560455322266
-613,anchor_scsn_000612,306815,0,up,61.56584548950195
-614,anchor_scsn_000613,307469,0,up,95.21331787109375
-615,anchor_scsn_000614,307500,0,up,99.09952545166016
-616,anchor_scsn_000615,308076,0,up,196.66757202148438
-617,anchor_scsn_000616,308120,0,up,329.7056884765625
-618,anchor_scsn_000617,308288,0,up,359.06024169921875
-619,anchor_scsn_000618,309091,0,up,53.74982452392578
-620,anchor_scsn_000619,309448,0,up,231.68870544433594
-621,anchor_scsn_000620,309499,0,up,73.53148651123047
-622,anchor_scsn_000621,310004,0,up,129.10728454589844
-623,anchor_scsn_000622,310198,0,up,86.88953399658203
-624,anchor_scsn_000623,310298,0,up,137.6128387451172
-625,anchor_scsn_000624,310481,0,up,56.91978454589844
-626,anchor_scsn_000625,311318,0,up,144.9207763671875
-627,anchor_scsn_000626,311764,0,up,89.75479888916016
-628,anchor_scsn_000627,312962,0,up,54.8563117980957
-629,anchor_scsn_000628,313413,0,up,843.2537841796875
-630,anchor_scsn_000629,313592,0,up,52.16083908081055
-631,anchor_scsn_000630,313617,0,up,51.45083999633789
-632,anchor_scsn_000631,313660,0,up,126.74247741699219
-633,anchor_scsn_000632,314595,0,up,238.35296630859375
-634,anchor_scsn_000633,315846,0,up,125.83817291259766
-635,anchor_scsn_000634,316244,0,up,104.31712341308594
-636,anchor_scsn_000635,316295,0,up,65.83157348632812
-637,anchor_scsn_000636,316425,0,up,165.19357299804688
-638,anchor_scsn_000637,316746,0,up,280.6976013183594
-639,anchor_scsn_000638,316825,0,up,268.5323181152344
-640,anchor_scsn_000639,317008,0,up,66.0112533569336
-641,anchor_scsn_000640,317865,0,up,112.67985534667969
-642,anchor_scsn_000641,318184,0,up,56.66497802734375
-643,anchor_scsn_000642,318591,0,up,60.075904846191406
-644,anchor_scsn_000643,318787,0,up,84.59203338623047
-645,anchor_scsn_000644,318941,0,up,69.0440444946289
-646,anchor_scsn_000645,319285,0,up,349.0441589355469
-647,anchor_scsn_000646,319681,0,up,147.30999755859375
-648,anchor_scsn_000647,319744,0,up,137.00665283203125
-649,anchor_scsn_000648,320666,0,up,101.89429473876953
-650,anchor_scsn_000649,321055,0,up,91.79423522949219
-651,anchor_scsn_000650,321118,0,up,84.5844955444336
-652,anchor_scsn_000651,321836,0,up,73.69391632080078
-653,anchor_scsn_000652,321989,0,up,65.13807678222656
-654,anchor_scsn_000653,322531,0,up,80.79985046386719
-655,anchor_scsn_000654,323556,0,up,61.43321228027344
-656,anchor_scsn_000655,324605,0,up,83.59126281738281
-657,anchor_scsn_000656,324645,0,up,179.2238311767578
-658,anchor_scsn_000657,324775,0,up,54.11902618408203
-659,anchor_scsn_000658,325553,0,up,153.14793395996094
-660,anchor_scsn_000659,326367,0,up,54.44210433959961
-661,anchor_scsn_000660,326432,0,up,60.44919967651367
-662,anchor_scsn_000661,326440,0,up,50.876014709472656
-663,anchor_scsn_000662,326653,0,up,102.7249984741211
-664,anchor_scsn_000663,327323,0,up,835.052001953125
-665,anchor_scsn_000664,327565,0,up,698.3147583007812
-666,anchor_scsn_000665,327819,0,up,57.1989631652832
-667,anchor_scsn_000666,327942,0,up,85.7463607788086
-668,anchor_scsn_000667,329858,0,up,214.1207733154297
-669,anchor_scsn_000668,330242,0,up,223.8661346435547
-670,anchor_scsn_000669,330694,0,up,51.92165756225586
-671,anchor_scsn_000670,330850,0,up,186.96102905273438
-672,anchor_scsn_000671,331066,0,up,58.48698043823242
-673,anchor_scsn_000672,332282,0,up,70.806640625
-674,anchor_scsn_000673,334125,0,up,74.1561508178711
-675,anchor_scsn_000674,335727,0,up,112.96525573730469
-676,anchor_scsn_000675,335819,0,up,157.0082244873047
-677,anchor_scsn_000676,336278,0,up,100.4249038696289
-678,anchor_scsn_000677,336653,0,up,107.38765716552734
-679,anchor_scsn_000678,337115,0,up,71.78260803222656
-680,anchor_scsn_000679,337191,0,up,61.87434005737305
-681,anchor_scsn_000680,337426,0,up,97.03132629394531
-682,anchor_scsn_000681,337680,0,up,250.01583862304688
-683,anchor_scsn_000682,338772,0,up,81.83544921875
-684,anchor_scsn_000683,338950,0,up,192.1850128173828
-685,anchor_scsn_000684,339245,0,up,59.66318893432617
-686,anchor_scsn_000685,339335,0,up,881.3494873046875
-687,anchor_scsn_000686,339541,0,up,84.87371826171875
-688,anchor_scsn_000687,339747,0,up,385.54998779296875
-689,anchor_scsn_000688,340477,0,up,231.1781463623047
-690,anchor_scsn_000689,340555,0,up,969.6119384765625
-691,anchor_scsn_000690,340936,0,up,60.04487609863281
-692,anchor_scsn_000691,343256,0,up,537.6318969726562
-693,anchor_scsn_000692,344037,0,up,61.409515380859375
-694,anchor_scsn_000693,345598,0,up,58.53153610229492
-695,anchor_scsn_000694,345628,0,up,825.9132080078125
-696,anchor_scsn_000695,346835,0,up,55.73213577270508
-697,anchor_scsn_000696,346876,0,up,56.1988525390625
-698,anchor_scsn_000697,346941,0,up,116.2012939453125
-699,anchor_scsn_000698,347143,0,up,75.64749145507812
-700,anchor_scsn_000699,347334,0,up,76.99569702148438
-701,anchor_scsn_000700,347434,0,up,193.16525268554688
-702,anchor_scsn_000701,347581,0,up,238.33604431152344
-703,anchor_scsn_000702,347931,0,up,132.3631591796875
-704,anchor_scsn_000703,348174,0,up,157.03321838378906
-705,anchor_scsn_000704,349830,0,up,93.90998077392578
-706,anchor_scsn_000705,350137,0,up,200.5980224609375
-707,anchor_scsn_000706,350478,0,up,62.706233978271484
-708,anchor_scsn_000707,351972,0,up,587.9822387695312
-709,anchor_scsn_000708,352076,0,up,92.87559509277344
-710,anchor_scsn_000709,352651,0,up,173.90182495117188
-711,anchor_scsn_000710,352874,0,up,71.29690551757812
-712,anchor_scsn_000711,354292,0,up,56.88547134399414
-713,anchor_scsn_000712,355452,0,up,57.563289642333984
-714,anchor_scsn_000713,355821,0,up,285.38873291015625
-715,anchor_scsn_000714,356410,0,up,183.45204162597656
-716,anchor_scsn_000715,357360,0,up,72.82723236083984
-717,anchor_scsn_000716,357433,0,up,53.10773849487305
-718,anchor_scsn_000717,357450,0,up,78.38076782226562
-719,anchor_scsn_000718,357760,0,up,65.1985855102539
-720,anchor_scsn_000719,357775,0,up,133.72109985351562
-721,anchor_scsn_000720,358198,0,up,321.7618408203125
-722,anchor_scsn_000721,358969,0,up,78.47290802001953
-723,anchor_scsn_000722,359725,0,up,73.92179107666016
-724,anchor_scsn_000723,360171,0,up,54.04984664916992
-725,anchor_scsn_000724,360750,0,up,64.85895538330078
-726,anchor_scsn_000725,360786,0,up,98.09321594238281
-727,anchor_scsn_000726,361505,0,up,57.930850982666016
-728,anchor_scsn_000727,361646,0,up,78.61744689941406
-729,anchor_scsn_000728,361950,0,up,665.179931640625
-730,anchor_scsn_000729,362377,0,up,107.45123291015625
-731,anchor_scsn_000730,362653,0,up,65.66002655029297
-732,anchor_scsn_000731,363118,0,up,68.97660827636719
-733,anchor_scsn_000732,363389,0,up,53.53538131713867
-734,anchor_scsn_000733,363611,0,up,63.77335739135742
-735,anchor_scsn_000734,364064,0,up,431.9919128417969
-736,anchor_scsn_000735,364435,0,up,54.9892692565918
-737,anchor_scsn_000736,364569,0,up,70.03778076171875
-738,anchor_scsn_000737,364755,0,up,119.0534896850586
-739,anchor_scsn_000738,365550,0,up,58.0212516784668
-740,anchor_scsn_000739,365578,0,up,95.63397979736328
-741,anchor_scsn_000740,366297,0,up,53.47148895263672
-742,anchor_scsn_000741,366472,0,up,280.0675048828125
-743,anchor_scsn_000742,366580,0,up,170.66212463378906
-744,anchor_scsn_000743,366643,0,up,95.37571716308594
-745,anchor_scsn_000744,368327,0,up,91.11754608154297
-746,anchor_scsn_000745,368818,0,up,102.99248504638672
-747,anchor_scsn_000746,368829,0,up,66.99480438232422
-748,anchor_scsn_000747,369834,0,up,114.39832305908203
-749,anchor_scsn_000748,370193,0,up,232.3611602783203
-750,anchor_scsn_000749,370810,0,up,112.47701263427734
-751,anchor_scsn_000750,371457,0,up,73.15682983398438
-752,anchor_scsn_000751,371608,0,up,81.0663833618164
-753,anchor_scsn_000752,372018,0,up,53.679420471191406
-754,anchor_scsn_000753,372086,0,up,112.19108581542969
-755,anchor_scsn_000754,372360,0,up,54.55452346801758
-756,anchor_scsn_000755,373805,0,up,56.760223388671875
-757,anchor_scsn_000756,374007,0,up,124.35519409179688
-758,anchor_scsn_000757,374112,0,up,94.84770202636719
-759,anchor_scsn_000758,374179,0,up,102.47635650634766
-760,anchor_scsn_000759,374252,0,up,51.77287292480469
-761,anchor_scsn_000760,374261,0,up,243.1192169189453
-762,anchor_scsn_000761,375463,0,up,53.68267822265625
-763,anchor_scsn_000762,375482,0,up,60.60224151611328
-764,anchor_scsn_000763,375545,0,up,138.67909240722656
-765,anchor_scsn_000764,376459,0,up,205.7303924560547
-766,anchor_scsn_000765,376535,0,up,69.41079711914062
-767,anchor_scsn_000766,377519,0,up,50.87950897216797
-768,anchor_scsn_000767,377716,0,up,63.22091293334961
-769,anchor_scsn_000768,377875,0,up,528.8760986328125
-770,anchor_scsn_000769,378064,0,up,55.49013900756836
-771,anchor_scsn_000770,378261,0,up,333.6802978515625
-772,anchor_scsn_000771,378283,0,up,216.74659729003906
-773,anchor_scsn_000772,378667,0,up,111.25009155273438
-774,anchor_scsn_000773,379377,0,up,809.3671875
-775,anchor_scsn_000774,379385,0,up,260.72637939453125
-776,anchor_scsn_000775,379738,0,up,230.95957946777344
-777,anchor_scsn_000776,381688,0,up,203.5831298828125
-778,anchor_scsn_000777,382012,0,up,94.91004943847656
-779,anchor_scsn_000778,382207,0,up,83.16670227050781
-780,anchor_scsn_000779,382370,0,up,383.586181640625
-781,anchor_scsn_000780,382730,0,up,293.4217834472656
-782,anchor_scsn_000781,382776,0,up,56.397464752197266
-783,anchor_scsn_000782,383188,0,up,58.99597930908203
-784,anchor_scsn_000783,383818,0,up,76.00115966796875
-785,anchor_scsn_000784,383889,0,up,69.38565063476562
-786,anchor_scsn_000785,383975,0,up,59.15998458862305
-787,anchor_scsn_000786,385576,0,up,65.1412353515625
-788,anchor_scsn_000787,385736,0,up,55.275264739990234
-789,anchor_scsn_000788,387900,0,up,88.34366607666016
-790,anchor_scsn_000789,388441,0,up,69.62268829345703
-791,anchor_scsn_000790,389445,0,up,62.37716293334961
-792,anchor_scsn_000791,389547,0,up,69.73004913330078
-793,anchor_scsn_000792,389585,0,up,83.76094055175781
-794,anchor_scsn_000793,390211,0,up,113.85411834716797
-795,anchor_scsn_000794,390331,0,up,93.33953094482422
-796,anchor_scsn_000795,390436,0,up,184.96263122558594
-797,anchor_scsn_000796,391058,0,up,50.2521858215332
-798,anchor_scsn_000797,391616,0,up,86.83621215820312
-799,anchor_scsn_000798,391788,0,up,144.8086700439453
-800,anchor_scsn_000799,392032,0,up,56.34280014038086
-801,anchor_scsn_000800,392754,0,up,64.3189468383789
-802,anchor_scsn_000801,393945,0,up,140.30224609375
-803,anchor_scsn_000802,394110,0,up,77.18852233886719
-804,anchor_scsn_000803,394983,0,up,76.57575225830078
-805,anchor_scsn_000804,395302,0,up,110.33489990234375
-806,anchor_scsn_000805,396317,0,up,87.73786926269531
-807,anchor_scsn_000806,396595,0,up,98.65630340576172
-808,anchor_scsn_000807,397176,0,up,276.8262939453125
-809,anchor_scsn_000808,397194,0,up,287.7254638671875
-810,anchor_scsn_000809,398078,0,up,249.4690704345703
-811,anchor_scsn_000810,398466,0,up,90.5137939453125
-812,anchor_scsn_000811,398659,0,up,94.8884048461914
-813,anchor_scsn_000812,398715,0,up,70.76370239257812
-814,anchor_scsn_000813,398837,0,up,99.52973937988281
-815,anchor_scsn_000814,398864,0,up,122.03228759765625
-816,anchor_scsn_000815,399838,0,up,248.05125427246094
-817,anchor_scsn_000816,400101,0,up,435.7455139160156
-818,anchor_scsn_000817,402115,0,up,187.1936798095703
-819,anchor_scsn_000818,402867,0,up,104.0514907836914
-820,anchor_scsn_000819,402997,0,up,292.5762939453125
-821,anchor_scsn_000820,403513,0,up,183.79783630371094
-822,anchor_scsn_000821,404166,0,up,99.70035552978516
-823,anchor_scsn_000822,404449,0,up,59.27336120605469
-824,anchor_scsn_000823,405092,0,up,794.3997802734375
-825,anchor_scsn_000824,405478,0,up,57.2243766784668
-826,anchor_scsn_000825,406400,0,up,356.8837585449219
-827,anchor_scsn_000826,406651,0,up,51.9754753112793
-828,anchor_scsn_000827,406653,0,up,87.82481384277344
-829,anchor_scsn_000828,407674,0,up,202.60948181152344
-830,anchor_scsn_000829,407723,0,up,83.27562713623047
-831,anchor_scsn_000830,407800,0,up,57.9897346496582
-832,anchor_scsn_000831,408096,0,up,53.61454391479492
-833,anchor_scsn_000832,408455,0,up,104.89633178710938
-834,anchor_scsn_000833,409035,0,up,61.511817932128906
-835,anchor_scsn_000834,409040,0,up,108.02686309814453
-836,anchor_scsn_000835,409119,0,up,51.68361282348633
-837,anchor_scsn_000836,409226,0,up,116.97974395751953
-838,anchor_scsn_000837,409243,0,up,379.021484375
-839,anchor_scsn_000838,409492,0,up,67.77604675292969
-840,anchor_scsn_000839,410629,0,up,53.13409423828125
-841,anchor_scsn_000840,410653,0,up,110.77201843261719
-842,anchor_scsn_000841,410975,0,up,53.577659606933594
-843,anchor_scsn_000842,411097,0,up,56.45613098144531
-844,anchor_scsn_000843,412782,0,up,135.5323486328125
-845,anchor_scsn_000844,414565,0,up,245.77352905273438
-846,anchor_scsn_000845,414581,0,up,61.53821563720703
-847,anchor_scsn_000846,414593,0,up,134.50022888183594
-848,anchor_scsn_000847,417007,0,up,492.170166015625
-849,anchor_scsn_000848,417967,0,up,474.9033203125
-850,anchor_scsn_000849,418029,0,up,71.82801055908203
-851,anchor_scsn_000850,418559,0,up,78.59304809570312
-852,anchor_scsn_000851,418580,0,up,248.13668823242188
-853,anchor_scsn_000852,419061,0,up,269.596923828125
-854,anchor_scsn_000853,419909,0,up,64.18048095703125
-855,anchor_scsn_000854,419999,0,up,68.3019790649414
-856,anchor_scsn_000855,420115,0,up,98.24028778076172
-857,anchor_scsn_000856,420349,0,up,85.71678924560547
-858,anchor_scsn_000857,420406,0,up,51.7143440246582
-859,anchor_scsn_000858,420801,0,up,146.64784240722656
-860,anchor_scsn_000859,422197,0,up,50.26036071777344
-861,anchor_scsn_000860,422802,0,up,286.2178649902344
-862,anchor_scsn_000861,422886,0,up,73.19448852539062
-863,anchor_scsn_000862,422983,0,up,79.74493408203125
-864,anchor_scsn_000863,423213,0,up,94.62136840820312
-865,anchor_scsn_000864,424008,0,up,58.16556930541992
-866,anchor_scsn_000865,424258,0,up,125.68987274169922
-867,anchor_scsn_000866,424362,0,up,310.6580810546875
-868,anchor_scsn_000867,424696,0,up,68.82020568847656
-869,anchor_scsn_000868,425520,0,up,103.91217803955078
-870,anchor_scsn_000869,425796,0,up,263.8780212402344
-871,anchor_scsn_000870,426032,0,up,53.12024688720703
-872,anchor_scsn_000871,426259,0,up,188.7681121826172
-873,anchor_scsn_000872,426688,0,up,122.96280670166016
-874,anchor_scsn_000873,426732,0,up,70.2943344116211
-875,anchor_scsn_000874,426812,0,up,719.7715454101562
-876,anchor_scsn_000875,428307,0,up,328.6565856933594
-877,anchor_scsn_000876,428316,0,up,54.09071350097656
-878,anchor_scsn_000877,429175,0,up,88.3069839477539
-879,anchor_scsn_000878,429439,0,up,85.02333068847656
-880,anchor_scsn_000879,429745,0,up,63.376617431640625
-881,anchor_scsn_000880,430359,0,up,60.198974609375
-882,anchor_scsn_000881,431407,0,up,158.1885223388672
-883,anchor_scsn_000882,431486,0,up,113.11029815673828
-884,anchor_scsn_000883,432081,0,up,60.61513900756836
-885,anchor_scsn_000884,432375,0,up,175.82630920410156
-886,anchor_scsn_000885,432918,0,up,71.06205749511719
-887,anchor_scsn_000886,433499,0,up,518.7486572265625
-888,anchor_scsn_000887,434012,0,up,590.0678100585938
-889,anchor_scsn_000888,434293,0,up,57.962486267089844
-890,anchor_scsn_000889,434486,0,up,219.452392578125
-891,anchor_scsn_000890,434789,0,up,252.6040802001953
-892,anchor_scsn_000891,434849,0,up,58.688682556152344
-893,anchor_scsn_000892,435644,0,up,54.29682922363281
-894,anchor_scsn_000893,435756,0,up,65.27704620361328
-895,anchor_scsn_000894,436662,0,up,86.05220794677734
-896,anchor_scsn_000895,436774,0,up,100.93798065185547
-897,anchor_scsn_000896,437163,0,up,128.24302673339844
-898,anchor_scsn_000897,437358,0,up,64.78006744384766
-899,anchor_scsn_000898,438496,0,up,157.08370971679688
-900,anchor_scsn_000899,438731,0,up,60.56303405761719
-901,anchor_scsn_000900,438906,0,up,331.9169616699219
-902,anchor_scsn_000901,439603,0,up,177.44325256347656
-903,anchor_scsn_000902,440539,0,up,51.632080078125
-904,anchor_scsn_000903,440864,0,up,61.356056213378906
-905,anchor_scsn_000904,442592,0,up,57.8908805847168
-906,anchor_scsn_000905,442780,0,up,53.11330032348633
-907,anchor_scsn_000906,443408,0,up,129.54348754882812
-908,anchor_scsn_000907,443820,0,up,124.91046142578125
-909,anchor_scsn_000908,444680,0,up,58.6529426574707
-910,anchor_scsn_000909,444803,0,up,76.89105224609375
-911,anchor_scsn_000910,445133,0,up,126.1528091430664
-912,anchor_scsn_000911,445509,0,up,102.3730239868164
-913,anchor_scsn_000912,445979,0,up,51.538516998291016
-914,anchor_scsn_000913,446746,0,up,331.9306335449219
-915,anchor_scsn_000914,446932,0,up,181.745849609375
-916,anchor_scsn_000915,446961,0,up,92.79792022705078
-917,anchor_scsn_000916,447416,0,up,122.0877456665039
-918,anchor_scsn_000917,447621,0,up,176.8418426513672
-919,anchor_scsn_000918,448539,0,up,61.53065490722656
-920,anchor_scsn_000919,448826,0,up,62.96416091918945
-921,anchor_scsn_000920,448895,0,up,216.39463806152344
-922,anchor_scsn_000921,449359,0,up,61.756587982177734
-923,anchor_scsn_000922,449667,0,up,201.65940856933594
-924,anchor_scsn_000923,449686,0,up,63.280338287353516
-925,anchor_scsn_000924,450645,0,up,73.11712646484375
-926,anchor_scsn_000925,450646,0,up,63.45220184326172
-927,anchor_scsn_000926,451684,0,up,81.26609802246094
-928,anchor_scsn_000927,451737,0,up,122.78348541259766
-929,anchor_scsn_000928,451877,0,up,232.13453674316406
-930,anchor_scsn_000929,452199,0,up,72.56416320800781
-931,anchor_scsn_000930,452318,0,up,63.17677688598633
-932,anchor_scsn_000931,452871,0,up,53.555931091308594
-933,anchor_scsn_000932,453720,0,up,131.2887725830078
-934,anchor_scsn_000933,454109,0,up,55.1170654296875
-935,anchor_scsn_000934,454272,0,up,241.48362731933594
-936,anchor_scsn_000935,454331,0,up,68.5891342163086
-937,anchor_scsn_000936,454346,0,up,213.3702392578125
-938,anchor_scsn_000937,455071,0,up,76.62340545654297
-939,anchor_scsn_000938,455097,0,up,66.99620819091797
-940,anchor_scsn_000939,455600,0,up,103.64068603515625
-941,anchor_scsn_000940,455852,0,up,64.76465606689453
-942,anchor_scsn_000941,456025,0,up,553.2105712890625
-943,anchor_scsn_000942,456432,0,up,75.2236099243164
-944,anchor_scsn_000943,456628,0,up,86.50288391113281
-945,anchor_scsn_000944,456959,0,up,61.63494873046875
-946,anchor_scsn_000945,458238,0,up,80.09843444824219
-947,anchor_scsn_000946,458274,0,up,195.63209533691406
-948,anchor_scsn_000947,458430,0,up,119.72825622558594
-949,anchor_scsn_000948,458940,0,up,64.43595123291016
-950,anchor_scsn_000949,459252,0,up,51.55057907104492
-951,anchor_scsn_000950,459859,0,up,479.30792236328125
-952,anchor_scsn_000951,460234,0,up,115.78643798828125
-953,anchor_scsn_000952,460608,0,up,251.0491943359375
-954,anchor_scsn_000953,461209,0,up,89.9075698852539
-955,anchor_scsn_000954,462436,0,up,241.6211395263672
-956,anchor_scsn_000955,462835,0,up,77.59871673583984
-957,anchor_scsn_000956,463120,0,up,91.44876098632812
-958,anchor_scsn_000957,464062,0,up,118.73719024658203
-959,anchor_scsn_000958,464402,0,up,189.60719299316406
-960,anchor_scsn_000959,464723,0,up,81.77360534667969
-961,anchor_scsn_000960,465271,0,up,53.63836669921875
-962,anchor_scsn_000961,467017,0,up,85.3237533569336
-963,anchor_scsn_000962,468092,0,up,197.95896911621094
-964,anchor_scsn_000963,468512,0,up,124.04490661621094
-965,anchor_scsn_000964,469660,0,up,98.31214904785156
-966,anchor_scsn_000965,469733,0,up,221.099853515625
-967,anchor_scsn_000966,469770,0,up,155.37303161621094
-968,anchor_scsn_000967,469784,0,up,241.28439331054688
-969,anchor_scsn_000968,469960,0,up,85.59141540527344
-970,anchor_scsn_000969,470443,0,up,103.48896789550781
-971,anchor_scsn_000970,470819,0,up,90.40763854980469
-972,anchor_scsn_000971,471316,0,up,64.42082977294922
-973,anchor_scsn_000972,471638,0,up,77.25282287597656
-974,anchor_scsn_000973,471780,0,up,555.6298217773438
-975,anchor_scsn_000974,472141,0,up,276.4520263671875
-976,anchor_scsn_000975,472196,0,up,67.63821411132812
-977,anchor_scsn_000976,472535,0,up,53.27788543701172
-978,anchor_scsn_000977,472679,0,up,114.40863037109375
-979,anchor_scsn_000978,473097,0,up,245.7779998779297
-980,anchor_scsn_000979,473110,0,up,63.74098205566406
-981,anchor_scsn_000980,474045,0,up,52.91282272338867
-982,anchor_scsn_000981,475648,0,up,279.4810485839844
-983,anchor_scsn_000982,475676,0,up,287.15582275390625
-984,anchor_scsn_000983,475981,0,up,452.7377624511719
-985,anchor_scsn_000984,476008,0,up,140.09730529785156
-986,anchor_scsn_000985,477208,0,up,67.35830688476562
-987,anchor_scsn_000986,478316,0,up,253.84243774414062
-988,anchor_scsn_000987,478443,0,up,218.28211975097656
-989,anchor_scsn_000988,478898,0,up,116.5796127319336
-990,anchor_scsn_000989,479746,0,up,64.35216522216797
-991,anchor_scsn_000990,479849,0,up,297.3236999511719
-992,anchor_scsn_000991,479994,0,up,68.52140808105469
-993,anchor_scsn_000992,480786,0,up,86.68222045898438
-994,anchor_scsn_000993,481518,0,up,94.53445434570312
-995,anchor_scsn_000994,481848,0,up,77.29373931884766
-996,anchor_scsn_000995,482330,0,up,98.79508209228516
-997,anchor_scsn_000996,482390,0,up,480.7502746582031
-998,anchor_scsn_000997,482780,0,up,119.08167266845703
-999,anchor_scsn_000998,483469,0,up,97.71211242675781
-1000,anchor_scsn_000999,484289,0,up,84.46099853515625
-1001,anchor_scsn_001000,484570,0,up,436.97186279296875
-1002,anchor_scsn_001001,484742,0,up,80.59619140625
-1003,anchor_scsn_001002,485005,0,up,54.641746520996094
-1004,anchor_scsn_001003,485381,0,up,69.76970672607422
-1005,anchor_scsn_001004,485453,0,up,162.57229614257812
-1006,anchor_scsn_001005,485705,0,up,106.9836196899414
-1007,anchor_scsn_001006,486481,0,up,69.83345031738281
-1008,anchor_scsn_001007,486913,0,up,145.92098999023438
-1009,anchor_scsn_001008,488139,0,up,105.3147201538086
-1010,anchor_scsn_001009,488915,0,up,142.05975341796875
-1011,anchor_scsn_001010,489469,0,up,212.2605438232422
-1012,anchor_scsn_001011,489789,0,up,56.14003372192383
-1013,anchor_scsn_001012,490300,0,up,57.916847229003906
-1014,anchor_scsn_001013,491634,0,up,412.2319641113281
-1015,anchor_scsn_001014,491645,0,up,166.3459930419922
-1016,anchor_scsn_001015,493470,0,up,139.70266723632812
-1017,anchor_scsn_001016,494328,0,up,74.66268157958984
-1018,anchor_scsn_001017,494425,0,up,51.07905960083008
-1019,anchor_scsn_001018,494577,0,up,84.87543487548828
-1020,anchor_scsn_001019,494963,0,up,54.65995788574219
-1021,anchor_scsn_001020,495463,0,up,133.24664306640625
-1022,anchor_scsn_001021,495466,0,up,63.76475524902344
-1023,anchor_scsn_001022,496707,0,up,642.0984497070312
-1024,anchor_scsn_001023,496848,0,up,265.71710205078125
-1025,anchor_scsn_001024,496853,0,up,282.8518981933594
-1026,anchor_scsn_001025,498412,0,up,158.6243133544922
-1027,anchor_scsn_001026,498422,0,up,65.8535385131836
-1028,anchor_scsn_001027,498441,0,up,346.2251892089844
-1029,anchor_scsn_001028,499643,0,up,57.20735549926758
-1030,anchor_scsn_001029,499836,0,up,115.0837631225586
-1031,anchor_scsn_001030,499966,0,up,307.4761657714844
-1032,anchor_scsn_001031,500482,0,up,97.18614959716797
-1033,anchor_scsn_001032,500761,0,up,90.24639892578125
-1034,anchor_scsn_001033,500919,0,up,212.16860961914062
-1035,anchor_scsn_001034,501482,0,up,145.78939819335938
-1036,anchor_scsn_001035,501529,0,up,76.01952362060547
-1037,anchor_scsn_001036,501692,0,up,73.69479370117188
-1038,anchor_scsn_001037,502826,0,up,66.9539794921875
-1039,anchor_scsn_001038,503307,0,up,89.52513885498047
-1040,anchor_scsn_001039,503468,0,up,81.11767578125
-1041,anchor_scsn_001040,503649,0,up,139.43289184570312
-1042,anchor_scsn_001041,504564,0,up,798.2111206054688
-1043,anchor_scsn_001042,504842,0,up,64.69408416748047
-1044,anchor_scsn_001043,505149,0,up,124.95137786865234
-1045,anchor_scsn_001044,505163,0,up,57.25407791137695
-1046,anchor_scsn_001045,505794,0,up,127.85638427734375
-1047,anchor_scsn_001046,506632,0,up,56.855655670166016
-1048,anchor_scsn_001047,506804,0,up,51.12971878051758
-1049,anchor_scsn_001048,508582,0,up,76.08650970458984
-1050,anchor_scsn_001049,508754,0,up,102.50874328613281
-1051,anchor_scsn_001050,509072,0,up,378.4359130859375
-1052,anchor_scsn_001051,510334,0,up,61.071109771728516
-1053,anchor_scsn_001052,511561,0,up,63.24425506591797
-1054,anchor_scsn_001053,511574,0,up,59.76728057861328
-1055,anchor_scsn_001054,512502,0,up,89.6296157836914
-1056,anchor_scsn_001055,512666,0,up,58.217838287353516
-1057,anchor_scsn_001056,513630,0,up,75.71863555908203
-1058,anchor_scsn_001057,513798,0,up,72.68415832519531
-1059,anchor_scsn_001058,515143,0,up,85.5761489868164
-1060,anchor_scsn_001059,515593,0,up,540.379150390625
-1061,anchor_scsn_001060,515708,0,up,151.4226837158203
-1062,anchor_scsn_001061,515935,0,up,157.87745666503906
-1063,anchor_scsn_001062,516032,0,up,421.39886474609375
-1064,anchor_scsn_001063,517810,0,up,73.56436157226562
-1065,anchor_scsn_001064,517909,0,up,426.87835693359375
-1066,anchor_scsn_001065,518146,0,up,115.92631530761719
-1067,anchor_scsn_001066,518637,0,up,128.33486938476562
-1068,anchor_scsn_001067,519457,0,up,236.2606201171875
-1069,anchor_scsn_001068,519913,0,up,148.26181030273438
-1070,anchor_scsn_001069,520769,0,up,50.13287353515625
-1071,anchor_scsn_001070,521286,0,up,56.31624984741211
-1072,anchor_scsn_001071,521338,0,up,97.79093170166016
-1073,anchor_scsn_001072,521418,0,up,77.4392318725586
-1074,anchor_scsn_001073,521765,0,up,61.060462951660156
-1075,anchor_scsn_001074,522201,0,up,117.12442016601562
-1076,anchor_scsn_001075,522207,0,up,105.2200698852539
-1077,anchor_scsn_001076,522312,0,up,349.91363525390625
-1078,anchor_scsn_001077,522695,0,up,117.67840576171875
-1079,anchor_scsn_001078,523136,0,up,56.648399353027344
-1080,anchor_scsn_001079,524174,0,up,52.691001892089844
-1081,anchor_scsn_001080,527835,0,up,63.75535202026367
-1082,anchor_scsn_001081,528082,0,up,51.59805679321289
-1083,anchor_scsn_001082,528611,0,up,114.02082061767578
-1084,anchor_scsn_001083,528810,0,up,128.57785034179688
-1085,anchor_scsn_001084,529958,0,up,106.09224700927734
-1086,anchor_scsn_001085,530889,0,up,66.53398132324219
-1087,anchor_scsn_001086,531077,0,up,72.10743713378906
-1088,anchor_scsn_001087,531884,0,up,77.2608871459961
-1089,anchor_scsn_001088,532867,0,up,181.48582458496094
-1090,anchor_scsn_001089,533045,0,up,244.10848999023438
-1091,anchor_scsn_001090,534104,0,up,80.04705047607422
-1092,anchor_scsn_001091,534195,0,up,71.3623275756836
-1093,anchor_scsn_001092,535854,0,up,130.0238800048828
-1094,anchor_scsn_001093,536178,0,up,75.4255599975586
-1095,anchor_scsn_001094,536397,0,up,279.8970031738281
-1096,anchor_scsn_001095,537441,0,up,50.51234436035156
-1097,anchor_scsn_001096,537660,0,up,149.8812713623047
-1098,anchor_scsn_001097,537737,0,up,60.74714660644531
-1099,anchor_scsn_001098,538050,0,up,459.9273681640625
-1100,anchor_scsn_001099,538764,0,up,93.32110595703125
-1101,anchor_scsn_001100,539379,0,up,201.98147583007812
-1102,anchor_scsn_001101,539391,0,up,58.121192932128906
-1103,anchor_scsn_001102,539861,0,up,53.18845748901367
-1104,anchor_scsn_001103,540526,0,up,53.3863410949707
-1105,anchor_scsn_001104,540761,0,up,53.508323669433594
-1106,anchor_scsn_001105,540959,0,up,125.4367446899414
-1107,anchor_scsn_001106,541296,0,up,118.79126739501953
-1108,anchor_scsn_001107,541496,0,up,104.80831146240234
-1109,anchor_scsn_001108,542750,0,up,56.441131591796875
-1110,anchor_scsn_001109,542967,0,up,57.847137451171875
-1111,anchor_scsn_001110,543001,0,up,301.7438659667969
-1112,anchor_scsn_001111,544019,0,up,131.39735412597656
-1113,anchor_scsn_001112,544105,0,up,50.23639678955078
-1114,anchor_scsn_001113,544152,0,up,68.69050598144531
-1115,anchor_scsn_001114,545006,0,up,62.86709213256836
-1116,anchor_scsn_001115,545289,0,up,58.604312896728516
-1117,anchor_scsn_001116,545338,0,up,67.30325317382812
-1118,anchor_scsn_001117,545703,0,up,53.711734771728516
-1119,anchor_scsn_001118,545722,0,up,54.14056396484375
-1120,anchor_scsn_001119,547436,0,up,63.040870666503906
-1121,anchor_scsn_001120,548054,0,up,74.55432891845703
-1122,anchor_scsn_001121,549634,0,up,409.21441650390625
-1123,anchor_scsn_001122,550377,0,up,105.40988159179688
-1124,anchor_scsn_001123,552113,0,up,126.99712371826172
-1125,anchor_scsn_001124,552117,0,up,80.53572082519531
-1126,anchor_scsn_001125,553049,0,up,797.9151000976562
-1127,anchor_scsn_001126,553760,0,up,58.447811126708984
-1128,anchor_scsn_001127,554851,0,up,52.9783821105957
-1129,anchor_scsn_001128,555526,0,up,306.7408447265625
-1130,anchor_scsn_001129,556360,0,up,58.82743835449219
-1131,anchor_scsn_001130,558603,0,up,57.681373596191406
-1132,anchor_scsn_001131,558763,0,up,127.91509246826172
-1133,anchor_scsn_001132,559472,0,up,50.958351135253906
-1134,anchor_scsn_001133,559518,0,up,90.29585266113281
-1135,anchor_scsn_001134,559936,0,up,115.45072937011719
-1136,anchor_scsn_001135,561359,0,up,56.196388244628906
-1137,anchor_scsn_001136,562731,0,up,222.820068359375
-1138,anchor_scsn_001137,563458,0,up,50.310264587402344
-1139,anchor_scsn_001138,563738,0,up,56.19513702392578
-1140,anchor_scsn_001139,563942,0,up,66.57157135009766
-1141,anchor_scsn_001140,565418,0,up,81.73194122314453
-1142,anchor_scsn_001141,565504,0,up,97.28984832763672
-1143,anchor_scsn_001142,566232,0,up,256.81890869140625
-1144,anchor_scsn_001143,566255,0,up,86.2869644165039
-1145,anchor_scsn_001144,567693,0,up,209.32408142089844
-1146,anchor_scsn_001145,568334,0,up,212.28256225585938
-1147,anchor_scsn_001146,568497,0,up,51.75745391845703
-1148,anchor_scsn_001147,568501,0,up,654.4061279296875
-1149,anchor_scsn_001148,569329,0,up,221.09706115722656
-1150,anchor_scsn_001149,570135,0,up,64.98802947998047
-1151,anchor_scsn_001150,571051,0,up,93.39154052734375
-1152,anchor_scsn_001151,571104,0,up,244.88916015625
-1153,anchor_scsn_001152,571672,0,up,55.62921905517578
-1154,anchor_scsn_001153,571757,0,up,305.56964111328125
-1155,anchor_scsn_001154,571836,0,up,74.48374938964844
-1156,anchor_scsn_001155,572641,0,up,63.83332061767578
-1157,anchor_scsn_001156,573215,0,up,65.4123764038086
-1158,anchor_scsn_001157,573254,0,up,322.7213439941406
-1159,anchor_scsn_001158,573303,0,up,63.18925857543945
-1160,anchor_scsn_001159,573678,0,up,122.18536376953125
-1161,anchor_scsn_001160,574251,0,up,56.129608154296875
-1162,anchor_scsn_001161,574700,0,up,284.1575622558594
-1163,anchor_scsn_001162,574842,0,up,111.44864654541016
-1164,anchor_scsn_001163,575368,0,up,82.50630187988281
-1165,anchor_scsn_001164,575665,0,up,75.05399322509766
-1166,anchor_scsn_001165,575801,0,up,55.840721130371094
-1167,anchor_scsn_001166,576569,0,up,427.6957702636719
-1168,anchor_scsn_001167,577371,0,up,64.3040771484375
-1169,anchor_scsn_001168,579240,0,up,107.65562438964844
-1170,anchor_scsn_001169,580555,0,up,78.26152801513672
-1171,anchor_scsn_001170,580591,0,up,102.8895034790039
-1172,anchor_scsn_001171,581369,0,up,98.09493255615234
-1173,anchor_scsn_001172,581647,0,up,54.20446014404297
-1174,anchor_scsn_001173,581886,0,up,52.15177536010742
-1175,anchor_scsn_001174,581893,0,up,101.46421813964844
-1176,anchor_scsn_001175,582074,0,up,59.40140914916992
-1177,anchor_scsn_001176,582690,0,up,200.1402587890625
-1178,anchor_scsn_001177,582754,0,up,50.53139114379883
-1179,anchor_scsn_001178,583053,0,up,55.28008270263672
-1180,anchor_scsn_001179,584110,0,up,236.95423889160156
-1181,anchor_scsn_001180,584678,0,up,175.2871856689453
-1182,anchor_scsn_001181,584899,0,up,78.00023651123047
-1183,anchor_scsn_001182,585620,0,up,137.19039916992188
-1184,anchor_scsn_001183,585697,0,up,427.42681884765625
-1185,anchor_scsn_001184,586102,0,up,162.33642578125
-1186,anchor_scsn_001185,586185,0,up,81.86576080322266
-1187,anchor_scsn_001186,586247,0,up,51.50728988647461
-1188,anchor_scsn_001187,587889,0,up,176.0511932373047
-1189,anchor_scsn_001188,589011,0,up,73.34370422363281
-1190,anchor_scsn_001189,590277,0,up,76.6133041381836
-1191,anchor_scsn_001190,590339,0,up,62.59815216064453
-1192,anchor_scsn_001191,590888,0,up,113.96621704101562
-1193,anchor_scsn_001192,592681,0,up,160.3279266357422
-1194,anchor_scsn_001193,593092,0,up,275.6600646972656
-1195,anchor_scsn_001194,593122,0,up,69.61066436767578
-1196,anchor_scsn_001195,593529,0,up,185.6953582763672
-1197,anchor_scsn_001196,593637,0,up,73.1854019165039
-1198,anchor_scsn_001197,594443,0,up,52.245811462402344
-1199,anchor_scsn_001198,594494,0,up,117.06543731689453
-1200,anchor_scsn_001199,594692,0,up,52.55228042602539
-1201,anchor_scsn_001200,594883,0,up,248.70065307617188
-1202,anchor_scsn_001201,594894,0,up,152.89584350585938
-1203,anchor_scsn_001202,595015,0,up,430.34039306640625
-1204,anchor_scsn_001203,595488,0,up,60.024261474609375
-1205,anchor_scsn_001204,595501,0,up,78.35691833496094
-1206,anchor_scsn_001205,595579,0,up,59.63413619995117
-1207,anchor_scsn_001206,595722,0,up,361.8646545410156
-1208,anchor_scsn_001207,596066,0,up,89.38383483886719
-1209,anchor_scsn_001208,596283,0,up,335.7087097167969
-1210,anchor_scsn_001209,596466,0,up,100.79163360595703
-1211,anchor_scsn_001210,596756,0,up,99.60771942138672
-1212,anchor_scsn_001211,596885,0,up,96.26639556884766
-1213,anchor_scsn_001212,597559,0,up,81.67920684814453
-1214,anchor_scsn_001213,597789,0,up,54.556941986083984
-1215,anchor_scsn_001214,599508,0,up,85.85018920898438
-1216,anchor_scsn_001215,599515,0,up,297.7149658203125
-1217,anchor_scsn_001216,599860,0,up,122.67806243896484
-1218,anchor_scsn_001217,600393,0,up,500.8797607421875
-1219,anchor_scsn_001218,600434,0,up,105.50509643554688
-1220,anchor_scsn_001219,600675,0,up,52.14980697631836
-1221,anchor_scsn_001220,601858,0,up,68.45509338378906
-1222,anchor_scsn_001221,602472,0,up,281.3783874511719
-1223,anchor_scsn_001222,603137,0,up,70.9150390625
-1224,anchor_scsn_001223,603284,0,up,50.00614929199219
-1225,anchor_scsn_001224,603288,0,up,159.9254608154297
-1226,anchor_scsn_001225,604048,0,up,77.73285675048828
-1227,anchor_scsn_001226,604863,0,up,67.81855010986328
-1228,anchor_scsn_001227,605035,0,up,92.79421997070312
-1229,anchor_scsn_001228,605108,0,up,94.93114471435547
-1230,anchor_scsn_001229,605424,0,up,55.61119079589844
-1231,anchor_scsn_001230,606578,0,up,70.87356567382812
-1232,anchor_scsn_001231,606811,0,up,196.0194091796875
-1233,anchor_scsn_001232,606886,0,up,54.47371292114258
-1234,anchor_scsn_001233,607604,0,up,132.20201110839844
-1235,anchor_scsn_001234,607701,0,up,158.6847381591797
-1236,anchor_scsn_001235,608122,0,up,110.56388092041016
-1237,anchor_scsn_001236,609018,0,up,70.27594757080078
-1238,anchor_scsn_001237,609667,0,up,144.15005493164062
-1239,anchor_scsn_001238,610262,0,up,86.0108642578125
-1240,anchor_scsn_001239,610285,0,up,550.460205078125
-1241,anchor_scsn_001240,611543,0,up,54.50986099243164
-1242,anchor_scsn_001241,612503,0,up,161.80296325683594
-1243,anchor_scsn_001242,612873,0,up,381.9105224609375
-1244,anchor_scsn_001243,613849,0,up,74.10852813720703
-1245,anchor_scsn_001244,614130,0,up,56.21025085449219
-1246,anchor_scsn_001245,614733,0,up,61.58757781982422
-1247,anchor_scsn_001246,614920,0,up,89.30834197998047
-1248,anchor_scsn_001247,615158,0,up,100.77157592773438
-1249,anchor_scsn_001248,615841,0,up,59.666080474853516
-1250,anchor_scsn_001249,615873,0,up,196.4573974609375
-1251,anchor_scsn_001250,615914,0,up,199.2847442626953
-1252,anchor_scsn_001251,616888,0,up,68.5635986328125
-1253,anchor_scsn_001252,617345,0,up,66.9931869506836
-1254,anchor_scsn_001253,618134,0,up,90.37911987304688
-1255,anchor_scsn_001254,618379,0,up,62.991371154785156
-1256,anchor_scsn_001255,618647,0,up,69.77799987792969
-1257,anchor_scsn_001256,619617,0,up,127.01374053955078
-1258,anchor_scsn_001257,619661,0,up,69.8162612915039
-1259,anchor_scsn_001258,620063,0,up,153.4949493408203
-1260,anchor_scsn_001259,620408,0,up,103.53519439697266
-1261,anchor_scsn_001260,620539,0,up,118.78655242919922
-1262,anchor_scsn_001261,620971,0,up,100.61127471923828
-1263,anchor_scsn_001262,621389,0,up,145.99453735351562
-1264,anchor_scsn_001263,621918,0,up,54.53887176513672
-1265,anchor_scsn_001264,622540,0,up,169.31785583496094
-1266,anchor_scsn_001265,622541,0,up,119.26193237304688
-1267,anchor_scsn_001266,623433,0,up,182.76925659179688
-1268,anchor_scsn_001267,623737,0,up,114.747802734375
-1269,anchor_scsn_001268,624632,0,up,52.16443634033203
-1270,anchor_scsn_001269,624993,0,up,50.70460510253906
-1271,anchor_scsn_001270,626175,0,up,198.03489685058594
-1272,anchor_scsn_001271,626423,0,up,115.78097534179688
-1273,anchor_scsn_001272,626917,0,up,62.279232025146484
-1274,anchor_scsn_001273,627131,0,up,131.19854736328125
-1275,anchor_scsn_001274,627232,0,up,50.805992126464844
-1276,anchor_scsn_001275,627582,0,up,50.71694564819336
-1277,anchor_scsn_001276,628733,0,up,96.98424530029297
-1278,anchor_scsn_001277,628966,0,up,53.72639846801758
-1279,anchor_scsn_001278,629056,0,up,51.61931610107422
-1280,anchor_scsn_001279,629308,0,up,416.4263000488281
-1281,anchor_scsn_001280,630044,0,up,56.27549743652344
-1282,anchor_scsn_001281,630129,0,up,122.28512573242188
-1283,anchor_scsn_001282,630458,0,up,72.4011001586914
-1284,anchor_scsn_001283,631060,0,up,246.0765380859375
-1285,anchor_scsn_001284,632174,0,up,383.09320068359375
-1286,anchor_scsn_001285,632225,0,up,79.6451416015625
-1287,anchor_scsn_001286,632881,0,up,58.269134521484375
-1288,anchor_scsn_001287,633531,0,up,50.140933990478516
-1289,anchor_scsn_001288,633600,0,up,65.97433471679688
-1290,anchor_scsn_001289,634281,0,up,116.36441040039062
-1291,anchor_scsn_001290,634836,0,up,237.55450439453125
-1292,anchor_scsn_001291,635311,0,up,228.40870666503906
-1293,anchor_scsn_001292,635902,0,up,59.0438117980957
-1294,anchor_scsn_001293,635959,0,up,73.69205474853516
-1295,anchor_scsn_001294,636252,0,up,75.64228820800781
-1296,anchor_scsn_001295,636724,0,up,614.2114868164062
-1297,anchor_scsn_001296,636877,0,up,126.25643920898438
-1298,anchor_scsn_001297,637018,0,up,111.84561920166016
-1299,anchor_scsn_001298,637061,0,up,214.42759704589844
-1300,anchor_scsn_001299,639411,0,up,52.43623352050781
-1301,anchor_scsn_001300,639727,0,up,72.35164642333984
-1302,anchor_scsn_001301,639765,0,up,62.870731353759766
-1303,anchor_scsn_001302,640697,0,up,163.69235229492188
-1304,anchor_scsn_001303,641779,0,up,89.533203125
-1305,anchor_scsn_001304,642265,0,up,296.6571044921875
-1306,anchor_scsn_001305,644794,0,up,69.36871337890625
-1307,anchor_scsn_001306,645000,0,up,68.75384521484375
-1308,anchor_scsn_001307,646346,0,up,50.94771194458008
-1309,anchor_scsn_001308,647737,0,up,89.30355834960938
-1310,anchor_scsn_001309,648716,0,up,71.11486053466797
-1311,anchor_scsn_001310,649178,0,up,51.55821228027344
-1312,anchor_scsn_001311,649359,0,up,95.2531509399414
-1313,anchor_scsn_001312,649808,0,up,130.35711669921875
-1314,anchor_scsn_001313,650023,0,up,157.9269256591797
-1315,anchor_scsn_001314,650134,0,up,62.0402717590332
-1316,anchor_scsn_001315,650140,0,up,54.01544952392578
-1317,anchor_scsn_001316,650819,0,up,219.35360717773438
-1318,anchor_scsn_001317,651673,0,up,146.54473876953125
-1319,anchor_scsn_001318,652229,0,up,61.25708770751953
-1320,anchor_scsn_001319,652247,0,up,68.40985107421875
-1321,anchor_scsn_001320,652457,0,up,190.16270446777344
-1322,anchor_scsn_001321,653182,0,up,72.5393295288086
-1323,anchor_scsn_001322,654295,0,up,178.32388305664062
-1324,anchor_scsn_001323,656291,0,up,160.08837890625
-1325,anchor_scsn_001324,656581,0,up,122.41860961914062
-1326,anchor_scsn_001325,656676,0,up,58.72602081298828
-1327,anchor_scsn_001326,656745,0,up,77.73284912109375
-1328,anchor_scsn_001327,657900,0,up,74.42230224609375
-1329,anchor_scsn_001328,658215,0,up,87.57625579833984
-1330,anchor_scsn_001329,658477,0,up,56.1223258972168
-1331,anchor_scsn_001330,658823,0,up,62.051822662353516
-1332,anchor_scsn_001331,659155,0,up,66.47014617919922
-1333,anchor_scsn_001332,659750,0,up,275.5941162109375
-1334,anchor_scsn_001333,661155,0,up,86.33747863769531
-1335,anchor_scsn_001334,661468,0,up,126.20143127441406
-1336,anchor_scsn_001335,661919,0,up,65.6819839477539
-1337,anchor_scsn_001336,662245,0,up,51.64690017700195
-1338,anchor_scsn_001337,662534,0,up,96.9955062866211
-1339,anchor_scsn_001338,662658,0,up,166.15345764160156
-1340,anchor_scsn_001339,663304,0,up,174.4271697998047
-1341,anchor_scsn_001340,663999,0,up,95.56182098388672
-1342,anchor_scsn_001341,664087,0,up,182.84912109375
-1343,anchor_scsn_001342,664129,0,up,127.83526611328125
-1344,anchor_scsn_001343,664300,0,up,109.17880249023438
-1345,anchor_scsn_001344,664445,0,up,60.513938903808594
-1346,anchor_scsn_001345,664684,0,up,141.50308227539062
-1347,anchor_scsn_001346,664743,0,up,172.48431396484375
-1348,anchor_scsn_001347,667585,0,up,51.58534240722656
-1349,anchor_scsn_001348,668752,0,up,63.926361083984375
-1350,anchor_scsn_001349,670581,0,up,61.18281173706055
-1351,anchor_scsn_001350,670716,0,up,52.89221954345703
-1352,anchor_scsn_001351,670887,0,up,365.5544738769531
-1353,anchor_scsn_001352,671805,0,up,51.120216369628906
-1354,anchor_scsn_001353,672246,0,up,121.40955352783203
-1355,anchor_scsn_001354,672280,0,up,118.18374633789062
-1356,anchor_scsn_001355,673073,0,up,166.28712463378906
-1357,anchor_scsn_001356,673329,0,up,165.4717254638672
-1358,anchor_scsn_001357,674063,0,up,74.08483123779297
-1359,anchor_scsn_001358,674375,0,up,95.51321411132812
-1360,anchor_scsn_001359,674692,0,up,78.1630859375
-1361,anchor_scsn_001360,677468,0,up,55.549190521240234
-1362,anchor_scsn_001361,678309,0,up,66.00908660888672
-1363,anchor_scsn_001362,678391,0,up,67.35845184326172
-1364,anchor_scsn_001363,681256,0,up,184.01177978515625
-1365,anchor_scsn_001364,681491,0,up,60.6477165222168
-1366,anchor_scsn_001365,682195,0,up,65.51359558105469
-1367,anchor_scsn_001366,682406,0,up,61.38832092285156
-1368,anchor_scsn_001367,683469,0,up,194.09420776367188
-1369,anchor_scsn_001368,683645,0,up,149.36219787597656
-1370,anchor_scsn_001369,684025,0,up,93.56968688964844
-1371,anchor_scsn_001370,686694,0,up,283.8113708496094
-1372,anchor_scsn_001371,686983,0,up,77.22997283935547
-1373,anchor_scsn_001372,687228,0,up,288.331298828125
-1374,anchor_scsn_001373,687369,0,up,98.05512237548828
-1375,anchor_scsn_001374,688083,0,up,75.04385375976562
-1376,anchor_scsn_001375,688345,0,up,61.71445083618164
-1377,anchor_scsn_001376,688905,0,up,190.94784545898438
-1378,anchor_scsn_001377,689000,0,up,130.7174835205078
-1379,anchor_scsn_001378,689020,0,up,59.309696197509766
-1380,anchor_scsn_001379,689153,0,up,59.197242736816406
-1381,anchor_scsn_001380,689342,0,up,554.1979370117188
-1382,anchor_scsn_001381,689376,0,up,147.55694580078125
-1383,anchor_scsn_001382,689646,0,up,51.219139099121094
-1384,anchor_scsn_001383,689791,0,up,188.13253784179688
-1385,anchor_scsn_001384,689900,0,up,56.70439910888672
-1386,anchor_scsn_001385,689984,0,up,224.82174682617188
-1387,anchor_scsn_001386,690235,0,up,103.26921844482422
-1388,anchor_scsn_001387,691227,0,up,50.28376007080078
-1389,anchor_scsn_001388,691623,0,up,726.5425415039062
-1390,anchor_scsn_001389,691851,0,up,77.31868743896484
-1391,anchor_scsn_001390,691961,0,up,115.83348846435547
-1392,anchor_scsn_001391,692125,0,up,553.8474731445312
-1393,anchor_scsn_001392,694178,0,up,82.89318084716797
-1394,anchor_scsn_001393,694758,0,up,373.33233642578125
-1395,anchor_scsn_001394,694785,0,up,109.83685302734375
-1396,anchor_scsn_001395,695399,0,up,129.06471252441406
-1397,anchor_scsn_001396,695870,0,up,79.0468521118164
-1398,anchor_scsn_001397,696344,0,up,73.0739974975586
-1399,anchor_scsn_001398,697277,0,up,129.99667358398438
-1400,anchor_scsn_001399,697693,0,up,158.87501525878906
-1401,anchor_scsn_001400,698308,0,up,68.59563446044922
-1402,anchor_scsn_001401,698889,0,up,100.52947235107422
-1403,anchor_scsn_001402,699317,0,up,217.21560668945312
-1404,anchor_scsn_001403,699710,0,up,50.60000991821289
-1405,anchor_scsn_001404,701101,0,up,73.96387481689453
-1406,anchor_scsn_001405,701304,0,up,168.29116821289062
-1407,anchor_scsn_001406,701900,0,up,293.47186279296875
-1408,anchor_scsn_001407,702149,0,up,497.74029541015625
-1409,anchor_scsn_001408,702293,0,up,316.5600891113281
-1410,anchor_scsn_001409,702362,0,up,91.9841079711914
-1411,anchor_scsn_001410,702370,0,up,80.3977279663086
-1412,anchor_scsn_001411,702379,0,up,59.37334060668945
-1413,anchor_scsn_001412,702481,0,up,111.470947265625
-1414,anchor_scsn_001413,702749,0,up,64.37165069580078
-1415,anchor_scsn_001414,702846,0,up,125.14004516601562
-1416,anchor_scsn_001415,703209,0,up,275.13067626953125
-1417,anchor_scsn_001416,703295,0,up,160.61099243164062
-1418,anchor_scsn_001417,703496,0,up,57.35282897949219
-1419,anchor_scsn_001418,704220,0,up,80.94183349609375
-1420,anchor_scsn_001419,704545,0,up,73.4844741821289
-1421,anchor_scsn_001420,704589,0,up,104.18284606933594
-1422,anchor_scsn_001421,705598,0,up,123.84193420410156
-1423,anchor_scsn_001422,705695,0,up,109.45626831054688
-1424,anchor_scsn_001423,705973,0,up,94.98763275146484
-1425,anchor_scsn_001424,708245,0,up,52.989871978759766
-1426,anchor_scsn_001425,708732,0,up,271.56976318359375
-1427,anchor_scsn_001426,709256,0,up,95.03553771972656
-1428,anchor_scsn_001427,709296,0,up,63.02356719970703
-1429,anchor_scsn_001428,709350,0,up,61.95820999145508
-1430,anchor_scsn_001429,709801,0,up,212.723388671875
-1431,anchor_scsn_001430,709945,0,up,103.67388153076172
-1432,anchor_scsn_001431,710267,0,up,111.5486831665039
-1433,anchor_scsn_001432,710274,0,up,358.3650817871094
-1434,anchor_scsn_001433,710710,0,up,117.11911010742188
-1435,anchor_scsn_001434,711961,0,up,55.71160888671875
-1436,anchor_scsn_001435,712604,0,up,72.38499450683594
-1437,anchor_scsn_001436,713524,0,up,70.14307403564453
-1438,anchor_scsn_001437,713680,0,up,53.23511505126953
-1439,anchor_scsn_001438,713687,0,up,522.6626586914062
-1440,anchor_scsn_001439,713753,0,up,212.79733276367188
-1441,anchor_scsn_001440,714571,0,up,51.54158020019531
-1442,anchor_scsn_001441,714677,0,up,131.33375549316406
-1443,anchor_scsn_001442,714681,0,up,84.45697784423828
-1444,anchor_scsn_001443,715624,0,up,53.544132232666016
-1445,anchor_scsn_001444,715972,0,up,80.59532928466797
-1446,anchor_scsn_001445,716438,0,up,85.70125579833984
-1447,anchor_scsn_001446,716810,0,up,303.3870544433594
-1448,anchor_scsn_001447,717218,0,up,120.94540405273438
-1449,anchor_scsn_001448,717472,0,up,119.69853973388672
-1450,anchor_scsn_001449,718561,0,up,287.1583557128906
-1451,anchor_scsn_001450,719214,0,up,124.70804595947266
-1452,anchor_scsn_001451,720349,0,up,50.59782409667969
-1453,anchor_scsn_001452,720390,0,up,217.6941375732422
-1454,anchor_scsn_001453,721213,0,up,382.8623352050781
-1455,anchor_scsn_001454,721886,0,up,100.94842529296875
-1456,anchor_scsn_001455,722753,0,up,987.2676391601562
-1457,anchor_scsn_001456,723500,0,up,71.95201873779297
-1458,anchor_scsn_001457,723586,0,up,345.18670654296875
-1459,anchor_scsn_001458,723902,0,up,95.33678436279297
-1460,anchor_scsn_001459,725420,0,up,57.216773986816406
-1461,anchor_scsn_001460,725880,0,up,91.45329284667969
-1462,anchor_scsn_001461,726479,0,up,59.696266174316406
-1463,anchor_scsn_001462,726648,0,up,77.96912384033203
-1464,anchor_scsn_001463,727193,0,up,70.84044647216797
-1465,anchor_scsn_001464,728411,0,up,262.7677917480469
-1466,anchor_scsn_001465,728630,0,up,142.052490234375
-1467,anchor_scsn_001466,728690,0,up,145.6143341064453
-1468,anchor_scsn_001467,730671,0,up,86.24169158935547
-1469,anchor_scsn_001468,731668,0,up,175.23370361328125
-1470,anchor_scsn_001469,731945,0,up,96.80302429199219
-1471,anchor_scsn_001470,732435,0,up,121.20042419433594
-1472,anchor_scsn_001471,732967,0,up,103.09530639648438
-1473,anchor_scsn_001472,733052,0,up,62.18062210083008
-1474,anchor_scsn_001473,733364,0,up,118.50653839111328
-1475,anchor_scsn_001474,733646,0,up,109.51307678222656
-1476,anchor_scsn_001475,733751,0,up,536.1751098632812
-1477,anchor_scsn_001476,734532,0,up,86.76109313964844
-1478,anchor_scsn_001477,734533,0,up,113.16715240478516
-1479,anchor_scsn_001478,734857,0,up,265.3763122558594
-1480,anchor_scsn_001479,735681,0,up,114.04456329345703
-1481,anchor_scsn_001480,737069,0,up,59.84977722167969
-1482,anchor_scsn_001481,737341,0,up,802.20166015625
-1483,anchor_scsn_001482,737806,0,up,71.80459594726562
-1484,anchor_scsn_001483,738003,0,up,85.28500366210938
-1485,anchor_scsn_001484,738159,0,up,54.14048385620117
-1486,anchor_scsn_001485,738514,0,up,195.36228942871094
-1487,anchor_scsn_001486,738965,0,up,90.95030212402344
-1488,anchor_scsn_001487,739282,0,up,65.15725708007812
-1489,anchor_scsn_001488,739402,0,up,108.47373962402344
-1490,anchor_scsn_001489,739573,0,up,60.605342864990234
-1491,anchor_scsn_001490,739652,0,up,231.1193389892578
-1492,anchor_scsn_001491,739831,0,up,56.75700759887695
-1493,anchor_scsn_001492,740507,0,up,79.99806213378906
-1494,anchor_scsn_001493,740599,0,up,588.4266967773438
-1495,anchor_scsn_001494,740659,0,up,55.318084716796875
-1496,anchor_scsn_001495,742029,0,up,74.63644409179688
-1497,anchor_scsn_001496,742384,0,up,81.61332702636719
-1498,anchor_scsn_001497,743115,0,up,306.5633544921875
-1499,anchor_scsn_001498,743172,0,up,167.9982452392578
-1500,anchor_scsn_001499,743434,0,up,595.5993041992188
-1501,anchor_scsn_001500,743672,0,up,216.22166442871094
-1502,anchor_scsn_001501,744055,0,up,68.56859588623047
-1503,anchor_scsn_001502,744574,0,up,73.49960327148438
-1504,anchor_scsn_001503,745124,0,up,73.26061248779297
-1505,anchor_scsn_001504,746249,0,up,72.34698486328125
-1506,anchor_scsn_001505,746325,0,up,129.6198272705078
-1507,anchor_scsn_001506,746395,0,up,56.63540267944336
-1508,anchor_scsn_001507,746624,0,up,129.62640380859375
-1509,anchor_scsn_001508,746808,0,up,127.56539154052734
-1510,anchor_scsn_001509,748062,0,up,59.152137756347656
-1511,anchor_scsn_001510,748163,0,up,105.53126525878906
-1512,anchor_scsn_001511,749001,0,up,301.417724609375
-1513,anchor_scsn_001512,749794,0,up,95.00243377685547
-1514,anchor_scsn_001513,749970,0,up,79.74115753173828
-1515,anchor_scsn_001514,750015,0,up,99.83307647705078
-1516,anchor_scsn_001515,750023,0,up,213.88973999023438
-1517,anchor_scsn_001516,750118,0,up,56.452762603759766
-1518,anchor_scsn_001517,750388,0,up,116.58478546142578
-1519,anchor_scsn_001518,750573,0,up,68.59835815429688
-1520,anchor_scsn_001519,751815,0,up,71.69882202148438
-1521,anchor_scsn_001520,752000,0,up,56.50238800048828
-1522,anchor_scsn_001521,753628,0,up,69.29474639892578
-1523,anchor_scsn_001522,753654,0,up,62.991764068603516
-1524,anchor_scsn_001523,754728,0,up,79.44093322753906
-1525,anchor_scsn_001524,754940,0,up,86.76439666748047
-1526,anchor_scsn_001525,756083,0,up,57.68046951293945
-1527,anchor_scsn_001526,756462,0,up,147.55551147460938
-1528,anchor_scsn_001527,756888,0,up,332.1394958496094
-1529,anchor_scsn_001528,756994,0,up,54.25629806518555
-1530,anchor_scsn_001529,757406,0,up,189.97325134277344
-1531,anchor_scsn_001530,758349,0,up,118.72280883789062
-1532,anchor_scsn_001531,758748,0,up,132.96749877929688
-1533,anchor_scsn_001532,758910,0,up,125.28636932373047
-1534,anchor_scsn_001533,759370,0,up,50.79244613647461
-1535,anchor_scsn_001534,759550,0,up,91.65926361083984
-1536,anchor_scsn_001535,759634,0,up,80.55548095703125
-1537,anchor_scsn_001536,759984,0,up,821.40576171875
-1538,anchor_scsn_001537,760173,0,up,91.71515655517578
-1539,anchor_scsn_001538,760511,0,up,81.34859466552734
-1540,anchor_scsn_001539,762434,0,up,68.78700256347656
-1541,anchor_scsn_001540,763709,0,up,89.98104095458984
-1542,anchor_scsn_001541,764971,0,up,142.5052490234375
-1543,anchor_scsn_001542,765664,0,up,171.5255584716797
-1544,anchor_scsn_001543,766424,0,up,60.323097229003906
-1545,anchor_scsn_001544,767297,0,up,74.25574493408203
-1546,anchor_scsn_001545,768665,0,up,67.28868103027344
-1547,anchor_scsn_001546,770617,0,up,68.59014129638672
-1548,anchor_scsn_001547,771294,0,up,117.6750717163086
-1549,anchor_scsn_001548,771791,0,up,114.05953979492188
-1550,anchor_scsn_001549,772111,0,up,76.17002868652344
-1551,anchor_scsn_001550,772182,0,up,70.95655059814453
-1552,anchor_scsn_001551,772402,0,up,122.83607482910156
-1553,anchor_scsn_001552,773411,0,up,92.9627685546875
-1554,anchor_scsn_001553,773796,0,up,57.90696334838867
-1555,anchor_scsn_001554,774210,0,up,170.1367950439453
-1556,anchor_scsn_001555,774721,0,up,94.57299041748047
-1557,anchor_scsn_001556,774797,0,up,182.5682830810547
-1558,anchor_scsn_001557,776969,0,up,63.95923614501953
-1559,anchor_scsn_001558,778040,0,up,58.14851379394531
-1560,anchor_scsn_001559,778552,0,up,55.18488693237305
-1561,anchor_scsn_001560,778828,0,up,508.2272644042969
-1562,anchor_scsn_001561,779062,0,up,162.53396606445312
-1563,anchor_scsn_001562,779491,0,up,53.81196594238281
-1564,anchor_scsn_001563,780412,0,up,52.55708694458008
-1565,anchor_scsn_001564,781430,0,up,104.04290008544922
-1566,anchor_scsn_001565,781437,0,up,138.06869506835938
-1567,anchor_scsn_001566,781459,0,up,497.6296081542969
-1568,anchor_scsn_001567,781844,0,up,53.67312240600586
-1569,anchor_scsn_001568,782119,0,up,197.43936157226562
-1570,anchor_scsn_001569,782353,0,up,106.70663452148438
-1571,anchor_scsn_001570,782490,0,up,52.98234939575195
-1572,anchor_scsn_001571,782894,0,up,92.12679290771484
-1573,anchor_scsn_001572,782980,0,up,50.09418487548828
-1574,anchor_scsn_001573,783363,0,up,53.93327331542969
-1575,anchor_scsn_001574,783416,0,up,127.44432067871094
-1576,anchor_scsn_001575,784418,0,up,162.44790649414062
-1577,anchor_scsn_001576,784552,0,up,107.47370147705078
-1578,anchor_scsn_001577,784690,0,up,198.20863342285156
-1579,anchor_scsn_001578,785064,0,up,59.834251403808594
-1580,anchor_scsn_001579,785192,0,up,153.61260986328125
-1581,anchor_scsn_001580,785447,0,up,64.32859802246094
-1582,anchor_scsn_001581,785628,0,up,56.0187873840332
-1583,anchor_scsn_001582,786003,0,up,119.74654388427734
-1584,anchor_scsn_001583,786438,0,up,178.7297821044922
-1585,anchor_scsn_001584,786761,0,up,54.13014602661133
-1586,anchor_scsn_001585,786844,0,up,62.94670486450195
-1587,anchor_scsn_001586,787089,0,up,136.6588134765625
-1588,anchor_scsn_001587,787184,0,up,110.6351089477539
-1589,anchor_scsn_001588,787236,0,up,70.82661437988281
-1590,anchor_scsn_001589,788006,0,up,61.53413391113281
-1591,anchor_scsn_001590,788188,0,up,132.42214965820312
-1592,anchor_scsn_001591,788256,0,up,125.4773941040039
-1593,anchor_scsn_001592,788437,0,up,70.79000091552734
-1594,anchor_scsn_001593,788466,0,up,104.41947937011719
-1595,anchor_scsn_001594,788758,0,up,224.99905395507812
-1596,anchor_scsn_001595,789257,0,up,136.58087158203125
-1597,anchor_scsn_001596,789405,0,up,213.03530883789062
-1598,anchor_scsn_001597,789977,0,up,62.453617095947266
-1599,anchor_scsn_001598,791001,0,up,93.98383331298828
-1600,anchor_scsn_001599,791527,0,up,131.8338623046875
-1601,anchor_scsn_001600,791718,0,up,218.98617553710938
-1602,anchor_scsn_001601,791846,0,up,67.29228973388672
-1603,anchor_scsn_001602,792111,0,up,116.39420318603516
-1604,anchor_scsn_001603,792236,0,up,66.75468444824219
-1605,anchor_scsn_001604,792250,0,up,180.10879516601562
-1606,anchor_scsn_001605,792646,0,up,138.8471221923828
-1607,anchor_scsn_001606,793520,0,up,399.4536437988281
-1608,anchor_scsn_001607,794028,0,up,53.09461212158203
-1609,anchor_scsn_001608,794102,0,up,86.40824127197266
-1610,anchor_scsn_001609,794121,0,up,290.85955810546875
-1611,anchor_scsn_001610,794517,0,up,95.36389923095703
-1612,anchor_scsn_001611,794616,0,up,90.41755676269531
-1613,anchor_scsn_001612,794711,0,up,76.84811401367188
-1614,anchor_scsn_001613,795231,0,up,75.59960174560547
-1615,anchor_scsn_001614,796997,0,up,129.48916625976562
-1616,anchor_scsn_001615,797185,0,up,62.05678939819336
-1617,anchor_scsn_001616,797639,0,up,125.11190795898438
-1618,anchor_scsn_001617,798735,0,up,266.1470642089844
-1619,anchor_scsn_001618,798774,0,up,256.5024719238281
-1620,anchor_scsn_001619,799096,0,up,68.21896362304688
-1621,anchor_scsn_001620,799407,0,up,64.74272155761719
-1622,anchor_scsn_001621,799947,0,up,69.00047302246094
-1623,anchor_scsn_001622,800082,0,up,111.2354736328125
-1624,anchor_scsn_001623,800296,0,up,71.30162048339844
-1625,anchor_scsn_001624,801144,0,up,153.41403198242188
-1626,anchor_scsn_001625,801362,0,up,56.97538375854492
-1627,anchor_scsn_001626,802238,0,up,63.5050048828125
-1628,anchor_scsn_001627,802474,0,up,440.1053771972656
-1629,anchor_scsn_001628,802687,0,up,92.1436538696289
-1630,anchor_scsn_001629,802751,0,up,161.8631134033203
-1631,anchor_scsn_001630,803306,0,up,60.86515808105469
-1632,anchor_scsn_001631,804157,0,up,173.83514404296875
-1633,anchor_scsn_001632,804405,0,up,117.69475555419922
-1634,anchor_scsn_001633,805158,0,up,276.12884521484375
-1635,anchor_scsn_001634,805573,0,up,667.0117797851562
-1636,anchor_scsn_001635,805797,0,up,131.01100158691406
-1637,anchor_scsn_001636,805914,0,up,79.4234619140625
-1638,anchor_scsn_001637,806286,0,up,60.32004928588867
-1639,anchor_scsn_001638,807710,0,up,180.23052978515625
-1640,anchor_scsn_001639,808141,0,up,105.56343841552734
-1641,anchor_scsn_001640,808931,0,up,201.6723175048828
-1642,anchor_scsn_001641,809741,0,up,145.74990844726562
-1643,anchor_scsn_001642,810105,0,up,68.46504211425781
-1644,anchor_scsn_001643,810572,0,up,90.41476440429688
-1645,anchor_scsn_001644,811104,0,up,65.39834594726562
-1646,anchor_scsn_001645,811504,0,up,50.435184478759766
-1647,anchor_scsn_001646,811929,0,up,51.09485626220703
-1648,anchor_scsn_001647,812003,0,up,145.65919494628906
-1649,anchor_scsn_001648,812085,0,up,63.655548095703125
-1650,anchor_scsn_001649,812466,0,up,297.96295166015625
-1651,anchor_scsn_001650,812519,0,up,83.2087631225586
-1652,anchor_scsn_001651,814493,0,up,112.1363296508789
-1653,anchor_scsn_001652,814657,0,up,280.864501953125
-1654,anchor_scsn_001653,814903,0,up,95.77172088623047
-1655,anchor_scsn_001654,815471,0,up,71.25782012939453
-1656,anchor_scsn_001655,816122,0,up,169.73733520507812
-1657,anchor_scsn_001656,816181,0,up,74.67781066894531
-1658,anchor_scsn_001657,816496,0,up,121.10888671875
-1659,anchor_scsn_001658,816535,0,up,242.4714813232422
-1660,anchor_scsn_001659,817387,0,up,402.89593505859375
-1661,anchor_scsn_001660,818453,0,up,100.39545440673828
-1662,anchor_scsn_001661,818888,0,up,56.3382568359375
-1663,anchor_scsn_001662,819010,0,up,58.599308013916016
-1664,anchor_scsn_001663,819942,0,up,133.92922973632812
-1665,anchor_scsn_001664,820483,0,up,58.20494842529297
-1666,anchor_scsn_001665,820762,0,up,80.82135009765625
-1667,anchor_scsn_001666,820970,0,up,83.76473236083984
-1668,anchor_scsn_001667,821500,0,up,218.72860717773438
-1669,anchor_scsn_001668,822780,0,up,94.14202880859375
-1670,anchor_scsn_001669,822895,0,up,94.15770721435547
-1671,anchor_scsn_001670,823163,0,up,228.59158325195312
-1672,anchor_scsn_001671,823203,0,up,170.05946350097656
-1673,anchor_scsn_001672,823209,0,up,67.90997314453125
-1674,anchor_scsn_001673,823873,0,up,68.15185546875
-1675,anchor_scsn_001674,823919,0,up,54.05741500854492
-1676,anchor_scsn_001675,823961,0,up,86.66252136230469
-1677,anchor_scsn_001676,824896,0,up,64.12696838378906
-1678,anchor_scsn_001677,825001,0,up,69.56993103027344
-1679,anchor_scsn_001678,825686,0,up,69.65234375
-1680,anchor_scsn_001679,826033,0,up,54.78660583496094
-1681,anchor_scsn_001680,826261,0,up,51.162776947021484
-1682,anchor_scsn_001681,826366,0,up,244.27679443359375
-1683,anchor_scsn_001682,826430,0,up,88.95182037353516
-1684,anchor_scsn_001683,826656,0,up,152.19253540039062
-1685,anchor_scsn_001684,826918,0,up,299.26123046875
-1686,anchor_scsn_001685,827652,0,up,62.80369567871094
-1687,anchor_scsn_001686,828117,0,up,79.85838317871094
-1688,anchor_scsn_001687,828723,0,up,73.3785629272461
-1689,anchor_scsn_001688,828785,0,up,152.3433837890625
-1690,anchor_scsn_001689,828883,0,up,68.09337615966797
-1691,anchor_scsn_001690,829416,0,up,65.13568878173828
-1692,anchor_scsn_001691,830770,0,up,83.41476440429688
-1693,anchor_scsn_001692,832117,0,up,280.1416320800781
-1694,anchor_scsn_001693,832483,0,up,76.31214904785156
-1695,anchor_scsn_001694,832506,0,up,144.74209594726562
-1696,anchor_scsn_001695,832561,0,up,71.8156509399414
-1697,anchor_scsn_001696,832709,0,up,87.66598510742188
-1698,anchor_scsn_001697,834528,0,up,694.3699340820312
-1699,anchor_scsn_001698,834858,0,up,102.32542419433594
-1700,anchor_scsn_001699,836002,0,up,50.08572006225586
-1701,anchor_scsn_001700,836022,0,up,61.80299377441406
-1702,anchor_scsn_001701,836207,0,up,118.27599334716797
-1703,anchor_scsn_001702,836360,0,up,76.10060119628906
-1704,anchor_scsn_001703,838148,0,up,98.6064224243164
-1705,anchor_scsn_001704,838442,0,up,159.80795288085938
-1706,anchor_scsn_001705,838949,0,up,73.00342559814453
-1707,anchor_scsn_001706,839100,0,up,100.23133850097656
-1708,anchor_scsn_001707,839108,0,up,209.25413513183594
-1709,anchor_scsn_001708,839351,0,up,66.9786376953125
-1710,anchor_scsn_001709,839402,0,up,51.96924591064453
-1711,anchor_scsn_001710,839880,0,up,108.37535858154297
-1712,anchor_scsn_001711,839900,0,up,91.5908203125
-1713,anchor_scsn_001712,840218,0,up,133.19398498535156
-1714,anchor_scsn_001713,840842,0,up,122.70768737792969
-1715,anchor_scsn_001714,841297,0,up,97.67626190185547
-1716,anchor_scsn_001715,841467,0,up,202.92051696777344
-1717,anchor_scsn_001716,841992,0,up,94.0157470703125
-1718,anchor_scsn_001717,841995,0,up,259.4200744628906
-1719,anchor_scsn_001718,842120,0,up,55.33024215698242
-1720,anchor_scsn_001719,842367,0,up,87.71713256835938
-1721,anchor_scsn_001720,843191,0,up,249.88668823242188
-1722,anchor_scsn_001721,844425,0,up,54.80887985229492
-1723,anchor_scsn_001722,845326,0,up,442.9654235839844
-1724,anchor_scsn_001723,845600,0,up,55.27307891845703
-1725,anchor_scsn_001724,845689,0,up,86.91902160644531
-1726,anchor_scsn_001725,845906,0,up,80.0602798461914
-1727,anchor_scsn_001726,846015,0,up,784.71142578125
-1728,anchor_scsn_001727,846292,0,up,69.4941177368164
-1729,anchor_scsn_001728,846721,0,up,80.1670150756836
-1730,anchor_scsn_001729,846799,0,up,370.9514465332031
-1731,anchor_scsn_001730,847047,0,up,75.34658813476562
-1732,anchor_scsn_001731,847432,0,up,110.49141693115234
-1733,anchor_scsn_001732,847573,0,up,60.27492904663086
-1734,anchor_scsn_001733,848009,0,up,54.49348831176758
-1735,anchor_scsn_001734,848520,0,up,52.610198974609375
-1736,anchor_scsn_001735,848692,0,up,60.28178787231445
-1737,anchor_scsn_001736,848891,0,up,79.69869995117188
-1738,anchor_scsn_001737,849949,0,up,79.7256088256836
-1739,anchor_scsn_001738,850139,0,up,65.6829833984375
-1740,anchor_scsn_001739,850985,0,up,57.34260559082031
-1741,anchor_scsn_001740,851433,0,up,77.12630462646484
-1742,anchor_scsn_001741,852751,0,up,51.598236083984375
-1743,anchor_scsn_001742,852755,0,up,76.5483627319336
-1744,anchor_scsn_001743,853801,0,up,548.1491088867188
-1745,anchor_scsn_001744,854577,0,up,77.38001251220703
-1746,anchor_scsn_001745,855596,0,up,127.02281951904297
-1747,anchor_scsn_001746,855763,0,up,122.64305877685547
-1748,anchor_scsn_001747,855920,0,up,58.53126525878906
-1749,anchor_scsn_001748,855958,0,up,56.78879165649414
-1750,anchor_scsn_001749,857354,0,up,125.21527862548828
-1751,anchor_scsn_001750,857617,0,up,92.06765747070312
-1752,anchor_scsn_001751,857664,0,up,162.37904357910156
-1753,anchor_scsn_001752,857834,0,up,198.0491943359375
-1754,anchor_scsn_001753,857983,0,up,71.96582794189453
-1755,anchor_scsn_001754,858136,0,up,97.212646484375
-1756,anchor_scsn_001755,861503,0,up,121.3427505493164
-1757,anchor_scsn_001756,862803,0,up,60.629058837890625
-1758,anchor_scsn_001757,864134,0,up,317.06158447265625
-1759,anchor_scsn_001758,865975,0,up,266.03076171875
-1760,anchor_scsn_001759,867393,0,up,174.54833984375
-1761,anchor_scsn_001760,867799,0,up,92.35262298583984
-1762,anchor_scsn_001761,868011,0,up,92.48970794677734
-1763,anchor_scsn_001762,868878,0,up,177.9799346923828
-1764,anchor_scsn_001763,869791,0,up,62.074729919433594
-1765,anchor_scsn_001764,871151,0,up,99.4891128540039
-1766,anchor_scsn_001765,871338,0,up,65.22547149658203
-1767,anchor_scsn_001766,872617,0,up,85.35771179199219
-1768,anchor_scsn_001767,872766,0,up,162.63973999023438
-1769,anchor_scsn_001768,873162,0,up,57.895912170410156
-1770,anchor_scsn_001769,874703,0,up,76.40563201904297
-1771,anchor_scsn_001770,874710,0,up,62.434349060058594
-1772,anchor_scsn_001771,876472,0,up,73.29058837890625
-1773,anchor_scsn_001772,877797,0,up,80.15998840332031
-1774,anchor_scsn_001773,878858,0,up,210.3000030517578
-1775,anchor_scsn_001774,880391,0,up,56.91790771484375
-1776,anchor_scsn_001775,880404,0,up,65.75592803955078
-1777,anchor_scsn_001776,881740,0,up,81.2143783569336
-1778,anchor_scsn_001777,884118,0,up,75.16179656982422
-1779,anchor_scsn_001778,884892,0,up,120.65007019042969
-1780,anchor_scsn_001779,885423,0,up,201.87615966796875
-1781,anchor_scsn_001780,885442,0,up,56.050662994384766
-1782,anchor_scsn_001781,885907,0,up,98.54658508300781
-1783,anchor_scsn_001782,886438,0,up,55.245948791503906
-1784,anchor_scsn_001783,886487,0,up,223.67503356933594
-1785,anchor_scsn_001784,887722,0,up,54.7500114440918
-1786,anchor_scsn_001785,888074,0,up,655.4738159179688
-1787,anchor_scsn_001786,888104,0,up,299.1363220214844
-1788,anchor_scsn_001787,888467,0,up,117.7839126586914
-1789,anchor_scsn_001788,889152,0,up,739.8781127929688
-1790,anchor_scsn_001789,889317,0,up,89.3304443359375
-1791,anchor_scsn_001790,889429,0,up,380.6077575683594
-1792,anchor_scsn_001791,889727,0,up,78.97525024414062
-1793,anchor_scsn_001792,889900,0,up,319.8359069824219
-1794,anchor_scsn_001793,890578,0,up,54.37519454956055
-1795,anchor_scsn_001794,890776,0,up,57.41435623168945
-1796,anchor_scsn_001795,890827,0,up,67.33353424072266
-1797,anchor_scsn_001796,891708,0,up,117.70497131347656
-1798,anchor_scsn_001797,892047,0,up,217.0096893310547
-1799,anchor_scsn_001798,892171,0,up,75.03533172607422
-1800,anchor_scsn_001799,892910,0,up,91.45545959472656
-1801,anchor_scsn_001800,893986,0,up,141.51995849609375
-1802,anchor_scsn_001801,894025,0,up,83.97537231445312
-1803,anchor_scsn_001802,895000,0,up,150.38897705078125
-1804,anchor_scsn_001803,895884,0,up,79.8466796875
-1805,anchor_scsn_001804,896485,0,up,175.77525329589844
-1806,anchor_scsn_001805,897981,0,up,113.80541229248047
-1807,anchor_scsn_001806,900114,0,up,97.79278564453125
-1808,anchor_scsn_001807,901116,0,up,53.87919616699219
-1809,anchor_scsn_001808,901265,0,up,56.69612121582031
-1810,anchor_scsn_001809,901998,0,up,60.22549819946289
-1811,anchor_scsn_001810,901999,0,up,120.72330474853516
-1812,anchor_scsn_001811,902290,0,up,100.30116271972656
-1813,anchor_scsn_001812,903246,0,up,194.92156982421875
-1814,anchor_scsn_001813,903365,0,up,436.46466064453125
-1815,anchor_scsn_001814,903598,0,up,57.822349548339844
-1816,anchor_scsn_001815,903854,0,up,225.16888427734375
-1817,anchor_scsn_001816,904472,0,up,65.83660888671875
-1818,anchor_scsn_001817,904824,0,up,197.17730712890625
-1819,anchor_scsn_001818,904861,0,up,54.483543395996094
-1820,anchor_scsn_001819,905406,0,up,65.54901123046875
-1821,anchor_scsn_001820,905949,0,up,117.09593963623047
-1822,anchor_scsn_001821,906152,0,up,59.46022033691406
-1823,anchor_scsn_001822,906314,0,up,55.270355224609375
-1824,anchor_scsn_001823,906474,0,up,91.90522003173828
-1825,anchor_scsn_001824,906839,0,up,68.7786636352539
-1826,anchor_scsn_001825,907057,0,up,74.29745483398438
-1827,anchor_scsn_001826,908711,0,up,111.6334457397461
-1828,anchor_scsn_001827,909519,0,up,108.74526977539062
-1829,anchor_scsn_001828,910671,0,up,182.96923828125
-1830,anchor_scsn_001829,911080,0,up,84.28962707519531
-1831,anchor_scsn_001830,912444,0,up,350.851806640625
-1832,anchor_scsn_001831,912816,0,up,50.28456115722656
-1833,anchor_scsn_001832,912824,0,up,612.3746948242188
-1834,anchor_scsn_001833,912931,0,up,54.248355865478516
-1835,anchor_scsn_001834,912944,0,up,67.89060974121094
-1836,anchor_scsn_001835,912948,0,up,77.70032501220703
-1837,anchor_scsn_001836,913084,0,up,211.6448211669922
-1838,anchor_scsn_001837,913504,0,up,76.72579956054688
-1839,anchor_scsn_001838,914014,0,up,89.58177185058594
-1840,anchor_scsn_001839,914072,0,up,62.88898468017578
-1841,anchor_scsn_001840,914107,0,up,53.18446350097656
-1842,anchor_scsn_001841,914277,0,up,739.8058471679688
-1843,anchor_scsn_001842,915124,0,up,101.71790313720703
-1844,anchor_scsn_001843,915476,0,up,71.03412628173828
-1845,anchor_scsn_001844,915565,0,up,96.1441879272461
-1846,anchor_scsn_001845,916004,0,up,57.73692321777344
-1847,anchor_scsn_001846,916360,0,up,256.0904846191406
-1848,anchor_scsn_001847,916493,0,up,115.99032592773438
-1849,anchor_scsn_001848,916963,0,up,91.31041717529297
-1850,anchor_scsn_001849,917309,0,up,65.02886199951172
-1851,anchor_scsn_001850,917558,0,up,93.72630310058594
-1852,anchor_scsn_001851,919360,0,up,83.57107543945312
-1853,anchor_scsn_001852,919612,0,up,91.75506591796875
-1854,anchor_scsn_001853,921378,0,up,218.05770874023438
-1855,anchor_scsn_001854,921553,0,up,85.15055847167969
-1856,anchor_scsn_001855,921949,0,up,77.02791595458984
-1857,anchor_scsn_001856,923099,0,up,315.58135986328125
-1858,anchor_scsn_001857,923671,0,up,103.61837768554688
-1859,anchor_scsn_001858,923859,0,up,53.160926818847656
-1860,anchor_scsn_001859,924039,0,up,56.83851623535156
-1861,anchor_scsn_001860,924052,0,up,309.77972412109375
-1862,anchor_scsn_001861,924188,0,up,202.4495849609375
-1863,anchor_scsn_001862,925573,0,up,67.8543472290039
-1864,anchor_scsn_001863,925900,0,up,82.80704498291016
-1865,anchor_scsn_001864,926812,0,up,56.189212799072266
-1866,anchor_scsn_001865,927163,0,up,139.0086669921875
-1867,anchor_scsn_001866,927321,0,up,83.05534362792969
-1868,anchor_scsn_001867,928174,0,up,57.26945114135742
-1869,anchor_scsn_001868,928704,0,up,88.43873596191406
-1870,anchor_scsn_001869,929753,0,up,68.80535125732422
-1871,anchor_scsn_001870,929852,0,up,397.1025390625
-1872,anchor_scsn_001871,930312,0,up,83.17842864990234
-1873,anchor_scsn_001872,930329,0,up,62.0201416015625
-1874,anchor_scsn_001873,930727,0,up,55.9000244140625
-1875,anchor_scsn_001874,932752,0,up,151.8170166015625
-1876,anchor_scsn_001875,933116,0,up,76.88057708740234
-1877,anchor_scsn_001876,933125,0,up,164.56068420410156
-1878,anchor_scsn_001877,935223,0,up,380.7948303222656
-1879,anchor_scsn_001878,935320,0,up,102.28096008300781
-1880,anchor_scsn_001879,935478,0,up,144.72935485839844
-1881,anchor_scsn_001880,936139,0,up,155.5780029296875
-1882,anchor_scsn_001881,936152,0,up,410.1228942871094
-1883,anchor_scsn_001882,936202,0,up,66.00080108642578
-1884,anchor_scsn_001883,936525,0,up,75.60481262207031
-1885,anchor_scsn_001884,936864,0,up,111.26443481445312
-1886,anchor_scsn_001885,939430,0,up,85.27735137939453
-1887,anchor_scsn_001886,940102,0,up,54.926918029785156
-1888,anchor_scsn_001887,942019,0,up,99.30940246582031
-1889,anchor_scsn_001888,942368,0,up,82.9203872680664
-1890,anchor_scsn_001889,944210,0,up,62.830406188964844
-1891,anchor_scsn_001890,944290,0,up,171.2841339111328
-1892,anchor_scsn_001891,944512,0,up,111.85191345214844
-1893,anchor_scsn_001892,945372,0,up,81.39910888671875
-1894,anchor_scsn_001893,945562,0,up,63.0625114440918
-1895,anchor_scsn_001894,946001,0,up,124.43836212158203
-1896,anchor_scsn_001895,947328,0,up,364.12384033203125
-1897,anchor_scsn_001896,947359,0,up,133.24342346191406
-1898,anchor_scsn_001897,948160,0,up,76.09162139892578
-1899,anchor_scsn_001898,948720,0,up,75.5582504272461
-1900,anchor_scsn_001899,948875,0,up,173.23289489746094
-1901,anchor_scsn_001900,948944,0,up,124.58747863769531
-1902,anchor_scsn_001901,949321,0,up,224.3149871826172
-1903,anchor_scsn_001902,949787,0,up,822.2682495117188
-1904,anchor_scsn_001903,950912,0,up,76.0374984741211
-1905,anchor_scsn_001904,951202,0,up,55.77650833129883
-1906,anchor_scsn_001905,952755,0,up,69.66340637207031
-1907,anchor_scsn_001906,952833,0,up,93.48594665527344
-1908,anchor_scsn_001907,952957,0,up,59.74761962890625
-1909,anchor_scsn_001908,953303,0,up,101.16924285888672
-1910,anchor_scsn_001909,953393,0,up,55.25398635864258
-1911,anchor_scsn_001910,953489,0,up,248.18069458007812
-1912,anchor_scsn_001911,953817,0,up,58.458465576171875
-1913,anchor_scsn_001912,954037,0,up,183.5218048095703
-1914,anchor_scsn_001913,954397,0,up,148.79396057128906
-1915,anchor_scsn_001914,955925,0,up,73.10619354248047
-1916,anchor_scsn_001915,956087,0,up,124.74449920654297
-1917,anchor_scsn_001916,956249,0,up,109.62255096435547
-1918,anchor_scsn_001917,956920,0,up,64.09596252441406
-1919,anchor_scsn_001918,957365,0,up,82.00389862060547
-1920,anchor_scsn_001919,958195,0,up,56.63618087768555
-1921,anchor_scsn_001920,958309,0,up,92.58708953857422
-1922,anchor_scsn_001921,958693,0,up,59.45561599731445
-1923,anchor_scsn_001922,958807,0,up,92.82424926757812
-1924,anchor_scsn_001923,960895,0,up,106.4312744140625
-1925,anchor_scsn_001924,961008,0,up,50.8497200012207
-1926,anchor_scsn_001925,962139,0,up,63.74403762817383
-1927,anchor_scsn_001926,962345,0,up,73.72288513183594
-1928,anchor_scsn_001927,963441,0,up,66.40628051757812
-1929,anchor_scsn_001928,963820,0,up,91.44237518310547
-1930,anchor_scsn_001929,963907,0,up,154.77137756347656
-1931,anchor_scsn_001930,964173,0,up,52.77606201171875
-1932,anchor_scsn_001931,964575,0,up,88.6686782836914
-1933,anchor_scsn_001932,966830,0,up,84.43922424316406
-1934,anchor_scsn_001933,967258,0,up,213.3912811279297
-1935,anchor_scsn_001934,967885,0,up,93.37377166748047
-1936,anchor_scsn_001935,968265,0,up,56.724124908447266
-1937,anchor_scsn_001936,968715,0,up,51.594268798828125
-1938,anchor_scsn_001937,968821,0,up,53.28556823730469
-1939,anchor_scsn_001938,968887,0,up,241.34375
-1940,anchor_scsn_001939,969476,0,up,134.73573303222656
-1941,anchor_scsn_001940,969841,0,up,63.43526077270508
-1942,anchor_scsn_001941,970037,0,up,143.77256774902344
-1943,anchor_scsn_001942,970151,0,up,140.75582885742188
-1944,anchor_scsn_001943,970707,0,up,80.51889038085938
-1945,anchor_scsn_001944,970718,0,up,409.0498962402344
-1946,anchor_scsn_001945,971191,0,up,50.43293380737305
-1947,anchor_scsn_001946,971468,0,up,131.94493103027344
-1948,anchor_scsn_001947,971567,0,up,54.456748962402344
-1949,anchor_scsn_001948,973180,0,up,57.535362243652344
-1950,anchor_scsn_001949,973605,0,up,105.87699127197266
-1951,anchor_scsn_001950,973754,0,up,53.29189682006836
-1952,anchor_scsn_001951,973999,0,up,106.8582534790039
-1953,anchor_scsn_001952,974100,0,up,187.4726104736328
-1954,anchor_scsn_001953,974175,0,up,55.48895263671875
-1955,anchor_scsn_001954,974287,0,up,204.5547637939453
-1956,anchor_scsn_001955,974602,0,up,58.07636642456055
-1957,anchor_scsn_001956,974622,0,up,54.748321533203125
-1958,anchor_scsn_001957,977354,0,up,320.5765075683594
-1959,anchor_scsn_001958,977433,0,up,69.25322723388672
-1960,anchor_scsn_001959,978001,0,up,114.64310455322266
-1961,anchor_scsn_001960,978106,0,up,75.42816162109375
-1962,anchor_scsn_001961,978417,0,up,61.74732208251953
-1963,anchor_scsn_001962,979715,0,up,70.94641876220703
-1964,anchor_scsn_001963,979916,0,up,105.12371063232422
-1965,anchor_scsn_001964,980670,0,up,55.03640365600586
-1966,anchor_scsn_001965,981239,0,up,71.65872955322266
-1967,anchor_scsn_001966,981715,0,up,67.1905517578125
-1968,anchor_scsn_001967,982014,0,up,148.41737365722656
-1969,anchor_scsn_001968,982020,0,up,58.7010498046875
-1970,anchor_scsn_001969,982481,0,up,61.0714111328125
-1971,anchor_scsn_001970,982744,0,up,491.05908203125
-1972,anchor_scsn_001971,984691,0,up,639.8521728515625
-1973,anchor_scsn_001972,985372,0,up,375.24481201171875
-1974,anchor_scsn_001973,987316,0,up,80.92665100097656
-1975,anchor_scsn_001974,989395,0,up,58.302772521972656
-1976,anchor_scsn_001975,989624,0,up,429.40313720703125
-1977,anchor_scsn_001976,990104,0,up,62.9166259765625
-1978,anchor_scsn_001977,990133,0,up,103.12358856201172
-1979,anchor_scsn_001978,990137,0,up,231.77215576171875
-1980,anchor_scsn_001979,990412,0,up,117.07485961914062
-1981,anchor_scsn_001980,990942,0,up,62.44474792480469
-1982,anchor_scsn_001981,991101,0,up,69.75720977783203
-1983,anchor_scsn_001982,991535,0,up,274.39935302734375
-1984,anchor_scsn_001983,992226,0,up,60.60194778442383
-1985,anchor_scsn_001984,993266,0,up,141.8470458984375
-1986,anchor_scsn_001985,993677,0,up,162.6436767578125
-1987,anchor_scsn_001986,993759,0,up,76.22083282470703
-1988,anchor_scsn_001987,993994,0,up,64.24382781982422
-1989,anchor_scsn_001988,994447,0,up,61.154720306396484
-1990,anchor_scsn_001989,994522,0,up,102.15794372558594
-1991,anchor_scsn_001990,996253,0,up,51.14484405517578
-1992,anchor_scsn_001991,996775,0,up,179.61187744140625
-1993,anchor_scsn_001992,997363,0,up,88.50477600097656
-1994,anchor_scsn_001993,997702,0,up,95.83586883544922
-1995,anchor_scsn_001994,998323,0,up,145.83807373046875
-1996,anchor_scsn_001995,998431,0,up,59.251380920410156
-1997,anchor_scsn_001996,998770,0,up,75.61222076416016
-1998,anchor_scsn_001997,999276,0,up,62.69251251220703
-1999,anchor_scsn_001998,999384,0,up,295.4385070800781
-2000,anchor_scsn_001999,1000186,0,up,470.25360107421875
-2001,anchor_scsn_002000,1000673,0,up,239.73486328125
-2002,anchor_scsn_002001,1001397,0,up,77.84654235839844
-2003,anchor_scsn_002002,1001580,0,up,52.1565055847168
-2004,anchor_scsn_002003,1001792,0,up,52.4517707824707
-2005,anchor_scsn_002004,1001809,0,up,297.7982177734375
-2006,anchor_scsn_002005,1002005,0,up,100.64110565185547
-2007,anchor_scsn_002006,1002477,0,up,117.01748657226562
-2008,anchor_scsn_002007,1003027,0,up,80.5178451538086
-2009,anchor_scsn_002008,1003439,0,up,96.53585815429688
-2010,anchor_scsn_002009,1003754,0,up,55.78191375732422
-2011,anchor_scsn_002010,1005326,0,up,150.94801330566406
-2012,anchor_scsn_002011,1005541,0,up,96.0730209350586
-2013,anchor_scsn_002012,1005632,0,up,688.6884765625
-2014,anchor_scsn_002013,1005824,0,up,235.14642333984375
-2015,anchor_scsn_002014,1005864,0,up,57.488037109375
-2016,anchor_scsn_002015,1006126,0,up,133.7383575439453
-2017,anchor_scsn_002016,1006478,0,up,55.957763671875
-2018,anchor_scsn_002017,1006615,0,up,58.948883056640625
-2019,anchor_scsn_002018,1006792,0,up,81.0977554321289
-2020,anchor_scsn_002019,1007607,0,up,156.71420288085938
-2021,anchor_scsn_002020,1008121,0,up,504.6142883300781
-2022,anchor_scsn_002021,1008605,0,up,356.0988464355469
-2023,anchor_scsn_002022,1008676,0,up,141.79931640625
-2024,anchor_scsn_002023,1008953,0,up,72.56926727294922
-2025,anchor_scsn_002024,1009153,0,up,61.54878234863281
-2026,anchor_scsn_002025,1009963,0,up,81.70662689208984
-2027,anchor_scsn_002026,1010711,0,up,213.2661590576172
-2028,anchor_scsn_002027,1010896,0,up,122.26742553710938
-2029,anchor_scsn_002028,1011154,0,up,108.87630462646484
-2030,anchor_scsn_002029,1011301,0,up,75.61998748779297
-2031,anchor_scsn_002030,1012907,0,up,151.2142791748047
-2032,anchor_scsn_002031,1014014,0,up,50.05649948120117
-2033,anchor_scsn_002032,1014472,0,up,90.46746826171875
-2034,anchor_scsn_002033,1015328,0,up,65.43797302246094
-2035,anchor_scsn_002034,1016290,0,up,66.61187744140625
-2036,anchor_scsn_002035,1018323,0,up,77.1175765991211
-2037,anchor_scsn_002036,1018373,0,up,295.7349548339844
-2038,anchor_scsn_002037,1018655,0,up,323.3582763671875
-2039,anchor_scsn_002038,1018761,0,up,261.6570739746094
-2040,anchor_scsn_002039,1019285,0,up,175.32960510253906
-2041,anchor_scsn_002040,1021077,0,up,106.53894805908203
-2042,anchor_scsn_002041,1021294,0,up,51.31428909301758
-2043,anchor_scsn_002042,1021352,0,up,64.03295135498047
-2044,anchor_scsn_002043,1021920,0,up,156.5347442626953
-2045,anchor_scsn_002044,1022119,0,up,100.59111785888672
-2046,anchor_scsn_002045,1022168,0,up,124.44615936279297
-2047,anchor_scsn_002046,1022344,0,up,172.06472778320312
-2048,anchor_scsn_002047,1022492,0,up,64.55946350097656
-2049,anchor_scsn_002048,1023289,0,up,92.55360412597656
-2050,anchor_scsn_002049,1023368,0,up,53.725196838378906
-2051,anchor_scsn_002050,1023456,0,up,98.32288360595703
-2052,anchor_scsn_002051,1024101,0,up,89.1937255859375
-2053,anchor_scsn_002052,1024310,0,up,121.77823638916016
-2054,anchor_scsn_002053,1024421,0,up,61.57773208618164
-2055,anchor_scsn_002054,1024952,0,up,322.3505554199219
-2056,anchor_scsn_002055,1025108,0,up,68.96965789794922
-2057,anchor_scsn_002056,1025692,0,up,113.21822357177734
-2058,anchor_scsn_002057,1026114,0,up,234.5033721923828
-2059,anchor_scsn_002058,1026872,0,up,137.53009033203125
-2060,anchor_scsn_002059,1027033,0,up,115.19900512695312
-2061,anchor_scsn_002060,1027307,0,up,96.97178649902344
-2062,anchor_scsn_002061,1027420,0,up,92.70792388916016
-2063,anchor_scsn_002062,1027834,0,up,73.33570098876953
-2064,anchor_scsn_002063,1028203,0,up,117.03164672851562
-2065,anchor_scsn_002064,1029040,0,up,106.02976989746094
-2066,anchor_scsn_002065,1029123,0,up,78.57760620117188
-2067,anchor_scsn_002066,1029162,0,up,273.9153747558594
-2068,anchor_scsn_002067,1029257,0,up,475.9576721191406
-2069,anchor_scsn_002068,1029556,0,up,225.14291381835938
-2070,anchor_scsn_002069,1029781,0,up,300.0853576660156
-2071,anchor_scsn_002070,1029784,0,up,76.13459014892578
-2072,anchor_scsn_002071,1030621,0,up,91.73110961914062
-2073,anchor_scsn_002072,1030859,0,up,86.8200912475586
-2074,anchor_scsn_002073,1032107,0,up,463.7540588378906
-2075,anchor_scsn_002074,1032255,0,up,204.5319366455078
-2076,anchor_scsn_002075,1032693,0,up,70.37225341796875
-2077,anchor_scsn_002076,1032810,0,up,60.721153259277344
-2078,anchor_scsn_002077,1034004,0,up,116.67903900146484
-2079,anchor_scsn_002078,1035317,0,up,192.1372528076172
-2080,anchor_scsn_002079,1035319,0,up,175.60003662109375
-2081,anchor_scsn_002080,1035686,0,up,221.63833618164062
-2082,anchor_scsn_002081,1036014,0,up,71.12265014648438
-2083,anchor_scsn_002082,1036288,0,up,50.546958923339844
-2084,anchor_scsn_002083,1036520,0,up,74.97659301757812
-2085,anchor_scsn_002084,1037073,0,up,55.99173355102539
-2086,anchor_scsn_002085,1037467,0,up,127.96170043945312
-2087,anchor_scsn_002086,1037474,0,up,51.61668014526367
-2088,anchor_scsn_002087,1037563,0,up,91.0420150756836
-2089,anchor_scsn_002088,1037720,0,up,63.97540283203125
-2090,anchor_scsn_002089,1037754,0,up,59.59744644165039
-2091,anchor_scsn_002090,1038750,0,up,560.0213012695312
-2092,anchor_scsn_002091,1038976,0,up,94.33128356933594
-2093,anchor_scsn_002092,1039009,0,up,218.71636962890625
-2094,anchor_scsn_002093,1039021,0,up,77.70750427246094
-2095,anchor_scsn_002094,1040506,0,up,196.50875854492188
-2096,anchor_scsn_002095,1040664,0,up,62.6820068359375
-2097,anchor_scsn_002096,1041660,0,up,138.67636108398438
-2098,anchor_scsn_002097,1042147,0,up,74.71992492675781
-2099,anchor_scsn_002098,1043609,0,up,60.509403228759766
-2100,anchor_scsn_002099,1044024,0,up,71.13818359375
-2101,anchor_scsn_002100,1044209,0,up,77.75355529785156
-2102,anchor_scsn_002101,1044333,0,up,58.12564468383789
-2103,anchor_scsn_002102,1046549,0,up,81.5986557006836
-2104,anchor_scsn_002103,1047019,0,up,135.95338439941406
-2105,anchor_scsn_002104,1047180,0,up,125.41480255126953
-2106,anchor_scsn_002105,1047587,0,up,89.7281723022461
-2107,anchor_scsn_002106,1048524,0,up,53.79676818847656
-2108,anchor_scsn_002107,1048950,0,up,160.03555297851562
-2109,anchor_scsn_002108,1048959,0,up,85.33788299560547
-2110,anchor_scsn_002109,1049011,0,up,131.6499786376953
-2111,anchor_scsn_002110,1051253,0,up,80.02466583251953
-2112,anchor_scsn_002111,1051857,0,up,105.74779510498047
-2113,anchor_scsn_002112,1052921,0,up,178.97113037109375
-2114,anchor_scsn_002113,1053246,0,up,167.97032165527344
-2115,anchor_scsn_002114,1053751,0,up,63.086761474609375
-2116,anchor_scsn_002115,1053984,0,up,100.98793029785156
-2117,anchor_scsn_002116,1054830,0,up,297.1423645019531
-2118,anchor_scsn_002117,1055913,0,up,617.261474609375
-2119,anchor_scsn_002118,1056448,0,up,805.820068359375
-2120,anchor_scsn_002119,1056552,0,up,169.06027221679688
-2121,anchor_scsn_002120,1056571,0,up,56.40770721435547
-2122,anchor_scsn_002121,1057340,0,up,62.44532775878906
-2123,anchor_scsn_002122,1060060,0,up,71.29443359375
-2124,anchor_scsn_002123,1060856,0,up,86.41931915283203
-2125,anchor_scsn_002124,1061748,0,up,105.29917907714844
-2126,anchor_scsn_002125,1061859,0,up,76.76020812988281
-2127,anchor_scsn_002126,1061905,0,up,57.71949768066406
-2128,anchor_scsn_002127,1062753,0,up,103.2763900756836
-2129,anchor_scsn_002128,1063500,0,up,932.4385375976562
-2130,anchor_scsn_002129,1063951,0,up,80.6791000366211
-2131,anchor_scsn_002130,1064101,0,up,54.79780197143555
-2132,anchor_scsn_002131,1066034,0,up,184.89544677734375
-2133,anchor_scsn_002132,1066218,0,up,111.36678314208984
-2134,anchor_scsn_002133,1066479,0,up,202.84384155273438
-2135,anchor_scsn_002134,1066975,0,up,102.28060150146484
-2136,anchor_scsn_002135,1067218,0,up,119.9397964477539
-2137,anchor_scsn_002136,1068115,0,up,193.7071075439453
-2138,anchor_scsn_002137,1068385,0,up,340.0115661621094
-2139,anchor_scsn_002138,1068624,0,up,66.14471435546875
-2140,anchor_scsn_002139,1068635,0,up,67.85643768310547
-2141,anchor_scsn_002140,1069122,0,up,65.97834777832031
-2142,anchor_scsn_002141,1069425,0,up,88.98092651367188
-2143,anchor_scsn_002142,1069900,0,up,57.849143981933594
-2144,anchor_scsn_002143,1070140,0,up,71.97612762451172
-2145,anchor_scsn_002144,1070202,0,up,86.93173217773438
-2146,anchor_scsn_002145,1070242,0,up,344.8045349121094
-2147,anchor_scsn_002146,1070580,0,up,93.76052856445312
-2148,anchor_scsn_002147,1070657,0,up,193.457275390625
-2149,anchor_scsn_002148,1070770,0,up,120.12738037109375
-2150,anchor_scsn_002149,1070829,0,up,68.85660552978516
-2151,anchor_scsn_002150,1071377,0,up,65.75402069091797
-2152,anchor_scsn_002151,1072437,0,up,153.05776977539062
-2153,anchor_scsn_002152,1073224,0,up,63.94520568847656
-2154,anchor_scsn_002153,1073540,0,up,70.64817810058594
-2155,anchor_scsn_002154,1074211,0,up,100.92572784423828
-2156,anchor_scsn_002155,1074829,0,up,229.4551239013672
-2157,anchor_scsn_002156,1075222,0,up,80.00205993652344
-2158,anchor_scsn_002157,1075355,0,up,100.96884155273438
-2159,anchor_scsn_002158,1075835,0,up,75.9457778930664
-2160,anchor_scsn_002159,1075910,0,up,74.43238067626953
-2161,anchor_scsn_002160,1076217,0,up,88.11000061035156
-2162,anchor_scsn_002161,1076990,0,up,83.0004653930664
-2163,anchor_scsn_002162,1077250,0,up,119.32722473144531
-2164,anchor_scsn_002163,1077491,0,up,67.28555297851562
-2165,anchor_scsn_002164,1078040,0,up,52.325653076171875
-2166,anchor_scsn_002165,1079356,0,up,107.01581573486328
-2167,anchor_scsn_002166,1079789,0,up,498.2835998535156
-2168,anchor_scsn_002167,1079889,0,up,110.10433197021484
-2169,anchor_scsn_002168,1080284,0,up,51.921138763427734
-2170,anchor_scsn_002169,1080823,0,up,50.83761215209961
-2171,anchor_scsn_002170,1081289,0,up,55.631385803222656
-2172,anchor_scsn_002171,1081601,0,up,146.4077606201172
-2173,anchor_scsn_002172,1081867,0,up,226.40707397460938
-2174,anchor_scsn_002173,1081932,0,up,376.60919189453125
-2175,anchor_scsn_002174,1082278,0,up,115.12118530273438
-2176,anchor_scsn_002175,1082614,0,up,119.45781707763672
-2177,anchor_scsn_002176,1083096,0,up,68.43019104003906
-2178,anchor_scsn_002177,1083476,0,up,159.8545684814453
-2179,anchor_scsn_002178,1083860,0,up,65.13925170898438
-2180,anchor_scsn_002179,1084431,0,up,120.32060241699219
-2181,anchor_scsn_002180,1084593,0,up,99.02555847167969
-2182,anchor_scsn_002181,1084720,0,up,92.61518096923828
-2183,anchor_scsn_002182,1085071,0,up,352.7378845214844
-2184,anchor_scsn_002183,1085635,0,up,54.124427795410156
-2185,anchor_scsn_002184,1085783,0,up,138.19570922851562
-2186,anchor_scsn_002185,1086450,0,up,217.45252990722656
-2187,anchor_scsn_002186,1086620,0,up,54.25273132324219
-2188,anchor_scsn_002187,1087925,0,up,52.538970947265625
-2189,anchor_scsn_002188,1088525,0,up,140.74822998046875
-2190,anchor_scsn_002189,1088676,0,up,124.10926055908203
-2191,anchor_scsn_002190,1088712,0,up,54.964569091796875
-2192,anchor_scsn_002191,1089278,0,up,59.68254470825195
-2193,anchor_scsn_002192,1089814,0,up,66.77883911132812
-2194,anchor_scsn_002193,1090428,0,up,144.5762481689453
-2195,anchor_scsn_002194,1090461,0,up,53.18727493286133
-2196,anchor_scsn_002195,1091008,0,up,81.59571838378906
-2197,anchor_scsn_002196,1091379,0,up,75.18863677978516
-2198,anchor_scsn_002197,1092081,0,up,55.81507110595703
-2199,anchor_scsn_002198,1092423,0,up,288.4805603027344
-2200,anchor_scsn_002199,1093582,0,up,92.37361145019531
-2201,anchor_scsn_002200,1093665,0,up,70.23455047607422
-2202,anchor_scsn_002201,1093879,0,up,143.07266235351562
-2203,anchor_scsn_002202,1094000,0,up,59.127681732177734
-2204,anchor_scsn_002203,1094063,0,up,55.478389739990234
-2205,anchor_scsn_002204,1094394,0,up,122.27482604980469
-2206,anchor_scsn_002205,1095182,0,up,85.19154357910156
-2207,anchor_scsn_002206,1096177,0,up,82.27886199951172
-2208,anchor_scsn_002207,1096361,0,up,121.62361907958984
-2209,anchor_scsn_002208,1097295,0,up,136.80209350585938
-2210,anchor_scsn_002209,1098186,0,up,105.3714599609375
-2211,anchor_scsn_002210,1098222,0,up,66.50586700439453
-2212,anchor_scsn_002211,1098399,0,up,131.82925415039062
-2213,anchor_scsn_002212,1098918,0,up,52.47568130493164
-2214,anchor_scsn_002213,1099054,0,up,91.45286560058594
-2215,anchor_scsn_002214,1099437,0,up,175.64256286621094
-2216,anchor_scsn_002215,1099508,0,up,59.07247543334961
-2217,anchor_scsn_002216,1099535,0,up,188.27171325683594
-2218,anchor_scsn_002217,1099704,0,up,53.51633071899414
-2219,anchor_scsn_002218,1100558,0,up,110.7988052368164
-2220,anchor_scsn_002219,1100588,0,up,52.8820686340332
-2221,anchor_scsn_002220,1101227,0,up,103.40986633300781
-2222,anchor_scsn_002221,1101298,0,up,59.166839599609375
-2223,anchor_scsn_002222,1103292,0,up,109.39301300048828
-2224,anchor_scsn_002223,1103652,0,up,56.71879577636719
-2225,anchor_scsn_002224,1103689,0,up,232.55397033691406
-2226,anchor_scsn_002225,1103760,0,up,96.04949951171875
-2227,anchor_scsn_002226,1104338,0,up,57.569114685058594
-2228,anchor_scsn_002227,1104410,0,up,146.69313049316406
-2229,anchor_scsn_002228,1105880,0,up,299.6954345703125
-2230,anchor_scsn_002229,1106316,0,up,71.85169219970703
-2231,anchor_scsn_002230,1106503,0,up,53.010807037353516
-2232,anchor_scsn_002231,1106742,0,up,60.166542053222656
-2233,anchor_scsn_002232,1107503,0,up,117.04902648925781
-2234,anchor_scsn_002233,1107833,0,up,76.0780029296875
-2235,anchor_scsn_002234,1108793,0,up,58.70167541503906
-2236,anchor_scsn_002235,1109294,0,up,102.8937759399414
-2237,anchor_scsn_002236,1110433,0,up,52.561397552490234
-2238,anchor_scsn_002237,1110455,0,up,112.632080078125
-2239,anchor_scsn_002238,1110673,0,up,277.896240234375
-2240,anchor_scsn_002239,1110887,0,up,96.57306671142578
-2241,anchor_scsn_002240,1111116,0,up,187.77392578125
-2242,anchor_scsn_002241,1111152,0,up,51.04265213012695
-2243,anchor_scsn_002242,1111153,0,up,153.71823120117188
-2244,anchor_scsn_002243,1111538,0,up,117.67220306396484
-2245,anchor_scsn_002244,1111985,0,up,148.93873596191406
-2246,anchor_scsn_002245,1112188,0,up,88.74651336669922
-2247,anchor_scsn_002246,1112644,0,up,55.05821990966797
-2248,anchor_scsn_002247,1113297,0,up,60.030948638916016
-2249,anchor_scsn_002248,1113985,0,up,78.51286315917969
-2250,anchor_scsn_002249,1114145,0,up,69.16999816894531
-2251,anchor_scsn_002250,1114231,0,up,321.71734619140625
-2252,anchor_scsn_002251,1114241,0,up,61.737571716308594
-2253,anchor_scsn_002252,1114466,0,up,93.52572631835938
-2254,anchor_scsn_002253,1114871,0,up,82.68507385253906
-2255,anchor_scsn_002254,1115067,0,up,523.75390625
-2256,anchor_scsn_002255,1115100,0,up,54.424129486083984
-2257,anchor_scsn_002256,1115419,0,up,60.492610931396484
-2258,anchor_scsn_002257,1115501,0,up,98.24124145507812
-2259,anchor_scsn_002258,1115773,0,up,89.20606994628906
-2260,anchor_scsn_002259,1115814,0,up,216.50804138183594
-2261,anchor_scsn_002260,1118364,0,up,57.364173889160156
-2262,anchor_scsn_002261,1119909,0,up,70.47348022460938
-2263,anchor_scsn_002262,1120419,0,up,74.74169158935547
-2264,anchor_scsn_002263,1120421,0,up,128.77296447753906
-2265,anchor_scsn_002264,1120446,0,up,65.14728546142578
-2266,anchor_scsn_002265,1121568,0,up,175.4095458984375
-2267,anchor_scsn_002266,1121707,0,up,54.676856994628906
-2268,anchor_scsn_002267,1121734,0,up,216.02325439453125
-2269,anchor_scsn_002268,1122473,0,up,194.82437133789062
-2270,anchor_scsn_002269,1122914,0,up,50.429588317871094
-2271,anchor_scsn_002270,1123267,0,up,60.63454818725586
-2272,anchor_scsn_002271,1123566,0,up,89.34526062011719
-2273,anchor_scsn_002272,1124436,0,up,77.02696990966797
-2274,anchor_scsn_002273,1124928,0,up,396.0995178222656
-2275,anchor_scsn_002274,1125182,0,up,202.67019653320312
-2276,anchor_scsn_002275,1126042,0,up,87.26933288574219
-2277,anchor_scsn_002276,1126135,0,up,205.5806884765625
-2278,anchor_scsn_002277,1126498,0,up,54.70785903930664
-2279,anchor_scsn_002278,1126538,0,up,140.03196716308594
-2280,anchor_scsn_002279,1127114,0,up,128.0916748046875
-2281,anchor_scsn_002280,1127581,0,up,112.29878234863281
-2282,anchor_scsn_002281,1128381,0,up,65.11335754394531
-2283,anchor_scsn_002282,1128600,0,up,140.37796020507812
-2284,anchor_scsn_002283,1128805,0,up,59.32944869995117
-2285,anchor_scsn_002284,1128895,0,up,63.44890213012695
-2286,anchor_scsn_002285,1129950,0,up,96.81694793701172
-2287,anchor_scsn_002286,1130011,0,up,79.46733093261719
-2288,anchor_scsn_002287,1130096,0,up,116.0661849975586
-2289,anchor_scsn_002288,1130371,0,up,127.41165161132812
-2290,anchor_scsn_002289,1131633,0,up,64.92633056640625
-2291,anchor_scsn_002290,1132755,0,up,71.42286682128906
-2292,anchor_scsn_002291,1133401,0,up,120.10780334472656
-2293,anchor_scsn_002292,1133731,0,up,53.23344039916992
-2294,anchor_scsn_002293,1133797,0,up,357.0598449707031
-2295,anchor_scsn_002294,1134128,0,up,89.14285278320312
-2296,anchor_scsn_002295,1134394,0,up,104.17086029052734
-2297,anchor_scsn_002296,1134537,0,up,95.60027313232422
-2298,anchor_scsn_002297,1135010,0,up,73.3296890258789
-2299,anchor_scsn_002298,1135692,0,up,128.65213012695312
-2300,anchor_scsn_002299,1136565,0,up,76.47099304199219
-2301,anchor_scsn_002300,1137588,0,up,50.43678665161133
-2302,anchor_scsn_002301,1137981,0,up,299.6465759277344
-2303,anchor_scsn_002302,1138085,0,up,61.2668571472168
-2304,anchor_scsn_002303,1138321,0,up,106.52816772460938
-2305,anchor_scsn_002304,1138893,0,up,71.23490142822266
-2306,anchor_scsn_002305,1138951,0,up,211.21676635742188
-2307,anchor_scsn_002306,1139009,0,up,137.79312133789062
-2308,anchor_scsn_002307,1139054,0,up,58.08953857421875
-2309,anchor_scsn_002308,1139155,0,up,275.5152893066406
-2310,anchor_scsn_002309,1140512,0,up,114.41175079345703
-2311,anchor_scsn_002310,1141083,0,up,63.91175842285156
-2312,anchor_scsn_002311,1141212,0,up,135.0974578857422
-2313,anchor_scsn_002312,1142062,0,up,87.76610565185547
-2314,anchor_scsn_002313,1142725,0,up,116.5248031616211
-2315,anchor_scsn_002314,1143820,0,up,452.6869812011719
-2316,anchor_scsn_002315,1143972,0,up,53.955928802490234
-2317,anchor_scsn_002316,1145403,0,up,81.68782043457031
-2318,anchor_scsn_002317,1145479,0,up,83.09022521972656
-2319,anchor_scsn_002318,1145732,0,up,85.92477416992188
-2320,anchor_scsn_002319,1146443,0,up,65.56155395507812
-2321,anchor_scsn_002320,1146491,0,up,51.80830001831055
-2322,anchor_scsn_002321,1146578,0,up,210.36065673828125
-2323,anchor_scsn_002322,1147186,0,up,63.656002044677734
-2324,anchor_scsn_002323,1147213,0,up,64.51239776611328
-2325,anchor_scsn_002324,1148253,0,up,567.8804931640625
-2326,anchor_scsn_002325,1148712,0,up,63.62070083618164
-2327,anchor_scsn_002326,1149083,0,up,71.94153594970703
-2328,anchor_scsn_002327,1149761,0,up,78.03773498535156
-2329,anchor_scsn_002328,1150167,0,up,89.76232147216797
-2330,anchor_scsn_002329,1150199,0,up,138.06126403808594
-2331,anchor_scsn_002330,1150587,0,up,288.6342468261719
-2332,anchor_scsn_002331,1151055,0,up,77.66255187988281
-2333,anchor_scsn_002332,1151083,0,up,52.73454666137695
-2334,anchor_scsn_002333,1151750,0,up,879.4231567382812
-2335,anchor_scsn_002334,1151861,0,up,74.95838165283203
-2336,anchor_scsn_002335,1152349,0,up,106.38933563232422
-2337,anchor_scsn_002336,1152620,0,up,60.35017395019531
-2338,anchor_scsn_002337,1152744,0,up,58.20803451538086
-2339,anchor_scsn_002338,1153189,0,up,90.438232421875
-2340,anchor_scsn_002339,1153208,0,up,162.21322631835938
-2341,anchor_scsn_002340,1153817,0,up,54.83211135864258
-2342,anchor_scsn_002341,1154091,0,up,52.89497375488281
-2343,anchor_scsn_002342,1154253,0,up,81.69744873046875
-2344,anchor_scsn_002343,1154539,0,up,244.94540405273438
-2345,anchor_scsn_002344,1155082,0,up,144.61387634277344
-2346,anchor_scsn_002345,1155224,0,up,73.04225158691406
-2347,anchor_scsn_002346,1155442,0,up,71.38450622558594
-2348,anchor_scsn_002347,1155455,0,up,133.49664306640625
-2349,anchor_scsn_002348,1155897,0,up,79.3462142944336
-2350,anchor_scsn_002349,1156187,0,up,64.61309814453125
-2351,anchor_scsn_002350,1157138,0,up,197.45164489746094
-2352,anchor_scsn_002351,1157474,0,up,58.80378341674805
-2353,anchor_scsn_002352,1157586,0,up,110.1983413696289
-2354,anchor_scsn_002353,1158574,0,up,52.287410736083984
-2355,anchor_scsn_002354,1158635,0,up,120.22590637207031
-2356,anchor_scsn_002355,1160126,0,up,56.249576568603516
-2357,anchor_scsn_002356,1160425,0,up,113.3140869140625
-2358,anchor_scsn_002357,1160742,0,up,65.4561538696289
-2359,anchor_scsn_002358,1160797,0,up,59.512020111083984
-2360,anchor_scsn_002359,1160980,0,up,346.3060607910156
-2361,anchor_scsn_002360,1161306,0,up,54.386512756347656
-2362,anchor_scsn_002361,1161559,0,up,89.22386932373047
-2363,anchor_scsn_002362,1162138,0,up,222.8183135986328
-2364,anchor_scsn_002363,1162950,0,up,184.31307983398438
-2365,anchor_scsn_002364,1163338,0,up,173.63568115234375
-2366,anchor_scsn_002365,1163599,0,up,150.37625122070312
-2367,anchor_scsn_002366,1163987,0,up,351.35064697265625
-2368,anchor_scsn_002367,1164118,0,up,137.52398681640625
-2369,anchor_scsn_002368,1164290,0,up,366.6258544921875
-2370,anchor_scsn_002369,1164496,0,up,90.05831909179688
-2371,anchor_scsn_002370,1164557,0,up,64.40309143066406
-2372,anchor_scsn_002371,1164567,0,up,828.2034301757812
-2373,anchor_scsn_002372,1164974,0,up,81.62683868408203
-2374,anchor_scsn_002373,1165042,0,up,572.2506103515625
-2375,anchor_scsn_002374,1165910,0,up,80.41287231445312
-2376,anchor_scsn_002375,1167002,0,up,264.63641357421875
-2377,anchor_scsn_002376,1167098,0,up,71.78384399414062
-2378,anchor_scsn_002377,1167373,0,up,372.609619140625
-2379,anchor_scsn_002378,1167397,0,up,218.16400146484375
-2380,anchor_scsn_002379,1169234,0,up,492.9256286621094
-2381,anchor_scsn_002380,1170804,0,up,66.54066467285156
-2382,anchor_scsn_002381,1171981,0,up,131.67654418945312
-2383,anchor_scsn_002382,1172181,0,up,141.91314697265625
-2384,anchor_scsn_002383,1172747,0,up,147.22755432128906
-2385,anchor_scsn_002384,1173239,0,up,104.40190124511719
-2386,anchor_scsn_002385,1173628,0,up,55.82396697998047
-2387,anchor_scsn_002386,1174391,0,up,198.5872344970703
-2388,anchor_scsn_002387,1174819,0,up,410.487060546875
-2389,anchor_scsn_002388,1175100,0,up,189.9119873046875
-2390,anchor_scsn_002389,1175206,0,up,260.6957702636719
-2391,anchor_scsn_002390,1175777,0,up,115.51272583007812
-2392,anchor_scsn_002391,1175914,0,up,73.50788879394531
-2393,anchor_scsn_002392,1176548,0,up,82.37870025634766
-2394,anchor_scsn_002393,1177113,0,up,55.83332443237305
-2395,anchor_scsn_002394,1177215,0,up,78.34101104736328
-2396,anchor_scsn_002395,1177662,0,up,70.21118927001953
-2397,anchor_scsn_002396,1178207,0,up,136.12503051757812
-2398,anchor_scsn_002397,1179292,0,up,84.2704849243164
-2399,anchor_scsn_002398,1180550,0,up,53.46352005004883
-2400,anchor_scsn_002399,1180895,0,up,53.725074768066406
-2401,anchor_scsn_002400,1180924,0,up,104.21937561035156
-2402,anchor_scsn_002401,1181612,0,up,97.64225006103516
-2403,anchor_scsn_002402,1182206,0,up,89.49579620361328
-2404,anchor_scsn_002403,1182357,0,up,92.03133392333984
-2405,anchor_scsn_002404,1183603,0,up,195.91685485839844
-2406,anchor_scsn_002405,1184682,0,up,146.6806640625
-2407,anchor_scsn_002406,1184761,0,up,69.44419860839844
-2408,anchor_scsn_002407,1184787,0,up,192.8303985595703
-2409,anchor_scsn_002408,1186815,0,up,76.32742309570312
-2410,anchor_scsn_002409,1187016,0,up,238.63912963867188
-2411,anchor_scsn_002410,1187515,0,up,107.49715423583984
-2412,anchor_scsn_002411,1187653,0,up,113.63164520263672
-2413,anchor_scsn_002412,1187785,0,up,348.0657653808594
-2414,anchor_scsn_002413,1189294,0,up,68.11886596679688
-2415,anchor_scsn_002414,1190290,0,up,125.33643341064453
-2416,anchor_scsn_002415,1190487,0,up,51.07284164428711
-2417,anchor_scsn_002416,1190939,0,up,54.24189376831055
-2418,anchor_scsn_002417,1191685,0,up,57.4770622253418
-2419,anchor_scsn_002418,1192166,0,up,103.15699005126953
-2420,anchor_scsn_002419,1192879,0,up,65.37555694580078
-2421,anchor_scsn_002420,1193545,0,up,58.18378448486328
-2422,anchor_scsn_002421,1193984,0,up,201.2210693359375
-2423,anchor_scsn_002422,1194501,0,up,136.78768920898438
-2424,anchor_scsn_002423,1194800,0,up,104.51827239990234
-2425,anchor_scsn_002424,1195076,0,up,155.30697631835938
-2426,anchor_scsn_002425,1195457,0,up,64.63147735595703
-2427,anchor_scsn_002426,1195600,0,up,52.51554489135742
-2428,anchor_scsn_002427,1196016,0,up,84.55438995361328
-2429,anchor_scsn_002428,1196309,0,up,54.66231918334961
-2430,anchor_scsn_002429,1197144,0,up,73.43212890625
-2431,anchor_scsn_002430,1197610,0,up,74.7470932006836
-2432,anchor_scsn_002431,1201728,0,up,114.16417694091797
-2433,anchor_scsn_002432,1202017,0,up,99.28813171386719
-2434,anchor_scsn_002433,1202041,0,up,195.84767150878906
-2435,anchor_scsn_002434,1202430,0,up,248.48916625976562
-2436,anchor_scsn_002435,1202716,0,up,57.830604553222656
-2437,anchor_scsn_002436,1202845,0,up,160.15643310546875
-2438,anchor_scsn_002437,1203969,0,up,86.92642211914062
-2439,anchor_scsn_002438,1204623,0,up,68.9857406616211
-2440,anchor_scsn_002439,1206175,0,up,384.1046447753906
-2441,anchor_scsn_002440,1207400,0,up,113.72032165527344
-2442,anchor_scsn_002441,1207851,0,up,50.552223205566406
-2443,anchor_scsn_002442,1207935,0,up,57.27947998046875
-2444,anchor_scsn_002443,1208823,0,up,92.38409423828125
-2445,anchor_scsn_002444,1209414,0,up,125.5202407836914
-2446,anchor_scsn_002445,1209741,0,up,157.92970275878906
-2447,anchor_scsn_002446,1209952,0,up,263.79052734375
-2448,anchor_scsn_002447,1210293,0,up,67.33467102050781
-2449,anchor_scsn_002448,1210405,0,up,90.91629028320312
-2450,anchor_scsn_002449,1210584,0,up,51.297584533691406
-2451,anchor_scsn_002450,1210815,0,up,77.98052978515625
-2452,anchor_scsn_002451,1211033,0,up,64.4347915649414
-2453,anchor_scsn_002452,1211559,0,up,63.5421028137207
-2454,anchor_scsn_002453,1211726,0,up,98.71244812011719
-2455,anchor_scsn_002454,1212218,0,up,88.60293579101562
-2456,anchor_scsn_002455,1212341,0,up,57.36267852783203
-2457,anchor_scsn_002456,1212607,0,up,83.13548278808594
-2458,anchor_scsn_002457,1212757,0,up,727.528076171875
-2459,anchor_scsn_002458,1212935,0,up,143.1973114013672
-2460,anchor_scsn_002459,1212945,0,up,63.1126823425293
-2461,anchor_scsn_002460,1213261,0,up,93.99256134033203
-2462,anchor_scsn_002461,1214613,0,up,100.99848937988281
-2463,anchor_scsn_002462,1215715,0,up,81.70301055908203
-2464,anchor_scsn_002463,1215836,0,up,56.19601058959961
-2465,anchor_scsn_002464,1216086,0,up,103.12786865234375
-2466,anchor_scsn_002465,1216898,0,up,162.7763214111328
-2467,anchor_scsn_002466,1218241,0,up,159.42495727539062
-2468,anchor_scsn_002467,1219116,0,up,194.63116455078125
-2469,anchor_scsn_002468,1219299,0,up,301.2581787109375
-2470,anchor_scsn_002469,1220247,0,up,173.82098388671875
-2471,anchor_scsn_002470,1220272,0,up,78.74676513671875
-2472,anchor_scsn_002471,1220407,0,up,299.17791748046875
-2473,anchor_scsn_002472,1220951,0,up,69.82157135009766
-2474,anchor_scsn_002473,1220958,0,up,78.72664642333984
-2475,anchor_scsn_002474,1221204,0,up,58.69404983520508
-2476,anchor_scsn_002475,1222114,0,up,118.27363586425781
-2477,anchor_scsn_002476,1222351,0,up,463.02093505859375
-2478,anchor_scsn_002477,1222910,0,up,82.68464660644531
-2479,anchor_scsn_002478,1223075,0,up,112.0645751953125
-2480,anchor_scsn_002479,1223415,0,up,161.41636657714844
-2481,anchor_scsn_002480,1223704,0,up,62.41455078125
-2482,anchor_scsn_002481,1224110,0,up,70.60342407226562
-2483,anchor_scsn_002482,1224379,0,up,164.6118927001953
-2484,anchor_scsn_002483,1225752,0,up,142.70217895507812
-2485,anchor_scsn_002484,1226004,0,up,63.200531005859375
-2486,anchor_scsn_002485,1226311,0,up,110.39360046386719
-2487,anchor_scsn_002486,1226467,0,up,87.57185363769531
-2488,anchor_scsn_002487,1227078,0,up,76.89481353759766
-2489,anchor_scsn_002488,1227280,0,up,74.0936279296875
-2490,anchor_scsn_002489,1228485,0,up,437.7549133300781
-2491,anchor_scsn_002490,1230471,0,up,56.52342224121094
-2492,anchor_scsn_002491,1231521,0,up,281.65869140625
-2493,anchor_scsn_002492,1231682,0,up,97.85002899169922
-2494,anchor_scsn_002493,1231752,0,up,137.65045166015625
-2495,anchor_scsn_002494,1232744,0,up,119.8282241821289
-2496,anchor_scsn_002495,1234332,0,up,60.4773063659668
-2497,anchor_scsn_002496,1234366,0,up,93.68155670166016
-2498,anchor_scsn_002497,1234850,0,up,630.2918090820312
-2499,anchor_scsn_002498,1234918,0,up,200.18966674804688
-2500,anchor_scsn_002499,1235128,0,up,58.12779998779297
-2501,anchor_scsn_002500,1236255,0,up,57.766876220703125
-2502,anchor_scsn_002501,1236362,0,up,57.18112564086914
-2503,anchor_scsn_002502,1236680,0,up,150.04290771484375
-2504,anchor_scsn_002503,1237097,0,up,135.97679138183594
-2505,anchor_scsn_002504,1238189,0,up,71.93111419677734
-2506,anchor_scsn_002505,1238294,0,up,148.92991638183594
-2507,anchor_scsn_002506,1240503,0,up,351.99346923828125
-2508,anchor_scsn_002507,1240648,0,up,330.6541442871094
-2509,anchor_scsn_002508,1240851,0,up,469.5420227050781
-2510,anchor_scsn_002509,1240976,0,up,411.0111389160156
-2511,anchor_scsn_002510,1242230,0,up,57.856300354003906
-2512,anchor_scsn_002511,1242356,0,up,56.8055419921875
-2513,anchor_scsn_002512,1242410,0,up,60.73564529418945
-2514,anchor_scsn_002513,1242569,0,up,82.13372039794922
-2515,anchor_scsn_002514,1242925,0,up,62.527748107910156
-2516,anchor_scsn_002515,1243038,0,up,163.24147033691406
-2517,anchor_scsn_002516,1243095,0,up,64.49099731445312
-2518,anchor_scsn_002517,1244502,0,up,65.48136901855469
-2519,anchor_scsn_002518,1244673,0,up,103.3675537109375
-2520,anchor_scsn_002519,1245965,0,up,260.3042297363281
-2521,anchor_scsn_002520,1246280,0,up,563.640380859375
-2522,anchor_scsn_002521,1246580,0,up,121.85818481445312
-2523,anchor_scsn_002522,1247130,0,up,95.8592300415039
-2524,anchor_scsn_002523,1248524,0,up,146.30760192871094
-2525,anchor_scsn_002524,1248558,0,up,91.5893325805664
-2526,anchor_scsn_002525,1248602,0,up,50.08528137207031
-2527,anchor_scsn_002526,1249209,0,up,114.92030334472656
-2528,anchor_scsn_002527,1249243,0,up,141.1834259033203
-2529,anchor_scsn_002528,1249507,0,up,175.65989685058594
-2530,anchor_scsn_002529,1249553,0,up,75.94022369384766
-2531,anchor_scsn_002530,1249622,0,up,429.55987548828125
-2532,anchor_scsn_002531,1249796,0,up,53.36955261230469
-2533,anchor_scsn_002532,1249937,0,up,336.3582763671875
-2534,anchor_scsn_002533,1250449,0,up,129.6516571044922
-2535,anchor_scsn_002534,1250717,0,up,103.28101348876953
-2536,anchor_scsn_002535,1250871,0,up,96.74937438964844
-2537,anchor_scsn_002536,1250909,0,up,94.42440032958984
-2538,anchor_scsn_002537,1252456,0,up,192.26190185546875
-2539,anchor_scsn_002538,1252574,0,up,66.42701721191406
-2540,anchor_scsn_002539,1252881,0,up,83.63782501220703
-2541,anchor_scsn_002540,1253335,0,up,121.76364135742188
-2542,anchor_scsn_002541,1253413,0,up,105.38198852539062
-2543,anchor_scsn_002542,1253735,0,up,112.30139923095703
-2544,anchor_scsn_002543,1254445,0,up,354.9459228515625
-2545,anchor_scsn_002544,1254585,0,up,222.96023559570312
-2546,anchor_scsn_002545,1254836,0,up,92.37276458740234
-2547,anchor_scsn_002546,1254837,0,up,55.02738571166992
-2548,anchor_scsn_002547,1255588,0,up,112.85505676269531
-2549,anchor_scsn_002548,1256357,0,up,120.93606567382812
-2550,anchor_scsn_002549,1257186,0,up,70.1490478515625
-2551,anchor_scsn_002550,1258131,0,up,89.99336242675781
-2552,anchor_scsn_002551,1258245,0,up,990.8739624023438
-2553,anchor_scsn_002552,1259340,0,up,98.88861083984375
-2554,anchor_scsn_002553,1259597,0,up,50.7215690612793
-2555,anchor_scsn_002554,1259609,0,up,139.51942443847656
-2556,anchor_scsn_002555,1260121,0,up,70.33118438720703
-2557,anchor_scsn_002556,1260703,0,up,138.55300903320312
-2558,anchor_scsn_002557,1260905,0,up,97.84986877441406
-2559,anchor_scsn_002558,1261651,0,up,170.75120544433594
-2560,anchor_scsn_002559,1261710,0,up,101.69081115722656
-2561,anchor_scsn_002560,1262486,0,up,58.45003128051758
-2562,anchor_scsn_002561,1262561,0,up,287.8108215332031
-2563,anchor_scsn_002562,1262899,0,up,75.15093231201172
-2564,anchor_scsn_002563,1264368,0,up,114.83499145507812
-2565,anchor_scsn_002564,1264738,0,up,76.26287078857422
-2566,anchor_scsn_002565,1264839,0,up,75.86642456054688
-2567,anchor_scsn_002566,1264940,0,up,90.53137969970703
-2568,anchor_scsn_002567,1264981,0,up,663.5198364257812
-2569,anchor_scsn_002568,1265108,0,up,277.384033203125
-2570,anchor_scsn_002569,1265212,0,up,96.43009185791016
-2571,anchor_scsn_002570,1266514,0,up,205.5163116455078
-2572,anchor_scsn_002571,1266797,0,up,55.381309509277344
-2573,anchor_scsn_002572,1269023,0,up,100.44200897216797
-2574,anchor_scsn_002573,1269157,0,up,54.07948303222656
-2575,anchor_scsn_002574,1269655,0,up,238.31968688964844
-2576,anchor_scsn_002575,1269728,0,up,77.9858169555664
-2577,anchor_scsn_002576,1269995,0,up,56.0118522644043
-2578,anchor_scsn_002577,1270182,0,up,185.59275817871094
-2579,anchor_scsn_002578,1271190,0,up,55.6898307800293
-2580,anchor_scsn_002579,1271874,0,up,138.18995666503906
-2581,anchor_scsn_002580,1272374,0,up,159.14617919921875
-2582,anchor_scsn_002581,1272500,0,up,71.9200668334961
-2583,anchor_scsn_002582,1273022,0,up,87.089599609375
-2584,anchor_scsn_002583,1273232,0,up,326.5550537109375
-2585,anchor_scsn_002584,1273466,0,up,577.31298828125
-2586,anchor_scsn_002585,1274161,0,up,191.16197204589844
-2587,anchor_scsn_002586,1274375,0,up,112.17050170898438
-2588,anchor_scsn_002587,1274457,0,up,64.14366912841797
-2589,anchor_scsn_002588,1275028,0,up,105.8512954711914
-2590,anchor_scsn_002589,1275626,0,up,70.02244567871094
-2591,anchor_scsn_002590,1276627,0,up,501.72235107421875
-2592,anchor_scsn_002591,1277529,0,up,133.60130310058594
-2593,anchor_scsn_002592,1278589,0,up,96.26732635498047
-2594,anchor_scsn_002593,1278764,0,up,137.1676788330078
-2595,anchor_scsn_002594,1278855,0,up,117.22325134277344
-2596,anchor_scsn_002595,1278915,0,up,294.27813720703125
-2597,anchor_scsn_002596,1279210,0,up,441.08990478515625
-2598,anchor_scsn_002597,1279542,0,up,52.82195281982422
-2599,anchor_scsn_002598,1279801,0,up,81.12435913085938
-2600,anchor_scsn_002599,1280041,0,up,98.17669677734375
-2601,anchor_scsn_002600,1280064,0,up,139.9746856689453
-2602,anchor_scsn_002601,1280490,0,up,88.55525970458984
-2603,anchor_scsn_002602,1280656,0,up,70.42607116699219
-2604,anchor_scsn_002603,1280748,0,up,72.6224365234375
-2605,anchor_scsn_002604,1281283,0,up,59.0963249206543
-2606,anchor_scsn_002605,1282222,0,up,73.48735809326172
-2607,anchor_scsn_002606,1282343,0,up,224.073974609375
-2608,anchor_scsn_002607,1282645,0,up,58.3657112121582
-2609,anchor_scsn_002608,1283406,0,up,89.49295806884766
-2610,anchor_scsn_002609,1283606,0,up,51.3061637878418
-2611,anchor_scsn_002610,1283995,0,up,100.8038558959961
-2612,anchor_scsn_002611,1284514,0,up,112.36554718017578
-2613,anchor_scsn_002612,1284705,0,up,58.65525436401367
-2614,anchor_scsn_002613,1285160,0,up,182.90975952148438
-2615,anchor_scsn_002614,1285395,0,up,83.94445037841797
-2616,anchor_scsn_002615,1286070,0,up,113.0351791381836
-2617,anchor_scsn_002616,1286563,0,up,53.7551383972168
-2618,anchor_scsn_002617,1287126,0,up,65.08775329589844
-2619,anchor_scsn_002618,1287481,0,up,89.0344467163086
-2620,anchor_scsn_002619,1287943,0,up,151.05120849609375
-2621,anchor_scsn_002620,1287997,0,up,54.64080047607422
-2622,anchor_scsn_002621,1287999,0,up,69.16912841796875
-2623,anchor_scsn_002622,1288023,0,up,63.24493408203125
-2624,anchor_scsn_002623,1288350,0,up,54.310882568359375
-2625,anchor_scsn_002624,1289810,0,up,55.422386169433594
-2626,anchor_scsn_002625,1290814,0,up,82.19306182861328
-2627,anchor_scsn_002626,1291404,0,up,179.9425048828125
-2628,anchor_scsn_002627,1291611,0,up,69.85383605957031
-2629,anchor_scsn_002628,1291853,0,up,100.9791259765625
-2630,anchor_scsn_002629,1292328,0,up,51.99448013305664
-2631,anchor_scsn_002630,1292637,0,up,194.5836181640625
-2632,anchor_scsn_002631,1293052,0,up,50.67229080200195
-2633,anchor_scsn_002632,1293126,0,up,53.57157516479492
-2634,anchor_scsn_002633,1293708,0,up,79.27127075195312
-2635,anchor_scsn_002634,1294109,0,up,114.41187286376953
-2636,anchor_scsn_002635,1294781,0,up,55.77108383178711
-2637,anchor_scsn_002636,1295718,0,up,404.2076110839844
-2638,anchor_scsn_002637,1295916,0,up,88.78657531738281
-2639,anchor_scsn_002638,1296765,0,up,209.2665252685547
-2640,anchor_scsn_002639,1297086,0,up,59.6392707824707
-2641,anchor_scsn_002640,1297250,0,up,65.70787811279297
-2642,anchor_scsn_002641,1297847,0,up,417.13897705078125
-2643,anchor_scsn_002642,1298200,0,up,245.0584259033203
-2644,anchor_scsn_002643,1298866,0,up,55.87080764770508
-2645,anchor_scsn_002644,1299057,0,up,86.34081268310547
-2646,anchor_scsn_002645,1299414,0,up,69.24906921386719
-2647,anchor_scsn_002646,1299456,0,up,146.43389892578125
-2648,anchor_scsn_002647,1299985,0,up,287.6944580078125
-2649,anchor_scsn_002648,1300891,0,up,74.94023895263672
-2650,anchor_scsn_002649,1300948,0,up,145.84442138671875
-2651,anchor_scsn_002650,1303275,0,up,104.49634552001953
-2652,anchor_scsn_002651,1303827,0,up,276.02484130859375
-2653,anchor_scsn_002652,1303861,0,up,103.96434020996094
-2654,anchor_scsn_002653,1303905,0,up,75.4339828491211
-2655,anchor_scsn_002654,1304057,0,up,106.25724029541016
-2656,anchor_scsn_002655,1304218,0,up,75.97484588623047
-2657,anchor_scsn_002656,1304228,0,up,59.9896354675293
-2658,anchor_scsn_002657,1304667,0,up,214.1644744873047
-2659,anchor_scsn_002658,1304680,0,up,128.4010772705078
-2660,anchor_scsn_002659,1305545,0,up,116.10797119140625
-2661,anchor_scsn_002660,1305746,0,up,60.494998931884766
-2662,anchor_scsn_002661,1305957,0,up,349.8877868652344
-2663,anchor_scsn_002662,1306018,0,up,236.92652893066406
-2664,anchor_scsn_002663,1306456,0,up,59.34384536743164
-2665,anchor_scsn_002664,1306590,0,up,305.7549743652344
-2666,anchor_scsn_002665,1306766,0,up,52.76190948486328
-2667,anchor_scsn_002666,1307947,0,up,695.6167602539062
-2668,anchor_scsn_002667,1308094,0,up,98.47347259521484
-2669,anchor_scsn_002668,1308133,0,up,179.2860870361328
-2670,anchor_scsn_002669,1308604,0,up,85.4045639038086
-2671,anchor_scsn_002670,1308725,0,up,246.29331970214844
-2672,anchor_scsn_002671,1309311,0,up,138.68663024902344
-2673,anchor_scsn_002672,1310150,0,up,86.24932098388672
-2674,anchor_scsn_002673,1311026,0,up,53.02798080444336
-2675,anchor_scsn_002674,1311118,0,up,93.09546661376953
-2676,anchor_scsn_002675,1311169,0,up,498.385498046875
-2677,anchor_scsn_002676,1313253,0,up,111.04302978515625
-2678,anchor_scsn_002677,1313495,0,up,76.32453155517578
-2679,anchor_scsn_002678,1313530,0,up,73.76256561279297
-2680,anchor_scsn_002679,1313726,0,up,133.0496368408203
-2681,anchor_scsn_002680,1313783,0,up,53.00738525390625
-2682,anchor_scsn_002681,1313926,0,up,78.96468353271484
-2683,anchor_scsn_002682,1314065,0,up,78.75726318359375
-2684,anchor_scsn_002683,1314691,0,up,76.2963638305664
-2685,anchor_scsn_002684,1315011,0,up,112.0313720703125
-2686,anchor_scsn_002685,1316252,0,up,73.70536804199219
-2687,anchor_scsn_002686,1316875,0,up,50.77504348754883
-2688,anchor_scsn_002687,1317453,0,up,189.55015563964844
-2689,anchor_scsn_002688,1317603,0,up,142.29025268554688
-2690,anchor_scsn_002689,1317912,0,up,50.72903060913086
-2691,anchor_scsn_002690,1317932,0,up,94.11862182617188
-2692,anchor_scsn_002691,1318085,0,up,59.03422164916992
-2693,anchor_scsn_002692,1318515,0,up,62.8333740234375
-2694,anchor_scsn_002693,1318851,0,up,66.40370178222656
-2695,anchor_scsn_002694,1319203,0,up,75.29212951660156
-2696,anchor_scsn_002695,1319387,0,up,97.90676879882812
-2697,anchor_scsn_002696,1319439,0,up,158.96490478515625
-2698,anchor_scsn_002697,1320060,0,up,325.8712158203125
-2699,anchor_scsn_002698,1320185,0,up,81.3453369140625
-2700,anchor_scsn_002699,1321487,0,up,107.64876556396484
-2701,anchor_scsn_002700,1321950,0,up,84.1715316772461
-2702,anchor_scsn_002701,1322760,0,up,80.89913940429688
-2703,anchor_scsn_002702,1323794,0,up,63.233707427978516
-2704,anchor_scsn_002703,1323872,0,up,82.70911407470703
-2705,anchor_scsn_002704,1323897,0,up,111.52332305908203
-2706,anchor_scsn_002705,1325311,0,up,399.1755065917969
-2707,anchor_scsn_002706,1326407,0,up,148.6122283935547
-2708,anchor_scsn_002707,1326721,0,up,80.628173828125
-2709,anchor_scsn_002708,1327184,0,up,181.05943298339844
-2710,anchor_scsn_002709,1327364,0,up,149.95257568359375
-2711,anchor_scsn_002710,1328395,0,up,572.5999755859375
-2712,anchor_scsn_002711,1328991,0,up,59.770442962646484
-2713,anchor_scsn_002712,1329030,0,up,62.54841995239258
-2714,anchor_scsn_002713,1329156,0,up,107.0006332397461
-2715,anchor_scsn_002714,1329577,0,up,190.2411651611328
-2716,anchor_scsn_002715,1329984,0,up,170.2333984375
-2717,anchor_scsn_002716,1331004,0,up,320.4314880371094
-2718,anchor_scsn_002717,1331014,0,up,152.3428192138672
-2719,anchor_scsn_002718,1331266,0,up,103.57099151611328
-2720,anchor_scsn_002719,1332578,0,up,759.764404296875
-2721,anchor_scsn_002720,1332848,0,up,115.71666717529297
-2722,anchor_scsn_002721,1332955,0,up,84.89151000976562
-2723,anchor_scsn_002722,1333854,0,up,82.918701171875
-2724,anchor_scsn_002723,1334463,0,up,109.06179809570312
-2725,anchor_scsn_002724,1334762,0,up,71.15605926513672
-2726,anchor_scsn_002725,1334805,0,up,78.3338851928711
-2727,anchor_scsn_002726,1334810,0,up,113.7549057006836
-2728,anchor_scsn_002727,1335064,0,up,80.23175811767578
-2729,anchor_scsn_002728,1335245,0,up,117.21222686767578
-2730,anchor_scsn_002729,1337281,0,up,222.19163513183594
-2731,anchor_scsn_002730,1337991,0,up,56.505950927734375
-2732,anchor_scsn_002731,1338380,0,up,106.4527816772461
-2733,anchor_scsn_002732,1338739,0,up,69.17742919921875
-2734,anchor_scsn_002733,1339981,0,up,139.77813720703125
-2735,anchor_scsn_002734,1341180,0,up,59.74478530883789
-2736,anchor_scsn_002735,1341220,0,up,531.0682983398438
-2737,anchor_scsn_002736,1341627,0,up,53.72185134887695
-2738,anchor_scsn_002737,1341753,0,up,71.3765869140625
-2739,anchor_scsn_002738,1343312,0,up,515.2061157226562
-2740,anchor_scsn_002739,1343861,0,up,128.8169708251953
-2741,anchor_scsn_002740,1344294,0,up,95.81989288330078
-2742,anchor_scsn_002741,1346889,0,up,87.94083404541016
-2743,anchor_scsn_002742,1348006,0,up,77.68851470947266
-2744,anchor_scsn_002743,1349105,0,up,361.5428161621094
-2745,anchor_scsn_002744,1349481,0,up,602.993408203125
-2746,anchor_scsn_002745,1349520,0,up,52.02641296386719
-2747,anchor_scsn_002746,1350268,0,up,141.4839324951172
-2748,anchor_scsn_002747,1350802,0,up,61.35444641113281
-2749,anchor_scsn_002748,1351109,0,up,183.2783660888672
-2750,anchor_scsn_002749,1351692,0,up,106.61024475097656
-2751,anchor_scsn_002750,1352756,0,up,132.10609436035156
-2752,anchor_scsn_002751,1353387,0,up,152.50729370117188
-2753,anchor_scsn_002752,1353519,0,up,80.61038208007812
-2754,anchor_scsn_002753,1353951,0,up,113.66307067871094
-2755,anchor_scsn_002754,1354202,0,up,62.29204559326172
-2756,anchor_scsn_002755,1355361,0,up,93.04481506347656
-2757,anchor_scsn_002756,1355461,0,up,59.66759490966797
-2758,anchor_scsn_002757,1355960,0,up,81.64740753173828
-2759,anchor_scsn_002758,1355979,0,up,50.98298645019531
-2760,anchor_scsn_002759,1356308,0,up,91.75688934326172
-2761,anchor_scsn_002760,1356549,0,up,69.90389251708984
-2762,anchor_scsn_002761,1358229,0,up,69.1428451538086
-2763,anchor_scsn_002762,1358274,0,up,52.11701202392578
-2764,anchor_scsn_002763,1358501,0,up,61.864219665527344
-2765,anchor_scsn_002764,1358985,0,up,159.47540283203125
-2766,anchor_scsn_002765,1359376,0,up,57.323734283447266
-2767,anchor_scsn_002766,1360677,0,up,61.55875778198242
-2768,anchor_scsn_002767,1361010,0,up,110.3241958618164
-2769,anchor_scsn_002768,1361035,0,up,94.21920776367188
-2770,anchor_scsn_002769,1361445,0,up,347.0829772949219
-2771,anchor_scsn_002770,1361642,0,up,76.91192626953125
-2772,anchor_scsn_002771,1362390,0,up,178.6470947265625
-2773,anchor_scsn_002772,1362397,0,up,77.20332336425781
-2774,anchor_scsn_002773,1363543,0,up,62.361610412597656
-2775,anchor_scsn_002774,1363661,0,up,51.81719970703125
-2776,anchor_scsn_002775,1364067,0,up,248.4427947998047
-2777,anchor_scsn_002776,1365691,0,up,58.45591354370117
-2778,anchor_scsn_002777,1366055,0,up,709.3408813476562
-2779,anchor_scsn_002778,1367197,0,up,93.47450256347656
-2780,anchor_scsn_002779,1367863,0,up,116.08142852783203
-2781,anchor_scsn_002780,1368482,0,up,155.99671936035156
-2782,anchor_scsn_002781,1369920,0,up,261.42535400390625
-2783,anchor_scsn_002782,1369933,0,up,68.27896118164062
-2784,anchor_scsn_002783,1370034,0,up,99.93834686279297
-2785,anchor_scsn_002784,1371123,0,up,64.78044891357422
-2786,anchor_scsn_002785,1371170,0,up,219.5345458984375
-2787,anchor_scsn_002786,1371430,0,up,121.92489624023438
-2788,anchor_scsn_002787,1371520,0,up,58.14982223510742
-2789,anchor_scsn_002788,1371540,0,up,90.90371704101562
-2790,anchor_scsn_002789,1371639,0,up,210.03431701660156
-2791,anchor_scsn_002790,1372174,0,up,95.47978210449219
-2792,anchor_scsn_002791,1372344,0,up,67.2878646850586
-2793,anchor_scsn_002792,1372701,0,up,230.5088348388672
-2794,anchor_scsn_002793,1373269,0,up,96.49713897705078
-2795,anchor_scsn_002794,1373667,0,up,99.05266571044922
-2796,anchor_scsn_002795,1374807,0,up,85.9886245727539
-2797,anchor_scsn_002796,1374836,0,up,77.42842864990234
-2798,anchor_scsn_002797,1375858,0,up,50.120975494384766
-2799,anchor_scsn_002798,1376361,0,up,68.40679168701172
-2800,anchor_scsn_002799,1376378,0,up,81.1153564453125
-2801,anchor_scsn_002800,1376894,0,up,371.99267578125
-2802,anchor_scsn_002801,1377008,0,up,89.44080352783203
-2803,anchor_scsn_002802,1377390,0,up,502.1556396484375
-2804,anchor_scsn_002803,1377869,0,up,137.7534637451172
-2805,anchor_scsn_002804,1378744,0,up,61.39259338378906
-2806,anchor_scsn_002805,1379028,0,up,86.9631118774414
-2807,anchor_scsn_002806,1379234,0,up,243.05108642578125
-2808,anchor_scsn_002807,1379313,0,up,383.0071105957031
-2809,anchor_scsn_002808,1380062,0,up,89.64630889892578
-2810,anchor_scsn_002809,1380270,0,up,834.6764526367188
-2811,anchor_scsn_002810,1380365,0,up,77.46053314208984
-2812,anchor_scsn_002811,1380616,0,up,64.3060531616211
-2813,anchor_scsn_002812,1380974,0,up,192.18617248535156
-2814,anchor_scsn_002813,1382035,0,up,180.0337677001953
-2815,anchor_scsn_002814,1382962,0,up,270.3549499511719
-2816,anchor_scsn_002815,1383629,0,up,115.33065795898438
-2817,anchor_scsn_002816,1384274,0,up,66.02218627929688
-2818,anchor_scsn_002817,1384722,0,up,57.518211364746094
-2819,anchor_scsn_002818,1385216,0,up,85.98709869384766
-2820,anchor_scsn_002819,1385325,0,up,52.42045211791992
-2821,anchor_scsn_002820,1385657,0,up,73.1840591430664
-2822,anchor_scsn_002821,1385902,0,up,89.75614166259766
-2823,anchor_scsn_002822,1386257,0,up,274.65728759765625
-2824,anchor_scsn_002823,1386676,0,up,136.99610900878906
-2825,anchor_scsn_002824,1387199,0,up,50.02201843261719
-2826,anchor_scsn_002825,1387262,0,up,77.16165924072266
-2827,anchor_scsn_002826,1388634,0,up,142.43875122070312
-2828,anchor_scsn_002827,1389083,0,up,159.95680236816406
-2829,anchor_scsn_002828,1389205,0,up,62.17761993408203
-2830,anchor_scsn_002829,1390537,0,up,91.77051544189453
-2831,anchor_scsn_002830,1391615,0,up,76.30342864990234
-2832,anchor_scsn_002831,1392071,0,up,55.75164031982422
-2833,anchor_scsn_002832,1394052,0,up,123.60045623779297
-2834,anchor_scsn_002833,1395065,0,up,201.54217529296875
-2835,anchor_scsn_002834,1395340,0,up,260.5319519042969
-2836,anchor_scsn_002835,1395420,0,up,296.7945251464844
-2837,anchor_scsn_002836,1398636,0,up,57.527801513671875
-2838,anchor_scsn_002837,1398753,0,up,76.76239013671875
-2839,anchor_scsn_002838,1399927,0,up,58.40691375732422
-2840,anchor_scsn_002839,1400542,0,up,133.5963897705078
-2841,anchor_scsn_002840,1400758,0,up,61.3836555480957
-2842,anchor_scsn_002841,1400927,0,up,119.70389556884766
-2843,anchor_scsn_002842,1401972,0,up,114.90888977050781
-2844,anchor_scsn_002843,1402004,0,up,158.8020782470703
-2845,anchor_scsn_002844,1402368,0,up,95.79259490966797
-2846,anchor_scsn_002845,1402838,0,up,57.376686096191406
-2847,anchor_scsn_002846,1404031,0,up,284.4393005371094
-2848,anchor_scsn_002847,1404943,0,up,112.72989654541016
-2849,anchor_scsn_002848,1404999,0,up,301.3944091796875
-2850,anchor_scsn_002849,1405485,0,up,53.02009582519531
-2851,anchor_scsn_002850,1405649,0,up,58.12259292602539
-2852,anchor_scsn_002851,1406006,0,up,105.84382629394531
-2853,anchor_scsn_002852,1406021,0,up,541.1679077148438
-2854,anchor_scsn_002853,1406934,0,up,89.61536407470703
-2855,anchor_scsn_002854,1406977,0,up,50.755516052246094
-2856,anchor_scsn_002855,1408429,0,up,61.65751266479492
-2857,anchor_scsn_002856,1408623,0,up,60.378902435302734
-2858,anchor_scsn_002857,1408880,0,up,98.71989440917969
-2859,anchor_scsn_002858,1409637,0,up,232.6846466064453
-2860,anchor_scsn_002859,1409649,0,up,94.89488983154297
-2861,anchor_scsn_002860,1409850,0,up,146.2687530517578
-2862,anchor_scsn_002861,1410035,0,up,55.8201904296875
-2863,anchor_scsn_002862,1410216,0,up,53.941139221191406
-2864,anchor_scsn_002863,1410683,0,up,53.38560104370117
-2865,anchor_scsn_002864,1411203,0,up,503.18438720703125
-2866,anchor_scsn_002865,1411231,0,up,361.9952697753906
-2867,anchor_scsn_002866,1411242,0,up,195.082763671875
-2868,anchor_scsn_002867,1411605,0,up,141.94483947753906
-2869,anchor_scsn_002868,1411666,0,up,143.90513610839844
-2870,anchor_scsn_002869,1412839,0,up,59.214561462402344
-2871,anchor_scsn_002870,1413471,0,up,103.19734191894531
-2872,anchor_scsn_002871,1413775,0,up,249.79776000976562
-2873,anchor_scsn_002872,1414415,0,up,130.30052185058594
-2874,anchor_scsn_002873,1414724,0,up,346.2647705078125
-2875,anchor_scsn_002874,1414833,0,up,74.67493438720703
-2876,anchor_scsn_002875,1415560,0,up,121.4861068725586
-2877,anchor_scsn_002876,1416483,0,up,54.78940963745117
-2878,anchor_scsn_002877,1417660,0,up,92.32451629638672
-2879,anchor_scsn_002878,1417808,0,up,54.09598159790039
-2880,anchor_scsn_002879,1418219,0,up,69.6502685546875
-2881,anchor_scsn_002880,1418310,0,up,75.82987213134766
-2882,anchor_scsn_002881,1418835,0,up,51.20928192138672
-2883,anchor_scsn_002882,1419195,0,up,96.47479248046875
-2884,anchor_scsn_002883,1419372,0,up,452.0205993652344
-2885,anchor_scsn_002884,1419418,0,up,129.31753540039062
-2886,anchor_scsn_002885,1419563,0,up,92.75305938720703
-2887,anchor_scsn_002886,1420683,0,up,55.29922103881836
-2888,anchor_scsn_002887,1420841,0,up,172.6326141357422
-2889,anchor_scsn_002888,1420871,0,up,93.02335357666016
-2890,anchor_scsn_002889,1420896,0,up,80.37081909179688
-2891,anchor_scsn_002890,1421114,0,up,53.347503662109375
-2892,anchor_scsn_002891,1423129,0,up,60.133148193359375
-2893,anchor_scsn_002892,1423754,0,up,85.36084747314453
-2894,anchor_scsn_002893,1423944,0,up,103.78573608398438
-2895,anchor_scsn_002894,1424963,0,up,88.96368408203125
-2896,anchor_scsn_002895,1425863,0,up,307.7439880371094
-2897,anchor_scsn_002896,1427300,0,up,254.49050903320312
-2898,anchor_scsn_002897,1427962,0,up,179.7501678466797
-2899,anchor_scsn_002898,1428199,0,up,326.0945129394531
-2900,anchor_scsn_002899,1428256,0,up,53.882137298583984
-2901,anchor_scsn_002900,1430427,0,up,51.51278305053711
-2902,anchor_scsn_002901,1430935,0,up,472.00341796875
-2903,anchor_scsn_002902,1431051,0,up,101.62696075439453
-2904,anchor_scsn_002903,1431407,0,up,59.02972412109375
-2905,anchor_scsn_002904,1431479,0,up,72.03396606445312
-2906,anchor_scsn_002905,1432045,0,up,243.16705322265625
-2907,anchor_scsn_002906,1432764,0,up,117.88755798339844
-2908,anchor_scsn_002907,1433749,0,up,91.97008514404297
-2909,anchor_scsn_002908,1434082,0,up,259.2509460449219
-2910,anchor_scsn_002909,1434279,0,up,71.29855346679688
-2911,anchor_scsn_002910,1434638,0,up,243.21328735351562
-2912,anchor_scsn_002911,1434846,0,up,59.09259033203125
-2913,anchor_scsn_002912,1435361,0,up,96.82023620605469
-2914,anchor_scsn_002913,1435413,0,up,104.13179016113281
-2915,anchor_scsn_002914,1436324,0,up,53.45065689086914
-2916,anchor_scsn_002915,1436610,0,up,116.90779876708984
-2917,anchor_scsn_002916,1437841,0,up,85.08574676513672
-2918,anchor_scsn_002917,1438425,0,up,141.1184844970703
-2919,anchor_scsn_002918,1438442,0,up,113.10366821289062
-2920,anchor_scsn_002919,1439718,0,up,62.059383392333984
-2921,anchor_scsn_002920,1440192,0,up,64.21810150146484
-2922,anchor_scsn_002921,1440358,0,up,53.08063888549805
-2923,anchor_scsn_002922,1441467,0,up,109.97289276123047
-2924,anchor_scsn_002923,1441547,0,up,177.60606384277344
-2925,anchor_scsn_002924,1441599,0,up,73.49246215820312
-2926,anchor_scsn_002925,1441803,0,up,64.03196716308594
-2927,anchor_scsn_002926,1443623,0,up,163.89126586914062
-2928,anchor_scsn_002927,1444534,0,up,51.81978225708008
-2929,anchor_scsn_002928,1444995,0,up,177.9838409423828
-2930,anchor_scsn_002929,1445518,0,up,143.6540985107422
-2931,anchor_scsn_002930,1446327,0,up,64.5701675415039
-2932,anchor_scsn_002931,1446588,0,up,83.26326751708984
-2933,anchor_scsn_002932,1447229,0,up,121.18504333496094
-2934,anchor_scsn_002933,1447681,0,up,187.77964782714844
-2935,anchor_scsn_002934,1447966,0,up,68.5907211303711
-2936,anchor_scsn_002935,1448062,0,up,100.81855010986328
-2937,anchor_scsn_002936,1448718,0,up,81.43830108642578
-2938,anchor_scsn_002937,1449113,0,up,229.23519897460938
-2939,anchor_scsn_002938,1450616,0,up,100.08541870117188
-2940,anchor_scsn_002939,1451389,0,up,58.905303955078125
-2941,anchor_scsn_002940,1451844,0,up,53.909828186035156
-2942,anchor_scsn_002941,1452401,0,up,105.30448150634766
-2943,anchor_scsn_002942,1452682,0,up,63.60077667236328
-2944,anchor_scsn_002943,1452822,0,up,240.1687774658203
-2945,anchor_scsn_002944,1453088,0,up,91.13516235351562
-2946,anchor_scsn_002945,1453802,0,up,274.4529113769531
-2947,anchor_scsn_002946,1453984,0,up,56.22108459472656
-2948,anchor_scsn_002947,1454281,0,up,51.575172424316406
-2949,anchor_scsn_002948,1454617,0,up,256.3211669921875
-2950,anchor_scsn_002949,1454728,0,up,52.15206527709961
-2951,anchor_scsn_002950,1454880,0,up,91.33546447753906
-2952,anchor_scsn_002951,1455256,0,up,52.26390075683594
-2953,anchor_scsn_002952,1455284,0,up,316.19805908203125
-2954,anchor_scsn_002953,1455351,0,up,64.090087890625
-2955,anchor_scsn_002954,1455784,0,up,935.3350830078125
-2956,anchor_scsn_002955,1456453,0,up,80.75114440917969
-2957,anchor_scsn_002956,1456637,0,up,67.87211608886719
-2958,anchor_scsn_002957,1457325,0,up,168.75119018554688
-2959,anchor_scsn_002958,1457631,0,up,56.03242874145508
-2960,anchor_scsn_002959,1458328,0,up,53.12550735473633
-2961,anchor_scsn_002960,1459786,0,up,125.95844268798828
-2962,anchor_scsn_002961,1460274,0,up,51.207576751708984
-2963,anchor_scsn_002962,1460512,0,up,68.44210052490234
-2964,anchor_scsn_002963,1461326,0,up,261.39105224609375
-2965,anchor_scsn_002964,1461620,0,up,50.7556266784668
-2966,anchor_scsn_002965,1461668,0,up,82.80632781982422
-2967,anchor_scsn_002966,1462216,0,up,56.424049377441406
-2968,anchor_scsn_002967,1463254,0,up,133.87408447265625
-2969,anchor_scsn_002968,1463526,0,up,161.1897735595703
-2970,anchor_scsn_002969,1463583,0,up,192.26864624023438
-2971,anchor_scsn_002970,1464005,0,up,86.232177734375
-2972,anchor_scsn_002971,1464119,0,up,50.91210174560547
-2973,anchor_scsn_002972,1465538,0,up,133.6805877685547
-2974,anchor_scsn_002973,1466510,0,up,53.42885208129883
-2975,anchor_scsn_002974,1466648,0,up,86.26109313964844
-2976,anchor_scsn_002975,1467272,0,up,50.168113708496094
-2977,anchor_scsn_002976,1467716,0,up,55.18732833862305
-2978,anchor_scsn_002977,1468227,0,up,81.55224609375
-2979,anchor_scsn_002978,1468849,0,up,67.254150390625
-2980,anchor_scsn_002979,1469161,0,up,89.26148986816406
-2981,anchor_scsn_002980,1469238,0,up,60.37352752685547
-2982,anchor_scsn_002981,1469243,0,up,66.14591217041016
-2983,anchor_scsn_002982,1470455,0,up,63.33865737915039
-2984,anchor_scsn_002983,1471057,0,up,143.18653869628906
-2985,anchor_scsn_002984,1471137,0,up,62.171875
-2986,anchor_scsn_002985,1472181,0,up,112.14562225341797
-2987,anchor_scsn_002986,1473009,0,up,204.71080017089844
-2988,anchor_scsn_002987,1474106,0,up,540.2346801757812
-2989,anchor_scsn_002988,1474398,0,up,179.3085174560547
-2990,anchor_scsn_002989,1475024,0,up,73.04692840576172
-2991,anchor_scsn_002990,1475069,0,up,54.78106689453125
-2992,anchor_scsn_002991,1475304,0,up,264.35296630859375
-2993,anchor_scsn_002992,1476569,0,up,70.31080627441406
-2994,anchor_scsn_002993,1476676,0,up,168.82371520996094
-2995,anchor_scsn_002994,1477184,0,up,258.0155029296875
-2996,anchor_scsn_002995,1477575,0,up,53.079933166503906
-2997,anchor_scsn_002996,1477748,0,up,148.0406036376953
-2998,anchor_scsn_002997,1478811,0,up,78.45142364501953
-2999,anchor_scsn_002998,1478897,0,up,53.11867904663086
-3000,anchor_scsn_002999,1479099,0,up,265.6315612792969
-3001,anchor_scsn_003000,1479141,0,up,369.82623291015625
-3002,anchor_scsn_003001,1479152,0,up,59.23368835449219
-3003,anchor_scsn_003002,1479525,0,up,108.31153869628906
-3004,anchor_scsn_003003,1479553,0,up,57.48088836669922
-3005,anchor_scsn_003004,1480134,0,up,80.82189178466797
-3006,anchor_scsn_003005,1481422,0,up,110.27323913574219
-3007,anchor_scsn_003006,1481753,0,up,162.85862731933594
-3008,anchor_scsn_003007,1482915,0,up,122.74120330810547
-3009,anchor_scsn_003008,1483742,0,up,147.51016235351562
-3010,anchor_scsn_003009,1484002,0,up,145.0784912109375
-3011,anchor_scsn_003010,1484808,0,up,98.77513122558594
-3012,anchor_scsn_003011,1484813,0,up,116.96484375
-3013,anchor_scsn_003012,1484863,0,up,124.80917358398438
-3014,anchor_scsn_003013,1484967,0,up,268.64691162109375
-3015,anchor_scsn_003014,1484973,0,up,89.78410339355469
-3016,anchor_scsn_003015,1486594,0,up,56.567508697509766
-3017,anchor_scsn_003016,1487740,0,up,81.7740707397461
-3018,anchor_scsn_003017,1488442,0,up,87.18180847167969
-3019,anchor_scsn_003018,1488721,0,up,66.82669067382812
-3020,anchor_scsn_003019,1488976,0,up,63.41743850708008
-3021,anchor_scsn_003020,1489598,0,up,353.8467102050781
-3022,anchor_scsn_003021,1490282,0,up,62.79696273803711
-3023,anchor_scsn_003022,1490707,0,up,234.0444793701172
-3024,anchor_scsn_003023,1491042,0,up,55.732295989990234
-3025,anchor_scsn_003024,1491107,0,up,82.1894760131836
-3026,anchor_scsn_003025,1492501,0,up,56.728084564208984
-3027,anchor_scsn_003026,1493360,0,up,162.26597595214844
-3028,anchor_scsn_003027,1493721,0,up,405.0606384277344
-3029,anchor_scsn_003028,1493844,0,up,57.95419692993164
-3030,anchor_scsn_003029,1495157,0,up,262.7339782714844
-3031,anchor_scsn_003030,1497262,0,up,64.34748077392578
-3032,anchor_scsn_003031,1497536,0,up,85.35440826416016
-3033,anchor_scsn_003032,1497946,0,up,78.14250946044922
-3034,anchor_scsn_003033,1498333,0,up,972.8487548828125
-3035,anchor_scsn_003034,1499195,0,up,117.062255859375
-3036,anchor_scsn_003035,1500032,0,up,58.87518310546875
-3037,anchor_scsn_003036,1500104,0,up,53.50091552734375
-3038,anchor_scsn_003037,1500751,0,up,107.26583099365234
-3039,anchor_scsn_003038,1501346,0,up,224.83782958984375
-3040,anchor_scsn_003039,1501667,0,up,109.07298278808594
-3041,anchor_scsn_003040,1503312,0,up,134.4422607421875
-3042,anchor_scsn_003041,1504204,0,up,99.76222229003906
-3043,anchor_scsn_003042,1504394,0,up,117.70768737792969
-3044,anchor_scsn_003043,1505071,0,up,51.87503433227539
-3045,anchor_scsn_003044,1505243,0,up,67.13182067871094
-3046,anchor_scsn_003045,1505318,0,up,89.19013977050781
-3047,anchor_scsn_003046,1505402,0,up,96.4675521850586
-3048,anchor_scsn_003047,1506299,0,up,257.4640808105469
-3049,anchor_scsn_003048,1507719,0,up,75.29423522949219
-3050,anchor_scsn_003049,1507969,0,up,110.57568359375
-3051,anchor_scsn_003050,1508017,0,up,66.58391571044922
-3052,anchor_scsn_003051,1508425,0,up,76.08560180664062
-3053,anchor_scsn_003052,1508527,0,up,52.61138153076172
-3054,anchor_scsn_003053,1509239,0,up,67.33329772949219
-3055,anchor_scsn_003054,1511120,0,up,124.84530639648438
-3056,anchor_scsn_003055,1511419,0,up,126.70443725585938
-3057,anchor_scsn_003056,1511813,0,up,78.33570098876953
-3058,anchor_scsn_003057,1512328,0,up,63.613037109375
-3059,anchor_scsn_003058,1512976,0,up,102.22720336914062
-3060,anchor_scsn_003059,1513090,0,up,204.75831604003906
-3061,anchor_scsn_003060,1513217,0,up,53.24442672729492
-3062,anchor_scsn_003061,1513722,0,up,91.98236083984375
-3063,anchor_scsn_003062,1514226,0,up,116.97501373291016
-3064,anchor_scsn_003063,1514381,0,up,86.66394805908203
-3065,anchor_scsn_003064,1514502,0,up,230.4685516357422
-3066,anchor_scsn_003065,1516164,0,up,72.38619995117188
-3067,anchor_scsn_003066,1516223,0,up,66.27498626708984
-3068,anchor_scsn_003067,1516491,0,up,54.42863464355469
-3069,anchor_scsn_003068,1517550,0,up,109.85904693603516
-3070,anchor_scsn_003069,1517920,0,up,229.5876922607422
-3071,anchor_scsn_003070,1520384,0,up,109.79480743408203
-3072,anchor_scsn_003071,1520718,0,up,103.3914566040039
-3073,anchor_scsn_003072,1523234,0,up,165.71563720703125
-3074,anchor_scsn_003073,1523341,0,up,127.16511535644531
-3075,anchor_scsn_003074,1523577,0,up,80.42660522460938
-3076,anchor_scsn_003075,1523592,0,up,61.924827575683594
-3077,anchor_scsn_003076,1523638,0,up,152.5753936767578
-3078,anchor_scsn_003077,1523933,0,up,69.51805114746094
-3079,anchor_scsn_003078,1523948,0,up,272.1478576660156
-3080,anchor_scsn_003079,1524154,0,up,71.4745101928711
-3081,anchor_scsn_003080,1525001,0,up,128.16981506347656
-3082,anchor_scsn_003081,1525028,0,up,199.51528930664062
-3083,anchor_scsn_003082,1525221,0,up,81.72039794921875
-3084,anchor_scsn_003083,1526017,0,up,286.1138610839844
-3085,anchor_scsn_003084,1526216,0,up,63.375858306884766
-3086,anchor_scsn_003085,1526267,0,up,55.50111770629883
-3087,anchor_scsn_003086,1526410,0,up,65.07843780517578
-3088,anchor_scsn_003087,1526770,0,up,53.79813766479492
-3089,anchor_scsn_003088,1526771,0,up,256.0702819824219
-3090,anchor_scsn_003089,1527185,0,up,54.43484115600586
-3091,anchor_scsn_003090,1527265,0,up,77.04928588867188
-3092,anchor_scsn_003091,1527374,0,up,121.67771911621094
-3093,anchor_scsn_003092,1528162,0,up,52.75343704223633
-3094,anchor_scsn_003093,1528323,0,up,452.5490417480469
-3095,anchor_scsn_003094,1528776,0,up,102.5431137084961
-3096,anchor_scsn_003095,1528860,0,up,56.26995849609375
-3097,anchor_scsn_003096,1528881,0,up,213.76461791992188
-3098,anchor_scsn_003097,1531065,0,up,60.518028259277344
-3099,anchor_scsn_003098,1531597,0,up,135.50949096679688
-3100,anchor_scsn_003099,1531845,0,up,222.40914916992188
-3101,anchor_scsn_003100,1532686,0,up,78.71278381347656
-3102,anchor_scsn_003101,1533591,0,up,66.90028381347656
-3103,anchor_scsn_003102,1533595,0,up,58.09352493286133
-3104,anchor_scsn_003103,1533668,0,up,124.46635437011719
-3105,anchor_scsn_003104,1534348,0,up,98.90983581542969
-3106,anchor_scsn_003105,1536937,0,up,311.83038330078125
-3107,anchor_scsn_003106,1537481,0,up,54.67241287231445
-3108,anchor_scsn_003107,1537856,0,up,146.89971923828125
-3109,anchor_scsn_003108,1538019,0,up,68.8609848022461
-3110,anchor_scsn_003109,1538472,0,up,157.61521911621094
-3111,anchor_scsn_003110,1539121,0,up,71.96571350097656
-3112,anchor_scsn_003111,1541433,0,up,107.82384490966797
-3113,anchor_scsn_003112,1542543,0,up,101.29436492919922
-3114,anchor_scsn_003113,1542718,0,up,338.9808654785156
-3115,anchor_scsn_003114,1542965,0,up,404.9892272949219
-3116,anchor_scsn_003115,1543132,0,up,158.77142333984375
-3117,anchor_scsn_003116,1543962,0,up,116.24514770507812
-3118,anchor_scsn_003117,1544051,0,up,126.29153442382812
-3119,anchor_scsn_003118,1544125,0,up,109.73747253417969
-3120,anchor_scsn_003119,1544262,0,up,112.96849822998047
-3121,anchor_scsn_003120,1545195,0,up,73.90633392333984
-3122,anchor_scsn_003121,1545321,0,up,62.946773529052734
-3123,anchor_scsn_003122,1546852,0,up,139.9674530029297
-3124,anchor_scsn_003123,1546870,0,up,80.38282012939453
-3125,anchor_scsn_003124,1547080,0,up,207.88302612304688
-3126,anchor_scsn_003125,1548516,0,up,181.73458862304688
-3127,anchor_scsn_003126,1548734,0,up,134.00436401367188
-3128,anchor_scsn_003127,1548766,0,up,107.57821655273438
-3129,anchor_scsn_003128,1548786,0,up,64.8931884765625
-3130,anchor_scsn_003129,1548847,0,up,55.977867126464844
-3131,anchor_scsn_003130,1548951,0,up,226.955810546875
-3132,anchor_scsn_003131,1549464,0,up,78.5643310546875
-3133,anchor_scsn_003132,1550116,0,up,327.9135437011719
-3134,anchor_scsn_003133,1550681,0,up,71.43407440185547
-3135,anchor_scsn_003134,1551169,0,up,183.5774688720703
-3136,anchor_scsn_003135,1551580,0,up,74.78364562988281
-3137,anchor_scsn_003136,1552549,0,up,75.56124114990234
-3138,anchor_scsn_003137,1553883,0,up,79.73528289794922
-3139,anchor_scsn_003138,1554016,0,up,67.28047943115234
-3140,anchor_scsn_003139,1556524,0,up,71.3675537109375
-3141,anchor_scsn_003140,1556605,0,up,106.78782653808594
-3142,anchor_scsn_003141,1556647,0,up,235.68629455566406
-3143,anchor_scsn_003142,1558453,0,up,62.830360412597656
-3144,anchor_scsn_003143,1558942,0,up,52.75115966796875
-3145,anchor_scsn_003144,1560062,0,up,103.9944839477539
-3146,anchor_scsn_003145,1560571,0,up,202.61231994628906
-3147,anchor_scsn_003146,1560727,0,up,123.92723083496094
-3148,anchor_scsn_003147,1560818,0,up,175.07655334472656
-3149,anchor_scsn_003148,1561180,0,up,58.15637969970703
-3150,anchor_scsn_003149,1561709,0,up,58.81113815307617
-3151,anchor_scsn_003150,1562888,0,up,656.4443969726562
-3152,anchor_scsn_003151,1562952,0,up,58.959716796875
-3153,anchor_scsn_003152,1563195,0,up,185.8070526123047
-3154,anchor_scsn_003153,1563337,0,up,128.97479248046875
-3155,anchor_scsn_003154,1563378,0,up,193.0523681640625
-3156,anchor_scsn_003155,1564257,0,up,197.89817810058594
-3157,anchor_scsn_003156,1564476,0,up,87.90995025634766
-3158,anchor_scsn_003157,1565796,0,up,82.20560455322266
-3159,anchor_scsn_003158,1567483,0,up,226.2804412841797
-3160,anchor_scsn_003159,1568013,0,up,131.14108276367188
-3161,anchor_scsn_003160,1568150,0,up,88.01717376708984
-3162,anchor_scsn_003161,1568184,0,up,90.26046752929688
-3163,anchor_scsn_003162,1568392,0,up,59.39055633544922
-3164,anchor_scsn_003163,1568682,0,up,65.03678894042969
-3165,anchor_scsn_003164,1570236,0,up,51.65131378173828
-3166,anchor_scsn_003165,1570491,0,up,152.42575073242188
-3167,anchor_scsn_003166,1570652,0,up,187.23580932617188
-3168,anchor_scsn_003167,1570835,0,up,71.96854400634766
-3169,anchor_scsn_003168,1571013,0,up,83.34642791748047
-3170,anchor_scsn_003169,1571987,0,up,80.09123229980469
-3171,anchor_scsn_003170,1572048,0,up,90.47050476074219
-3172,anchor_scsn_003171,1572172,0,up,169.74400329589844
-3173,anchor_scsn_003172,1573049,0,up,76.3975601196289
-3174,anchor_scsn_003173,1573190,0,up,50.30746078491211
-3175,anchor_scsn_003174,1573331,0,up,130.7587432861328
-3176,anchor_scsn_003175,1573350,0,up,88.26737213134766
-3177,anchor_scsn_003176,1573776,0,up,66.41136932373047
-3178,anchor_scsn_003177,1574335,0,up,75.87763214111328
-3179,anchor_scsn_003178,1575852,0,up,130.8734893798828
-3180,anchor_scsn_003179,1575938,0,up,57.1176643371582
-3181,anchor_scsn_003180,1576732,0,up,213.33189392089844
-3182,anchor_scsn_003181,1577076,0,up,206.13101196289062
-3183,anchor_scsn_003182,1577082,0,up,289.489013671875
-3184,anchor_scsn_003183,1577110,0,up,59.57927703857422
-3185,anchor_scsn_003184,1579728,0,up,75.16206359863281
-3186,anchor_scsn_003185,1581306,0,up,59.65688705444336
-3187,anchor_scsn_003186,1581730,0,up,160.38345336914062
-3188,anchor_scsn_003187,1582050,0,up,84.06168365478516
-3189,anchor_scsn_003188,1582300,0,up,99.11771392822266
-3190,anchor_scsn_003189,1582331,0,up,116.018798828125
-3191,anchor_scsn_003190,1582747,0,up,355.8002624511719
-3192,anchor_scsn_003191,1583787,0,up,306.36529541015625
-3193,anchor_scsn_003192,1583797,0,up,53.08737564086914
-3194,anchor_scsn_003193,1584224,0,up,68.0083999633789
-3195,anchor_scsn_003194,1584785,0,up,173.73269653320312
-3196,anchor_scsn_003195,1584838,0,up,51.945194244384766
-3197,anchor_scsn_003196,1585687,0,up,91.09619140625
-3198,anchor_scsn_003197,1585717,0,up,357.37506103515625
-3199,anchor_scsn_003198,1585962,0,up,146.2548828125
-3200,anchor_scsn_003199,1587164,0,up,92.79635620117188
-3201,anchor_scsn_003200,1587301,0,up,72.68815612792969
-3202,anchor_scsn_003201,1589319,0,up,68.51195526123047
-3203,anchor_scsn_003202,1590551,0,up,100.72310638427734
-3204,anchor_scsn_003203,1591285,0,up,54.35575485229492
-3205,anchor_scsn_003204,1591378,0,up,85.0206527709961
-3206,anchor_scsn_003205,1592260,0,up,715.076904296875
-3207,anchor_scsn_003206,1592993,0,up,87.15733337402344
-3208,anchor_scsn_003207,1593044,0,up,58.71746826171875
-3209,anchor_scsn_003208,1593150,0,up,78.11775970458984
-3210,anchor_scsn_003209,1593281,0,up,109.13139343261719
-3211,anchor_scsn_003210,1595136,0,up,103.3689193725586
-3212,anchor_scsn_003211,1595289,0,up,720.8222045898438
-3213,anchor_scsn_003212,1595433,0,up,51.683921813964844
-3214,anchor_scsn_003213,1595532,0,up,83.00814819335938
-3215,anchor_scsn_003214,1595803,0,up,50.50956344604492
-3216,anchor_scsn_003215,1596376,0,up,53.304195404052734
-3217,anchor_scsn_003216,1599715,0,up,92.08052825927734
-3218,anchor_scsn_003217,1600930,0,up,78.10926818847656
-3219,anchor_scsn_003218,1600948,0,up,183.17538452148438
-3220,anchor_scsn_003219,1601714,0,up,102.47949981689453
-3221,anchor_scsn_003220,1601882,0,up,87.34127807617188
-3222,anchor_scsn_003221,1602003,0,up,87.85336303710938
-3223,anchor_scsn_003222,1602679,0,up,118.37377166748047
-3224,anchor_scsn_003223,1603449,0,up,121.40660095214844
-3225,anchor_scsn_003224,1604293,0,up,57.48859405517578
-3226,anchor_scsn_003225,1604319,0,up,62.49567413330078
-3227,anchor_scsn_003226,1604462,0,up,216.52037048339844
-3228,anchor_scsn_003227,1604622,0,up,126.49982452392578
-3229,anchor_scsn_003228,1604944,0,up,337.2711486816406
-3230,anchor_scsn_003229,1605424,0,up,441.6625671386719
-3231,anchor_scsn_003230,1605773,0,up,152.58370971679688
-3232,anchor_scsn_003231,1606757,0,up,131.78469848632812
-3233,anchor_scsn_003232,1606770,0,up,246.75311279296875
-3234,anchor_scsn_003233,1606776,0,up,104.033447265625
-3235,anchor_scsn_003234,1607511,0,up,64.29745483398438
-3236,anchor_scsn_003235,1607552,0,up,105.48348236083984
-3237,anchor_scsn_003236,1608200,0,up,149.1590576171875
-3238,anchor_scsn_003237,1608629,0,up,144.00164794921875
-3239,anchor_scsn_003238,1608857,0,up,235.39244079589844
-3240,anchor_scsn_003239,1610762,0,up,71.00826263427734
-3241,anchor_scsn_003240,1611920,0,up,301.1701965332031
-3242,anchor_scsn_003241,1611955,0,up,301.86260986328125
-3243,anchor_scsn_003242,1612213,0,up,50.50849914550781
-3244,anchor_scsn_003243,1612622,0,up,89.0104751586914
-3245,anchor_scsn_003244,1613365,0,up,68.39249420166016
-3246,anchor_scsn_003245,1614357,0,up,108.12973022460938
-3247,anchor_scsn_003246,1614468,0,up,77.44859313964844
-3248,anchor_scsn_003247,1614730,0,up,83.04764556884766
-3249,anchor_scsn_003248,1615312,0,up,52.68444061279297
-3250,anchor_scsn_003249,1615362,0,up,117.96993255615234
-3251,anchor_scsn_003250,1615585,0,up,58.74863052368164
-3252,anchor_scsn_003251,1615766,0,up,704.9913940429688
-3253,anchor_scsn_003252,1616250,0,up,277.5441589355469
-3254,anchor_scsn_003253,1616614,0,up,135.54495239257812
-3255,anchor_scsn_003254,1617663,0,up,105.55612182617188
-3256,anchor_scsn_003255,1618412,0,up,77.28366088867188
-3257,anchor_scsn_003256,1618710,0,up,474.0969543457031
-3258,anchor_scsn_003257,1619090,0,up,581.2398681640625
-3259,anchor_scsn_003258,1619295,0,up,101.10258483886719
-3260,anchor_scsn_003259,1621126,0,up,120.01026153564453
-3261,anchor_scsn_003260,1621302,0,up,56.68465042114258
-3262,anchor_scsn_003261,1621868,0,up,51.57195281982422
-3263,anchor_scsn_003262,1622065,0,up,272.4644775390625
-3264,anchor_scsn_003263,1622766,0,up,132.13827514648438
-3265,anchor_scsn_003264,1623034,0,up,51.6336669921875
-3266,anchor_scsn_003265,1624891,0,up,59.558536529541016
-3267,anchor_scsn_003266,1626308,0,up,82.94685363769531
-3268,anchor_scsn_003267,1626505,0,up,72.84101104736328
-3269,anchor_scsn_003268,1627129,0,up,142.0540771484375
-3270,anchor_scsn_003269,1627256,0,up,79.30455017089844
-3271,anchor_scsn_003270,1628212,0,up,95.72367095947266
-3272,anchor_scsn_003271,1628668,0,up,52.38590621948242
-3273,anchor_scsn_003272,1629687,0,up,60.73345184326172
-3274,anchor_scsn_003273,1629805,0,up,173.3291473388672
-3275,anchor_scsn_003274,1629828,0,up,92.15208435058594
-3276,anchor_scsn_003275,1630014,0,up,65.73101043701172
-3277,anchor_scsn_003276,1630281,0,up,110.88302612304688
-3278,anchor_scsn_003277,1630300,0,up,90.97957611083984
-3279,anchor_scsn_003278,1631245,0,up,103.50557708740234
-3280,anchor_scsn_003279,1633777,0,up,98.74662780761719
-3281,anchor_scsn_003280,1634488,0,up,82.4679946899414
-3282,anchor_scsn_003281,1634883,0,up,79.30706024169922
-3283,anchor_scsn_003282,1634990,0,up,418.989990234375
-3284,anchor_scsn_003283,1636931,0,up,67.9001693725586
-3285,anchor_scsn_003284,1637167,0,up,220.57980346679688
-3286,anchor_scsn_003285,1637763,0,up,50.09650421142578
-3287,anchor_scsn_003286,1638404,0,up,75.8035888671875
-3288,anchor_scsn_003287,1639141,0,up,74.97295379638672
-3289,anchor_scsn_003288,1639145,0,up,95.82704162597656
-3290,anchor_scsn_003289,1639164,0,up,52.97370910644531
-3291,anchor_scsn_003290,1639766,0,up,63.665008544921875
-3292,anchor_scsn_003291,1640904,0,up,257.2528991699219
-3293,anchor_scsn_003292,1641930,0,up,138.36143493652344
-3294,anchor_scsn_003293,1642618,0,up,50.48561096191406
-3295,anchor_scsn_003294,1642759,0,up,109.0982894897461
-3296,anchor_scsn_003295,1642945,0,up,90.20814514160156
-3297,anchor_scsn_003296,1643607,0,up,50.397377014160156
-3298,anchor_scsn_003297,1645209,0,up,60.746856689453125
-3299,anchor_scsn_003298,1646206,0,up,104.82676696777344
-3300,anchor_scsn_003299,1646367,0,up,550.0023803710938
-3301,anchor_scsn_003300,1646417,0,up,65.61409759521484
-3302,anchor_scsn_003301,1646670,0,up,139.35263061523438
-3303,anchor_scsn_003302,1646742,0,up,104.88224029541016
-3304,anchor_scsn_003303,1646892,0,up,90.32205963134766
-3305,anchor_scsn_003304,1646914,0,up,149.05889892578125
-3306,anchor_scsn_003305,1648924,0,up,95.26753997802734
-3307,anchor_scsn_003306,1649001,0,up,79.25509643554688
-3308,anchor_scsn_003307,1649647,0,up,63.63201904296875
-3309,anchor_scsn_003308,1650324,0,up,126.44689178466797
-3310,anchor_scsn_003309,1650770,0,up,366.1861572265625
-3311,anchor_scsn_003310,1650823,0,up,63.123046875
-3312,anchor_scsn_003311,1650830,0,up,443.2823791503906
-3313,anchor_scsn_003312,1650892,0,up,147.13973999023438
-3314,anchor_scsn_003313,1651698,0,up,83.89563751220703
-3315,anchor_scsn_003314,1651977,0,up,186.648193359375
-3316,anchor_scsn_003315,1652478,0,up,51.73008346557617
-3317,anchor_scsn_003316,1653037,0,up,116.08296966552734
-3318,anchor_scsn_003317,1653399,0,up,81.2210464477539
-3319,anchor_scsn_003318,1653682,0,up,122.16719818115234
-3320,anchor_scsn_003319,1653824,0,up,246.5726776123047
-3321,anchor_scsn_003320,1654719,0,up,487.6900634765625
-3322,anchor_scsn_003321,1654761,0,up,137.9625244140625
-3323,anchor_scsn_003322,1654844,0,up,80.66381072998047
-3324,anchor_scsn_003323,1654991,0,up,77.87421417236328
-3325,anchor_scsn_003324,1656839,0,up,98.93030548095703
-3326,anchor_scsn_003325,1657374,0,up,174.7583770751953
-3327,anchor_scsn_003326,1657499,0,up,103.73294830322266
-3328,anchor_scsn_003327,1657666,0,up,254.46693420410156
-3329,anchor_scsn_003328,1657717,0,up,55.18414306640625
-3330,anchor_scsn_003329,1659759,0,up,226.40097045898438
-3331,anchor_scsn_003330,1659997,0,up,96.70543670654297
-3332,anchor_scsn_003331,1660667,0,up,58.876747131347656
-3333,anchor_scsn_003332,1660676,0,up,82.02824401855469
-3334,anchor_scsn_003333,1660939,0,up,161.81954956054688
-3335,anchor_scsn_003334,1661104,0,up,106.81563568115234
-3336,anchor_scsn_003335,1662052,0,up,146.89540100097656
-3337,anchor_scsn_003336,1662438,0,up,86.27507781982422
-3338,anchor_scsn_003337,1662993,0,up,130.52859497070312
-3339,anchor_scsn_003338,1663071,0,up,76.13048553466797
-3340,anchor_scsn_003339,1663535,0,up,143.9593505859375
-3341,anchor_scsn_003340,1664469,0,up,56.95973205566406
-3342,anchor_scsn_003341,1664587,0,up,97.2622299194336
-3343,anchor_scsn_003342,1664646,0,up,56.46135711669922
-3344,anchor_scsn_003343,1665357,0,up,128.2587127685547
-3345,anchor_scsn_003344,1665511,0,up,55.3165168762207
-3346,anchor_scsn_003345,1666264,0,up,86.01200866699219
-3347,anchor_scsn_003346,1666555,0,up,177.9445343017578
-3348,anchor_scsn_003347,1667764,0,up,164.41989135742188
-3349,anchor_scsn_003348,1668288,0,up,72.06979370117188
-3350,anchor_scsn_003349,1669198,0,up,84.18916320800781
-3351,anchor_scsn_003350,1669433,0,up,66.97808074951172
-3352,anchor_scsn_003351,1670030,0,up,75.33251953125
-3353,anchor_scsn_003352,1670478,0,up,89.32527923583984
-3354,anchor_scsn_003353,1670676,0,up,76.59210968017578
-3355,anchor_scsn_003354,1670822,0,up,141.5459442138672
-3356,anchor_scsn_003355,1671138,0,up,125.63079071044922
-3357,anchor_scsn_003356,1673497,0,up,81.18798065185547
-3358,anchor_scsn_003357,1674143,0,up,84.47853088378906
-3359,anchor_scsn_003358,1674583,0,up,59.08392333984375
-3360,anchor_scsn_003359,1675630,0,up,53.16669464111328
-3361,anchor_scsn_003360,1675744,0,up,75.28778076171875
-3362,anchor_scsn_003361,1676626,0,up,222.523193359375
-3363,anchor_scsn_003362,1677373,0,up,65.53022003173828
-3364,anchor_scsn_003363,1677980,0,up,54.344482421875
-3365,anchor_scsn_003364,1678087,0,up,120.48524475097656
-3366,anchor_scsn_003365,1680909,0,up,64.67115783691406
-3367,anchor_scsn_003366,1681049,0,up,73.4311752319336
-3368,anchor_scsn_003367,1681656,0,up,908.689697265625
-3369,anchor_scsn_003368,1683185,0,up,128.79212951660156
-3370,anchor_scsn_003369,1683367,0,up,62.37805938720703
-3371,anchor_scsn_003370,1685301,0,up,122.29745483398438
-3372,anchor_scsn_003371,1685773,0,up,125.02918243408203
-3373,anchor_scsn_003372,1687227,0,up,90.81835174560547
-3374,anchor_scsn_003373,1688749,0,up,103.67234802246094
-3375,anchor_scsn_003374,1689048,0,up,68.76529693603516
-3376,anchor_scsn_003375,1689049,0,up,73.32488250732422
-3377,anchor_scsn_003376,1689112,0,up,75.06207275390625
-3378,anchor_scsn_003377,1689279,0,up,245.523681640625
-3379,anchor_scsn_003378,1692020,0,up,61.121124267578125
-3380,anchor_scsn_003379,1693087,0,up,56.8484992980957
-3381,anchor_scsn_003380,1695017,0,up,156.05880737304688
-3382,anchor_scsn_003381,1695042,0,up,341.0319519042969
-3383,anchor_scsn_003382,1695311,0,up,248.38629150390625
-3384,anchor_scsn_003383,1697275,0,up,80.82731628417969
-3385,anchor_scsn_003384,1697972,0,up,481.47607421875
-3386,anchor_scsn_003385,1699443,0,up,169.2250213623047
-3387,anchor_scsn_003386,1699546,0,up,69.4189224243164
-3388,anchor_scsn_003387,1700513,0,up,411.92791748046875
-3389,anchor_scsn_003388,1700515,0,up,93.5159912109375
-3390,anchor_scsn_003389,1700938,0,up,114.24220275878906
-3391,anchor_scsn_003390,1701242,0,up,115.00069427490234
-3392,anchor_scsn_003391,1701933,0,up,500.1884460449219
-3393,anchor_scsn_003392,1702163,0,up,161.35501098632812
-3394,anchor_scsn_003393,1702255,0,up,96.24418640136719
-3395,anchor_scsn_003394,1702420,0,up,113.76580047607422
-3396,anchor_scsn_003395,1702546,0,up,67.13581848144531
-3397,anchor_scsn_003396,1705155,0,up,86.09268951416016
-3398,anchor_scsn_003397,1705436,0,up,69.65773010253906
-3399,anchor_scsn_003398,1705885,0,up,69.13351440429688
-3400,anchor_scsn_003399,1706170,0,up,67.39446258544922
-3401,anchor_scsn_003400,1706228,0,up,232.05062866210938
-3402,anchor_scsn_003401,1707396,0,up,226.43174743652344
-3403,anchor_scsn_003402,1708379,0,up,159.54856872558594
-3404,anchor_scsn_003403,1709579,0,up,57.50369644165039
-3405,anchor_scsn_003404,1709794,0,up,168.8615264892578
-3406,anchor_scsn_003405,1710052,0,up,56.96514892578125
-3407,anchor_scsn_003406,1710315,0,up,126.79121398925781
-3408,anchor_scsn_003407,1711638,0,up,51.30704879760742
-3409,anchor_scsn_003408,1711931,0,up,196.8949737548828
-3410,anchor_scsn_003409,1713068,0,up,51.694820404052734
-3411,anchor_scsn_003410,1714009,0,up,60.683780670166016
-3412,anchor_scsn_003411,1714058,0,up,133.24130249023438
-3413,anchor_scsn_003412,1714401,0,up,58.28197479248047
-3414,anchor_scsn_003413,1714706,0,up,333.69195556640625
-3415,anchor_scsn_003414,1715919,0,up,59.7839469909668
-3416,anchor_scsn_003415,1717013,0,up,235.38958740234375
-3417,anchor_scsn_003416,1717381,0,up,75.46656799316406
-3418,anchor_scsn_003417,1717939,0,up,58.339195251464844
-3419,anchor_scsn_003418,1717957,0,up,63.15402603149414
-3420,anchor_scsn_003419,1718517,0,up,60.02617645263672
-3421,anchor_scsn_003420,1718542,0,up,119.96371459960938
-3422,anchor_scsn_003421,1719119,0,up,135.2611541748047
-3423,anchor_scsn_003422,1719464,0,up,73.13853454589844
-3424,anchor_scsn_003423,1719832,0,up,56.46779251098633
-3425,anchor_scsn_003424,1719922,0,up,59.771453857421875
-3426,anchor_scsn_003425,1720165,0,up,87.0804443359375
-3427,anchor_scsn_003426,1720290,0,up,65.68793487548828
-3428,anchor_scsn_003427,1720539,0,up,80.35061645507812
-3429,anchor_scsn_003428,1721626,0,up,64.848388671875
-3430,anchor_scsn_003429,1721676,0,up,71.35673522949219
-3431,anchor_scsn_003430,1723176,0,up,99.26551055908203
-3432,anchor_scsn_003431,1723905,0,up,144.29806518554688
-3433,anchor_scsn_003432,1724461,0,up,209.49722290039062
-3434,anchor_scsn_003433,1724857,0,up,57.94769287109375
-3435,anchor_scsn_003434,1725202,0,up,73.53866577148438
-3436,anchor_scsn_003435,1725453,0,up,51.82816696166992
-3437,anchor_scsn_003436,1725468,0,up,116.19334411621094
-3438,anchor_scsn_003437,1725896,0,up,92.94253540039062
-3439,anchor_scsn_003438,1726169,0,up,74.35504913330078
-3440,anchor_scsn_003439,1726267,0,up,279.19573974609375
-3441,anchor_scsn_003440,1726288,0,up,159.71170043945312
-3442,anchor_scsn_003441,1726451,0,up,105.44627380371094
-3443,anchor_scsn_003442,1727046,0,up,94.1362533569336
-3444,anchor_scsn_003443,1727205,0,up,142.15611267089844
-3445,anchor_scsn_003444,1728019,0,up,105.25260925292969
-3446,anchor_scsn_003445,1728678,0,up,56.530860900878906
-3447,anchor_scsn_003446,1728858,0,up,147.5361328125
-3448,anchor_scsn_003447,1729771,0,up,103.62557983398438
-3449,anchor_scsn_003448,1731703,0,up,54.57817459106445
-3450,anchor_scsn_003449,1732210,0,up,53.373023986816406
-3451,anchor_scsn_003450,1732696,0,up,121.32686614990234
-3452,anchor_scsn_003451,1733361,0,up,72.0655517578125
-3453,anchor_scsn_003452,1734316,0,up,66.23490905761719
-3454,anchor_scsn_003453,1734582,0,up,106.35224914550781
-3455,anchor_scsn_003454,1735809,0,up,105.05484771728516
-3456,anchor_scsn_003455,1736424,0,up,537.7492065429688
-3457,anchor_scsn_003456,1736522,0,up,69.07758331298828
-3458,anchor_scsn_003457,1737153,0,up,64.88811492919922
-3459,anchor_scsn_003458,1737227,0,up,58.55313491821289
-3460,anchor_scsn_003459,1739295,0,up,66.95935821533203
-3461,anchor_scsn_003460,1739472,0,up,74.29997253417969
-3462,anchor_scsn_003461,1739835,0,up,233.04774475097656
-3463,anchor_scsn_003462,1740239,0,up,51.48443603515625
-3464,anchor_scsn_003463,1740246,0,up,137.8199920654297
-3465,anchor_scsn_003464,1742692,0,up,73.71247863769531
-3466,anchor_scsn_003465,1742912,0,up,50.63352966308594
-3467,anchor_scsn_003466,1743658,0,up,98.15216064453125
-3468,anchor_scsn_003467,1743843,0,up,91.75598907470703
-3469,anchor_scsn_003468,1744183,0,up,67.57176971435547
-3470,anchor_scsn_003469,1744413,0,up,139.43316650390625
-3471,anchor_scsn_003470,1744653,0,up,113.43970489501953
-3472,anchor_scsn_003471,1744776,0,up,67.68122100830078
-3473,anchor_scsn_003472,1745072,0,up,84.73638916015625
-3474,anchor_scsn_003473,1745999,0,up,323.56231689453125
-3475,anchor_scsn_003474,1746477,0,up,84.66160583496094
-3476,anchor_scsn_003475,1747068,0,up,53.056396484375
-3477,anchor_scsn_003476,1747141,0,up,237.901611328125
-3478,anchor_scsn_003477,1747633,0,up,74.79334259033203
-3479,anchor_scsn_003478,1747694,0,up,120.8314208984375
-3480,anchor_scsn_003479,1748282,0,up,230.98623657226562
-3481,anchor_scsn_003480,1748656,0,up,189.00840759277344
-3482,anchor_scsn_003481,1748902,0,up,98.89134216308594
-3483,anchor_scsn_003482,1749848,0,up,64.90609741210938
-3484,anchor_scsn_003483,1750196,0,up,52.408714294433594
-3485,anchor_scsn_003484,1750378,0,up,360.0909729003906
-3486,anchor_scsn_003485,1750605,0,up,57.37765121459961
-3487,anchor_scsn_003486,1750788,0,up,65.20237731933594
-3488,anchor_scsn_003487,1750851,0,up,76.75240325927734
-3489,anchor_scsn_003488,1751676,0,up,65.77092742919922
-3490,anchor_scsn_003489,1752504,0,up,221.9481201171875
-3491,anchor_scsn_003490,1753006,0,up,115.2843246459961
-3492,anchor_scsn_003491,1753664,0,up,156.4086456298828
-3493,anchor_scsn_003492,1753674,0,up,842.4339599609375
-3494,anchor_scsn_003493,1755258,0,up,87.2061538696289
-3495,anchor_scsn_003494,1756175,0,up,134.3007354736328
-3496,anchor_scsn_003495,1756223,0,up,368.7015686035156
-3497,anchor_scsn_003496,1756393,0,up,127.01235961914062
-3498,anchor_scsn_003497,1757261,0,up,72.9466323852539
-3499,anchor_scsn_003498,1757468,0,up,193.75889587402344
-3500,anchor_scsn_003499,1758545,0,up,151.3596649169922
-3501,anchor_scsn_003500,1758624,0,up,309.3237609863281
-3502,anchor_scsn_003501,1758795,0,up,131.07801818847656
-3503,anchor_scsn_003502,1759117,0,up,55.067596435546875
-3504,anchor_scsn_003503,1760010,0,up,728.4107055664062
-3505,anchor_scsn_003504,1760396,0,up,141.282958984375
-3506,anchor_scsn_003505,1760639,0,up,203.31520080566406
-3507,anchor_scsn_003506,1761330,0,up,90.81644439697266
-3508,anchor_scsn_003507,1762322,0,up,233.6183624267578
-3509,anchor_scsn_003508,1762965,0,up,83.15376281738281
-3510,anchor_scsn_003509,1763418,0,up,81.89852142333984
-3511,anchor_scsn_003510,1764430,0,up,95.68647766113281
-3512,anchor_scsn_003511,1764658,0,up,245.19247436523438
-3513,anchor_scsn_003512,1764960,0,up,68.45491790771484
-3514,anchor_scsn_003513,1765016,0,up,407.0978698730469
-3515,anchor_scsn_003514,1765098,0,up,65.8675765991211
-3516,anchor_scsn_003515,1765471,0,up,139.986572265625
-3517,anchor_scsn_003516,1766464,0,up,80.83890533447266
-3518,anchor_scsn_003517,1767863,0,up,54.39396286010742
-3519,anchor_scsn_003518,1768567,0,up,54.19264602661133
-3520,anchor_scsn_003519,1768874,0,up,158.91160583496094
-3521,anchor_scsn_003520,1769101,0,up,53.41836166381836
-3522,anchor_scsn_003521,1769195,0,up,62.34152603149414
-3523,anchor_scsn_003522,1770800,0,up,59.573978424072266
-3524,anchor_scsn_003523,1771209,0,up,59.58957290649414
-3525,anchor_scsn_003524,1771359,0,up,60.92357635498047
-3526,anchor_scsn_003525,1771804,0,up,123.36669158935547
-3527,anchor_scsn_003526,1772395,0,up,68.14561462402344
-3528,anchor_scsn_003527,1774072,0,up,65.65753936767578
-3529,anchor_scsn_003528,1776066,0,up,110.68952178955078
-3530,anchor_scsn_003529,1776462,0,up,162.0944366455078
-3531,anchor_scsn_003530,1778436,0,up,80.69807434082031
-3532,anchor_scsn_003531,1779110,0,up,204.18191528320312
-3533,anchor_scsn_003532,1779176,0,up,68.45228576660156
-3534,anchor_scsn_003533,1779463,0,up,67.35114288330078
-3535,anchor_scsn_003534,1779717,0,up,133.4075164794922
-3536,anchor_scsn_003535,1780335,0,up,194.38795471191406
-3537,anchor_scsn_003536,1780355,0,up,195.51194763183594
-3538,anchor_scsn_003537,1780676,0,up,67.55986022949219
-3539,anchor_scsn_003538,1781359,0,up,59.109493255615234
-3540,anchor_scsn_003539,1781472,0,up,115.5191879272461
-3541,anchor_scsn_003540,1781521,0,up,150.15652465820312
-3542,anchor_scsn_003541,1781659,0,up,214.62667846679688
-3543,anchor_scsn_003542,1783605,0,up,73.2854232788086
-3544,anchor_scsn_003543,1784094,0,up,55.485626220703125
-3545,anchor_scsn_003544,1784836,0,up,76.43365478515625
-3546,anchor_scsn_003545,1785009,0,up,192.0930633544922
-3547,anchor_scsn_003546,1785434,0,up,69.4025650024414
-3548,anchor_scsn_003547,1785500,0,up,101.27644348144531
-3549,anchor_scsn_003548,1785504,0,up,59.887596130371094
-3550,anchor_scsn_003549,1785748,0,up,56.70717239379883
-3551,anchor_scsn_003550,1785769,0,up,162.75482177734375
-3552,anchor_scsn_003551,1785771,0,up,183.92425537109375
-3553,anchor_scsn_003552,1786011,0,up,118.25066375732422
-3554,anchor_scsn_003553,1786592,0,up,81.18647003173828
-3555,anchor_scsn_003554,1787081,0,up,61.856231689453125
-3556,anchor_scsn_003555,1787740,0,up,79.13847351074219
-3557,anchor_scsn_003556,1787924,0,up,96.59614562988281
-3558,anchor_scsn_003557,1788112,0,up,88.52066040039062
-3559,anchor_scsn_003558,1789108,0,up,55.624698638916016
-3560,anchor_scsn_003559,1790424,0,up,97.07550048828125
-3561,anchor_scsn_003560,1790819,0,up,192.70069885253906
-3562,anchor_scsn_003561,1790980,0,up,53.80812072753906
-3563,anchor_scsn_003562,1791276,0,up,58.97420883178711
-3564,anchor_scsn_003563,1791562,0,up,53.94453811645508
-3565,anchor_scsn_003564,1791693,0,up,532.9552612304688
-3566,anchor_scsn_003565,1791804,0,up,74.46837615966797
-3567,anchor_scsn_003566,1791837,0,up,143.33123779296875
-3568,anchor_scsn_003567,1792224,0,up,69.90016174316406
-3569,anchor_scsn_003568,1792734,0,up,177.1431427001953
-3570,anchor_scsn_003569,1794846,0,up,132.3574676513672
-3571,anchor_scsn_003570,1796367,0,up,126.70782470703125
-3572,anchor_scsn_003571,1796616,0,up,61.445213317871094
-3573,anchor_scsn_003572,1797001,0,up,55.111968994140625
-3574,anchor_scsn_003573,1797215,0,up,106.8748779296875
-3575,anchor_scsn_003574,1797514,0,up,82.43812561035156
-3576,anchor_scsn_003575,1797598,0,up,67.0858154296875
-3577,anchor_scsn_003576,1797766,0,up,117.97540283203125
-3578,anchor_scsn_003577,1798041,0,up,188.24874877929688
-3579,anchor_scsn_003578,1798281,0,up,81.56499481201172
-3580,anchor_scsn_003579,1798283,0,up,685.339111328125
-3581,anchor_scsn_003580,1799564,0,up,80.31678771972656
-3582,anchor_scsn_003581,1800153,0,up,61.88431167602539
-3583,anchor_scsn_003582,1800876,0,up,556.7866821289062
-3584,anchor_scsn_003583,1801359,0,up,103.62213134765625
-3585,anchor_scsn_003584,1801605,0,up,97.90023040771484
-3586,anchor_scsn_003585,1803095,0,up,67.38666534423828
-3587,anchor_scsn_003586,1803444,0,up,152.28887939453125
-3588,anchor_scsn_003587,1803548,0,up,382.9996643066406
-3589,anchor_scsn_003588,1804359,0,up,201.31552124023438
-3590,anchor_scsn_003589,1804628,0,up,55.04520797729492
-3591,anchor_scsn_003590,1805247,0,up,122.33113098144531
-3592,anchor_scsn_003591,1805601,0,up,273.42828369140625
-3593,anchor_scsn_003592,1807029,0,up,211.03860473632812
-3594,anchor_scsn_003593,1807070,0,up,52.56230163574219
-3595,anchor_scsn_003594,1807206,0,up,66.25131225585938
-3596,anchor_scsn_003595,1807219,0,up,98.59749603271484
-3597,anchor_scsn_003596,1807997,0,up,111.4854507446289
-3598,anchor_scsn_003597,1808295,0,up,553.4004516601562
-3599,anchor_scsn_003598,1808500,0,up,231.81875610351562
-3600,anchor_scsn_003599,1808519,0,up,117.4524917602539
-3601,anchor_scsn_003600,1809013,0,up,96.00184631347656
-3602,anchor_scsn_003601,1809810,0,up,138.46238708496094
-3603,anchor_scsn_003602,1810370,0,up,91.87825775146484
-3604,anchor_scsn_003603,1810378,0,up,124.99703216552734
-3605,anchor_scsn_003604,1810458,0,up,60.30470275878906
-3606,anchor_scsn_003605,1810593,0,up,85.77510070800781
-3607,anchor_scsn_003606,1810953,0,up,109.5521240234375
-3608,anchor_scsn_003607,1811126,0,up,195.9861297607422
-3609,anchor_scsn_003608,1811273,0,up,111.65827178955078
-3610,anchor_scsn_003609,1811657,0,up,116.26716613769531
-3611,anchor_scsn_003610,1811748,0,up,61.75999450683594
-3612,anchor_scsn_003611,1812210,0,up,97.55965423583984
-3613,anchor_scsn_003612,1812654,0,up,680.1744995117188
-3614,anchor_scsn_003613,1812791,0,up,180.13670349121094
-3615,anchor_scsn_003614,1813333,0,up,65.51657104492188
-3616,anchor_scsn_003615,1813641,0,up,196.9997100830078
-3617,anchor_scsn_003616,1813861,0,up,80.3740463256836
-3618,anchor_scsn_003617,1814056,0,up,55.43760299682617
-3619,anchor_scsn_003618,1815659,0,up,62.511260986328125
-3620,anchor_scsn_003619,1816521,0,up,61.565860748291016
-3621,anchor_scsn_003620,1816642,0,up,53.17068862915039
-3622,anchor_scsn_003621,1816860,0,up,50.04706954956055
-3623,anchor_scsn_003622,1816882,0,up,95.22312927246094
-3624,anchor_scsn_003623,1816988,0,up,98.41397857666016
-3625,anchor_scsn_003624,1817268,0,up,99.21586608886719
-3626,anchor_scsn_003625,1817315,0,up,52.615966796875
-3627,anchor_scsn_003626,1817573,0,up,68.33529663085938
-3628,anchor_scsn_003627,1817621,0,up,50.80083084106445
-3629,anchor_scsn_003628,1817723,0,up,52.61815643310547
-3630,anchor_scsn_003629,1817990,0,up,51.696868896484375
-3631,anchor_scsn_003630,1818431,0,up,118.9626235961914
-3632,anchor_scsn_003631,1818487,0,up,51.912452697753906
-3633,anchor_scsn_003632,1818808,0,up,198.3400115966797
-3634,anchor_scsn_003633,1819232,0,up,70.91436767578125
-3635,anchor_scsn_003634,1819336,0,up,76.5303955078125
-3636,anchor_scsn_003635,1819584,0,up,71.69695281982422
-3637,anchor_scsn_003636,1820745,0,up,682.0847778320312
-3638,anchor_scsn_003637,1821131,0,up,147.8703155517578
-3639,anchor_scsn_003638,1821666,0,up,152.64031982421875
-3640,anchor_scsn_003639,1822303,0,up,79.27240753173828
-3641,anchor_scsn_003640,1822464,0,up,68.26315307617188
-3642,anchor_scsn_003641,1822577,0,up,126.42252349853516
-3643,anchor_scsn_003642,1822897,0,up,51.548011779785156
-3644,anchor_scsn_003643,1823902,0,up,72.08118438720703
-3645,anchor_scsn_003644,1824010,0,up,217.23558044433594
-3646,anchor_scsn_003645,1824032,0,up,143.60227966308594
-3647,anchor_scsn_003646,1824749,0,up,309.3485107421875
-3648,anchor_scsn_003647,1825010,0,up,64.51152038574219
-3649,anchor_scsn_003648,1825339,0,up,57.38739776611328
-3650,anchor_scsn_003649,1825607,0,up,284.4964904785156
-3651,anchor_scsn_003650,1825796,0,up,94.64231872558594
-3652,anchor_scsn_003651,1825849,0,up,73.33650207519531
-3653,anchor_scsn_003652,1826289,0,up,53.922916412353516
-3654,anchor_scsn_003653,1826468,0,up,243.95277404785156
-3655,anchor_scsn_003654,1826525,0,up,120.08956146240234
-3656,anchor_scsn_003655,1826622,0,up,68.34626770019531
-3657,anchor_scsn_003656,1826693,0,up,72.52993774414062
-3658,anchor_scsn_003657,1826857,0,up,58.90741729736328
-3659,anchor_scsn_003658,1827021,0,up,52.75196838378906
-3660,anchor_scsn_003659,1827410,0,up,486.7181396484375
-3661,anchor_scsn_003660,1827703,0,up,167.64439392089844
-3662,anchor_scsn_003661,1828075,0,up,81.23930358886719
-3663,anchor_scsn_003662,1829009,0,up,99.15406036376953
-3664,anchor_scsn_003663,1829025,0,up,59.140907287597656
-3665,anchor_scsn_003664,1829034,0,up,60.434776306152344
-3666,anchor_scsn_003665,1829495,0,up,134.3407440185547
-3667,anchor_scsn_003666,1829941,0,up,217.49844360351562
-3668,anchor_scsn_003667,1830718,0,up,57.3438720703125
-3669,anchor_scsn_003668,1830755,0,up,187.28196716308594
-3670,anchor_scsn_003669,1831143,0,up,220.36495971679688
-3671,anchor_scsn_003670,1831176,0,up,80.01498413085938
-3672,anchor_scsn_003671,1831411,0,up,61.140716552734375
-3673,anchor_scsn_003672,1832434,0,up,83.46063232421875
-3674,anchor_scsn_003673,1833074,0,up,117.54997253417969
-3675,anchor_scsn_003674,1833435,0,up,58.31071472167969
-3676,anchor_scsn_003675,1833494,0,up,98.66706848144531
-3677,anchor_scsn_003676,1833571,0,up,71.50750732421875
-3678,anchor_scsn_003677,1833821,0,up,174.63668823242188
-3679,anchor_scsn_003678,1834023,0,up,72.8235855102539
-3680,anchor_scsn_003679,1834264,0,up,50.05614471435547
-3681,anchor_scsn_003680,1834389,0,up,77.48211669921875
-3682,anchor_scsn_003681,1834475,0,up,99.68262481689453
-3683,anchor_scsn_003682,1835450,0,up,402.2073974609375
-3684,anchor_scsn_003683,1835792,0,up,202.16017150878906
-3685,anchor_scsn_003684,1835933,0,up,101.84960174560547
-3686,anchor_scsn_003685,1836626,0,up,164.09141540527344
-3687,anchor_scsn_003686,1836789,0,up,196.2351837158203
-3688,anchor_scsn_003687,1837198,0,up,90.97012329101562
-3689,anchor_scsn_003688,1837371,0,up,134.99935913085938
-3690,anchor_scsn_003689,1838477,0,up,56.866310119628906
-3691,anchor_scsn_003690,1838662,0,up,57.85554504394531
-3692,anchor_scsn_003691,1838668,0,up,130.27880859375
-3693,anchor_scsn_003692,1839012,0,up,81.25425720214844
-3694,anchor_scsn_003693,1839332,0,up,63.545719146728516
-3695,anchor_scsn_003694,1839595,0,up,532.8914184570312
-3696,anchor_scsn_003695,1840241,0,up,142.420654296875
-3697,anchor_scsn_003696,1840278,0,up,63.083187103271484
-3698,anchor_scsn_003697,1841055,0,up,351.0361633300781
-3699,anchor_scsn_003698,1841116,0,up,84.9865951538086
-3700,anchor_scsn_003699,1841640,0,up,70.33507537841797
-3701,anchor_scsn_003700,1842127,0,up,80.0531234741211
-3702,anchor_scsn_003701,1842212,0,up,57.34431457519531
-3703,anchor_scsn_003702,1842653,0,up,536.48388671875
-3704,anchor_scsn_003703,1843223,0,up,59.17815399169922
-3705,anchor_scsn_003704,1843493,0,up,90.1255874633789
-3706,anchor_scsn_003705,1844300,0,up,70.42317962646484
-3707,anchor_scsn_003706,1845771,0,up,151.10536193847656
-3708,anchor_scsn_003707,1845921,0,up,151.34844970703125
-3709,anchor_scsn_003708,1848063,0,up,117.61409759521484
-3710,anchor_scsn_003709,1848111,0,up,83.87772369384766
-3711,anchor_scsn_003710,1848832,0,up,239.82150268554688
-3712,anchor_scsn_003711,1849603,0,up,82.73114013671875
-3713,anchor_scsn_003712,1850548,0,up,72.0291976928711
-3714,anchor_scsn_003713,1850883,0,up,84.00074768066406
-3715,anchor_scsn_003714,1850966,0,up,74.06568145751953
-3716,anchor_scsn_003715,1851143,0,up,119.27474212646484
-3717,anchor_scsn_003716,1851366,0,up,54.28652572631836
-3718,anchor_scsn_003717,1851539,0,up,145.64453125
-3719,anchor_scsn_003718,1851928,0,up,101.54296875
-3720,anchor_scsn_003719,1852472,0,up,99.61836242675781
-3721,anchor_scsn_003720,1852668,0,up,53.83086013793945
-3722,anchor_scsn_003721,1853089,0,up,65.7667236328125
-3723,anchor_scsn_003722,1853733,0,up,345.1235046386719
-3724,anchor_scsn_003723,1853762,0,up,50.13327407836914
-3725,anchor_scsn_003724,1853914,0,up,51.31280517578125
-3726,anchor_scsn_003725,1854877,0,up,52.03913879394531
-3727,anchor_scsn_003726,1855674,0,up,78.40735626220703
-3728,anchor_scsn_003727,1856198,0,up,78.65786743164062
-3729,anchor_scsn_003728,1856375,0,up,290.23919677734375
-3730,anchor_scsn_003729,1856628,0,up,52.866024017333984
-3731,anchor_scsn_003730,1856774,0,up,224.30125427246094
-3732,anchor_scsn_003731,1857354,0,up,170.4142303466797
-3733,anchor_scsn_003732,1858300,0,up,51.16376495361328
-3734,anchor_scsn_003733,1859269,0,up,99.62541961669922
-3735,anchor_scsn_003734,1859618,0,up,72.42272186279297
-3736,anchor_scsn_003735,1860093,0,up,83.4928970336914
-3737,anchor_scsn_003736,1860321,0,up,253.4236297607422
-3738,anchor_scsn_003737,1861015,0,up,61.414276123046875
-3739,anchor_scsn_003738,1861334,0,up,57.702816009521484
-3740,anchor_scsn_003739,1861336,0,up,118.94440460205078
-3741,anchor_scsn_003740,1862211,0,up,390.18231201171875
-3742,anchor_scsn_003741,1862227,0,up,77.6204605102539
-3743,anchor_scsn_003742,1864146,0,up,82.17308044433594
-3744,anchor_scsn_003743,1864852,0,up,62.207149505615234
-3745,anchor_scsn_003744,1865488,0,up,71.31912994384766
-3746,anchor_scsn_003745,1865650,0,up,88.76899719238281
-3747,anchor_scsn_003746,1866342,0,up,253.7257843017578
-3748,anchor_scsn_003747,1866683,0,up,380.9715270996094
-3749,anchor_scsn_003748,1866981,0,up,180.52813720703125
-3750,anchor_scsn_003749,1867069,0,up,577.1251831054688
-3751,anchor_scsn_003750,1867167,0,up,534.3475952148438
-3752,anchor_scsn_003751,1869671,0,up,62.999942779541016
-3753,anchor_scsn_003752,1870933,0,up,77.31718444824219
-3754,anchor_scsn_003753,1871108,0,up,80.10905456542969
-3755,anchor_scsn_003754,1871327,0,up,89.66805267333984
-3756,anchor_scsn_003755,1872379,0,up,58.222530364990234
-3757,anchor_scsn_003756,1873146,0,up,66.93187713623047
-3758,anchor_scsn_003757,1873657,0,up,62.802452087402344
-3759,anchor_scsn_003758,1874134,0,up,53.49274826049805
-3760,anchor_scsn_003759,1874300,0,up,203.37167358398438
-3761,anchor_scsn_003760,1874574,0,up,166.265380859375
-3762,anchor_scsn_003761,1875512,0,up,71.93327331542969
-3763,anchor_scsn_003762,1876579,0,up,121.69029998779297
-3764,anchor_scsn_003763,1876648,0,up,64.603271484375
-3765,anchor_scsn_003764,1876721,0,up,144.44967651367188
-3766,anchor_scsn_003765,1878437,0,up,240.8693084716797
-3767,anchor_scsn_003766,1879809,0,up,500.7982177734375
-3768,anchor_scsn_003767,1881178,0,up,169.14453125
-3769,anchor_scsn_003768,1881904,0,up,449.1886291503906
-3770,anchor_scsn_003769,1882268,0,up,424.13372802734375
-3771,anchor_scsn_003770,1882753,0,up,54.75043487548828
-3772,anchor_scsn_003771,1884138,0,up,770.4937744140625
-3773,anchor_scsn_003772,1884694,0,up,920.719482421875
-3774,anchor_scsn_003773,1885363,0,up,62.00434875488281
-3775,anchor_scsn_003774,1885673,0,up,54.47863006591797
-3776,anchor_scsn_003775,1885874,0,up,123.07019805908203
-3777,anchor_scsn_003776,1885936,0,up,221.11073303222656
-3778,anchor_scsn_003777,1886352,0,up,64.47833251953125
-3779,anchor_scsn_003778,1887045,0,up,59.43033981323242
-3780,anchor_scsn_003779,1888266,0,up,141.4932403564453
-3781,anchor_scsn_003780,1889275,0,up,114.24588012695312
-3782,anchor_scsn_003781,1889461,0,up,63.90935134887695
-3783,anchor_scsn_003782,1889670,0,up,317.41644287109375
-3784,anchor_scsn_003783,1889757,0,up,68.88092803955078
-3785,anchor_scsn_003784,1889993,0,up,64.85542297363281
-3786,anchor_scsn_003785,1890052,0,up,55.39588165283203
-3787,anchor_scsn_003786,1890150,0,up,120.29977416992188
-3788,anchor_scsn_003787,1890801,0,up,203.23406982421875
-3789,anchor_scsn_003788,1891803,0,up,91.81462097167969
-3790,anchor_scsn_003789,1892522,0,up,103.23147583007812
-3791,anchor_scsn_003790,1893350,0,up,60.514442443847656
-3792,anchor_scsn_003791,1893675,0,up,183.57244873046875
-3793,anchor_scsn_003792,1894127,0,up,91.30818939208984
-3794,anchor_scsn_003793,1895015,0,up,68.46236419677734
-3795,anchor_scsn_003794,1895738,0,up,54.479713439941406
-3796,anchor_scsn_003795,1896119,0,up,136.18128967285156
-3797,anchor_scsn_003796,1896626,0,up,59.49056625366211
-3798,anchor_scsn_003797,1897248,0,up,112.29466247558594
-3799,anchor_scsn_003798,1897685,0,up,53.343788146972656
-3800,anchor_scsn_003799,1897861,0,up,63.38230514526367
-3801,anchor_scsn_003800,1898094,0,up,279.9299011230469
-3802,anchor_scsn_003801,1898190,0,up,67.46771240234375
-3803,anchor_scsn_003802,1898262,0,up,437.95965576171875
-3804,anchor_scsn_003803,1898966,0,up,136.1753692626953
-3805,anchor_scsn_003804,1900364,0,up,94.13914489746094
-3806,anchor_scsn_003805,1900538,0,up,94.33592224121094
-3807,anchor_scsn_003806,1900551,0,up,143.69815063476562
-3808,anchor_scsn_003807,1900884,0,up,70.17212677001953
-3809,anchor_scsn_003808,1900897,0,up,185.4572296142578
-3810,anchor_scsn_003809,1902443,0,up,93.06743621826172
-3811,anchor_scsn_003810,1902505,0,up,99.4639663696289
-3812,anchor_scsn_003811,1904058,0,up,288.33502197265625
-3813,anchor_scsn_003812,1904077,0,up,63.17156982421875
-3814,anchor_scsn_003813,1904616,0,up,470.88629150390625
-3815,anchor_scsn_003814,1904781,0,up,103.189208984375
-3816,anchor_scsn_003815,1905536,0,up,129.1032257080078
-3817,anchor_scsn_003816,1905635,0,up,81.60035705566406
-3818,anchor_scsn_003817,1906133,0,up,52.63706588745117
-3819,anchor_scsn_003818,1906511,0,up,135.03286743164062
-3820,anchor_scsn_003819,1906859,0,up,70.76399230957031
-3821,anchor_scsn_003820,1907051,0,up,81.35923767089844
-3822,anchor_scsn_003821,1907302,0,up,74.41452026367188
-3823,anchor_scsn_003822,1908130,0,up,89.64971923828125
-3824,anchor_scsn_003823,1908242,0,up,471.911865234375
-3825,anchor_scsn_003824,1908728,0,up,89.60014343261719
-3826,anchor_scsn_003825,1909375,0,up,113.352294921875
-3827,anchor_scsn_003826,1909765,0,up,63.91867446899414
-3828,anchor_scsn_003827,1910463,0,up,185.5468292236328
-3829,anchor_scsn_003828,1911423,0,up,56.887657165527344
-3830,anchor_scsn_003829,1911524,0,up,107.84178924560547
-3831,anchor_scsn_003830,1911699,0,up,68.9852294921875
-3832,anchor_scsn_003831,1911735,0,up,131.7596435546875
-3833,anchor_scsn_003832,1913223,0,up,200.37831115722656
-3834,anchor_scsn_003833,1913470,0,up,279.83990478515625
-3835,anchor_scsn_003834,1913505,0,up,71.08368682861328
-3836,anchor_scsn_003835,1914832,0,up,79.62847137451172
-3837,anchor_scsn_003836,1915068,0,up,238.5287628173828
-3838,anchor_scsn_003837,1918117,0,up,334.77606201171875
-3839,anchor_scsn_003838,1918124,0,up,111.75797271728516
-3840,anchor_scsn_003839,1918182,0,up,328.66650390625
-3841,anchor_scsn_003840,1918189,0,up,284.2047119140625
-3842,anchor_scsn_003841,1918721,0,up,53.1118049621582
-3843,anchor_scsn_003842,1918957,0,up,135.45046997070312
-3844,anchor_scsn_003843,1920212,0,up,339.06866455078125
-3845,anchor_scsn_003844,1920217,0,up,60.32041931152344
-3846,anchor_scsn_003845,1920410,0,up,56.68556594848633
-3847,anchor_scsn_003846,1920715,0,up,221.8922576904297
-3848,anchor_scsn_003847,1920781,0,up,152.4115447998047
-3849,anchor_scsn_003848,1921551,0,up,61.29983139038086
-3850,anchor_scsn_003849,1921870,0,up,52.23711395263672
-3851,anchor_scsn_003850,1922428,0,up,51.4896125793457
-3852,anchor_scsn_003851,1923422,0,up,245.2277374267578
-3853,anchor_scsn_003852,1924333,0,up,93.99925231933594
-3854,anchor_scsn_003853,1925305,0,up,85.30787658691406
-3855,anchor_scsn_003854,1926001,0,up,54.41679382324219
-3856,anchor_scsn_003855,1926271,0,up,248.1905975341797
-3857,anchor_scsn_003856,1926426,0,up,63.723731994628906
-3858,anchor_scsn_003857,1926881,0,up,78.43147277832031
-3859,anchor_scsn_003858,1926973,0,up,158.78424072265625
-3860,anchor_scsn_003859,1926998,0,up,64.18019104003906
-3861,anchor_scsn_003860,1927255,0,up,87.64138793945312
-3862,anchor_scsn_003861,1928447,0,up,64.74021911621094
-3863,anchor_scsn_003862,1928623,0,up,119.52860260009766
-3864,anchor_scsn_003863,1929962,0,up,78.18077087402344
-3865,anchor_scsn_003864,1930085,0,up,166.93553161621094
-3866,anchor_scsn_003865,1930440,0,up,240.06573486328125
-3867,anchor_scsn_003866,1930468,0,up,61.12603759765625
-3868,anchor_scsn_003867,1930608,0,up,120.98045349121094
-3869,anchor_scsn_003868,1930626,0,up,55.830379486083984
-3870,anchor_scsn_003869,1930706,0,up,97.83356475830078
-3871,anchor_scsn_003870,1930803,0,up,85.0782470703125
-3872,anchor_scsn_003871,1930919,0,up,148.0905303955078
-3873,anchor_scsn_003872,1931387,0,up,142.81283569335938
-3874,anchor_scsn_003873,1931757,0,up,599.64306640625
-3875,anchor_scsn_003874,1932276,0,up,92.70355224609375
-3876,anchor_scsn_003875,1933014,0,up,67.80424499511719
-3877,anchor_scsn_003876,1933678,0,up,150.97573852539062
-3878,anchor_scsn_003877,1934415,0,up,51.26715850830078
-3879,anchor_scsn_003878,1934451,0,up,246.96165466308594
-3880,anchor_scsn_003879,1934625,0,up,97.50262451171875
-3881,anchor_scsn_003880,1935107,0,up,70.75740051269531
-3882,anchor_scsn_003881,1935602,0,up,100.23729705810547
-3883,anchor_scsn_003882,1935854,0,up,103.2143325805664
-3884,anchor_scsn_003883,1937914,0,up,331.4333801269531
-3885,anchor_scsn_003884,1938347,0,up,95.86894989013672
-3886,anchor_scsn_003885,1938692,0,up,134.19281005859375
-3887,anchor_scsn_003886,1938754,0,up,129.25123596191406
-3888,anchor_scsn_003887,1939687,0,up,125.92695617675781
-3889,anchor_scsn_003888,1939848,0,up,90.14148712158203
-3890,anchor_scsn_003889,1940871,0,up,184.00616455078125
-3891,anchor_scsn_003890,1941359,0,up,91.48394012451172
-3892,anchor_scsn_003891,1941418,0,up,67.98966217041016
-3893,anchor_scsn_003892,1941532,0,up,61.23427200317383
-3894,anchor_scsn_003893,1941626,0,up,179.65402221679688
-3895,anchor_scsn_003894,1942450,0,up,164.1051025390625
-3896,anchor_scsn_003895,1944254,0,up,315.61688232421875
-3897,anchor_scsn_003896,1944860,0,up,115.68135070800781
-3898,anchor_scsn_003897,1945140,0,up,57.704376220703125
-3899,anchor_scsn_003898,1945693,0,up,63.65086364746094
-3900,anchor_scsn_003899,1946030,0,up,63.659950256347656
-3901,anchor_scsn_003900,1946777,0,up,327.1307067871094
-3902,anchor_scsn_003901,1946956,0,up,238.880859375
-3903,anchor_scsn_003902,1947168,0,up,120.71041870117188
-3904,anchor_scsn_003903,1948011,0,up,177.74554443359375
-3905,anchor_scsn_003904,1948061,0,up,101.40947723388672
-3906,anchor_scsn_003905,1948374,0,up,112.06659698486328
-3907,anchor_scsn_003906,1948456,0,up,261.4742431640625
-3908,anchor_scsn_003907,1948528,0,up,53.23030090332031
-3909,anchor_scsn_003908,1948683,0,up,70.547607421875
-3910,anchor_scsn_003909,1949008,0,up,74.03486633300781
-3911,anchor_scsn_003910,1949066,0,up,67.1412353515625
-3912,anchor_scsn_003911,1949088,0,up,101.57857513427734
-3913,anchor_scsn_003912,1949763,0,up,125.15921020507812
-3914,anchor_scsn_003913,1949828,0,up,74.8158950805664
-3915,anchor_scsn_003914,1949988,0,up,64.84320068359375
-3916,anchor_scsn_003915,1950258,0,up,103.6402359008789
-3917,anchor_scsn_003916,1950584,0,up,50.750247955322266
-3918,anchor_scsn_003917,1951098,0,up,58.224334716796875
-3919,anchor_scsn_003918,1951298,0,up,65.61201477050781
-3920,anchor_scsn_003919,1951909,0,up,67.44878387451172
-3921,anchor_scsn_003920,1952280,0,up,117.54298400878906
-3922,anchor_scsn_003921,1952323,0,up,64.8819808959961
-3923,anchor_scsn_003922,1952492,0,up,57.99003219604492
-3924,anchor_scsn_003923,1953774,0,up,367.3383483886719
-3925,anchor_scsn_003924,1954189,0,up,58.970794677734375
-3926,anchor_scsn_003925,1955926,0,up,201.98724365234375
-3927,anchor_scsn_003926,1956073,0,up,217.27450561523438
-3928,anchor_scsn_003927,1956133,0,up,56.9456901550293
-3929,anchor_scsn_003928,1956394,0,up,71.1861801147461
-3930,anchor_scsn_003929,1957071,0,up,88.14216613769531
-3931,anchor_scsn_003930,1957116,0,up,328.0408935546875
-3932,anchor_scsn_003931,1958039,0,up,259.4930114746094
-3933,anchor_scsn_003932,1958287,0,up,117.00364685058594
-3934,anchor_scsn_003933,1958550,0,up,66.73036193847656
-3935,anchor_scsn_003934,1959875,0,up,103.21540832519531
-3936,anchor_scsn_003935,1959969,0,up,95.99456024169922
-3937,anchor_scsn_003936,1960026,0,up,85.23466491699219
-3938,anchor_scsn_003937,1960475,0,up,415.3857116699219
-3939,anchor_scsn_003938,1961272,0,up,241.20118713378906
-3940,anchor_scsn_003939,1962301,0,up,116.59679412841797
-3941,anchor_scsn_003940,1964165,0,up,154.19007873535156
-3942,anchor_scsn_003941,1964978,0,up,144.5089111328125
-3943,anchor_scsn_003942,1965044,0,up,118.23603820800781
-3944,anchor_scsn_003943,1965533,0,up,66.31007385253906
-3945,anchor_scsn_003944,1966040,0,up,63.2464714050293
-3946,anchor_scsn_003945,1966690,0,up,82.33496856689453
-3947,anchor_scsn_003946,1967000,0,up,525.8970336914062
-3948,anchor_scsn_003947,1967798,0,up,111.15934753417969
-3949,anchor_scsn_003948,1968296,0,up,159.03182983398438
-3950,anchor_scsn_003949,1971320,0,up,141.7607421875
-3951,anchor_scsn_003950,1971383,0,up,51.185508728027344
-3952,anchor_scsn_003951,1971672,0,up,81.87010192871094
-3953,anchor_scsn_003952,1972153,0,up,155.86288452148438
-3954,anchor_scsn_003953,1972999,0,up,139.63873291015625
-3955,anchor_scsn_003954,1973338,0,up,73.82926940917969
-3956,anchor_scsn_003955,1975210,0,up,178.06248474121094
-3957,anchor_scsn_003956,1975394,0,up,54.27309036254883
-3958,anchor_scsn_003957,1976965,0,up,248.6143035888672
-3959,anchor_scsn_003958,1977407,0,up,121.46699523925781
-3960,anchor_scsn_003959,1977589,0,up,161.2490234375
-3961,anchor_scsn_003960,1978170,0,up,50.47459411621094
-3962,anchor_scsn_003961,1979148,0,up,52.1552734375
-3963,anchor_scsn_003962,1979409,0,up,353.63720703125
-3964,anchor_scsn_003963,1979589,0,up,63.73853302001953
-3965,anchor_scsn_003964,1980520,0,up,54.24092102050781
-3966,anchor_scsn_003965,1980525,0,up,88.65502166748047
-3967,anchor_scsn_003966,1981320,0,up,91.7178955078125
-3968,anchor_scsn_003967,1981580,0,up,92.16374969482422
-3969,anchor_scsn_003968,1981842,0,up,91.5102767944336
-3970,anchor_scsn_003969,1982383,0,up,207.0572967529297
-3971,anchor_scsn_003970,1982632,0,up,69.15056610107422
-3972,anchor_scsn_003971,1982704,0,up,162.55809020996094
-3973,anchor_scsn_003972,1982755,0,up,118.66805267333984
-3974,anchor_scsn_003973,1982766,0,up,201.82501220703125
-3975,anchor_scsn_003974,1982883,0,up,972.6051025390625
-3976,anchor_scsn_003975,1982890,0,up,167.99972534179688
-3977,anchor_scsn_003976,1983179,0,up,843.1615600585938
-3978,anchor_scsn_003977,1983234,0,up,221.14625549316406
-3979,anchor_scsn_003978,1984481,0,up,103.71214294433594
-3980,anchor_scsn_003979,1984487,0,up,133.17733764648438
-3981,anchor_scsn_003980,1984555,0,up,92.81678771972656
-3982,anchor_scsn_003981,1986019,0,up,51.50383377075195
-3983,anchor_scsn_003982,1987069,0,up,117.82825469970703
-3984,anchor_scsn_003983,1987279,0,up,116.67455291748047
-3985,anchor_scsn_003984,1987400,0,up,51.87712097167969
-3986,anchor_scsn_003985,1988559,0,up,64.47307586669922
-3987,anchor_scsn_003986,1990298,0,up,106.17340087890625
-3988,anchor_scsn_003987,1990627,0,up,54.353694915771484
-3989,anchor_scsn_003988,1991289,0,up,111.50961303710938
-3990,anchor_scsn_003989,1991732,0,up,122.77876281738281
-3991,anchor_scsn_003990,1992434,0,up,69.93095397949219
-3992,anchor_scsn_003991,1992754,0,up,78.04332733154297
-3993,anchor_scsn_003992,1993092,0,up,128.0883331298828
-3994,anchor_scsn_003993,1994907,0,up,128.40484619140625
-3995,anchor_scsn_003994,1994911,0,up,59.72021484375
-3996,anchor_scsn_003995,1995319,0,up,73.60598754882812
-3997,anchor_scsn_003996,1995912,0,up,109.75995635986328
-3998,anchor_scsn_003997,1996154,0,up,98.3422622680664
-3999,anchor_scsn_003998,1997167,0,up,74.49131774902344
-4000,anchor_scsn_003999,1998659,0,up,53.678863525390625
-4001,anchor_scsn_004000,1998881,0,up,69.86090087890625
-4002,anchor_scsn_004001,1999231,0,up,59.845558166503906
-4003,anchor_scsn_004002,1999426,0,up,110.24515533447266
-4004,anchor_scsn_004003,2000334,0,up,58.482662200927734
-4005,anchor_scsn_004004,2000386,0,up,179.2023162841797
-4006,anchor_scsn_004005,2000528,0,up,423.99432373046875
-4007,anchor_scsn_004006,2000529,0,up,53.40581512451172
-4008,anchor_scsn_004007,2000948,0,up,406.2001953125
-4009,anchor_scsn_004008,2002061,0,up,891.164306640625
-4010,anchor_scsn_004009,2002173,0,up,251.09141540527344
-4011,anchor_scsn_004010,2002515,0,up,50.63338088989258
-4012,anchor_scsn_004011,2002736,0,up,52.784507751464844
-4013,anchor_scsn_004012,2002802,0,up,71.73612976074219
-4014,anchor_scsn_004013,2002940,0,up,62.49193572998047
-4015,anchor_scsn_004014,2004168,0,up,73.87225341796875
-4016,anchor_scsn_004015,2005070,0,up,114.42518615722656
-4017,anchor_scsn_004016,2005081,0,up,137.30755615234375
-4018,anchor_scsn_004017,2005920,0,up,254.1049346923828
-4019,anchor_scsn_004018,2005973,0,up,51.09394454956055
-4020,anchor_scsn_004019,2006093,0,up,108.62222290039062
-4021,anchor_scsn_004020,2006660,0,up,96.70169067382812
-4022,anchor_scsn_004021,2006943,0,up,407.52874755859375
-4023,anchor_scsn_004022,2007167,0,up,121.79209899902344
-4024,anchor_scsn_004023,2007513,0,up,81.45890045166016
-4025,anchor_scsn_004024,2008534,0,up,57.65597152709961
-4026,anchor_scsn_004025,2008682,0,up,61.3637809753418
-4027,anchor_scsn_004026,2010113,0,up,96.91132354736328
-4028,anchor_scsn_004027,2010398,0,up,313.0107727050781
-4029,anchor_scsn_004028,2010735,0,up,73.47974395751953
-4030,anchor_scsn_004029,2010916,0,up,93.96797943115234
-4031,anchor_scsn_004030,2011502,0,up,86.72796630859375
-4032,anchor_scsn_004031,2011655,0,up,58.04909896850586
-4033,anchor_scsn_004032,2013223,0,up,163.37088012695312
-4034,anchor_scsn_004033,2013814,0,up,106.32148742675781
-4035,anchor_scsn_004034,2013944,0,up,127.73323822021484
-4036,anchor_scsn_004035,2014011,0,up,65.87185668945312
-4037,anchor_scsn_004036,2014523,0,up,60.7656364440918
-4038,anchor_scsn_004037,2014623,0,up,84.81340789794922
-4039,anchor_scsn_004038,2015234,0,up,62.31772232055664
-4040,anchor_scsn_004039,2016584,0,up,110.20967864990234
-4041,anchor_scsn_004040,2017886,0,up,75.7892074584961
-4042,anchor_scsn_004041,2018106,0,up,57.49928283691406
-4043,anchor_scsn_004042,2020075,0,up,93.3957748413086
-4044,anchor_scsn_004043,2020625,0,up,136.56654357910156
-4045,anchor_scsn_004044,2020855,0,up,74.40882873535156
-4046,anchor_scsn_004045,2021742,0,up,132.2963409423828
-4047,anchor_scsn_004046,2021801,0,up,467.1506652832031
-4048,anchor_scsn_004047,2022074,0,up,118.24747467041016
-4049,anchor_scsn_004048,2022285,0,up,82.56550598144531
-4050,anchor_scsn_004049,2024600,0,up,83.09489440917969
-4051,anchor_scsn_004050,2025589,0,up,104.35101318359375
-4052,anchor_scsn_004051,2025621,0,up,287.32489013671875
-4053,anchor_scsn_004052,2026217,0,up,57.721092224121094
-4054,anchor_scsn_004053,2026540,0,up,93.9167251586914
-4055,anchor_scsn_004054,2026936,0,up,121.13996124267578
-4056,anchor_scsn_004055,2027380,0,up,94.74286651611328
-4057,anchor_scsn_004056,2027421,0,up,145.4382781982422
-4058,anchor_scsn_004057,2027991,0,up,75.7935562133789
-4059,anchor_scsn_004058,2028240,0,up,78.90819549560547
-4060,anchor_scsn_004059,2028501,0,up,163.16831970214844
-4061,anchor_scsn_004060,2028574,0,up,54.9731330871582
-4062,anchor_scsn_004061,2028726,0,up,50.4059944152832
-4063,anchor_scsn_004062,2029825,0,up,52.6478157043457
-4064,anchor_scsn_004063,2030109,0,up,50.27606964111328
-4065,anchor_scsn_004064,2030510,0,up,135.75967407226562
-4066,anchor_scsn_004065,2030599,0,up,68.6742172241211
-4067,anchor_scsn_004066,2030880,0,up,52.48750686645508
-4068,anchor_scsn_004067,2031275,0,up,132.8336639404297
-4069,anchor_scsn_004068,2032090,0,up,127.08650207519531
-4070,anchor_scsn_004069,2032159,0,up,56.83713150024414
-4071,anchor_scsn_004070,2032797,0,up,80.9314193725586
-4072,anchor_scsn_004071,2032887,0,up,205.80555725097656
-4073,anchor_scsn_004072,2032907,0,up,71.59805297851562
-4074,anchor_scsn_004073,2033179,0,up,162.46597290039062
-4075,anchor_scsn_004074,2033498,0,up,252.995849609375
-4076,anchor_scsn_004075,2033641,0,up,58.96759796142578
-4077,anchor_scsn_004076,2034165,0,up,94.80323791503906
-4078,anchor_scsn_004077,2034809,0,up,59.71622085571289
-4079,anchor_scsn_004078,2036117,0,up,50.4276237487793
-4080,anchor_scsn_004079,2036283,0,up,74.12730407714844
-4081,anchor_scsn_004080,2037860,0,up,233.76902770996094
-4082,anchor_scsn_004081,2037864,0,up,55.53985595703125
-4083,anchor_scsn_004082,2037874,0,up,55.145599365234375
-4084,anchor_scsn_004083,2039128,0,up,169.96078491210938
-4085,anchor_scsn_004084,2040325,0,up,59.49734878540039
-4086,anchor_scsn_004085,2040567,0,up,69.09962463378906
-4087,anchor_scsn_004086,2041060,0,up,211.63958740234375
-4088,anchor_scsn_004087,2041943,0,up,206.98873901367188
-4089,anchor_scsn_004088,2042195,0,up,51.159061431884766
-4090,anchor_scsn_004089,2044864,0,up,172.94960021972656
-4091,anchor_scsn_004090,2045150,0,up,70.21199035644531
-4092,anchor_scsn_004091,2045287,0,up,55.899593353271484
-4093,anchor_scsn_004092,2045595,0,up,61.8044548034668
-4094,anchor_scsn_004093,2045798,0,up,100.02549743652344
-4095,anchor_scsn_004094,2045904,0,up,53.32877731323242
-4096,anchor_scsn_004095,2047468,0,up,84.01829528808594
-4097,anchor_scsn_004096,2047855,0,up,76.77305603027344
-4098,anchor_scsn_004097,2048470,0,up,254.7119140625
-4099,anchor_scsn_004098,2048491,0,up,109.88001251220703
-4100,anchor_scsn_004099,2048542,0,up,118.98953247070312
-4101,anchor_scsn_004100,2050372,0,up,181.6041259765625
-4102,anchor_scsn_004101,2050577,0,up,72.70231628417969
-4103,anchor_scsn_004102,2050731,0,up,50.94854736328125
-4104,anchor_scsn_004103,2051318,0,up,137.0096893310547
-4105,anchor_scsn_004104,2051490,0,up,100.47623443603516
-4106,anchor_scsn_004105,2052257,0,up,54.21061706542969
-4107,anchor_scsn_004106,2052314,0,up,55.109275817871094
-4108,anchor_scsn_004107,2052650,0,up,67.4834213256836
-4109,anchor_scsn_004108,2053270,0,up,411.0642395019531
-4110,anchor_scsn_004109,2053687,0,up,59.23933410644531
-4111,anchor_scsn_004110,2053714,0,up,87.55671691894531
-4112,anchor_scsn_004111,2054187,0,up,75.35570526123047
-4113,anchor_scsn_004112,2054305,0,up,66.52296447753906
-4114,anchor_scsn_004113,2054763,0,up,139.55323791503906
-4115,anchor_scsn_004114,2054893,0,up,60.668704986572266
-4116,anchor_scsn_004115,2056221,0,up,50.64002227783203
-4117,anchor_scsn_004116,2056676,0,up,426.40179443359375
-4118,anchor_scsn_004117,2057297,0,up,57.170318603515625
-4119,anchor_scsn_004118,2057340,0,up,148.7749481201172
-4120,anchor_scsn_004119,2058455,0,up,55.91701126098633
-4121,anchor_scsn_004120,2059079,0,up,84.95352935791016
-4122,anchor_scsn_004121,2059314,0,up,65.90516662597656
-4123,anchor_scsn_004122,2060093,0,up,67.06338500976562
-4124,anchor_scsn_004123,2060412,0,up,51.6192626953125
-4125,anchor_scsn_004124,2060424,0,up,52.52141189575195
-4126,anchor_scsn_004125,2060769,0,up,67.47755432128906
-4127,anchor_scsn_004126,2062771,0,up,120.58839416503906
-4128,anchor_scsn_004127,2062941,0,up,182.39064025878906
-4129,anchor_scsn_004128,2063273,0,up,58.79372787475586
-4130,anchor_scsn_004129,2063437,0,up,57.8932991027832
-4131,anchor_scsn_004130,2063765,0,up,157.96826171875
-4132,anchor_scsn_004131,2063804,0,up,83.03004455566406
-4133,anchor_scsn_004132,2064089,0,up,322.97650146484375
-4134,anchor_scsn_004133,2064166,0,up,67.39611053466797
-4135,anchor_scsn_004134,2064851,0,up,127.93428039550781
-4136,anchor_scsn_004135,2065367,0,up,54.347572326660156
-4137,anchor_scsn_004136,2066160,0,up,150.5083465576172
-4138,anchor_scsn_004137,2066345,0,up,88.32591247558594
-4139,anchor_scsn_004138,2066773,0,up,721.5514526367188
-4140,anchor_scsn_004139,2066900,0,up,105.28435516357422
-4141,anchor_scsn_004140,2066916,0,up,58.37879180908203
-4142,anchor_scsn_004141,2067120,0,up,103.7410888671875
-4143,anchor_scsn_004142,2067916,0,up,133.5220489501953
-4144,anchor_scsn_004143,2068725,0,up,52.593196868896484
-4145,anchor_scsn_004144,2068884,0,up,67.64903259277344
-4146,anchor_scsn_004145,2069605,0,up,158.16053771972656
-4147,anchor_scsn_004146,2069844,0,up,116.33525848388672
-4148,anchor_scsn_004147,2070800,0,up,82.7879867553711
-4149,anchor_scsn_004148,2071259,0,up,119.3365707397461
-4150,anchor_scsn_004149,2071703,0,up,78.30877685546875
-4151,anchor_scsn_004150,2071987,0,up,115.55065155029297
-4152,anchor_scsn_004151,2072669,0,up,129.56861877441406
-4153,anchor_scsn_004152,2072972,0,up,103.20211029052734
-4154,anchor_scsn_004153,2073656,0,up,58.472023010253906
-4155,anchor_scsn_004154,2074266,0,up,209.65536499023438
-4156,anchor_scsn_004155,2074305,0,up,136.15692138671875
-4157,anchor_scsn_004156,2074958,0,up,55.532291412353516
-4158,anchor_scsn_004157,2075224,0,up,269.193603515625
-4159,anchor_scsn_004158,2075286,0,up,262.4908752441406
-4160,anchor_scsn_004159,2075314,0,up,143.4459991455078
-4161,anchor_scsn_004160,2075506,0,up,59.894657135009766
-4162,anchor_scsn_004161,2076298,0,up,285.1180419921875
-4163,anchor_scsn_004162,2076733,0,up,128.644775390625
-4164,anchor_scsn_004163,2076792,0,up,215.2206573486328
-4165,anchor_scsn_004164,2076844,0,up,183.09716796875
-4166,anchor_scsn_004165,2077450,0,up,68.61367797851562
-4167,anchor_scsn_004166,2077666,0,up,97.1042251586914
-4168,anchor_scsn_004167,2077727,0,up,211.14466857910156
-4169,anchor_scsn_004168,2078154,0,up,62.43437957763672
-4170,anchor_scsn_004169,2078201,0,up,73.9281005859375
-4171,anchor_scsn_004170,2078537,0,up,58.95523452758789
-4172,anchor_scsn_004171,2079792,0,up,139.0553436279297
-4173,anchor_scsn_004172,2080620,0,up,260.35736083984375
-4174,anchor_scsn_004173,2080787,0,up,111.96543884277344
-4175,anchor_scsn_004174,2080850,0,up,83.06509399414062
-4176,anchor_scsn_004175,2081452,0,up,71.4420394897461
-4177,anchor_scsn_004176,2082034,0,up,56.66257095336914
-4178,anchor_scsn_004177,2082360,0,up,59.608333587646484
-4179,anchor_scsn_004178,2083668,0,up,92.56982421875
-4180,anchor_scsn_004179,2084930,0,up,102.36353302001953
-4181,anchor_scsn_004180,2085687,0,up,65.49564361572266
-4182,anchor_scsn_004181,2086502,0,up,73.34386444091797
-4183,anchor_scsn_004182,2086631,0,up,94.33578491210938
-4184,anchor_scsn_004183,2086971,0,up,56.06808853149414
-4185,anchor_scsn_004184,2087538,0,up,62.38860321044922
-4186,anchor_scsn_004185,2087617,0,up,159.25152587890625
-4187,anchor_scsn_004186,2087667,0,up,50.934967041015625
-4188,anchor_scsn_004187,2087880,0,up,76.75825500488281
-4189,anchor_scsn_004188,2088252,0,up,63.369285583496094
-4190,anchor_scsn_004189,2088653,0,up,93.05274963378906
-4191,anchor_scsn_004190,2088878,0,up,50.73699188232422
-4192,anchor_scsn_004191,2089041,0,up,172.00514221191406
-4193,anchor_scsn_004192,2089306,0,up,66.350830078125
-4194,anchor_scsn_004193,2089916,0,up,68.28569793701172
-4195,anchor_scsn_004194,2090679,0,up,71.99537658691406
-4196,anchor_scsn_004195,2090975,0,up,128.11331176757812
-4197,anchor_scsn_004196,2091437,0,up,134.51890563964844
-4198,anchor_scsn_004197,2091804,0,up,121.03868865966797
-4199,anchor_scsn_004198,2091880,0,up,50.89152145385742
-4200,anchor_scsn_004199,2091954,0,up,240.72604370117188
-4201,anchor_scsn_004200,2093523,0,up,170.84996032714844
-4202,anchor_scsn_004201,2094062,0,up,103.21129608154297
-4203,anchor_scsn_004202,2094291,0,up,144.40872192382812
-4204,anchor_scsn_004203,2094382,0,up,65.4092025756836
-4205,anchor_scsn_004204,2094784,0,up,106.97828674316406
-4206,anchor_scsn_004205,2095027,0,up,70.24794006347656
-4207,anchor_scsn_004206,2095113,0,up,126.22745513916016
-4208,anchor_scsn_004207,2095510,0,up,305.3900451660156
-4209,anchor_scsn_004208,2096910,0,up,99.57597351074219
-4210,anchor_scsn_004209,2097289,0,up,51.47203826904297
-4211,anchor_scsn_004210,2097569,0,up,202.73291015625
-4212,anchor_scsn_004211,2098106,0,up,204.8252716064453
-4213,anchor_scsn_004212,2098469,0,up,59.08481979370117
-4214,anchor_scsn_004213,2099480,0,up,318.0938415527344
-4215,anchor_scsn_004214,2099600,0,up,57.16617965698242
-4216,anchor_scsn_004215,2099674,0,up,53.07372283935547
-4217,anchor_scsn_004216,2099988,0,up,145.4314422607422
-4218,anchor_scsn_004217,2100323,0,up,58.45979309082031
-4219,anchor_scsn_004218,2100584,0,up,70.21749877929688
-4220,anchor_scsn_004219,2102314,0,up,288.89373779296875
-4221,anchor_scsn_004220,2102334,0,up,57.59126663208008
-4222,anchor_scsn_004221,2102456,0,up,146.26348876953125
-4223,anchor_scsn_004222,2102617,0,up,81.89044952392578
-4224,anchor_scsn_004223,2102752,0,up,53.02749252319336
-4225,anchor_scsn_004224,2102980,0,up,386.92718505859375
-4226,anchor_scsn_004225,2103240,0,up,160.82992553710938
-4227,anchor_scsn_004226,2103262,0,up,79.17704772949219
-4228,anchor_scsn_004227,2103289,0,up,52.7690315246582
-4229,anchor_scsn_004228,2103675,0,up,97.4796142578125
-4230,anchor_scsn_004229,2104211,0,up,50.44253921508789
-4231,anchor_scsn_004230,2104554,0,up,80.34183502197266
-4232,anchor_scsn_004231,2104570,0,up,209.02285766601562
-4233,anchor_scsn_004232,2104725,0,up,56.805137634277344
-4234,anchor_scsn_004233,2105903,0,up,298.339599609375
-4235,anchor_scsn_004234,2106260,0,up,99.92867279052734
-4236,anchor_scsn_004235,2106342,0,up,163.30722045898438
-4237,anchor_scsn_004236,2106344,0,up,118.03492736816406
-4238,anchor_scsn_004237,2106535,0,up,136.91165161132812
-4239,anchor_scsn_004238,2106859,0,up,268.92083740234375
-4240,anchor_scsn_004239,2107277,0,up,205.9161834716797
-4241,anchor_scsn_004240,2107594,0,up,113.51959991455078
-4242,anchor_scsn_004241,2108842,0,up,66.16064453125
-4243,anchor_scsn_004242,2110368,0,up,100.47545623779297
-4244,anchor_scsn_004243,2110463,0,up,207.93255615234375
-4245,anchor_scsn_004244,2111984,0,up,58.97383117675781
-4246,anchor_scsn_004245,2112080,0,up,93.06159210205078
-4247,anchor_scsn_004246,2112379,0,up,468.1335754394531
-4248,anchor_scsn_004247,2113373,0,up,95.2156753540039
-4249,anchor_scsn_004248,2114223,0,up,71.42997741699219
-4250,anchor_scsn_004249,2114373,0,up,260.5567932128906
-4251,anchor_scsn_004250,2114444,0,up,51.5767822265625
-4252,anchor_scsn_004251,2116355,0,up,235.41661071777344
-4253,anchor_scsn_004252,2117151,0,up,61.04436111450195
-4254,anchor_scsn_004253,2117434,0,up,80.51205444335938
-4255,anchor_scsn_004254,2118172,0,up,84.1603012084961
-4256,anchor_scsn_004255,2119675,0,up,175.96006774902344
-4257,anchor_scsn_004256,2120256,0,up,62.52751541137695
-4258,anchor_scsn_004257,2120927,0,up,111.71592712402344
-4259,anchor_scsn_004258,2121395,0,up,191.8468017578125
-4260,anchor_scsn_004259,2121445,0,up,267.090576171875
-4261,anchor_scsn_004260,2121628,0,up,67.48360443115234
-4262,anchor_scsn_004261,2122299,0,up,175.21414184570312
-4263,anchor_scsn_004262,2122613,0,up,91.74508666992188
-4264,anchor_scsn_004263,2122658,0,up,139.34523010253906
-4265,anchor_scsn_004264,2123574,0,up,58.004878997802734
-4266,anchor_scsn_004265,2123687,0,up,64.35172271728516
-4267,anchor_scsn_004266,2124288,0,up,128.69094848632812
-4268,anchor_scsn_004267,2125506,0,up,74.11629486083984
-4269,anchor_scsn_004268,2126304,0,up,50.39394760131836
-4270,anchor_scsn_004269,2126329,0,up,60.943077087402344
-4271,anchor_scsn_004270,2128104,0,up,172.0967254638672
-4272,anchor_scsn_004271,2128269,0,up,100.71942901611328
-4273,anchor_scsn_004272,2128859,0,up,63.330810546875
-4274,anchor_scsn_004273,2129094,0,up,68.64136505126953
-4275,anchor_scsn_004274,2130495,0,up,111.7975845336914
-4276,anchor_scsn_004275,2130861,0,up,89.5625
-4277,anchor_scsn_004276,2130866,0,up,127.76664733886719
-4278,anchor_scsn_004277,2131475,0,up,91.8763198852539
-4279,anchor_scsn_004278,2131698,0,up,50.61336135864258
-4280,anchor_scsn_004279,2132606,0,up,98.27001953125
-4281,anchor_scsn_004280,2132813,0,up,260.28173828125
-4282,anchor_scsn_004281,2132945,0,up,308.4090881347656
-4283,anchor_scsn_004282,2133694,0,up,54.3619384765625
-4284,anchor_scsn_004283,2133746,0,up,811.7874145507812
-4285,anchor_scsn_004284,2133862,0,up,302.9889831542969
-4286,anchor_scsn_004285,2134071,0,up,57.47608947753906
-4287,anchor_scsn_004286,2134518,0,up,104.97000122070312
-4288,anchor_scsn_004287,2134690,0,up,74.98121643066406
-4289,anchor_scsn_004288,2134991,0,up,92.8155746459961
-4290,anchor_scsn_004289,2135599,0,up,66.17015838623047
-4291,anchor_scsn_004290,2136342,0,up,141.00140380859375
-4292,anchor_scsn_004291,2136742,0,up,73.63501739501953
-4293,anchor_scsn_004292,2138537,0,up,127.11139678955078
-4294,anchor_scsn_004293,2138890,0,up,125.97921752929688
-4295,anchor_scsn_004294,2139924,0,up,61.130619049072266
-4296,anchor_scsn_004295,2140004,0,up,66.17476654052734
-4297,anchor_scsn_004296,2140439,0,up,68.49241638183594
-4298,anchor_scsn_004297,2141078,0,up,112.22821044921875
-4299,anchor_scsn_004298,2141405,0,up,54.691490173339844
-4300,anchor_scsn_004299,2142175,0,up,97.9288330078125
-4301,anchor_scsn_004300,2142785,0,up,82.5453872680664
-4302,anchor_scsn_004301,2142990,0,up,208.24745178222656
-4303,anchor_scsn_004302,2144426,0,up,83.92376708984375
-4304,anchor_scsn_004303,2144730,0,up,93.04662322998047
-4305,anchor_scsn_004304,2145160,0,up,55.390174865722656
-4306,anchor_scsn_004305,2146015,0,up,109.94132232666016
-4307,anchor_scsn_004306,2147008,0,up,65.16900634765625
-4308,anchor_scsn_004307,2147097,0,up,328.86407470703125
-4309,anchor_scsn_004308,2147378,0,up,159.9710235595703
-4310,anchor_scsn_004309,2147501,0,up,59.46552276611328
-4311,anchor_scsn_004310,2147552,0,up,251.84339904785156
-4312,anchor_scsn_004311,2147819,0,up,159.77572631835938
-4313,anchor_scsn_004312,2148676,0,up,90.27734375
-4314,anchor_scsn_004313,2148773,0,up,194.87423706054688
-4315,anchor_scsn_004314,2149314,0,up,193.1866912841797
-4316,anchor_scsn_004315,2149457,0,up,130.4302978515625
-4317,anchor_scsn_004316,2149859,0,up,437.14300537109375
-4318,anchor_scsn_004317,2150894,0,up,68.68437194824219
-4319,anchor_scsn_004318,2152689,0,up,561.9570922851562
-4320,anchor_scsn_004319,2152933,0,up,88.81965637207031
-4321,anchor_scsn_004320,2152991,0,up,89.76698303222656
-4322,anchor_scsn_004321,2153006,0,up,145.88668823242188
-4323,anchor_scsn_004322,2153199,0,up,67.12863159179688
-4324,anchor_scsn_004323,2153921,0,up,116.14031982421875
-4325,anchor_scsn_004324,2154058,0,up,337.4870300292969
-4326,anchor_scsn_004325,2154312,0,up,105.18989562988281
-4327,anchor_scsn_004326,2154439,0,up,68.34999084472656
-4328,anchor_scsn_004327,2154838,0,up,213.8056182861328
-4329,anchor_scsn_004328,2155118,0,up,74.64250183105469
-4330,anchor_scsn_004329,2155996,0,up,227.83702087402344
-4331,anchor_scsn_004330,2156085,0,up,66.68128204345703
-4332,anchor_scsn_004331,2157032,0,up,117.23783874511719
-4333,anchor_scsn_004332,2157111,0,up,115.74229431152344
-4334,anchor_scsn_004333,2157477,0,up,76.1783676147461
-4335,anchor_scsn_004334,2159264,0,up,53.965938568115234
-4336,anchor_scsn_004335,2159678,0,up,68.57894134521484
-4337,anchor_scsn_004336,2159803,0,up,53.24842071533203
-4338,anchor_scsn_004337,2160676,0,up,63.24848937988281
-4339,anchor_scsn_004338,2161123,0,up,86.35961151123047
-4340,anchor_scsn_004339,2163423,0,up,62.35814666748047
-4341,anchor_scsn_004340,2164609,0,up,60.52808380126953
-4342,anchor_scsn_004341,2165493,0,up,89.15203857421875
-4343,anchor_scsn_004342,2165710,0,up,82.85758972167969
-4344,anchor_scsn_004343,2166297,0,up,54.80186462402344
-4345,anchor_scsn_004344,2166429,0,up,156.40689086914062
-4346,anchor_scsn_004345,2169285,0,up,499.294189453125
-4347,anchor_scsn_004346,2170291,0,up,313.43646240234375
-4348,anchor_scsn_004347,2170295,0,up,143.4607391357422
-4349,anchor_scsn_004348,2171168,0,up,92.34613037109375
-4350,anchor_scsn_004349,2171913,0,up,58.919891357421875
-4351,anchor_scsn_004350,2173892,0,up,78.44410705566406
-4352,anchor_scsn_004351,2174348,0,up,62.088768005371094
-4353,anchor_scsn_004352,2174723,0,up,59.852256774902344
-4354,anchor_scsn_004353,2174761,0,up,129.59603881835938
-4355,anchor_scsn_004354,2174763,0,up,71.15860748291016
-4356,anchor_scsn_004355,2175266,0,up,97.52301788330078
-4357,anchor_scsn_004356,2176479,0,up,79.34947204589844
-4358,anchor_scsn_004357,2177155,0,up,60.468177795410156
-4359,anchor_scsn_004358,2177525,0,up,159.8734588623047
-4360,anchor_scsn_004359,2177595,0,up,281.2639465332031
-4361,anchor_scsn_004360,2178900,0,up,77.67263793945312
-4362,anchor_scsn_004361,2179157,0,up,93.61649322509766
-4363,anchor_scsn_004362,2180411,0,up,79.9717788696289
-4364,anchor_scsn_004363,2180859,0,up,131.3999481201172
-4365,anchor_scsn_004364,2180876,0,up,83.47837829589844
-4366,anchor_scsn_004365,2181783,0,up,723.3783569335938
-4367,anchor_scsn_004366,2183316,0,up,84.32229614257812
-4368,anchor_scsn_004367,2184378,0,up,120.29225158691406
-4369,anchor_scsn_004368,2185359,0,up,110.4685287475586
-4370,anchor_scsn_004369,2185578,0,up,199.24436950683594
-4371,anchor_scsn_004370,2185691,0,up,82.93287658691406
-4372,anchor_scsn_004371,2186730,0,up,82.64192199707031
-4373,anchor_scsn_004372,2187430,0,up,99.34486389160156
-4374,anchor_scsn_004373,2187889,0,up,107.99320983886719
-4375,anchor_scsn_004374,2187972,0,up,64.99990844726562
-4376,anchor_scsn_004375,2188193,0,up,74.27851867675781
-4377,anchor_scsn_004376,2188315,0,up,58.682559967041016
-4378,anchor_scsn_004377,2188493,0,up,63.8170166015625
-4379,anchor_scsn_004378,2188767,0,up,202.9770965576172
-4380,anchor_scsn_004379,2189035,0,up,60.78672790527344
-4381,anchor_scsn_004380,2189106,0,up,56.40251159667969
-4382,anchor_scsn_004381,2189356,0,up,66.32514953613281
-4383,anchor_scsn_004382,2189633,0,up,339.2093200683594
-4384,anchor_scsn_004383,2191993,0,up,88.22447967529297
-4385,anchor_scsn_004384,2192204,0,up,600.775146484375
-4386,anchor_scsn_004385,2194268,0,up,66.69112396240234
-4387,anchor_scsn_004386,2194705,0,up,60.95817184448242
-4388,anchor_scsn_004387,2195324,0,up,85.43602752685547
-4389,anchor_scsn_004388,2195488,0,up,53.60331726074219
-4390,anchor_scsn_004389,2195691,0,up,51.413360595703125
-4391,anchor_scsn_004390,2196061,0,up,128.73793029785156
-4392,anchor_scsn_004391,2197072,0,up,479.3285827636719
-4393,anchor_scsn_004392,2198936,0,up,72.50055694580078
-4394,anchor_scsn_004393,2199097,0,up,70.74119567871094
-4395,anchor_scsn_004394,2199714,0,up,56.351932525634766
-4396,anchor_scsn_004395,2200207,0,up,59.64313507080078
-4397,anchor_scsn_004396,2200389,0,up,77.85902404785156
-4398,anchor_scsn_004397,2202981,0,up,152.07693481445312
-4399,anchor_scsn_004398,2203063,0,up,96.43598937988281
-4400,anchor_scsn_004399,2203123,0,up,57.59035110473633
-4401,anchor_scsn_004400,2204880,0,up,69.7828140258789
-4402,anchor_scsn_004401,2206114,0,up,66.12002563476562
-4403,anchor_scsn_004402,2206290,0,up,110.81028747558594
-4404,anchor_scsn_004403,2206750,0,up,53.76338195800781
-4405,anchor_scsn_004404,2206933,0,up,241.9428253173828
-4406,anchor_scsn_004405,2207006,0,up,70.33500671386719
-4407,anchor_scsn_004406,2207093,0,up,136.4268035888672
-4408,anchor_scsn_004407,2208693,0,up,51.300662994384766
-4409,anchor_scsn_004408,2209949,0,up,100.98390197753906
-4410,anchor_scsn_004409,2210542,0,up,116.41702270507812
-4411,anchor_scsn_004410,2210914,0,up,54.889766693115234
-4412,anchor_scsn_004411,2211073,0,up,64.09211730957031
-4413,anchor_scsn_004412,2212131,0,up,129.258544921875
-4414,anchor_scsn_004413,2212830,0,up,610.9636840820312
-4415,anchor_scsn_004414,2213246,0,up,52.17530059814453
-4416,anchor_scsn_004415,2213966,0,up,83.2663803100586
-4417,anchor_scsn_004416,2214030,0,up,96.47148132324219
-4418,anchor_scsn_004417,2215586,0,up,76.33708190917969
-4419,anchor_scsn_004418,2215679,0,up,181.91087341308594
-4420,anchor_scsn_004419,2216190,0,up,65.40267944335938
-4421,anchor_scsn_004420,2216487,0,up,473.7326965332031
-4422,anchor_scsn_004421,2217154,0,up,107.71530151367188
-4423,anchor_scsn_004422,2219178,0,up,52.14269256591797
-4424,anchor_scsn_004423,2219183,0,up,59.36080551147461
-4425,anchor_scsn_004424,2219332,0,up,103.89639282226562
-4426,anchor_scsn_004425,2220019,0,up,237.85707092285156
-4427,anchor_scsn_004426,2220166,0,up,331.4291687011719
-4428,anchor_scsn_004427,2220346,0,up,50.40768814086914
-4429,anchor_scsn_004428,2220676,0,up,141.4078369140625
-4430,anchor_scsn_004429,2221370,0,up,64.58880615234375
-4431,anchor_scsn_004430,2221445,0,up,109.99887084960938
-4432,anchor_scsn_004431,2221542,0,up,60.94580078125
-4433,anchor_scsn_004432,2221587,0,up,73.19236755371094
-4434,anchor_scsn_004433,2222676,0,up,67.99021911621094
-4435,anchor_scsn_004434,2222900,0,up,81.39854431152344
-4436,anchor_scsn_004435,2223041,0,up,83.11012268066406
-4437,anchor_scsn_004436,2225034,0,up,134.995361328125
-4438,anchor_scsn_004437,2225366,0,up,54.995853424072266
-4439,anchor_scsn_004438,2225599,0,up,208.65110778808594
-4440,anchor_scsn_004439,2225812,0,up,230.7815399169922
-4441,anchor_scsn_004440,2225913,0,up,193.52342224121094
-4442,anchor_scsn_004441,2226875,0,up,69.29117584228516
-4443,anchor_scsn_004442,2227264,0,up,63.578922271728516
-4444,anchor_scsn_004443,2228069,0,up,394.3451232910156
-4445,anchor_scsn_004444,2228125,0,up,363.0868225097656
-4446,anchor_scsn_004445,2228143,0,up,61.13859558105469
-4447,anchor_scsn_004446,2228354,0,up,67.17881774902344
-4448,anchor_scsn_004447,2229254,0,up,121.4156494140625
-4449,anchor_scsn_004448,2229290,0,up,91.41886901855469
-4450,anchor_scsn_004449,2229564,0,up,80.25962829589844
-4451,anchor_scsn_004450,2229632,0,up,90.99116516113281
-4452,anchor_scsn_004451,2230747,0,up,118.52134704589844
-4453,anchor_scsn_004452,2230858,0,up,64.03263854980469
-4454,anchor_scsn_004453,2230941,0,up,321.4423828125
-4455,anchor_scsn_004454,2231232,0,up,72.29712677001953
-4456,anchor_scsn_004455,2231684,0,up,53.79386901855469
-4457,anchor_scsn_004456,2232188,0,up,58.55872344970703
-4458,anchor_scsn_004457,2232644,0,up,105.42781829833984
-4459,anchor_scsn_004458,2232680,0,up,105.20368957519531
-4460,anchor_scsn_004459,2233393,0,up,142.38223266601562
-4461,anchor_scsn_004460,2233415,0,up,53.9243049621582
-4462,anchor_scsn_004461,2234012,0,up,99.67916107177734
-4463,anchor_scsn_004462,2234362,0,up,152.73214721679688
-4464,anchor_scsn_004463,2235181,0,up,57.56644821166992
-4465,anchor_scsn_004464,2235652,0,up,50.689788818359375
-4466,anchor_scsn_004465,2236453,0,up,194.33880615234375
-4467,anchor_scsn_004466,2236613,0,up,54.72514343261719
-4468,anchor_scsn_004467,2236831,0,up,111.16146087646484
-4469,anchor_scsn_004468,2237113,0,up,78.21958923339844
-4470,anchor_scsn_004469,2238070,0,up,58.14706039428711
-4471,anchor_scsn_004470,2238215,0,up,62.42725372314453
-4472,anchor_scsn_004471,2238223,0,up,60.237545013427734
-4473,anchor_scsn_004472,2238276,0,up,185.4636688232422
-4474,anchor_scsn_004473,2238697,0,up,50.529380798339844
-4475,anchor_scsn_004474,2238955,0,up,71.44070434570312
-4476,anchor_scsn_004475,2239756,0,up,66.87188720703125
-4477,anchor_scsn_004476,2240128,0,up,143.60386657714844
-4478,anchor_scsn_004477,2240482,0,up,169.11529541015625
-4479,anchor_scsn_004478,2241623,0,up,76.7349624633789
-4480,anchor_scsn_004479,2241627,0,up,91.28781127929688
-4481,anchor_scsn_004480,2242376,0,up,95.56038665771484
-4482,anchor_scsn_004481,2242480,0,up,134.23037719726562
-4483,anchor_scsn_004482,2242775,0,up,57.41219711303711
-4484,anchor_scsn_004483,2243298,0,up,128.7650146484375
-4485,anchor_scsn_004484,2244554,0,up,310.7341613769531
-4486,anchor_scsn_004485,2245355,0,up,258.3658752441406
-4487,anchor_scsn_004486,2245558,0,up,51.26258087158203
-4488,anchor_scsn_004487,2245783,0,up,56.776893615722656
-4489,anchor_scsn_004488,2246089,0,up,108.1675033569336
-4490,anchor_scsn_004489,2246225,0,up,173.76905822753906
-4491,anchor_scsn_004490,2247122,0,up,80.88654327392578
-4492,anchor_scsn_004491,2248299,0,up,75.3651123046875
-4493,anchor_scsn_004492,2250119,0,up,261.42156982421875
-4494,anchor_scsn_004493,2250364,0,up,84.89777374267578
-4495,anchor_scsn_004494,2250998,0,up,80.4930648803711
-4496,anchor_scsn_004495,2251342,0,up,115.76500701904297
-4497,anchor_scsn_004496,2252927,0,up,97.79415130615234
-4498,anchor_scsn_004497,2253117,0,up,109.0473861694336
-4499,anchor_scsn_004498,2253460,0,up,82.83084106445312
-4500,anchor_scsn_004499,2253794,0,up,56.27877426147461
-4501,anchor_scsn_004500,2254775,0,up,98.16606903076172
-4502,anchor_scsn_004501,2254942,0,up,79.05876922607422
-4503,anchor_scsn_004502,2256549,0,up,85.43473052978516
-4504,anchor_scsn_004503,2256570,0,up,55.30375289916992
-4505,anchor_scsn_004504,2256710,0,up,76.04153442382812
-4506,anchor_scsn_004505,2257385,0,up,80.0133285522461
-4507,anchor_scsn_004506,2257723,0,up,57.425777435302734
-4508,anchor_scsn_004507,2257786,0,up,146.38796997070312
-4509,anchor_scsn_004508,2258190,0,up,220.23812866210938
-4510,anchor_scsn_004509,2258645,0,up,109.29383850097656
-4511,anchor_scsn_004510,2259988,0,up,67.1234130859375
-4512,anchor_scsn_004511,2260602,0,up,307.300537109375
-4513,anchor_scsn_004512,2260705,0,up,438.6492004394531
-4514,anchor_scsn_004513,2261179,0,up,53.201568603515625
-4515,anchor_scsn_004514,2261189,0,up,140.7818145751953
-4516,anchor_scsn_004515,2261438,0,up,158.49765014648438
-4517,anchor_scsn_004516,2261775,0,up,67.45419311523438
-4518,anchor_scsn_004517,2261821,0,up,121.0820541381836
-4519,anchor_scsn_004518,2261989,0,up,56.050804138183594
-4520,anchor_scsn_004519,2262247,0,up,179.75355529785156
-4521,anchor_scsn_004520,2262719,0,up,146.5767364501953
-4522,anchor_scsn_004521,2263272,0,up,67.99374389648438
-4523,anchor_scsn_004522,2263517,0,up,71.28934478759766
-4524,anchor_scsn_004523,2263912,0,up,106.50220489501953
-4525,anchor_scsn_004524,2264815,0,up,58.94666290283203
-4526,anchor_scsn_004525,2264883,0,up,234.95388793945312
-4527,anchor_scsn_004526,2264909,0,up,100.30845642089844
-4528,anchor_scsn_004527,2267182,0,up,125.15594482421875
-4529,anchor_scsn_004528,2268982,0,up,64.72103881835938
-4530,anchor_scsn_004529,2269467,0,up,174.8441925048828
-4531,anchor_scsn_004530,2269535,0,up,107.14800262451172
-4532,anchor_scsn_004531,2269582,0,up,184.7675018310547
-4533,anchor_scsn_004532,2269637,0,up,110.46273040771484
-4534,anchor_scsn_004533,2269885,0,up,79.84292602539062
-4535,anchor_scsn_004534,2270016,0,up,54.85871124267578
-4536,anchor_scsn_004535,2271019,0,up,112.81098175048828
-4537,anchor_scsn_004536,2271738,0,up,60.69939041137695
-4538,anchor_scsn_004537,2271866,0,up,91.41021728515625
-4539,anchor_scsn_004538,2271934,0,up,75.88092041015625
-4540,anchor_scsn_004539,2272035,0,up,147.486328125
-4541,anchor_scsn_004540,2272246,0,up,110.57567596435547
-4542,anchor_scsn_004541,2272462,0,up,242.03868103027344
-4543,anchor_scsn_004542,2273078,0,up,54.869911193847656
-4544,anchor_scsn_004543,2274195,0,up,62.32304000854492
-4545,anchor_scsn_004544,2274260,0,up,182.83218383789062
-4546,anchor_scsn_004545,2274582,0,up,720.7674560546875
-4547,anchor_scsn_004546,2274633,0,up,55.68513488769531
-4548,anchor_scsn_004547,2274756,0,up,175.671875
-4549,anchor_scsn_004548,2274817,0,up,203.30601501464844
-4550,anchor_scsn_004549,2274853,0,up,83.72366333007812
-4551,anchor_scsn_004550,2275682,0,up,117.5823745727539
-4552,anchor_scsn_004551,2275943,0,up,60.893497467041016
-4553,anchor_scsn_004552,2276659,0,up,170.66758728027344
-4554,anchor_scsn_004553,2277452,0,up,112.51579284667969
-4555,anchor_scsn_004554,2278133,0,up,174.674560546875
-4556,anchor_scsn_004555,2278262,0,up,110.80281066894531
-4557,anchor_scsn_004556,2278269,0,up,108.14173126220703
-4558,anchor_scsn_004557,2278321,0,up,57.06211853027344
-4559,anchor_scsn_004558,2278687,0,up,97.17306518554688
-4560,anchor_scsn_004559,2278893,0,up,84.00676727294922
-4561,anchor_scsn_004560,2278933,0,up,173.79901123046875
-4562,anchor_scsn_004561,2279480,0,up,135.54441833496094
-4563,anchor_scsn_004562,2280163,0,up,125.77898406982422
-4564,anchor_scsn_004563,2280719,0,up,232.6583251953125
-4565,anchor_scsn_004564,2281498,0,up,56.037349700927734
-4566,anchor_scsn_004565,2281779,0,up,52.1966438293457
-4567,anchor_scsn_004566,2281862,0,up,191.33326721191406
-4568,anchor_scsn_004567,2281990,0,up,52.90928268432617
-4569,anchor_scsn_004568,2282877,0,up,79.54029846191406
-4570,anchor_scsn_004569,2282951,0,up,146.28509521484375
-4571,anchor_scsn_004570,2283007,0,up,94.99696350097656
-4572,anchor_scsn_004571,2283995,0,up,277.2156982421875
-4573,anchor_scsn_004572,2284219,0,up,277.2348937988281
-4574,anchor_scsn_004573,2285195,0,up,331.6567687988281
-4575,anchor_scsn_004574,2285267,0,up,100.15774536132812
-4576,anchor_scsn_004575,2285742,0,up,289.73114013671875
-4577,anchor_scsn_004576,2286585,0,up,55.51417541503906
-4578,anchor_scsn_004577,2287729,0,up,57.08129119873047
-4579,anchor_scsn_004578,2288557,0,up,75.3485336303711
-4580,anchor_scsn_004579,2288655,0,up,52.322021484375
-4581,anchor_scsn_004580,2288908,0,up,72.41949462890625
-4582,anchor_scsn_004581,2289187,0,up,72.77631378173828
-4583,anchor_scsn_004582,2290033,0,up,101.02432250976562
-4584,anchor_scsn_004583,2290641,0,up,73.11509704589844
-4585,anchor_scsn_004584,2290748,0,up,108.61959838867188
-4586,anchor_scsn_004585,2291002,0,up,132.15721130371094
-4587,anchor_scsn_004586,2291263,0,up,51.074947357177734
-4588,anchor_scsn_004587,2292062,0,up,71.83342742919922
-4589,anchor_scsn_004588,2292104,0,up,55.74126052856445
-4590,anchor_scsn_004589,2292123,0,up,122.84799194335938
-4591,anchor_scsn_004590,2292144,0,up,113.07401275634766
-4592,anchor_scsn_004591,2292628,0,up,133.22817993164062
-4593,anchor_scsn_004592,2295298,0,up,244.35247802734375
-4594,anchor_scsn_004593,2296135,0,up,103.94313049316406
-4595,anchor_scsn_004594,2296790,0,up,96.5983657836914
-4596,anchor_scsn_004595,2296982,0,up,62.530975341796875
-4597,anchor_scsn_004596,2296995,0,up,417.52044677734375
-4598,anchor_scsn_004597,2297222,0,up,92.94530487060547
-4599,anchor_scsn_004598,2297293,0,up,65.26648712158203
-4600,anchor_scsn_004599,2297348,0,up,68.9677963256836
-4601,anchor_scsn_004600,2297964,0,up,71.15303802490234
-4602,anchor_scsn_004601,2298023,0,up,110.83023071289062
-4603,anchor_scsn_004602,2298583,0,up,60.1446533203125
-4604,anchor_scsn_004603,2298813,0,up,56.57363510131836
-4605,anchor_scsn_004604,2300192,0,up,86.30683898925781
-4606,anchor_scsn_004605,2301169,0,up,155.27439880371094
-4607,anchor_scsn_004606,2301242,0,up,425.8243408203125
-4608,anchor_scsn_004607,2301510,0,up,94.48047637939453
-4609,anchor_scsn_004608,2301563,0,up,60.082862854003906
-4610,anchor_scsn_004609,2302787,0,up,56.96363830566406
-4611,anchor_scsn_004610,2303307,0,up,78.86127471923828
-4612,anchor_scsn_004611,2303797,0,up,333.7216796875
-4613,anchor_scsn_004612,2305411,0,up,94.52301788330078
-4614,anchor_scsn_004613,2306059,0,up,118.23577880859375
-4615,anchor_scsn_004614,2306340,0,up,92.65043640136719
-4616,anchor_scsn_004615,2306707,0,up,87.61504364013672
-4617,anchor_scsn_004616,2307748,0,up,124.50592041015625
-4618,anchor_scsn_004617,2308167,0,up,83.29374694824219
-4619,anchor_scsn_004618,2309494,0,up,120.27967071533203
-4620,anchor_scsn_004619,2309606,0,up,57.781761169433594
-4621,anchor_scsn_004620,2309871,0,up,93.7786636352539
-4622,anchor_scsn_004621,2310258,0,up,73.28043365478516
-4623,anchor_scsn_004622,2310542,0,up,64.13160705566406
-4624,anchor_scsn_004623,2310861,0,up,96.27452850341797
-4625,anchor_scsn_004624,2311611,0,up,154.8328399658203
-4626,anchor_scsn_004625,2311743,0,up,91.5355224609375
-4627,anchor_scsn_004626,2312079,0,up,97.58348083496094
-4628,anchor_scsn_004627,2312169,0,up,72.60800170898438
-4629,anchor_scsn_004628,2312416,0,up,200.31092834472656
-4630,anchor_scsn_004629,2313898,0,up,55.455997467041016
-4631,anchor_scsn_004630,2315914,0,up,148.1018829345703
-4632,anchor_scsn_004631,2316580,0,up,94.02941131591797
-4633,anchor_scsn_004632,2316600,0,up,56.883888244628906
-4634,anchor_scsn_004633,2317173,0,up,99.58219909667969
-4635,anchor_scsn_004634,2318375,0,up,141.71188354492188
-4636,anchor_scsn_004635,2318387,0,up,62.98971939086914
-4637,anchor_scsn_004636,2318426,0,up,122.4319076538086
-4638,anchor_scsn_004637,2319237,0,up,80.05706787109375
-4639,anchor_scsn_004638,2319516,0,up,114.5092544555664
-4640,anchor_scsn_004639,2320379,0,up,66.32025909423828
-4641,anchor_scsn_004640,2320595,0,up,52.908851623535156
-4642,anchor_scsn_004641,2320950,0,up,74.72081756591797
-4643,anchor_scsn_004642,2321308,0,up,223.64024353027344
-4644,anchor_scsn_004643,2321506,0,up,281.3083190917969
-4645,anchor_scsn_004644,2323031,0,up,90.86786651611328
-4646,anchor_scsn_004645,2323181,0,up,60.090660095214844
-4647,anchor_scsn_004646,2324315,0,up,101.77926635742188
-4648,anchor_scsn_004647,2324410,0,up,61.10225296020508
-4649,anchor_scsn_004648,2324777,0,up,109.56269073486328
-4650,anchor_scsn_004649,2325149,0,up,179.245361328125
-4651,anchor_scsn_004650,2325383,0,up,105.99214172363281
-4652,anchor_scsn_004651,2326576,0,up,114.22491455078125
-4653,anchor_scsn_004652,2327814,0,up,99.50196838378906
-4654,anchor_scsn_004653,2327992,0,up,646.0538330078125
-4655,anchor_scsn_004654,2327997,0,up,69.42320251464844
-4656,anchor_scsn_004655,2329281,0,up,155.29165649414062
-4657,anchor_scsn_004656,2329296,0,up,685.264404296875
-4658,anchor_scsn_004657,2329432,0,up,53.9260368347168
-4659,anchor_scsn_004658,2330157,0,up,379.57586669921875
-4660,anchor_scsn_004659,2330461,0,up,83.76667022705078
-4661,anchor_scsn_004660,2331057,0,up,153.75991821289062
-4662,anchor_scsn_004661,2331957,0,up,118.14353942871094
-4663,anchor_scsn_004662,2332891,0,up,83.21082305908203
-4664,anchor_scsn_004663,2334006,0,up,82.5651626586914
-4665,anchor_scsn_004664,2334056,0,up,100.7018051147461
-4666,anchor_scsn_004665,2334075,0,up,53.38328170776367
-4667,anchor_scsn_004666,2334319,0,up,72.3109130859375
-4668,anchor_scsn_004667,2334468,0,up,58.60111999511719
-4669,anchor_scsn_004668,2334563,0,up,124.60392761230469
-4670,anchor_scsn_004669,2335062,0,up,99.50215911865234
-4671,anchor_scsn_004670,2335166,0,up,375.46624755859375
-4672,anchor_scsn_004671,2335353,0,up,70.17860412597656
-4673,anchor_scsn_004672,2335395,0,up,232.35121154785156
-4674,anchor_scsn_004673,2335770,0,up,51.34971618652344
-4675,anchor_scsn_004674,2336033,0,up,55.845115661621094
-4676,anchor_scsn_004675,2336456,0,up,139.53680419921875
-4677,anchor_scsn_004676,2336532,0,up,67.36421203613281
-4678,anchor_scsn_004677,2337279,0,up,64.12071990966797
-4679,anchor_scsn_004678,2337478,0,up,270.64959716796875
-4680,anchor_scsn_004679,2338086,0,up,94.66422271728516
-4681,anchor_scsn_004680,2338448,0,up,154.2684783935547
-4682,anchor_scsn_004681,2339401,0,up,121.03132629394531
-4683,anchor_scsn_004682,2339523,0,up,100.85211944580078
-4684,anchor_scsn_004683,2339581,0,up,93.26111602783203
-4685,anchor_scsn_004684,2339859,0,up,64.30241394042969
-4686,anchor_scsn_004685,2340109,0,up,79.26937866210938
-4687,anchor_scsn_004686,2340366,0,up,61.55961608886719
-4688,anchor_scsn_004687,2341108,0,up,65.3807144165039
-4689,anchor_scsn_004688,2341488,0,up,111.18899536132812
-4690,anchor_scsn_004689,2342815,0,up,150.2154541015625
-4691,anchor_scsn_004690,2344251,0,up,91.64141082763672
-4692,anchor_scsn_004691,2344599,0,up,116.95545196533203
-4693,anchor_scsn_004692,2345021,0,up,67.73199462890625
-4694,anchor_scsn_004693,2345254,0,up,75.91938781738281
-4695,anchor_scsn_004694,2345427,0,up,90.05320739746094
-4696,anchor_scsn_004695,2347123,0,up,60.2064323425293
-4697,anchor_scsn_004696,2347344,0,up,97.6064224243164
-4698,anchor_scsn_004697,2347652,0,up,509.7618713378906
-4699,anchor_scsn_004698,2348729,0,up,56.767948150634766
-4700,anchor_scsn_004699,2349464,0,up,50.593177795410156
-4701,anchor_scsn_004700,2349680,0,up,106.93797302246094
-4702,anchor_scsn_004701,2349890,0,up,466.82373046875
-4703,anchor_scsn_004702,2350347,0,up,59.53888702392578
-4704,anchor_scsn_004703,2350370,0,up,62.56046676635742
-4705,anchor_scsn_004704,2350415,0,up,76.4141845703125
-4706,anchor_scsn_004705,2350887,0,up,96.43775939941406
-4707,anchor_scsn_004706,2350894,0,up,51.601051330566406
-4708,anchor_scsn_004707,2352023,0,up,62.89841842651367
-4709,anchor_scsn_004708,2352211,0,up,83.61039733886719
-4710,anchor_scsn_004709,2352710,0,up,218.13406372070312
-4711,anchor_scsn_004710,2352839,0,up,73.1095199584961
-4712,anchor_scsn_004711,2353077,0,up,112.44647979736328
-4713,anchor_scsn_004712,2353125,0,up,143.32186889648438
-4714,anchor_scsn_004713,2354057,0,up,74.52812194824219
-4715,anchor_scsn_004714,2354205,0,up,58.13390350341797
-4716,anchor_scsn_004715,2354308,0,up,70.9909439086914
-4717,anchor_scsn_004716,2355101,0,up,216.8154296875
-4718,anchor_scsn_004717,2355256,0,up,202.06089782714844
-4719,anchor_scsn_004718,2355439,0,up,102.4095687866211
-4720,anchor_scsn_004719,2356078,0,up,52.555423736572266
-4721,anchor_scsn_004720,2356310,0,up,144.78988647460938
-4722,anchor_scsn_004721,2356584,0,up,96.35295867919922
-4723,anchor_scsn_004722,2357024,0,up,56.6723747253418
-4724,anchor_scsn_004723,2357366,0,up,66.44203186035156
-4725,anchor_scsn_004724,2358650,0,up,103.68585205078125
-4726,anchor_scsn_004725,2359770,0,up,95.74687957763672
-4727,anchor_scsn_004726,2361741,0,up,51.36492919921875
-4728,anchor_scsn_004727,2362393,0,up,75.02367401123047
-4729,anchor_scsn_004728,2362413,0,up,66.00154876708984
-4730,anchor_scsn_004729,2362935,0,up,113.41673278808594
-4731,anchor_scsn_004730,2363057,0,up,52.07659912109375
-4732,anchor_scsn_004731,2363316,0,up,125.48363494873047
-4733,anchor_scsn_004732,2363417,0,up,300.7890930175781
-4734,anchor_scsn_004733,2364120,0,up,289.40301513671875
-4735,anchor_scsn_004734,2364177,0,up,77.00874328613281
-4736,anchor_scsn_004735,2364783,0,up,72.34017944335938
-4737,anchor_scsn_004736,2365526,0,up,59.86369705200195
-4738,anchor_scsn_004737,2366886,0,up,91.06639862060547
-4739,anchor_scsn_004738,2366978,0,up,130.2210693359375
-4740,anchor_scsn_004739,2367172,0,up,73.17166137695312
-4741,anchor_scsn_004740,2367228,0,up,153.7176971435547
-4742,anchor_scsn_004741,2367497,0,up,79.51813507080078
-4743,anchor_scsn_004742,2367523,0,up,55.61027908325195
-4744,anchor_scsn_004743,2368854,0,up,124.03854370117188
-4745,anchor_scsn_004744,2369076,0,up,127.81929779052734
-4746,anchor_scsn_004745,2369117,0,up,96.25733184814453
-4747,anchor_scsn_004746,2369189,0,up,71.24613952636719
-4748,anchor_scsn_004747,2369546,0,up,137.75621032714844
-4749,anchor_scsn_004748,2369583,0,up,113.52549743652344
-4750,anchor_scsn_004749,2372020,0,up,358.8737487792969
-4751,anchor_scsn_004750,2372347,0,up,105.45875549316406
-4752,anchor_scsn_004751,2372507,0,up,85.9148178100586
-4753,anchor_scsn_004752,2372655,0,up,58.55107116699219
-4754,anchor_scsn_004753,2372893,0,up,71.36536407470703
-4755,anchor_scsn_004754,2373185,0,up,279.7851867675781
-4756,anchor_scsn_004755,2373792,0,up,58.41091537475586
-4757,anchor_scsn_004756,2373949,0,up,88.95263671875
-4758,anchor_scsn_004757,2374015,0,up,66.9939956665039
-4759,anchor_scsn_004758,2374128,0,up,346.7621765136719
-4760,anchor_scsn_004759,2374508,0,up,84.20387268066406
-4761,anchor_scsn_004760,2375599,0,up,216.57205200195312
-4762,anchor_scsn_004761,2375629,0,up,110.35415649414062
-4763,anchor_scsn_004762,2375754,0,up,194.72605895996094
-4764,anchor_scsn_004763,2375766,0,up,103.36457061767578
-4765,anchor_scsn_004764,2376706,0,up,132.89247131347656
-4766,anchor_scsn_004765,2377076,0,up,122.90716552734375
-4767,anchor_scsn_004766,2377159,0,up,177.59539794921875
-4768,anchor_scsn_004767,2377180,0,up,463.6540222167969
-4769,anchor_scsn_004768,2377561,0,up,60.81462097167969
-4770,anchor_scsn_004769,2377722,0,up,383.223388671875
-4771,anchor_scsn_004770,2378513,0,up,108.32830810546875
-4772,anchor_scsn_004771,2378863,0,up,152.5591583251953
-4773,anchor_scsn_004772,2379459,0,up,125.10946655273438
-4774,anchor_scsn_004773,2379488,0,up,78.83879089355469
-4775,anchor_scsn_004774,2380132,0,up,260.08050537109375
-4776,anchor_scsn_004775,2381054,0,up,57.43459701538086
-4777,anchor_scsn_004776,2381232,0,up,407.32806396484375
-4778,anchor_scsn_004777,2381856,0,up,61.548255920410156
-4779,anchor_scsn_004778,2381945,0,up,66.20384979248047
-4780,anchor_scsn_004779,2382354,0,up,62.14670944213867
-4781,anchor_scsn_004780,2382550,0,up,84.86866760253906
-4782,anchor_scsn_004781,2383689,0,up,68.67424774169922
-4783,anchor_scsn_004782,2383725,0,up,75.3421630859375
-4784,anchor_scsn_004783,2383888,0,up,61.1973762512207
-4785,anchor_scsn_004784,2384489,0,up,82.54706573486328
-4786,anchor_scsn_004785,2384609,0,up,325.4453125
-4787,anchor_scsn_004786,2385044,0,up,53.03387451171875
-4788,anchor_scsn_004787,2385388,0,up,79.86534881591797
-4789,anchor_scsn_004788,2385716,0,up,64.52940368652344
-4790,anchor_scsn_004789,2385777,0,up,102.85968017578125
-4791,anchor_scsn_004790,2385960,0,up,204.39210510253906
-4792,anchor_scsn_004791,2387265,0,up,352.99554443359375
-4793,anchor_scsn_004792,2388323,0,up,77.87178039550781
-4794,anchor_scsn_004793,2388493,0,up,74.36170959472656
-4795,anchor_scsn_004794,2389179,0,up,124.00255584716797
-4796,anchor_scsn_004795,2389213,0,up,70.41627502441406
-4797,anchor_scsn_004796,2390116,0,up,576.3842163085938
-4798,anchor_scsn_004797,2390281,0,up,99.48299407958984
-4799,anchor_scsn_004798,2390357,0,up,90.97593688964844
-4800,anchor_scsn_004799,2390708,0,up,77.80302429199219
-4801,anchor_scsn_004800,2391441,0,up,54.18355941772461
-4802,anchor_scsn_004801,2392750,0,up,529.3367919921875
-4803,anchor_scsn_004802,2392932,0,up,82.51162719726562
-4804,anchor_scsn_004803,2393994,0,up,65.30426788330078
-4805,anchor_scsn_004804,2394142,0,up,854.2482299804688
-4806,anchor_scsn_004805,2394552,0,up,63.54410934448242
-4807,anchor_scsn_004806,2395245,0,up,80.37506866455078
-4808,anchor_scsn_004807,2395348,0,up,91.01180267333984
-4809,anchor_scsn_004808,2395617,0,up,51.535919189453125
-4810,anchor_scsn_004809,2395780,0,up,56.23983383178711
-4811,anchor_scsn_004810,2395865,0,up,59.804405212402344
-4812,anchor_scsn_004811,2396794,0,up,148.8721160888672
-4813,anchor_scsn_004812,2396970,0,up,65.47637939453125
-4814,anchor_scsn_004813,2397634,0,up,65.02046203613281
-4815,anchor_scsn_004814,2399307,0,up,135.73973083496094
-4816,anchor_scsn_004815,2399789,0,up,80.42961883544922
-4817,anchor_scsn_004816,2400703,0,up,65.08567810058594
-4818,anchor_scsn_004817,2400840,0,up,121.9715576171875
-4819,anchor_scsn_004818,2400980,0,up,68.25965118408203
-4820,anchor_scsn_004819,2401501,0,up,60.621368408203125
-4821,anchor_scsn_004820,2402243,0,up,103.92537689208984
-4822,anchor_scsn_004821,2402869,0,up,303.2822265625
-4823,anchor_scsn_004822,2403381,0,up,51.89411926269531
-4824,anchor_scsn_004823,2404166,0,up,358.937255859375
-4825,anchor_scsn_004824,2407490,0,up,76.94676971435547
-4826,anchor_scsn_004825,2407855,0,up,158.30642700195312
-4827,anchor_scsn_004826,2409484,0,up,98.06397247314453
-4828,anchor_scsn_004827,2409548,0,up,114.6582260131836
-4829,anchor_scsn_004828,2410015,0,up,83.3258285522461
-4830,anchor_scsn_004829,2410094,0,up,59.70146942138672
-4831,anchor_scsn_004830,2410165,0,up,150.35511779785156
-4832,anchor_scsn_004831,2411602,0,up,67.88394927978516
-4833,anchor_scsn_004832,2411836,0,up,86.04169464111328
-4834,anchor_scsn_004833,2413127,0,up,76.68848419189453
-4835,anchor_scsn_004834,2413575,0,up,80.66212463378906
-4836,anchor_scsn_004835,2414022,0,up,55.40502166748047
-4837,anchor_scsn_004836,2414660,0,up,128.49171447753906
-4838,anchor_scsn_004837,2415250,0,up,168.17637634277344
-4839,anchor_scsn_004838,2415568,0,up,73.62854766845703
-4840,anchor_scsn_004839,2415788,0,up,174.2095489501953
-4841,anchor_scsn_004840,2416064,0,up,58.10547637939453
-4842,anchor_scsn_004841,2416221,0,up,121.3212661743164
-4843,anchor_scsn_004842,2416373,0,up,271.0610656738281
-4844,anchor_scsn_004843,2417203,0,up,98.29472351074219
-4845,anchor_scsn_004844,2417218,0,up,332.4412841796875
-4846,anchor_scsn_004845,2418865,0,up,63.06217956542969
-4847,anchor_scsn_004846,2419087,0,up,109.6318588256836
-4848,anchor_scsn_004847,2419725,0,up,56.49602508544922
-4849,anchor_scsn_004848,2419836,0,up,70.87479400634766
-4850,anchor_scsn_004849,2419844,0,up,279.75048828125
-4851,anchor_scsn_004850,2419888,0,up,222.40756225585938
-4852,anchor_scsn_004851,2419897,0,up,106.9925308227539
-4853,anchor_scsn_004852,2419961,0,up,87.9842300415039
-4854,anchor_scsn_004853,2420182,0,up,264.66778564453125
-4855,anchor_scsn_004854,2420983,0,up,386.57720947265625
-4856,anchor_scsn_004855,2421764,0,up,272.1835632324219
-4857,anchor_scsn_004856,2422041,0,up,81.66924285888672
-4858,anchor_scsn_004857,2422123,0,up,99.16580963134766
-4859,anchor_scsn_004858,2422124,0,up,330.987548828125
-4860,anchor_scsn_004859,2422546,0,up,129.54722595214844
-4861,anchor_scsn_004860,2422758,0,up,990.4583129882812
-4862,anchor_scsn_004861,2422807,0,up,74.53815460205078
-4863,anchor_scsn_004862,2422999,0,up,205.61428833007812
-4864,anchor_scsn_004863,2424071,0,up,163.5377960205078
-4865,anchor_scsn_004864,2425568,0,up,55.46929931640625
-4866,anchor_scsn_004865,2426160,0,up,109.62014770507812
-4867,anchor_scsn_004866,2426913,0,up,758.8873291015625
-4868,anchor_scsn_004867,2427000,0,up,100.10867309570312
-4869,anchor_scsn_004868,2427256,0,up,354.7098693847656
-4870,anchor_scsn_004869,2427269,0,up,890.4561157226562
-4871,anchor_scsn_004870,2427288,0,up,247.30950927734375
-4872,anchor_scsn_004871,2427369,0,up,52.810401916503906
-4873,anchor_scsn_004872,2427859,0,up,122.3328628540039
-4874,anchor_scsn_004873,2428200,0,up,67.05868530273438
-4875,anchor_scsn_004874,2428783,0,up,327.0254821777344
-4876,anchor_scsn_004875,2429413,0,up,50.516883850097656
-4877,anchor_scsn_004876,2430049,0,up,62.22480773925781
-4878,anchor_scsn_004877,2430297,0,up,90.95941925048828
-4879,anchor_scsn_004878,2430377,0,up,110.0384750366211
-4880,anchor_scsn_004879,2430643,0,up,281.44940185546875
-4881,anchor_scsn_004880,2430760,0,up,64.11811065673828
-4882,anchor_scsn_004881,2431291,0,up,80.67648315429688
-4883,anchor_scsn_004882,2431528,0,up,50.65547561645508
-4884,anchor_scsn_004883,2432020,0,up,54.643096923828125
-4885,anchor_scsn_004884,2432037,0,up,351.4140319824219
-4886,anchor_scsn_004885,2432249,0,up,99.90968322753906
-4887,anchor_scsn_004886,2432506,0,up,166.38059997558594
-4888,anchor_scsn_004887,2432938,0,up,79.35731506347656
-4889,anchor_scsn_004888,2432973,0,up,84.0797348022461
-4890,anchor_scsn_004889,2433937,0,up,235.3369140625
-4891,anchor_scsn_004890,2434571,0,up,146.99468994140625
-4892,anchor_scsn_004891,2434987,0,up,71.82135772705078
-4893,anchor_scsn_004892,2436094,0,up,249.4746856689453
-4894,anchor_scsn_004893,2436269,0,up,148.74468994140625
-4895,anchor_scsn_004894,2436989,0,up,195.92840576171875
-4896,anchor_scsn_004895,2437600,0,up,98.24134063720703
-4897,anchor_scsn_004896,2437862,0,up,127.6754150390625
-4898,anchor_scsn_004897,2439698,0,up,50.213226318359375
-4899,anchor_scsn_004898,2440916,0,up,62.898685455322266
-4900,anchor_scsn_004899,2441340,0,up,61.46022415161133
-4901,anchor_scsn_004900,2441398,0,up,52.80555725097656
-4902,anchor_scsn_004901,2441765,0,up,262.2778625488281
-4903,anchor_scsn_004902,2442085,0,up,106.27311706542969
-4904,anchor_scsn_004903,2442270,0,up,52.68273162841797
-4905,anchor_scsn_004904,2443276,0,up,174.58135986328125
-4906,anchor_scsn_004905,2443526,0,up,63.32307815551758
-4907,anchor_scsn_004906,2444781,0,up,752.8659057617188
-4908,anchor_scsn_004907,2445352,0,up,299.23284912109375
-4909,anchor_scsn_004908,2445800,0,up,189.34130859375
-4910,anchor_scsn_004909,2445974,0,up,57.24517822265625
-4911,anchor_scsn_004910,2446027,0,up,232.249267578125
-4912,anchor_scsn_004911,2446064,0,up,132.8971710205078
-4913,anchor_scsn_004912,2446133,0,up,78.77024841308594
-4914,anchor_scsn_004913,2446861,0,up,92.91564178466797
-4915,anchor_scsn_004914,2447253,0,up,550.2198486328125
-4916,anchor_scsn_004915,2447657,0,up,180.5548553466797
-4917,anchor_scsn_004916,2448794,0,up,78.58931732177734
-4918,anchor_scsn_004917,2449499,0,up,72.11801147460938
-4919,anchor_scsn_004918,2449570,0,up,117.5981216430664
-4920,anchor_scsn_004919,2450807,0,up,71.9163589477539
-4921,anchor_scsn_004920,2450866,0,up,193.66893005371094
-4922,anchor_scsn_004921,2451137,0,up,60.06987762451172
-4923,anchor_scsn_004922,2451721,0,up,80.15535736083984
-4924,anchor_scsn_004923,2452149,0,up,69.29452514648438
-4925,anchor_scsn_004924,2452205,0,up,64.890380859375
-4926,anchor_scsn_004925,2452563,0,up,116.13683319091797
-4927,anchor_scsn_004926,2452803,0,up,195.6000518798828
-4928,anchor_scsn_004927,2453784,0,up,56.66124725341797
-4929,anchor_scsn_004928,2453830,0,up,230.22232055664062
-4930,anchor_scsn_004929,2456158,0,up,234.18441772460938
-4931,anchor_scsn_004930,2457203,0,up,97.06156921386719
-4932,anchor_scsn_004931,2457406,0,up,145.73036193847656
-4933,anchor_scsn_004932,2460402,0,up,114.58318328857422
-4934,anchor_scsn_004933,2461118,0,up,664.7383422851562
-4935,anchor_scsn_004934,2461238,0,up,82.98420715332031
-4936,anchor_scsn_004935,2461338,0,up,101.88616943359375
-4937,anchor_scsn_004936,2462070,0,up,145.0953826904297
-4938,anchor_scsn_004937,2463583,0,up,94.89146423339844
-4939,anchor_scsn_004938,2464238,0,up,109.68890380859375
-4940,anchor_scsn_004939,2464333,0,up,222.33242797851562
-4941,anchor_scsn_004940,2464448,0,up,79.98921966552734
-4942,anchor_scsn_004941,2464488,0,up,82.95240020751953
-4943,anchor_scsn_004942,2466035,0,up,53.69446563720703
-4944,anchor_scsn_004943,2466105,0,up,75.40702819824219
-4945,anchor_scsn_004944,2466301,0,up,126.40546417236328
-4946,anchor_scsn_004945,2466609,0,up,369.1899719238281
-4947,anchor_scsn_004946,2466731,0,up,210.7707061767578
-4948,anchor_scsn_004947,2469020,0,up,219.1542510986328
-4949,anchor_scsn_004948,2469651,0,up,218.07093811035156
-4950,anchor_scsn_004949,2471094,0,up,67.99015808105469
-4951,anchor_scsn_004950,2471215,0,up,50.26089859008789
-4952,anchor_scsn_004951,2471322,0,up,123.93953704833984
-4953,anchor_scsn_004952,2471878,0,up,105.64791107177734
-4954,anchor_scsn_004953,2472016,0,up,154.91796875
-4955,anchor_scsn_004954,2472064,0,up,53.12873840332031
-4956,anchor_scsn_004955,2472103,0,up,86.64559173583984
-4957,anchor_scsn_004956,2472244,0,up,77.89395141601562
-4958,anchor_scsn_004957,2472739,0,up,85.75529479980469
-4959,anchor_scsn_004958,2473472,0,up,79.30738830566406
-4960,anchor_scsn_004959,2474047,0,up,496.37164306640625
-4961,anchor_scsn_004960,2474093,0,up,209.78207397460938
-4962,anchor_scsn_004961,2474437,0,up,211.8761444091797
-4963,anchor_scsn_004962,2474516,0,up,66.07611846923828
-4964,anchor_scsn_004963,2474687,0,up,103.26913452148438
-4965,anchor_scsn_004964,2475642,0,up,77.65591430664062
-4966,anchor_scsn_004965,2476070,0,up,77.4652328491211
-4967,anchor_scsn_004966,2476601,0,up,72.20121002197266
-4968,anchor_scsn_004967,2476821,0,up,61.320709228515625
-4969,anchor_scsn_004968,2477211,0,up,217.8376922607422
-4970,anchor_scsn_004969,2478519,0,up,70.85447692871094
-4971,anchor_scsn_004970,2479041,0,up,163.4365692138672
-4972,anchor_scsn_004971,2479597,0,up,91.30375671386719
-4973,anchor_scsn_004972,2480912,0,up,76.48118591308594
-4974,anchor_scsn_004973,2481734,0,up,423.6159362792969
-4975,anchor_scsn_004974,2481956,0,up,51.575477600097656
-4976,anchor_scsn_004975,2482073,0,up,60.745723724365234
-4977,anchor_scsn_004976,2482239,0,up,90.52312469482422
-4978,anchor_scsn_004977,2482922,0,up,68.56938171386719
-4979,anchor_scsn_004978,2483281,0,up,383.87200927734375
-4980,anchor_scsn_004979,2484742,0,up,55.7588996887207
-4981,anchor_scsn_004980,2486208,0,up,64.52145385742188
-4982,anchor_scsn_004981,2486379,0,up,121.47411346435547
-4983,anchor_scsn_004982,2487501,0,up,53.59556579589844
-4984,anchor_scsn_004983,2487561,0,up,220.77198791503906
-4985,anchor_scsn_004984,2487951,0,up,70.49919891357422
-4986,anchor_scsn_004985,2488089,0,up,120.74996948242188
-4987,anchor_scsn_004986,2489051,0,up,77.23571014404297
-4988,anchor_scsn_004987,2489449,0,up,86.52684020996094
-4989,anchor_scsn_004988,2489468,0,up,51.986202239990234
-4990,anchor_scsn_004989,2490140,0,up,98.305419921875
-4991,anchor_scsn_004990,2490549,0,up,71.0986557006836
-4992,anchor_scsn_004991,2490787,0,up,109.62190246582031
-4993,anchor_scsn_004992,2490944,0,up,151.1213836669922
-4994,anchor_scsn_004993,2491090,0,up,50.17937469482422
-4995,anchor_scsn_004994,2492297,0,up,62.33710861206055
-4996,anchor_scsn_004995,2492480,0,up,391.16796875
-4997,anchor_scsn_004996,2492609,0,up,81.24152374267578
-4998,anchor_scsn_004997,2493186,0,up,454.2202453613281
-4999,anchor_scsn_004998,2493698,0,up,158.1187744140625
-5000,anchor_scsn_004999,2494018,0,up,136.1665496826172
-5001,anchor_scsn_005000,9,1,down,74.03203582763672
-5002,anchor_scsn_005001,761,1,down,65.36433410644531
-5003,anchor_scsn_005002,1459,1,down,278.11920166015625
-5004,anchor_scsn_005003,1842,1,down,401.270263671875
-5005,anchor_scsn_005004,1937,1,down,205.383056640625
-5006,anchor_scsn_005005,2075,1,down,214.32598876953125
-5007,anchor_scsn_005006,3324,1,down,131.02700805664062
-5008,anchor_scsn_005007,3949,1,down,55.01344680786133
-5009,anchor_scsn_005008,4563,1,down,102.0413589477539
-5010,anchor_scsn_005009,5289,1,down,173.81838989257812
-5011,anchor_scsn_005010,5664,1,down,50.888389587402344
-5012,anchor_scsn_005011,5987,1,down,150.89935302734375
-5013,anchor_scsn_005012,6582,1,down,70.78418731689453
-5014,anchor_scsn_005013,7236,1,down,60.09566116333008
-5015,anchor_scsn_005014,8950,1,down,76.6807632446289
-5016,anchor_scsn_005015,9738,1,down,89.39102935791016
-5017,anchor_scsn_005016,9847,1,down,176.19378662109375
-5018,anchor_scsn_005017,10321,1,down,59.216285705566406
-5019,anchor_scsn_005018,10537,1,down,57.28916549682617
-5020,anchor_scsn_005019,10616,1,down,124.72888946533203
-5021,anchor_scsn_005020,10743,1,down,349.9251403808594
-5022,anchor_scsn_005021,10972,1,down,104.36593627929688
-5023,anchor_scsn_005022,11267,1,down,137.38815307617188
-5024,anchor_scsn_005023,12055,1,down,59.96540069580078
-5025,anchor_scsn_005024,12119,1,down,56.17975616455078
-5026,anchor_scsn_005025,12216,1,down,60.532901763916016
-5027,anchor_scsn_005026,13437,1,down,352.2374267578125
-5028,anchor_scsn_005027,14345,1,down,167.32208251953125
-5029,anchor_scsn_005028,14349,1,down,53.831485748291016
-5030,anchor_scsn_005029,14672,1,down,85.82083892822266
-5031,anchor_scsn_005030,15367,1,down,117.98416900634766
-5032,anchor_scsn_005031,16274,1,down,75.45604705810547
-5033,anchor_scsn_005032,16464,1,down,102.5137710571289
-5034,anchor_scsn_005033,17253,1,down,52.545894622802734
-5035,anchor_scsn_005034,17426,1,down,83.31562805175781
-5036,anchor_scsn_005035,17749,1,down,705.3557739257812
-5037,anchor_scsn_005036,17985,1,down,155.48410034179688
-5038,anchor_scsn_005037,18364,1,down,114.18900299072266
-5039,anchor_scsn_005038,19366,1,down,85.98613739013672
-5040,anchor_scsn_005039,20045,1,down,540.6107177734375
-5041,anchor_scsn_005040,22017,1,down,98.53521728515625
-5042,anchor_scsn_005041,22306,1,down,229.05624389648438
-5043,anchor_scsn_005042,23098,1,down,124.0779800415039
-5044,anchor_scsn_005043,23368,1,down,52.649749755859375
-5045,anchor_scsn_005044,24264,1,down,78.4327621459961
-5046,anchor_scsn_005045,25332,1,down,145.0197296142578
-5047,anchor_scsn_005046,25349,1,down,64.49913024902344
-5048,anchor_scsn_005047,26241,1,down,68.6918716430664
-5049,anchor_scsn_005048,28057,1,down,213.2860565185547
-5050,anchor_scsn_005049,28656,1,down,93.66850280761719
-5051,anchor_scsn_005050,29690,1,down,181.3123779296875
-5052,anchor_scsn_005051,29920,1,down,58.95999526977539
-5053,anchor_scsn_005052,29932,1,down,117.80168151855469
-5054,anchor_scsn_005053,30306,1,down,184.96351623535156
-5055,anchor_scsn_005054,30598,1,down,131.16220092773438
-5056,anchor_scsn_005055,30856,1,down,76.81179809570312
-5057,anchor_scsn_005056,31022,1,down,93.23194885253906
-5058,anchor_scsn_005057,31150,1,down,102.62943267822266
-5059,anchor_scsn_005058,32190,1,down,74.00211334228516
-5060,anchor_scsn_005059,32852,1,down,135.28594970703125
-5061,anchor_scsn_005060,33847,1,down,178.44668579101562
-5062,anchor_scsn_005061,34163,1,down,134.605224609375
-5063,anchor_scsn_005062,34329,1,down,127.92479705810547
-5064,anchor_scsn_005063,34623,1,down,72.724853515625
-5065,anchor_scsn_005064,35283,1,down,172.040771484375
-5066,anchor_scsn_005065,35401,1,down,57.92400360107422
-5067,anchor_scsn_005066,36882,1,down,117.31209564208984
-5068,anchor_scsn_005067,37552,1,down,242.88409423828125
-5069,anchor_scsn_005068,37619,1,down,133.8201141357422
-5070,anchor_scsn_005069,38173,1,down,62.911678314208984
-5071,anchor_scsn_005070,38442,1,down,50.98380661010742
-5072,anchor_scsn_005071,38886,1,down,57.601356506347656
-5073,anchor_scsn_005072,39022,1,down,189.5975341796875
-5074,anchor_scsn_005073,39049,1,down,76.4206314086914
-5075,anchor_scsn_005074,39650,1,down,58.896427154541016
-5076,anchor_scsn_005075,39651,1,down,53.665916442871094
-5077,anchor_scsn_005076,39741,1,down,83.74593353271484
-5078,anchor_scsn_005077,40105,1,down,104.6651382446289
-5079,anchor_scsn_005078,40546,1,down,133.7655029296875
-5080,anchor_scsn_005079,40804,1,down,180.6829833984375
-5081,anchor_scsn_005080,40928,1,down,56.79697799682617
-5082,anchor_scsn_005081,41605,1,down,72.38449096679688
-5083,anchor_scsn_005082,42450,1,down,51.88643264770508
-5084,anchor_scsn_005083,43324,1,down,85.4587173461914
-5085,anchor_scsn_005084,43942,1,down,113.02469635009766
-5086,anchor_scsn_005085,43948,1,down,85.93231964111328
-5087,anchor_scsn_005086,44662,1,down,142.30548095703125
-5088,anchor_scsn_005087,46133,1,down,72.22267150878906
-5089,anchor_scsn_005088,46986,1,down,136.3274688720703
-5090,anchor_scsn_005089,47771,1,down,70.03305053710938
-5091,anchor_scsn_005090,47968,1,down,142.11917114257812
-5092,anchor_scsn_005091,48712,1,down,87.5163345336914
-5093,anchor_scsn_005092,49531,1,down,68.13233184814453
-5094,anchor_scsn_005093,49870,1,down,76.78673553466797
-5095,anchor_scsn_005094,50044,1,down,311.4010314941406
-5096,anchor_scsn_005095,50142,1,down,57.22572708129883
-5097,anchor_scsn_005096,50226,1,down,74.9317398071289
-5098,anchor_scsn_005097,50416,1,down,103.11902618408203
-5099,anchor_scsn_005098,51136,1,down,76.60641479492188
-5100,anchor_scsn_005099,51370,1,down,60.1785888671875
-5101,anchor_scsn_005100,51665,1,down,81.20172119140625
-5102,anchor_scsn_005101,52988,1,down,190.94830322265625
-5103,anchor_scsn_005102,53148,1,down,70.99398803710938
-5104,anchor_scsn_005103,54795,1,down,83.85550689697266
-5105,anchor_scsn_005104,54943,1,down,58.32594680786133
-5106,anchor_scsn_005105,55063,1,down,53.233009338378906
-5107,anchor_scsn_005106,56697,1,down,232.8489990234375
-5108,anchor_scsn_005107,57779,1,down,111.30097961425781
-5109,anchor_scsn_005108,58610,1,down,52.459495544433594
-5110,anchor_scsn_005109,58876,1,down,66.35491943359375
-5111,anchor_scsn_005110,59331,1,down,105.83854675292969
-5112,anchor_scsn_005111,59631,1,down,86.8658676147461
-5113,anchor_scsn_005112,60275,1,down,63.71992874145508
-5114,anchor_scsn_005113,61446,1,down,243.88902282714844
-5115,anchor_scsn_005114,62023,1,down,299.35174560546875
-5116,anchor_scsn_005115,62258,1,down,51.88985824584961
-5117,anchor_scsn_005116,63175,1,down,392.3976745605469
-5118,anchor_scsn_005117,63790,1,down,93.68338012695312
-5119,anchor_scsn_005118,63867,1,down,122.02104187011719
-5120,anchor_scsn_005119,64132,1,down,53.18204879760742
-5121,anchor_scsn_005120,64624,1,down,52.079524993896484
-5122,anchor_scsn_005121,64877,1,down,78.99691772460938
-5123,anchor_scsn_005122,65508,1,down,284.56304931640625
-5124,anchor_scsn_005123,66055,1,down,117.40448760986328
-5125,anchor_scsn_005124,66234,1,down,60.859703063964844
-5126,anchor_scsn_005125,66372,1,down,62.886253356933594
-5127,anchor_scsn_005126,66739,1,down,73.03136444091797
-5128,anchor_scsn_005127,67073,1,down,132.470703125
-5129,anchor_scsn_005128,67765,1,down,106.7264175415039
-5130,anchor_scsn_005129,67909,1,down,220.82945251464844
-5131,anchor_scsn_005130,67959,1,down,74.48422241210938
-5132,anchor_scsn_005131,68115,1,down,90.3898696899414
-5133,anchor_scsn_005132,70644,1,down,96.89649200439453
-5134,anchor_scsn_005133,70893,1,down,118.77538299560547
-5135,anchor_scsn_005134,71445,1,down,73.06376647949219
-5136,anchor_scsn_005135,71967,1,down,82.78778076171875
-5137,anchor_scsn_005136,72596,1,down,103.35863494873047
-5138,anchor_scsn_005137,72645,1,down,338.24005126953125
-5139,anchor_scsn_005138,73254,1,down,226.34413146972656
-5140,anchor_scsn_005139,74022,1,down,54.09890365600586
-5141,anchor_scsn_005140,74796,1,down,59.70894241333008
-5142,anchor_scsn_005141,75067,1,down,141.54852294921875
-5143,anchor_scsn_005142,75676,1,down,53.712738037109375
-5144,anchor_scsn_005143,75857,1,down,219.779541015625
-5145,anchor_scsn_005144,75900,1,down,69.22959899902344
-5146,anchor_scsn_005145,75930,1,down,63.321136474609375
-5147,anchor_scsn_005146,75940,1,down,109.79332733154297
-5148,anchor_scsn_005147,76638,1,down,84.18112182617188
-5149,anchor_scsn_005148,76798,1,down,56.03701400756836
-5150,anchor_scsn_005149,77529,1,down,146.06419372558594
-5151,anchor_scsn_005150,77822,1,down,67.29097747802734
-5152,anchor_scsn_005151,79131,1,down,311.6448974609375
-5153,anchor_scsn_005152,80475,1,down,79.71318817138672
-5154,anchor_scsn_005153,80775,1,down,68.19219207763672
-5155,anchor_scsn_005154,81246,1,down,54.34256362915039
-5156,anchor_scsn_005155,81686,1,down,68.54408264160156
-5157,anchor_scsn_005156,82588,1,down,77.62129211425781
-5158,anchor_scsn_005157,82995,1,down,92.29638671875
-5159,anchor_scsn_005158,83229,1,down,130.77182006835938
-5160,anchor_scsn_005159,83328,1,down,271.60662841796875
-5161,anchor_scsn_005160,84283,1,down,87.95285034179688
-5162,anchor_scsn_005161,84578,1,down,56.39638137817383
-5163,anchor_scsn_005162,84598,1,down,79.49549865722656
-5164,anchor_scsn_005163,85070,1,down,286.8124084472656
-5165,anchor_scsn_005164,85132,1,down,265.0599060058594
-5166,anchor_scsn_005165,85671,1,down,59.830291748046875
-5167,anchor_scsn_005166,85907,1,down,81.83087158203125
-5168,anchor_scsn_005167,86017,1,down,922.686279296875
-5169,anchor_scsn_005168,86269,1,down,222.7275848388672
-5170,anchor_scsn_005169,86977,1,down,59.12519836425781
-5171,anchor_scsn_005170,87873,1,down,56.384891510009766
-5172,anchor_scsn_005171,88957,1,down,200.31268310546875
-5173,anchor_scsn_005172,89166,1,down,55.06438064575195
-5174,anchor_scsn_005173,89447,1,down,114.26136779785156
-5175,anchor_scsn_005174,89696,1,down,56.385807037353516
-5176,anchor_scsn_005175,89844,1,down,60.226009368896484
-5177,anchor_scsn_005176,89970,1,down,55.008575439453125
-5178,anchor_scsn_005177,91369,1,down,85.10318756103516
-5179,anchor_scsn_005178,91893,1,down,76.17342376708984
-5180,anchor_scsn_005179,91930,1,down,53.495174407958984
-5181,anchor_scsn_005180,91970,1,down,52.170806884765625
-5182,anchor_scsn_005181,92552,1,down,93.20228576660156
-5183,anchor_scsn_005182,93503,1,down,168.60231018066406
-5184,anchor_scsn_005183,93917,1,down,213.3260955810547
-5185,anchor_scsn_005184,94160,1,down,98.8269271850586
-5186,anchor_scsn_005185,94701,1,down,74.18916320800781
-5187,anchor_scsn_005186,95227,1,down,105.85941314697266
-5188,anchor_scsn_005187,95874,1,down,50.16031265258789
-5189,anchor_scsn_005188,96151,1,down,86.50631713867188
-5190,anchor_scsn_005189,96614,1,down,322.0809631347656
-5191,anchor_scsn_005190,97088,1,down,117.8375473022461
-5192,anchor_scsn_005191,97564,1,down,511.3351745605469
-5193,anchor_scsn_005192,97631,1,down,145.46939086914062
-5194,anchor_scsn_005193,98244,1,down,112.11676025390625
-5195,anchor_scsn_005194,99363,1,down,67.3356704711914
-5196,anchor_scsn_005195,99813,1,down,310.41119384765625
-5197,anchor_scsn_005196,99831,1,down,174.67213439941406
-5198,anchor_scsn_005197,100096,1,down,113.13362884521484
-5199,anchor_scsn_005198,101022,1,down,74.55181884765625
-5200,anchor_scsn_005199,101037,1,down,69.00252532958984
-5201,anchor_scsn_005200,101252,1,down,55.24063491821289
-5202,anchor_scsn_005201,101302,1,down,51.39145278930664
-5203,anchor_scsn_005202,101502,1,down,925.29541015625
-5204,anchor_scsn_005203,101603,1,down,969.6533813476562
-5205,anchor_scsn_005204,102634,1,down,292.9390869140625
-5206,anchor_scsn_005205,104025,1,down,67.91204071044922
-5207,anchor_scsn_005206,104607,1,down,137.35171508789062
-5208,anchor_scsn_005207,105466,1,down,109.42733764648438
-5209,anchor_scsn_005208,105577,1,down,379.981201171875
-5210,anchor_scsn_005209,107429,1,down,181.15599060058594
-5211,anchor_scsn_005210,108817,1,down,200.8660430908203
-5212,anchor_scsn_005211,109005,1,down,106.88754272460938
-5213,anchor_scsn_005212,109463,1,down,53.52116012573242
-5214,anchor_scsn_005213,111714,1,down,57.90755081176758
-5215,anchor_scsn_005214,111881,1,down,323.9903259277344
-5216,anchor_scsn_005215,113903,1,down,156.25469970703125
-5217,anchor_scsn_005216,114310,1,down,139.61094665527344
-5218,anchor_scsn_005217,114534,1,down,56.20596694946289
-5219,anchor_scsn_005218,115045,1,down,497.4776306152344
-5220,anchor_scsn_005219,115971,1,down,67.41199493408203
-5221,anchor_scsn_005220,116028,1,down,87.66038513183594
-5222,anchor_scsn_005221,116716,1,down,73.09614562988281
-5223,anchor_scsn_005222,116870,1,down,60.64863586425781
-5224,anchor_scsn_005223,118014,1,down,113.15866088867188
-5225,anchor_scsn_005224,118303,1,down,76.8383560180664
-5226,anchor_scsn_005225,118483,1,down,385.39398193359375
-5227,anchor_scsn_005226,118785,1,down,60.040958404541016
-5228,anchor_scsn_005227,118911,1,down,333.8758544921875
-5229,anchor_scsn_005228,119463,1,down,66.94930267333984
-5230,anchor_scsn_005229,119628,1,down,75.34398651123047
-5231,anchor_scsn_005230,120451,1,down,87.81303405761719
-5232,anchor_scsn_005231,121097,1,down,94.99166107177734
-5233,anchor_scsn_005232,121489,1,down,53.166908264160156
-5234,anchor_scsn_005233,123154,1,down,61.348243713378906
-5235,anchor_scsn_005234,123448,1,down,992.7132568359375
-5236,anchor_scsn_005235,123764,1,down,64.79584503173828
-5237,anchor_scsn_005236,124368,1,down,86.33683776855469
-5238,anchor_scsn_005237,124900,1,down,168.4816436767578
-5239,anchor_scsn_005238,124973,1,down,168.48541259765625
-5240,anchor_scsn_005239,125355,1,down,67.21807861328125
-5241,anchor_scsn_005240,127785,1,down,76.47732543945312
-5242,anchor_scsn_005241,128567,1,down,181.30140686035156
-5243,anchor_scsn_005242,128819,1,down,115.27533721923828
-5244,anchor_scsn_005243,129798,1,down,83.76982879638672
-5245,anchor_scsn_005244,129804,1,down,84.73385620117188
-5246,anchor_scsn_005245,129837,1,down,78.90864562988281
-5247,anchor_scsn_005246,129898,1,down,87.73738098144531
-5248,anchor_scsn_005247,130536,1,down,90.76983642578125
-5249,anchor_scsn_005248,131963,1,down,142.0216827392578
-5250,anchor_scsn_005249,132804,1,down,219.1046600341797
-5251,anchor_scsn_005250,135022,1,down,73.47480010986328
-5252,anchor_scsn_005251,135427,1,down,53.68655014038086
-5253,anchor_scsn_005252,135630,1,down,77.46875762939453
-5254,anchor_scsn_005253,135847,1,down,72.3944091796875
-5255,anchor_scsn_005254,136165,1,down,96.80341339111328
-5256,anchor_scsn_005255,137184,1,down,51.74230194091797
-5257,anchor_scsn_005256,139660,1,down,236.68606567382812
-5258,anchor_scsn_005257,139665,1,down,58.76359176635742
-5259,anchor_scsn_005258,141033,1,down,77.01246643066406
-5260,anchor_scsn_005259,141612,1,down,167.67752075195312
-5261,anchor_scsn_005260,141969,1,down,169.35877990722656
-5262,anchor_scsn_005261,141996,1,down,177.55520629882812
-5263,anchor_scsn_005262,142266,1,down,53.360172271728516
-5264,anchor_scsn_005263,142641,1,down,157.14259338378906
-5265,anchor_scsn_005264,142899,1,down,77.85497283935547
-5266,anchor_scsn_005265,143382,1,down,51.84684753417969
-5267,anchor_scsn_005266,143889,1,down,70.37017822265625
-5268,anchor_scsn_005267,144025,1,down,263.65625
-5269,anchor_scsn_005268,144179,1,down,85.16085815429688
-5270,anchor_scsn_005269,144189,1,down,131.228759765625
-5271,anchor_scsn_005270,144406,1,down,54.4549560546875
-5272,anchor_scsn_005271,144472,1,down,351.20941162109375
-5273,anchor_scsn_005272,144485,1,down,94.74205780029297
-5274,anchor_scsn_005273,144959,1,down,89.0713119506836
-5275,anchor_scsn_005274,145149,1,down,476.6097717285156
-5276,anchor_scsn_005275,146879,1,down,93.64961242675781
-5277,anchor_scsn_005276,149076,1,down,119.87356567382812
-5278,anchor_scsn_005277,149826,1,down,293.11798095703125
-5279,anchor_scsn_005278,149846,1,down,148.9120330810547
-5280,anchor_scsn_005279,149919,1,down,101.61073303222656
-5281,anchor_scsn_005280,150080,1,down,113.7286148071289
-5282,anchor_scsn_005281,150772,1,down,228.55929565429688
-5283,anchor_scsn_005282,151285,1,down,136.66455078125
-5284,anchor_scsn_005283,151592,1,down,137.62303161621094
-5285,anchor_scsn_005284,151982,1,down,168.34132385253906
-5286,anchor_scsn_005285,152156,1,down,209.17559814453125
-5287,anchor_scsn_005286,152498,1,down,112.68291473388672
-5288,anchor_scsn_005287,153253,1,down,238.38514709472656
-5289,anchor_scsn_005288,153528,1,down,65.7104721069336
-5290,anchor_scsn_005289,154720,1,down,56.2264404296875
-5291,anchor_scsn_005290,154811,1,down,67.7065200805664
-5292,anchor_scsn_005291,154863,1,down,161.11294555664062
-5293,anchor_scsn_005292,154985,1,down,62.84503173828125
-5294,anchor_scsn_005293,156506,1,down,106.76898193359375
-5295,anchor_scsn_005294,157631,1,down,68.62931823730469
-5296,anchor_scsn_005295,157857,1,down,122.64495086669922
-5297,anchor_scsn_005296,157924,1,down,59.01255416870117
-5298,anchor_scsn_005297,158026,1,down,194.57232666015625
-5299,anchor_scsn_005298,158086,1,down,65.69351196289062
-5300,anchor_scsn_005299,158743,1,down,51.69948196411133
-5301,anchor_scsn_005300,159588,1,down,711.664794921875
-5302,anchor_scsn_005301,159636,1,down,397.99420166015625
-5303,anchor_scsn_005302,159788,1,down,136.82362365722656
-5304,anchor_scsn_005303,159897,1,down,109.15154266357422
-5305,anchor_scsn_005304,160321,1,down,151.52955627441406
-5306,anchor_scsn_005305,160610,1,down,367.67388916015625
-5307,anchor_scsn_005306,160643,1,down,236.21961975097656
-5308,anchor_scsn_005307,162851,1,down,255.3669891357422
-5309,anchor_scsn_005308,163388,1,down,176.18478393554688
-5310,anchor_scsn_005309,164321,1,down,73.94304656982422
-5311,anchor_scsn_005310,164466,1,down,81.53580474853516
-5312,anchor_scsn_005311,164689,1,down,126.4245834350586
-5313,anchor_scsn_005312,164835,1,down,56.18512725830078
-5314,anchor_scsn_005313,166242,1,down,58.944454193115234
-5315,anchor_scsn_005314,166713,1,down,89.17790985107422
-5316,anchor_scsn_005315,166969,1,down,55.67926788330078
-5317,anchor_scsn_005316,167301,1,down,120.92323303222656
-5318,anchor_scsn_005317,167843,1,down,427.95074462890625
-5319,anchor_scsn_005318,168955,1,down,74.14106750488281
-5320,anchor_scsn_005319,169939,1,down,105.83605194091797
-5321,anchor_scsn_005320,170118,1,down,92.17008209228516
-5322,anchor_scsn_005321,170240,1,down,94.8911361694336
-5323,anchor_scsn_005322,170447,1,down,84.85424041748047
-5324,anchor_scsn_005323,170793,1,down,153.68675231933594
-5325,anchor_scsn_005324,170883,1,down,69.97408294677734
-5326,anchor_scsn_005325,171295,1,down,86.45132446289062
-5327,anchor_scsn_005326,171473,1,down,140.8142852783203
-5328,anchor_scsn_005327,171995,1,down,65.2079849243164
-5329,anchor_scsn_005328,172360,1,down,50.126991271972656
-5330,anchor_scsn_005329,172372,1,down,345.57135009765625
-5331,anchor_scsn_005330,173186,1,down,58.13154602050781
-5332,anchor_scsn_005331,173313,1,down,56.01067352294922
-5333,anchor_scsn_005332,173379,1,down,91.5323715209961
-5334,anchor_scsn_005333,173474,1,down,123.03670501708984
-5335,anchor_scsn_005334,173661,1,down,63.22005844116211
-5336,anchor_scsn_005335,173689,1,down,84.63391876220703
-5337,anchor_scsn_005336,174273,1,down,193.65997314453125
-5338,anchor_scsn_005337,174519,1,down,144.25283813476562
-5339,anchor_scsn_005338,175361,1,down,149.5680694580078
-5340,anchor_scsn_005339,175695,1,down,66.74119567871094
-5341,anchor_scsn_005340,176321,1,down,50.2811279296875
-5342,anchor_scsn_005341,176349,1,down,68.06658172607422
-5343,anchor_scsn_005342,176922,1,down,62.86842346191406
-5344,anchor_scsn_005343,177253,1,down,52.2738151550293
-5345,anchor_scsn_005344,177502,1,down,120.82925415039062
-5346,anchor_scsn_005345,177975,1,down,76.27196502685547
-5347,anchor_scsn_005346,178202,1,down,76.30823516845703
-5348,anchor_scsn_005347,178346,1,down,142.06658935546875
-5349,anchor_scsn_005348,179014,1,down,55.85775375366211
-5350,anchor_scsn_005349,179088,1,down,90.24254608154297
-5351,anchor_scsn_005350,179225,1,down,74.51066589355469
-5352,anchor_scsn_005351,180060,1,down,84.85322570800781
-5353,anchor_scsn_005352,180540,1,down,447.8669738769531
-5354,anchor_scsn_005353,181041,1,down,87.88906860351562
-5355,anchor_scsn_005354,181548,1,down,90.5497055053711
-5356,anchor_scsn_005355,181814,1,down,92.29103088378906
-5357,anchor_scsn_005356,182583,1,down,50.45429992675781
-5358,anchor_scsn_005357,182705,1,down,57.16164779663086
-5359,anchor_scsn_005358,183899,1,down,68.30290985107422
-5360,anchor_scsn_005359,184727,1,down,65.00938415527344
-5361,anchor_scsn_005360,184803,1,down,51.513851165771484
-5362,anchor_scsn_005361,185497,1,down,98.60786437988281
-5363,anchor_scsn_005362,186544,1,down,86.7531967163086
-5364,anchor_scsn_005363,186616,1,down,61.36252212524414
-5365,anchor_scsn_005364,187086,1,down,258.1918029785156
-5366,anchor_scsn_005365,187243,1,down,140.4521942138672
-5367,anchor_scsn_005366,187458,1,down,157.94522094726562
-5368,anchor_scsn_005367,187761,1,down,127.80248260498047
-5369,anchor_scsn_005368,188210,1,down,379.6768798828125
-5370,anchor_scsn_005369,188659,1,down,114.54515075683594
-5371,anchor_scsn_005370,188755,1,down,134.21044921875
-5372,anchor_scsn_005371,189657,1,down,66.81666564941406
-5373,anchor_scsn_005372,191391,1,down,75.20133209228516
-5374,anchor_scsn_005373,191648,1,down,51.56837463378906
-5375,anchor_scsn_005374,191878,1,down,81.46866607666016
-5376,anchor_scsn_005375,191903,1,down,625.51220703125
-5377,anchor_scsn_005376,192179,1,down,90.18650817871094
-5378,anchor_scsn_005377,192266,1,down,68.17993927001953
-5379,anchor_scsn_005378,192764,1,down,186.01844787597656
-5380,anchor_scsn_005379,193006,1,down,92.98587036132812
-5381,anchor_scsn_005380,193063,1,down,88.67420959472656
-5382,anchor_scsn_005381,194447,1,down,90.26514434814453
-5383,anchor_scsn_005382,195806,1,down,314.224609375
-5384,anchor_scsn_005383,196620,1,down,109.6193618774414
-5385,anchor_scsn_005384,196924,1,down,95.78532409667969
-5386,anchor_scsn_005385,197135,1,down,209.12420654296875
-5387,anchor_scsn_005386,197192,1,down,106.18993377685547
-5388,anchor_scsn_005387,197595,1,down,97.30755615234375
-5389,anchor_scsn_005388,198265,1,down,52.008331298828125
-5390,anchor_scsn_005389,199192,1,down,163.50491333007812
-5391,anchor_scsn_005390,199308,1,down,65.57785034179688
-5392,anchor_scsn_005391,199734,1,down,201.23512268066406
-5393,anchor_scsn_005392,200660,1,down,343.69976806640625
-5394,anchor_scsn_005393,200666,1,down,52.742366790771484
-5395,anchor_scsn_005394,201020,1,down,112.44029998779297
-5396,anchor_scsn_005395,201101,1,down,99.38524627685547
-5397,anchor_scsn_005396,202114,1,down,52.1352424621582
-5398,anchor_scsn_005397,203037,1,down,83.30439758300781
-5399,anchor_scsn_005398,203125,1,down,86.6120834350586
-5400,anchor_scsn_005399,203338,1,down,124.25675201416016
-5401,anchor_scsn_005400,203470,1,down,57.62954330444336
-5402,anchor_scsn_005401,204835,1,down,76.57784271240234
-5403,anchor_scsn_005402,204874,1,down,177.5696258544922
-5404,anchor_scsn_005403,205093,1,down,59.64799880981445
-5405,anchor_scsn_005404,205398,1,down,74.06700134277344
-5406,anchor_scsn_005405,206744,1,down,93.508056640625
-5407,anchor_scsn_005406,208019,1,down,144.93470764160156
-5408,anchor_scsn_005407,208209,1,down,79.23673248291016
-5409,anchor_scsn_005408,208594,1,down,237.16761779785156
-5410,anchor_scsn_005409,208606,1,down,73.26017761230469
-5411,anchor_scsn_005410,208865,1,down,60.44133758544922
-5412,anchor_scsn_005411,209019,1,down,256.2984924316406
-5413,anchor_scsn_005412,209311,1,down,60.26268768310547
-5414,anchor_scsn_005413,209363,1,down,394.6336364746094
-5415,anchor_scsn_005414,210735,1,down,453.2626037597656
-5416,anchor_scsn_005415,211136,1,down,436.7694396972656
-5417,anchor_scsn_005416,211473,1,down,69.9268569946289
-5418,anchor_scsn_005417,212554,1,down,175.32034301757812
-5419,anchor_scsn_005418,213138,1,down,57.859230041503906
-5420,anchor_scsn_005419,213311,1,down,518.6651611328125
-5421,anchor_scsn_005420,213318,1,down,53.267940521240234
-5422,anchor_scsn_005421,214080,1,down,564.9166870117188
-5423,anchor_scsn_005422,214794,1,down,62.51493835449219
-5424,anchor_scsn_005423,215161,1,down,56.035980224609375
-5425,anchor_scsn_005424,215210,1,down,79.38401794433594
-5426,anchor_scsn_005425,216870,1,down,58.73204803466797
-5427,anchor_scsn_005426,216907,1,down,165.5813446044922
-5428,anchor_scsn_005427,217171,1,down,84.7620849609375
-5429,anchor_scsn_005428,217773,1,down,237.85520935058594
-5430,anchor_scsn_005429,218248,1,down,238.21685791015625
-5431,anchor_scsn_005430,219591,1,down,81.25826263427734
-5432,anchor_scsn_005431,219896,1,down,98.56019592285156
-5433,anchor_scsn_005432,221080,1,down,111.02217102050781
-5434,anchor_scsn_005433,221100,1,down,210.53659057617188
-5435,anchor_scsn_005434,221226,1,down,330.4272766113281
-5436,anchor_scsn_005435,221715,1,down,123.79847717285156
-5437,anchor_scsn_005436,222629,1,down,124.04536437988281
-5438,anchor_scsn_005437,222991,1,down,51.989994049072266
-5439,anchor_scsn_005438,223059,1,down,92.73214721679688
-5440,anchor_scsn_005439,225560,1,down,64.85556030273438
-5441,anchor_scsn_005440,226600,1,down,105.6364517211914
-5442,anchor_scsn_005441,226701,1,down,168.50564575195312
-5443,anchor_scsn_005442,226871,1,down,101.70679473876953
-5444,anchor_scsn_005443,226910,1,down,86.86902618408203
-5445,anchor_scsn_005444,227258,1,down,839.6098022460938
-5446,anchor_scsn_005445,228194,1,down,64.06686401367188
-5447,anchor_scsn_005446,228519,1,down,92.59590148925781
-5448,anchor_scsn_005447,230664,1,down,114.01860809326172
-5449,anchor_scsn_005448,232108,1,down,380.45513916015625
-5450,anchor_scsn_005449,232228,1,down,88.98851776123047
-5451,anchor_scsn_005450,232493,1,down,51.585304260253906
-5452,anchor_scsn_005451,232796,1,down,68.3135757446289
-5453,anchor_scsn_005452,232848,1,down,114.74457550048828
-5454,anchor_scsn_005453,232972,1,down,87.83231353759766
-5455,anchor_scsn_005454,233039,1,down,55.60369110107422
-5456,anchor_scsn_005455,233085,1,down,54.63880920410156
-5457,anchor_scsn_005456,233215,1,down,110.48839569091797
-5458,anchor_scsn_005457,236318,1,down,178.22837829589844
-5459,anchor_scsn_005458,236974,1,down,69.50434875488281
-5460,anchor_scsn_005459,237485,1,down,166.3375701904297
-5461,anchor_scsn_005460,238039,1,down,52.86366271972656
-5462,anchor_scsn_005461,238787,1,down,51.832061767578125
-5463,anchor_scsn_005462,239446,1,down,107.75923156738281
-5464,anchor_scsn_005463,240029,1,down,285.8555603027344
-5465,anchor_scsn_005464,240227,1,down,268.4820556640625
-5466,anchor_scsn_005465,240234,1,down,99.02950286865234
-5467,anchor_scsn_005466,241984,1,down,769.65234375
-5468,anchor_scsn_005467,242898,1,down,468.10443115234375
-5469,anchor_scsn_005468,242923,1,down,75.61515045166016
-5470,anchor_scsn_005469,243477,1,down,61.563941955566406
-5471,anchor_scsn_005470,243540,1,down,161.99696350097656
-5472,anchor_scsn_005471,243888,1,down,242.43545532226562
-5473,anchor_scsn_005472,244268,1,down,137.40036010742188
-5474,anchor_scsn_005473,244330,1,down,289.67510986328125
-5475,anchor_scsn_005474,246358,1,down,115.13056945800781
-5476,anchor_scsn_005475,247021,1,down,69.02986907958984
-5477,anchor_scsn_005476,247087,1,down,91.22959899902344
-5478,anchor_scsn_005477,247656,1,down,496.71441650390625
-5479,anchor_scsn_005478,247700,1,down,208.80564880371094
-5480,anchor_scsn_005479,247709,1,down,141.9886016845703
-5481,anchor_scsn_005480,247914,1,down,65.24036407470703
-5482,anchor_scsn_005481,248514,1,down,83.85801696777344
-5483,anchor_scsn_005482,249237,1,down,64.62948608398438
-5484,anchor_scsn_005483,249920,1,down,60.41276168823242
-5485,anchor_scsn_005484,250182,1,down,54.15225601196289
-5486,anchor_scsn_005485,250772,1,down,654.6881103515625
-5487,anchor_scsn_005486,251033,1,down,77.69561004638672
-5488,anchor_scsn_005487,251368,1,down,94.61278533935547
-5489,anchor_scsn_005488,251579,1,down,274.3767395019531
-5490,anchor_scsn_005489,251988,1,down,51.699825286865234
-5491,anchor_scsn_005490,252838,1,down,69.17596435546875
-5492,anchor_scsn_005491,253644,1,down,143.72926330566406
-5493,anchor_scsn_005492,254137,1,down,60.06706237792969
-5494,anchor_scsn_005493,254554,1,down,64.91542053222656
-5495,anchor_scsn_005494,255095,1,down,124.0069580078125
-5496,anchor_scsn_005495,255874,1,down,70.35307312011719
-5497,anchor_scsn_005496,256185,1,down,88.77159881591797
-5498,anchor_scsn_005497,257017,1,down,79.10314178466797
-5499,anchor_scsn_005498,257118,1,down,80.36602783203125
-5500,anchor_scsn_005499,257504,1,down,50.10309982299805
-5501,anchor_scsn_005500,257927,1,down,54.631412506103516
-5502,anchor_scsn_005501,257975,1,down,328.8681945800781
-5503,anchor_scsn_005502,258136,1,down,57.397911071777344
-5504,anchor_scsn_005503,258267,1,down,322.3294372558594
-5505,anchor_scsn_005504,259771,1,down,68.3971939086914
-5506,anchor_scsn_005505,259974,1,down,375.7604064941406
-5507,anchor_scsn_005506,260251,1,down,88.46166229248047
-5508,anchor_scsn_005507,260647,1,down,110.22501373291016
-5509,anchor_scsn_005508,260766,1,down,152.7527618408203
-5510,anchor_scsn_005509,261084,1,down,121.13201904296875
-5511,anchor_scsn_005510,261161,1,down,115.10383605957031
-5512,anchor_scsn_005511,261944,1,down,109.26398468017578
-5513,anchor_scsn_005512,262512,1,down,82.48973846435547
-5514,anchor_scsn_005513,263004,1,down,58.47407913208008
-5515,anchor_scsn_005514,264187,1,down,62.26876449584961
-5516,anchor_scsn_005515,264935,1,down,63.935081481933594
-5517,anchor_scsn_005516,264963,1,down,155.7505340576172
-5518,anchor_scsn_005517,266870,1,down,58.10408401489258
-5519,anchor_scsn_005518,267910,1,down,69.7746353149414
-5520,anchor_scsn_005519,268175,1,down,62.29201126098633
-5521,anchor_scsn_005520,268725,1,down,86.16807556152344
-5522,anchor_scsn_005521,269586,1,down,255.24501037597656
-5523,anchor_scsn_005522,269614,1,down,52.1750602722168
-5524,anchor_scsn_005523,270371,1,down,242.6805877685547
-5525,anchor_scsn_005524,270376,1,down,202.13087463378906
-5526,anchor_scsn_005525,270432,1,down,61.59734344482422
-5527,anchor_scsn_005526,270839,1,down,65.50791931152344
-5528,anchor_scsn_005527,271248,1,down,204.15904235839844
-5529,anchor_scsn_005528,272213,1,down,101.11315155029297
-5530,anchor_scsn_005529,272223,1,down,96.15753173828125
-5531,anchor_scsn_005530,272252,1,down,161.6487579345703
-5532,anchor_scsn_005531,272802,1,down,63.95817947387695
-5533,anchor_scsn_005532,273311,1,down,72.39348602294922
-5534,anchor_scsn_005533,273682,1,down,53.82278823852539
-5535,anchor_scsn_005534,274310,1,down,60.29749298095703
-5536,anchor_scsn_005535,274729,1,down,292.7656555175781
-5537,anchor_scsn_005536,276228,1,down,243.90138244628906
-5538,anchor_scsn_005537,276943,1,down,69.43397521972656
-5539,anchor_scsn_005538,277318,1,down,61.934322357177734
-5540,anchor_scsn_005539,277354,1,down,72.09144592285156
-5541,anchor_scsn_005540,277919,1,down,62.62444305419922
-5542,anchor_scsn_005541,279602,1,down,53.872779846191406
-5543,anchor_scsn_005542,279717,1,down,50.25347137451172
-5544,anchor_scsn_005543,280039,1,down,167.81434631347656
-5545,anchor_scsn_005544,281090,1,down,188.9980926513672
-5546,anchor_scsn_005545,281252,1,down,154.61399841308594
-5547,anchor_scsn_005546,282039,1,down,63.55149841308594
-5548,anchor_scsn_005547,282714,1,down,72.4376449584961
-5549,anchor_scsn_005548,284290,1,down,287.9957275390625
-5550,anchor_scsn_005549,285790,1,down,693.8948364257812
-5551,anchor_scsn_005550,286143,1,down,55.77338790893555
-5552,anchor_scsn_005551,286582,1,down,95.84400939941406
-5553,anchor_scsn_005552,286932,1,down,64.81895446777344
-5554,anchor_scsn_005553,286956,1,down,101.26876068115234
-5555,anchor_scsn_005554,286962,1,down,185.25912475585938
-5556,anchor_scsn_005555,288299,1,down,109.91465759277344
-5557,anchor_scsn_005556,288618,1,down,79.6256332397461
-5558,anchor_scsn_005557,289365,1,down,70.94537353515625
-5559,anchor_scsn_005558,289840,1,down,134.30384826660156
-5560,anchor_scsn_005559,290211,1,down,91.09765625
-5561,anchor_scsn_005560,291110,1,down,83.30508422851562
-5562,anchor_scsn_005561,291354,1,down,61.783363342285156
-5563,anchor_scsn_005562,292846,1,down,55.75432205200195
-5564,anchor_scsn_005563,293276,1,down,55.87665939331055
-5565,anchor_scsn_005564,293394,1,down,85.80783081054688
-5566,anchor_scsn_005565,294636,1,down,90.71846008300781
-5567,anchor_scsn_005566,295940,1,down,85.54946899414062
-5568,anchor_scsn_005567,296611,1,down,110.53208923339844
-5569,anchor_scsn_005568,296828,1,down,68.78023529052734
-5570,anchor_scsn_005569,296848,1,down,137.43075561523438
-5571,anchor_scsn_005570,297331,1,down,102.49213409423828
-5572,anchor_scsn_005571,298914,1,down,126.15448760986328
-5573,anchor_scsn_005572,299054,1,down,65.82119750976562
-5574,anchor_scsn_005573,299548,1,down,183.3235321044922
-5575,anchor_scsn_005574,300387,1,down,88.54297637939453
-5576,anchor_scsn_005575,300675,1,down,83.81236267089844
-5577,anchor_scsn_005576,300888,1,down,57.49772644042969
-5578,anchor_scsn_005577,301373,1,down,723.32275390625
-5579,anchor_scsn_005578,301492,1,down,423.4830627441406
-5580,anchor_scsn_005579,301504,1,down,100.97735595703125
-5581,anchor_scsn_005580,302851,1,down,101.72792053222656
-5582,anchor_scsn_005581,303582,1,down,266.0352783203125
-5583,anchor_scsn_005582,303646,1,down,201.00709533691406
-5584,anchor_scsn_005583,304110,1,down,231.28831481933594
-5585,anchor_scsn_005584,305609,1,down,86.73577880859375
-5586,anchor_scsn_005585,306223,1,down,106.7482681274414
-5587,anchor_scsn_005586,306465,1,down,70.66910552978516
-5588,anchor_scsn_005587,306480,1,down,197.7819366455078
-5589,anchor_scsn_005588,306627,1,down,282.0445251464844
-5590,anchor_scsn_005589,306753,1,down,184.62754821777344
-5591,anchor_scsn_005590,307520,1,down,320.0607604980469
-5592,anchor_scsn_005591,308410,1,down,106.70420837402344
-5593,anchor_scsn_005592,308906,1,down,50.22410202026367
-5594,anchor_scsn_005593,309230,1,down,163.4662628173828
-5595,anchor_scsn_005594,310025,1,down,54.56897735595703
-5596,anchor_scsn_005595,310480,1,down,227.56759643554688
-5597,anchor_scsn_005596,310555,1,down,119.3411636352539
-5598,anchor_scsn_005597,310937,1,down,139.14097595214844
-5599,anchor_scsn_005598,311146,1,down,74.69677734375
-5600,anchor_scsn_005599,311229,1,down,195.39312744140625
-5601,anchor_scsn_005600,311385,1,down,55.95307159423828
-5602,anchor_scsn_005601,311932,1,down,51.7369270324707
-5603,anchor_scsn_005602,312369,1,down,118.60655212402344
-5604,anchor_scsn_005603,312770,1,down,97.95265197753906
-5605,anchor_scsn_005604,313606,1,down,217.0687255859375
-5606,anchor_scsn_005605,313762,1,down,101.23795318603516
-5607,anchor_scsn_005606,315545,1,down,170.34207153320312
-5608,anchor_scsn_005607,315860,1,down,53.01346969604492
-5609,anchor_scsn_005608,316128,1,down,80.37907409667969
-5610,anchor_scsn_005609,316689,1,down,154.8330078125
-5611,anchor_scsn_005610,316798,1,down,85.05534362792969
-5612,anchor_scsn_005611,316877,1,down,70.60990905761719
-5613,anchor_scsn_005612,317052,1,down,61.76457214355469
-5614,anchor_scsn_005613,317347,1,down,176.364990234375
-5615,anchor_scsn_005614,317395,1,down,140.2174835205078
-5616,anchor_scsn_005615,317736,1,down,68.7916259765625
-5617,anchor_scsn_005616,318197,1,down,92.8586196899414
-5618,anchor_scsn_005617,318427,1,down,674.00244140625
-5619,anchor_scsn_005618,319512,1,down,272.38067626953125
-5620,anchor_scsn_005619,319952,1,down,105.74700164794922
-5621,anchor_scsn_005620,319958,1,down,359.4084777832031
-5622,anchor_scsn_005621,320308,1,down,245.8464813232422
-5623,anchor_scsn_005622,320427,1,down,80.07148742675781
-5624,anchor_scsn_005623,320897,1,down,146.71029663085938
-5625,anchor_scsn_005624,322403,1,down,61.21025466918945
-5626,anchor_scsn_005625,322648,1,down,186.3499755859375
-5627,anchor_scsn_005626,323018,1,down,53.805145263671875
-5628,anchor_scsn_005627,323923,1,down,68.06175231933594
-5629,anchor_scsn_005628,324969,1,down,58.218990325927734
-5630,anchor_scsn_005629,325677,1,down,124.29816436767578
-5631,anchor_scsn_005630,326741,1,down,84.1900863647461
-5632,anchor_scsn_005631,326766,1,down,672.648193359375
-5633,anchor_scsn_005632,326904,1,down,358.2458190917969
-5634,anchor_scsn_005633,327094,1,down,104.25411987304688
-5635,anchor_scsn_005634,327234,1,down,338.8897705078125
-5636,anchor_scsn_005635,327912,1,down,369.8873596191406
-5637,anchor_scsn_005636,328209,1,down,61.94385528564453
-5638,anchor_scsn_005637,328334,1,down,92.82058715820312
-5639,anchor_scsn_005638,328336,1,down,123.20319366455078
-5640,anchor_scsn_005639,329509,1,down,63.80194854736328
-5641,anchor_scsn_005640,329635,1,down,239.33673095703125
-5642,anchor_scsn_005641,329874,1,down,206.14474487304688
-5643,anchor_scsn_005642,330359,1,down,188.82225036621094
-5644,anchor_scsn_005643,330527,1,down,193.87269592285156
-5645,anchor_scsn_005644,330577,1,down,70.81441497802734
-5646,anchor_scsn_005645,330602,1,down,151.10093688964844
-5647,anchor_scsn_005646,331675,1,down,108.77300262451172
-5648,anchor_scsn_005647,332910,1,down,108.1961669921875
-5649,anchor_scsn_005648,333788,1,down,254.77615356445312
-5650,anchor_scsn_005649,335663,1,down,126.64170837402344
-5651,anchor_scsn_005650,335815,1,down,136.099609375
-5652,anchor_scsn_005651,337052,1,down,76.37320709228516
-5653,anchor_scsn_005652,337187,1,down,51.69118118286133
-5654,anchor_scsn_005653,337389,1,down,149.75474548339844
-5655,anchor_scsn_005654,337914,1,down,90.4127426147461
-5656,anchor_scsn_005655,338113,1,down,57.072513580322266
-5657,anchor_scsn_005656,339000,1,down,179.1544952392578
-5658,anchor_scsn_005657,339974,1,down,100.63457489013672
-5659,anchor_scsn_005658,340981,1,down,136.8343963623047
-5660,anchor_scsn_005659,341157,1,down,59.35570526123047
-5661,anchor_scsn_005660,341613,1,down,71.12154388427734
-5662,anchor_scsn_005661,343092,1,down,157.52186584472656
-5663,anchor_scsn_005662,343548,1,down,74.79747009277344
-5664,anchor_scsn_005663,343662,1,down,525.4380493164062
-5665,anchor_scsn_005664,343790,1,down,71.65645599365234
-5666,anchor_scsn_005665,344735,1,down,351.5664978027344
-5667,anchor_scsn_005666,344878,1,down,313.8505859375
-5668,anchor_scsn_005667,344882,1,down,181.88714599609375
-5669,anchor_scsn_005668,345316,1,down,109.15265655517578
-5670,anchor_scsn_005669,345513,1,down,71.3529281616211
-5671,anchor_scsn_005670,345676,1,down,395.16424560546875
-5672,anchor_scsn_005671,345912,1,down,240.03933715820312
-5673,anchor_scsn_005672,346047,1,down,947.7581176757812
-5674,anchor_scsn_005673,346333,1,down,301.9396667480469
-5675,anchor_scsn_005674,346817,1,down,118.62682342529297
-5676,anchor_scsn_005675,348078,1,down,248.87118530273438
-5677,anchor_scsn_005676,348342,1,down,101.64844512939453
-5678,anchor_scsn_005677,348827,1,down,117.14302062988281
-5679,anchor_scsn_005678,349164,1,down,81.84534454345703
-5680,anchor_scsn_005679,349728,1,down,106.61425018310547
-5681,anchor_scsn_005680,350033,1,down,70.73020935058594
-5682,anchor_scsn_005681,350350,1,down,86.92587280273438
-5683,anchor_scsn_005682,350516,1,down,58.68975067138672
-5684,anchor_scsn_005683,350727,1,down,106.86534881591797
-5685,anchor_scsn_005684,350947,1,down,58.90064239501953
-5686,anchor_scsn_005685,351240,1,down,544.5612182617188
-5687,anchor_scsn_005686,351375,1,down,53.98726272583008
-5688,anchor_scsn_005687,351860,1,down,105.76676940917969
-5689,anchor_scsn_005688,351891,1,down,68.49819946289062
-5690,anchor_scsn_005689,352768,1,down,62.022857666015625
-5691,anchor_scsn_005690,354027,1,down,73.62100982666016
-5692,anchor_scsn_005691,354324,1,down,95.49981689453125
-5693,anchor_scsn_005692,354373,1,down,52.47879409790039
-5694,anchor_scsn_005693,354603,1,down,110.4802017211914
-5695,anchor_scsn_005694,356151,1,down,84.1850357055664
-5696,anchor_scsn_005695,356162,1,down,56.71492385864258
-5697,anchor_scsn_005696,356719,1,down,300.98358154296875
-5698,anchor_scsn_005697,357236,1,down,261.8238830566406
-5699,anchor_scsn_005698,358017,1,down,92.83748626708984
-5700,anchor_scsn_005699,358156,1,down,106.20350646972656
-5701,anchor_scsn_005700,358871,1,down,151.02511596679688
-5702,anchor_scsn_005701,360021,1,down,212.29598999023438
-5703,anchor_scsn_005702,360856,1,down,79.16845703125
-5704,anchor_scsn_005703,361500,1,down,124.58938598632812
-5705,anchor_scsn_005704,362022,1,down,74.5302734375
-5706,anchor_scsn_005705,362254,1,down,65.56774139404297
-5707,anchor_scsn_005706,363040,1,down,80.70947265625
-5708,anchor_scsn_005707,363279,1,down,157.28761291503906
-5709,anchor_scsn_005708,363587,1,down,234.18101501464844
-5710,anchor_scsn_005709,364145,1,down,102.02142333984375
-5711,anchor_scsn_005710,364563,1,down,166.3546905517578
-5712,anchor_scsn_005711,364672,1,down,70.08013153076172
-5713,anchor_scsn_005712,365626,1,down,54.105621337890625
-5714,anchor_scsn_005713,366091,1,down,150.43455505371094
-5715,anchor_scsn_005714,366173,1,down,420.168701171875
-5716,anchor_scsn_005715,366728,1,down,108.79988861083984
-5717,anchor_scsn_005716,366867,1,down,126.19635009765625
-5718,anchor_scsn_005717,367325,1,down,79.22100067138672
-5719,anchor_scsn_005718,369017,1,down,64.07074737548828
-5720,anchor_scsn_005719,370102,1,down,89.54173278808594
-5721,anchor_scsn_005720,370242,1,down,68.4858627319336
-5722,anchor_scsn_005721,370928,1,down,128.31642150878906
-5723,anchor_scsn_005722,371093,1,down,78.37178802490234
-5724,anchor_scsn_005723,371993,1,down,55.054508209228516
-5725,anchor_scsn_005724,372266,1,down,97.54460144042969
-5726,anchor_scsn_005725,372294,1,down,207.677978515625
-5727,anchor_scsn_005726,372593,1,down,862.0357055664062
-5728,anchor_scsn_005727,372870,1,down,61.00337219238281
-5729,anchor_scsn_005728,372873,1,down,81.95960998535156
-5730,anchor_scsn_005729,372967,1,down,105.97867584228516
-5731,anchor_scsn_005730,373448,1,down,66.61833953857422
-5732,anchor_scsn_005731,373811,1,down,113.57176208496094
-5733,anchor_scsn_005732,374663,1,down,108.24980926513672
-5734,anchor_scsn_005733,375362,1,down,207.3404083251953
-5735,anchor_scsn_005734,375893,1,down,57.516090393066406
-5736,anchor_scsn_005735,376141,1,down,82.2540283203125
-5737,anchor_scsn_005736,376185,1,down,113.56046295166016
-5738,anchor_scsn_005737,376316,1,down,343.05029296875
-5739,anchor_scsn_005738,376373,1,down,181.3365936279297
-5740,anchor_scsn_005739,377366,1,down,56.43543243408203
-5741,anchor_scsn_005740,377832,1,down,123.25651550292969
-5742,anchor_scsn_005741,378604,1,down,65.45430755615234
-5743,anchor_scsn_005742,379719,1,down,159.0765838623047
-5744,anchor_scsn_005743,379742,1,down,136.89666748046875
-5745,anchor_scsn_005744,380235,1,down,64.85519409179688
-5746,anchor_scsn_005745,380479,1,down,153.3623809814453
-5747,anchor_scsn_005746,380563,1,down,80.78094482421875
-5748,anchor_scsn_005747,381009,1,down,95.38561248779297
-5749,anchor_scsn_005748,381035,1,down,140.7962646484375
-5750,anchor_scsn_005749,381112,1,down,345.3381042480469
-5751,anchor_scsn_005750,381192,1,down,53.162906646728516
-5752,anchor_scsn_005751,381432,1,down,103.91928100585938
-5753,anchor_scsn_005752,381730,1,down,87.09596252441406
-5754,anchor_scsn_005753,382385,1,down,53.792320251464844
-5755,anchor_scsn_005754,382488,1,down,60.52812957763672
-5756,anchor_scsn_005755,383839,1,down,74.64674377441406
-5757,anchor_scsn_005756,385095,1,down,444.37628173828125
-5758,anchor_scsn_005757,385733,1,down,84.25248718261719
-5759,anchor_scsn_005758,385883,1,down,320.2332458496094
-5760,anchor_scsn_005759,386445,1,down,711.6497802734375
-5761,anchor_scsn_005760,386777,1,down,109.18006134033203
-5762,anchor_scsn_005761,386899,1,down,129.27906799316406
-5763,anchor_scsn_005762,387720,1,down,236.9979248046875
-5764,anchor_scsn_005763,387993,1,down,338.09417724609375
-5765,anchor_scsn_005764,388644,1,down,59.66434860229492
-5766,anchor_scsn_005765,389020,1,down,741.6007080078125
-5767,anchor_scsn_005766,389221,1,down,160.76416015625
-5768,anchor_scsn_005767,389588,1,down,920.0354614257812
-5769,anchor_scsn_005768,390241,1,down,68.95604705810547
-5770,anchor_scsn_005769,390343,1,down,127.54911041259766
-5771,anchor_scsn_005770,392261,1,down,67.72444915771484
-5772,anchor_scsn_005771,392309,1,down,108.7700424194336
-5773,anchor_scsn_005772,393036,1,down,182.79684448242188
-5774,anchor_scsn_005773,393104,1,down,61.00448989868164
-5775,anchor_scsn_005774,393574,1,down,86.04115295410156
-5776,anchor_scsn_005775,394421,1,down,86.38331604003906
-5777,anchor_scsn_005776,394627,1,down,145.33348083496094
-5778,anchor_scsn_005777,394708,1,down,75.7356948852539
-5779,anchor_scsn_005778,394881,1,down,89.28441619873047
-5780,anchor_scsn_005779,394962,1,down,87.68605041503906
-5781,anchor_scsn_005780,395253,1,down,252.83055114746094
-5782,anchor_scsn_005781,395666,1,down,218.3029327392578
-5783,anchor_scsn_005782,395927,1,down,216.4727020263672
-5784,anchor_scsn_005783,396678,1,down,51.57185745239258
-5785,anchor_scsn_005784,396763,1,down,118.68388366699219
-5786,anchor_scsn_005785,397808,1,down,115.45628356933594
-5787,anchor_scsn_005786,399191,1,down,66.74742126464844
-5788,anchor_scsn_005787,400178,1,down,134.8271026611328
-5789,anchor_scsn_005788,400400,1,down,86.72724914550781
-5790,anchor_scsn_005789,402099,1,down,73.2897720336914
-5791,anchor_scsn_005790,402348,1,down,96.49097442626953
-5792,anchor_scsn_005791,402915,1,down,60.42860794067383
-5793,anchor_scsn_005792,403175,1,down,66.87733459472656
-5794,anchor_scsn_005793,403290,1,down,62.65591812133789
-5795,anchor_scsn_005794,403684,1,down,183.6993408203125
-5796,anchor_scsn_005795,404878,1,down,78.63365936279297
-5797,anchor_scsn_005796,405036,1,down,340.7642517089844
-5798,anchor_scsn_005797,405386,1,down,66.99195861816406
-5799,anchor_scsn_005798,405564,1,down,51.473140716552734
-5800,anchor_scsn_005799,405642,1,down,58.52556228637695
-5801,anchor_scsn_005800,406830,1,down,708.7401123046875
-5802,anchor_scsn_005801,406879,1,down,52.58558654785156
-5803,anchor_scsn_005802,406983,1,down,62.04573059082031
-5804,anchor_scsn_005803,407206,1,down,338.6794128417969
-5805,anchor_scsn_005804,408828,1,down,106.4893798828125
-5806,anchor_scsn_005805,408829,1,down,63.96985626220703
-5807,anchor_scsn_005806,409446,1,down,86.09569549560547
-5808,anchor_scsn_005807,409800,1,down,540.0601196289062
-5809,anchor_scsn_005808,411441,1,down,146.1458740234375
-5810,anchor_scsn_005809,413024,1,down,50.171024322509766
-5811,anchor_scsn_005810,413438,1,down,63.4227409362793
-5812,anchor_scsn_005811,414556,1,down,70.4018783569336
-5813,anchor_scsn_005812,414845,1,down,94.05008697509766
-5814,anchor_scsn_005813,415561,1,down,105.68827056884766
-5815,anchor_scsn_005814,416279,1,down,173.4254150390625
-5816,anchor_scsn_005815,416484,1,down,401.4960632324219
-5817,anchor_scsn_005816,419325,1,down,76.77989196777344
-5818,anchor_scsn_005817,419568,1,down,328.06671142578125
-5819,anchor_scsn_005818,420018,1,down,87.05487823486328
-5820,anchor_scsn_005819,420690,1,down,52.12371063232422
-5821,anchor_scsn_005820,421049,1,down,117.6172103881836
-5822,anchor_scsn_005821,421625,1,down,111.47724914550781
-5823,anchor_scsn_005822,421676,1,down,88.22402954101562
-5824,anchor_scsn_005823,422203,1,down,50.97052001953125
-5825,anchor_scsn_005824,422242,1,down,58.067874908447266
-5826,anchor_scsn_005825,425134,1,down,142.39883422851562
-5827,anchor_scsn_005826,425166,1,down,51.06887435913086
-5828,anchor_scsn_005827,425438,1,down,52.86000442504883
-5829,anchor_scsn_005828,425654,1,down,93.25579071044922
-5830,anchor_scsn_005829,426098,1,down,490.000244140625
-5831,anchor_scsn_005830,426374,1,down,56.63764953613281
-5832,anchor_scsn_005831,426893,1,down,101.89337921142578
-5833,anchor_scsn_005832,427376,1,down,159.15582275390625
-5834,anchor_scsn_005833,427712,1,down,78.25338745117188
-5835,anchor_scsn_005834,427721,1,down,61.33545684814453
-5836,anchor_scsn_005835,428102,1,down,190.68663024902344
-5837,anchor_scsn_005836,429364,1,down,53.1580810546875
-5838,anchor_scsn_005837,429713,1,down,54.56462478637695
-5839,anchor_scsn_005838,429939,1,down,78.82691192626953
-5840,anchor_scsn_005839,431458,1,down,54.71039962768555
-5841,anchor_scsn_005840,431749,1,down,196.21249389648438
-5842,anchor_scsn_005841,431766,1,down,70.68367767333984
-5843,anchor_scsn_005842,432326,1,down,243.39845275878906
-5844,anchor_scsn_005843,432824,1,down,96.90389251708984
-5845,anchor_scsn_005844,433240,1,down,70.377197265625
-5846,anchor_scsn_005845,433455,1,down,84.13631439208984
-5847,anchor_scsn_005846,433467,1,down,111.96295928955078
-5848,anchor_scsn_005847,434157,1,down,89.7992172241211
-5849,anchor_scsn_005848,434326,1,down,136.59915161132812
-5850,anchor_scsn_005849,435060,1,down,85.93761444091797
-5851,anchor_scsn_005850,435412,1,down,131.2993927001953
-5852,anchor_scsn_005851,435783,1,down,139.66329956054688
-5853,anchor_scsn_005852,436550,1,down,65.18304443359375
-5854,anchor_scsn_005853,436973,1,down,158.14309692382812
-5855,anchor_scsn_005854,437191,1,down,83.21878814697266
-5856,anchor_scsn_005855,437662,1,down,82.13964080810547
-5857,anchor_scsn_005856,437834,1,down,85.88744354248047
-5858,anchor_scsn_005857,438113,1,down,61.0934944152832
-5859,anchor_scsn_005858,438233,1,down,405.49029541015625
-5860,anchor_scsn_005859,438578,1,down,78.3263931274414
-5861,anchor_scsn_005860,438588,1,down,79.86817932128906
-5862,anchor_scsn_005861,439256,1,down,518.299072265625
-5863,anchor_scsn_005862,439414,1,down,89.65552520751953
-5864,anchor_scsn_005863,439531,1,down,262.50360107421875
-5865,anchor_scsn_005864,439597,1,down,498.94122314453125
-5866,anchor_scsn_005865,441212,1,down,86.53192138671875
-5867,anchor_scsn_005866,441544,1,down,138.32174682617188
-5868,anchor_scsn_005867,441590,1,down,117.83597564697266
-5869,anchor_scsn_005868,441940,1,down,52.43708419799805
-5870,anchor_scsn_005869,442112,1,down,378.7769470214844
-5871,anchor_scsn_005870,442341,1,down,196.56309509277344
-5872,anchor_scsn_005871,442846,1,down,167.3798370361328
-5873,anchor_scsn_005872,443001,1,down,83.7713394165039
-5874,anchor_scsn_005873,443666,1,down,155.61056518554688
-5875,anchor_scsn_005874,443757,1,down,242.74424743652344
-5876,anchor_scsn_005875,444877,1,down,61.305110931396484
-5877,anchor_scsn_005876,445530,1,down,94.64729309082031
-5878,anchor_scsn_005877,446922,1,down,133.19464111328125
-5879,anchor_scsn_005878,447369,1,down,70.1656265258789
-5880,anchor_scsn_005879,447705,1,down,73.90469360351562
-5881,anchor_scsn_005880,448060,1,down,66.69581604003906
-5882,anchor_scsn_005881,451019,1,down,114.76448059082031
-5883,anchor_scsn_005882,451132,1,down,104.45906829833984
-5884,anchor_scsn_005883,451412,1,down,50.33445739746094
-5885,anchor_scsn_005884,452036,1,down,158.97267150878906
-5886,anchor_scsn_005885,452087,1,down,65.21826934814453
-5887,anchor_scsn_005886,452156,1,down,905.774658203125
-5888,anchor_scsn_005887,452717,1,down,66.33042907714844
-5889,anchor_scsn_005888,453242,1,down,54.27762222290039
-5890,anchor_scsn_005889,453393,1,down,95.98361206054688
-5891,anchor_scsn_005890,453417,1,down,344.30072021484375
-5892,anchor_scsn_005891,453919,1,down,61.09318923950195
-5893,anchor_scsn_005892,454217,1,down,94.95191955566406
-5894,anchor_scsn_005893,454763,1,down,109.85662841796875
-5895,anchor_scsn_005894,454999,1,down,123.459716796875
-5896,anchor_scsn_005895,455016,1,down,158.48565673828125
-5897,anchor_scsn_005896,455510,1,down,179.02230834960938
-5898,anchor_scsn_005897,455806,1,down,310.3643798828125
-5899,anchor_scsn_005898,455838,1,down,343.8038024902344
-5900,anchor_scsn_005899,455890,1,down,76.83270263671875
-5901,anchor_scsn_005900,455992,1,down,55.33054733276367
-5902,anchor_scsn_005901,456134,1,down,73.76360321044922
-5903,anchor_scsn_005902,456870,1,down,65.40508270263672
-5904,anchor_scsn_005903,457628,1,down,64.6147689819336
-5905,anchor_scsn_005904,457748,1,down,57.04234313964844
-5906,anchor_scsn_005905,458082,1,down,178.73594665527344
-5907,anchor_scsn_005906,458138,1,down,258.63909912109375
-5908,anchor_scsn_005907,461278,1,down,60.92841720581055
-5909,anchor_scsn_005908,461631,1,down,129.6250457763672
-5910,anchor_scsn_005909,461782,1,down,90.84647369384766
-5911,anchor_scsn_005910,461874,1,down,72.93621826171875
-5912,anchor_scsn_005911,462887,1,down,80.30266571044922
-5913,anchor_scsn_005912,462948,1,down,58.59413146972656
-5914,anchor_scsn_005913,463372,1,down,397.8765869140625
-5915,anchor_scsn_005914,463504,1,down,92.31257629394531
-5916,anchor_scsn_005915,463720,1,down,393.1543273925781
-5917,anchor_scsn_005916,463903,1,down,118.9979248046875
-5918,anchor_scsn_005917,465334,1,down,104.75391387939453
-5919,anchor_scsn_005918,465458,1,down,69.83039855957031
-5920,anchor_scsn_005919,465641,1,down,51.80936050415039
-5921,anchor_scsn_005920,466854,1,down,72.07369995117188
-5922,anchor_scsn_005921,467048,1,down,110.61077117919922
-5923,anchor_scsn_005922,467128,1,down,83.04730224609375
-5924,anchor_scsn_005923,467254,1,down,231.20668029785156
-5925,anchor_scsn_005924,467266,1,down,65.91407775878906
-5926,anchor_scsn_005925,468796,1,down,70.32014465332031
-5927,anchor_scsn_005926,470605,1,down,53.83437728881836
-5928,anchor_scsn_005927,471473,1,down,186.95773315429688
-5929,anchor_scsn_005928,472129,1,down,224.1871337890625
-5930,anchor_scsn_005929,472575,1,down,113.94590759277344
-5931,anchor_scsn_005930,472882,1,down,107.54434967041016
-5932,anchor_scsn_005931,473156,1,down,108.88862609863281
-5933,anchor_scsn_005932,473961,1,down,56.43627166748047
-5934,anchor_scsn_005933,474574,1,down,180.38156127929688
-5935,anchor_scsn_005934,474848,1,down,93.79916381835938
-5936,anchor_scsn_005935,475512,1,down,115.2079849243164
-5937,anchor_scsn_005936,475557,1,down,356.8643798828125
-5938,anchor_scsn_005937,475947,1,down,58.594085693359375
-5939,anchor_scsn_005938,477048,1,down,145.53697204589844
-5940,anchor_scsn_005939,478361,1,down,389.7101745605469
-5941,anchor_scsn_005940,478540,1,down,101.01593780517578
-5942,anchor_scsn_005941,478684,1,down,59.47269821166992
-5943,anchor_scsn_005942,480175,1,down,169.15109252929688
-5944,anchor_scsn_005943,480747,1,down,131.40834045410156
-5945,anchor_scsn_005944,481806,1,down,95.11790466308594
-5946,anchor_scsn_005945,481881,1,down,327.96343994140625
-5947,anchor_scsn_005946,482337,1,down,298.14227294921875
-5948,anchor_scsn_005947,482352,1,down,55.73796844482422
-5949,anchor_scsn_005948,482773,1,down,232.22633361816406
-5950,anchor_scsn_005949,483138,1,down,115.3929672241211
-5951,anchor_scsn_005950,483723,1,down,70.18690490722656
-5952,anchor_scsn_005951,484968,1,down,58.30851745605469
-5953,anchor_scsn_005952,485008,1,down,124.91474914550781
-5954,anchor_scsn_005953,486212,1,down,95.25984954833984
-5955,anchor_scsn_005954,486453,1,down,61.21337127685547
-5956,anchor_scsn_005955,487042,1,down,181.20712280273438
-5957,anchor_scsn_005956,487057,1,down,110.91742706298828
-5958,anchor_scsn_005957,487820,1,down,96.94999694824219
-5959,anchor_scsn_005958,488841,1,down,75.66228485107422
-5960,anchor_scsn_005959,489102,1,down,91.5207290649414
-5961,anchor_scsn_005960,489129,1,down,55.50273132324219
-5962,anchor_scsn_005961,489631,1,down,65.57697296142578
-5963,anchor_scsn_005962,490191,1,down,70.94652557373047
-5964,anchor_scsn_005963,490962,1,down,61.14274978637695
-5965,anchor_scsn_005964,491117,1,down,125.17330169677734
-5966,anchor_scsn_005965,491288,1,down,54.680816650390625
-5967,anchor_scsn_005966,491413,1,down,53.66542053222656
-5968,anchor_scsn_005967,491631,1,down,191.98670959472656
-5969,anchor_scsn_005968,492345,1,down,156.85519409179688
-5970,anchor_scsn_005969,494146,1,down,121.7238998413086
-5971,anchor_scsn_005970,494164,1,down,251.69107055664062
-5972,anchor_scsn_005971,494236,1,down,81.44759368896484
-5973,anchor_scsn_005972,494344,1,down,127.81945037841797
-5974,anchor_scsn_005973,494434,1,down,359.7001037597656
-5975,anchor_scsn_005974,495170,1,down,59.31290054321289
-5976,anchor_scsn_005975,495274,1,down,341.3358154296875
-5977,anchor_scsn_005976,495634,1,down,177.16812133789062
-5978,anchor_scsn_005977,495740,1,down,129.90719604492188
-5979,anchor_scsn_005978,495908,1,down,692.7177124023438
-5980,anchor_scsn_005979,496096,1,down,101.62583923339844
-5981,anchor_scsn_005980,497090,1,down,137.06021118164062
-5982,anchor_scsn_005981,497440,1,down,52.587181091308594
-5983,anchor_scsn_005982,498026,1,down,83.61766815185547
-5984,anchor_scsn_005983,499531,1,down,179.65631103515625
-5985,anchor_scsn_005984,499848,1,down,461.5111083984375
-5986,anchor_scsn_005985,499910,1,down,117.38630676269531
-5987,anchor_scsn_005986,500063,1,down,390.78778076171875
-5988,anchor_scsn_005987,500203,1,down,52.05643844604492
-5989,anchor_scsn_005988,500442,1,down,68.67146301269531
-5990,anchor_scsn_005989,500955,1,down,96.4068603515625
-5991,anchor_scsn_005990,501053,1,down,70.25997161865234
-5992,anchor_scsn_005991,501549,1,down,270.39404296875
-5993,anchor_scsn_005992,502159,1,down,53.579349517822266
-5994,anchor_scsn_005993,504188,1,down,211.64718627929688
-5995,anchor_scsn_005994,504290,1,down,50.348480224609375
-5996,anchor_scsn_005995,504647,1,down,680.9269409179688
-5997,anchor_scsn_005996,506611,1,down,233.74917602539062
-5998,anchor_scsn_005997,506942,1,down,53.087608337402344
-5999,anchor_scsn_005998,507544,1,down,372.9643249511719
-6000,anchor_scsn_005999,507602,1,down,115.47096252441406
-6001,anchor_scsn_006000,508459,1,down,59.28519821166992
-6002,anchor_scsn_006001,508578,1,down,73.42115020751953
-6003,anchor_scsn_006002,509587,1,down,74.15715026855469
-6004,anchor_scsn_006003,509905,1,down,131.4499053955078
-6005,anchor_scsn_006004,510021,1,down,90.28776550292969
-6006,anchor_scsn_006005,510101,1,down,64.10020446777344
-6007,anchor_scsn_006006,510910,1,down,52.627716064453125
-6008,anchor_scsn_006007,512103,1,down,84.0587387084961
-6009,anchor_scsn_006008,512206,1,down,60.587955474853516
-6010,anchor_scsn_006009,512292,1,down,113.40361785888672
-6011,anchor_scsn_006010,512639,1,down,60.510372161865234
-6012,anchor_scsn_006011,512709,1,down,254.1187286376953
-6013,anchor_scsn_006012,513386,1,down,61.00189208984375
-6014,anchor_scsn_006013,513568,1,down,125.83911895751953
-6015,anchor_scsn_006014,514122,1,down,66.10102081298828
-6016,anchor_scsn_006015,514186,1,down,134.1997528076172
-6017,anchor_scsn_006016,514392,1,down,182.97193908691406
-6018,anchor_scsn_006017,515033,1,down,88.44627380371094
-6019,anchor_scsn_006018,515065,1,down,88.2947006225586
-6020,anchor_scsn_006019,515096,1,down,127.1060562133789
-6021,anchor_scsn_006020,516039,1,down,137.41766357421875
-6022,anchor_scsn_006021,516903,1,down,64.287841796875
-6023,anchor_scsn_006022,517224,1,down,78.66790008544922
-6024,anchor_scsn_006023,517522,1,down,72.4524154663086
-6025,anchor_scsn_006024,518312,1,down,105.41718292236328
-6026,anchor_scsn_006025,518386,1,down,234.73199462890625
-6027,anchor_scsn_006026,518728,1,down,211.42552185058594
-6028,anchor_scsn_006027,519354,1,down,142.7054443359375
-6029,anchor_scsn_006028,520409,1,down,82.37125396728516
-6030,anchor_scsn_006029,520790,1,down,57.730525970458984
-6031,anchor_scsn_006030,520978,1,down,123.37367248535156
-6032,anchor_scsn_006031,521040,1,down,425.16925048828125
-6033,anchor_scsn_006032,521267,1,down,126.1361312866211
-6034,anchor_scsn_006033,521624,1,down,163.0399169921875
-6035,anchor_scsn_006034,521707,1,down,124.84811401367188
-6036,anchor_scsn_006035,521815,1,down,126.90473175048828
-6037,anchor_scsn_006036,522196,1,down,67.96226501464844
-6038,anchor_scsn_006037,522734,1,down,236.27337646484375
-6039,anchor_scsn_006038,523181,1,down,51.00551223754883
-6040,anchor_scsn_006039,523184,1,down,69.61387634277344
-6041,anchor_scsn_006040,523215,1,down,71.36070251464844
-6042,anchor_scsn_006041,523689,1,down,144.66770935058594
-6043,anchor_scsn_006042,524043,1,down,796.479248046875
-6044,anchor_scsn_006043,526985,1,down,151.67752075195312
-6045,anchor_scsn_006044,527595,1,down,649.0416870117188
-6046,anchor_scsn_006045,528450,1,down,50.53725051879883
-6047,anchor_scsn_006046,531029,1,down,50.76137924194336
-6048,anchor_scsn_006047,531828,1,down,58.909339904785156
-6049,anchor_scsn_006048,531925,1,down,159.7089385986328
-6050,anchor_scsn_006049,532041,1,down,129.7500762939453
-6051,anchor_scsn_006050,532941,1,down,164.47535705566406
-6052,anchor_scsn_006051,533399,1,down,149.54220581054688
-6053,anchor_scsn_006052,533706,1,down,93.24996185302734
-6054,anchor_scsn_006053,534379,1,down,151.5989532470703
-6055,anchor_scsn_006054,534942,1,down,102.167724609375
-6056,anchor_scsn_006055,535416,1,down,216.01576232910156
-6057,anchor_scsn_006056,535739,1,down,59.356143951416016
-6058,anchor_scsn_006057,535898,1,down,264.581298828125
-6059,anchor_scsn_006058,536088,1,down,147.15545654296875
-6060,anchor_scsn_006059,536237,1,down,104.15250396728516
-6061,anchor_scsn_006060,536444,1,down,259.7756652832031
-6062,anchor_scsn_006061,536567,1,down,66.6661376953125
-6063,anchor_scsn_006062,537812,1,down,55.84846115112305
-6064,anchor_scsn_006063,539155,1,down,122.11788177490234
-6065,anchor_scsn_006064,539591,1,down,53.064483642578125
-6066,anchor_scsn_006065,539644,1,down,99.227294921875
-6067,anchor_scsn_006066,540127,1,down,62.43989562988281
-6068,anchor_scsn_006067,540306,1,down,208.577880859375
-6069,anchor_scsn_006068,540338,1,down,146.7184295654297
-6070,anchor_scsn_006069,540797,1,down,99.06295013427734
-6071,anchor_scsn_006070,541102,1,down,54.377662658691406
-6072,anchor_scsn_006071,541617,1,down,235.69805908203125
-6073,anchor_scsn_006072,541768,1,down,145.7239990234375
-6074,anchor_scsn_006073,542562,1,down,83.43842315673828
-6075,anchor_scsn_006074,542614,1,down,56.02074432373047
-6076,anchor_scsn_006075,542995,1,down,58.77302551269531
-6077,anchor_scsn_006076,543493,1,down,58.71799850463867
-6078,anchor_scsn_006077,543694,1,down,50.08019256591797
-6079,anchor_scsn_006078,544331,1,down,309.5085144042969
-6080,anchor_scsn_006079,544606,1,down,95.17926025390625
-6081,anchor_scsn_006080,545887,1,down,127.22314453125
-6082,anchor_scsn_006081,546324,1,down,55.91149139404297
-6083,anchor_scsn_006082,546449,1,down,127.67939758300781
-6084,anchor_scsn_006083,546569,1,down,88.6283950805664
-6085,anchor_scsn_006084,547385,1,down,104.21199035644531
-6086,anchor_scsn_006085,548088,1,down,63.07734298706055
-6087,anchor_scsn_006086,548385,1,down,119.92163848876953
-6088,anchor_scsn_006087,549108,1,down,201.59893798828125
-6089,anchor_scsn_006088,549861,1,down,74.61582946777344
-6090,anchor_scsn_006089,549910,1,down,60.29457092285156
-6091,anchor_scsn_006090,550367,1,down,134.04627990722656
-6092,anchor_scsn_006091,550845,1,down,50.85438537597656
-6093,anchor_scsn_006092,551372,1,down,154.7358856201172
-6094,anchor_scsn_006093,551734,1,down,67.57079315185547
-6095,anchor_scsn_006094,551800,1,down,237.20236206054688
-6096,anchor_scsn_006095,552390,1,down,52.84121322631836
-6097,anchor_scsn_006096,553176,1,down,63.772125244140625
-6098,anchor_scsn_006097,553692,1,down,63.559688568115234
-6099,anchor_scsn_006098,553776,1,down,50.93844985961914
-6100,anchor_scsn_006099,554226,1,down,195.4242401123047
-6101,anchor_scsn_006100,555845,1,down,59.52167892456055
-6102,anchor_scsn_006101,555940,1,down,122.54834747314453
-6103,anchor_scsn_006102,556047,1,down,52.231163024902344
-6104,anchor_scsn_006103,556208,1,down,109.29635620117188
-6105,anchor_scsn_006104,556444,1,down,97.53992462158203
-6106,anchor_scsn_006105,556524,1,down,63.987754821777344
-6107,anchor_scsn_006106,559009,1,down,75.02667999267578
-6108,anchor_scsn_006107,559244,1,down,94.90645599365234
-6109,anchor_scsn_006108,559813,1,down,283.4595947265625
-6110,anchor_scsn_006109,561755,1,down,70.48949432373047
-6111,anchor_scsn_006110,563170,1,down,55.951175689697266
-6112,anchor_scsn_006111,563546,1,down,134.9103240966797
-6113,anchor_scsn_006112,563628,1,down,205.83285522460938
-6114,anchor_scsn_006113,563914,1,down,79.85574340820312
-6115,anchor_scsn_006114,564477,1,down,65.70459747314453
-6116,anchor_scsn_006115,565291,1,down,656.95166015625
-6117,anchor_scsn_006116,565748,1,down,100.80342864990234
-6118,anchor_scsn_006117,566646,1,down,60.12852478027344
-6119,anchor_scsn_006118,567418,1,down,644.6347045898438
-6120,anchor_scsn_006119,567611,1,down,293.0075378417969
-6121,anchor_scsn_006120,568170,1,down,54.05278015136719
-6122,anchor_scsn_006121,569237,1,down,54.37176513671875
-6123,anchor_scsn_006122,569365,1,down,67.39695739746094
-6124,anchor_scsn_006123,570014,1,down,69.15604400634766
-6125,anchor_scsn_006124,570296,1,down,52.72179412841797
-6126,anchor_scsn_006125,571252,1,down,77.49381256103516
-6127,anchor_scsn_006126,571352,1,down,169.4192352294922
-6128,anchor_scsn_006127,571437,1,down,289.045166015625
-6129,anchor_scsn_006128,571654,1,down,225.03573608398438
-6130,anchor_scsn_006129,572179,1,down,104.00819396972656
-6131,anchor_scsn_006130,572228,1,down,97.96978759765625
-6132,anchor_scsn_006131,572253,1,down,54.688636779785156
-6133,anchor_scsn_006132,572973,1,down,104.43954467773438
-6134,anchor_scsn_006133,573280,1,down,84.72260284423828
-6135,anchor_scsn_006134,573529,1,down,96.80056762695312
-6136,anchor_scsn_006135,573671,1,down,104.15525817871094
-6137,anchor_scsn_006136,573707,1,down,118.88472747802734
-6138,anchor_scsn_006137,574424,1,down,336.6280212402344
-6139,anchor_scsn_006138,574513,1,down,79.42083740234375
-6140,anchor_scsn_006139,574576,1,down,123.3559799194336
-6141,anchor_scsn_006140,575113,1,down,115.70804595947266
-6142,anchor_scsn_006141,575196,1,down,293.00775146484375
-6143,anchor_scsn_006142,575235,1,down,80.60762786865234
-6144,anchor_scsn_006143,575305,1,down,340.4360656738281
-6145,anchor_scsn_006144,575315,1,down,121.279541015625
-6146,anchor_scsn_006145,575519,1,down,64.17523193359375
-6147,anchor_scsn_006146,576930,1,down,160.9935302734375
-6148,anchor_scsn_006147,577503,1,down,287.82476806640625
-6149,anchor_scsn_006148,578148,1,down,128.37911987304688
-6150,anchor_scsn_006149,578923,1,down,109.36511993408203
-6151,anchor_scsn_006150,579668,1,down,194.15623474121094
-6152,anchor_scsn_006151,580834,1,down,73.0377426147461
-6153,anchor_scsn_006152,580931,1,down,237.28250122070312
-6154,anchor_scsn_006153,581869,1,down,63.000797271728516
-6155,anchor_scsn_006154,582441,1,down,356.90997314453125
-6156,anchor_scsn_006155,582996,1,down,164.7882843017578
-6157,anchor_scsn_006156,583150,1,down,91.1689682006836
-6158,anchor_scsn_006157,583700,1,down,163.73162841796875
-6159,anchor_scsn_006158,584342,1,down,75.28353881835938
-6160,anchor_scsn_006159,584418,1,down,207.3589630126953
-6161,anchor_scsn_006160,584491,1,down,52.06089401245117
-6162,anchor_scsn_006161,584764,1,down,60.03314208984375
-6163,anchor_scsn_006162,584910,1,down,618.8306884765625
-6164,anchor_scsn_006163,585089,1,down,134.10980224609375
-6165,anchor_scsn_006164,586128,1,down,376.4679870605469
-6166,anchor_scsn_006165,586569,1,down,149.26805114746094
-6167,anchor_scsn_006166,587321,1,down,123.84728240966797
-6168,anchor_scsn_006167,587718,1,down,161.68731689453125
-6169,anchor_scsn_006168,588214,1,down,101.46251678466797
-6170,anchor_scsn_006169,588558,1,down,110.74455261230469
-6171,anchor_scsn_006170,589052,1,down,58.81251907348633
-6172,anchor_scsn_006171,589073,1,down,957.6113891601562
-6173,anchor_scsn_006172,589312,1,down,90.34246063232422
-6174,anchor_scsn_006173,590300,1,down,123.17935180664062
-6175,anchor_scsn_006174,590574,1,down,134.3408966064453
-6176,anchor_scsn_006175,591308,1,down,219.61810302734375
-6177,anchor_scsn_006176,591458,1,down,140.53041076660156
-6178,anchor_scsn_006177,591755,1,down,133.3914794921875
-6179,anchor_scsn_006178,592038,1,down,54.347938537597656
-6180,anchor_scsn_006179,592502,1,down,69.2629165649414
-6181,anchor_scsn_006180,592648,1,down,149.32943725585938
-6182,anchor_scsn_006181,592909,1,down,364.0244445800781
-6183,anchor_scsn_006182,593547,1,down,74.34441375732422
-6184,anchor_scsn_006183,593771,1,down,273.3116149902344
-6185,anchor_scsn_006184,594216,1,down,86.08001708984375
-6186,anchor_scsn_006185,594397,1,down,66.47067260742188
-6187,anchor_scsn_006186,594576,1,down,51.564414978027344
-6188,anchor_scsn_006187,594921,1,down,82.27674102783203
-6189,anchor_scsn_006188,596261,1,down,59.30091857910156
-6190,anchor_scsn_006189,596865,1,down,83.97356414794922
-6191,anchor_scsn_006190,597082,1,down,213.42539978027344
-6192,anchor_scsn_006191,597228,1,down,63.7423210144043
-6193,anchor_scsn_006192,598145,1,down,60.37485885620117
-6194,anchor_scsn_006193,600276,1,down,84.63396453857422
-6195,anchor_scsn_006194,601643,1,down,159.02976989746094
-6196,anchor_scsn_006195,601805,1,down,58.483314514160156
-6197,anchor_scsn_006196,601811,1,down,362.53564453125
-6198,anchor_scsn_006197,602352,1,down,66.30992126464844
-6199,anchor_scsn_006198,602637,1,down,177.92115783691406
-6200,anchor_scsn_006199,602980,1,down,89.59001159667969
-6201,anchor_scsn_006200,604037,1,down,447.7150573730469
-6202,anchor_scsn_006201,604245,1,down,63.743350982666016
-6203,anchor_scsn_006202,605076,1,down,157.72227478027344
-6204,anchor_scsn_006203,605186,1,down,117.62985229492188
-6205,anchor_scsn_006204,605651,1,down,78.12139129638672
-6206,anchor_scsn_006205,606080,1,down,384.49310302734375
-6207,anchor_scsn_006206,606775,1,down,663.6165771484375
-6208,anchor_scsn_006207,606904,1,down,150.04788208007812
-6209,anchor_scsn_006208,607307,1,down,111.58830261230469
-6210,anchor_scsn_006209,607603,1,down,111.92532348632812
-6211,anchor_scsn_006210,608683,1,down,53.79423522949219
-6212,anchor_scsn_006211,608738,1,down,73.97991180419922
-6213,anchor_scsn_006212,608880,1,down,132.5560760498047
-6214,anchor_scsn_006213,609010,1,down,51.84805679321289
-6215,anchor_scsn_006214,609030,1,down,54.74469757080078
-6216,anchor_scsn_006215,609101,1,down,59.57012176513672
-6217,anchor_scsn_006216,609239,1,down,104.36418151855469
-6218,anchor_scsn_006217,609601,1,down,51.8430061340332
-6219,anchor_scsn_006218,609843,1,down,123.40861511230469
-6220,anchor_scsn_006219,610326,1,down,170.57559204101562
-6221,anchor_scsn_006220,610342,1,down,58.8853645324707
-6222,anchor_scsn_006221,611203,1,down,55.36066818237305
-6223,anchor_scsn_006222,611577,1,down,89.62598419189453
-6224,anchor_scsn_006223,611776,1,down,110.51441192626953
-6225,anchor_scsn_006224,611790,1,down,58.9367790222168
-6226,anchor_scsn_006225,612057,1,down,87.01020812988281
-6227,anchor_scsn_006226,612353,1,down,91.89225006103516
-6228,anchor_scsn_006227,612500,1,down,144.34115600585938
-6229,anchor_scsn_006228,612797,1,down,80.38956451416016
-6230,anchor_scsn_006229,613186,1,down,125.16935729980469
-6231,anchor_scsn_006230,613412,1,down,140.91610717773438
-6232,anchor_scsn_006231,613507,1,down,63.14813995361328
-6233,anchor_scsn_006232,614489,1,down,55.661075592041016
-6234,anchor_scsn_006233,616059,1,down,58.11066436767578
-6235,anchor_scsn_006234,616068,1,down,59.28853225708008
-6236,anchor_scsn_006235,616388,1,down,307.73333740234375
-6237,anchor_scsn_006236,617747,1,down,91.997314453125
-6238,anchor_scsn_006237,618307,1,down,53.05897903442383
-6239,anchor_scsn_006238,618464,1,down,99.83618927001953
-6240,anchor_scsn_006239,619019,1,down,67.80164337158203
-6241,anchor_scsn_006240,619131,1,down,65.49785614013672
-6242,anchor_scsn_006241,620302,1,down,162.37750244140625
-6243,anchor_scsn_006242,620977,1,down,66.40428924560547
-6244,anchor_scsn_006243,621142,1,down,63.944358825683594
-6245,anchor_scsn_006244,621861,1,down,107.74755859375
-6246,anchor_scsn_006245,622271,1,down,275.8688659667969
-6247,anchor_scsn_006246,622469,1,down,205.7513427734375
-6248,anchor_scsn_006247,622804,1,down,52.25838088989258
-6249,anchor_scsn_006248,624439,1,down,71.13712310791016
-6250,anchor_scsn_006249,624779,1,down,51.810787200927734
-6251,anchor_scsn_006250,624974,1,down,92.09955596923828
-6252,anchor_scsn_006251,625124,1,down,104.42281341552734
-6253,anchor_scsn_006252,625139,1,down,121.27446746826172
-6254,anchor_scsn_006253,626088,1,down,78.81846618652344
-6255,anchor_scsn_006254,626417,1,down,88.99609375
-6256,anchor_scsn_006255,626582,1,down,76.49971008300781
-6257,anchor_scsn_006256,626952,1,down,85.98588562011719
-6258,anchor_scsn_006257,628269,1,down,60.96096420288086
-6259,anchor_scsn_006258,628796,1,down,54.85452651977539
-6260,anchor_scsn_006259,628963,1,down,80.9475326538086
-6261,anchor_scsn_006260,629326,1,down,103.92259979248047
-6262,anchor_scsn_006261,629400,1,down,153.77955627441406
-6263,anchor_scsn_006262,629744,1,down,59.538299560546875
-6264,anchor_scsn_006263,630833,1,down,63.03907012939453
-6265,anchor_scsn_006264,631040,1,down,172.36911010742188
-6266,anchor_scsn_006265,631066,1,down,66.58453369140625
-6267,anchor_scsn_006266,632138,1,down,169.08108520507812
-6268,anchor_scsn_006267,632188,1,down,152.43655395507812
-6269,anchor_scsn_006268,632596,1,down,91.08819580078125
-6270,anchor_scsn_006269,632717,1,down,148.2725372314453
-6271,anchor_scsn_006270,633852,1,down,122.50392150878906
-6272,anchor_scsn_006271,634583,1,down,511.07550048828125
-6273,anchor_scsn_006272,634605,1,down,86.53168487548828
-6274,anchor_scsn_006273,636170,1,down,75.5091552734375
-6275,anchor_scsn_006274,636220,1,down,192.34375
-6276,anchor_scsn_006275,636346,1,down,132.79315185546875
-6277,anchor_scsn_006276,636370,1,down,126.37264251708984
-6278,anchor_scsn_006277,636462,1,down,62.634422302246094
-6279,anchor_scsn_006278,636540,1,down,105.52539825439453
-6280,anchor_scsn_006279,636698,1,down,353.7925720214844
-6281,anchor_scsn_006280,636731,1,down,85.99760437011719
-6282,anchor_scsn_006281,636794,1,down,384.7577209472656
-6283,anchor_scsn_006282,637594,1,down,261.3301086425781
-6284,anchor_scsn_006283,637676,1,down,71.484130859375
-6285,anchor_scsn_006284,638723,1,down,84.75984954833984
-6286,anchor_scsn_006285,639288,1,down,78.23684692382812
-6287,anchor_scsn_006286,639855,1,down,278.299560546875
-6288,anchor_scsn_006287,640567,1,down,80.64087677001953
-6289,anchor_scsn_006288,640939,1,down,194.19712829589844
-6290,anchor_scsn_006289,642324,1,down,59.55558776855469
-6291,anchor_scsn_006290,642626,1,down,638.4132080078125
-6292,anchor_scsn_006291,643123,1,down,92.51844787597656
-6293,anchor_scsn_006292,643316,1,down,93.82520294189453
-6294,anchor_scsn_006293,643346,1,down,129.54257202148438
-6295,anchor_scsn_006294,643886,1,down,135.15269470214844
-6296,anchor_scsn_006295,645158,1,down,95.97637939453125
-6297,anchor_scsn_006296,645756,1,down,204.603759765625
-6298,anchor_scsn_006297,646390,1,down,50.00798797607422
-6299,anchor_scsn_006298,646453,1,down,163.90110778808594
-6300,anchor_scsn_006299,646745,1,down,110.66497039794922
-6301,anchor_scsn_006300,648055,1,down,53.836490631103516
-6302,anchor_scsn_006301,648478,1,down,54.62629699707031
-6303,anchor_scsn_006302,649023,1,down,71.92982482910156
-6304,anchor_scsn_006303,649226,1,down,229.33128356933594
-6305,anchor_scsn_006304,649281,1,down,374.8854064941406
-6306,anchor_scsn_006305,650194,1,down,96.96807861328125
-6307,anchor_scsn_006306,650336,1,down,65.02555847167969
-6308,anchor_scsn_006307,650813,1,down,202.0858917236328
-6309,anchor_scsn_006308,652156,1,down,110.1109390258789
-6310,anchor_scsn_006309,652607,1,down,74.9349365234375
-6311,anchor_scsn_006310,655465,1,down,174.48635864257812
-6312,anchor_scsn_006311,655681,1,down,96.4445571899414
-6313,anchor_scsn_006312,655762,1,down,210.6559600830078
-6314,anchor_scsn_006313,656203,1,down,148.63034057617188
-6315,anchor_scsn_006314,657550,1,down,109.49276733398438
-6316,anchor_scsn_006315,658053,1,down,79.64332580566406
-6317,anchor_scsn_006316,658774,1,down,67.15968322753906
-6318,anchor_scsn_006317,659266,1,down,84.95975494384766
-6319,anchor_scsn_006318,659680,1,down,66.23703002929688
-6320,anchor_scsn_006319,659867,1,down,219.62066650390625
-6321,anchor_scsn_006320,661979,1,down,57.16889572143555
-6322,anchor_scsn_006321,662131,1,down,74.04087829589844
-6323,anchor_scsn_006322,662812,1,down,62.36061477661133
-6324,anchor_scsn_006323,663594,1,down,84.24497985839844
-6325,anchor_scsn_006324,663597,1,down,271.87359619140625
-6326,anchor_scsn_006325,664102,1,down,607.9017944335938
-6327,anchor_scsn_006326,664348,1,down,225.3013458251953
-6328,anchor_scsn_006327,664566,1,down,96.72528839111328
-6329,anchor_scsn_006328,664884,1,down,98.9767837524414
-6330,anchor_scsn_006329,665157,1,down,123.07379913330078
-6331,anchor_scsn_006330,665408,1,down,118.38495635986328
-6332,anchor_scsn_006331,666053,1,down,91.8178939819336
-6333,anchor_scsn_006332,666170,1,down,251.01646423339844
-6334,anchor_scsn_006333,667310,1,down,110.33069610595703
-6335,anchor_scsn_006334,667312,1,down,763.5454711914062
-6336,anchor_scsn_006335,667866,1,down,152.04144287109375
-6337,anchor_scsn_006336,669857,1,down,156.27789306640625
-6338,anchor_scsn_006337,670091,1,down,77.65359497070312
-6339,anchor_scsn_006338,670976,1,down,66.81104278564453
-6340,anchor_scsn_006339,671001,1,down,61.150352478027344
-6341,anchor_scsn_006340,671101,1,down,105.82247161865234
-6342,anchor_scsn_006341,671294,1,down,80.09113311767578
-6343,anchor_scsn_006342,671446,1,down,342.4441223144531
-6344,anchor_scsn_006343,671482,1,down,83.0046615600586
-6345,anchor_scsn_006344,671615,1,down,164.19883728027344
-6346,anchor_scsn_006345,672235,1,down,105.93061065673828
-6347,anchor_scsn_006346,672276,1,down,66.94853210449219
-6348,anchor_scsn_006347,672747,1,down,55.5131950378418
-6349,anchor_scsn_006348,673379,1,down,73.23554992675781
-6350,anchor_scsn_006349,673421,1,down,123.69320678710938
-6351,anchor_scsn_006350,674577,1,down,62.446319580078125
-6352,anchor_scsn_006351,675865,1,down,189.93617248535156
-6353,anchor_scsn_006352,677070,1,down,59.00376892089844
-6354,anchor_scsn_006353,677201,1,down,54.88486099243164
-6355,anchor_scsn_006354,677355,1,down,149.35243225097656
-6356,anchor_scsn_006355,678301,1,down,72.49851989746094
-6357,anchor_scsn_006356,678325,1,down,472.0519104003906
-6358,anchor_scsn_006357,679121,1,down,287.317626953125
-6359,anchor_scsn_006358,679173,1,down,54.91279220581055
-6360,anchor_scsn_006359,679526,1,down,113.59341430664062
-6361,anchor_scsn_006360,679928,1,down,52.480628967285156
-6362,anchor_scsn_006361,680102,1,down,58.260032653808594
-6363,anchor_scsn_006362,680221,1,down,279.36529541015625
-6364,anchor_scsn_006363,680497,1,down,497.6606750488281
-6365,anchor_scsn_006364,680611,1,down,64.36810302734375
-6366,anchor_scsn_006365,680889,1,down,50.42903518676758
-6367,anchor_scsn_006366,681037,1,down,230.30221557617188
-6368,anchor_scsn_006367,681662,1,down,74.2081069946289
-6369,anchor_scsn_006368,681710,1,down,107.46512603759766
-6370,anchor_scsn_006369,681928,1,down,389.8377685546875
-6371,anchor_scsn_006370,681961,1,down,162.8804168701172
-6372,anchor_scsn_006371,682558,1,down,62.54425048828125
-6373,anchor_scsn_006372,683015,1,down,189.59214782714844
-6374,anchor_scsn_006373,683146,1,down,50.25592041015625
-6375,anchor_scsn_006374,683191,1,down,71.7815170288086
-6376,anchor_scsn_006375,683366,1,down,81.66667938232422
-6377,anchor_scsn_006376,683807,1,down,55.442264556884766
-6378,anchor_scsn_006377,683919,1,down,119.12617492675781
-6379,anchor_scsn_006378,684128,1,down,63.51957321166992
-6380,anchor_scsn_006379,684313,1,down,142.37620544433594
-6381,anchor_scsn_006380,685245,1,down,65.76947784423828
-6382,anchor_scsn_006381,686219,1,down,101.54986572265625
-6383,anchor_scsn_006382,686259,1,down,63.551292419433594
-6384,anchor_scsn_006383,686605,1,down,68.4004135131836
-6385,anchor_scsn_006384,686646,1,down,116.87771606445312
-6386,anchor_scsn_006385,687051,1,down,75.17837524414062
-6387,anchor_scsn_006386,687606,1,down,107.05162048339844
-6388,anchor_scsn_006387,688100,1,down,91.39386749267578
-6389,anchor_scsn_006388,688741,1,down,61.05369186401367
-6390,anchor_scsn_006389,690236,1,down,176.15016174316406
-6391,anchor_scsn_006390,690836,1,down,208.5406951904297
-6392,anchor_scsn_006391,691016,1,down,51.44078063964844
-6393,anchor_scsn_006392,691113,1,down,440.66180419921875
-6394,anchor_scsn_006393,691266,1,down,225.74221801757812
-6395,anchor_scsn_006394,691434,1,down,78.5433120727539
-6396,anchor_scsn_006395,691556,1,down,66.65522003173828
-6397,anchor_scsn_006396,691681,1,down,52.166038513183594
-6398,anchor_scsn_006397,691689,1,down,165.49806213378906
-6399,anchor_scsn_006398,691800,1,down,117.24742126464844
-6400,anchor_scsn_006399,692361,1,down,73.94698333740234
-6401,anchor_scsn_006400,693570,1,down,96.29830169677734
-6402,anchor_scsn_006401,693705,1,down,161.25807189941406
-6403,anchor_scsn_006402,694120,1,down,106.11029052734375
-6404,anchor_scsn_006403,694209,1,down,52.706722259521484
-6405,anchor_scsn_006404,694354,1,down,65.89421844482422
-6406,anchor_scsn_006405,694586,1,down,105.3654556274414
-6407,anchor_scsn_006406,694806,1,down,66.59445190429688
-6408,anchor_scsn_006407,694838,1,down,473.26556396484375
-6409,anchor_scsn_006408,694929,1,down,55.928653717041016
-6410,anchor_scsn_006409,695930,1,down,90.47631072998047
-6411,anchor_scsn_006410,696492,1,down,133.73182678222656
-6412,anchor_scsn_006411,696962,1,down,86.549072265625
-6413,anchor_scsn_006412,696973,1,down,55.963172912597656
-6414,anchor_scsn_006413,697576,1,down,289.97247314453125
-6415,anchor_scsn_006414,697992,1,down,72.64836120605469
-6416,anchor_scsn_006415,698363,1,down,61.943321228027344
-6417,anchor_scsn_006416,699515,1,down,59.192710876464844
-6418,anchor_scsn_006417,700009,1,down,72.11430358886719
-6419,anchor_scsn_006418,700022,1,down,160.25961303710938
-6420,anchor_scsn_006419,700200,1,down,68.65738677978516
-6421,anchor_scsn_006420,700528,1,down,108.10369873046875
-6422,anchor_scsn_006421,700767,1,down,55.761817932128906
-6423,anchor_scsn_006422,700814,1,down,66.56014251708984
-6424,anchor_scsn_006423,700969,1,down,104.63420867919922
-6425,anchor_scsn_006424,702477,1,down,265.7964782714844
-6426,anchor_scsn_006425,704488,1,down,507.2703552246094
-6427,anchor_scsn_006426,704562,1,down,80.26541137695312
-6428,anchor_scsn_006427,704761,1,down,120.784912109375
-6429,anchor_scsn_006428,705046,1,down,176.0594482421875
-6430,anchor_scsn_006429,705161,1,down,65.78253936767578
-6431,anchor_scsn_006430,705690,1,down,302.5635070800781
-6432,anchor_scsn_006431,705718,1,down,101.6423568725586
-6433,anchor_scsn_006432,706392,1,down,153.039306640625
-6434,anchor_scsn_006433,707092,1,down,275.323486328125
-6435,anchor_scsn_006434,708081,1,down,70.63825988769531
-6436,anchor_scsn_006435,708424,1,down,125.8443374633789
-6437,anchor_scsn_006436,709001,1,down,75.0776596069336
-6438,anchor_scsn_006437,710269,1,down,215.9104766845703
-6439,anchor_scsn_006438,711313,1,down,85.45537567138672
-6440,anchor_scsn_006439,712285,1,down,105.10176849365234
-6441,anchor_scsn_006440,712575,1,down,57.8451042175293
-6442,anchor_scsn_006441,712658,1,down,79.19898986816406
-6443,anchor_scsn_006442,713109,1,down,56.48356246948242
-6444,anchor_scsn_006443,713836,1,down,174.8566131591797
-6445,anchor_scsn_006444,714618,1,down,352.4913635253906
-6446,anchor_scsn_006445,715460,1,down,98.88854217529297
-6447,anchor_scsn_006446,716852,1,down,88.65506744384766
-6448,anchor_scsn_006447,717107,1,down,87.05398559570312
-6449,anchor_scsn_006448,717525,1,down,59.04658126831055
-6450,anchor_scsn_006449,717699,1,down,137.9834747314453
-6451,anchor_scsn_006450,718123,1,down,249.1270751953125
-6452,anchor_scsn_006451,718611,1,down,135.50340270996094
-6453,anchor_scsn_006452,718833,1,down,88.21538543701172
-6454,anchor_scsn_006453,720177,1,down,165.77218627929688
-6455,anchor_scsn_006454,720389,1,down,208.89605712890625
-6456,anchor_scsn_006455,720866,1,down,231.00306701660156
-6457,anchor_scsn_006456,720958,1,down,51.387638092041016
-6458,anchor_scsn_006457,720966,1,down,149.8053436279297
-6459,anchor_scsn_006458,720986,1,down,628.74755859375
-6460,anchor_scsn_006459,721353,1,down,135.30331420898438
-6461,anchor_scsn_006460,721536,1,down,60.226985931396484
-6462,anchor_scsn_006461,722215,1,down,120.2353744506836
-6463,anchor_scsn_006462,723072,1,down,66.12283325195312
-6464,anchor_scsn_006463,723174,1,down,73.42222595214844
-6465,anchor_scsn_006464,723248,1,down,176.47169494628906
-6466,anchor_scsn_006465,723535,1,down,83.66481018066406
-6467,anchor_scsn_006466,724844,1,down,56.48980712890625
-6468,anchor_scsn_006467,725659,1,down,63.73930740356445
-6469,anchor_scsn_006468,725899,1,down,395.6637878417969
-6470,anchor_scsn_006469,727426,1,down,153.5931854248047
-6471,anchor_scsn_006470,728213,1,down,107.14651489257812
-6472,anchor_scsn_006471,728466,1,down,429.1324157714844
-6473,anchor_scsn_006472,728473,1,down,310.13104248046875
-6474,anchor_scsn_006473,728698,1,down,58.13785171508789
-6475,anchor_scsn_006474,728822,1,down,55.81083679199219
-6476,anchor_scsn_006475,729061,1,down,62.334312438964844
-6477,anchor_scsn_006476,729380,1,down,82.41986083984375
-6478,anchor_scsn_006477,729605,1,down,94.74056243896484
-6479,anchor_scsn_006478,730319,1,down,142.8282470703125
-6480,anchor_scsn_006479,731546,1,down,57.401363372802734
-6481,anchor_scsn_006480,731976,1,down,73.27371215820312
-6482,anchor_scsn_006481,732382,1,down,59.985782623291016
-6483,anchor_scsn_006482,733627,1,down,55.613529205322266
-6484,anchor_scsn_006483,734149,1,down,193.28746032714844
-6485,anchor_scsn_006484,734541,1,down,152.87843322753906
-6486,anchor_scsn_006485,734874,1,down,753.5791015625
-6487,anchor_scsn_006486,735043,1,down,164.7732391357422
-6488,anchor_scsn_006487,735060,1,down,170.5680694580078
-6489,anchor_scsn_006488,735687,1,down,75.554443359375
-6490,anchor_scsn_006489,736688,1,down,158.55955505371094
-6491,anchor_scsn_006490,736815,1,down,109.40315246582031
-6492,anchor_scsn_006491,737137,1,down,126.62993621826172
-6493,anchor_scsn_006492,738201,1,down,51.57448196411133
-6494,anchor_scsn_006493,738591,1,down,61.439605712890625
-6495,anchor_scsn_006494,738754,1,down,90.01434326171875
-6496,anchor_scsn_006495,738829,1,down,74.92167663574219
-6497,anchor_scsn_006496,740256,1,down,54.97454071044922
-6498,anchor_scsn_006497,741272,1,down,72.3461685180664
-6499,anchor_scsn_006498,741519,1,down,50.207237243652344
-6500,anchor_scsn_006499,741964,1,down,82.6190185546875
-6501,anchor_scsn_006500,742923,1,down,267.03741455078125
-6502,anchor_scsn_006501,743632,1,down,99.01441192626953
-6503,anchor_scsn_006502,744185,1,down,670.2340698242188
-6504,anchor_scsn_006503,744921,1,down,191.45382690429688
-6505,anchor_scsn_006504,746550,1,down,132.68722534179688
-6506,anchor_scsn_006505,747156,1,down,122.45685577392578
-6507,anchor_scsn_006506,747339,1,down,98.792236328125
-6508,anchor_scsn_006507,747388,1,down,60.968021392822266
-6509,anchor_scsn_006508,747960,1,down,80.19402313232422
-6510,anchor_scsn_006509,748413,1,down,167.9615936279297
-6511,anchor_scsn_006510,748426,1,down,350.9673156738281
-6512,anchor_scsn_006511,748510,1,down,108.55424499511719
-6513,anchor_scsn_006512,749421,1,down,128.0547637939453
-6514,anchor_scsn_006513,749718,1,down,160.6909637451172
-6515,anchor_scsn_006514,749835,1,down,201.59629821777344
-6516,anchor_scsn_006515,749845,1,down,85.5235824584961
-6517,anchor_scsn_006516,750296,1,down,88.43135070800781
-6518,anchor_scsn_006517,750450,1,down,217.84860229492188
-6519,anchor_scsn_006518,750652,1,down,174.2816619873047
-6520,anchor_scsn_006519,750665,1,down,51.28510284423828
-6521,anchor_scsn_006520,750844,1,down,52.66371154785156
-6522,anchor_scsn_006521,752185,1,down,100.46044921875
-6523,anchor_scsn_006522,752231,1,down,57.39251708984375
-6524,anchor_scsn_006523,752326,1,down,92.84571838378906
-6525,anchor_scsn_006524,753622,1,down,83.46029663085938
-6526,anchor_scsn_006525,753649,1,down,67.95024871826172
-6527,anchor_scsn_006526,754610,1,down,121.59500122070312
-6528,anchor_scsn_006527,755100,1,down,61.15774917602539
-6529,anchor_scsn_006528,755271,1,down,67.38652801513672
-6530,anchor_scsn_006529,757187,1,down,81.61660766601562
-6531,anchor_scsn_006530,757893,1,down,186.03810119628906
-6532,anchor_scsn_006531,758139,1,down,50.35108947753906
-6533,anchor_scsn_006532,758378,1,down,132.6404571533203
-6534,anchor_scsn_006533,760700,1,down,88.24452209472656
-6535,anchor_scsn_006534,761127,1,down,57.17780303955078
-6536,anchor_scsn_006535,762242,1,down,197.6553192138672
-6537,anchor_scsn_006536,762567,1,down,55.88485336303711
-6538,anchor_scsn_006537,762628,1,down,241.23301696777344
-6539,anchor_scsn_006538,764290,1,down,586.5348510742188
-6540,anchor_scsn_006539,764806,1,down,121.2907943725586
-6541,anchor_scsn_006540,765383,1,down,69.21360778808594
-6542,anchor_scsn_006541,765524,1,down,86.01708221435547
-6543,anchor_scsn_006542,765956,1,down,385.0085144042969
-6544,anchor_scsn_006543,765968,1,down,75.30704498291016
-6545,anchor_scsn_006544,766353,1,down,73.8726577758789
-6546,anchor_scsn_006545,766615,1,down,50.07026672363281
-6547,anchor_scsn_006546,767222,1,down,117.46025085449219
-6548,anchor_scsn_006547,767583,1,down,146.20164489746094
-6549,anchor_scsn_006548,767607,1,down,64.811279296875
-6550,anchor_scsn_006549,767689,1,down,53.80624771118164
-6551,anchor_scsn_006550,767873,1,down,169.71824645996094
-6552,anchor_scsn_006551,768008,1,down,58.942195892333984
-6553,anchor_scsn_006552,768369,1,down,66.3714828491211
-6554,anchor_scsn_006553,768418,1,down,98.40072631835938
-6555,anchor_scsn_006554,768867,1,down,103.32218170166016
-6556,anchor_scsn_006555,769723,1,down,87.34370422363281
-6557,anchor_scsn_006556,770114,1,down,114.72662353515625
-6558,anchor_scsn_006557,770420,1,down,82.23111724853516
-6559,anchor_scsn_006558,770750,1,down,65.26213836669922
-6560,anchor_scsn_006559,770785,1,down,188.1263427734375
-6561,anchor_scsn_006560,770985,1,down,53.45058822631836
-6562,anchor_scsn_006561,771460,1,down,51.075408935546875
-6563,anchor_scsn_006562,771715,1,down,102.40399932861328
-6564,anchor_scsn_006563,771975,1,down,148.23707580566406
-6565,anchor_scsn_006564,772430,1,down,75.64127349853516
-6566,anchor_scsn_006565,772736,1,down,64.3573226928711
-6567,anchor_scsn_006566,773753,1,down,179.01107788085938
-6568,anchor_scsn_006567,773818,1,down,112.6296157836914
-6569,anchor_scsn_006568,773877,1,down,120.30879974365234
-6570,anchor_scsn_006569,774817,1,down,129.91177368164062
-6571,anchor_scsn_006570,774916,1,down,301.4108581542969
-6572,anchor_scsn_006571,774943,1,down,87.47452545166016
-6573,anchor_scsn_006572,775069,1,down,248.4142608642578
-6574,anchor_scsn_006573,775378,1,down,136.4377899169922
-6575,anchor_scsn_006574,776832,1,down,63.31306838989258
-6576,anchor_scsn_006575,777840,1,down,137.14593505859375
-6577,anchor_scsn_006576,778266,1,down,61.04981231689453
-6578,anchor_scsn_006577,778383,1,down,338.5941467285156
-6579,anchor_scsn_006578,778978,1,down,476.6335754394531
-6580,anchor_scsn_006579,779806,1,down,283.7942199707031
-6581,anchor_scsn_006580,780117,1,down,777.2606201171875
-6582,anchor_scsn_006581,780132,1,down,98.7477035522461
-6583,anchor_scsn_006582,780175,1,down,82.68758392333984
-6584,anchor_scsn_006583,780307,1,down,52.80545425415039
-6585,anchor_scsn_006584,780761,1,down,248.9370574951172
-6586,anchor_scsn_006585,781352,1,down,50.809974670410156
-6587,anchor_scsn_006586,781512,1,down,78.28691864013672
-6588,anchor_scsn_006587,782059,1,down,102.54257202148438
-6589,anchor_scsn_006588,782850,1,down,105.89836120605469
-6590,anchor_scsn_006589,782893,1,down,148.61251831054688
-6591,anchor_scsn_006590,783003,1,down,61.0078010559082
-6592,anchor_scsn_006591,784764,1,down,61.021629333496094
-6593,anchor_scsn_006592,785288,1,down,451.13714599609375
-6594,anchor_scsn_006593,785500,1,down,200.0614776611328
-6595,anchor_scsn_006594,785849,1,down,158.25767517089844
-6596,anchor_scsn_006595,786725,1,down,321.024658203125
-6597,anchor_scsn_006596,787294,1,down,301.6732177734375
-6598,anchor_scsn_006597,787990,1,down,64.31641387939453
-6599,anchor_scsn_006598,788221,1,down,294.729248046875
-6600,anchor_scsn_006599,788378,1,down,110.37808227539062
-6601,anchor_scsn_006600,788792,1,down,68.55181121826172
-6602,anchor_scsn_006601,789804,1,down,97.8785400390625
-6603,anchor_scsn_006602,790633,1,down,513.2698364257812
-6604,anchor_scsn_006603,791198,1,down,251.22581481933594
-6605,anchor_scsn_006604,791585,1,down,50.26015853881836
-6606,anchor_scsn_006605,792131,1,down,172.58290100097656
-6607,anchor_scsn_006606,792186,1,down,123.61522674560547
-6608,anchor_scsn_006607,793419,1,down,84.9338607788086
-6609,anchor_scsn_006608,793762,1,down,151.82188415527344
-6610,anchor_scsn_006609,794021,1,down,86.3537368774414
-6611,anchor_scsn_006610,794317,1,down,56.759342193603516
-6612,anchor_scsn_006611,794450,1,down,652.7451171875
-6613,anchor_scsn_006612,795381,1,down,56.94466018676758
-6614,anchor_scsn_006613,795415,1,down,60.86705780029297
-6615,anchor_scsn_006614,795539,1,down,628.4459228515625
-6616,anchor_scsn_006615,795738,1,down,108.79781341552734
-6617,anchor_scsn_006616,796004,1,down,106.94963073730469
-6618,anchor_scsn_006617,796120,1,down,62.87723159790039
-6619,anchor_scsn_006618,796665,1,down,177.91534423828125
-6620,anchor_scsn_006619,796724,1,down,76.19486236572266
-6621,anchor_scsn_006620,796828,1,down,50.73591232299805
-6622,anchor_scsn_006621,797748,1,down,51.51375198364258
-6623,anchor_scsn_006622,798527,1,down,75.07356262207031
-6624,anchor_scsn_006623,798939,1,down,69.52436828613281
-6625,anchor_scsn_006624,798952,1,down,96.92442321777344
-6626,anchor_scsn_006625,799237,1,down,52.12992858886719
-6627,anchor_scsn_006626,800069,1,down,60.009037017822266
-6628,anchor_scsn_006627,801183,1,down,96.60952758789062
-6629,anchor_scsn_006628,801978,1,down,79.5320816040039
-6630,anchor_scsn_006629,801986,1,down,139.72291564941406
-6631,anchor_scsn_006630,802539,1,down,121.34087371826172
-6632,anchor_scsn_006631,803198,1,down,69.72142028808594
-6633,anchor_scsn_006632,803450,1,down,52.81790542602539
-6634,anchor_scsn_006633,803478,1,down,66.81158447265625
-6635,anchor_scsn_006634,803985,1,down,313.9589538574219
-6636,anchor_scsn_006635,804721,1,down,50.17824935913086
-6637,anchor_scsn_006636,805276,1,down,326.54656982421875
-6638,anchor_scsn_006637,806166,1,down,59.43095016479492
-6639,anchor_scsn_006638,806240,1,down,125.10120391845703
-6640,anchor_scsn_006639,807192,1,down,71.76445770263672
-6641,anchor_scsn_006640,808354,1,down,203.33709716796875
-6642,anchor_scsn_006641,808951,1,down,356.5123596191406
-6643,anchor_scsn_006642,809735,1,down,165.56777954101562
-6644,anchor_scsn_006643,809886,1,down,356.636474609375
-6645,anchor_scsn_006644,810116,1,down,73.24959564208984
-6646,anchor_scsn_006645,810121,1,down,54.683773040771484
-6647,anchor_scsn_006646,811389,1,down,174.25131225585938
-6648,anchor_scsn_006647,812036,1,down,57.57148742675781
-6649,anchor_scsn_006648,812740,1,down,201.9807586669922
-6650,anchor_scsn_006649,813139,1,down,102.76164245605469
-6651,anchor_scsn_006650,813528,1,down,193.1799774169922
-6652,anchor_scsn_006651,814494,1,down,52.34249496459961
-6653,anchor_scsn_006652,814684,1,down,123.12776184082031
-6654,anchor_scsn_006653,814756,1,down,97.58534240722656
-6655,anchor_scsn_006654,815482,1,down,99.39093017578125
-6656,anchor_scsn_006655,815518,1,down,104.98712921142578
-6657,anchor_scsn_006656,815621,1,down,66.2596664428711
-6658,anchor_scsn_006657,816696,1,down,137.40708923339844
-6659,anchor_scsn_006658,816983,1,down,55.389991760253906
-6660,anchor_scsn_006659,817670,1,down,50.8211555480957
-6661,anchor_scsn_006660,817837,1,down,145.38900756835938
-6662,anchor_scsn_006661,819794,1,down,209.56639099121094
-6663,anchor_scsn_006662,820585,1,down,50.59432601928711
-6664,anchor_scsn_006663,821134,1,down,51.442256927490234
-6665,anchor_scsn_006664,821317,1,down,50.00739288330078
-6666,anchor_scsn_006665,821609,1,down,153.69129943847656
-6667,anchor_scsn_006666,821900,1,down,60.331825256347656
-6668,anchor_scsn_006667,822896,1,down,159.26760864257812
-6669,anchor_scsn_006668,823080,1,down,59.402137756347656
-6670,anchor_scsn_006669,823802,1,down,75.17044830322266
-6671,anchor_scsn_006670,824053,1,down,105.29981994628906
-6672,anchor_scsn_006671,824072,1,down,276.4035339355469
-6673,anchor_scsn_006672,824235,1,down,115.99737548828125
-6674,anchor_scsn_006673,824410,1,down,66.38253021240234
-6675,anchor_scsn_006674,824689,1,down,151.98741149902344
-6676,anchor_scsn_006675,824708,1,down,117.95362854003906
-6677,anchor_scsn_006676,825119,1,down,85.74484252929688
-6678,anchor_scsn_006677,825326,1,down,61.56675720214844
-6679,anchor_scsn_006678,826227,1,down,146.26895141601562
-6680,anchor_scsn_006679,826278,1,down,156.19288635253906
-6681,anchor_scsn_006680,826606,1,down,52.68015670776367
-6682,anchor_scsn_006681,826788,1,down,177.3487091064453
-6683,anchor_scsn_006682,826809,1,down,104.97628784179688
-6684,anchor_scsn_006683,827568,1,down,73.42231750488281
-6685,anchor_scsn_006684,827816,1,down,449.224609375
-6686,anchor_scsn_006685,827876,1,down,201.49896240234375
-6687,anchor_scsn_006686,828341,1,down,93.11714172363281
-6688,anchor_scsn_006687,829914,1,down,59.8985595703125
-6689,anchor_scsn_006688,830026,1,down,59.73776626586914
-6690,anchor_scsn_006689,830529,1,down,100.68603515625
-6691,anchor_scsn_006690,831634,1,down,160.05978393554688
-6692,anchor_scsn_006691,831803,1,down,205.21865844726562
-6693,anchor_scsn_006692,832254,1,down,70.7679443359375
-6694,anchor_scsn_006693,832611,1,down,236.32823181152344
-6695,anchor_scsn_006694,832620,1,down,55.469451904296875
-6696,anchor_scsn_006695,833348,1,down,100.27632904052734
-6697,anchor_scsn_006696,833445,1,down,156.96746826171875
-6698,anchor_scsn_006697,833514,1,down,71.34207153320312
-6699,anchor_scsn_006698,836018,1,down,68.48040771484375
-6700,anchor_scsn_006699,836333,1,down,128.78883361816406
-6701,anchor_scsn_006700,837361,1,down,262.6090393066406
-6702,anchor_scsn_006701,837935,1,down,114.72835540771484
-6703,anchor_scsn_006702,838039,1,down,57.20463562011719
-6704,anchor_scsn_006703,838124,1,down,50.8377685546875
-6705,anchor_scsn_006704,838655,1,down,120.11328125
-6706,anchor_scsn_006705,838973,1,down,59.83374786376953
-6707,anchor_scsn_006706,839135,1,down,79.21564483642578
-6708,anchor_scsn_006707,839585,1,down,130.0308837890625
-6709,anchor_scsn_006708,839895,1,down,51.76407241821289
-6710,anchor_scsn_006709,840373,1,down,65.96865844726562
-6711,anchor_scsn_006710,840556,1,down,65.46075439453125
-6712,anchor_scsn_006711,840623,1,down,184.7565155029297
-6713,anchor_scsn_006712,840808,1,down,121.87403869628906
-6714,anchor_scsn_006713,841082,1,down,102.52767181396484
-6715,anchor_scsn_006714,841379,1,down,104.80130767822266
-6716,anchor_scsn_006715,841502,1,down,90.60540771484375
-6717,anchor_scsn_006716,841662,1,down,91.0743408203125
-6718,anchor_scsn_006717,841938,1,down,85.44127655029297
-6719,anchor_scsn_006718,841984,1,down,56.749080657958984
-6720,anchor_scsn_006719,842832,1,down,145.94802856445312
-6721,anchor_scsn_006720,843319,1,down,107.7514877319336
-6722,anchor_scsn_006721,843576,1,down,277.97003173828125
-6723,anchor_scsn_006722,844056,1,down,55.86397171020508
-6724,anchor_scsn_006723,844136,1,down,130.64202880859375
-6725,anchor_scsn_006724,845023,1,down,58.43410110473633
-6726,anchor_scsn_006725,845273,1,down,99.42172241210938
-6727,anchor_scsn_006726,845662,1,down,64.23545837402344
-6728,anchor_scsn_006727,846567,1,down,84.92671203613281
-6729,anchor_scsn_006728,846770,1,down,124.44769287109375
-6730,anchor_scsn_006729,847333,1,down,367.4853210449219
-6731,anchor_scsn_006730,847700,1,down,59.001808166503906
-6732,anchor_scsn_006731,848479,1,down,82.28327178955078
-6733,anchor_scsn_006732,848666,1,down,92.03195190429688
-6734,anchor_scsn_006733,848930,1,down,157.10986328125
-6735,anchor_scsn_006734,849456,1,down,80.18507385253906
-6736,anchor_scsn_006735,849569,1,down,199.48309326171875
-6737,anchor_scsn_006736,849956,1,down,65.99616241455078
-6738,anchor_scsn_006737,851972,1,down,99.32646942138672
-6739,anchor_scsn_006738,852249,1,down,83.3991928100586
-6740,anchor_scsn_006739,853690,1,down,65.88473510742188
-6741,anchor_scsn_006740,854317,1,down,143.78248596191406
-6742,anchor_scsn_006741,854449,1,down,343.9940490722656
-6743,anchor_scsn_006742,854592,1,down,51.458072662353516
-6744,anchor_scsn_006743,855542,1,down,122.9692611694336
-6745,anchor_scsn_006744,856894,1,down,55.16927719116211
-6746,anchor_scsn_006745,857021,1,down,112.64427947998047
-6747,anchor_scsn_006746,857072,1,down,136.1156768798828
-6748,anchor_scsn_006747,857156,1,down,74.53380584716797
-6749,anchor_scsn_006748,857692,1,down,82.00454711914062
-6750,anchor_scsn_006749,858020,1,down,66.24070739746094
-6751,anchor_scsn_006750,858414,1,down,245.16477966308594
-6752,anchor_scsn_006751,858926,1,down,110.85565185546875
-6753,anchor_scsn_006752,861576,1,down,198.80801391601562
-6754,anchor_scsn_006753,861922,1,down,90.43134307861328
-6755,anchor_scsn_006754,862266,1,down,132.7992401123047
-6756,anchor_scsn_006755,862423,1,down,215.9407958984375
-6757,anchor_scsn_006756,863451,1,down,78.49700164794922
-6758,anchor_scsn_006757,864565,1,down,135.46365356445312
-6759,anchor_scsn_006758,865703,1,down,89.59286499023438
-6760,anchor_scsn_006759,865712,1,down,97.27591705322266
-6761,anchor_scsn_006760,866200,1,down,69.02200317382812
-6762,anchor_scsn_006761,868642,1,down,58.02238845825195
-6763,anchor_scsn_006762,868656,1,down,193.89703369140625
-6764,anchor_scsn_006763,868753,1,down,254.56881713867188
-6765,anchor_scsn_006764,869079,1,down,67.16596221923828
-6766,anchor_scsn_006765,869957,1,down,250.04949951171875
-6767,anchor_scsn_006766,870159,1,down,347.0238342285156
-6768,anchor_scsn_006767,870605,1,down,851.1300048828125
-6769,anchor_scsn_006768,871556,1,down,61.969512939453125
-6770,anchor_scsn_006769,871693,1,down,105.16918182373047
-6771,anchor_scsn_006770,871973,1,down,145.1469268798828
-6772,anchor_scsn_006771,873127,1,down,562.36767578125
-6773,anchor_scsn_006772,873321,1,down,55.372047424316406
-6774,anchor_scsn_006773,873677,1,down,53.61577224731445
-6775,anchor_scsn_006774,874157,1,down,87.08580780029297
-6776,anchor_scsn_006775,875497,1,down,57.575775146484375
-6777,anchor_scsn_006776,875516,1,down,61.84889602661133
-6778,anchor_scsn_006777,876180,1,down,183.5186767578125
-6779,anchor_scsn_006778,876506,1,down,114.00774383544922
-6780,anchor_scsn_006779,877349,1,down,61.81894302368164
-6781,anchor_scsn_006780,877582,1,down,60.80489730834961
-6782,anchor_scsn_006781,877587,1,down,72.61031341552734
-6783,anchor_scsn_006782,877672,1,down,223.1940155029297
-6784,anchor_scsn_006783,877688,1,down,50.15340805053711
-6785,anchor_scsn_006784,878467,1,down,418.1997985839844
-6786,anchor_scsn_006785,878787,1,down,63.199066162109375
-6787,anchor_scsn_006786,879005,1,down,69.83287048339844
-6788,anchor_scsn_006787,879719,1,down,117.6764907836914
-6789,anchor_scsn_006788,879888,1,down,113.04418182373047
-6790,anchor_scsn_006789,880114,1,down,77.4247817993164
-6791,anchor_scsn_006790,880415,1,down,143.28797912597656
-6792,anchor_scsn_006791,880830,1,down,156.55938720703125
-6793,anchor_scsn_006792,880969,1,down,58.78590774536133
-6794,anchor_scsn_006793,881791,1,down,89.67787170410156
-6795,anchor_scsn_006794,882750,1,down,306.1804504394531
-6796,anchor_scsn_006795,883199,1,down,126.74736785888672
-6797,anchor_scsn_006796,883299,1,down,239.36439514160156
-6798,anchor_scsn_006797,884983,1,down,140.3301239013672
-6799,anchor_scsn_006798,885532,1,down,526.3524169921875
-6800,anchor_scsn_006799,885741,1,down,77.05047607421875
-6801,anchor_scsn_006800,886689,1,down,161.16058349609375
-6802,anchor_scsn_006801,887260,1,down,50.001853942871094
-6803,anchor_scsn_006802,888465,1,down,80.36434936523438
-6804,anchor_scsn_006803,888622,1,down,82.90462493896484
-6805,anchor_scsn_006804,889888,1,down,78.7057113647461
-6806,anchor_scsn_006805,891935,1,down,291.2907409667969
-6807,anchor_scsn_006806,893076,1,down,69.5641860961914
-6808,anchor_scsn_006807,894217,1,down,70.19599914550781
-6809,anchor_scsn_006808,896476,1,down,527.4596557617188
-6810,anchor_scsn_006809,896483,1,down,233.0238800048828
-6811,anchor_scsn_006810,898753,1,down,57.42816162109375
-6812,anchor_scsn_006811,899112,1,down,298.8773193359375
-6813,anchor_scsn_006812,899158,1,down,224.25941467285156
-6814,anchor_scsn_006813,899400,1,down,356.3529357910156
-6815,anchor_scsn_006814,899418,1,down,53.25593185424805
-6816,anchor_scsn_006815,899922,1,down,807.904052734375
-6817,anchor_scsn_006816,901613,1,down,183.0389404296875
-6818,anchor_scsn_006817,902259,1,down,51.106048583984375
-6819,anchor_scsn_006818,902517,1,down,75.9859848022461
-6820,anchor_scsn_006819,902812,1,down,430.5367736816406
-6821,anchor_scsn_006820,903459,1,down,67.05754852294922
-6822,anchor_scsn_006821,903572,1,down,70.8510971069336
-6823,anchor_scsn_006822,903626,1,down,55.735145568847656
-6824,anchor_scsn_006823,906528,1,down,70.19886779785156
-6825,anchor_scsn_006824,907029,1,down,96.80133056640625
-6826,anchor_scsn_006825,907447,1,down,71.9297866821289
-6827,anchor_scsn_006826,908868,1,down,69.63140869140625
-6828,anchor_scsn_006827,908989,1,down,61.950931549072266
-6829,anchor_scsn_006828,909775,1,down,75.96047973632812
-6830,anchor_scsn_006829,910907,1,down,212.0947265625
-6831,anchor_scsn_006830,910934,1,down,51.56266784667969
-6832,anchor_scsn_006831,910943,1,down,50.55202102661133
-6833,anchor_scsn_006832,910991,1,down,179.78993225097656
-6834,anchor_scsn_006833,911645,1,down,760.6286010742188
-6835,anchor_scsn_006834,913456,1,down,120.44357299804688
-6836,anchor_scsn_006835,915771,1,down,98.67691802978516
-6837,anchor_scsn_006836,915832,1,down,120.10482788085938
-6838,anchor_scsn_006837,917461,1,down,74.47927856445312
-6839,anchor_scsn_006838,917560,1,down,240.13180541992188
-6840,anchor_scsn_006839,917933,1,down,63.266258239746094
-6841,anchor_scsn_006840,917981,1,down,113.90204620361328
-6842,anchor_scsn_006841,919144,1,down,298.5234375
-6843,anchor_scsn_006842,919501,1,down,72.19036865234375
-6844,anchor_scsn_006843,920535,1,down,71.23698425292969
-6845,anchor_scsn_006844,921307,1,down,62.89052200317383
-6846,anchor_scsn_006845,921411,1,down,544.093994140625
-6847,anchor_scsn_006846,923276,1,down,136.967041015625
-6848,anchor_scsn_006847,924757,1,down,80.35095977783203
-6849,anchor_scsn_006848,925186,1,down,161.0863800048828
-6850,anchor_scsn_006849,925311,1,down,72.21832275390625
-6851,anchor_scsn_006850,925979,1,down,63.164024353027344
-6852,anchor_scsn_006851,926105,1,down,103.05060577392578
-6853,anchor_scsn_006852,926310,1,down,83.65277099609375
-6854,anchor_scsn_006853,926627,1,down,126.82962036132812
-6855,anchor_scsn_006854,926767,1,down,166.86212158203125
-6856,anchor_scsn_006855,928615,1,down,234.5763702392578
-6857,anchor_scsn_006856,930001,1,down,96.42691040039062
-6858,anchor_scsn_006857,932446,1,down,208.2094268798828
-6859,anchor_scsn_006858,932736,1,down,148.54119873046875
-6860,anchor_scsn_006859,932831,1,down,72.80985260009766
-6861,anchor_scsn_006860,933752,1,down,147.25213623046875
-6862,anchor_scsn_006861,934159,1,down,507.4745788574219
-6863,anchor_scsn_006862,934189,1,down,119.33067321777344
-6864,anchor_scsn_006863,934620,1,down,264.64495849609375
-6865,anchor_scsn_006864,934954,1,down,198.08297729492188
-6866,anchor_scsn_006865,936319,1,down,115.40451049804688
-6867,anchor_scsn_006866,937028,1,down,62.942996978759766
-6868,anchor_scsn_006867,937350,1,down,86.68556213378906
-6869,anchor_scsn_006868,937945,1,down,77.02791595458984
-6870,anchor_scsn_006869,938021,1,down,189.17498779296875
-6871,anchor_scsn_006870,939167,1,down,73.02051544189453
-6872,anchor_scsn_006871,939328,1,down,51.9832649230957
-6873,anchor_scsn_006872,939421,1,down,50.259334564208984
-6874,anchor_scsn_006873,939541,1,down,85.08187866210938
-6875,anchor_scsn_006874,939578,1,down,107.46137237548828
-6876,anchor_scsn_006875,939773,1,down,158.68479919433594
-6877,anchor_scsn_006876,940873,1,down,91.44781494140625
-6878,anchor_scsn_006877,941093,1,down,56.958740234375
-6879,anchor_scsn_006878,943048,1,down,60.72490692138672
-6880,anchor_scsn_006879,943430,1,down,146.67996215820312
-6881,anchor_scsn_006880,943510,1,down,104.87779235839844
-6882,anchor_scsn_006881,943685,1,down,923.77490234375
-6883,anchor_scsn_006882,943957,1,down,55.18313217163086
-6884,anchor_scsn_006883,946336,1,down,175.5496368408203
-6885,anchor_scsn_006884,946801,1,down,52.11788558959961
-6886,anchor_scsn_006885,947856,1,down,79.44392395019531
-6887,anchor_scsn_006886,947889,1,down,150.6691131591797
-6888,anchor_scsn_006887,948092,1,down,196.40306091308594
-6889,anchor_scsn_006888,948731,1,down,54.06639099121094
-6890,anchor_scsn_006889,949302,1,down,57.79810333251953
-6891,anchor_scsn_006890,949853,1,down,56.27120590209961
-6892,anchor_scsn_006891,951345,1,down,50.22885513305664
-6893,anchor_scsn_006892,951639,1,down,56.27326965332031
-6894,anchor_scsn_006893,952228,1,down,182.79251098632812
-6895,anchor_scsn_006894,952261,1,down,96.28672790527344
-6896,anchor_scsn_006895,952295,1,down,291.1516418457031
-6897,anchor_scsn_006896,952571,1,down,300.5699768066406
-6898,anchor_scsn_006897,954331,1,down,286.8704528808594
-6899,anchor_scsn_006898,954691,1,down,83.96723937988281
-6900,anchor_scsn_006899,955738,1,down,83.3022232055664
-6901,anchor_scsn_006900,956402,1,down,205.89453125
-6902,anchor_scsn_006901,956591,1,down,284.2806396484375
-6903,anchor_scsn_006902,957411,1,down,96.34223937988281
-6904,anchor_scsn_006903,958876,1,down,84.24616241455078
-6905,anchor_scsn_006904,959059,1,down,409.1684265136719
-6906,anchor_scsn_006905,959167,1,down,54.45428466796875
-6907,anchor_scsn_006906,959567,1,down,52.279422760009766
-6908,anchor_scsn_006907,959583,1,down,77.79865264892578
-6909,anchor_scsn_006908,959716,1,down,52.9825325012207
-6910,anchor_scsn_006909,959881,1,down,134.0939178466797
-6911,anchor_scsn_006910,959895,1,down,79.43809509277344
-6912,anchor_scsn_006911,959946,1,down,159.3578643798828
-6913,anchor_scsn_006912,960817,1,down,70.20667266845703
-6914,anchor_scsn_006913,961271,1,down,241.9609832763672
-6915,anchor_scsn_006914,961958,1,down,76.87602996826172
-6916,anchor_scsn_006915,962629,1,down,119.94053649902344
-6917,anchor_scsn_006916,963633,1,down,51.70606994628906
-6918,anchor_scsn_006917,964012,1,down,77.06077575683594
-6919,anchor_scsn_006918,964103,1,down,99.42090606689453
-6920,anchor_scsn_006919,964569,1,down,98.12278747558594
-6921,anchor_scsn_006920,965126,1,down,108.4314956665039
-6922,anchor_scsn_006921,965399,1,down,188.2611541748047
-6923,anchor_scsn_006922,965647,1,down,93.13197326660156
-6924,anchor_scsn_006923,966117,1,down,52.695125579833984
-6925,anchor_scsn_006924,966172,1,down,56.191131591796875
-6926,anchor_scsn_006925,966190,1,down,624.8306884765625
-6927,anchor_scsn_006926,966526,1,down,58.667869567871094
-6928,anchor_scsn_006927,967012,1,down,182.3268585205078
-6929,anchor_scsn_006928,967113,1,down,89.65201568603516
-6930,anchor_scsn_006929,967528,1,down,173.53846740722656
-6931,anchor_scsn_006930,968042,1,down,59.530120849609375
-6932,anchor_scsn_006931,968211,1,down,127.01094055175781
-6933,anchor_scsn_006932,968702,1,down,104.170654296875
-6934,anchor_scsn_006933,969393,1,down,53.22439956665039
-6935,anchor_scsn_006934,970259,1,down,157.42808532714844
-6936,anchor_scsn_006935,970517,1,down,85.73797607421875
-6937,anchor_scsn_006936,971769,1,down,98.21766662597656
-6938,anchor_scsn_006937,973100,1,down,95.69119262695312
-6939,anchor_scsn_006938,973885,1,down,57.49771499633789
-6940,anchor_scsn_006939,974406,1,down,195.22705078125
-6941,anchor_scsn_006940,975396,1,down,64.70970153808594
-6942,anchor_scsn_006941,976246,1,down,125.00572967529297
-6943,anchor_scsn_006942,977012,1,down,381.1946105957031
-6944,anchor_scsn_006943,977836,1,down,71.40565490722656
-6945,anchor_scsn_006944,977936,1,down,112.50276184082031
-6946,anchor_scsn_006945,978145,1,down,56.21245574951172
-6947,anchor_scsn_006946,978681,1,down,51.99309158325195
-6948,anchor_scsn_006947,978841,1,down,54.86760330200195
-6949,anchor_scsn_006948,979166,1,down,95.40090942382812
-6950,anchor_scsn_006949,979239,1,down,63.39554214477539
-6951,anchor_scsn_006950,979450,1,down,118.94425964355469
-6952,anchor_scsn_006951,980556,1,down,125.63336181640625
-6953,anchor_scsn_006952,981019,1,down,212.54820251464844
-6954,anchor_scsn_006953,981126,1,down,125.7891616821289
-6955,anchor_scsn_006954,981334,1,down,80.48115539550781
-6956,anchor_scsn_006955,981779,1,down,111.8381576538086
-6957,anchor_scsn_006956,981812,1,down,65.2540054321289
-6958,anchor_scsn_006957,982295,1,down,146.92860412597656
-6959,anchor_scsn_006958,982487,1,down,262.03143310546875
-6960,anchor_scsn_006959,982710,1,down,87.43955993652344
-6961,anchor_scsn_006960,982902,1,down,138.0247039794922
-6962,anchor_scsn_006961,983184,1,down,55.84979248046875
-6963,anchor_scsn_006962,983320,1,down,53.56558609008789
-6964,anchor_scsn_006963,983900,1,down,88.18963623046875
-6965,anchor_scsn_006964,984189,1,down,61.62782669067383
-6966,anchor_scsn_006965,984867,1,down,66.39424133300781
-6967,anchor_scsn_006966,984891,1,down,82.94861602783203
-6968,anchor_scsn_006967,984893,1,down,82.55554962158203
-6969,anchor_scsn_006968,985881,1,down,51.708885192871094
-6970,anchor_scsn_006969,986065,1,down,77.98328399658203
-6971,anchor_scsn_006970,986265,1,down,53.346649169921875
-6972,anchor_scsn_006971,986493,1,down,111.34760284423828
-6973,anchor_scsn_006972,986522,1,down,67.4161376953125
-6974,anchor_scsn_006973,986830,1,down,69.0398178100586
-6975,anchor_scsn_006974,987333,1,down,115.24807739257812
-6976,anchor_scsn_006975,987348,1,down,212.04615783691406
-6977,anchor_scsn_006976,987488,1,down,79.15696716308594
-6978,anchor_scsn_006977,987703,1,down,248.0663604736328
-6979,anchor_scsn_006978,988186,1,down,72.04113006591797
-6980,anchor_scsn_006979,988406,1,down,67.61102294921875
-6981,anchor_scsn_006980,989150,1,down,194.94361877441406
-6982,anchor_scsn_006981,989923,1,down,87.57814025878906
-6983,anchor_scsn_006982,990357,1,down,99.40373992919922
-6984,anchor_scsn_006983,990817,1,down,99.46479797363281
-6985,anchor_scsn_006984,992420,1,down,73.03085327148438
-6986,anchor_scsn_006985,992489,1,down,51.081966400146484
-6987,anchor_scsn_006986,993129,1,down,197.92987060546875
-6988,anchor_scsn_006987,994423,1,down,157.784912109375
-6989,anchor_scsn_006988,995709,1,down,269.48907470703125
-6990,anchor_scsn_006989,995930,1,down,251.67633056640625
-6991,anchor_scsn_006990,995961,1,down,64.60527801513672
-6992,anchor_scsn_006991,996058,1,down,155.93923950195312
-6993,anchor_scsn_006992,996361,1,down,208.4790496826172
-6994,anchor_scsn_006993,997097,1,down,135.12689208984375
-6995,anchor_scsn_006994,999116,1,down,98.58731079101562
-6996,anchor_scsn_006995,1000294,1,down,73.31982421875
-6997,anchor_scsn_006996,1000357,1,down,534.6336669921875
-6998,anchor_scsn_006997,1000886,1,down,74.93113708496094
-6999,anchor_scsn_006998,1001653,1,down,51.327999114990234
-7000,anchor_scsn_006999,1001815,1,down,118.5183334350586
-7001,anchor_scsn_007000,1002120,1,down,56.08759689331055
-7002,anchor_scsn_007001,1003398,1,down,132.2799530029297
-7003,anchor_scsn_007002,1003519,1,down,52.513607025146484
-7004,anchor_scsn_007003,1004309,1,down,86.41199493408203
-7005,anchor_scsn_007004,1005775,1,down,104.28875732421875
-7006,anchor_scsn_007005,1005855,1,down,260.646484375
-7007,anchor_scsn_007006,1006038,1,down,94.92022705078125
-7008,anchor_scsn_007007,1007196,1,down,53.043617248535156
-7009,anchor_scsn_007008,1007657,1,down,55.355743408203125
-7010,anchor_scsn_007009,1008063,1,down,73.01886749267578
-7011,anchor_scsn_007010,1009049,1,down,56.4989013671875
-7012,anchor_scsn_007011,1009378,1,down,149.7299041748047
-7013,anchor_scsn_007012,1011126,1,down,122.35301208496094
-7014,anchor_scsn_007013,1011481,1,down,168.9545440673828
-7015,anchor_scsn_007014,1011782,1,down,129.65301513671875
-7016,anchor_scsn_007015,1012125,1,down,326.9577941894531
-7017,anchor_scsn_007016,1013250,1,down,93.95415496826172
-7018,anchor_scsn_007017,1014230,1,down,374.32666015625
-7019,anchor_scsn_007018,1014505,1,down,144.4090576171875
-7020,anchor_scsn_007019,1014802,1,down,60.9324951171875
-7021,anchor_scsn_007020,1015201,1,down,83.70494842529297
-7022,anchor_scsn_007021,1015410,1,down,150.2691192626953
-7023,anchor_scsn_007022,1016169,1,down,75.0334701538086
-7024,anchor_scsn_007023,1016228,1,down,71.73096466064453
-7025,anchor_scsn_007024,1016248,1,down,81.46389770507812
-7026,anchor_scsn_007025,1017939,1,down,251.71372985839844
-7027,anchor_scsn_007026,1019246,1,down,220.71710205078125
-7028,anchor_scsn_007027,1019456,1,down,168.9963836669922
-7029,anchor_scsn_007028,1019986,1,down,102.07350158691406
-7030,anchor_scsn_007029,1020743,1,down,326.4280700683594
-7031,anchor_scsn_007030,1020911,1,down,168.1350860595703
-7032,anchor_scsn_007031,1021039,1,down,78.83297729492188
-7033,anchor_scsn_007032,1021340,1,down,76.45785522460938
-7034,anchor_scsn_007033,1022512,1,down,157.39476013183594
-7035,anchor_scsn_007034,1022675,1,down,59.993133544921875
-7036,anchor_scsn_007035,1023045,1,down,136.30880737304688
-7037,anchor_scsn_007036,1023100,1,down,194.19790649414062
-7038,anchor_scsn_007037,1023228,1,down,81.80810546875
-7039,anchor_scsn_007038,1023249,1,down,59.702693939208984
-7040,anchor_scsn_007039,1023545,1,down,70.9238052368164
-7041,anchor_scsn_007040,1024283,1,down,59.3455810546875
-7042,anchor_scsn_007041,1024970,1,down,72.84355926513672
-7043,anchor_scsn_007042,1025040,1,down,63.84915542602539
-7044,anchor_scsn_007043,1025693,1,down,391.63641357421875
-7045,anchor_scsn_007044,1026986,1,down,495.6961364746094
-7046,anchor_scsn_007045,1027271,1,down,223.11463928222656
-7047,anchor_scsn_007046,1027507,1,down,57.70612716674805
-7048,anchor_scsn_007047,1028069,1,down,151.57313537597656
-7049,anchor_scsn_007048,1028947,1,down,118.9000473022461
-7050,anchor_scsn_007049,1029074,1,down,124.61227416992188
-7051,anchor_scsn_007050,1029234,1,down,146.5790557861328
-7052,anchor_scsn_007051,1029822,1,down,212.14122009277344
-7053,anchor_scsn_007052,1029921,1,down,424.8277282714844
-7054,anchor_scsn_007053,1030007,1,down,592.636474609375
-7055,anchor_scsn_007054,1030427,1,down,167.6736602783203
-7056,anchor_scsn_007055,1030471,1,down,216.60414123535156
-7057,anchor_scsn_007056,1031911,1,down,55.74519729614258
-7058,anchor_scsn_007057,1031933,1,down,88.60324096679688
-7059,anchor_scsn_007058,1032167,1,down,50.835445404052734
-7060,anchor_scsn_007059,1032561,1,down,82.1323013305664
-7061,anchor_scsn_007060,1033068,1,down,101.87623596191406
-7062,anchor_scsn_007061,1033260,1,down,72.09043884277344
-7063,anchor_scsn_007062,1034206,1,down,90.99243927001953
-7064,anchor_scsn_007063,1034585,1,down,60.54290771484375
-7065,anchor_scsn_007064,1034590,1,down,98.90238952636719
-7066,anchor_scsn_007065,1035895,1,down,103.63787841796875
-7067,anchor_scsn_007066,1036137,1,down,155.3577423095703
-7068,anchor_scsn_007067,1036539,1,down,60.21859359741211
-7069,anchor_scsn_007068,1036616,1,down,50.514225006103516
-7070,anchor_scsn_007069,1036740,1,down,987.5283813476562
-7071,anchor_scsn_007070,1037083,1,down,134.0874786376953
-7072,anchor_scsn_007071,1037387,1,down,64.94440460205078
-7073,anchor_scsn_007072,1038023,1,down,111.26750946044922
-7074,anchor_scsn_007073,1038432,1,down,70.02765655517578
-7075,anchor_scsn_007074,1038485,1,down,115.3718490600586
-7076,anchor_scsn_007075,1038861,1,down,113.5726547241211
-7077,anchor_scsn_007076,1039824,1,down,66.71826171875
-7078,anchor_scsn_007077,1040327,1,down,117.15917205810547
-7079,anchor_scsn_007078,1040787,1,down,115.3555908203125
-7080,anchor_scsn_007079,1041504,1,down,58.19657897949219
-7081,anchor_scsn_007080,1041690,1,down,96.30155944824219
-7082,anchor_scsn_007081,1042503,1,down,113.936279296875
-7083,anchor_scsn_007082,1042761,1,down,53.753055572509766
-7084,anchor_scsn_007083,1043417,1,down,968.9713134765625
-7085,anchor_scsn_007084,1043782,1,down,55.445655822753906
-7086,anchor_scsn_007085,1045614,1,down,339.07049560546875
-7087,anchor_scsn_007086,1046883,1,down,57.12256622314453
-7088,anchor_scsn_007087,1046958,1,down,53.506290435791016
-7089,anchor_scsn_007088,1047678,1,down,480.51776123046875
-7090,anchor_scsn_007089,1048136,1,down,72.7303237915039
-7091,anchor_scsn_007090,1048149,1,down,57.3532829284668
-7092,anchor_scsn_007091,1048972,1,down,129.45916748046875
-7093,anchor_scsn_007092,1050277,1,down,183.6430206298828
-7094,anchor_scsn_007093,1050761,1,down,201.84848022460938
-7095,anchor_scsn_007094,1050914,1,down,256.5254821777344
-7096,anchor_scsn_007095,1051601,1,down,57.72724151611328
-7097,anchor_scsn_007096,1051628,1,down,66.35729217529297
-7098,anchor_scsn_007097,1052097,1,down,194.33360290527344
-7099,anchor_scsn_007098,1052160,1,down,142.9142303466797
-7100,anchor_scsn_007099,1052905,1,down,139.0644989013672
-7101,anchor_scsn_007100,1053148,1,down,282.2445983886719
-7102,anchor_scsn_007101,1053733,1,down,53.38387680053711
-7103,anchor_scsn_007102,1053925,1,down,80.50020599365234
-7104,anchor_scsn_007103,1054233,1,down,81.16349029541016
-7105,anchor_scsn_007104,1054883,1,down,54.425743103027344
-7106,anchor_scsn_007105,1054996,1,down,68.82846069335938
-7107,anchor_scsn_007106,1055024,1,down,162.57643127441406
-7108,anchor_scsn_007107,1055090,1,down,572.1732177734375
-7109,anchor_scsn_007108,1055732,1,down,72.25499725341797
-7110,anchor_scsn_007109,1055802,1,down,64.99028015136719
-7111,anchor_scsn_007110,1055933,1,down,70.87391662597656
-7112,anchor_scsn_007111,1056028,1,down,79.43519592285156
-7113,anchor_scsn_007112,1056262,1,down,81.271484375
-7114,anchor_scsn_007113,1056321,1,down,66.67249298095703
-7115,anchor_scsn_007114,1057833,1,down,147.4346923828125
-7116,anchor_scsn_007115,1058205,1,down,52.3423957824707
-7117,anchor_scsn_007116,1058949,1,down,95.65692138671875
-7118,anchor_scsn_007117,1059896,1,down,115.2114486694336
-7119,anchor_scsn_007118,1060003,1,down,175.71450805664062
-7120,anchor_scsn_007119,1060057,1,down,210.1753692626953
-7121,anchor_scsn_007120,1061047,1,down,416.2642517089844
-7122,anchor_scsn_007121,1061152,1,down,112.809814453125
-7123,anchor_scsn_007122,1061636,1,down,80.57257080078125
-7124,anchor_scsn_007123,1062259,1,down,145.36228942871094
-7125,anchor_scsn_007124,1062358,1,down,56.81306076049805
-7126,anchor_scsn_007125,1063021,1,down,113.25672149658203
-7127,anchor_scsn_007126,1063480,1,down,298.4721374511719
-7128,anchor_scsn_007127,1063937,1,down,162.9287872314453
-7129,anchor_scsn_007128,1064249,1,down,56.42461013793945
-7130,anchor_scsn_007129,1064724,1,down,61.91630172729492
-7131,anchor_scsn_007130,1065124,1,down,105.45513916015625
-7132,anchor_scsn_007131,1065248,1,down,125.98625946044922
-7133,anchor_scsn_007132,1066346,1,down,113.52597045898438
-7134,anchor_scsn_007133,1067063,1,down,106.54459381103516
-7135,anchor_scsn_007134,1067654,1,down,101.7913589477539
-7136,anchor_scsn_007135,1068329,1,down,202.1514892578125
-7137,anchor_scsn_007136,1069160,1,down,81.52495574951172
-7138,anchor_scsn_007137,1069264,1,down,59.16851043701172
-7139,anchor_scsn_007138,1069495,1,down,102.77362823486328
-7140,anchor_scsn_007139,1070492,1,down,84.47509002685547
-7141,anchor_scsn_007140,1070517,1,down,54.8883171081543
-7142,anchor_scsn_007141,1070664,1,down,64.88792419433594
-7143,anchor_scsn_007142,1070752,1,down,113.60636138916016
-7144,anchor_scsn_007143,1071359,1,down,391.71435546875
-7145,anchor_scsn_007144,1073967,1,down,688.7218627929688
-7146,anchor_scsn_007145,1074476,1,down,68.79859924316406
-7147,anchor_scsn_007146,1074607,1,down,79.18254089355469
-7148,anchor_scsn_007147,1074730,1,down,130.46340942382812
-7149,anchor_scsn_007148,1074835,1,down,90.28050231933594
-7150,anchor_scsn_007149,1074931,1,down,264.93511962890625
-7151,anchor_scsn_007150,1075042,1,down,51.29484558105469
-7152,anchor_scsn_007151,1075072,1,down,816.3350219726562
-7153,anchor_scsn_007152,1075080,1,down,82.99884033203125
-7154,anchor_scsn_007153,1075204,1,down,156.3541717529297
-7155,anchor_scsn_007154,1075560,1,down,67.52586364746094
-7156,anchor_scsn_007155,1076023,1,down,53.53487014770508
-7157,anchor_scsn_007156,1076464,1,down,222.94325256347656
-7158,anchor_scsn_007157,1077154,1,down,285.5255126953125
-7159,anchor_scsn_007158,1077462,1,down,206.0136260986328
-7160,anchor_scsn_007159,1077464,1,down,63.59478759765625
-7161,anchor_scsn_007160,1078066,1,down,118.18260192871094
-7162,anchor_scsn_007161,1078182,1,down,98.39409637451172
-7163,anchor_scsn_007162,1078655,1,down,712.3169555664062
-7164,anchor_scsn_007163,1078813,1,down,160.31407165527344
-7165,anchor_scsn_007164,1078856,1,down,93.67703247070312
-7166,anchor_scsn_007165,1079236,1,down,51.23553466796875
-7167,anchor_scsn_007166,1079306,1,down,115.13847351074219
-7168,anchor_scsn_007167,1079611,1,down,157.20101928710938
-7169,anchor_scsn_007168,1080805,1,down,58.64256286621094
-7170,anchor_scsn_007169,1080870,1,down,127.13661193847656
-7171,anchor_scsn_007170,1081005,1,down,332.5093688964844
-7172,anchor_scsn_007171,1082961,1,down,494.6031494140625
-7173,anchor_scsn_007172,1083045,1,down,61.62433624267578
-7174,anchor_scsn_007173,1083191,1,down,57.33224105834961
-7175,anchor_scsn_007174,1083308,1,down,222.56910705566406
-7176,anchor_scsn_007175,1083780,1,down,92.97164154052734
-7177,anchor_scsn_007176,1083916,1,down,713.36474609375
-7178,anchor_scsn_007177,1084658,1,down,117.0597915649414
-7179,anchor_scsn_007178,1084878,1,down,134.7062530517578
-7180,anchor_scsn_007179,1085143,1,down,56.33681106567383
-7181,anchor_scsn_007180,1085618,1,down,117.61499786376953
-7182,anchor_scsn_007181,1085744,1,down,226.3412322998047
-7183,anchor_scsn_007182,1086535,1,down,193.81976318359375
-7184,anchor_scsn_007183,1086994,1,down,88.75209045410156
-7185,anchor_scsn_007184,1087358,1,down,72.9739990234375
-7186,anchor_scsn_007185,1087734,1,down,64.38957214355469
-7187,anchor_scsn_007186,1089255,1,down,261.43701171875
-7188,anchor_scsn_007187,1089666,1,down,191.08714294433594
-7189,anchor_scsn_007188,1090247,1,down,145.8800506591797
-7190,anchor_scsn_007189,1090426,1,down,62.40980529785156
-7191,anchor_scsn_007190,1091041,1,down,173.14608764648438
-7192,anchor_scsn_007191,1091495,1,down,177.85890197753906
-7193,anchor_scsn_007192,1092088,1,down,290.9689025878906
-7194,anchor_scsn_007193,1092139,1,down,92.19652557373047
-7195,anchor_scsn_007194,1092490,1,down,324.16754150390625
-7196,anchor_scsn_007195,1092651,1,down,210.523681640625
-7197,anchor_scsn_007196,1092852,1,down,99.29563903808594
-7198,anchor_scsn_007197,1093131,1,down,58.05466842651367
-7199,anchor_scsn_007198,1093380,1,down,88.35643768310547
-7200,anchor_scsn_007199,1093581,1,down,242.0045928955078
-7201,anchor_scsn_007200,1093860,1,down,51.89390563964844
-7202,anchor_scsn_007201,1094298,1,down,62.56201934814453
-7203,anchor_scsn_007202,1094964,1,down,98.09741973876953
-7204,anchor_scsn_007203,1095765,1,down,65.4747543334961
-7205,anchor_scsn_007204,1096059,1,down,54.22931671142578
-7206,anchor_scsn_007205,1096429,1,down,342.2883605957031
-7207,anchor_scsn_007206,1096458,1,down,52.656333923339844
-7208,anchor_scsn_007207,1096509,1,down,138.99781799316406
-7209,anchor_scsn_007208,1096767,1,down,50.91379165649414
-7210,anchor_scsn_007209,1098596,1,down,140.43971252441406
-7211,anchor_scsn_007210,1098907,1,down,818.026611328125
-7212,anchor_scsn_007211,1100020,1,down,52.230281829833984
-7213,anchor_scsn_007212,1100607,1,down,50.48941421508789
-7214,anchor_scsn_007213,1100725,1,down,92.58717346191406
-7215,anchor_scsn_007214,1101173,1,down,65.86873626708984
-7216,anchor_scsn_007215,1101562,1,down,91.15058135986328
-7217,anchor_scsn_007216,1102586,1,down,73.93951416015625
-7218,anchor_scsn_007217,1102752,1,down,97.79354858398438
-7219,anchor_scsn_007218,1102937,1,down,277.3740234375
-7220,anchor_scsn_007219,1103055,1,down,143.5670928955078
-7221,anchor_scsn_007220,1104383,1,down,90.22990417480469
-7222,anchor_scsn_007221,1105216,1,down,111.82524871826172
-7223,anchor_scsn_007222,1105847,1,down,100.58380889892578
-7224,anchor_scsn_007223,1106208,1,down,61.406917572021484
-7225,anchor_scsn_007224,1106395,1,down,413.70025634765625
-7226,anchor_scsn_007225,1106850,1,down,50.83606719970703
-7227,anchor_scsn_007226,1107245,1,down,152.0821990966797
-7228,anchor_scsn_007227,1108214,1,down,68.78494262695312
-7229,anchor_scsn_007228,1108467,1,down,85.0562515258789
-7230,anchor_scsn_007229,1108511,1,down,59.30693054199219
-7231,anchor_scsn_007230,1108872,1,down,399.9455261230469
-7232,anchor_scsn_007231,1109057,1,down,507.0438232421875
-7233,anchor_scsn_007232,1109315,1,down,99.58259582519531
-7234,anchor_scsn_007233,1110253,1,down,162.55792236328125
-7235,anchor_scsn_007234,1110447,1,down,62.89059829711914
-7236,anchor_scsn_007235,1110469,1,down,82.06529235839844
-7237,anchor_scsn_007236,1110533,1,down,85.49952697753906
-7238,anchor_scsn_007237,1111665,1,down,157.8084716796875
-7239,anchor_scsn_007238,1112580,1,down,80.20703125
-7240,anchor_scsn_007239,1112789,1,down,101.711669921875
-7241,anchor_scsn_007240,1112883,1,down,51.409358978271484
-7242,anchor_scsn_007241,1112943,1,down,189.81076049804688
-7243,anchor_scsn_007242,1114057,1,down,96.9700698852539
-7244,anchor_scsn_007243,1114767,1,down,108.65435791015625
-7245,anchor_scsn_007244,1114997,1,down,88.76132202148438
-7246,anchor_scsn_007245,1115753,1,down,95.1788330078125
-7247,anchor_scsn_007246,1116517,1,down,64.72759246826172
-7248,anchor_scsn_007247,1118172,1,down,82.91531372070312
-7249,anchor_scsn_007248,1118276,1,down,218.20211791992188
-7250,anchor_scsn_007249,1119298,1,down,74.08892059326172
-7251,anchor_scsn_007250,1119679,1,down,80.10025024414062
-7252,anchor_scsn_007251,1119798,1,down,57.896514892578125
-7253,anchor_scsn_007252,1119998,1,down,573.8262939453125
-7254,anchor_scsn_007253,1120133,1,down,76.71735382080078
-7255,anchor_scsn_007254,1120891,1,down,87.56082916259766
-7256,anchor_scsn_007255,1121624,1,down,53.03650665283203
-7257,anchor_scsn_007256,1123203,1,down,338.6990661621094
-7258,anchor_scsn_007257,1126064,1,down,116.40718078613281
-7259,anchor_scsn_007258,1126273,1,down,140.6778106689453
-7260,anchor_scsn_007259,1126344,1,down,168.0824432373047
-7261,anchor_scsn_007260,1126475,1,down,56.11604309082031
-7262,anchor_scsn_007261,1127089,1,down,187.49774169921875
-7263,anchor_scsn_007262,1128282,1,down,67.30763244628906
-7264,anchor_scsn_007263,1129263,1,down,76.40049743652344
-7265,anchor_scsn_007264,1129914,1,down,152.6160430908203
-7266,anchor_scsn_007265,1131066,1,down,56.97549819946289
-7267,anchor_scsn_007266,1132193,1,down,149.89407348632812
-7268,anchor_scsn_007267,1132320,1,down,158.98931884765625
-7269,anchor_scsn_007268,1133069,1,down,66.34061431884766
-7270,anchor_scsn_007269,1134465,1,down,89.11609649658203
-7271,anchor_scsn_007270,1134550,1,down,79.72001647949219
-7272,anchor_scsn_007271,1135071,1,down,85.02140045166016
-7273,anchor_scsn_007272,1135890,1,down,99.18682861328125
-7274,anchor_scsn_007273,1136058,1,down,90.06980895996094
-7275,anchor_scsn_007274,1136336,1,down,58.06254577636719
-7276,anchor_scsn_007275,1136701,1,down,59.70195388793945
-7277,anchor_scsn_007276,1136728,1,down,58.8956413269043
-7278,anchor_scsn_007277,1136806,1,down,77.39247131347656
-7279,anchor_scsn_007278,1136967,1,down,52.79058837890625
-7280,anchor_scsn_007279,1137387,1,down,77.34198760986328
-7281,anchor_scsn_007280,1137907,1,down,144.35670471191406
-7282,anchor_scsn_007281,1138019,1,down,95.49403381347656
-7283,anchor_scsn_007282,1138228,1,down,198.75717163085938
-7284,anchor_scsn_007283,1138803,1,down,67.04545593261719
-7285,anchor_scsn_007284,1139453,1,down,64.25934600830078
-7286,anchor_scsn_007285,1139685,1,down,208.19960021972656
-7287,anchor_scsn_007286,1139730,1,down,226.89454650878906
-7288,anchor_scsn_007287,1140038,1,down,82.16175079345703
-7289,anchor_scsn_007288,1140254,1,down,50.38596725463867
-7290,anchor_scsn_007289,1140808,1,down,78.65331268310547
-7291,anchor_scsn_007290,1141637,1,down,123.32527923583984
-7292,anchor_scsn_007291,1141664,1,down,56.06706237792969
-7293,anchor_scsn_007292,1142142,1,down,76.55479431152344
-7294,anchor_scsn_007293,1142181,1,down,57.736854553222656
-7295,anchor_scsn_007294,1142721,1,down,81.01547241210938
-7296,anchor_scsn_007295,1142730,1,down,76.42607116699219
-7297,anchor_scsn_007296,1143576,1,down,199.17666625976562
-7298,anchor_scsn_007297,1143865,1,down,263.40570068359375
-7299,anchor_scsn_007298,1145048,1,down,67.90129852294922
-7300,anchor_scsn_007299,1146324,1,down,53.06912612915039
-7301,anchor_scsn_007300,1146850,1,down,170.00291442871094
-7302,anchor_scsn_007301,1147305,1,down,155.8714141845703
-7303,anchor_scsn_007302,1147471,1,down,199.96038818359375
-7304,anchor_scsn_007303,1147820,1,down,681.0731201171875
-7305,anchor_scsn_007304,1148162,1,down,113.78589630126953
-7306,anchor_scsn_007305,1148394,1,down,72.13269805908203
-7307,anchor_scsn_007306,1148544,1,down,123.90675354003906
-7308,anchor_scsn_007307,1148601,1,down,63.908355712890625
-7309,anchor_scsn_007308,1148618,1,down,360.890869140625
-7310,anchor_scsn_007309,1149418,1,down,143.83221435546875
-7311,anchor_scsn_007310,1149528,1,down,65.32430267333984
-7312,anchor_scsn_007311,1149667,1,down,81.47102355957031
-7313,anchor_scsn_007312,1149675,1,down,55.55979537963867
-7314,anchor_scsn_007313,1149948,1,down,226.7693634033203
-7315,anchor_scsn_007314,1149981,1,down,63.66657638549805
-7316,anchor_scsn_007315,1150222,1,down,147.67514038085938
-7317,anchor_scsn_007316,1150661,1,down,91.27510070800781
-7318,anchor_scsn_007317,1151093,1,down,363.2137145996094
-7319,anchor_scsn_007318,1151376,1,down,111.6250228881836
-7320,anchor_scsn_007319,1151733,1,down,76.37126922607422
-7321,anchor_scsn_007320,1151832,1,down,299.2417297363281
-7322,anchor_scsn_007321,1152664,1,down,211.85093688964844
-7323,anchor_scsn_007322,1152754,1,down,105.50323486328125
-7324,anchor_scsn_007323,1152973,1,down,56.05477523803711
-7325,anchor_scsn_007324,1153277,1,down,101.85137176513672
-7326,anchor_scsn_007325,1154236,1,down,57.281612396240234
-7327,anchor_scsn_007326,1155232,1,down,144.11123657226562
-7328,anchor_scsn_007327,1155696,1,down,52.70906448364258
-7329,anchor_scsn_007328,1155779,1,down,60.898338317871094
-7330,anchor_scsn_007329,1155868,1,down,75.79084014892578
-7331,anchor_scsn_007330,1156068,1,down,77.5999526977539
-7332,anchor_scsn_007331,1156670,1,down,105.01495361328125
-7333,anchor_scsn_007332,1157809,1,down,348.1795654296875
-7334,anchor_scsn_007333,1157822,1,down,82.87097930908203
-7335,anchor_scsn_007334,1157843,1,down,182.3491973876953
-7336,anchor_scsn_007335,1158073,1,down,219.4305877685547
-7337,anchor_scsn_007336,1158295,1,down,85.0792007446289
-7338,anchor_scsn_007337,1160186,1,down,105.80711364746094
-7339,anchor_scsn_007338,1160259,1,down,182.85617065429688
-7340,anchor_scsn_007339,1160726,1,down,77.1890869140625
-7341,anchor_scsn_007340,1160760,1,down,114.3160400390625
-7342,anchor_scsn_007341,1161588,1,down,119.32150268554688
-7343,anchor_scsn_007342,1161683,1,down,112.6739501953125
-7344,anchor_scsn_007343,1161837,1,down,85.6585464477539
-7345,anchor_scsn_007344,1162039,1,down,86.16475677490234
-7346,anchor_scsn_007345,1162296,1,down,147.93600463867188
-7347,anchor_scsn_007346,1162318,1,down,139.83473205566406
-7348,anchor_scsn_007347,1162540,1,down,239.24085998535156
-7349,anchor_scsn_007348,1162789,1,down,99.95372772216797
-7350,anchor_scsn_007349,1163261,1,down,69.85765075683594
-7351,anchor_scsn_007350,1163648,1,down,54.78944778442383
-7352,anchor_scsn_007351,1163827,1,down,107.30732727050781
-7353,anchor_scsn_007352,1164864,1,down,63.2240104675293
-7354,anchor_scsn_007353,1164980,1,down,175.17596435546875
-7355,anchor_scsn_007354,1165188,1,down,187.7108154296875
-7356,anchor_scsn_007355,1165631,1,down,124.1242446899414
-7357,anchor_scsn_007356,1165964,1,down,239.5071563720703
-7358,anchor_scsn_007357,1166734,1,down,122.05644989013672
-7359,anchor_scsn_007358,1166924,1,down,63.12776565551758
-7360,anchor_scsn_007359,1167927,1,down,183.91836547851562
-7361,anchor_scsn_007360,1169173,1,down,180.30819702148438
-7362,anchor_scsn_007361,1169677,1,down,58.54201889038086
-7363,anchor_scsn_007362,1169957,1,down,85.9437255859375
-7364,anchor_scsn_007363,1170147,1,down,77.40945434570312
-7365,anchor_scsn_007364,1170766,1,down,80.4583969116211
-7366,anchor_scsn_007365,1171066,1,down,146.4413604736328
-7367,anchor_scsn_007366,1171143,1,down,375.2250671386719
-7368,anchor_scsn_007367,1174060,1,down,79.86896514892578
-7369,anchor_scsn_007368,1174630,1,down,109.44196319580078
-7370,anchor_scsn_007369,1174805,1,down,82.6776351928711
-7371,anchor_scsn_007370,1175053,1,down,78.0946273803711
-7372,anchor_scsn_007371,1175497,1,down,70.64366149902344
-7373,anchor_scsn_007372,1176748,1,down,119.89620971679688
-7374,anchor_scsn_007373,1176800,1,down,61.046016693115234
-7375,anchor_scsn_007374,1176974,1,down,101.29198455810547
-7376,anchor_scsn_007375,1177706,1,down,64.3138656616211
-7377,anchor_scsn_007376,1177906,1,down,103.54522705078125
-7378,anchor_scsn_007377,1177932,1,down,72.08506774902344
-7379,anchor_scsn_007378,1177952,1,down,104.55403900146484
-7380,anchor_scsn_007379,1178544,1,down,193.5830841064453
-7381,anchor_scsn_007380,1179069,1,down,181.57452392578125
-7382,anchor_scsn_007381,1179239,1,down,243.424072265625
-7383,anchor_scsn_007382,1180964,1,down,101.69375610351562
-7384,anchor_scsn_007383,1181110,1,down,68.89956665039062
-7385,anchor_scsn_007384,1181881,1,down,133.028564453125
-7386,anchor_scsn_007385,1182193,1,down,64.77021789550781
-7387,anchor_scsn_007386,1182354,1,down,302.66961669921875
-7388,anchor_scsn_007387,1182824,1,down,405.1951904296875
-7389,anchor_scsn_007388,1182928,1,down,345.2510681152344
-7390,anchor_scsn_007389,1183111,1,down,420.4223937988281
-7391,anchor_scsn_007390,1183920,1,down,417.9568176269531
-7392,anchor_scsn_007391,1183974,1,down,50.36872482299805
-7393,anchor_scsn_007392,1184636,1,down,197.39630126953125
-7394,anchor_scsn_007393,1185264,1,down,50.44536590576172
-7395,anchor_scsn_007394,1185795,1,down,137.90350341796875
-7396,anchor_scsn_007395,1186146,1,down,435.5428466796875
-7397,anchor_scsn_007396,1188353,1,down,180.1639404296875
-7398,anchor_scsn_007397,1188474,1,down,304.1487731933594
-7399,anchor_scsn_007398,1188520,1,down,236.45472717285156
-7400,anchor_scsn_007399,1188654,1,down,64.07682037353516
-7401,anchor_scsn_007400,1190233,1,down,363.07440185546875
-7402,anchor_scsn_007401,1190378,1,down,216.95050048828125
-7403,anchor_scsn_007402,1190627,1,down,262.87274169921875
-7404,anchor_scsn_007403,1190868,1,down,83.11511993408203
-7405,anchor_scsn_007404,1191514,1,down,120.45545959472656
-7406,anchor_scsn_007405,1192542,1,down,168.3319549560547
-7407,anchor_scsn_007406,1193219,1,down,51.9539680480957
-7408,anchor_scsn_007407,1193337,1,down,101.7145004272461
-7409,anchor_scsn_007408,1193485,1,down,64.18671417236328
-7410,anchor_scsn_007409,1193765,1,down,68.61817932128906
-7411,anchor_scsn_007410,1193924,1,down,198.88771057128906
-7412,anchor_scsn_007411,1194813,1,down,160.98248291015625
-7413,anchor_scsn_007412,1194890,1,down,69.43342590332031
-7414,anchor_scsn_007413,1195049,1,down,233.43199157714844
-7415,anchor_scsn_007414,1195274,1,down,59.66142272949219
-7416,anchor_scsn_007415,1196191,1,down,52.681884765625
-7417,anchor_scsn_007416,1196370,1,down,57.155845642089844
-7418,anchor_scsn_007417,1196774,1,down,96.98239135742188
-7419,anchor_scsn_007418,1196948,1,down,103.99748992919922
-7420,anchor_scsn_007419,1199457,1,down,128.11334228515625
-7421,anchor_scsn_007420,1199485,1,down,78.86820220947266
-7422,anchor_scsn_007421,1199908,1,down,70.08226013183594
-7423,anchor_scsn_007422,1200308,1,down,289.3931579589844
-7424,anchor_scsn_007423,1200796,1,down,127.99856567382812
-7425,anchor_scsn_007424,1201512,1,down,90.1631088256836
-7426,anchor_scsn_007425,1202380,1,down,51.419803619384766
-7427,anchor_scsn_007426,1202506,1,down,380.65606689453125
-7428,anchor_scsn_007427,1202715,1,down,102.27488708496094
-7429,anchor_scsn_007428,1204108,1,down,149.57069396972656
-7430,anchor_scsn_007429,1205404,1,down,162.35630798339844
-7431,anchor_scsn_007430,1206744,1,down,58.15037155151367
-7432,anchor_scsn_007431,1207664,1,down,285.5107421875
-7433,anchor_scsn_007432,1207860,1,down,121.06153869628906
-7434,anchor_scsn_007433,1207964,1,down,114.24661254882812
-7435,anchor_scsn_007434,1208614,1,down,191.73500061035156
-7436,anchor_scsn_007435,1208716,1,down,82.01033020019531
-7437,anchor_scsn_007436,1209172,1,down,79.29853057861328
-7438,anchor_scsn_007437,1209553,1,down,57.945030212402344
-7439,anchor_scsn_007438,1209831,1,down,132.90577697753906
-7440,anchor_scsn_007439,1211415,1,down,208.90628051757812
-7441,anchor_scsn_007440,1212102,1,down,221.8866729736328
-7442,anchor_scsn_007441,1213022,1,down,319.1617126464844
-7443,anchor_scsn_007442,1213185,1,down,62.891380310058594
-7444,anchor_scsn_007443,1213224,1,down,150.79104614257812
-7445,anchor_scsn_007444,1213437,1,down,52.954551696777344
-7446,anchor_scsn_007445,1213871,1,down,75.46818542480469
-7447,anchor_scsn_007446,1214618,1,down,51.488739013671875
-7448,anchor_scsn_007447,1214751,1,down,69.38925170898438
-7449,anchor_scsn_007448,1215507,1,down,61.209617614746094
-7450,anchor_scsn_007449,1216290,1,down,156.24374389648438
-7451,anchor_scsn_007450,1216781,1,down,86.11296081542969
-7452,anchor_scsn_007451,1216985,1,down,53.131900787353516
-7453,anchor_scsn_007452,1217417,1,down,201.5209197998047
-7454,anchor_scsn_007453,1219093,1,down,78.32955169677734
-7455,anchor_scsn_007454,1219751,1,down,63.352718353271484
-7456,anchor_scsn_007455,1219897,1,down,56.589088439941406
-7457,anchor_scsn_007456,1220818,1,down,175.13397216796875
-7458,anchor_scsn_007457,1221213,1,down,79.9594955444336
-7459,anchor_scsn_007458,1221645,1,down,97.7741470336914
-7460,anchor_scsn_007459,1221656,1,down,283.18402099609375
-7461,anchor_scsn_007460,1221692,1,down,185.83120727539062
-7462,anchor_scsn_007461,1222187,1,down,58.14719772338867
-7463,anchor_scsn_007462,1222277,1,down,80.95286560058594
-7464,anchor_scsn_007463,1222431,1,down,193.34046936035156
-7465,anchor_scsn_007464,1222950,1,down,697.9669189453125
-7466,anchor_scsn_007465,1223548,1,down,77.40807342529297
-7467,anchor_scsn_007466,1223555,1,down,77.40164184570312
-7468,anchor_scsn_007467,1224666,1,down,99.55362701416016
-7469,anchor_scsn_007468,1224976,1,down,76.15621185302734
-7470,anchor_scsn_007469,1225086,1,down,221.61012268066406
-7471,anchor_scsn_007470,1225985,1,down,102.74467468261719
-7472,anchor_scsn_007471,1227214,1,down,112.98258209228516
-7473,anchor_scsn_007472,1227931,1,down,94.78633880615234
-7474,anchor_scsn_007473,1228070,1,down,81.77972412109375
-7475,anchor_scsn_007474,1228302,1,down,263.1203308105469
-7476,anchor_scsn_007475,1229753,1,down,53.910213470458984
-7477,anchor_scsn_007476,1230598,1,down,377.18280029296875
-7478,anchor_scsn_007477,1230922,1,down,70.00129699707031
-7479,anchor_scsn_007478,1231025,1,down,63.37350082397461
-7480,anchor_scsn_007479,1231242,1,down,159.28323364257812
-7481,anchor_scsn_007480,1231599,1,down,53.70944595336914
-7482,anchor_scsn_007481,1231743,1,down,316.9360656738281
-7483,anchor_scsn_007482,1232215,1,down,54.98207473754883
-7484,anchor_scsn_007483,1233748,1,down,123.3510971069336
-7485,anchor_scsn_007484,1234131,1,down,971.6300048828125
-7486,anchor_scsn_007485,1234215,1,down,84.77728271484375
-7487,anchor_scsn_007486,1235266,1,down,224.07876586914062
-7488,anchor_scsn_007487,1236003,1,down,141.34002685546875
-7489,anchor_scsn_007488,1236014,1,down,829.9705200195312
-7490,anchor_scsn_007489,1236548,1,down,70.36691284179688
-7491,anchor_scsn_007490,1237030,1,down,101.72887420654297
-7492,anchor_scsn_007491,1237310,1,down,119.57758331298828
-7493,anchor_scsn_007492,1237319,1,down,118.9720458984375
-7494,anchor_scsn_007493,1237621,1,down,67.76608276367188
-7495,anchor_scsn_007494,1237758,1,down,71.38822174072266
-7496,anchor_scsn_007495,1237796,1,down,467.13201904296875
-7497,anchor_scsn_007496,1238045,1,down,62.646759033203125
-7498,anchor_scsn_007497,1239778,1,down,175.18719482421875
-7499,anchor_scsn_007498,1239793,1,down,95.6237564086914
-7500,anchor_scsn_007499,1240029,1,down,50.534305572509766
-7501,anchor_scsn_007500,1240118,1,down,56.549095153808594
-7502,anchor_scsn_007501,1240163,1,down,64.69747924804688
-7503,anchor_scsn_007502,1240673,1,down,452.83819580078125
-7504,anchor_scsn_007503,1242001,1,down,51.3006477355957
-7505,anchor_scsn_007504,1242125,1,down,117.69264221191406
-7506,anchor_scsn_007505,1242599,1,down,70.16968536376953
-7507,anchor_scsn_007506,1243361,1,down,143.77525329589844
-7508,anchor_scsn_007507,1243582,1,down,84.17708587646484
-7509,anchor_scsn_007508,1243739,1,down,64.19645690917969
-7510,anchor_scsn_007509,1243765,1,down,100.75740051269531
-7511,anchor_scsn_007510,1245568,1,down,55.27838897705078
-7512,anchor_scsn_007511,1246043,1,down,109.57817077636719
-7513,anchor_scsn_007512,1246126,1,down,81.68767547607422
-7514,anchor_scsn_007513,1246158,1,down,128.2023468017578
-7515,anchor_scsn_007514,1246165,1,down,52.60926818847656
-7516,anchor_scsn_007515,1246747,1,down,50.13090896606445
-7517,anchor_scsn_007516,1247375,1,down,66.35956573486328
-7518,anchor_scsn_007517,1248003,1,down,229.71290588378906
-7519,anchor_scsn_007518,1248266,1,down,165.3584442138672
-7520,anchor_scsn_007519,1248804,1,down,76.98382568359375
-7521,anchor_scsn_007520,1248991,1,down,285.8233947753906
-7522,anchor_scsn_007521,1249050,1,down,59.48200225830078
-7523,anchor_scsn_007522,1249451,1,down,266.24737548828125
-7524,anchor_scsn_007523,1249710,1,down,69.98077392578125
-7525,anchor_scsn_007524,1249801,1,down,62.292747497558594
-7526,anchor_scsn_007525,1250019,1,down,236.65298461914062
-7527,anchor_scsn_007526,1251073,1,down,451.0049743652344
-7528,anchor_scsn_007527,1251798,1,down,106.80647277832031
-7529,anchor_scsn_007528,1251804,1,down,239.0751190185547
-7530,anchor_scsn_007529,1252033,1,down,78.19661712646484
-7531,anchor_scsn_007530,1252301,1,down,84.5559310913086
-7532,anchor_scsn_007531,1252751,1,down,133.68003845214844
-7533,anchor_scsn_007532,1253043,1,down,58.571102142333984
-7534,anchor_scsn_007533,1253451,1,down,130.11598205566406
-7535,anchor_scsn_007534,1253708,1,down,52.14772033691406
-7536,anchor_scsn_007535,1254009,1,down,98.46483612060547
-7537,anchor_scsn_007536,1254481,1,down,67.79105377197266
-7538,anchor_scsn_007537,1254791,1,down,90.07241821289062
-7539,anchor_scsn_007538,1255624,1,down,78.23408508300781
-7540,anchor_scsn_007539,1257261,1,down,177.83689880371094
-7541,anchor_scsn_007540,1257825,1,down,179.20877075195312
-7542,anchor_scsn_007541,1258060,1,down,373.9769592285156
-7543,anchor_scsn_007542,1258256,1,down,136.16769409179688
-7544,anchor_scsn_007543,1258274,1,down,73.63456726074219
-7545,anchor_scsn_007544,1258691,1,down,324.8076171875
-7546,anchor_scsn_007545,1259020,1,down,173.72396850585938
-7547,anchor_scsn_007546,1259118,1,down,206.34288024902344
-7548,anchor_scsn_007547,1259755,1,down,101.43018341064453
-7549,anchor_scsn_007548,1261355,1,down,104.24266815185547
-7550,anchor_scsn_007549,1261498,1,down,51.455780029296875
-7551,anchor_scsn_007550,1262439,1,down,77.38604736328125
-7552,anchor_scsn_007551,1263662,1,down,72.35709381103516
-7553,anchor_scsn_007552,1264060,1,down,145.5792236328125
-7554,anchor_scsn_007553,1264282,1,down,443.796875
-7555,anchor_scsn_007554,1264537,1,down,87.79752349853516
-7556,anchor_scsn_007555,1264732,1,down,102.53988647460938
-7557,anchor_scsn_007556,1264761,1,down,100.78317260742188
-7558,anchor_scsn_007557,1265166,1,down,174.87351989746094
-7559,anchor_scsn_007558,1266318,1,down,87.20578002929688
-7560,anchor_scsn_007559,1267029,1,down,69.8686294555664
-7561,anchor_scsn_007560,1267034,1,down,54.47029113769531
-7562,anchor_scsn_007561,1267678,1,down,51.398921966552734
-7563,anchor_scsn_007562,1268148,1,down,172.3538818359375
-7564,anchor_scsn_007563,1268254,1,down,63.453399658203125
-7565,anchor_scsn_007564,1268980,1,down,305.02374267578125
-7566,anchor_scsn_007565,1269601,1,down,339.21533203125
-7567,anchor_scsn_007566,1269961,1,down,238.96029663085938
-7568,anchor_scsn_007567,1271094,1,down,123.14024353027344
-7569,anchor_scsn_007568,1271246,1,down,55.40714645385742
-7570,anchor_scsn_007569,1271690,1,down,92.98088073730469
-7571,anchor_scsn_007570,1271813,1,down,100.55180358886719
-7572,anchor_scsn_007571,1272161,1,down,113.9586410522461
-7573,anchor_scsn_007572,1273388,1,down,122.50702667236328
-7574,anchor_scsn_007573,1273505,1,down,51.92521286010742
-7575,anchor_scsn_007574,1273915,1,down,72.69071960449219
-7576,anchor_scsn_007575,1274625,1,down,224.1251220703125
-7577,anchor_scsn_007576,1275569,1,down,85.64627075195312
-7578,anchor_scsn_007577,1275697,1,down,86.03448486328125
-7579,anchor_scsn_007578,1275825,1,down,264.9258728027344
-7580,anchor_scsn_007579,1275949,1,down,245.2722930908203
-7581,anchor_scsn_007580,1276500,1,down,229.337158203125
-7582,anchor_scsn_007581,1276625,1,down,146.170166015625
-7583,anchor_scsn_007582,1277174,1,down,173.74615478515625
-7584,anchor_scsn_007583,1277197,1,down,93.78577423095703
-7585,anchor_scsn_007584,1278034,1,down,95.73719024658203
-7586,anchor_scsn_007585,1278263,1,down,62.389286041259766
-7587,anchor_scsn_007586,1279296,1,down,64.68124389648438
-7588,anchor_scsn_007587,1279407,1,down,353.5411071777344
-7589,anchor_scsn_007588,1279495,1,down,50.67503356933594
-7590,anchor_scsn_007589,1279887,1,down,452.1429748535156
-7591,anchor_scsn_007590,1280756,1,down,165.81346130371094
-7592,anchor_scsn_007591,1281339,1,down,55.63175964355469
-7593,anchor_scsn_007592,1282029,1,down,97.04268646240234
-7594,anchor_scsn_007593,1283161,1,down,71.62532043457031
-7595,anchor_scsn_007594,1283448,1,down,62.066314697265625
-7596,anchor_scsn_007595,1284297,1,down,279.23541259765625
-7597,anchor_scsn_007596,1285107,1,down,96.0516357421875
-7598,anchor_scsn_007597,1285597,1,down,83.89514923095703
-7599,anchor_scsn_007598,1285627,1,down,62.01176452636719
-7600,anchor_scsn_007599,1286051,1,down,78.34734344482422
-7601,anchor_scsn_007600,1287466,1,down,490.0981750488281
-7602,anchor_scsn_007601,1288067,1,down,54.549373626708984
-7603,anchor_scsn_007602,1288580,1,down,193.4738006591797
-7604,anchor_scsn_007603,1289280,1,down,181.56895446777344
-7605,anchor_scsn_007604,1289616,1,down,196.65756225585938
-7606,anchor_scsn_007605,1289712,1,down,329.94842529296875
-7607,anchor_scsn_007606,1289775,1,down,52.456539154052734
-7608,anchor_scsn_007607,1289925,1,down,186.285400390625
-7609,anchor_scsn_007608,1290623,1,down,109.56919860839844
-7610,anchor_scsn_007609,1291299,1,down,144.6449432373047
-7611,anchor_scsn_007610,1292511,1,down,418.01544189453125
-7612,anchor_scsn_007611,1292606,1,down,89.5300064086914
-7613,anchor_scsn_007612,1294022,1,down,103.64335632324219
-7614,anchor_scsn_007613,1294291,1,down,88.82793426513672
-7615,anchor_scsn_007614,1294916,1,down,212.09681701660156
-7616,anchor_scsn_007615,1295559,1,down,202.21546936035156
-7617,anchor_scsn_007616,1296243,1,down,55.91935348510742
-7618,anchor_scsn_007617,1296355,1,down,287.25665283203125
-7619,anchor_scsn_007618,1296437,1,down,117.67654418945312
-7620,anchor_scsn_007619,1296957,1,down,79.96249389648438
-7621,anchor_scsn_007620,1297385,1,down,140.6954803466797
-7622,anchor_scsn_007621,1297514,1,down,82.43756103515625
-7623,anchor_scsn_007622,1297792,1,down,96.3476791381836
-7624,anchor_scsn_007623,1298269,1,down,110.68575286865234
-7625,anchor_scsn_007624,1298596,1,down,53.84281539916992
-7626,anchor_scsn_007625,1299009,1,down,63.2038688659668
-7627,anchor_scsn_007626,1299058,1,down,56.71660232543945
-7628,anchor_scsn_007627,1299310,1,down,91.26236724853516
-7629,anchor_scsn_007628,1299474,1,down,150.30950927734375
-7630,anchor_scsn_007629,1299811,1,down,181.53587341308594
-7631,anchor_scsn_007630,1300916,1,down,81.66358184814453
-7632,anchor_scsn_007631,1301040,1,down,56.79634094238281
-7633,anchor_scsn_007632,1301237,1,down,56.54638671875
-7634,anchor_scsn_007633,1302054,1,down,79.40447998046875
-7635,anchor_scsn_007634,1302429,1,down,85.00469970703125
-7636,anchor_scsn_007635,1303288,1,down,127.95712280273438
-7637,anchor_scsn_007636,1304570,1,down,123.92505645751953
-7638,anchor_scsn_007637,1305580,1,down,169.39503479003906
-7639,anchor_scsn_007638,1305591,1,down,115.42435455322266
-7640,anchor_scsn_007639,1306432,1,down,51.72480010986328
-7641,anchor_scsn_007640,1306594,1,down,449.3033752441406
-7642,anchor_scsn_007641,1307404,1,down,111.60457611083984
-7643,anchor_scsn_007642,1308657,1,down,232.5286865234375
-7644,anchor_scsn_007643,1308774,1,down,68.09305572509766
-7645,anchor_scsn_007644,1310245,1,down,94.03005981445312
-7646,anchor_scsn_007645,1310293,1,down,54.027164459228516
-7647,anchor_scsn_007646,1310353,1,down,108.8399887084961
-7648,anchor_scsn_007647,1310419,1,down,67.235595703125
-7649,anchor_scsn_007648,1311340,1,down,60.14481735229492
-7650,anchor_scsn_007649,1311691,1,down,61.444278717041016
-7651,anchor_scsn_007650,1312072,1,down,62.26220703125
-7652,anchor_scsn_007651,1312529,1,down,68.8859634399414
-7653,anchor_scsn_007652,1313387,1,down,50.67966842651367
-7654,anchor_scsn_007653,1313537,1,down,140.47299194335938
-7655,anchor_scsn_007654,1314763,1,down,168.5602264404297
-7656,anchor_scsn_007655,1314871,1,down,56.03636932373047
-7657,anchor_scsn_007656,1314888,1,down,51.985504150390625
-7658,anchor_scsn_007657,1315052,1,down,50.142601013183594
-7659,anchor_scsn_007658,1315102,1,down,51.056766510009766
-7660,anchor_scsn_007659,1315704,1,down,62.13294219970703
-7661,anchor_scsn_007660,1315751,1,down,58.01210021972656
-7662,anchor_scsn_007661,1316442,1,down,72.25563049316406
-7663,anchor_scsn_007662,1316463,1,down,231.5249786376953
-7664,anchor_scsn_007663,1317457,1,down,284.4053649902344
-7665,anchor_scsn_007664,1317493,1,down,131.16110229492188
-7666,anchor_scsn_007665,1317800,1,down,72.0910873413086
-7667,anchor_scsn_007666,1317937,1,down,195.47679138183594
-7668,anchor_scsn_007667,1318245,1,down,81.17481994628906
-7669,anchor_scsn_007668,1318277,1,down,219.8151397705078
-7670,anchor_scsn_007669,1318539,1,down,90.88121795654297
-7671,anchor_scsn_007670,1319494,1,down,468.1136169433594
-7672,anchor_scsn_007671,1321557,1,down,81.43330383300781
-7673,anchor_scsn_007672,1323664,1,down,54.99784851074219
-7674,anchor_scsn_007673,1323930,1,down,136.34776306152344
-7675,anchor_scsn_007674,1325742,1,down,73.84030151367188
-7676,anchor_scsn_007675,1325824,1,down,161.65069580078125
-7677,anchor_scsn_007676,1326748,1,down,71.18244934082031
-7678,anchor_scsn_007677,1327366,1,down,177.87387084960938
-7679,anchor_scsn_007678,1327945,1,down,72.73881530761719
-7680,anchor_scsn_007679,1328408,1,down,61.20770263671875
-7681,anchor_scsn_007680,1329127,1,down,218.36708068847656
-7682,anchor_scsn_007681,1329186,1,down,89.3737564086914
-7683,anchor_scsn_007682,1329509,1,down,79.57599639892578
-7684,anchor_scsn_007683,1329765,1,down,62.03680419921875
-7685,anchor_scsn_007684,1330104,1,down,54.26122283935547
-7686,anchor_scsn_007685,1330206,1,down,214.79306030273438
-7687,anchor_scsn_007686,1330449,1,down,134.86245727539062
-7688,anchor_scsn_007687,1330642,1,down,118.6635971069336
-7689,anchor_scsn_007688,1331044,1,down,510.0733337402344
-7690,anchor_scsn_007689,1331852,1,down,134.90078735351562
-7691,anchor_scsn_007690,1332014,1,down,71.16023254394531
-7692,anchor_scsn_007691,1332068,1,down,178.8427734375
-7693,anchor_scsn_007692,1332258,1,down,168.38442993164062
-7694,anchor_scsn_007693,1332518,1,down,53.27103805541992
-7695,anchor_scsn_007694,1332701,1,down,59.20954895019531
-7696,anchor_scsn_007695,1332831,1,down,72.22672271728516
-7697,anchor_scsn_007696,1333410,1,down,116.80306243896484
-7698,anchor_scsn_007697,1334060,1,down,82.06192016601562
-7699,anchor_scsn_007698,1334164,1,down,202.8733673095703
-7700,anchor_scsn_007699,1334174,1,down,97.20249938964844
-7701,anchor_scsn_007700,1335033,1,down,113.82511138916016
-7702,anchor_scsn_007701,1335215,1,down,74.36215209960938
-7703,anchor_scsn_007702,1335430,1,down,75.04183197021484
-7704,anchor_scsn_007703,1335923,1,down,87.75955963134766
-7705,anchor_scsn_007704,1336053,1,down,117.41535186767578
-7706,anchor_scsn_007705,1336125,1,down,336.8671875
-7707,anchor_scsn_007706,1336173,1,down,128.883056640625
-7708,anchor_scsn_007707,1336384,1,down,75.00779724121094
-7709,anchor_scsn_007708,1336544,1,down,502.596435546875
-7710,anchor_scsn_007709,1337109,1,down,50.46156311035156
-7711,anchor_scsn_007710,1337236,1,down,206.85903930664062
-7712,anchor_scsn_007711,1337523,1,down,117.94462585449219
-7713,anchor_scsn_007712,1337801,1,down,56.7739372253418
-7714,anchor_scsn_007713,1338207,1,down,125.42852020263672
-7715,anchor_scsn_007714,1338223,1,down,62.745479583740234
-7716,anchor_scsn_007715,1338420,1,down,111.79995727539062
-7717,anchor_scsn_007716,1338990,1,down,96.931396484375
-7718,anchor_scsn_007717,1339111,1,down,98.6052474975586
-7719,anchor_scsn_007718,1339539,1,down,223.23538208007812
-7720,anchor_scsn_007719,1339554,1,down,59.9542350769043
-7721,anchor_scsn_007720,1339684,1,down,66.36894226074219
-7722,anchor_scsn_007721,1339699,1,down,67.68878173828125
-7723,anchor_scsn_007722,1340945,1,down,103.12191009521484
-7724,anchor_scsn_007723,1341161,1,down,106.86160278320312
-7725,anchor_scsn_007724,1341931,1,down,89.18214416503906
-7726,anchor_scsn_007725,1342200,1,down,317.6607666015625
-7727,anchor_scsn_007726,1342572,1,down,53.12355422973633
-7728,anchor_scsn_007727,1343372,1,down,257.06298828125
-7729,anchor_scsn_007728,1344019,1,down,77.34345245361328
-7730,anchor_scsn_007729,1345321,1,down,116.29765319824219
-7731,anchor_scsn_007730,1345334,1,down,147.60250854492188
-7732,anchor_scsn_007731,1345559,1,down,217.4541473388672
-7733,anchor_scsn_007732,1345684,1,down,289.4878234863281
-7734,anchor_scsn_007733,1345942,1,down,56.39973068237305
-7735,anchor_scsn_007734,1346310,1,down,158.8271026611328
-7736,anchor_scsn_007735,1347857,1,down,118.7651596069336
-7737,anchor_scsn_007736,1348013,1,down,239.7342987060547
-7738,anchor_scsn_007737,1348254,1,down,120.72116088867188
-7739,anchor_scsn_007738,1348691,1,down,77.25164031982422
-7740,anchor_scsn_007739,1349479,1,down,56.177406311035156
-7741,anchor_scsn_007740,1351144,1,down,929.2842407226562
-7742,anchor_scsn_007741,1351720,1,down,268.4906311035156
-7743,anchor_scsn_007742,1352500,1,down,125.56786346435547
-7744,anchor_scsn_007743,1353044,1,down,72.05388641357422
-7745,anchor_scsn_007744,1353466,1,down,366.1874694824219
-7746,anchor_scsn_007745,1353563,1,down,55.99502182006836
-7747,anchor_scsn_007746,1354003,1,down,53.1960334777832
-7748,anchor_scsn_007747,1354122,1,down,342.7628173828125
-7749,anchor_scsn_007748,1355115,1,down,50.244876861572266
-7750,anchor_scsn_007749,1355122,1,down,236.95565795898438
-7751,anchor_scsn_007750,1356420,1,down,114.20305633544922
-7752,anchor_scsn_007751,1356446,1,down,109.67503356933594
-7753,anchor_scsn_007752,1357605,1,down,102.09124755859375
-7754,anchor_scsn_007753,1357945,1,down,152.76205444335938
-7755,anchor_scsn_007754,1358071,1,down,168.84124755859375
-7756,anchor_scsn_007755,1358563,1,down,348.2545166015625
-7757,anchor_scsn_007756,1359419,1,down,193.4095458984375
-7758,anchor_scsn_007757,1359647,1,down,111.21975708007812
-7759,anchor_scsn_007758,1360196,1,down,166.04486083984375
-7760,anchor_scsn_007759,1360514,1,down,54.95844650268555
-7761,anchor_scsn_007760,1361042,1,down,132.8791961669922
-7762,anchor_scsn_007761,1361645,1,down,58.10539627075195
-7763,anchor_scsn_007762,1362085,1,down,89.90846252441406
-7764,anchor_scsn_007763,1362169,1,down,99.67279052734375
-7765,anchor_scsn_007764,1363059,1,down,73.84154510498047
-7766,anchor_scsn_007765,1363077,1,down,94.04981994628906
-7767,anchor_scsn_007766,1363531,1,down,55.05486297607422
-7768,anchor_scsn_007767,1364131,1,down,294.18402099609375
-7769,anchor_scsn_007768,1364933,1,down,77.94273376464844
-7770,anchor_scsn_007769,1365514,1,down,119.66154479980469
-7771,anchor_scsn_007770,1365586,1,down,113.35460662841797
-7772,anchor_scsn_007771,1366477,1,down,81.80596160888672
-7773,anchor_scsn_007772,1366885,1,down,76.12759399414062
-7774,anchor_scsn_007773,1366941,1,down,99.71424102783203
-7775,anchor_scsn_007774,1369021,1,down,167.2000274658203
-7776,anchor_scsn_007775,1369157,1,down,314.34857177734375
-7777,anchor_scsn_007776,1369565,1,down,84.35912322998047
-7778,anchor_scsn_007777,1370806,1,down,63.914405822753906
-7779,anchor_scsn_007778,1370991,1,down,76.5145034790039
-7780,anchor_scsn_007779,1371101,1,down,53.618247985839844
-7781,anchor_scsn_007780,1372704,1,down,54.5002555847168
-7782,anchor_scsn_007781,1373204,1,down,87.33979034423828
-7783,anchor_scsn_007782,1374019,1,down,59.322364807128906
-7784,anchor_scsn_007783,1374348,1,down,81.6872787475586
-7785,anchor_scsn_007784,1374453,1,down,70.53424835205078
-7786,anchor_scsn_007785,1374634,1,down,253.6144561767578
-7787,anchor_scsn_007786,1375659,1,down,99.658935546875
-7788,anchor_scsn_007787,1376202,1,down,472.3694763183594
-7789,anchor_scsn_007788,1377568,1,down,63.210594177246094
-7790,anchor_scsn_007789,1377662,1,down,133.53370666503906
-7791,anchor_scsn_007790,1377702,1,down,251.02943420410156
-7792,anchor_scsn_007791,1377883,1,down,97.4801254272461
-7793,anchor_scsn_007792,1377957,1,down,236.76358032226562
-7794,anchor_scsn_007793,1378209,1,down,66.67938232421875
-7795,anchor_scsn_007794,1378442,1,down,183.975341796875
-7796,anchor_scsn_007795,1379141,1,down,166.8707733154297
-7797,anchor_scsn_007796,1380149,1,down,386.94866943359375
-7798,anchor_scsn_007797,1380208,1,down,122.46355438232422
-7799,anchor_scsn_007798,1380439,1,down,85.00226593017578
-7800,anchor_scsn_007799,1381220,1,down,90.96368408203125
-7801,anchor_scsn_007800,1381375,1,down,89.3302230834961
-7802,anchor_scsn_007801,1381480,1,down,237.8793182373047
-7803,anchor_scsn_007802,1381668,1,down,134.8802490234375
-7804,anchor_scsn_007803,1381750,1,down,106.712158203125
-7805,anchor_scsn_007804,1382029,1,down,60.02593231201172
-7806,anchor_scsn_007805,1382603,1,down,386.0262756347656
-7807,anchor_scsn_007806,1382974,1,down,183.77809143066406
-7808,anchor_scsn_007807,1383297,1,down,372.2206726074219
-7809,anchor_scsn_007808,1383656,1,down,79.47567749023438
-7810,anchor_scsn_007809,1384193,1,down,68.79261779785156
-7811,anchor_scsn_007810,1384470,1,down,81.39364624023438
-7812,anchor_scsn_007811,1384606,1,down,108.21089172363281
-7813,anchor_scsn_007812,1385282,1,down,91.36444854736328
-7814,anchor_scsn_007813,1385509,1,down,81.2976303100586
-7815,anchor_scsn_007814,1385723,1,down,90.9341812133789
-7816,anchor_scsn_007815,1385727,1,down,201.10447692871094
-7817,anchor_scsn_007816,1386028,1,down,192.74514770507812
-7818,anchor_scsn_007817,1387643,1,down,269.02105712890625
-7819,anchor_scsn_007818,1388381,1,down,62.869873046875
-7820,anchor_scsn_007819,1388997,1,down,55.984649658203125
-7821,anchor_scsn_007820,1389081,1,down,99.13760375976562
-7822,anchor_scsn_007821,1389437,1,down,127.0462417602539
-7823,anchor_scsn_007822,1390002,1,down,55.67701721191406
-7824,anchor_scsn_007823,1390226,1,down,66.29783630371094
-7825,anchor_scsn_007824,1390845,1,down,437.944091796875
-7826,anchor_scsn_007825,1391064,1,down,232.92018127441406
-7827,anchor_scsn_007826,1391420,1,down,100.71478271484375
-7828,anchor_scsn_007827,1391887,1,down,79.4193115234375
-7829,anchor_scsn_007828,1391999,1,down,292.6151123046875
-7830,anchor_scsn_007829,1392274,1,down,91.04629516601562
-7831,anchor_scsn_007830,1393493,1,down,96.6556625366211
-7832,anchor_scsn_007831,1393612,1,down,104.33887481689453
-7833,anchor_scsn_007832,1393842,1,down,146.76600646972656
-7834,anchor_scsn_007833,1394184,1,down,135.3798065185547
-7835,anchor_scsn_007834,1394349,1,down,79.07991027832031
-7836,anchor_scsn_007835,1395830,1,down,439.28656005859375
-7837,anchor_scsn_007836,1396008,1,down,101.61779022216797
-7838,anchor_scsn_007837,1396283,1,down,62.72315216064453
-7839,anchor_scsn_007838,1396800,1,down,80.4169692993164
-7840,anchor_scsn_007839,1396835,1,down,136.48291015625
-7841,anchor_scsn_007840,1396868,1,down,71.0405044555664
-7842,anchor_scsn_007841,1397263,1,down,80.09161376953125
-7843,anchor_scsn_007842,1397716,1,down,134.88975524902344
-7844,anchor_scsn_007843,1397896,1,down,151.29425048828125
-7845,anchor_scsn_007844,1398309,1,down,125.50617980957031
-7846,anchor_scsn_007845,1398600,1,down,150.72613525390625
-7847,anchor_scsn_007846,1400079,1,down,700.2164306640625
-7848,anchor_scsn_007847,1400128,1,down,63.03886413574219
-7849,anchor_scsn_007848,1400317,1,down,86.19485473632812
-7850,anchor_scsn_007849,1402318,1,down,104.38687896728516
-7851,anchor_scsn_007850,1403250,1,down,75.3743667602539
-7852,anchor_scsn_007851,1404318,1,down,53.01878356933594
-7853,anchor_scsn_007852,1404805,1,down,59.274417877197266
-7854,anchor_scsn_007853,1405487,1,down,55.487266540527344
-7855,anchor_scsn_007854,1406623,1,down,74.9263916015625
-7856,anchor_scsn_007855,1407243,1,down,79.02108764648438
-7857,anchor_scsn_007856,1407428,1,down,130.98683166503906
-7858,anchor_scsn_007857,1407467,1,down,57.887107849121094
-7859,anchor_scsn_007858,1407870,1,down,61.41422653198242
-7860,anchor_scsn_007859,1408362,1,down,57.68745040893555
-7861,anchor_scsn_007860,1408417,1,down,73.64642333984375
-7862,anchor_scsn_007861,1408786,1,down,146.54092407226562
-7863,anchor_scsn_007862,1409218,1,down,579.97021484375
-7864,anchor_scsn_007863,1410619,1,down,56.60934066772461
-7865,anchor_scsn_007864,1410796,1,down,250.60659790039062
-7866,anchor_scsn_007865,1410816,1,down,208.96627807617188
-7867,anchor_scsn_007866,1411061,1,down,52.91200256347656
-7868,anchor_scsn_007867,1411906,1,down,458.7030944824219
-7869,anchor_scsn_007868,1412399,1,down,73.17562103271484
-7870,anchor_scsn_007869,1412701,1,down,139.07933044433594
-7871,anchor_scsn_007870,1413189,1,down,114.3137435913086
-7872,anchor_scsn_007871,1413258,1,down,70.08694458007812
-7873,anchor_scsn_007872,1413866,1,down,77.74528503417969
-7874,anchor_scsn_007873,1414221,1,down,76.47091674804688
-7875,anchor_scsn_007874,1414239,1,down,60.89881896972656
-7876,anchor_scsn_007875,1414527,1,down,128.48931884765625
-7877,anchor_scsn_007876,1414986,1,down,72.3349838256836
-7878,anchor_scsn_007877,1415638,1,down,54.01948928833008
-7879,anchor_scsn_007878,1415739,1,down,151.56004333496094
-7880,anchor_scsn_007879,1415889,1,down,59.3754768371582
-7881,anchor_scsn_007880,1415952,1,down,143.1181182861328
-7882,anchor_scsn_007881,1416669,1,down,51.82130432128906
-7883,anchor_scsn_007882,1418541,1,down,77.55960845947266
-7884,anchor_scsn_007883,1419538,1,down,251.34654235839844
-7885,anchor_scsn_007884,1420371,1,down,135.304443359375
-7886,anchor_scsn_007885,1420814,1,down,256.776611328125
-7887,anchor_scsn_007886,1421672,1,down,161.34396362304688
-7888,anchor_scsn_007887,1422502,1,down,920.1504516601562
-7889,anchor_scsn_007888,1422598,1,down,61.02570343017578
-7890,anchor_scsn_007889,1423970,1,down,364.8618469238281
-7891,anchor_scsn_007890,1424221,1,down,107.32148742675781
-7892,anchor_scsn_007891,1424243,1,down,103.04303741455078
-7893,anchor_scsn_007892,1424901,1,down,168.60179138183594
-7894,anchor_scsn_007893,1426009,1,down,153.297119140625
-7895,anchor_scsn_007894,1426033,1,down,63.073299407958984
-7896,anchor_scsn_007895,1426296,1,down,111.00074005126953
-7897,anchor_scsn_007896,1427775,1,down,87.26911926269531
-7898,anchor_scsn_007897,1429147,1,down,96.11607360839844
-7899,anchor_scsn_007898,1430143,1,down,101.49803924560547
-7900,anchor_scsn_007899,1430396,1,down,85.18726348876953
-7901,anchor_scsn_007900,1430705,1,down,137.5183868408203
-7902,anchor_scsn_007901,1430932,1,down,60.31346893310547
-7903,anchor_scsn_007902,1431229,1,down,128.96893310546875
-7904,anchor_scsn_007903,1431744,1,down,93.35161590576172
-7905,anchor_scsn_007904,1432362,1,down,64.478515625
-7906,anchor_scsn_007905,1432408,1,down,151.6497039794922
-7907,anchor_scsn_007906,1432804,1,down,67.48334503173828
-7908,anchor_scsn_007907,1432997,1,down,87.88702392578125
-7909,anchor_scsn_007908,1433056,1,down,272.81439208984375
-7910,anchor_scsn_007909,1433349,1,down,86.00679779052734
-7911,anchor_scsn_007910,1433395,1,down,131.56390380859375
-7912,anchor_scsn_007911,1433805,1,down,62.23637390136719
-7913,anchor_scsn_007912,1433822,1,down,64.90082550048828
-7914,anchor_scsn_007913,1434180,1,down,243.88037109375
-7915,anchor_scsn_007914,1434510,1,down,52.806739807128906
-7916,anchor_scsn_007915,1434551,1,down,64.72923278808594
-7917,anchor_scsn_007916,1434768,1,down,149.54275512695312
-7918,anchor_scsn_007917,1434809,1,down,81.10296630859375
-7919,anchor_scsn_007918,1434830,1,down,109.60482025146484
-7920,anchor_scsn_007919,1436337,1,down,62.96289825439453
-7921,anchor_scsn_007920,1437134,1,down,56.10441589355469
-7922,anchor_scsn_007921,1437252,1,down,52.854488372802734
-7923,anchor_scsn_007922,1437749,1,down,123.1426010131836
-7924,anchor_scsn_007923,1437974,1,down,291.70770263671875
-7925,anchor_scsn_007924,1438130,1,down,242.34376525878906
-7926,anchor_scsn_007925,1439732,1,down,210.6109619140625
-7927,anchor_scsn_007926,1439967,1,down,125.95114135742188
-7928,anchor_scsn_007927,1441207,1,down,399.6147155761719
-7929,anchor_scsn_007928,1441808,1,down,69.04645538330078
-7930,anchor_scsn_007929,1442847,1,down,83.45683288574219
-7931,anchor_scsn_007930,1443527,1,down,240.02561950683594
-7932,anchor_scsn_007931,1443751,1,down,160.46873474121094
-7933,anchor_scsn_007932,1444397,1,down,130.7367706298828
-7934,anchor_scsn_007933,1445712,1,down,56.38503646850586
-7935,anchor_scsn_007934,1445799,1,down,72.16674041748047
-7936,anchor_scsn_007935,1446878,1,down,327.8558654785156
-7937,anchor_scsn_007936,1447284,1,down,72.34208679199219
-7938,anchor_scsn_007937,1448645,1,down,190.6353759765625
-7939,anchor_scsn_007938,1449173,1,down,64.69017028808594
-7940,anchor_scsn_007939,1449365,1,down,58.32133102416992
-7941,anchor_scsn_007940,1449717,1,down,73.27835845947266
-7942,anchor_scsn_007941,1450405,1,down,361.67596435546875
-7943,anchor_scsn_007942,1450719,1,down,141.1278533935547
-7944,anchor_scsn_007943,1451251,1,down,123.6983871459961
-7945,anchor_scsn_007944,1451493,1,down,209.43226623535156
-7946,anchor_scsn_007945,1451953,1,down,59.28047561645508
-7947,anchor_scsn_007946,1452841,1,down,196.97059631347656
-7948,anchor_scsn_007947,1453233,1,down,190.4964599609375
-7949,anchor_scsn_007948,1454308,1,down,52.78778076171875
-7950,anchor_scsn_007949,1455030,1,down,128.02780151367188
-7951,anchor_scsn_007950,1455694,1,down,61.80860900878906
-7952,anchor_scsn_007951,1457101,1,down,74.3911361694336
-7953,anchor_scsn_007952,1458141,1,down,553.9736938476562
-7954,anchor_scsn_007953,1459835,1,down,111.32434844970703
-7955,anchor_scsn_007954,1459915,1,down,119.98648834228516
-7956,anchor_scsn_007955,1461115,1,down,66.40290832519531
-7957,anchor_scsn_007956,1461262,1,down,52.8142204284668
-7958,anchor_scsn_007957,1461673,1,down,87.69087982177734
-7959,anchor_scsn_007958,1462380,1,down,85.3793716430664
-7960,anchor_scsn_007959,1463413,1,down,62.72547149658203
-7961,anchor_scsn_007960,1463823,1,down,86.13046264648438
-7962,anchor_scsn_007961,1464056,1,down,58.944007873535156
-7963,anchor_scsn_007962,1465339,1,down,61.52345275878906
-7964,anchor_scsn_007963,1465394,1,down,185.43301391601562
-7965,anchor_scsn_007964,1465920,1,down,52.6832275390625
-7966,anchor_scsn_007965,1466550,1,down,76.48990631103516
-7967,anchor_scsn_007966,1466828,1,down,62.55915832519531
-7968,anchor_scsn_007967,1467263,1,down,323.83489990234375
-7969,anchor_scsn_007968,1468552,1,down,77.15144348144531
-7970,anchor_scsn_007969,1469551,1,down,318.7533264160156
-7971,anchor_scsn_007970,1469621,1,down,58.92227554321289
-7972,anchor_scsn_007971,1469805,1,down,88.26788330078125
-7973,anchor_scsn_007972,1469956,1,down,137.06211853027344
-7974,anchor_scsn_007973,1470500,1,down,160.2689971923828
-7975,anchor_scsn_007974,1470698,1,down,59.835205078125
-7976,anchor_scsn_007975,1471185,1,down,64.81080627441406
-7977,anchor_scsn_007976,1471617,1,down,93.25297546386719
-7978,anchor_scsn_007977,1472063,1,down,54.497802734375
-7979,anchor_scsn_007978,1472246,1,down,84.70336151123047
-7980,anchor_scsn_007979,1473084,1,down,140.05776977539062
-7981,anchor_scsn_007980,1473915,1,down,96.95097351074219
-7982,anchor_scsn_007981,1473976,1,down,72.40010833740234
-7983,anchor_scsn_007982,1474578,1,down,79.13177490234375
-7984,anchor_scsn_007983,1475136,1,down,62.983219146728516
-7985,anchor_scsn_007984,1476794,1,down,535.4708862304688
-7986,anchor_scsn_007985,1478364,1,down,228.24844360351562
-7987,anchor_scsn_007986,1478877,1,down,211.72213745117188
-7988,anchor_scsn_007987,1478908,1,down,52.18607711791992
-7989,anchor_scsn_007988,1478921,1,down,100.93022155761719
-7990,anchor_scsn_007989,1478974,1,down,55.72038650512695
-7991,anchor_scsn_007990,1479473,1,down,107.3106918334961
-7992,anchor_scsn_007991,1479642,1,down,50.914581298828125
-7993,anchor_scsn_007992,1480939,1,down,55.85704803466797
-7994,anchor_scsn_007993,1481056,1,down,68.78553009033203
-7995,anchor_scsn_007994,1481339,1,down,110.68054962158203
-7996,anchor_scsn_007995,1481808,1,down,245.8802947998047
-7997,anchor_scsn_007996,1482071,1,down,155.8528289794922
-7998,anchor_scsn_007997,1482905,1,down,125.82166290283203
-7999,anchor_scsn_007998,1483141,1,down,126.98593139648438
-8000,anchor_scsn_007999,1483667,1,down,61.04520034790039
-8001,anchor_scsn_008000,1484878,1,down,118.91373443603516
-8002,anchor_scsn_008001,1486027,1,down,55.89012145996094
-8003,anchor_scsn_008002,1486103,1,down,119.5340805053711
-8004,anchor_scsn_008003,1486622,1,down,275.06036376953125
-8005,anchor_scsn_008004,1486913,1,down,72.36830139160156
-8006,anchor_scsn_008005,1487036,1,down,555.3292846679688
-8007,anchor_scsn_008006,1487365,1,down,72.15968322753906
-8008,anchor_scsn_008007,1487486,1,down,66.71654510498047
-8009,anchor_scsn_008008,1487782,1,down,53.05514907836914
-8010,anchor_scsn_008009,1488857,1,down,229.55557250976562
-8011,anchor_scsn_008010,1489226,1,down,461.3962097167969
-8012,anchor_scsn_008011,1489687,1,down,61.83302688598633
-8013,anchor_scsn_008012,1490102,1,down,215.22889709472656
-8014,anchor_scsn_008013,1490515,1,down,50.995872497558594
-8015,anchor_scsn_008014,1491591,1,down,73.90545654296875
-8016,anchor_scsn_008015,1491762,1,down,251.5184326171875
-8017,anchor_scsn_008016,1493211,1,down,121.11347198486328
-8018,anchor_scsn_008017,1493863,1,down,65.07549285888672
-8019,anchor_scsn_008018,1494090,1,down,108.07301330566406
-8020,anchor_scsn_008019,1494730,1,down,82.56400299072266
-8021,anchor_scsn_008020,1494902,1,down,79.40229034423828
-8022,anchor_scsn_008021,1495040,1,down,51.50151062011719
-8023,anchor_scsn_008022,1495101,1,down,78.85340881347656
-8024,anchor_scsn_008023,1495656,1,down,125.73107147216797
-8025,anchor_scsn_008024,1496459,1,down,82.89923858642578
-8026,anchor_scsn_008025,1497242,1,down,148.2790985107422
-8027,anchor_scsn_008026,1497639,1,down,80.22968292236328
-8028,anchor_scsn_008027,1499427,1,down,113.20771789550781
-8029,anchor_scsn_008028,1499436,1,down,90.4403305053711
-8030,anchor_scsn_008029,1499674,1,down,229.0071563720703
-8031,anchor_scsn_008030,1499811,1,down,109.52489471435547
-8032,anchor_scsn_008031,1499834,1,down,122.01258087158203
-8033,anchor_scsn_008032,1499976,1,down,200.23402404785156
-8034,anchor_scsn_008033,1500802,1,down,90.6868896484375
-8035,anchor_scsn_008034,1502022,1,down,88.57666778564453
-8036,anchor_scsn_008035,1503282,1,down,176.7664794921875
-8037,anchor_scsn_008036,1503324,1,down,358.95233154296875
-8038,anchor_scsn_008037,1503326,1,down,63.698814392089844
-8039,anchor_scsn_008038,1503380,1,down,66.79170227050781
-8040,anchor_scsn_008039,1504482,1,down,106.71896362304688
-8041,anchor_scsn_008040,1504733,1,down,550.2706909179688
-8042,anchor_scsn_008041,1505195,1,down,63.77122497558594
-8043,anchor_scsn_008042,1505385,1,down,530.593994140625
-8044,anchor_scsn_008043,1505728,1,down,72.04253387451172
-8045,anchor_scsn_008044,1506168,1,down,50.143516540527344
-8046,anchor_scsn_008045,1506576,1,down,63.66313934326172
-8047,anchor_scsn_008046,1506711,1,down,96.79303741455078
-8048,anchor_scsn_008047,1506746,1,down,79.70503997802734
-8049,anchor_scsn_008048,1507190,1,down,296.0382995605469
-8050,anchor_scsn_008049,1507682,1,down,57.22795486450195
-8051,anchor_scsn_008050,1507931,1,down,112.60730743408203
-8052,anchor_scsn_008051,1508289,1,down,388.1373596191406
-8053,anchor_scsn_008052,1508787,1,down,73.7889175415039
-8054,anchor_scsn_008053,1508951,1,down,91.13194274902344
-8055,anchor_scsn_008054,1509084,1,down,129.05026245117188
-8056,anchor_scsn_008055,1510079,1,down,68.77971649169922
-8057,anchor_scsn_008056,1510876,1,down,336.8485107421875
-8058,anchor_scsn_008057,1511446,1,down,76.08509826660156
-8059,anchor_scsn_008058,1511660,1,down,168.642822265625
-8060,anchor_scsn_008059,1512088,1,down,141.17433166503906
-8061,anchor_scsn_008060,1513286,1,down,131.64175415039062
-8062,anchor_scsn_008061,1513518,1,down,55.298919677734375
-8063,anchor_scsn_008062,1513715,1,down,88.0167465209961
-8064,anchor_scsn_008063,1514320,1,down,543.1370849609375
-8065,anchor_scsn_008064,1514336,1,down,207.05747985839844
-8066,anchor_scsn_008065,1514647,1,down,105.62145233154297
-8067,anchor_scsn_008066,1515293,1,down,90.18058776855469
-8068,anchor_scsn_008067,1515372,1,down,112.22679901123047
-8069,anchor_scsn_008068,1516140,1,down,167.34275817871094
-8070,anchor_scsn_008069,1516383,1,down,368.4141540527344
-8071,anchor_scsn_008070,1516660,1,down,168.83795166015625
-8072,anchor_scsn_008071,1516801,1,down,89.58668518066406
-8073,anchor_scsn_008072,1517527,1,down,59.85946273803711
-8074,anchor_scsn_008073,1518507,1,down,108.61231231689453
-8075,anchor_scsn_008074,1518512,1,down,164.8260955810547
-8076,anchor_scsn_008075,1518699,1,down,92.83512878417969
-8077,anchor_scsn_008076,1519963,1,down,267.33349609375
-8078,anchor_scsn_008077,1520171,1,down,199.01812744140625
-8079,anchor_scsn_008078,1520307,1,down,237.54916381835938
-8080,anchor_scsn_008079,1520725,1,down,76.4220199584961
-8081,anchor_scsn_008080,1520859,1,down,331.033447265625
-8082,anchor_scsn_008081,1521767,1,down,58.65040969848633
-8083,anchor_scsn_008082,1522096,1,down,120.12702178955078
-8084,anchor_scsn_008083,1522343,1,down,72.59281921386719
-8085,anchor_scsn_008084,1522390,1,down,54.09260940551758
-8086,anchor_scsn_008085,1522700,1,down,322.01214599609375
-8087,anchor_scsn_008086,1522755,1,down,80.65949249267578
-8088,anchor_scsn_008087,1522901,1,down,92.82063293457031
-8089,anchor_scsn_008088,1523038,1,down,50.30529022216797
-8090,anchor_scsn_008089,1523508,1,down,50.37221145629883
-8091,anchor_scsn_008090,1523618,1,down,52.72121047973633
-8092,anchor_scsn_008091,1524926,1,down,62.55817413330078
-8093,anchor_scsn_008092,1526583,1,down,118.952880859375
-8094,anchor_scsn_008093,1527140,1,down,202.02523803710938
-8095,anchor_scsn_008094,1527166,1,down,50.820762634277344
-8096,anchor_scsn_008095,1527944,1,down,85.5647201538086
-8097,anchor_scsn_008096,1527960,1,down,215.9256134033203
-8098,anchor_scsn_008097,1528403,1,down,261.0469055175781
-8099,anchor_scsn_008098,1529145,1,down,415.3290710449219
-8100,anchor_scsn_008099,1529211,1,down,64.10575866699219
-8101,anchor_scsn_008100,1530157,1,down,121.84949493408203
-8102,anchor_scsn_008101,1530249,1,down,159.6970977783203
-8103,anchor_scsn_008102,1530484,1,down,85.83354949951172
-8104,anchor_scsn_008103,1531552,1,down,118.87509155273438
-8105,anchor_scsn_008104,1531762,1,down,99.10192108154297
-8106,anchor_scsn_008105,1531933,1,down,148.2508087158203
-8107,anchor_scsn_008106,1531950,1,down,476.12841796875
-8108,anchor_scsn_008107,1533129,1,down,74.79717254638672
-8109,anchor_scsn_008108,1533132,1,down,106.6811752319336
-8110,anchor_scsn_008109,1533661,1,down,80.21793365478516
-8111,anchor_scsn_008110,1533923,1,down,102.0381088256836
-8112,anchor_scsn_008111,1534537,1,down,118.58634948730469
-8113,anchor_scsn_008112,1534642,1,down,58.54785919189453
-8114,anchor_scsn_008113,1535702,1,down,83.86195373535156
-8115,anchor_scsn_008114,1536137,1,down,141.9337921142578
-8116,anchor_scsn_008115,1536669,1,down,78.9693603515625
-8117,anchor_scsn_008116,1537056,1,down,182.95291137695312
-8118,anchor_scsn_008117,1537646,1,down,176.14793395996094
-8119,anchor_scsn_008118,1538055,1,down,55.9692268371582
-8120,anchor_scsn_008119,1539849,1,down,94.69544982910156
-8121,anchor_scsn_008120,1540314,1,down,64.47346496582031
-8122,anchor_scsn_008121,1540378,1,down,73.53260040283203
-8123,anchor_scsn_008122,1540805,1,down,91.4384536743164
-8124,anchor_scsn_008123,1541260,1,down,175.2119598388672
-8125,anchor_scsn_008124,1542235,1,down,80.7492446899414
-8126,anchor_scsn_008125,1542741,1,down,311.8688049316406
-8127,anchor_scsn_008126,1542899,1,down,155.3717041015625
-8128,anchor_scsn_008127,1544284,1,down,162.1768798828125
-8129,anchor_scsn_008128,1544726,1,down,230.34005737304688
-8130,anchor_scsn_008129,1544735,1,down,84.28131866455078
-8131,anchor_scsn_008130,1545140,1,down,90.29499053955078
-8132,anchor_scsn_008131,1545890,1,down,312.677734375
-8133,anchor_scsn_008132,1546082,1,down,55.482276916503906
-8134,anchor_scsn_008133,1546138,1,down,82.84003448486328
-8135,anchor_scsn_008134,1546357,1,down,232.57606506347656
-8136,anchor_scsn_008135,1547017,1,down,52.33763122558594
-8137,anchor_scsn_008136,1547583,1,down,57.54291534423828
-8138,anchor_scsn_008137,1548320,1,down,89.20421600341797
-8139,anchor_scsn_008138,1548433,1,down,131.43612670898438
-8140,anchor_scsn_008139,1549239,1,down,142.6442108154297
-8141,anchor_scsn_008140,1549300,1,down,55.57111358642578
-8142,anchor_scsn_008141,1549846,1,down,802.639892578125
-8143,anchor_scsn_008142,1550165,1,down,51.09395980834961
-8144,anchor_scsn_008143,1550197,1,down,114.15936279296875
-8145,anchor_scsn_008144,1550537,1,down,148.5538787841797
-8146,anchor_scsn_008145,1552390,1,down,432.1565246582031
-8147,anchor_scsn_008146,1554162,1,down,116.99497985839844
-8148,anchor_scsn_008147,1554631,1,down,67.45404815673828
-8149,anchor_scsn_008148,1554887,1,down,104.13138580322266
-8150,anchor_scsn_008149,1554970,1,down,341.943115234375
-8151,anchor_scsn_008150,1555931,1,down,85.96923065185547
-8152,anchor_scsn_008151,1556436,1,down,57.85834884643555
-8153,anchor_scsn_008152,1556496,1,down,58.07988739013672
-8154,anchor_scsn_008153,1556774,1,down,188.1468963623047
-8155,anchor_scsn_008154,1556879,1,down,83.68766021728516
-8156,anchor_scsn_008155,1557524,1,down,56.202083587646484
-8157,anchor_scsn_008156,1558524,1,down,53.339969635009766
-8158,anchor_scsn_008157,1559794,1,down,58.27662658691406
-8159,anchor_scsn_008158,1560892,1,down,81.85698699951172
-8160,anchor_scsn_008159,1561626,1,down,59.853145599365234
-8161,anchor_scsn_008160,1562509,1,down,57.89201736450195
-8162,anchor_scsn_008161,1563076,1,down,57.449100494384766
-8163,anchor_scsn_008162,1563205,1,down,145.50518798828125
-8164,anchor_scsn_008163,1563279,1,down,67.78166198730469
-8165,anchor_scsn_008164,1564317,1,down,91.15284729003906
-8166,anchor_scsn_008165,1564798,1,down,104.4599838256836
-8167,anchor_scsn_008166,1565185,1,down,704.919921875
-8168,anchor_scsn_008167,1565540,1,down,89.53863525390625
-8169,anchor_scsn_008168,1565756,1,down,228.74957275390625
-8170,anchor_scsn_008169,1566358,1,down,131.7356414794922
-8171,anchor_scsn_008170,1566484,1,down,62.4010124206543
-8172,anchor_scsn_008171,1567447,1,down,50.66532516479492
-8173,anchor_scsn_008172,1567653,1,down,52.034645080566406
-8174,anchor_scsn_008173,1568699,1,down,56.558406829833984
-8175,anchor_scsn_008174,1570244,1,down,100.93821716308594
-8176,anchor_scsn_008175,1571461,1,down,51.27324676513672
-8177,anchor_scsn_008176,1571896,1,down,51.57170867919922
-8178,anchor_scsn_008177,1573431,1,down,149.6225128173828
-8179,anchor_scsn_008178,1573594,1,down,52.61735916137695
-8180,anchor_scsn_008179,1575950,1,down,54.89617156982422
-8181,anchor_scsn_008180,1576600,1,down,81.29158782958984
-8182,anchor_scsn_008181,1576703,1,down,53.9698486328125
-8183,anchor_scsn_008182,1577236,1,down,60.91122055053711
-8184,anchor_scsn_008183,1577570,1,down,117.5086669921875
-8185,anchor_scsn_008184,1577653,1,down,255.919189453125
-8186,anchor_scsn_008185,1577711,1,down,93.91500091552734
-8187,anchor_scsn_008186,1578833,1,down,80.96420288085938
-8188,anchor_scsn_008187,1579181,1,down,79.02294158935547
-8189,anchor_scsn_008188,1579699,1,down,203.54052734375
-8190,anchor_scsn_008189,1579879,1,down,108.14726257324219
-8191,anchor_scsn_008190,1580545,1,down,847.8176879882812
-8192,anchor_scsn_008191,1580871,1,down,181.2571258544922
-8193,anchor_scsn_008192,1581036,1,down,195.09140014648438
-8194,anchor_scsn_008193,1581068,1,down,104.261962890625
-8195,anchor_scsn_008194,1582482,1,down,50.11366653442383
-8196,anchor_scsn_008195,1582562,1,down,81.91228485107422
-8197,anchor_scsn_008196,1583177,1,down,104.34453582763672
-8198,anchor_scsn_008197,1583429,1,down,195.93521118164062
-8199,anchor_scsn_008198,1583560,1,down,245.26797485351562
-8200,anchor_scsn_008199,1584078,1,down,123.120849609375
-8201,anchor_scsn_008200,1584142,1,down,53.21669387817383
-8202,anchor_scsn_008201,1584482,1,down,72.16670227050781
-8203,anchor_scsn_008202,1584745,1,down,76.51297760009766
-8204,anchor_scsn_008203,1585497,1,down,912.804931640625
-8205,anchor_scsn_008204,1586083,1,down,125.64636993408203
-8206,anchor_scsn_008205,1586305,1,down,154.7987823486328
-8207,anchor_scsn_008206,1586766,1,down,53.90762710571289
-8208,anchor_scsn_008207,1586879,1,down,54.369529724121094
-8209,anchor_scsn_008208,1586961,1,down,290.2341003417969
-8210,anchor_scsn_008209,1587437,1,down,51.29652404785156
-8211,anchor_scsn_008210,1587479,1,down,584.1317749023438
-8212,anchor_scsn_008211,1587590,1,down,53.26742935180664
-8213,anchor_scsn_008212,1588938,1,down,53.32782745361328
-8214,anchor_scsn_008213,1589329,1,down,71.69398498535156
-8215,anchor_scsn_008214,1589714,1,down,145.11749267578125
-8216,anchor_scsn_008215,1589745,1,down,116.74927520751953
-8217,anchor_scsn_008216,1590085,1,down,62.99250030517578
-8218,anchor_scsn_008217,1590313,1,down,60.526737213134766
-8219,anchor_scsn_008218,1590324,1,down,76.115234375
-8220,anchor_scsn_008219,1590750,1,down,159.47445678710938
-8221,anchor_scsn_008220,1591338,1,down,105.56983184814453
-8222,anchor_scsn_008221,1591447,1,down,111.31859588623047
-8223,anchor_scsn_008222,1591693,1,down,62.457183837890625
-8224,anchor_scsn_008223,1591719,1,down,79.00856018066406
-8225,anchor_scsn_008224,1592077,1,down,151.71685791015625
-8226,anchor_scsn_008225,1592230,1,down,169.22207641601562
-8227,anchor_scsn_008226,1593426,1,down,67.84156799316406
-8228,anchor_scsn_008227,1593465,1,down,220.7869415283203
-8229,anchor_scsn_008228,1593493,1,down,157.08480834960938
-8230,anchor_scsn_008229,1593938,1,down,154.3795928955078
-8231,anchor_scsn_008230,1594208,1,down,106.69392395019531
-8232,anchor_scsn_008231,1595250,1,down,434.31927490234375
-8233,anchor_scsn_008232,1595701,1,down,51.95192337036133
-8234,anchor_scsn_008233,1596141,1,down,67.37080383300781
-8235,anchor_scsn_008234,1596498,1,down,59.86357879638672
-8236,anchor_scsn_008235,1596592,1,down,327.3338317871094
-8237,anchor_scsn_008236,1596828,1,down,75.80091094970703
-8238,anchor_scsn_008237,1597784,1,down,98.49588012695312
-8239,anchor_scsn_008238,1597946,1,down,426.3498229980469
-8240,anchor_scsn_008239,1598664,1,down,96.89100646972656
-8241,anchor_scsn_008240,1599156,1,down,62.45677185058594
-8242,anchor_scsn_008241,1599926,1,down,112.01400756835938
-8243,anchor_scsn_008242,1600427,1,down,65.59809112548828
-8244,anchor_scsn_008243,1600501,1,down,73.58035278320312
-8245,anchor_scsn_008244,1600892,1,down,104.67106628417969
-8246,anchor_scsn_008245,1601080,1,down,65.90325927734375
-8247,anchor_scsn_008246,1601392,1,down,52.649959564208984
-8248,anchor_scsn_008247,1601612,1,down,58.18327331542969
-8249,anchor_scsn_008248,1601677,1,down,114.5001220703125
-8250,anchor_scsn_008249,1601794,1,down,62.56467056274414
-8251,anchor_scsn_008250,1602140,1,down,234.57720947265625
-8252,anchor_scsn_008251,1602595,1,down,56.057891845703125
-8253,anchor_scsn_008252,1602793,1,down,251.55682373046875
-8254,anchor_scsn_008253,1604689,1,down,657.1102294921875
-8255,anchor_scsn_008254,1604977,1,down,101.7873764038086
-8256,anchor_scsn_008255,1605399,1,down,53.85488510131836
-8257,anchor_scsn_008256,1606257,1,down,136.17230224609375
-8258,anchor_scsn_008257,1606481,1,down,260.02362060546875
-8259,anchor_scsn_008258,1606670,1,down,93.62390899658203
-8260,anchor_scsn_008259,1607068,1,down,120.73172760009766
-8261,anchor_scsn_008260,1607432,1,down,156.76644897460938
-8262,anchor_scsn_008261,1611238,1,down,392.79266357421875
-8263,anchor_scsn_008262,1611249,1,down,182.9863739013672
-8264,anchor_scsn_008263,1611358,1,down,539.6220092773438
-8265,anchor_scsn_008264,1612016,1,down,70.28260803222656
-8266,anchor_scsn_008265,1612257,1,down,142.84091186523438
-8267,anchor_scsn_008266,1612779,1,down,314.28668212890625
-8268,anchor_scsn_008267,1613381,1,down,94.49788665771484
-8269,anchor_scsn_008268,1613985,1,down,53.18509292602539
-8270,anchor_scsn_008269,1614446,1,down,58.9083366394043
-8271,anchor_scsn_008270,1614616,1,down,164.24728393554688
-8272,anchor_scsn_008271,1614667,1,down,208.6529998779297
-8273,anchor_scsn_008272,1614714,1,down,120.9284896850586
-8274,anchor_scsn_008273,1615699,1,down,59.6181640625
-8275,anchor_scsn_008274,1616062,1,down,204.533447265625
-8276,anchor_scsn_008275,1616183,1,down,70.16326141357422
-8277,anchor_scsn_008276,1617638,1,down,59.85810470581055
-8278,anchor_scsn_008277,1618043,1,down,95.90766906738281
-8279,anchor_scsn_008278,1618358,1,down,797.8473510742188
-8280,anchor_scsn_008279,1618388,1,down,335.95068359375
-8281,anchor_scsn_008280,1619244,1,down,53.4658317565918
-8282,anchor_scsn_008281,1620527,1,down,148.55303955078125
-8283,anchor_scsn_008282,1620930,1,down,193.9844512939453
-8284,anchor_scsn_008283,1621354,1,down,208.94761657714844
-8285,anchor_scsn_008284,1622289,1,down,69.79239654541016
-8286,anchor_scsn_008285,1622290,1,down,77.90697479248047
-8287,anchor_scsn_008286,1622325,1,down,76.15312194824219
-8288,anchor_scsn_008287,1623554,1,down,65.26520538330078
-8289,anchor_scsn_008288,1623604,1,down,117.38925170898438
-8290,anchor_scsn_008289,1624640,1,down,190.1425018310547
-8291,anchor_scsn_008290,1624761,1,down,61.33808898925781
-8292,anchor_scsn_008291,1624955,1,down,55.24277877807617
-8293,anchor_scsn_008292,1625124,1,down,668.3236083984375
-8294,anchor_scsn_008293,1625769,1,down,115.73966979980469
-8295,anchor_scsn_008294,1627890,1,down,67.3714599609375
-8296,anchor_scsn_008295,1628693,1,down,71.24837493896484
-8297,anchor_scsn_008296,1628893,1,down,57.787933349609375
-8298,anchor_scsn_008297,1629457,1,down,362.82147216796875
-8299,anchor_scsn_008298,1629568,1,down,94.65692138671875
-8300,anchor_scsn_008299,1629675,1,down,107.49232482910156
-8301,anchor_scsn_008300,1629951,1,down,832.9098510742188
-8302,anchor_scsn_008301,1630841,1,down,73.14178466796875
-8303,anchor_scsn_008302,1630978,1,down,53.11775588989258
-8304,anchor_scsn_008303,1631582,1,down,103.79486083984375
-8305,anchor_scsn_008304,1631763,1,down,64.798095703125
-8306,anchor_scsn_008305,1632083,1,down,77.85822296142578
-8307,anchor_scsn_008306,1632275,1,down,72.59603118896484
-8308,anchor_scsn_008307,1632637,1,down,50.809608459472656
-8309,anchor_scsn_008308,1633141,1,down,55.45680236816406
-8310,anchor_scsn_008309,1633213,1,down,112.63119506835938
-8311,anchor_scsn_008310,1633377,1,down,145.3585205078125
-8312,anchor_scsn_008311,1633609,1,down,197.7828369140625
-8313,anchor_scsn_008312,1633665,1,down,70.06838989257812
-8314,anchor_scsn_008313,1635412,1,down,827.0532836914062
-8315,anchor_scsn_008314,1635448,1,down,64.2377700805664
-8316,anchor_scsn_008315,1636102,1,down,50.92420196533203
-8317,anchor_scsn_008316,1636212,1,down,53.69178009033203
-8318,anchor_scsn_008317,1637928,1,down,514.043212890625
-8319,anchor_scsn_008318,1638224,1,down,144.6568145751953
-8320,anchor_scsn_008319,1638380,1,down,61.665950775146484
-8321,anchor_scsn_008320,1638683,1,down,697.2813110351562
-8322,anchor_scsn_008321,1638700,1,down,99.71881866455078
-8323,anchor_scsn_008322,1638766,1,down,219.5176239013672
-8324,anchor_scsn_008323,1639288,1,down,253.09095764160156
-8325,anchor_scsn_008324,1640884,1,down,116.01654815673828
-8326,anchor_scsn_008325,1641029,1,down,102.61322021484375
-8327,anchor_scsn_008326,1641229,1,down,119.31941986083984
-8328,anchor_scsn_008327,1642060,1,down,130.5231170654297
-8329,anchor_scsn_008328,1642311,1,down,152.35174560546875
-8330,anchor_scsn_008329,1642756,1,down,164.77574157714844
-8331,anchor_scsn_008330,1643492,1,down,56.25429916381836
-8332,anchor_scsn_008331,1643644,1,down,92.71692657470703
-8333,anchor_scsn_008332,1644536,1,down,52.16822052001953
-8334,anchor_scsn_008333,1644740,1,down,227.69607543945312
-8335,anchor_scsn_008334,1644851,1,down,61.26280212402344
-8336,anchor_scsn_008335,1645225,1,down,105.2289810180664
-8337,anchor_scsn_008336,1645448,1,down,163.7095489501953
-8338,anchor_scsn_008337,1645921,1,down,152.05902099609375
-8339,anchor_scsn_008338,1646109,1,down,70.30184173583984
-8340,anchor_scsn_008339,1646687,1,down,154.66726684570312
-8341,anchor_scsn_008340,1646982,1,down,79.61711120605469
-8342,anchor_scsn_008341,1647345,1,down,88.64920043945312
-8343,anchor_scsn_008342,1647551,1,down,177.6806182861328
-8344,anchor_scsn_008343,1648319,1,down,56.088077545166016
-8345,anchor_scsn_008344,1649561,1,down,156.97364807128906
-8346,anchor_scsn_008345,1650261,1,down,211.6988067626953
-8347,anchor_scsn_008346,1650642,1,down,74.47219848632812
-8348,anchor_scsn_008347,1651199,1,down,56.6059455871582
-8349,anchor_scsn_008348,1651610,1,down,108.33807373046875
-8350,anchor_scsn_008349,1652258,1,down,73.8930435180664
-8351,anchor_scsn_008350,1652526,1,down,52.991783142089844
-8352,anchor_scsn_008351,1653045,1,down,86.4775390625
-8353,anchor_scsn_008352,1653529,1,down,430.0576477050781
-8354,anchor_scsn_008353,1653712,1,down,66.26058959960938
-8355,anchor_scsn_008354,1655416,1,down,63.55857849121094
-8356,anchor_scsn_008355,1655506,1,down,66.47978210449219
-8357,anchor_scsn_008356,1655735,1,down,166.32125854492188
-8358,anchor_scsn_008357,1655934,1,down,259.9486999511719
-8359,anchor_scsn_008358,1656684,1,down,135.860107421875
-8360,anchor_scsn_008359,1656721,1,down,178.5060272216797
-8361,anchor_scsn_008360,1657016,1,down,90.39563751220703
-8362,anchor_scsn_008361,1657090,1,down,200.79896545410156
-8363,anchor_scsn_008362,1657179,1,down,193.59133911132812
-8364,anchor_scsn_008363,1657697,1,down,173.0166015625
-8365,anchor_scsn_008364,1657755,1,down,287.7457275390625
-8366,anchor_scsn_008365,1658639,1,down,58.716270446777344
-8367,anchor_scsn_008366,1658813,1,down,67.30154418945312
-8368,anchor_scsn_008367,1658860,1,down,122.2031478881836
-8369,anchor_scsn_008368,1659166,1,down,86.95484924316406
-8370,anchor_scsn_008369,1659802,1,down,61.381858825683594
-8371,anchor_scsn_008370,1660830,1,down,104.05384826660156
-8372,anchor_scsn_008371,1661991,1,down,218.06614685058594
-8373,anchor_scsn_008372,1663078,1,down,54.85381317138672
-8374,anchor_scsn_008373,1663404,1,down,53.47487258911133
-8375,anchor_scsn_008374,1663469,1,down,65.10110473632812
-8376,anchor_scsn_008375,1664025,1,down,92.84378051757812
-8377,anchor_scsn_008376,1665499,1,down,73.65270233154297
-8378,anchor_scsn_008377,1666296,1,down,176.18052673339844
-8379,anchor_scsn_008378,1666402,1,down,101.93946075439453
-8380,anchor_scsn_008379,1666746,1,down,300.7867431640625
-8381,anchor_scsn_008380,1666877,1,down,229.885986328125
-8382,anchor_scsn_008381,1667052,1,down,160.81361389160156
-8383,anchor_scsn_008382,1668183,1,down,79.34909057617188
-8384,anchor_scsn_008383,1668214,1,down,153.56019592285156
-8385,anchor_scsn_008384,1668426,1,down,110.57615661621094
-8386,anchor_scsn_008385,1669067,1,down,218.37103271484375
-8387,anchor_scsn_008386,1669192,1,down,74.0828628540039
-8388,anchor_scsn_008387,1669426,1,down,50.763797760009766
-8389,anchor_scsn_008388,1669452,1,down,76.00467681884766
-8390,anchor_scsn_008389,1670748,1,down,95.11211395263672
-8391,anchor_scsn_008390,1671135,1,down,922.5067749023438
-8392,anchor_scsn_008391,1671890,1,down,51.13193893432617
-8393,anchor_scsn_008392,1672039,1,down,57.42701721191406
-8394,anchor_scsn_008393,1672700,1,down,62.82294845581055
-8395,anchor_scsn_008394,1673343,1,down,417.8131408691406
-8396,anchor_scsn_008395,1673358,1,down,61.11787414550781
-8397,anchor_scsn_008396,1673785,1,down,77.40220642089844
-8398,anchor_scsn_008397,1673860,1,down,52.290321350097656
-8399,anchor_scsn_008398,1674503,1,down,136.19337463378906
-8400,anchor_scsn_008399,1674561,1,down,92.26936340332031
-8401,anchor_scsn_008400,1674797,1,down,53.365962982177734
-8402,anchor_scsn_008401,1675071,1,down,55.787940979003906
-8403,anchor_scsn_008402,1675101,1,down,202.1172332763672
-8404,anchor_scsn_008403,1675129,1,down,471.2479553222656
-8405,anchor_scsn_008404,1675302,1,down,139.94590759277344
-8406,anchor_scsn_008405,1675837,1,down,126.96751403808594
-8407,anchor_scsn_008406,1676732,1,down,135.7899169921875
-8408,anchor_scsn_008407,1677721,1,down,119.41259002685547
-8409,anchor_scsn_008408,1678229,1,down,55.34748458862305
-8410,anchor_scsn_008409,1678773,1,down,192.56932067871094
-8411,anchor_scsn_008410,1679483,1,down,172.21182250976562
-8412,anchor_scsn_008411,1679493,1,down,96.09016418457031
-8413,anchor_scsn_008412,1679787,1,down,68.2394790649414
-8414,anchor_scsn_008413,1679862,1,down,57.45755386352539
-8415,anchor_scsn_008414,1680296,1,down,565.8250732421875
-8416,anchor_scsn_008415,1680468,1,down,116.59801483154297
-8417,anchor_scsn_008416,1680771,1,down,521.3333129882812
-8418,anchor_scsn_008417,1682153,1,down,145.02833557128906
-8419,anchor_scsn_008418,1682690,1,down,94.28030395507812
-8420,anchor_scsn_008419,1682922,1,down,351.8142395019531
-8421,anchor_scsn_008420,1683787,1,down,55.66758346557617
-8422,anchor_scsn_008421,1686899,1,down,59.61778259277344
-8423,anchor_scsn_008422,1687224,1,down,153.3839874267578
-8424,anchor_scsn_008423,1687679,1,down,89.32709503173828
-8425,anchor_scsn_008424,1687874,1,down,102.4959945678711
-8426,anchor_scsn_008425,1688037,1,down,51.19804382324219
-8427,anchor_scsn_008426,1688448,1,down,100.07759094238281
-8428,anchor_scsn_008427,1688944,1,down,128.17408752441406
-8429,anchor_scsn_008428,1689703,1,down,122.43937683105469
-8430,anchor_scsn_008429,1689992,1,down,272.5762023925781
-8431,anchor_scsn_008430,1690699,1,down,50.37261962890625
-8432,anchor_scsn_008431,1690779,1,down,90.65122985839844
-8433,anchor_scsn_008432,1690982,1,down,141.52671813964844
-8434,anchor_scsn_008433,1691685,1,down,294.4346008300781
-8435,anchor_scsn_008434,1692006,1,down,603.1976318359375
-8436,anchor_scsn_008435,1693034,1,down,360.903076171875
-8437,anchor_scsn_008436,1693972,1,down,124.53799438476562
-8438,anchor_scsn_008437,1694131,1,down,55.29182052612305
-8439,anchor_scsn_008438,1695951,1,down,219.051513671875
-8440,anchor_scsn_008439,1696368,1,down,187.21490478515625
-8441,anchor_scsn_008440,1696883,1,down,65.75092315673828
-8442,anchor_scsn_008441,1696925,1,down,66.85455322265625
-8443,anchor_scsn_008442,1697632,1,down,110.65489959716797
-8444,anchor_scsn_008443,1698494,1,down,126.23628997802734
-8445,anchor_scsn_008444,1698592,1,down,60.81544494628906
-8446,anchor_scsn_008445,1698919,1,down,124.60973358154297
-8447,anchor_scsn_008446,1700272,1,down,185.14744567871094
-8448,anchor_scsn_008447,1700528,1,down,58.50372314453125
-8449,anchor_scsn_008448,1700781,1,down,53.79105758666992
-8450,anchor_scsn_008449,1700833,1,down,311.4494934082031
-8451,anchor_scsn_008450,1701889,1,down,96.08516693115234
-8452,anchor_scsn_008451,1702046,1,down,55.322139739990234
-8453,anchor_scsn_008452,1702090,1,down,99.69939422607422
-8454,anchor_scsn_008453,1703233,1,down,58.55534744262695
-8455,anchor_scsn_008454,1703260,1,down,171.9950408935547
-8456,anchor_scsn_008455,1703610,1,down,64.88483428955078
-8457,anchor_scsn_008456,1703613,1,down,232.844482421875
-8458,anchor_scsn_008457,1704530,1,down,92.78828430175781
-8459,anchor_scsn_008458,1704859,1,down,67.60489654541016
-8460,anchor_scsn_008459,1705280,1,down,66.9170150756836
-8461,anchor_scsn_008460,1705667,1,down,101.91064453125
-8462,anchor_scsn_008461,1706107,1,down,138.72850036621094
-8463,anchor_scsn_008462,1706160,1,down,699.379150390625
-8464,anchor_scsn_008463,1706379,1,down,69.90011596679688
-8465,anchor_scsn_008464,1706392,1,down,56.28840255737305
-8466,anchor_scsn_008465,1706648,1,down,76.92400360107422
-8467,anchor_scsn_008466,1707353,1,down,81.99982452392578
-8468,anchor_scsn_008467,1707710,1,down,179.05323791503906
-8469,anchor_scsn_008468,1708613,1,down,58.96410369873047
-8470,anchor_scsn_008469,1708973,1,down,158.3099365234375
-8471,anchor_scsn_008470,1709207,1,down,202.11585998535156
-8472,anchor_scsn_008471,1709466,1,down,83.7914047241211
-8473,anchor_scsn_008472,1709599,1,down,511.50311279296875
-8474,anchor_scsn_008473,1710529,1,down,208.75489807128906
-8475,anchor_scsn_008474,1710672,1,down,134.2583465576172
-8476,anchor_scsn_008475,1710770,1,down,112.93104553222656
-8477,anchor_scsn_008476,1711492,1,down,65.06189727783203
-8478,anchor_scsn_008477,1711873,1,down,174.73773193359375
-8479,anchor_scsn_008478,1713615,1,down,215.81314086914062
-8480,anchor_scsn_008479,1714563,1,down,124.90086364746094
-8481,anchor_scsn_008480,1714674,1,down,51.79453659057617
-8482,anchor_scsn_008481,1715653,1,down,65.05594635009766
-8483,anchor_scsn_008482,1716640,1,down,229.05160522460938
-8484,anchor_scsn_008483,1716802,1,down,59.54911422729492
-8485,anchor_scsn_008484,1718466,1,down,50.718849182128906
-8486,anchor_scsn_008485,1718700,1,down,161.99192810058594
-8487,anchor_scsn_008486,1719114,1,down,50.7944221496582
-8488,anchor_scsn_008487,1719355,1,down,60.4979362487793
-8489,anchor_scsn_008488,1719642,1,down,137.1316680908203
-8490,anchor_scsn_008489,1720107,1,down,80.69849395751953
-8491,anchor_scsn_008490,1720110,1,down,61.449440002441406
-8492,anchor_scsn_008491,1721057,1,down,96.9426040649414
-8493,anchor_scsn_008492,1721472,1,down,61.74165344238281
-8494,anchor_scsn_008493,1721959,1,down,104.83409881591797
-8495,anchor_scsn_008494,1722287,1,down,94.32029724121094
-8496,anchor_scsn_008495,1722338,1,down,89.56565856933594
-8497,anchor_scsn_008496,1722528,1,down,57.25248336791992
-8498,anchor_scsn_008497,1723412,1,down,163.74610900878906
-8499,anchor_scsn_008498,1724121,1,down,163.82241821289062
-8500,anchor_scsn_008499,1724648,1,down,105.48175048828125
-8501,anchor_scsn_008500,1724871,1,down,135.11143493652344
-8502,anchor_scsn_008501,1725377,1,down,65.33719635009766
-8503,anchor_scsn_008502,1725391,1,down,208.3212127685547
-8504,anchor_scsn_008503,1726390,1,down,123.82704162597656
-8505,anchor_scsn_008504,1726534,1,down,167.20281982421875
-8506,anchor_scsn_008505,1726537,1,down,99.06675720214844
-8507,anchor_scsn_008506,1727060,1,down,470.18475341796875
-8508,anchor_scsn_008507,1728655,1,down,101.59452819824219
-8509,anchor_scsn_008508,1728902,1,down,68.08863067626953
-8510,anchor_scsn_008509,1730520,1,down,65.0016098022461
-8511,anchor_scsn_008510,1731253,1,down,98.97457885742188
-8512,anchor_scsn_008511,1731821,1,down,327.57843017578125
-8513,anchor_scsn_008512,1732119,1,down,153.20494079589844
-8514,anchor_scsn_008513,1732947,1,down,567.4862670898438
-8515,anchor_scsn_008514,1734088,1,down,61.195865631103516
-8516,anchor_scsn_008515,1734766,1,down,55.302982330322266
-8517,anchor_scsn_008516,1735210,1,down,68.21330261230469
-8518,anchor_scsn_008517,1735746,1,down,104.5414810180664
-8519,anchor_scsn_008518,1736085,1,down,100.76129913330078
-8520,anchor_scsn_008519,1736300,1,down,57.66965103149414
-8521,anchor_scsn_008520,1736367,1,down,52.86834716796875
-8522,anchor_scsn_008521,1736676,1,down,343.10650634765625
-8523,anchor_scsn_008522,1737778,1,down,444.80499267578125
-8524,anchor_scsn_008523,1738918,1,down,94.12953186035156
-8525,anchor_scsn_008524,1739003,1,down,58.81532669067383
-8526,anchor_scsn_008525,1739090,1,down,140.36962890625
-8527,anchor_scsn_008526,1739492,1,down,199.60484313964844
-8528,anchor_scsn_008527,1739649,1,down,165.4877471923828
-8529,anchor_scsn_008528,1740237,1,down,77.21257781982422
-8530,anchor_scsn_008529,1740391,1,down,105.44983673095703
-8531,anchor_scsn_008530,1741917,1,down,102.6971435546875
-8532,anchor_scsn_008531,1742644,1,down,74.86740112304688
-8533,anchor_scsn_008532,1743376,1,down,96.86975860595703
-8534,anchor_scsn_008533,1743828,1,down,82.68902587890625
-8535,anchor_scsn_008534,1743946,1,down,72.27946472167969
-8536,anchor_scsn_008535,1744122,1,down,106.12805938720703
-8537,anchor_scsn_008536,1746299,1,down,93.92529296875
-8538,anchor_scsn_008537,1746309,1,down,163.0575408935547
-8539,anchor_scsn_008538,1746812,1,down,64.22148132324219
-8540,anchor_scsn_008539,1747573,1,down,66.68745422363281
-8541,anchor_scsn_008540,1748149,1,down,94.51390075683594
-8542,anchor_scsn_008541,1748323,1,down,85.44282531738281
-8543,anchor_scsn_008542,1748522,1,down,59.82951354980469
-8544,anchor_scsn_008543,1748752,1,down,63.81912612915039
-8545,anchor_scsn_008544,1749459,1,down,50.006221771240234
-8546,anchor_scsn_008545,1750204,1,down,455.01092529296875
-8547,anchor_scsn_008546,1750555,1,down,74.23635864257812
-8548,anchor_scsn_008547,1750942,1,down,62.05247116088867
-8549,anchor_scsn_008548,1752283,1,down,71.70606231689453
-8550,anchor_scsn_008549,1752485,1,down,94.42912292480469
-8551,anchor_scsn_008550,1752623,1,down,119.7265396118164
-8552,anchor_scsn_008551,1752852,1,down,106.77114868164062
-8553,anchor_scsn_008552,1753410,1,down,62.89958572387695
-8554,anchor_scsn_008553,1753640,1,down,100.21868896484375
-8555,anchor_scsn_008554,1753850,1,down,733.7462158203125
-8556,anchor_scsn_008555,1754489,1,down,53.6269416809082
-8557,anchor_scsn_008556,1755189,1,down,57.299644470214844
-8558,anchor_scsn_008557,1755771,1,down,86.0312271118164
-8559,anchor_scsn_008558,1756320,1,down,133.7726593017578
-8560,anchor_scsn_008559,1756607,1,down,109.8889389038086
-8561,anchor_scsn_008560,1756706,1,down,115.65018463134766
-8562,anchor_scsn_008561,1756830,1,down,93.07670593261719
-8563,anchor_scsn_008562,1757688,1,down,53.255252838134766
-8564,anchor_scsn_008563,1757768,1,down,87.34103393554688
-8565,anchor_scsn_008564,1757827,1,down,126.69770812988281
-8566,anchor_scsn_008565,1757922,1,down,209.69113159179688
-8567,anchor_scsn_008566,1758810,1,down,137.93881225585938
-8568,anchor_scsn_008567,1758903,1,down,51.78592300415039
-8569,anchor_scsn_008568,1759114,1,down,58.18473434448242
-8570,anchor_scsn_008569,1759251,1,down,128.26766967773438
-8571,anchor_scsn_008570,1759367,1,down,125.64483642578125
-8572,anchor_scsn_008571,1759949,1,down,581.2149047851562
-8573,anchor_scsn_008572,1760237,1,down,51.023006439208984
-8574,anchor_scsn_008573,1760380,1,down,298.9609069824219
-8575,anchor_scsn_008574,1760511,1,down,57.573448181152344
-8576,anchor_scsn_008575,1760835,1,down,598.8792724609375
-8577,anchor_scsn_008576,1760881,1,down,148.6378936767578
-8578,anchor_scsn_008577,1761173,1,down,257.1231689453125
-8579,anchor_scsn_008578,1761383,1,down,149.54177856445312
-8580,anchor_scsn_008579,1761530,1,down,152.31289672851562
-8581,anchor_scsn_008580,1761874,1,down,294.02227783203125
-8582,anchor_scsn_008581,1761996,1,down,65.25422668457031
-8583,anchor_scsn_008582,1762212,1,down,259.8957824707031
-8584,anchor_scsn_008583,1763036,1,down,74.86492919921875
-8585,anchor_scsn_008584,1763689,1,down,86.99504089355469
-8586,anchor_scsn_008585,1764578,1,down,822.76416015625
-8587,anchor_scsn_008586,1765097,1,down,52.4376106262207
-8588,anchor_scsn_008587,1765276,1,down,68.0344467163086
-8589,anchor_scsn_008588,1765983,1,down,443.6250305175781
-8590,anchor_scsn_008589,1766490,1,down,59.29029083251953
-8591,anchor_scsn_008590,1766561,1,down,157.27590942382812
-8592,anchor_scsn_008591,1766761,1,down,85.8433837890625
-8593,anchor_scsn_008592,1767144,1,down,163.8551483154297
-8594,anchor_scsn_008593,1767461,1,down,140.25025939941406
-8595,anchor_scsn_008594,1768200,1,down,193.91574096679688
-8596,anchor_scsn_008595,1769164,1,down,59.2066764831543
-8597,anchor_scsn_008596,1769568,1,down,180.3899383544922
-8598,anchor_scsn_008597,1770587,1,down,63.52397918701172
-8599,anchor_scsn_008598,1771640,1,down,92.70854949951172
-8600,anchor_scsn_008599,1771823,1,down,141.66110229492188
-8601,anchor_scsn_008600,1772139,1,down,126.02914428710938
-8602,anchor_scsn_008601,1772858,1,down,132.29331970214844
-8603,anchor_scsn_008602,1773556,1,down,112.6814193725586
-8604,anchor_scsn_008603,1773787,1,down,54.54588317871094
-8605,anchor_scsn_008604,1774961,1,down,60.32369613647461
-8606,anchor_scsn_008605,1775244,1,down,129.91815185546875
-8607,anchor_scsn_008606,1775434,1,down,93.05052185058594
-8608,anchor_scsn_008607,1776007,1,down,98.00094604492188
-8609,anchor_scsn_008608,1776143,1,down,62.1193962097168
-8610,anchor_scsn_008609,1776253,1,down,109.76414489746094
-8611,anchor_scsn_008610,1777858,1,down,60.11029052734375
-8612,anchor_scsn_008611,1778143,1,down,86.01709747314453
-8613,anchor_scsn_008612,1778196,1,down,52.706085205078125
-8614,anchor_scsn_008613,1778222,1,down,222.9374237060547
-8615,anchor_scsn_008614,1778233,1,down,319.47967529296875
-8616,anchor_scsn_008615,1778418,1,down,92.47978210449219
-8617,anchor_scsn_008616,1779866,1,down,53.186763763427734
-8618,anchor_scsn_008617,1780818,1,down,103.41992950439453
-8619,anchor_scsn_008618,1780888,1,down,143.6651153564453
-8620,anchor_scsn_008619,1780912,1,down,50.480960845947266
-8621,anchor_scsn_008620,1780943,1,down,62.22206115722656
-8622,anchor_scsn_008621,1782197,1,down,50.15852355957031
-8623,anchor_scsn_008622,1782402,1,down,213.42166137695312
-8624,anchor_scsn_008623,1783136,1,down,91.68014526367188
-8625,anchor_scsn_008624,1783807,1,down,144.20556640625
-8626,anchor_scsn_008625,1785234,1,down,113.4209976196289
-8627,anchor_scsn_008626,1785560,1,down,126.21771240234375
-8628,anchor_scsn_008627,1787277,1,down,51.237239837646484
-8629,anchor_scsn_008628,1787288,1,down,60.6833610534668
-8630,anchor_scsn_008629,1787836,1,down,68.19679260253906
-8631,anchor_scsn_008630,1788977,1,down,430.3885498046875
-8632,anchor_scsn_008631,1789624,1,down,72.66263580322266
-8633,anchor_scsn_008632,1789647,1,down,160.720703125
-8634,anchor_scsn_008633,1790277,1,down,52.5373420715332
-8635,anchor_scsn_008634,1790584,1,down,322.517822265625
-8636,anchor_scsn_008635,1791157,1,down,50.51602554321289
-8637,anchor_scsn_008636,1791877,1,down,146.32557678222656
-8638,anchor_scsn_008637,1792815,1,down,212.8926544189453
-8639,anchor_scsn_008638,1792890,1,down,174.5997772216797
-8640,anchor_scsn_008639,1797417,1,down,233.84140014648438
-8641,anchor_scsn_008640,1798585,1,down,167.53302001953125
-8642,anchor_scsn_008641,1798819,1,down,449.5113525390625
-8643,anchor_scsn_008642,1799368,1,down,86.34010314941406
-8644,anchor_scsn_008643,1799932,1,down,86.34008026123047
-8645,anchor_scsn_008644,1800318,1,down,58.61980056762695
-8646,anchor_scsn_008645,1800809,1,down,655.6389770507812
-8647,anchor_scsn_008646,1801169,1,down,53.35607147216797
-8648,anchor_scsn_008647,1801393,1,down,106.43267059326172
-8649,anchor_scsn_008648,1801544,1,down,54.487674713134766
-8650,anchor_scsn_008649,1801647,1,down,225.5810546875
-8651,anchor_scsn_008650,1801741,1,down,74.47328186035156
-8652,anchor_scsn_008651,1802029,1,down,81.1919937133789
-8653,anchor_scsn_008652,1802046,1,down,103.60045623779297
-8654,anchor_scsn_008653,1802267,1,down,142.1080780029297
-8655,anchor_scsn_008654,1802497,1,down,60.48664474487305
-8656,anchor_scsn_008655,1802991,1,down,72.67738342285156
-8657,anchor_scsn_008656,1803025,1,down,104.35910034179688
-8658,anchor_scsn_008657,1803675,1,down,106.69369506835938
-8659,anchor_scsn_008658,1805558,1,down,130.3360595703125
-8660,anchor_scsn_008659,1805669,1,down,576.9114990234375
-8661,anchor_scsn_008660,1806524,1,down,82.25435638427734
-8662,anchor_scsn_008661,1807299,1,down,65.79701232910156
-8663,anchor_scsn_008662,1807566,1,down,51.01088333129883
-8664,anchor_scsn_008663,1809054,1,down,216.83543395996094
-8665,anchor_scsn_008664,1809925,1,down,55.94963836669922
-8666,anchor_scsn_008665,1810598,1,down,79.5612564086914
-8667,anchor_scsn_008666,1811234,1,down,58.20868682861328
-8668,anchor_scsn_008667,1811426,1,down,56.25495147705078
-8669,anchor_scsn_008668,1811707,1,down,59.35017013549805
-8670,anchor_scsn_008669,1811976,1,down,54.177879333496094
-8671,anchor_scsn_008670,1813507,1,down,94.296630859375
-8672,anchor_scsn_008671,1813661,1,down,86.1326904296875
-8673,anchor_scsn_008672,1813720,1,down,67.48116302490234
-8674,anchor_scsn_008673,1815181,1,down,158.38040161132812
-8675,anchor_scsn_008674,1815218,1,down,56.97195053100586
-8676,anchor_scsn_008675,1816361,1,down,136.87754821777344
-8677,anchor_scsn_008676,1816636,1,down,52.88885498046875
-8678,anchor_scsn_008677,1816826,1,down,82.97566986083984
-8679,anchor_scsn_008678,1817370,1,down,74.7373046875
-8680,anchor_scsn_008679,1817640,1,down,56.9609260559082
-8681,anchor_scsn_008680,1817970,1,down,161.087158203125
-8682,anchor_scsn_008681,1818545,1,down,72.55989074707031
-8683,anchor_scsn_008682,1819278,1,down,134.11032104492188
-8684,anchor_scsn_008683,1819413,1,down,79.50194549560547
-8685,anchor_scsn_008684,1820097,1,down,71.97894287109375
-8686,anchor_scsn_008685,1820339,1,down,149.6502685546875
-8687,anchor_scsn_008686,1822148,1,down,131.21661376953125
-8688,anchor_scsn_008687,1823547,1,down,72.82127380371094
-8689,anchor_scsn_008688,1824065,1,down,147.60499572753906
-8690,anchor_scsn_008689,1824188,1,down,246.33245849609375
-8691,anchor_scsn_008690,1824709,1,down,262.52880859375
-8692,anchor_scsn_008691,1825131,1,down,62.71504211425781
-8693,anchor_scsn_008692,1826246,1,down,54.44224166870117
-8694,anchor_scsn_008693,1826679,1,down,592.5104370117188
-8695,anchor_scsn_008694,1827033,1,down,209.3583526611328
-8696,anchor_scsn_008695,1827218,1,down,101.90478515625
-8697,anchor_scsn_008696,1827386,1,down,105.6021728515625
-8698,anchor_scsn_008697,1828274,1,down,59.69637680053711
-8699,anchor_scsn_008698,1829061,1,down,273.40185546875
-8700,anchor_scsn_008699,1829315,1,down,168.20965576171875
-8701,anchor_scsn_008700,1830107,1,down,179.93280029296875
-8702,anchor_scsn_008701,1830510,1,down,167.35301208496094
-8703,anchor_scsn_008702,1831162,1,down,86.08447265625
-8704,anchor_scsn_008703,1831287,1,down,50.52403259277344
-8705,anchor_scsn_008704,1831348,1,down,625.1453857421875
-8706,anchor_scsn_008705,1832637,1,down,141.62229919433594
-8707,anchor_scsn_008706,1833009,1,down,62.65330505371094
-8708,anchor_scsn_008707,1834226,1,down,62.70199203491211
-8709,anchor_scsn_008708,1834316,1,down,268.27655029296875
-8710,anchor_scsn_008709,1834356,1,down,123.15308380126953
-8711,anchor_scsn_008710,1834444,1,down,134.92982482910156
-8712,anchor_scsn_008711,1835136,1,down,104.81497955322266
-8713,anchor_scsn_008712,1835295,1,down,51.26447677612305
-8714,anchor_scsn_008713,1835983,1,down,212.51956176757812
-8715,anchor_scsn_008714,1836001,1,down,56.787723541259766
-8716,anchor_scsn_008715,1837506,1,down,799.4236450195312
-8717,anchor_scsn_008716,1838109,1,down,76.69348907470703
-8718,anchor_scsn_008717,1839734,1,down,64.98482513427734
-8719,anchor_scsn_008718,1839872,1,down,394.0768737792969
-8720,anchor_scsn_008719,1840033,1,down,89.30914306640625
-8721,anchor_scsn_008720,1840229,1,down,134.19825744628906
-8722,anchor_scsn_008721,1840858,1,down,58.16828918457031
-8723,anchor_scsn_008722,1840938,1,down,74.46408081054688
-8724,anchor_scsn_008723,1841557,1,down,77.40135192871094
-8725,anchor_scsn_008724,1841909,1,down,97.46923065185547
-8726,anchor_scsn_008725,1842788,1,down,141.5698699951172
-8727,anchor_scsn_008726,1843861,1,down,85.703369140625
-8728,anchor_scsn_008727,1844337,1,down,59.15678787231445
-8729,anchor_scsn_008728,1844359,1,down,208.04774475097656
-8730,anchor_scsn_008729,1844615,1,down,82.87113952636719
-8731,anchor_scsn_008730,1844674,1,down,77.74738311767578
-8732,anchor_scsn_008731,1844894,1,down,110.84276580810547
-8733,anchor_scsn_008732,1845729,1,down,75.33771514892578
-8734,anchor_scsn_008733,1845912,1,down,195.39854431152344
-8735,anchor_scsn_008734,1846114,1,down,373.0823974609375
-8736,anchor_scsn_008735,1847395,1,down,88.23997497558594
-8737,anchor_scsn_008736,1847980,1,down,84.78089904785156
-8738,anchor_scsn_008737,1848119,1,down,483.5372314453125
-8739,anchor_scsn_008738,1848311,1,down,236.10800170898438
-8740,anchor_scsn_008739,1848889,1,down,57.505435943603516
-8741,anchor_scsn_008740,1848962,1,down,88.36207580566406
-8742,anchor_scsn_008741,1849492,1,down,127.15192413330078
-8743,anchor_scsn_008742,1849510,1,down,82.21156311035156
-8744,anchor_scsn_008743,1849722,1,down,211.49942016601562
-8745,anchor_scsn_008744,1850538,1,down,95.03947448730469
-8746,anchor_scsn_008745,1851819,1,down,56.127567291259766
-8747,anchor_scsn_008746,1851824,1,down,119.70576477050781
-8748,anchor_scsn_008747,1853025,1,down,94.80216217041016
-8749,anchor_scsn_008748,1853587,1,down,60.16841125488281
-8750,anchor_scsn_008749,1853614,1,down,54.69579315185547
-8751,anchor_scsn_008750,1854404,1,down,258.9839172363281
-8752,anchor_scsn_008751,1855144,1,down,57.131370544433594
-8753,anchor_scsn_008752,1855244,1,down,81.51847076416016
-8754,anchor_scsn_008753,1855650,1,down,70.88224029541016
-8755,anchor_scsn_008754,1855714,1,down,650.2557373046875
-8756,anchor_scsn_008755,1856289,1,down,59.832279205322266
-8757,anchor_scsn_008756,1856591,1,down,55.289459228515625
-8758,anchor_scsn_008757,1857390,1,down,163.30072021484375
-8759,anchor_scsn_008758,1857511,1,down,69.38031768798828
-8760,anchor_scsn_008759,1857643,1,down,55.382511138916016
-8761,anchor_scsn_008760,1858718,1,down,98.98136901855469
-8762,anchor_scsn_008761,1859374,1,down,54.20454406738281
-8763,anchor_scsn_008762,1859481,1,down,83.33755493164062
-8764,anchor_scsn_008763,1859793,1,down,981.036376953125
-8765,anchor_scsn_008764,1861030,1,down,174.2618408203125
-8766,anchor_scsn_008765,1861086,1,down,113.59425354003906
-8767,anchor_scsn_008766,1862069,1,down,65.28114318847656
-8768,anchor_scsn_008767,1862467,1,down,261.3349609375
-8769,anchor_scsn_008768,1863253,1,down,139.84315490722656
-8770,anchor_scsn_008769,1863599,1,down,140.5195770263672
-8771,anchor_scsn_008770,1863739,1,down,315.610107421875
-8772,anchor_scsn_008771,1865015,1,down,101.55956268310547
-8773,anchor_scsn_008772,1865467,1,down,98.71275329589844
-8774,anchor_scsn_008773,1865526,1,down,129.05128479003906
-8775,anchor_scsn_008774,1865947,1,down,100.24697875976562
-8776,anchor_scsn_008775,1866353,1,down,50.409095764160156
-8777,anchor_scsn_008776,1866462,1,down,51.86167907714844
-8778,anchor_scsn_008777,1866618,1,down,103.71717834472656
-8779,anchor_scsn_008778,1866941,1,down,71.95037078857422
-8780,anchor_scsn_008779,1867321,1,down,68.58692932128906
-8781,anchor_scsn_008780,1867676,1,down,50.64080810546875
-8782,anchor_scsn_008781,1868161,1,down,90.1631851196289
-8783,anchor_scsn_008782,1868299,1,down,171.8837127685547
-8784,anchor_scsn_008783,1868904,1,down,134.71682739257812
-8785,anchor_scsn_008784,1869307,1,down,90.7619857788086
-8786,anchor_scsn_008785,1869560,1,down,68.10813903808594
-8787,anchor_scsn_008786,1869788,1,down,223.55712890625
-8788,anchor_scsn_008787,1870454,1,down,157.65753173828125
-8789,anchor_scsn_008788,1871608,1,down,322.000732421875
-8790,anchor_scsn_008789,1871693,1,down,67.7984619140625
-8791,anchor_scsn_008790,1871774,1,down,116.46672058105469
-8792,anchor_scsn_008791,1871848,1,down,74.74386596679688
-8793,anchor_scsn_008792,1872024,1,down,64.798095703125
-8794,anchor_scsn_008793,1872766,1,down,132.0334014892578
-8795,anchor_scsn_008794,1873907,1,down,73.38530731201172
-8796,anchor_scsn_008795,1874829,1,down,77.55567169189453
-8797,anchor_scsn_008796,1874945,1,down,84.639404296875
-8798,anchor_scsn_008797,1874982,1,down,84.25828552246094
-8799,anchor_scsn_008798,1875094,1,down,55.752471923828125
-8800,anchor_scsn_008799,1875856,1,down,53.24775695800781
-8801,anchor_scsn_008800,1876794,1,down,85.45008850097656
-8802,anchor_scsn_008801,1877165,1,down,110.53120422363281
-8803,anchor_scsn_008802,1877727,1,down,82.73182678222656
-8804,anchor_scsn_008803,1877791,1,down,109.03740692138672
-8805,anchor_scsn_008804,1878129,1,down,77.25639343261719
-8806,anchor_scsn_008805,1878826,1,down,80.43380737304688
-8807,anchor_scsn_008806,1878836,1,down,67.97936248779297
-8808,anchor_scsn_008807,1879202,1,down,63.35828399658203
-8809,anchor_scsn_008808,1879258,1,down,86.17430114746094
-8810,anchor_scsn_008809,1879334,1,down,119.83741760253906
-8811,anchor_scsn_008810,1879525,1,down,197.12049865722656
-8812,anchor_scsn_008811,1879562,1,down,94.88797760009766
-8813,anchor_scsn_008812,1880716,1,down,104.70536804199219
-8814,anchor_scsn_008813,1880993,1,down,134.6027069091797
-8815,anchor_scsn_008814,1881951,1,down,147.3695526123047
-8816,anchor_scsn_008815,1882160,1,down,66.45043182373047
-8817,anchor_scsn_008816,1882485,1,down,175.3321990966797
-8818,anchor_scsn_008817,1882488,1,down,117.01382446289062
-8819,anchor_scsn_008818,1882914,1,down,115.9301986694336
-8820,anchor_scsn_008819,1883076,1,down,120.0368423461914
-8821,anchor_scsn_008820,1883353,1,down,181.6166229248047
-8822,anchor_scsn_008821,1883581,1,down,72.1478042602539
-8823,anchor_scsn_008822,1883608,1,down,314.4285583496094
-8824,anchor_scsn_008823,1883947,1,down,60.2667236328125
-8825,anchor_scsn_008824,1884727,1,down,93.18587493896484
-8826,anchor_scsn_008825,1884744,1,down,51.31734085083008
-8827,anchor_scsn_008826,1884753,1,down,66.95838165283203
-8828,anchor_scsn_008827,1885288,1,down,143.89886474609375
-8829,anchor_scsn_008828,1886636,1,down,52.989559173583984
-8830,anchor_scsn_008829,1887157,1,down,201.6824493408203
-8831,anchor_scsn_008830,1887358,1,down,119.64342498779297
-8832,anchor_scsn_008831,1888220,1,down,300.3941955566406
-8833,anchor_scsn_008832,1888383,1,down,77.1802978515625
-8834,anchor_scsn_008833,1888597,1,down,349.82073974609375
-8835,anchor_scsn_008834,1892328,1,down,280.11236572265625
-8836,anchor_scsn_008835,1893062,1,down,189.57640075683594
-8837,anchor_scsn_008836,1893079,1,down,69.64541625976562
-8838,anchor_scsn_008837,1893936,1,down,423.4945068359375
-8839,anchor_scsn_008838,1893953,1,down,105.623046875
-8840,anchor_scsn_008839,1894261,1,down,123.94628143310547
-8841,anchor_scsn_008840,1894868,1,down,85.16980743408203
-8842,anchor_scsn_008841,1896101,1,down,71.24671173095703
-8843,anchor_scsn_008842,1898174,1,down,56.1934700012207
-8844,anchor_scsn_008843,1898478,1,down,135.6818389892578
-8845,anchor_scsn_008844,1899744,1,down,65.28076171875
-8846,anchor_scsn_008845,1900680,1,down,66.06845092773438
-8847,anchor_scsn_008846,1901825,1,down,52.636444091796875
-8848,anchor_scsn_008847,1902232,1,down,102.04692840576172
-8849,anchor_scsn_008848,1902481,1,down,416.1634216308594
-8850,anchor_scsn_008849,1902862,1,down,201.342041015625
-8851,anchor_scsn_008850,1903159,1,down,659.6647338867188
-8852,anchor_scsn_008851,1903651,1,down,55.878746032714844
-8853,anchor_scsn_008852,1904393,1,down,97.10558319091797
-8854,anchor_scsn_008853,1904414,1,down,157.9105682373047
-8855,anchor_scsn_008854,1904954,1,down,54.226810455322266
-8856,anchor_scsn_008855,1905250,1,down,275.4631652832031
-8857,anchor_scsn_008856,1905575,1,down,429.0032653808594
-8858,anchor_scsn_008857,1905944,1,down,69.27871704101562
-8859,anchor_scsn_008858,1906895,1,down,194.86143493652344
-8860,anchor_scsn_008859,1907019,1,down,128.75003051757812
-8861,anchor_scsn_008860,1908237,1,down,604.2041625976562
-8862,anchor_scsn_008861,1910645,1,down,168.42994689941406
-8863,anchor_scsn_008862,1912031,1,down,56.49265670776367
-8864,anchor_scsn_008863,1912460,1,down,52.49869155883789
-8865,anchor_scsn_008864,1912988,1,down,92.35150146484375
-8866,anchor_scsn_008865,1913082,1,down,166.3226318359375
-8867,anchor_scsn_008866,1913098,1,down,52.548484802246094
-8868,anchor_scsn_008867,1913970,1,down,320.33966064453125
-8869,anchor_scsn_008868,1914000,1,down,124.81632232666016
-8870,anchor_scsn_008869,1914470,1,down,260.1373291015625
-8871,anchor_scsn_008870,1916441,1,down,69.4353256225586
-8872,anchor_scsn_008871,1916808,1,down,111.39234924316406
-8873,anchor_scsn_008872,1917798,1,down,66.88885498046875
-8874,anchor_scsn_008873,1917918,1,down,63.55742263793945
-8875,anchor_scsn_008874,1918057,1,down,270.60308837890625
-8876,anchor_scsn_008875,1918755,1,down,71.44256591796875
-8877,anchor_scsn_008876,1919828,1,down,94.21931457519531
-8878,anchor_scsn_008877,1920073,1,down,393.1782531738281
-8879,anchor_scsn_008878,1920305,1,down,208.00735473632812
-8880,anchor_scsn_008879,1921318,1,down,59.80491638183594
-8881,anchor_scsn_008880,1921691,1,down,80.68073272705078
-8882,anchor_scsn_008881,1922018,1,down,93.36431884765625
-8883,anchor_scsn_008882,1922178,1,down,101.91151428222656
-8884,anchor_scsn_008883,1923121,1,down,53.9440803527832
-8885,anchor_scsn_008884,1923755,1,down,107.4437484741211
-8886,anchor_scsn_008885,1924924,1,down,55.36029052734375
-8887,anchor_scsn_008886,1925025,1,down,246.74407958984375
-8888,anchor_scsn_008887,1925524,1,down,76.89157104492188
-8889,anchor_scsn_008888,1925754,1,down,762.87060546875
-8890,anchor_scsn_008889,1928048,1,down,73.66715240478516
-8891,anchor_scsn_008890,1928325,1,down,88.56796264648438
-8892,anchor_scsn_008891,1929070,1,down,55.02418899536133
-8893,anchor_scsn_008892,1929792,1,down,60.37887954711914
-8894,anchor_scsn_008893,1930199,1,down,153.1790313720703
-8895,anchor_scsn_008894,1930253,1,down,53.40621566772461
-8896,anchor_scsn_008895,1930478,1,down,112.18180847167969
-8897,anchor_scsn_008896,1931523,1,down,171.2788543701172
-8898,anchor_scsn_008897,1933534,1,down,114.70576477050781
-8899,anchor_scsn_008898,1933619,1,down,157.2379608154297
-8900,anchor_scsn_008899,1933928,1,down,121.380126953125
-8901,anchor_scsn_008900,1935972,1,down,114.00043487548828
-8902,anchor_scsn_008901,1936067,1,down,113.44776153564453
-8903,anchor_scsn_008902,1936265,1,down,321.9627380371094
-8904,anchor_scsn_008903,1937004,1,down,88.5169677734375
-8905,anchor_scsn_008904,1937261,1,down,89.75067138671875
-8906,anchor_scsn_008905,1937262,1,down,128.86764526367188
-8907,anchor_scsn_008906,1937896,1,down,56.8673095703125
-8908,anchor_scsn_008907,1937947,1,down,55.345916748046875
-8909,anchor_scsn_008908,1938833,1,down,71.8389892578125
-8910,anchor_scsn_008909,1939095,1,down,71.39137268066406
-8911,anchor_scsn_008910,1939213,1,down,181.24349975585938
-8912,anchor_scsn_008911,1940849,1,down,75.2417984008789
-8913,anchor_scsn_008912,1941056,1,down,86.42723083496094
-8914,anchor_scsn_008913,1941293,1,down,77.55767059326172
-8915,anchor_scsn_008914,1942274,1,down,55.25276184082031
-8916,anchor_scsn_008915,1942337,1,down,103.34074401855469
-8917,anchor_scsn_008916,1942577,1,down,201.48866271972656
-8918,anchor_scsn_008917,1942612,1,down,92.22090148925781
-8919,anchor_scsn_008918,1943123,1,down,207.50592041015625
-8920,anchor_scsn_008919,1943132,1,down,53.39927291870117
-8921,anchor_scsn_008920,1943648,1,down,93.92301177978516
-8922,anchor_scsn_008921,1943725,1,down,56.433589935302734
-8923,anchor_scsn_008922,1943862,1,down,120.41466522216797
-8924,anchor_scsn_008923,1944039,1,down,51.802547454833984
-8925,anchor_scsn_008924,1944400,1,down,114.2105484008789
-8926,anchor_scsn_008925,1945587,1,down,162.56777954101562
-8927,anchor_scsn_008926,1946236,1,down,65.7663345336914
-8928,anchor_scsn_008927,1946918,1,down,75.46614074707031
-8929,anchor_scsn_008928,1947873,1,down,153.47640991210938
-8930,anchor_scsn_008929,1948046,1,down,196.34217834472656
-8931,anchor_scsn_008930,1948262,1,down,129.68453979492188
-8932,anchor_scsn_008931,1948290,1,down,78.9448471069336
-8933,anchor_scsn_008932,1948428,1,down,63.879127502441406
-8934,anchor_scsn_008933,1948888,1,down,54.40354537963867
-8935,anchor_scsn_008934,1948973,1,down,177.45887756347656
-8936,anchor_scsn_008935,1949287,1,down,125.65679168701172
-8937,anchor_scsn_008936,1949790,1,down,108.35859680175781
-8938,anchor_scsn_008937,1950335,1,down,283.788818359375
-8939,anchor_scsn_008938,1950855,1,down,121.3796615600586
-8940,anchor_scsn_008939,1950927,1,down,89.04679870605469
-8941,anchor_scsn_008940,1951274,1,down,66.5058822631836
-8942,anchor_scsn_008941,1951499,1,down,157.6432342529297
-8943,anchor_scsn_008942,1951629,1,down,58.63840103149414
-8944,anchor_scsn_008943,1951742,1,down,91.85855102539062
-8945,anchor_scsn_008944,1953098,1,down,76.28270721435547
-8946,anchor_scsn_008945,1953316,1,down,68.68168640136719
-8947,anchor_scsn_008946,1953619,1,down,72.6209716796875
-8948,anchor_scsn_008947,1954788,1,down,100.3516845703125
-8949,anchor_scsn_008948,1955289,1,down,581.534423828125
-8950,anchor_scsn_008949,1955694,1,down,55.3076171875
-8951,anchor_scsn_008950,1956284,1,down,59.29509735107422
-8952,anchor_scsn_008951,1956364,1,down,68.69942474365234
-8953,anchor_scsn_008952,1957123,1,down,68.8855209350586
-8954,anchor_scsn_008953,1957441,1,down,52.610626220703125
-8955,anchor_scsn_008954,1958176,1,down,68.77259063720703
-8956,anchor_scsn_008955,1959071,1,down,55.93409729003906
-8957,anchor_scsn_008956,1959090,1,down,117.66397094726562
-8958,anchor_scsn_008957,1959753,1,down,77.75629425048828
-8959,anchor_scsn_008958,1959801,1,down,244.8281707763672
-8960,anchor_scsn_008959,1959999,1,down,70.8643569946289
-8961,anchor_scsn_008960,1960118,1,down,55.67295837402344
-8962,anchor_scsn_008961,1960595,1,down,100.75032806396484
-8963,anchor_scsn_008962,1961133,1,down,117.95068359375
-8964,anchor_scsn_008963,1961599,1,down,82.690185546875
-8965,anchor_scsn_008964,1961668,1,down,119.56966400146484
-8966,anchor_scsn_008965,1962195,1,down,209.67295837402344
-8967,anchor_scsn_008966,1962818,1,down,86.65670013427734
-8968,anchor_scsn_008967,1963350,1,down,125.63472747802734
-8969,anchor_scsn_008968,1963729,1,down,66.9620361328125
-8970,anchor_scsn_008969,1963895,1,down,71.33197784423828
-8971,anchor_scsn_008970,1965075,1,down,58.15302658081055
-8972,anchor_scsn_008971,1965414,1,down,293.2677001953125
-8973,anchor_scsn_008972,1965459,1,down,85.58466339111328
-8974,anchor_scsn_008973,1965856,1,down,70.68460083007812
-8975,anchor_scsn_008974,1966161,1,down,76.12354278564453
-8976,anchor_scsn_008975,1966382,1,down,50.021339416503906
-8977,anchor_scsn_008976,1968640,1,down,274.4835510253906
-8978,anchor_scsn_008977,1969430,1,down,94.56610870361328
-8979,anchor_scsn_008978,1970079,1,down,345.3152160644531
-8980,anchor_scsn_008979,1972167,1,down,114.64573669433594
-8981,anchor_scsn_008980,1972872,1,down,87.98646545410156
-8982,anchor_scsn_008981,1973034,1,down,83.21516418457031
-8983,anchor_scsn_008982,1974002,1,down,81.23323822021484
-8984,anchor_scsn_008983,1975169,1,down,63.52934265136719
-8985,anchor_scsn_008984,1976098,1,down,74.65741729736328
-8986,anchor_scsn_008985,1977708,1,down,51.687477111816406
-8987,anchor_scsn_008986,1978060,1,down,81.05889129638672
-8988,anchor_scsn_008987,1978384,1,down,339.7864074707031
-8989,anchor_scsn_008988,1978775,1,down,98.75296783447266
-8990,anchor_scsn_008989,1979025,1,down,51.670536041259766
-8991,anchor_scsn_008990,1979059,1,down,65.15471649169922
-8992,anchor_scsn_008991,1979210,1,down,76.61932373046875
-8993,anchor_scsn_008992,1979776,1,down,131.05270385742188
-8994,anchor_scsn_008993,1979898,1,down,60.18434143066406
-8995,anchor_scsn_008994,1980295,1,down,73.32953643798828
-8996,anchor_scsn_008995,1980536,1,down,69.46944427490234
-8997,anchor_scsn_008996,1980687,1,down,77.11062622070312
-8998,anchor_scsn_008997,1981744,1,down,98.16754913330078
-8999,anchor_scsn_008998,1982849,1,down,92.07601928710938
-9000,anchor_scsn_008999,1982916,1,down,71.99140930175781
-9001,anchor_scsn_009000,1982928,1,down,83.7503433227539
-9002,anchor_scsn_009001,1983208,1,down,283.41082763671875
-9003,anchor_scsn_009002,1983269,1,down,66.16836547851562
-9004,anchor_scsn_009003,1983712,1,down,63.90981674194336
-9005,anchor_scsn_009004,1983935,1,down,112.1900405883789
-9006,anchor_scsn_009005,1983976,1,down,55.57858657836914
-9007,anchor_scsn_009006,1984742,1,down,55.887428283691406
-9008,anchor_scsn_009007,1984918,1,down,178.23165893554688
-9009,anchor_scsn_009008,1985472,1,down,127.9004135131836
-9010,anchor_scsn_009009,1985782,1,down,51.525367736816406
-9011,anchor_scsn_009010,1986779,1,down,70.3143081665039
-9012,anchor_scsn_009011,1986815,1,down,69.2079086303711
-9013,anchor_scsn_009012,1987442,1,down,57.20273208618164
-9014,anchor_scsn_009013,1987905,1,down,133.00331115722656
-9015,anchor_scsn_009014,1988191,1,down,70.78057098388672
-9016,anchor_scsn_009015,1988951,1,down,129.7630615234375
-9017,anchor_scsn_009016,1988992,1,down,118.96082305908203
-9018,anchor_scsn_009017,1989044,1,down,239.98309326171875
-9019,anchor_scsn_009018,1989368,1,down,177.1234893798828
-9020,anchor_scsn_009019,1989941,1,down,51.598209381103516
-9021,anchor_scsn_009020,1990435,1,down,116.62923431396484
-9022,anchor_scsn_009021,1990566,1,down,119.88406372070312
-9023,anchor_scsn_009022,1993242,1,down,69.39219665527344
-9024,anchor_scsn_009023,1993666,1,down,96.64420318603516
-9025,anchor_scsn_009024,1994089,1,down,173.70736694335938
-9026,anchor_scsn_009025,1994203,1,down,924.8994750976562
-9027,anchor_scsn_009026,1994379,1,down,54.11099624633789
-9028,anchor_scsn_009027,1994414,1,down,88.16033935546875
-9029,anchor_scsn_009028,1995050,1,down,302.5428161621094
-9030,anchor_scsn_009029,1995114,1,down,51.58053207397461
-9031,anchor_scsn_009030,1995911,1,down,63.4180908203125
-9032,anchor_scsn_009031,1996079,1,down,51.07212448120117
-9033,anchor_scsn_009032,1996386,1,down,83.43358612060547
-9034,anchor_scsn_009033,1996572,1,down,71.61503601074219
-9035,anchor_scsn_009034,1996957,1,down,123.21676635742188
-9036,anchor_scsn_009035,1997582,1,down,79.51119232177734
-9037,anchor_scsn_009036,1997656,1,down,55.895469665527344
-9038,anchor_scsn_009037,1997774,1,down,206.62660217285156
-9039,anchor_scsn_009038,1998256,1,down,64.74401092529297
-9040,anchor_scsn_009039,1999371,1,down,65.17620086669922
-9041,anchor_scsn_009040,2000208,1,down,75.96427154541016
-9042,anchor_scsn_009041,2000288,1,down,95.98621368408203
-9043,anchor_scsn_009042,2001031,1,down,68.19713592529297
-9044,anchor_scsn_009043,2001320,1,down,50.243961334228516
-9045,anchor_scsn_009044,2001528,1,down,95.12571716308594
-9046,anchor_scsn_009045,2001697,1,down,84.90037536621094
-9047,anchor_scsn_009046,2002377,1,down,189.7068634033203
-9048,anchor_scsn_009047,2002401,1,down,569.1035766601562
-9049,anchor_scsn_009048,2002994,1,down,82.84259033203125
-9050,anchor_scsn_009049,2003284,1,down,76.90304565429688
-9051,anchor_scsn_009050,2004304,1,down,54.07339096069336
-9052,anchor_scsn_009051,2005223,1,down,116.12471771240234
-9053,anchor_scsn_009052,2005675,1,down,126.32903289794922
-9054,anchor_scsn_009053,2005985,1,down,74.44572448730469
-9055,anchor_scsn_009054,2006321,1,down,238.60769653320312
-9056,anchor_scsn_009055,2006517,1,down,99.81996154785156
-9057,anchor_scsn_009056,2006887,1,down,51.44619369506836
-9058,anchor_scsn_009057,2007047,1,down,62.46304702758789
-9059,anchor_scsn_009058,2007686,1,down,72.83592987060547
-9060,anchor_scsn_009059,2008095,1,down,144.77696228027344
-9061,anchor_scsn_009060,2008614,1,down,61.652854919433594
-9062,anchor_scsn_009061,2009363,1,down,126.52214050292969
-9063,anchor_scsn_009062,2011473,1,down,55.676597595214844
-9064,anchor_scsn_009063,2013038,1,down,85.11052703857422
-9065,anchor_scsn_009064,2013042,1,down,110.68086242675781
-9066,anchor_scsn_009065,2013136,1,down,226.66627502441406
-9067,anchor_scsn_009066,2013249,1,down,375.27972412109375
-9068,anchor_scsn_009067,2014067,1,down,50.32277297973633
-9069,anchor_scsn_009068,2014924,1,down,119.4187240600586
-9070,anchor_scsn_009069,2016234,1,down,189.8536376953125
-9071,anchor_scsn_009070,2016460,1,down,78.1574935913086
-9072,anchor_scsn_009071,2017425,1,down,204.65696716308594
-9073,anchor_scsn_009072,2017776,1,down,245.30471801757812
-9074,anchor_scsn_009073,2017882,1,down,60.66593551635742
-9075,anchor_scsn_009074,2018335,1,down,69.56767272949219
-9076,anchor_scsn_009075,2018513,1,down,134.9364776611328
-9077,anchor_scsn_009076,2019155,1,down,61.24427795410156
-9078,anchor_scsn_009077,2020483,1,down,360.9492492675781
-9079,anchor_scsn_009078,2021149,1,down,189.9672393798828
-9080,anchor_scsn_009079,2021335,1,down,181.7775421142578
-9081,anchor_scsn_009080,2021793,1,down,53.676307678222656
-9082,anchor_scsn_009081,2022185,1,down,64.26258087158203
-9083,anchor_scsn_009082,2022220,1,down,70.1446533203125
-9084,anchor_scsn_009083,2023137,1,down,58.674991607666016
-9085,anchor_scsn_009084,2023523,1,down,61.680320739746094
-9086,anchor_scsn_009085,2024782,1,down,55.02582931518555
-9087,anchor_scsn_009086,2025534,1,down,64.93836212158203
-9088,anchor_scsn_009087,2026355,1,down,77.59806823730469
-9089,anchor_scsn_009088,2026573,1,down,66.61156463623047
-9090,anchor_scsn_009089,2026866,1,down,129.01644897460938
-9091,anchor_scsn_009090,2028549,1,down,65.12034606933594
-9092,anchor_scsn_009091,2029146,1,down,78.00894927978516
-9093,anchor_scsn_009092,2029245,1,down,80.9672622680664
-9094,anchor_scsn_009093,2029512,1,down,133.55931091308594
-9095,anchor_scsn_009094,2030615,1,down,138.77252197265625
-9096,anchor_scsn_009095,2030942,1,down,54.56940460205078
-9097,anchor_scsn_009096,2031794,1,down,71.63392639160156
-9098,anchor_scsn_009097,2031970,1,down,51.78026580810547
-9099,anchor_scsn_009098,2032410,1,down,639.1806640625
-9100,anchor_scsn_009099,2032790,1,down,142.3712158203125
-9101,anchor_scsn_009100,2034288,1,down,56.73056411743164
-9102,anchor_scsn_009101,2034410,1,down,172.10911560058594
-9103,anchor_scsn_009102,2035215,1,down,56.138763427734375
-9104,anchor_scsn_009103,2035675,1,down,106.07062530517578
-9105,anchor_scsn_009104,2035862,1,down,108.04061126708984
-9106,anchor_scsn_009105,2037793,1,down,72.54560852050781
-9107,anchor_scsn_009106,2037868,1,down,53.18151092529297
-9108,anchor_scsn_009107,2037981,1,down,237.9729766845703
-9109,anchor_scsn_009108,2038619,1,down,57.873897552490234
-9110,anchor_scsn_009109,2038955,1,down,59.25014877319336
-9111,anchor_scsn_009110,2039249,1,down,70.05487060546875
-9112,anchor_scsn_009111,2039274,1,down,64.39790344238281
-9113,anchor_scsn_009112,2039631,1,down,52.39710235595703
-9114,anchor_scsn_009113,2040021,1,down,292.1756896972656
-9115,anchor_scsn_009114,2040450,1,down,163.47499084472656
-9116,anchor_scsn_009115,2040500,1,down,741.9285888671875
-9117,anchor_scsn_009116,2041053,1,down,179.7491912841797
-9118,anchor_scsn_009117,2041061,1,down,53.80390167236328
-9119,anchor_scsn_009118,2041324,1,down,509.5480651855469
-9120,anchor_scsn_009119,2042353,1,down,96.1131820678711
-9121,anchor_scsn_009120,2043453,1,down,55.329471588134766
-9122,anchor_scsn_009121,2045639,1,down,100.3630599975586
-9123,anchor_scsn_009122,2046498,1,down,64.49561309814453
-9124,anchor_scsn_009123,2048264,1,down,75.52032470703125
-9125,anchor_scsn_009124,2048806,1,down,743.7374877929688
-9126,anchor_scsn_009125,2049178,1,down,50.31066131591797
-9127,anchor_scsn_009126,2049362,1,down,169.4334716796875
-9128,anchor_scsn_009127,2049384,1,down,109.79501342773438
-9129,anchor_scsn_009128,2050396,1,down,81.0721664428711
-9130,anchor_scsn_009129,2050556,1,down,929.1758422851562
-9131,anchor_scsn_009130,2050846,1,down,71.89554595947266
-9132,anchor_scsn_009131,2051649,1,down,72.73123931884766
-9133,anchor_scsn_009132,2051692,1,down,83.06754302978516
-9134,anchor_scsn_009133,2052599,1,down,51.59714889526367
-9135,anchor_scsn_009134,2053118,1,down,53.670082092285156
-9136,anchor_scsn_009135,2053150,1,down,240.38246154785156
-9137,anchor_scsn_009136,2053371,1,down,62.982120513916016
-9138,anchor_scsn_009137,2054162,1,down,102.55427551269531
-9139,anchor_scsn_009138,2054467,1,down,560.283203125
-9140,anchor_scsn_009139,2054606,1,down,147.05088806152344
-9141,anchor_scsn_009140,2054804,1,down,134.35585021972656
-9142,anchor_scsn_009141,2055302,1,down,404.7629699707031
-9143,anchor_scsn_009142,2055806,1,down,65.55599975585938
-9144,anchor_scsn_009143,2056470,1,down,174.49461364746094
-9145,anchor_scsn_009144,2056509,1,down,59.28730773925781
-9146,anchor_scsn_009145,2056672,1,down,50.855045318603516
-9147,anchor_scsn_009146,2056974,1,down,84.41957092285156
-9148,anchor_scsn_009147,2057461,1,down,194.06675720214844
-9149,anchor_scsn_009148,2058279,1,down,99.13785552978516
-9150,anchor_scsn_009149,2058311,1,down,395.5998229980469
-9151,anchor_scsn_009150,2058492,1,down,166.33079528808594
-9152,anchor_scsn_009151,2059345,1,down,353.975830078125
-9153,anchor_scsn_009152,2059381,1,down,426.3923034667969
-9154,anchor_scsn_009153,2059755,1,down,58.42454528808594
-9155,anchor_scsn_009154,2060689,1,down,106.4502182006836
-9156,anchor_scsn_009155,2060899,1,down,64.03230285644531
-9157,anchor_scsn_009156,2061463,1,down,63.3045654296875
-9158,anchor_scsn_009157,2061567,1,down,56.57209777832031
-9159,anchor_scsn_009158,2062054,1,down,143.312744140625
-9160,anchor_scsn_009159,2062304,1,down,106.87659454345703
-9161,anchor_scsn_009160,2062485,1,down,70.13551330566406
-9162,anchor_scsn_009161,2063613,1,down,91.19760131835938
-9163,anchor_scsn_009162,2064562,1,down,150.62893676757812
-9164,anchor_scsn_009163,2064583,1,down,109.71012115478516
-9165,anchor_scsn_009164,2065598,1,down,160.525390625
-9166,anchor_scsn_009165,2065789,1,down,51.804988861083984
-9167,anchor_scsn_009166,2065895,1,down,52.072608947753906
-9168,anchor_scsn_009167,2066042,1,down,85.67462158203125
-9169,anchor_scsn_009168,2066649,1,down,88.37864685058594
-9170,anchor_scsn_009169,2066795,1,down,78.69793701171875
-9171,anchor_scsn_009170,2067149,1,down,82.22542572021484
-9172,anchor_scsn_009171,2068225,1,down,73.09056091308594
-9173,anchor_scsn_009172,2068622,1,down,55.253902435302734
-9174,anchor_scsn_009173,2068676,1,down,124.3685073852539
-9175,anchor_scsn_009174,2069574,1,down,50.474491119384766
-9176,anchor_scsn_009175,2069819,1,down,63.29903793334961
-9177,anchor_scsn_009176,2069838,1,down,78.16998291015625
-9178,anchor_scsn_009177,2070263,1,down,480.7805480957031
-9179,anchor_scsn_009178,2070859,1,down,159.3858642578125
-9180,anchor_scsn_009179,2070984,1,down,64.99065399169922
-9181,anchor_scsn_009180,2071570,1,down,586.9038696289062
-9182,anchor_scsn_009181,2073562,1,down,58.39211654663086
-9183,anchor_scsn_009182,2074211,1,down,76.11613464355469
-9184,anchor_scsn_009183,2074422,1,down,178.98635864257812
-9185,anchor_scsn_009184,2074820,1,down,68.43309783935547
-9186,anchor_scsn_009185,2074951,1,down,57.35836410522461
-9187,anchor_scsn_009186,2075540,1,down,181.62118530273438
-9188,anchor_scsn_009187,2075676,1,down,88.13468933105469
-9189,anchor_scsn_009188,2075782,1,down,70.00637817382812
-9190,anchor_scsn_009189,2076701,1,down,278.9721374511719
-9191,anchor_scsn_009190,2076721,1,down,72.0303955078125
-9192,anchor_scsn_009191,2078428,1,down,100.16336059570312
-9193,anchor_scsn_009192,2079261,1,down,132.32557678222656
-9194,anchor_scsn_009193,2080205,1,down,50.10031509399414
-9195,anchor_scsn_009194,2080684,1,down,161.27099609375
-9196,anchor_scsn_009195,2080976,1,down,64.33512878417969
-9197,anchor_scsn_009196,2081214,1,down,125.10028839111328
-9198,anchor_scsn_009197,2081430,1,down,54.930843353271484
-9199,anchor_scsn_009198,2082679,1,down,103.79592895507812
-9200,anchor_scsn_009199,2083259,1,down,177.85214233398438
-9201,anchor_scsn_009200,2083536,1,down,57.006954193115234
-9202,anchor_scsn_009201,2083660,1,down,50.86145782470703
-9203,anchor_scsn_009202,2084174,1,down,96.00505828857422
-9204,anchor_scsn_009203,2085884,1,down,911.0543212890625
-9205,anchor_scsn_009204,2086022,1,down,68.75920867919922
-9206,anchor_scsn_009205,2086353,1,down,276.5271301269531
-9207,anchor_scsn_009206,2086877,1,down,200.99075317382812
-9208,anchor_scsn_009207,2087151,1,down,81.12981414794922
-9209,anchor_scsn_009208,2089175,1,down,55.93813705444336
-9210,anchor_scsn_009209,2089359,1,down,66.7157211303711
-9211,anchor_scsn_009210,2089693,1,down,82.58729553222656
-9212,anchor_scsn_009211,2090309,1,down,200.30833435058594
-9213,anchor_scsn_009212,2090457,1,down,156.18453979492188
-9214,anchor_scsn_009213,2090463,1,down,259.9771728515625
-9215,anchor_scsn_009214,2090497,1,down,66.37788391113281
-9216,anchor_scsn_009215,2090562,1,down,53.543575286865234
-9217,anchor_scsn_009216,2091027,1,down,135.85525512695312
-9218,anchor_scsn_009217,2091082,1,down,174.75765991210938
-9219,anchor_scsn_009218,2091824,1,down,363.6001892089844
-9220,anchor_scsn_009219,2091946,1,down,54.039955139160156
-9221,anchor_scsn_009220,2092389,1,down,236.1309051513672
-9222,anchor_scsn_009221,2092512,1,down,271.7682800292969
-9223,anchor_scsn_009222,2092598,1,down,141.59971618652344
-9224,anchor_scsn_009223,2092664,1,down,104.60851287841797
-9225,anchor_scsn_009224,2092763,1,down,483.2262268066406
-9226,anchor_scsn_009225,2094099,1,down,58.97938537597656
-9227,anchor_scsn_009226,2094417,1,down,926.8103637695312
-9228,anchor_scsn_009227,2094459,1,down,58.276153564453125
-9229,anchor_scsn_009228,2094801,1,down,85.92904663085938
-9230,anchor_scsn_009229,2095491,1,down,138.2941436767578
-9231,anchor_scsn_009230,2095695,1,down,52.96744155883789
-9232,anchor_scsn_009231,2097671,1,down,56.6195182800293
-9233,anchor_scsn_009232,2098073,1,down,68.88645935058594
-9234,anchor_scsn_009233,2098129,1,down,118.15532684326172
-9235,anchor_scsn_009234,2098383,1,down,83.74990844726562
-9236,anchor_scsn_009235,2098473,1,down,115.7220458984375
-9237,anchor_scsn_009236,2098786,1,down,87.34798431396484
-9238,anchor_scsn_009237,2098838,1,down,190.29698181152344
-9239,anchor_scsn_009238,2100881,1,down,173.4480743408203
-9240,anchor_scsn_009239,2101660,1,down,366.6902160644531
-9241,anchor_scsn_009240,2102138,1,down,90.38993072509766
-9242,anchor_scsn_009241,2102342,1,down,132.0427703857422
-9243,anchor_scsn_009242,2102367,1,down,98.2267074584961
-9244,anchor_scsn_009243,2102746,1,down,97.09637451171875
-9245,anchor_scsn_009244,2104427,1,down,102.99907684326172
-9246,anchor_scsn_009245,2104441,1,down,87.87242126464844
-9247,anchor_scsn_009246,2104485,1,down,61.87714767456055
-9248,anchor_scsn_009247,2104600,1,down,79.04920959472656
-9249,anchor_scsn_009248,2105268,1,down,195.20973205566406
-9250,anchor_scsn_009249,2106197,1,down,139.96315002441406
-9251,anchor_scsn_009250,2106257,1,down,50.20198059082031
-9252,anchor_scsn_009251,2106284,1,down,303.0512390136719
-9253,anchor_scsn_009252,2106724,1,down,261.66180419921875
-9254,anchor_scsn_009253,2107008,1,down,176.72015380859375
-9255,anchor_scsn_009254,2107791,1,down,54.30508041381836
-9256,anchor_scsn_009255,2108073,1,down,266.0860290527344
-9257,anchor_scsn_009256,2108606,1,down,85.22595977783203
-9258,anchor_scsn_009257,2109735,1,down,101.56270599365234
-9259,anchor_scsn_009258,2110183,1,down,281.9772033691406
-9260,anchor_scsn_009259,2110223,1,down,407.33551025390625
-9261,anchor_scsn_009260,2111294,1,down,353.6928405761719
-9262,anchor_scsn_009261,2111739,1,down,186.0120849609375
-9263,anchor_scsn_009262,2112250,1,down,171.90399169921875
-9264,anchor_scsn_009263,2112327,1,down,95.40370178222656
-9265,anchor_scsn_009264,2112964,1,down,68.23680877685547
-9266,anchor_scsn_009265,2113328,1,down,220.83291625976562
-9267,anchor_scsn_009266,2114087,1,down,435.58172607421875
-9268,anchor_scsn_009267,2114857,1,down,81.40869140625
-9269,anchor_scsn_009268,2115319,1,down,95.30016326904297
-9270,anchor_scsn_009269,2115442,1,down,519.48583984375
-9271,anchor_scsn_009270,2116587,1,down,83.87982940673828
-9272,anchor_scsn_009271,2116757,1,down,99.01358032226562
-9273,anchor_scsn_009272,2117024,1,down,51.33795928955078
-9274,anchor_scsn_009273,2117688,1,down,169.70945739746094
-9275,anchor_scsn_009274,2117735,1,down,65.01313781738281
-9276,anchor_scsn_009275,2117788,1,down,792.692626953125
-9277,anchor_scsn_009276,2118768,1,down,302.2312927246094
-9278,anchor_scsn_009277,2119432,1,down,251.24951171875
-9279,anchor_scsn_009278,2119933,1,down,367.87188720703125
-9280,anchor_scsn_009279,2120332,1,down,90.14035034179688
-9281,anchor_scsn_009280,2121310,1,down,56.738101959228516
-9282,anchor_scsn_009281,2121772,1,down,77.53265380859375
-9283,anchor_scsn_009282,2122408,1,down,109.04531860351562
-9284,anchor_scsn_009283,2123628,1,down,291.8435363769531
-9285,anchor_scsn_009284,2123743,1,down,109.65193176269531
-9286,anchor_scsn_009285,2123816,1,down,90.09683227539062
-9287,anchor_scsn_009286,2123974,1,down,59.57344436645508
-9288,anchor_scsn_009287,2124047,1,down,466.0709228515625
-9289,anchor_scsn_009288,2124399,1,down,62.7879524230957
-9290,anchor_scsn_009289,2126006,1,down,78.92091369628906
-9291,anchor_scsn_009290,2126098,1,down,55.72407150268555
-9292,anchor_scsn_009291,2127275,1,down,175.85208129882812
-9293,anchor_scsn_009292,2127522,1,down,160.41746520996094
-9294,anchor_scsn_009293,2127955,1,down,130.71041870117188
-9295,anchor_scsn_009294,2128055,1,down,85.2686996459961
-9296,anchor_scsn_009295,2129518,1,down,51.39439010620117
-9297,anchor_scsn_009296,2130436,1,down,395.7447509765625
-9298,anchor_scsn_009297,2130820,1,down,50.6483039855957
-9299,anchor_scsn_009298,2131146,1,down,388.9779968261719
-9300,anchor_scsn_009299,2131691,1,down,50.22446060180664
-9301,anchor_scsn_009300,2132413,1,down,209.2930450439453
-9302,anchor_scsn_009301,2132518,1,down,326.93780517578125
-9303,anchor_scsn_009302,2133067,1,down,245.51284790039062
-9304,anchor_scsn_009303,2133534,1,down,55.046173095703125
-9305,anchor_scsn_009304,2133579,1,down,187.35787963867188
-9306,anchor_scsn_009305,2134034,1,down,80.23626708984375
-9307,anchor_scsn_009306,2136111,1,down,96.46139526367188
-9308,anchor_scsn_009307,2136474,1,down,263.575927734375
-9309,anchor_scsn_009308,2136787,1,down,81.91051483154297
-9310,anchor_scsn_009309,2137004,1,down,131.44076538085938
-9311,anchor_scsn_009310,2137094,1,down,97.16255950927734
-9312,anchor_scsn_009311,2139023,1,down,70.32421875
-9313,anchor_scsn_009312,2139187,1,down,66.91995239257812
-9314,anchor_scsn_009313,2139505,1,down,140.4212188720703
-9315,anchor_scsn_009314,2140379,1,down,115.4516372680664
-9316,anchor_scsn_009315,2140465,1,down,215.57884216308594
-9317,anchor_scsn_009316,2140915,1,down,70.91360473632812
-9318,anchor_scsn_009317,2141131,1,down,74.65746307373047
-9319,anchor_scsn_009318,2141630,1,down,195.5084686279297
-9320,anchor_scsn_009319,2141783,1,down,86.09459686279297
-9321,anchor_scsn_009320,2143030,1,down,54.09727096557617
-9322,anchor_scsn_009321,2143209,1,down,262.38800048828125
-9323,anchor_scsn_009322,2144315,1,down,119.3952865600586
-9324,anchor_scsn_009323,2145127,1,down,93.84380340576172
-9325,anchor_scsn_009324,2145764,1,down,79.74311828613281
-9326,anchor_scsn_009325,2146347,1,down,218.11399841308594
-9327,anchor_scsn_009326,2146765,1,down,362.427490234375
-9328,anchor_scsn_009327,2147304,1,down,430.8428039550781
-9329,anchor_scsn_009328,2147883,1,down,118.53358459472656
-9330,anchor_scsn_009329,2148983,1,down,65.23574829101562
-9331,anchor_scsn_009330,2149185,1,down,170.6018829345703
-9332,anchor_scsn_009331,2149229,1,down,130.11737060546875
-9333,anchor_scsn_009332,2149502,1,down,57.578609466552734
-9334,anchor_scsn_009333,2149922,1,down,56.022762298583984
-9335,anchor_scsn_009334,2150013,1,down,217.4674072265625
-9336,anchor_scsn_009335,2150304,1,down,77.91789245605469
-9337,anchor_scsn_009336,2150365,1,down,86.5960464477539
-9338,anchor_scsn_009337,2151196,1,down,156.78958129882812
-9339,anchor_scsn_009338,2152059,1,down,56.826416015625
-9340,anchor_scsn_009339,2152241,1,down,132.9552764892578
-9341,anchor_scsn_009340,2152969,1,down,105.65699005126953
-9342,anchor_scsn_009341,2154943,1,down,117.96438598632812
-9343,anchor_scsn_009342,2155063,1,down,155.6992645263672
-9344,anchor_scsn_009343,2156133,1,down,475.2362060546875
-9345,anchor_scsn_009344,2156628,1,down,63.557735443115234
-9346,anchor_scsn_009345,2158327,1,down,299.0570373535156
-9347,anchor_scsn_009346,2159341,1,down,525.2432861328125
-9348,anchor_scsn_009347,2161545,1,down,68.66233825683594
-9349,anchor_scsn_009348,2161556,1,down,56.5166130065918
-9350,anchor_scsn_009349,2161611,1,down,108.7623062133789
-9351,anchor_scsn_009350,2162241,1,down,125.7440185546875
-9352,anchor_scsn_009351,2162545,1,down,112.01093292236328
-9353,anchor_scsn_009352,2162599,1,down,377.7531433105469
-9354,anchor_scsn_009353,2162995,1,down,69.11219024658203
-9355,anchor_scsn_009354,2163161,1,down,120.81808471679688
-9356,anchor_scsn_009355,2163184,1,down,53.999210357666016
-9357,anchor_scsn_009356,2164710,1,down,52.141273498535156
-9358,anchor_scsn_009357,2164927,1,down,130.6416473388672
-9359,anchor_scsn_009358,2165193,1,down,892.2972412109375
-9360,anchor_scsn_009359,2165219,1,down,92.71484375
-9361,anchor_scsn_009360,2165276,1,down,100.2136459350586
-9362,anchor_scsn_009361,2165635,1,down,54.65117263793945
-9363,anchor_scsn_009362,2167227,1,down,75.23591613769531
-9364,anchor_scsn_009363,2167284,1,down,67.80479431152344
-9365,anchor_scsn_009364,2167721,1,down,76.0719985961914
-9366,anchor_scsn_009365,2168590,1,down,126.57492065429688
-9367,anchor_scsn_009366,2169059,1,down,76.21064758300781
-9368,anchor_scsn_009367,2169197,1,down,104.65673828125
-9369,anchor_scsn_009368,2169674,1,down,72.06141662597656
-9370,anchor_scsn_009369,2169817,1,down,109.89846801757812
-9371,anchor_scsn_009370,2170057,1,down,291.38397216796875
-9372,anchor_scsn_009371,2170599,1,down,75.8468017578125
-9373,anchor_scsn_009372,2170815,1,down,53.146209716796875
-9374,anchor_scsn_009373,2171033,1,down,74.09025573730469
-9375,anchor_scsn_009374,2171628,1,down,63.625816345214844
-9376,anchor_scsn_009375,2172146,1,down,88.95811462402344
-9377,anchor_scsn_009376,2173373,1,down,120.6242904663086
-9378,anchor_scsn_009377,2173699,1,down,93.9481201171875
-9379,anchor_scsn_009378,2173939,1,down,555.0767211914062
-9380,anchor_scsn_009379,2174718,1,down,64.73577880859375
-9381,anchor_scsn_009380,2174885,1,down,146.31997680664062
-9382,anchor_scsn_009381,2175250,1,down,275.0498962402344
-9383,anchor_scsn_009382,2176434,1,down,112.30542755126953
-9384,anchor_scsn_009383,2176462,1,down,89.2490005493164
-9385,anchor_scsn_009384,2176838,1,down,112.3955307006836
-9386,anchor_scsn_009385,2177014,1,down,442.95941162109375
-9387,anchor_scsn_009386,2177060,1,down,149.37437438964844
-9388,anchor_scsn_009387,2177644,1,down,369.53192138671875
-9389,anchor_scsn_009388,2177717,1,down,65.57559967041016
-9390,anchor_scsn_009389,2177833,1,down,691.1591796875
-9391,anchor_scsn_009390,2177845,1,down,65.837158203125
-9392,anchor_scsn_009391,2177897,1,down,75.00186157226562
-9393,anchor_scsn_009392,2178211,1,down,151.54373168945312
-9394,anchor_scsn_009393,2178333,1,down,77.45521545410156
-9395,anchor_scsn_009394,2178463,1,down,50.83275604248047
-9396,anchor_scsn_009395,2180540,1,down,77.06695556640625
-9397,anchor_scsn_009396,2180576,1,down,55.11262512207031
-9398,anchor_scsn_009397,2181732,1,down,61.114845275878906
-9399,anchor_scsn_009398,2182286,1,down,57.437591552734375
-9400,anchor_scsn_009399,2182424,1,down,382.07379150390625
-9401,anchor_scsn_009400,2182497,1,down,203.5697479248047
-9402,anchor_scsn_009401,2182763,1,down,61.740421295166016
-9403,anchor_scsn_009402,2183249,1,down,299.5171203613281
-9404,anchor_scsn_009403,2183928,1,down,57.77190399169922
-9405,anchor_scsn_009404,2185224,1,down,51.332000732421875
-9406,anchor_scsn_009405,2185584,1,down,119.0551986694336
-9407,anchor_scsn_009406,2185624,1,down,145.1269989013672
-9408,anchor_scsn_009407,2186720,1,down,833.0497436523438
-9409,anchor_scsn_009408,2187043,1,down,137.62496948242188
-9410,anchor_scsn_009409,2187345,1,down,362.92669677734375
-9411,anchor_scsn_009410,2187409,1,down,388.9651184082031
-9412,anchor_scsn_009411,2187723,1,down,70.65119934082031
-9413,anchor_scsn_009412,2187844,1,down,115.77445220947266
-9414,anchor_scsn_009413,2188009,1,down,116.46513366699219
-9415,anchor_scsn_009414,2188446,1,down,234.63719177246094
-9416,anchor_scsn_009415,2190809,1,down,210.879150390625
-9417,anchor_scsn_009416,2191305,1,down,112.09039306640625
-9418,anchor_scsn_009417,2191941,1,down,57.16773223876953
-9419,anchor_scsn_009418,2192226,1,down,54.56943893432617
-9420,anchor_scsn_009419,2192487,1,down,588.6090087890625
-9421,anchor_scsn_009420,2192738,1,down,88.63460540771484
-9422,anchor_scsn_009421,2193169,1,down,62.822593688964844
-9423,anchor_scsn_009422,2193239,1,down,712.3956298828125
-9424,anchor_scsn_009423,2193777,1,down,55.85736846923828
-9425,anchor_scsn_009424,2193956,1,down,66.3985366821289
-9426,anchor_scsn_009425,2194208,1,down,66.8917007446289
-9427,anchor_scsn_009426,2195015,1,down,216.2490997314453
-9428,anchor_scsn_009427,2195132,1,down,104.56025695800781
-9429,anchor_scsn_009428,2195356,1,down,66.66410064697266
-9430,anchor_scsn_009429,2196623,1,down,55.184112548828125
-9431,anchor_scsn_009430,2198554,1,down,349.36578369140625
-9432,anchor_scsn_009431,2199261,1,down,89.23924255371094
-9433,anchor_scsn_009432,2199358,1,down,991.215576171875
-9434,anchor_scsn_009433,2199732,1,down,50.65584182739258
-9435,anchor_scsn_009434,2200259,1,down,50.587135314941406
-9436,anchor_scsn_009435,2200420,1,down,72.58956146240234
-9437,anchor_scsn_009436,2201115,1,down,76.45014190673828
-9438,anchor_scsn_009437,2202821,1,down,167.98452758789062
-9439,anchor_scsn_009438,2204519,1,down,123.36463165283203
-9440,anchor_scsn_009439,2204577,1,down,72.71678924560547
-9441,anchor_scsn_009440,2205762,1,down,145.8507843017578
-9442,anchor_scsn_009441,2206421,1,down,362.036865234375
-9443,anchor_scsn_009442,2206477,1,down,94.10445404052734
-9444,anchor_scsn_009443,2206784,1,down,113.24688720703125
-9445,anchor_scsn_009444,2207330,1,down,57.77016067504883
-9446,anchor_scsn_009445,2207408,1,down,51.51613235473633
-9447,anchor_scsn_009446,2207518,1,down,114.27611541748047
-9448,anchor_scsn_009447,2208261,1,down,85.8707046508789
-9449,anchor_scsn_009448,2208328,1,down,135.1596221923828
-9450,anchor_scsn_009449,2208560,1,down,219.2043914794922
-9451,anchor_scsn_009450,2208721,1,down,71.77687072753906
-9452,anchor_scsn_009451,2208879,1,down,178.21072387695312
-9453,anchor_scsn_009452,2208938,1,down,57.422115325927734
-9454,anchor_scsn_009453,2209391,1,down,112.2264633178711
-9455,anchor_scsn_009454,2209742,1,down,74.39080810546875
-9456,anchor_scsn_009455,2210615,1,down,112.1346435546875
-9457,anchor_scsn_009456,2211418,1,down,56.6161994934082
-9458,anchor_scsn_009457,2211751,1,down,55.91327667236328
-9459,anchor_scsn_009458,2211782,1,down,61.049461364746094
-9460,anchor_scsn_009459,2212170,1,down,71.19834899902344
-9461,anchor_scsn_009460,2212333,1,down,246.73675537109375
-9462,anchor_scsn_009461,2213062,1,down,61.417762756347656
-9463,anchor_scsn_009462,2213485,1,down,150.2437744140625
-9464,anchor_scsn_009463,2213603,1,down,82.61422729492188
-9465,anchor_scsn_009464,2215791,1,down,52.055335998535156
-9466,anchor_scsn_009465,2216345,1,down,86.70596313476562
-9467,anchor_scsn_009466,2216485,1,down,245.2176971435547
-9468,anchor_scsn_009467,2216657,1,down,181.76722717285156
-9469,anchor_scsn_009468,2217042,1,down,241.8553466796875
-9470,anchor_scsn_009469,2217373,1,down,72.24453735351562
-9471,anchor_scsn_009470,2218100,1,down,228.0084228515625
-9472,anchor_scsn_009471,2218379,1,down,317.72491455078125
-9473,anchor_scsn_009472,2218783,1,down,249.00181579589844
-9474,anchor_scsn_009473,2220605,1,down,113.88618469238281
-9475,anchor_scsn_009474,2220810,1,down,63.15647888183594
-9476,anchor_scsn_009475,2220924,1,down,183.55474853515625
-9477,anchor_scsn_009476,2221144,1,down,119.18577575683594
-9478,anchor_scsn_009477,2221267,1,down,244.10195922851562
-9479,anchor_scsn_009478,2221788,1,down,117.41280364990234
-9480,anchor_scsn_009479,2222447,1,down,135.2785186767578
-9481,anchor_scsn_009480,2222988,1,down,51.311012268066406
-9482,anchor_scsn_009481,2223647,1,down,67.6899642944336
-9483,anchor_scsn_009482,2223786,1,down,217.9569549560547
-9484,anchor_scsn_009483,2224671,1,down,111.40642547607422
-9485,anchor_scsn_009484,2225205,1,down,68.22588348388672
-9486,anchor_scsn_009485,2225759,1,down,866.3311767578125
-9487,anchor_scsn_009486,2226132,1,down,68.52936553955078
-9488,anchor_scsn_009487,2226170,1,down,80.9150619506836
-9489,anchor_scsn_009488,2226205,1,down,60.86601638793945
-9490,anchor_scsn_009489,2226498,1,down,111.88246154785156
-9491,anchor_scsn_009490,2226910,1,down,119.44303131103516
-9492,anchor_scsn_009491,2227105,1,down,72.57266998291016
-9493,anchor_scsn_009492,2227211,1,down,136.01449584960938
-9494,anchor_scsn_009493,2227808,1,down,172.71340942382812
-9495,anchor_scsn_009494,2228225,1,down,360.36700439453125
-9496,anchor_scsn_009495,2229003,1,down,101.1458511352539
-9497,anchor_scsn_009496,2230144,1,down,62.78590774536133
-9498,anchor_scsn_009497,2231924,1,down,56.56344223022461
-9499,anchor_scsn_009498,2232174,1,down,178.76400756835938
-9500,anchor_scsn_009499,2232178,1,down,85.13138580322266
-9501,anchor_scsn_009500,2233126,1,down,98.27766418457031
-9502,anchor_scsn_009501,2233521,1,down,446.6716613769531
-9503,anchor_scsn_009502,2233550,1,down,103.45398712158203
-9504,anchor_scsn_009503,2233898,1,down,219.87245178222656
-9505,anchor_scsn_009504,2234620,1,down,65.80760955810547
-9506,anchor_scsn_009505,2239939,1,down,77.80575561523438
-9507,anchor_scsn_009506,2241135,1,down,298.2572326660156
-9508,anchor_scsn_009507,2241207,1,down,160.72755432128906
-9509,anchor_scsn_009508,2241835,1,down,62.60624313354492
-9510,anchor_scsn_009509,2241875,1,down,155.40980529785156
-9511,anchor_scsn_009510,2242040,1,down,82.15966796875
-9512,anchor_scsn_009511,2242457,1,down,58.188926696777344
-9513,anchor_scsn_009512,2243352,1,down,73.11882019042969
-9514,anchor_scsn_009513,2244361,1,down,117.92598724365234
-9515,anchor_scsn_009514,2244716,1,down,85.35740661621094
-9516,anchor_scsn_009515,2246415,1,down,137.9900360107422
-9517,anchor_scsn_009516,2246688,1,down,59.628963470458984
-9518,anchor_scsn_009517,2246938,1,down,117.28124237060547
-9519,anchor_scsn_009518,2247081,1,down,306.7110290527344
-9520,anchor_scsn_009519,2250287,1,down,139.3125762939453
-9521,anchor_scsn_009520,2250690,1,down,79.51042938232422
-9522,anchor_scsn_009521,2250899,1,down,492.8087463378906
-9523,anchor_scsn_009522,2251155,1,down,89.58406066894531
-9524,anchor_scsn_009523,2252262,1,down,121.75475311279297
-9525,anchor_scsn_009524,2252378,1,down,106.06315612792969
-9526,anchor_scsn_009525,2252432,1,down,55.35593795776367
-9527,anchor_scsn_009526,2252741,1,down,101.09398651123047
-9528,anchor_scsn_009527,2253269,1,down,77.08037567138672
-9529,anchor_scsn_009528,2254764,1,down,130.27346801757812
-9530,anchor_scsn_009529,2255739,1,down,126.93132019042969
-9531,anchor_scsn_009530,2256138,1,down,68.02523040771484
-9532,anchor_scsn_009531,2257399,1,down,176.80172729492188
-9533,anchor_scsn_009532,2257922,1,down,55.5953254699707
-9534,anchor_scsn_009533,2258455,1,down,131.38084411621094
-9535,anchor_scsn_009534,2260498,1,down,218.17636108398438
-9536,anchor_scsn_009535,2260792,1,down,118.44829559326172
-9537,anchor_scsn_009536,2261354,1,down,101.14764404296875
-9538,anchor_scsn_009537,2262571,1,down,120.51844024658203
-9539,anchor_scsn_009538,2262637,1,down,129.51463317871094
-9540,anchor_scsn_009539,2262653,1,down,61.08747482299805
-9541,anchor_scsn_009540,2262985,1,down,195.818115234375
-9542,anchor_scsn_009541,2263373,1,down,62.49421691894531
-9543,anchor_scsn_009542,2263659,1,down,51.46591567993164
-9544,anchor_scsn_009543,2263839,1,down,94.65733337402344
-9545,anchor_scsn_009544,2263910,1,down,57.630775451660156
-9546,anchor_scsn_009545,2264192,1,down,168.37367248535156
-9547,anchor_scsn_009546,2264931,1,down,82.02975463867188
-9548,anchor_scsn_009547,2265185,1,down,80.12954711914062
-9549,anchor_scsn_009548,2265194,1,down,75.06517028808594
-9550,anchor_scsn_009549,2265221,1,down,52.48500442504883
-9551,anchor_scsn_009550,2265283,1,down,380.9210205078125
-9552,anchor_scsn_009551,2265872,1,down,95.59166717529297
-9553,anchor_scsn_009552,2266075,1,down,219.48838806152344
-9554,anchor_scsn_009553,2266171,1,down,82.23139190673828
-9555,anchor_scsn_009554,2266218,1,down,53.42787170410156
-9556,anchor_scsn_009555,2266224,1,down,69.36727142333984
-9557,anchor_scsn_009556,2267137,1,down,209.4136505126953
-9558,anchor_scsn_009557,2267532,1,down,146.7058563232422
-9559,anchor_scsn_009558,2267546,1,down,292.1932678222656
-9560,anchor_scsn_009559,2267561,1,down,127.56512451171875
-9561,anchor_scsn_009560,2267794,1,down,94.36039733886719
-9562,anchor_scsn_009561,2268103,1,down,105.98429107666016
-9563,anchor_scsn_009562,2268554,1,down,371.2099609375
-9564,anchor_scsn_009563,2269382,1,down,248.6016082763672
-9565,anchor_scsn_009564,2269522,1,down,63.17750549316406
-9566,anchor_scsn_009565,2269713,1,down,114.26412200927734
-9567,anchor_scsn_009566,2270103,1,down,81.41844940185547
-9568,anchor_scsn_009567,2270314,1,down,50.49941635131836
-9569,anchor_scsn_009568,2270414,1,down,100.1863784790039
-9570,anchor_scsn_009569,2271377,1,down,73.07554626464844
-9571,anchor_scsn_009570,2272731,1,down,143.7469482421875
-9572,anchor_scsn_009571,2272772,1,down,66.0676040649414
-9573,anchor_scsn_009572,2272804,1,down,55.1755485534668
-9574,anchor_scsn_009573,2273026,1,down,90.10711669921875
-9575,anchor_scsn_009574,2273052,1,down,107.82341766357422
-9576,anchor_scsn_009575,2273302,1,down,106.3133773803711
-9577,anchor_scsn_009576,2275478,1,down,71.51988983154297
-9578,anchor_scsn_009577,2275647,1,down,59.01629638671875
-9579,anchor_scsn_009578,2276307,1,down,695.6381225585938
-9580,anchor_scsn_009579,2276638,1,down,228.17239379882812
-9581,anchor_scsn_009580,2277751,1,down,66.6682357788086
-9582,anchor_scsn_009581,2278293,1,down,73.88603973388672
-9583,anchor_scsn_009582,2278539,1,down,189.0413818359375
-9584,anchor_scsn_009583,2278646,1,down,225.70706176757812
-9585,anchor_scsn_009584,2280026,1,down,94.86150360107422
-9586,anchor_scsn_009585,2280280,1,down,367.84814453125
-9587,anchor_scsn_009586,2280284,1,down,115.4106216430664
-9588,anchor_scsn_009587,2281111,1,down,94.07169342041016
-9589,anchor_scsn_009588,2281727,1,down,710.0201416015625
-9590,anchor_scsn_009589,2282127,1,down,94.34922790527344
-9591,anchor_scsn_009590,2283074,1,down,100.18283081054688
-9592,anchor_scsn_009591,2283373,1,down,440.9483337402344
-9593,anchor_scsn_009592,2284194,1,down,184.3906707763672
-9594,anchor_scsn_009593,2285210,1,down,78.12019348144531
-9595,anchor_scsn_009594,2287177,1,down,411.1517333984375
-9596,anchor_scsn_009595,2287283,1,down,53.73670959472656
-9597,anchor_scsn_009596,2287425,1,down,238.99508666992188
-9598,anchor_scsn_009597,2287721,1,down,99.25311279296875
-9599,anchor_scsn_009598,2288142,1,down,74.82254791259766
-9600,anchor_scsn_009599,2288257,1,down,92.17375183105469
-9601,anchor_scsn_009600,2288737,1,down,389.2913513183594
-9602,anchor_scsn_009601,2288907,1,down,78.69438171386719
-9603,anchor_scsn_009602,2290265,1,down,223.01632690429688
-9604,anchor_scsn_009603,2291196,1,down,183.40301513671875
-9605,anchor_scsn_009604,2291370,1,down,72.6497573852539
-9606,anchor_scsn_009605,2291641,1,down,156.69891357421875
-9607,anchor_scsn_009606,2291990,1,down,101.59188842773438
-9608,anchor_scsn_009607,2292356,1,down,68.5615463256836
-9609,anchor_scsn_009608,2292388,1,down,67.26496124267578
-9610,anchor_scsn_009609,2292809,1,down,85.17784881591797
-9611,anchor_scsn_009610,2294570,1,down,153.2567596435547
-9612,anchor_scsn_009611,2294926,1,down,182.90003967285156
-9613,anchor_scsn_009612,2294958,1,down,53.20132064819336
-9614,anchor_scsn_009613,2295455,1,down,355.64825439453125
-9615,anchor_scsn_009614,2296884,1,down,60.44868469238281
-9616,anchor_scsn_009615,2298528,1,down,57.218406677246094
-9617,anchor_scsn_009616,2299670,1,down,96.23465728759766
-9618,anchor_scsn_009617,2299723,1,down,87.89412689208984
-9619,anchor_scsn_009618,2299990,1,down,236.4307403564453
-9620,anchor_scsn_009619,2300394,1,down,89.4676513671875
-9621,anchor_scsn_009620,2300430,1,down,159.63087463378906
-9622,anchor_scsn_009621,2302326,1,down,181.5267333984375
-9623,anchor_scsn_009622,2302346,1,down,87.57713317871094
-9624,anchor_scsn_009623,2302464,1,down,250.68238830566406
-9625,anchor_scsn_009624,2303434,1,down,75.7222900390625
-9626,anchor_scsn_009625,2303613,1,down,95.01641082763672
-9627,anchor_scsn_009626,2303748,1,down,88.11712646484375
-9628,anchor_scsn_009627,2304555,1,down,80.34954833984375
-9629,anchor_scsn_009628,2304972,1,down,57.80743408203125
-9630,anchor_scsn_009629,2305109,1,down,73.85913848876953
-9631,anchor_scsn_009630,2305455,1,down,61.43364715576172
-9632,anchor_scsn_009631,2305852,1,down,56.7857666015625
-9633,anchor_scsn_009632,2306355,1,down,59.07450485229492
-9634,anchor_scsn_009633,2306816,1,down,73.02272033691406
-9635,anchor_scsn_009634,2306881,1,down,81.8061294555664
-9636,anchor_scsn_009635,2307075,1,down,105.0677719116211
-9637,anchor_scsn_009636,2307661,1,down,163.86181640625
-9638,anchor_scsn_009637,2307820,1,down,114.494140625
-9639,anchor_scsn_009638,2308147,1,down,63.50666427612305
-9640,anchor_scsn_009639,2308792,1,down,138.2409210205078
-9641,anchor_scsn_009640,2308915,1,down,322.4385986328125
-9642,anchor_scsn_009641,2309276,1,down,66.6384048461914
-9643,anchor_scsn_009642,2310056,1,down,65.37278747558594
-9644,anchor_scsn_009643,2310348,1,down,58.076839447021484
-9645,anchor_scsn_009644,2311845,1,down,166.3703155517578
-9646,anchor_scsn_009645,2311960,1,down,325.7919006347656
-9647,anchor_scsn_009646,2312479,1,down,57.00364685058594
-9648,anchor_scsn_009647,2312534,1,down,255.03672790527344
-9649,anchor_scsn_009648,2312790,1,down,52.467437744140625
-9650,anchor_scsn_009649,2314305,1,down,148.67587280273438
-9651,anchor_scsn_009650,2314560,1,down,94.9317855834961
-9652,anchor_scsn_009651,2314932,1,down,61.81747817993164
-9653,anchor_scsn_009652,2315817,1,down,81.59107971191406
-9654,anchor_scsn_009653,2316392,1,down,128.32052612304688
-9655,anchor_scsn_009654,2316992,1,down,71.08907318115234
-9656,anchor_scsn_009655,2318047,1,down,53.15131759643555
-9657,anchor_scsn_009656,2318249,1,down,498.53643798828125
-9658,anchor_scsn_009657,2318334,1,down,65.93634033203125
-9659,anchor_scsn_009658,2319084,1,down,114.3884506225586
-9660,anchor_scsn_009659,2320089,1,down,166.50595092773438
-9661,anchor_scsn_009660,2320755,1,down,70.94335174560547
-9662,anchor_scsn_009661,2321539,1,down,104.40217590332031
-9663,anchor_scsn_009662,2322086,1,down,58.77114486694336
-9664,anchor_scsn_009663,2322347,1,down,55.929527282714844
-9665,anchor_scsn_009664,2323052,1,down,79.22733306884766
-9666,anchor_scsn_009665,2324091,1,down,123.589599609375
-9667,anchor_scsn_009666,2325077,1,down,52.19768142700195
-9668,anchor_scsn_009667,2325471,1,down,512.2685546875
-9669,anchor_scsn_009668,2326679,1,down,134.37942504882812
-9670,anchor_scsn_009669,2327111,1,down,153.82174682617188
-9671,anchor_scsn_009670,2327261,1,down,91.46488952636719
-9672,anchor_scsn_009671,2327426,1,down,103.70169830322266
-9673,anchor_scsn_009672,2327578,1,down,53.03160858154297
-9674,anchor_scsn_009673,2328029,1,down,176.18675231933594
-9675,anchor_scsn_009674,2328299,1,down,155.43594360351562
-9676,anchor_scsn_009675,2329766,1,down,89.1256103515625
-9677,anchor_scsn_009676,2330426,1,down,70.96298217773438
-9678,anchor_scsn_009677,2331516,1,down,141.02212524414062
-9679,anchor_scsn_009678,2331671,1,down,88.4517593383789
-9680,anchor_scsn_009679,2332516,1,down,160.34568786621094
-9681,anchor_scsn_009680,2332805,1,down,116.71629333496094
-9682,anchor_scsn_009681,2332949,1,down,72.29387664794922
-9683,anchor_scsn_009682,2333913,1,down,106.38948059082031
-9684,anchor_scsn_009683,2336006,1,down,77.92269134521484
-9685,anchor_scsn_009684,2337037,1,down,60.010780334472656
-9686,anchor_scsn_009685,2337203,1,down,105.49040222167969
-9687,anchor_scsn_009686,2337742,1,down,54.164161682128906
-9688,anchor_scsn_009687,2338012,1,down,190.1687469482422
-9689,anchor_scsn_009688,2338445,1,down,71.7160415649414
-9690,anchor_scsn_009689,2339131,1,down,53.52290344238281
-9691,anchor_scsn_009690,2340076,1,down,279.15972900390625
-9692,anchor_scsn_009691,2340978,1,down,114.60504150390625
-9693,anchor_scsn_009692,2341241,1,down,185.60708618164062
-9694,anchor_scsn_009693,2342302,1,down,50.33852005004883
-9695,anchor_scsn_009694,2343493,1,down,98.47759246826172
-9696,anchor_scsn_009695,2343845,1,down,129.00762939453125
-9697,anchor_scsn_009696,2344360,1,down,52.19758605957031
-9698,anchor_scsn_009697,2344898,1,down,443.6536560058594
-9699,anchor_scsn_009698,2344989,1,down,128.5070037841797
-9700,anchor_scsn_009699,2345643,1,down,81.53710174560547
-9701,anchor_scsn_009700,2345735,1,down,101.06449127197266
-9702,anchor_scsn_009701,2346027,1,down,124.24219512939453
-9703,anchor_scsn_009702,2346405,1,down,53.7806396484375
-9704,anchor_scsn_009703,2346720,1,down,57.51725387573242
-9705,anchor_scsn_009704,2346726,1,down,71.85442352294922
-9706,anchor_scsn_009705,2346914,1,down,67.81928253173828
-9707,anchor_scsn_009706,2347278,1,down,135.97486877441406
-9708,anchor_scsn_009707,2347752,1,down,643.7693481445312
-9709,anchor_scsn_009708,2348493,1,down,280.11181640625
-9710,anchor_scsn_009709,2350147,1,down,56.817344665527344
-9711,anchor_scsn_009710,2350267,1,down,85.22249603271484
-9712,anchor_scsn_009711,2350553,1,down,84.0434799194336
-9713,anchor_scsn_009712,2351146,1,down,130.83407592773438
-9714,anchor_scsn_009713,2351733,1,down,77.75843048095703
-9715,anchor_scsn_009714,2352858,1,down,92.7076644897461
-9716,anchor_scsn_009715,2353521,1,down,85.02790069580078
-9717,anchor_scsn_009716,2353522,1,down,103.43848419189453
-9718,anchor_scsn_009717,2353953,1,down,183.44146728515625
-9719,anchor_scsn_009718,2354700,1,down,163.8523712158203
-9720,anchor_scsn_009719,2354959,1,down,226.06634521484375
-9721,anchor_scsn_009720,2355364,1,down,357.917724609375
-9722,anchor_scsn_009721,2355463,1,down,103.55939483642578
-9723,anchor_scsn_009722,2355491,1,down,916.5868530273438
-9724,anchor_scsn_009723,2356707,1,down,66.57164001464844
-9725,anchor_scsn_009724,2357885,1,down,61.40787124633789
-9726,anchor_scsn_009725,2358338,1,down,74.46575927734375
-9727,anchor_scsn_009726,2358957,1,down,53.1248779296875
-9728,anchor_scsn_009727,2359435,1,down,317.0283508300781
-9729,anchor_scsn_009728,2360541,1,down,90.5112075805664
-9730,anchor_scsn_009729,2361370,1,down,62.39031982421875
-9731,anchor_scsn_009730,2361770,1,down,447.61041259765625
-9732,anchor_scsn_009731,2361944,1,down,229.9937744140625
-9733,anchor_scsn_009732,2363099,1,down,149.65354919433594
-9734,anchor_scsn_009733,2363831,1,down,108.05197143554688
-9735,anchor_scsn_009734,2365648,1,down,55.77164840698242
-9736,anchor_scsn_009735,2365699,1,down,81.59188079833984
-9737,anchor_scsn_009736,2368062,1,down,79.37188720703125
-9738,anchor_scsn_009737,2368195,1,down,176.46434020996094
-9739,anchor_scsn_009738,2368226,1,down,383.5029602050781
-9740,anchor_scsn_009739,2369761,1,down,77.88042449951172
-9741,anchor_scsn_009740,2369843,1,down,711.40576171875
-9742,anchor_scsn_009741,2370330,1,down,134.2707977294922
-9743,anchor_scsn_009742,2370482,1,down,66.15521240234375
-9744,anchor_scsn_009743,2370701,1,down,63.770477294921875
-9745,anchor_scsn_009744,2370806,1,down,113.07076263427734
-9746,anchor_scsn_009745,2371256,1,down,112.30999755859375
-9747,anchor_scsn_009746,2371279,1,down,96.96001434326172
-9748,anchor_scsn_009747,2371820,1,down,145.96356201171875
-9749,anchor_scsn_009748,2371947,1,down,76.16761779785156
-9750,anchor_scsn_009749,2372709,1,down,133.41551208496094
-9751,anchor_scsn_009750,2372711,1,down,288.1327209472656
-9752,anchor_scsn_009751,2372716,1,down,74.02606201171875
-9753,anchor_scsn_009752,2375181,1,down,54.54707717895508
-9754,anchor_scsn_009753,2375390,1,down,67.98583984375
-9755,anchor_scsn_009754,2375543,1,down,77.51901245117188
-9756,anchor_scsn_009755,2375674,1,down,63.349761962890625
-9757,anchor_scsn_009756,2375866,1,down,157.86599731445312
-9758,anchor_scsn_009757,2377511,1,down,585.775146484375
-9759,anchor_scsn_009758,2377652,1,down,51.245174407958984
-9760,anchor_scsn_009759,2378494,1,down,138.8829345703125
-9761,anchor_scsn_009760,2379132,1,down,148.4092559814453
-9762,anchor_scsn_009761,2381295,1,down,143.30316162109375
-9763,anchor_scsn_009762,2381572,1,down,62.08525085449219
-9764,anchor_scsn_009763,2381930,1,down,517.35693359375
-9765,anchor_scsn_009764,2382797,1,down,216.8344268798828
-9766,anchor_scsn_009765,2382816,1,down,169.2998504638672
-9767,anchor_scsn_009766,2383042,1,down,92.21886444091797
-9768,anchor_scsn_009767,2383970,1,down,63.7037239074707
-9769,anchor_scsn_009768,2384477,1,down,159.7052001953125
-9770,anchor_scsn_009769,2384957,1,down,63.084903717041016
-9771,anchor_scsn_009770,2385930,1,down,889.4749145507812
-9772,anchor_scsn_009771,2386470,1,down,151.0419921875
-9773,anchor_scsn_009772,2386812,1,down,148.5696258544922
-9774,anchor_scsn_009773,2388564,1,down,60.185699462890625
-9775,anchor_scsn_009774,2389008,1,down,101.0179443359375
-9776,anchor_scsn_009775,2389202,1,down,90.78668212890625
-9777,anchor_scsn_009776,2389646,1,down,105.75113677978516
-9778,anchor_scsn_009777,2390193,1,down,126.90875244140625
-9779,anchor_scsn_009778,2391361,1,down,99.26644134521484
-9780,anchor_scsn_009779,2391473,1,down,89.93107604980469
-9781,anchor_scsn_009780,2391721,1,down,101.94660949707031
-9782,anchor_scsn_009781,2392298,1,down,112.49259948730469
-9783,anchor_scsn_009782,2393395,1,down,312.63226318359375
-9784,anchor_scsn_009783,2394053,1,down,62.27523422241211
-9785,anchor_scsn_009784,2395154,1,down,85.13207244873047
-9786,anchor_scsn_009785,2395719,1,down,127.717041015625
-9787,anchor_scsn_009786,2396050,1,down,57.44191360473633
-9788,anchor_scsn_009787,2396347,1,down,73.42249298095703
-9789,anchor_scsn_009788,2396650,1,down,67.03652954101562
-9790,anchor_scsn_009789,2396789,1,down,163.7859649658203
-9791,anchor_scsn_009790,2397025,1,down,90.92535400390625
-9792,anchor_scsn_009791,2399595,1,down,92.16819763183594
-9793,anchor_scsn_009792,2399613,1,down,109.92163848876953
-9794,anchor_scsn_009793,2399881,1,down,389.35150146484375
-9795,anchor_scsn_009794,2400798,1,down,663.2846069335938
-9796,anchor_scsn_009795,2401566,1,down,52.690486907958984
-9797,anchor_scsn_009796,2402102,1,down,91.51768493652344
-9798,anchor_scsn_009797,2402196,1,down,79.82395935058594
-9799,anchor_scsn_009798,2402224,1,down,518.41552734375
-9800,anchor_scsn_009799,2403348,1,down,361.9683837890625
-9801,anchor_scsn_009800,2403483,1,down,333.7497863769531
-9802,anchor_scsn_009801,2403526,1,down,144.89720153808594
-9803,anchor_scsn_009802,2404136,1,down,80.40570831298828
-9804,anchor_scsn_009803,2404549,1,down,60.88166046142578
-9805,anchor_scsn_009804,2404868,1,down,270.41357421875
-9806,anchor_scsn_009805,2405455,1,down,373.5609130859375
-9807,anchor_scsn_009806,2406030,1,down,572.9984741210938
-9808,anchor_scsn_009807,2407711,1,down,125.90498352050781
-9809,anchor_scsn_009808,2408197,1,down,54.21177673339844
-9810,anchor_scsn_009809,2408678,1,down,87.08306121826172
-9811,anchor_scsn_009810,2408859,1,down,257.55902099609375
-9812,anchor_scsn_009811,2408914,1,down,52.643455505371094
-9813,anchor_scsn_009812,2409208,1,down,279.4152526855469
-9814,anchor_scsn_009813,2409309,1,down,403.3474426269531
-9815,anchor_scsn_009814,2409361,1,down,75.10396575927734
-9816,anchor_scsn_009815,2411914,1,down,83.0654296875
-9817,anchor_scsn_009816,2411973,1,down,75.2130355834961
-9818,anchor_scsn_009817,2412648,1,down,397.35162353515625
-9819,anchor_scsn_009818,2412687,1,down,121.42334747314453
-9820,anchor_scsn_009819,2413632,1,down,58.55907440185547
-9821,anchor_scsn_009820,2413822,1,down,139.8755340576172
-9822,anchor_scsn_009821,2414246,1,down,157.49493408203125
-9823,anchor_scsn_009822,2414327,1,down,58.38955307006836
-9824,anchor_scsn_009823,2414400,1,down,98.29280090332031
-9825,anchor_scsn_009824,2414597,1,down,75.76516723632812
-9826,anchor_scsn_009825,2415515,1,down,51.676414489746094
-9827,anchor_scsn_009826,2415528,1,down,89.17292022705078
-9828,anchor_scsn_009827,2415820,1,down,562.7881469726562
-9829,anchor_scsn_009828,2415953,1,down,58.46564865112305
-9830,anchor_scsn_009829,2416037,1,down,160.3029022216797
-9831,anchor_scsn_009830,2416241,1,down,57.59245300292969
-9832,anchor_scsn_009831,2416292,1,down,205.90179443359375
-9833,anchor_scsn_009832,2416671,1,down,178.4267120361328
-9834,anchor_scsn_009833,2416792,1,down,94.47474670410156
-9835,anchor_scsn_009834,2417251,1,down,145.55860900878906
-9836,anchor_scsn_009835,2417306,1,down,143.1848602294922
-9837,anchor_scsn_009836,2418378,1,down,76.45506286621094
-9838,anchor_scsn_009837,2418760,1,down,201.5882568359375
-9839,anchor_scsn_009838,2419076,1,down,177.493408203125
-9840,anchor_scsn_009839,2419167,1,down,66.62860870361328
-9841,anchor_scsn_009840,2419178,1,down,123.24513244628906
-9842,anchor_scsn_009841,2419937,1,down,91.17012023925781
-9843,anchor_scsn_009842,2419979,1,down,914.724365234375
-9844,anchor_scsn_009843,2420322,1,down,84.05498504638672
-9845,anchor_scsn_009844,2421295,1,down,101.86630249023438
-9846,anchor_scsn_009845,2421473,1,down,128.53488159179688
-9847,anchor_scsn_009846,2421573,1,down,59.74495315551758
-9848,anchor_scsn_009847,2422435,1,down,60.7448616027832
-9849,anchor_scsn_009848,2423220,1,down,83.20507049560547
-9850,anchor_scsn_009849,2423686,1,down,83.11192321777344
-9851,anchor_scsn_009850,2424804,1,down,73.81068420410156
-9852,anchor_scsn_009851,2425541,1,down,66.75432586669922
-9853,anchor_scsn_009852,2425600,1,down,54.33345031738281
-9854,anchor_scsn_009853,2425723,1,down,94.10470581054688
-9855,anchor_scsn_009854,2425753,1,down,145.49996948242188
-9856,anchor_scsn_009855,2426192,1,down,124.10692596435547
-9857,anchor_scsn_009856,2427338,1,down,69.51700592041016
-9858,anchor_scsn_009857,2427455,1,down,100.37637329101562
-9859,anchor_scsn_009858,2428065,1,down,107.01146697998047
-9860,anchor_scsn_009859,2428496,1,down,88.20360565185547
-9861,anchor_scsn_009860,2429353,1,down,69.45816040039062
-9862,anchor_scsn_009861,2429417,1,down,160.70877075195312
-9863,anchor_scsn_009862,2429521,1,down,117.66460418701172
-9864,anchor_scsn_009863,2429958,1,down,107.47154998779297
-9865,anchor_scsn_009864,2430285,1,down,152.8221435546875
-9866,anchor_scsn_009865,2430327,1,down,60.115901947021484
-9867,anchor_scsn_009866,2431907,1,down,69.89128875732422
-9868,anchor_scsn_009867,2432105,1,down,60.51918411254883
-9869,anchor_scsn_009868,2432421,1,down,277.7465515136719
-9870,anchor_scsn_009869,2433055,1,down,122.24017333984375
-9871,anchor_scsn_009870,2433083,1,down,143.6927032470703
-9872,anchor_scsn_009871,2433431,1,down,71.71083068847656
-9873,anchor_scsn_009872,2433596,1,down,211.37098693847656
-9874,anchor_scsn_009873,2434870,1,down,904.78466796875
-9875,anchor_scsn_009874,2434992,1,down,98.00953674316406
-9876,anchor_scsn_009875,2435082,1,down,94.6250228881836
-9877,anchor_scsn_009876,2435148,1,down,280.0687255859375
-9878,anchor_scsn_009877,2435978,1,down,60.18137741088867
-9879,anchor_scsn_009878,2436168,1,down,86.24161529541016
-9880,anchor_scsn_009879,2437031,1,down,206.03953552246094
-9881,anchor_scsn_009880,2437267,1,down,297.3778991699219
-9882,anchor_scsn_009881,2437645,1,down,93.30706024169922
-9883,anchor_scsn_009882,2437884,1,down,83.04395294189453
-9884,anchor_scsn_009883,2438731,1,down,97.07601928710938
-9885,anchor_scsn_009884,2440499,1,down,89.77686309814453
-9886,anchor_scsn_009885,2441172,1,down,150.9798583984375
-9887,anchor_scsn_009886,2442716,1,down,86.95490264892578
-9888,anchor_scsn_009887,2443122,1,down,85.94501495361328
-9889,anchor_scsn_009888,2443811,1,down,70.22209167480469
-9890,anchor_scsn_009889,2444052,1,down,129.740966796875
-9891,anchor_scsn_009890,2445101,1,down,57.846065521240234
-9892,anchor_scsn_009891,2445805,1,down,70.96622467041016
-9893,anchor_scsn_009892,2446162,1,down,370.4659729003906
-9894,anchor_scsn_009893,2446942,1,down,72.2844009399414
-9895,anchor_scsn_009894,2447781,1,down,378.0696105957031
-9896,anchor_scsn_009895,2448452,1,down,59.07525634765625
-9897,anchor_scsn_009896,2448784,1,down,87.93790435791016
-9898,anchor_scsn_009897,2449888,1,down,215.78619384765625
-9899,anchor_scsn_009898,2450427,1,down,96.13063049316406
-9900,anchor_scsn_009899,2451255,1,down,51.22876739501953
-9901,anchor_scsn_009900,2452501,1,down,211.68540954589844
-9902,anchor_scsn_009901,2453070,1,down,87.13066101074219
-9903,anchor_scsn_009902,2453093,1,down,118.26891326904297
-9904,anchor_scsn_009903,2453427,1,down,55.91273498535156
-9905,anchor_scsn_009904,2453924,1,down,50.40376281738281
-9906,anchor_scsn_009905,2453967,1,down,113.70125579833984
-9907,anchor_scsn_009906,2454146,1,down,104.93751525878906
-9908,anchor_scsn_009907,2454402,1,down,996.353515625
-9909,anchor_scsn_009908,2455689,1,down,56.965309143066406
-9910,anchor_scsn_009909,2456330,1,down,83.33039093017578
-9911,anchor_scsn_009910,2456715,1,down,60.620662689208984
-9912,anchor_scsn_009911,2457205,1,down,99.48505401611328
-9913,anchor_scsn_009912,2457702,1,down,103.76123046875
-9914,anchor_scsn_009913,2458025,1,down,56.53023910522461
-9915,anchor_scsn_009914,2458744,1,down,66.70865631103516
-9916,anchor_scsn_009915,2459242,1,down,52.035526275634766
-9917,anchor_scsn_009916,2459254,1,down,327.6731262207031
-9918,anchor_scsn_009917,2459407,1,down,77.82274627685547
-9919,anchor_scsn_009918,2459449,1,down,350.8605041503906
-9920,anchor_scsn_009919,2459570,1,down,108.95296478271484
-9921,anchor_scsn_009920,2459773,1,down,124.97203063964844
-9922,anchor_scsn_009921,2460090,1,down,248.32228088378906
-9923,anchor_scsn_009922,2460899,1,down,96.28229522705078
-9924,anchor_scsn_009923,2460924,1,down,758.4152221679688
-9925,anchor_scsn_009924,2461119,1,down,91.7785873413086
-9926,anchor_scsn_009925,2461225,1,down,239.1208953857422
-9927,anchor_scsn_009926,2461617,1,down,186.18618774414062
-9928,anchor_scsn_009927,2462268,1,down,57.94635772705078
-9929,anchor_scsn_009928,2462371,1,down,142.4782257080078
-9930,anchor_scsn_009929,2463531,1,down,55.56151580810547
-9931,anchor_scsn_009930,2463670,1,down,107.9524154663086
-9932,anchor_scsn_009931,2463768,1,down,85.77092742919922
-9933,anchor_scsn_009932,2464754,1,down,220.91038513183594
-9934,anchor_scsn_009933,2465194,1,down,62.56729507446289
-9935,anchor_scsn_009934,2465205,1,down,168.2863006591797
-9936,anchor_scsn_009935,2466120,1,down,63.93393325805664
-9937,anchor_scsn_009936,2466451,1,down,96.10215759277344
-9938,anchor_scsn_009937,2466835,1,down,130.6807098388672
-9939,anchor_scsn_009938,2467022,1,down,83.76432037353516
-9940,anchor_scsn_009939,2467645,1,down,103.07777404785156
-9941,anchor_scsn_009940,2468043,1,down,87.03584289550781
-9942,anchor_scsn_009941,2469040,1,down,50.21841812133789
-9943,anchor_scsn_009942,2469110,1,down,76.389892578125
-9944,anchor_scsn_009943,2469568,1,down,258.23199462890625
-9945,anchor_scsn_009944,2470208,1,down,60.61952590942383
-9946,anchor_scsn_009945,2470493,1,down,57.009910583496094
-9947,anchor_scsn_009946,2470576,1,down,109.15223693847656
-9948,anchor_scsn_009947,2470676,1,down,71.54376983642578
-9949,anchor_scsn_009948,2470690,1,down,357.43865966796875
-9950,anchor_scsn_009949,2471394,1,down,54.15688705444336
-9951,anchor_scsn_009950,2471830,1,down,89.78239440917969
-9952,anchor_scsn_009951,2472384,1,down,92.98545837402344
-9953,anchor_scsn_009952,2473290,1,down,148.9768524169922
-9954,anchor_scsn_009953,2473717,1,down,69.80860137939453
-9955,anchor_scsn_009954,2474027,1,down,63.01701736450195
-9956,anchor_scsn_009955,2474582,1,down,91.41539001464844
-9957,anchor_scsn_009956,2475498,1,down,188.89523315429688
-9958,anchor_scsn_009957,2475686,1,down,74.00576782226562
-9959,anchor_scsn_009958,2476138,1,down,85.8589096069336
-9960,anchor_scsn_009959,2476511,1,down,253.09095764160156
-9961,anchor_scsn_009960,2476780,1,down,70.62409973144531
-9962,anchor_scsn_009961,2477327,1,down,121.36664581298828
-9963,anchor_scsn_009962,2477539,1,down,63.55486297607422
-9964,anchor_scsn_009963,2478661,1,down,53.15639114379883
-9965,anchor_scsn_009964,2478975,1,down,61.661983489990234
-9966,anchor_scsn_009965,2478982,1,down,83.13663482666016
-9967,anchor_scsn_009966,2479545,1,down,95.47498321533203
-9968,anchor_scsn_009967,2479685,1,down,54.66796875
-9969,anchor_scsn_009968,2479879,1,down,370.7397766113281
-9970,anchor_scsn_009969,2480308,1,down,66.74092102050781
-9971,anchor_scsn_009970,2480380,1,down,275.4221496582031
-9972,anchor_scsn_009971,2480533,1,down,97.73158264160156
-9973,anchor_scsn_009972,2482144,1,down,187.99671936035156
-9974,anchor_scsn_009973,2483625,1,down,122.68367767333984
-9975,anchor_scsn_009974,2483649,1,down,58.44618606567383
-9976,anchor_scsn_009975,2484211,1,down,64.97915649414062
-9977,anchor_scsn_009976,2484233,1,down,86.29484558105469
-9978,anchor_scsn_009977,2484874,1,down,51.23308563232422
-9979,anchor_scsn_009978,2484932,1,down,107.31707763671875
-9980,anchor_scsn_009979,2485835,1,down,185.95736694335938
-9981,anchor_scsn_009980,2486015,1,down,333.32525634765625
-9982,anchor_scsn_009981,2486304,1,down,113.69872283935547
-9983,anchor_scsn_009982,2486400,1,down,52.425960540771484
-9984,anchor_scsn_009983,2486404,1,down,57.608028411865234
-9985,anchor_scsn_009984,2486554,1,down,113.2474594116211
-9986,anchor_scsn_009985,2486594,1,down,171.1053466796875
-9987,anchor_scsn_009986,2486757,1,down,59.00988006591797
-9988,anchor_scsn_009987,2486775,1,down,98.01095581054688
-9989,anchor_scsn_009988,2487644,1,down,106.45977783203125
-9990,anchor_scsn_009989,2487917,1,down,158.1006317138672
-9991,anchor_scsn_009990,2487949,1,down,54.3907356262207
-9992,anchor_scsn_009991,2487980,1,down,55.99710464477539
-9993,anchor_scsn_009992,2487995,1,down,78.96800994873047
-9994,anchor_scsn_009993,2489175,1,down,151.1146697998047
-9995,anchor_scsn_009994,2491121,1,down,101.6852798461914
-9996,anchor_scsn_009995,2491822,1,down,141.27879333496094
-9997,anchor_scsn_009996,2492261,1,down,70.50836181640625
-9998,anchor_scsn_009997,2493423,1,down,55.86815643310547
-9999,anchor_scsn_009998,2493538,1,down,62.87583541870117
-10000,anchor_scsn_009999,2493561,1,down,66.4091796875
