sample_index,pseudo_label,pseudo_label_name,source_status,sample_weight
0,0,cluster_A,downweight,0.3499999940395355
1,1,cluster_B,retain,1.0
2,1,cluster_B,downweight,0.3499999940395355
3,0,cluster_A,downweight,0.3499999940395355
4,1,cluster_B,downweight,0.3499999940395355
5,1,cluster_B,downweight,0.3499999940395355
6,0,cluster_A,downweight,0.3499999940395355
7,1,cluster_B,retain,1.0
8,0,cluster_A,downweight,0.3499999940395355
9,1,cluster_B,retain,1.0
10,0,cluster_A,retain,1.0
11,0,cluster_A,retain,1.0
12,0,cluster_A,downweight,0.3499999940395355
13,0,cluster_A,retain,1.0
14,0,cluster_A,downweight,0.3499999940395355
15,0,cluster_A,downweight,0.3499999940395355
16,1,cluster_B,retain,1.0
17,0,cluster_A,retain,1.0
18,0,cluster_A,retain,1.0
19,0,cluster_A,downweight,0.3499999940395355
20,1,cluster_B,retain,1.0
21,1,cluster_B,retain,1.0
22,1,cluster_B,downweight,0.3499999940395355
23,1,cluster_B,downweight,0.3499999940395355
24,1,cluster_B,downweight,0.3499999940395355
25,0,cluster_A,downweight,0.3499999940395355
26,1,cluster_B,retain,1.0
27,1,cluster_B,downweight,0.3499999940395355
28,0,cluster_A,downweight,0.3499999940395355
29,1,cluster_B,downweight,0.3499999940395355
30,0,cluster_A,retain,1.0
31,1,cluster_B,retain,1.0
32,0,cluster_A,retain,1.0
33,1,cluster_B,downweight,0.3499999940395355
34,0,cluster_A,retain,1.0
35,0,cluster_A,retain,1.0
36,0,cluster_A,retain,1.0
37,1,cluster_B,retain,1.0
38,0,cluster_A,retain,1.0
39,0,cluster_A,downweight,0.3499999940395355
40,0,cluster_A,retain,1.0
41,0,cluster_A,retain,1.0
42,0,cluster_A,downweight,0.3499999940395355
43,0,cluster_A,downweight,0.3499999940395355
44,1,cluster_B,retain,1.0
45,0,cluster_A,downweight,0.3499999940395355
46,0,cluster_A,downweight,0.3499999940395355
47,0,cluster_A,downweight,0.3499999940395355
48,0,cluster_A,retain,1.0
49,0,cluster_A,downweight,0.3499999940395355
50,1,cluster_B,retain,1.0
51,0,cluster_A,downweight,0.3499999940395355
52,1,cluster_B,downweight,0.3499999940395355
53,1,cluster_B,downweight,0.3499999940395355
54,1,cluster_B,retain,1.0
55,0,cluster_A,retain,1.0
56,0,cluster_A,retain,1.0
57,1,cluster_B,downweight,0.3499999940395355
58,1,cluster_B,retain,1.0
59,1,cluster_B,downweight,0.3499999940395355
60,0,cluster_A,downweight,0.3499999940395355
61,0,cluster_A,retain,1.0
62,0,cluster_A,downweight,0.3499999940395355
63,1,cluster_B,retain,1.0
64,0,cluster_A,downweight,0.3499999940395355
65,1,cluster_B,downweight,0.3499999940395355
66,1,cluster_B,downweight,0.3499999940395355
67,0,cluster_A,retain,1.0
68,1,cluster_B,retain,1.0
69,1,cluster_B,retain,1.0
70,1,cluster_B,downweight,0.3499999940395355
71,1,cluster_B,downweight,0.3499999940395355
72,0,cluster_A,downweight,0.3499999940395355
73,1,cluster_B,retain,1.0
74,0,cluster_A,retain,1.0
75,1,cluster_B,downweight,0.3499999940395355
76,0,cluster_A,downweight,0.3499999940395355
77,1,cluster_B,downweight,0.3499999940395355
78,0,cluster_A,downweight,0.3499999940395355
79,0,cluster_A,retain,1.0
80,0,cluster_A,downweight,0.3499999940395355
81,0,cluster_A,downweight,0.3499999940395355
82,0,cluster_A,retain,1.0
83,0,cluster_A,downweight,0.3499999940395355
84,1,cluster_B,retain,1.0
85,1,cluster_B,downweight,0.3499999940395355
86,0,cluster_A,downweight,0.3499999940395355
87,0,cluster_A,downweight,0.3499999940395355
88,0,cluster_A,retain,1.0
89,1,cluster_B,downweight,0.3499999940395355
90,0,cluster_A,retain,1.0
91,0,cluster_A,downweight,0.3499999940395355
92,0,cluster_A,downweight,0.3499999940395355
93,1,cluster_B,retain,1.0
94,1,cluster_B,downweight,0.3499999940395355
95,1,cluster_B,retain,1.0
96,0,cluster_A,downweight,0.3499999940395355
97,0,cluster_A,downweight,0.3499999940395355
98,1,cluster_B,downweight,0.3499999940395355
99,1,cluster_B,downweight,0.3499999940395355
100,0,cluster_A,downweight,0.3499999940395355
101,1,cluster_B,retain,1.0
102,0,cluster_A,downweight,0.3499999940395355
103,0,cluster_A,downweight,0.3499999940395355
104,0,cluster_A,retain,1.0
105,0,cluster_A,retain,1.0
106,1,cluster_B,downweight,0.3499999940395355
107,0,cluster_A,downweight,0.3499999940395355
108,0,cluster_A,retain,1.0
109,0,cluster_A,downweight,0.3499999940395355
110,1,cluster_B,retain,1.0
111,0,cluster_A,downweight,0.3499999940395355
112,1,cluster_B,downweight,0.3499999940395355
113,1,cluster_B,downweight,0.3499999940395355
114,0,cluster_A,retain,1.0
115,0,cluster_A,retain,1.0
116,1,cluster_B,downweight,0.3499999940395355
117,0,cluster_A,downweight,0.3499999940395355
118,0,cluster_A,retain,1.0
119,0,cluster_A,retain,1.0
120,1,cluster_B,downweight,0.3499999940395355
121,0,cluster_A,retain,1.0
122,1,cluster_B,retain,1.0
123,1,cluster_B,downweight,0.3499999940395355
124,0,cluster_A,downweight,0.3499999940395355
125,1,cluster_B,retain,1.0
126,1,cluster_B,retain,1.0
127,1,cluster_B,downweight,0.3499999940395355
128,1,cluster_B,retain,1.0
129,0,cluster_A,downweight,0.3499999940395355
130,0,cluster_A,downweight,0.3499999940395355
131,1,cluster_B,downweight,0.3499999940395355
132,1,cluster_B,downweight,0.3499999940395355
133,1,cluster_B,downweight,0.3499999940395355
134,0,cluster_A,retain,1.0
135,1,cluster_B,retain,1.0
136,1,cluster_B,downweight,0.3499999940395355
137,1,cluster_B,downweight,0.3499999940395355
138,1,cluster_B,downweight,0.3499999940395355
139,1,cluster_B,retain,1.0
140,0,cluster_A,retain,1.0
141,0,cluster_A,retain,1.0
142,1,cluster_B,retain,1.0
143,1,cluster_B,downweight,0.3499999940395355
144,1,cluster_B,downweight,0.3499999940395355
145,1,cluster_B,retain,1.0
146,0,cluster_A,downweight,0.3499999940395355
147,0,cluster_A,retain,1.0
148,1,cluster_B,downweight,0.3499999940395355
149,0,cluster_A,downweight,0.3499999940395355
150,1,cluster_B,retain,1.0
151,1,cluster_B,downweight,0.3499999940395355
152,0,cluster_A,retain,1.0
153,0,cluster_A,retain,1.0
154,1,cluster_B,downweight,0.3499999940395355
155,0,cluster_A,downweight,0.3499999940395355
156,1,cluster_B,downweight,0.3499999940395355
157,0,cluster_A,downweight,0.3499999940395355
158,1,cluster_B,downweight,0.3499999940395355
159,0,cluster_A,downweight,0.3499999940395355
160,1,cluster_B,retain,1.0
161,0,cluster_A,downweight,0.3499999940395355
162,0,cluster_A,downweight,0.3499999940395355
163,0,cluster_A,retain,1.0
164,0,cluster_A,downweight,0.3499999940395355
165,1,cluster_B,downweight,0.3499999940395355
166,0,cluster_A,downweight,0.3499999940395355
167,0,cluster_A,downweight,0.3499999940395355
168,1,cluster_B,downweight,0.3499999940395355
169,1,cluster_B,downweight,0.3499999940395355
170,1,cluster_B,retain,1.0
171,1,cluster_B,retain,1.0
172,1,cluster_B,retain,1.0
173,1,cluster_B,retain,1.0
174,0,cluster_A,downweight,0.3499999940395355
175,1,cluster_B,downweight,0.3499999940395355
176,0,cluster_A,retain,1.0
177,0,cluster_A,retain,1.0
178,1,cluster_B,retain,1.0
179,1,cluster_B,downweight,0.3499999940395355
180,0,cluster_A,downweight,0.3499999940395355
181,0,cluster_A,retain,1.0
182,1,cluster_B,retain,1.0
183,1,cluster_B,downweight,0.3499999940395355
184,1,cluster_B,retain,1.0
185,0,cluster_A,downweight,0.3499999940395355
186,1,cluster_B,downweight,0.3499999940395355
187,0,cluster_A,downweight,0.3499999940395355
188,1,cluster_B,retain,1.0
189,1,cluster_B,downweight,0.3499999940395355
190,1,cluster_B,downweight,0.3499999940395355
191,1,cluster_B,downweight,0.3499999940395355
192,1,cluster_B,retain,1.0
193,1,cluster_B,downweight,0.3499999940395355
194,1,cluster_B,downweight,0.3499999940395355
195,1,cluster_B,retain,1.0
196,1,cluster_B,downweight,0.3499999940395355
197,1,cluster_B,downweight,0.3499999940395355
198,1,cluster_B,downweight,0.3499999940395355
199,1,cluster_B,retain,1.0
200,0,cluster_A,retain,1.0
201,0,cluster_A,downweight,0.3499999940395355
202,1,cluster_B,retain,1.0
203,1,cluster_B,retain,1.0
204,1,cluster_B,downweight,0.3499999940395355
205,0,cluster_A,downweight,0.3499999940395355
206,0,cluster_A,retain,1.0
207,1,cluster_B,downweight,0.3499999940395355
208,0,cluster_A,retain,1.0
209,1,cluster_B,downweight,0.3499999940395355
210,1,cluster_B,downweight,0.3499999940395355
211,0,cluster_A,retain,1.0
212,0,cluster_A,retain,1.0
213,1,cluster_B,downweight,0.3499999940395355
214,0,cluster_A,retain,1.0
215,0,cluster_A,downweight,0.3499999940395355
216,0,cluster_A,downweight,0.3499999940395355
217,0,cluster_A,downweight,0.3499999940395355
218,0,cluster_A,downweight,0.3499999940395355
219,1,cluster_B,downweight,0.3499999940395355
220,1,cluster_B,retain,1.0
221,1,cluster_B,downweight,0.3499999940395355
222,0,cluster_A,retain,1.0
223,1,cluster_B,retain,1.0
225,0,cluster_A,retain,1.0
226,1,cluster_B,retain,1.0
227,1,cluster_B,downweight,0.3499999940395355
228,0,cluster_A,downweight,0.3499999940395355
229,0,cluster_A,downweight,0.3499999940395355
230,1,cluster_B,downweight,0.3499999940395355
231,0,cluster_A,retain,1.0
232,0,cluster_A,downweight,0.3499999940395355
233,0,cluster_A,downweight,0.3499999940395355
234,0,cluster_A,downweight,0.3499999940395355
235,0,cluster_A,downweight,0.3499999940395355
236,1,cluster_B,retain,1.0
237,0,cluster_A,downweight,0.3499999940395355
238,1,cluster_B,downweight,0.3499999940395355
239,1,cluster_B,retain,1.0
240,1,cluster_B,downweight,0.3499999940395355
241,1,cluster_B,retain,1.0
242,0,cluster_A,retain,1.0
243,1,cluster_B,retain,1.0
244,0,cluster_A,downweight,0.3499999940395355
245,1,cluster_B,retain,1.0
246,0,cluster_A,downweight,0.3499999940395355
247,0,cluster_A,downweight,0.3499999940395355
248,0,cluster_A,downweight,0.3499999940395355
249,0,cluster_A,retain,1.0
250,0,cluster_A,retain,1.0
251,0,cluster_A,downweight,0.3499999940395355
252,0,cluster_A,retain,1.0
253,1,cluster_B,retain,1.0
254,0,cluster_A,downweight,0.3499999940395355
255,0,cluster_A,downweight,0.3499999940395355
256,1,cluster_B,downweight,0.3499999940395355
257,1,cluster_B,downweight,0.3499999940395355
258,0,cluster_A,retain,1.0
259,0,cluster_A,downweight,0.3499999940395355
260,0,cluster_A,downweight,0.3499999940395355
261,0,cluster_A,downweight,0.3499999940395355
262,1,cluster_B,retain,1.0
263,0,cluster_A,retain,1.0
264,1,cluster_B,retain,1.0
265,0,cluster_A,downweight,0.3499999940395355
266,0,cluster_A,downweight,0.3499999940395355
267,0,cluster_A,downweight,0.3499999940395355
268,1,cluster_B,retain,1.0
269,1,cluster_B,retain,1.0
270,0,cluster_A,retain,1.0
271,1,cluster_B,retain,1.0
272,1,cluster_B,downweight,0.3499999940395355
273,1,cluster_B,retain,1.0
274,0,cluster_A,downweight,0.3499999940395355
275,1,cluster_B,downweight,0.3499999940395355
276,0,cluster_A,retain,1.0
277,0,cluster_A,retain,1.0
278,1,cluster_B,downweight,0.3499999940395355
279,1,cluster_B,retain,1.0
280,0,cluster_A,retain,1.0
281,0,cluster_A,retain,1.0
282,1,cluster_B,downweight,0.3499999940395355
283,0,cluster_A,downweight,0.3499999940395355
284,0,cluster_A,downweight,0.3499999940395355
285,0,cluster_A,retain,1.0
286,1,cluster_B,retain,1.0
287,1,cluster_B,retain,1.0
288,0,cluster_A,retain,1.0
289,1,cluster_B,downweight,0.3499999940395355
290,0,cluster_A,retain,1.0
291,0,cluster_A,retain,1.0
292,1,cluster_B,downweight,0.3499999940395355
293,1,cluster_B,downweight,0.3499999940395355
294,1,cluster_B,retain,1.0
295,0,cluster_A,retain,1.0
296,0,cluster_A,retain,1.0
297,0,cluster_A,retain,1.0
298,0,cluster_A,downweight,0.3499999940395355
299,1,cluster_B,downweight,0.3499999940395355
300,1,cluster_B,downweight,0.3499999940395355
301,0,cluster_A,retain,1.0
302,0,cluster_A,retain,1.0
303,0,cluster_A,retain,1.0
304,1,cluster_B,downweight,0.3499999940395355
305,1,cluster_B,downweight,0.3499999940395355
306,1,cluster_B,downweight,0.3499999940395355
307,1,cluster_B,retain,1.0
308,1,cluster_B,retain,1.0
309,1,cluster_B,downweight,0.3499999940395355
310,1,cluster_B,retain,1.0
311,1,cluster_B,retain,1.0
312,1,cluster_B,retain,1.0
313,0,cluster_A,retain,1.0
314,0,cluster_A,downweight,0.3499999940395355
315,1,cluster_B,downweight,0.3499999940395355
316,0,cluster_A,downweight,0.3499999940395355
317,1,cluster_B,downweight,0.3499999940395355
318,1,cluster_B,downweight,0.3499999940395355
319,1,cluster_B,retain,1.0
320,1,cluster_B,downweight,0.3499999940395355
321,0,cluster_A,downweight,0.3499999940395355
322,1,cluster_B,retain,1.0
323,0,cluster_A,downweight,0.3499999940395355
324,0,cluster_A,retain,1.0
325,0,cluster_A,retain,1.0
326,0,cluster_A,downweight,0.3499999940395355
327,0,cluster_A,downweight,0.3499999940395355
328,0,cluster_A,retain,1.0
329,0,cluster_A,downweight,0.3499999940395355
330,1,cluster_B,downweight,0.3499999940395355
331,1,cluster_B,downweight,0.3499999940395355
332,1,cluster_B,retain,1.0
333,0,cluster_A,downweight,0.3499999940395355
334,1,cluster_B,retain,1.0
335,1,cluster_B,downweight,0.3499999940395355
336,1,cluster_B,downweight,0.3499999940395355
337,1,cluster_B,downweight,0.3499999940395355
338,1,cluster_B,retain,1.0
339,0,cluster_A,retain,1.0
340,1,cluster_B,retain,1.0
341,0,cluster_A,downweight,0.3499999940395355
342,0,cluster_A,retain,1.0
344,0,cluster_A,retain,1.0
345,1,cluster_B,downweight,0.3499999940395355
346,1,cluster_B,retain,1.0
347,1,cluster_B,downweight,0.3499999940395355
348,0,cluster_A,downweight,0.3499999940395355
349,0,cluster_A,retain,1.0
350,1,cluster_B,retain,1.0
352,0,cluster_A,retain,1.0
353,0,cluster_A,retain,1.0
354,0,cluster_A,retain,1.0
355,0,cluster_A,downweight,0.3499999940395355
356,0,cluster_A,downweight,0.3499999940395355
357,0,cluster_A,retain,1.0
358,0,cluster_A,downweight,0.3499999940395355
359,0,cluster_A,downweight,0.3499999940395355
360,1,cluster_B,downweight,0.3499999940395355
361,1,cluster_B,retain,1.0
362,0,cluster_A,downweight,0.3499999940395355
363,0,cluster_A,downweight,0.3499999940395355
364,0,cluster_A,downweight,0.3499999940395355
365,1,cluster_B,retain,1.0
366,0,cluster_A,downweight,0.3499999940395355
367,0,cluster_A,downweight,0.3499999940395355
368,0,cluster_A,downweight,0.3499999940395355
369,0,cluster_A,retain,1.0
370,1,cluster_B,downweight,0.3499999940395355
371,1,cluster_B,retain,1.0
372,1,cluster_B,downweight,0.3499999940395355
373,0,cluster_A,downweight,0.3499999940395355
374,1,cluster_B,downweight,0.3499999940395355
375,1,cluster_B,retain,1.0
376,0,cluster_A,retain,1.0
377,1,cluster_B,retain,1.0
378,1,cluster_B,retain,1.0
379,0,cluster_A,retain,1.0
380,1,cluster_B,downweight,0.3499999940395355
381,1,cluster_B,downweight,0.3499999940395355
382,0,cluster_A,retain,1.0
383,0,cluster_A,retain,1.0
384,1,cluster_B,downweight,0.3499999940395355
385,1,cluster_B,retain,1.0
386,0,cluster_A,retain,1.0
387,1,cluster_B,downweight,0.3499999940395355
388,0,cluster_A,retain,1.0
389,1,cluster_B,downweight,0.3499999940395355
390,1,cluster_B,retain,1.0
391,1,cluster_B,downweight,0.3499999940395355
392,0,cluster_A,retain,1.0
393,1,cluster_B,downweight,0.3499999940395355
394,1,cluster_B,retain,1.0
395,1,cluster_B,downweight,0.3499999940395355
396,0,cluster_A,retain,1.0
397,1,cluster_B,retain,1.0
398,1,cluster_B,retain,1.0
399,0,cluster_A,retain,1.0
400,0,cluster_A,retain,1.0
401,1,cluster_B,downweight,0.3499999940395355
402,0,cluster_A,downweight,0.3499999940395355
403,0,cluster_A,downweight,0.3499999940395355
404,0,cluster_A,downweight,0.3499999940395355
405,0,cluster_A,downweight,0.3499999940395355
406,0,cluster_A,downweight,0.3499999940395355
407,0,cluster_A,downweight,0.3499999940395355
408,1,cluster_B,retain,1.0
409,0,cluster_A,downweight,0.3499999940395355
410,1,cluster_B,downweight,0.3499999940395355
411,1,cluster_B,downweight,0.3499999940395355
412,1,cluster_B,retain,1.0
413,0,cluster_A,downweight,0.3499999940395355
414,0,cluster_A,downweight,0.3499999940395355
415,1,cluster_B,retain,1.0
416,0,cluster_A,retain,1.0
417,1,cluster_B,retain,1.0
418,0,cluster_A,retain,1.0
419,1,cluster_B,downweight,0.3499999940395355
420,0,cluster_A,downweight,0.3499999940395355
421,1,cluster_B,downweight,0.3499999940395355
422,0,cluster_A,retain,1.0
423,1,cluster_B,retain,1.0
424,0,cluster_A,downweight,0.3499999940395355
425,1,cluster_B,downweight,0.3499999940395355
426,0,cluster_A,retain,1.0
427,1,cluster_B,retain,1.0
428,0,cluster_A,downweight,0.3499999940395355
429,1,cluster_B,downweight,0.3499999940395355
430,0,cluster_A,downweight,0.3499999940395355
431,1,cluster_B,downweight,0.3499999940395355
432,0,cluster_A,downweight,0.3499999940395355
433,0,cluster_A,downweight,0.3499999940395355
434,0,cluster_A,downweight,0.3499999940395355
435,1,cluster_B,downweight,0.3499999940395355
436,1,cluster_B,downweight,0.3499999940395355
437,0,cluster_A,downweight,0.3499999940395355
438,1,cluster_B,downweight,0.3499999940395355
439,1,cluster_B,downweight,0.3499999940395355
440,0,cluster_A,downweight,0.3499999940395355
441,1,cluster_B,downweight,0.3499999940395355
442,1,cluster_B,retain,1.0
443,0,cluster_A,downweight,0.3499999940395355
444,0,cluster_A,retain,1.0
445,0,cluster_A,downweight,0.3499999940395355
446,0,cluster_A,downweight,0.3499999940395355
447,0,cluster_A,downweight,0.3499999940395355
448,1,cluster_B,downweight,0.3499999940395355
449,1,cluster_B,retain,1.0
450,1,cluster_B,downweight,0.3499999940395355
451,0,cluster_A,downweight,0.3499999940395355
452,0,cluster_A,downweight,0.3499999940395355
453,1,cluster_B,downweight,0.3499999940395355
454,1,cluster_B,retain,1.0
455,0,cluster_A,retain,1.0
456,0,cluster_A,retain,1.0
457,1,cluster_B,downweight,0.3499999940395355
458,0,cluster_A,downweight,0.3499999940395355
459,0,cluster_A,downweight,0.3499999940395355
460,1,cluster_B,retain,1.0
461,0,cluster_A,downweight,0.3499999940395355
462,1,cluster_B,downweight,0.3499999940395355
463,1,cluster_B,downweight,0.3499999940395355
464,0,cluster_A,downweight,0.3499999940395355
465,0,cluster_A,downweight,0.3499999940395355
466,0,cluster_A,retain,1.0
467,0,cluster_A,downweight,0.3499999940395355
468,0,cluster_A,downweight,0.3499999940395355
469,0,cluster_A,retain,1.0
470,1,cluster_B,retain,1.0
471,0,cluster_A,retain,1.0
472,0,cluster_A,downweight,0.3499999940395355
473,1,cluster_B,downweight,0.3499999940395355
474,1,cluster_B,downweight,0.3499999940395355
475,1,cluster_B,retain,1.0
476,0,cluster_A,downweight,0.3499999940395355
477,0,cluster_A,retain,1.0
478,1,cluster_B,downweight,0.3499999940395355
479,0,cluster_A,retain,1.0
480,0,cluster_A,downweight,0.3499999940395355
481,0,cluster_A,retain,1.0
482,1,cluster_B,retain,1.0
483,0,cluster_A,retain,1.0
484,0,cluster_A,downweight,0.3499999940395355
485,1,cluster_B,downweight,0.3499999940395355
486,0,cluster_A,retain,1.0
487,1,cluster_B,downweight,0.3499999940395355
488,0,cluster_A,retain,1.0
489,0,cluster_A,downweight,0.3499999940395355
490,0,cluster_A,downweight,0.3499999940395355
491,1,cluster_B,downweight,0.3499999940395355
492,0,cluster_A,downweight,0.3499999940395355
493,1,cluster_B,downweight,0.3499999940395355
494,0,cluster_A,downweight,0.3499999940395355
495,1,cluster_B,retain,1.0
496,1,cluster_B,downweight,0.3499999940395355
497,1,cluster_B,retain,1.0
498,1,cluster_B,downweight,0.3499999940395355
499,0,cluster_A,retain,1.0
500,1,cluster_B,retain,1.0
501,0,cluster_A,downweight,0.3499999940395355
502,1,cluster_B,retain,1.0
503,0,cluster_A,downweight,0.3499999940395355
504,0,cluster_A,downweight,0.3499999940395355
505,0,cluster_A,retain,1.0
506,1,cluster_B,retain,1.0
507,1,cluster_B,retain,1.0
508,1,cluster_B,retain,1.0
509,0,cluster_A,retain,1.0
510,1,cluster_B,retain,1.0
511,0,cluster_A,retain,1.0
512,0,cluster_A,retain,1.0
513,0,cluster_A,retain,1.0
514,1,cluster_B,retain,1.0
515,1,cluster_B,downweight,0.3499999940395355
516,0,cluster_A,retain,1.0
517,1,cluster_B,downweight,0.3499999940395355
518,1,cluster_B,downweight,0.3499999940395355
519,0,cluster_A,retain,1.0
520,1,cluster_B,retain,1.0
521,0,cluster_A,retain,1.0
522,0,cluster_A,retain,1.0
523,1,cluster_B,retain,1.0
524,1,cluster_B,retain,1.0
525,1,cluster_B,downweight,0.3499999940395355
526,1,cluster_B,retain,1.0
527,1,cluster_B,downweight,0.3499999940395355
528,0,cluster_A,retain,1.0
530,1,cluster_B,downweight,0.3499999940395355
531,0,cluster_A,downweight,0.3499999940395355
532,0,cluster_A,downweight,0.3499999940395355
533,1,cluster_B,downweight,0.3499999940395355
534,1,cluster_B,downweight,0.3499999940395355
535,0,cluster_A,downweight,0.3499999940395355
536,1,cluster_B,retain,1.0
537,1,cluster_B,retain,1.0
538,1,cluster_B,downweight,0.3499999940395355
539,0,cluster_A,downweight,0.3499999940395355
540,0,cluster_A,retain,1.0
541,0,cluster_A,retain,1.0
542,0,cluster_A,retain,1.0
543,0,cluster_A,downweight,0.3499999940395355
544,0,cluster_A,downweight,0.3499999940395355
545,0,cluster_A,retain,1.0
546,0,cluster_A,retain,1.0
547,0,cluster_A,retain,1.0
548,0,cluster_A,downweight,0.3499999940395355
549,0,cluster_A,downweight,0.3499999940395355
550,0,cluster_A,downweight,0.3499999940395355
551,0,cluster_A,downweight,0.3499999940395355
552,1,cluster_B,downweight,0.3499999940395355
553,1,cluster_B,retain,1.0
554,1,cluster_B,retain,1.0
555,1,cluster_B,downweight,0.3499999940395355
556,0,cluster_A,downweight,0.3499999940395355
557,0,cluster_A,retain,1.0
558,1,cluster_B,retain,1.0
559,1,cluster_B,downweight,0.3499999940395355
560,1,cluster_B,retain,1.0
561,1,cluster_B,downweight,0.3499999940395355
563,0,cluster_A,retain,1.0
564,1,cluster_B,downweight,0.3499999940395355
565,0,cluster_A,downweight,0.3499999940395355
566,0,cluster_A,downweight,0.3499999940395355
567,1,cluster_B,downweight,0.3499999940395355
568,0,cluster_A,retain,1.0
569,0,cluster_A,downweight,0.3499999940395355
570,0,cluster_A,downweight,0.3499999940395355
571,0,cluster_A,retain,1.0
572,0,cluster_A,retain,1.0
573,0,cluster_A,downweight,0.3499999940395355
574,1,cluster_B,downweight,0.3499999940395355
575,1,cluster_B,downweight,0.3499999940395355
576,1,cluster_B,retain,1.0
577,0,cluster_A,retain,1.0
578,0,cluster_A,downweight,0.3499999940395355
579,1,cluster_B,downweight,0.3499999940395355
580,1,cluster_B,retain,1.0
581,0,cluster_A,downweight,0.3499999940395355
582,0,cluster_A,retain,1.0
583,1,cluster_B,downweight,0.3499999940395355
584,0,cluster_A,retain,1.0
585,1,cluster_B,downweight,0.3499999940395355
586,0,cluster_A,downweight,0.3499999940395355
587,1,cluster_B,downweight,0.3499999940395355
588,0,cluster_A,retain,1.0
589,1,cluster_B,downweight,0.3499999940395355
590,0,cluster_A,downweight,0.3499999940395355
591,1,cluster_B,retain,1.0
592,1,cluster_B,downweight,0.3499999940395355
593,0,cluster_A,downweight,0.3499999940395355
594,0,cluster_A,retain,1.0
595,1,cluster_B,retain,1.0
596,0,cluster_A,downweight,0.3499999940395355
597,0,cluster_A,retain,1.0
598,1,cluster_B,downweight,0.3499999940395355
599,0,cluster_A,downweight,0.3499999940395355
600,1,cluster_B,retain,1.0
601,0,cluster_A,retain,1.0
602,0,cluster_A,retain,1.0
603,0,cluster_A,retain,1.0
604,1,cluster_B,downweight,0.3499999940395355
605,0,cluster_A,downweight,0.3499999940395355
606,1,cluster_B,downweight,0.3499999940395355
607,0,cluster_A,downweight,0.3499999940395355
608,0,cluster_A,retain,1.0
609,1,cluster_B,downweight,0.3499999940395355
610,0,cluster_A,downweight,0.3499999940395355
611,0,cluster_A,retain,1.0
612,0,cluster_A,retain,1.0
613,1,cluster_B,retain,1.0
614,0,cluster_A,downweight,0.3499999940395355
615,0,cluster_A,downweight,0.3499999940395355
616,0,cluster_A,retain,1.0
617,1,cluster_B,downweight,0.3499999940395355
618,1,cluster_B,downweight,0.3499999940395355
619,0,cluster_A,retain,1.0
620,1,cluster_B,downweight,0.3499999940395355
621,0,cluster_A,retain,1.0
622,1,cluster_B,downweight,0.3499999940395355
623,1,cluster_B,downweight,0.3499999940395355
624,1,cluster_B,downweight,0.3499999940395355
625,0,cluster_A,downweight,0.3499999940395355
626,1,cluster_B,retain,1.0
627,0,cluster_A,retain,1.0
628,1,cluster_B,downweight,0.3499999940395355
629,1,cluster_B,downweight,0.3499999940395355
630,1,cluster_B,downweight,0.3499999940395355
631,0,cluster_A,retain,1.0
632,1,cluster_B,downweight,0.3499999940395355
633,1,cluster_B,downweight,0.3499999940395355
634,1,cluster_B,retain,1.0
635,1,cluster_B,retain,1.0
636,1,cluster_B,retain,1.0
637,1,cluster_B,downweight,0.3499999940395355
638,1,cluster_B,downweight,0.3499999940395355
639,1,cluster_B,retain,1.0
640,0,cluster_A,retain,1.0
641,0,cluster_A,downweight,0.3499999940395355
642,0,cluster_A,retain,1.0
643,1,cluster_B,downweight,0.3499999940395355
644,1,cluster_B,downweight,0.3499999940395355
645,1,cluster_B,retain,1.0
646,0,cluster_A,retain,1.0
647,1,cluster_B,downweight,0.3499999940395355
648,1,cluster_B,retain,1.0
649,0,cluster_A,retain,1.0
650,1,cluster_B,downweight,0.3499999940395355
651,1,cluster_B,retain,1.0
652,0,cluster_A,downweight,0.3499999940395355
653,0,cluster_A,downweight,0.3499999940395355
654,0,cluster_A,retain,1.0
655,1,cluster_B,downweight,0.3499999940395355
657,0,cluster_A,downweight,0.3499999940395355
658,0,cluster_A,retain,1.0
659,1,cluster_B,retain,1.0
660,0,cluster_A,downweight,0.3499999940395355
661,0,cluster_A,downweight,0.3499999940395355
662,1,cluster_B,retain,1.0
663,1,cluster_B,downweight,0.3499999940395355
664,0,cluster_A,downweight,0.3499999940395355
665,1,cluster_B,downweight,0.3499999940395355
666,0,cluster_A,retain,1.0
667,1,cluster_B,downweight,0.3499999940395355
668,0,cluster_A,downweight,0.3499999940395355
669,0,cluster_A,retain,1.0
670,0,cluster_A,downweight,0.3499999940395355
671,0,cluster_A,retain,1.0
672,1,cluster_B,retain,1.0
673,1,cluster_B,downweight,0.3499999940395355
674,0,cluster_A,retain,1.0
675,1,cluster_B,retain,1.0
676,1,cluster_B,downweight,0.3499999940395355
677,1,cluster_B,retain,1.0
678,0,cluster_A,retain,1.0
679,0,cluster_A,retain,1.0
680,0,cluster_A,downweight,0.3499999940395355
681,0,cluster_A,retain,1.0
682,1,cluster_B,downweight,0.3499999940395355
683,0,cluster_A,downweight,0.3499999940395355
684,0,cluster_A,downweight,0.3499999940395355
685,1,cluster_B,retain,1.0
686,1,cluster_B,downweight,0.3499999940395355
687,0,cluster_A,downweight,0.3499999940395355
688,1,cluster_B,downweight,0.3499999940395355
689,0,cluster_A,retain,1.0
690,0,cluster_A,downweight,0.3499999940395355
691,0,cluster_A,downweight,0.3499999940395355
692,1,cluster_B,downweight,0.3499999940395355
693,0,cluster_A,retain,1.0
694,0,cluster_A,downweight,0.3499999940395355
695,1,cluster_B,retain,1.0
696,1,cluster_B,downweight,0.3499999940395355
697,1,cluster_B,retain,1.0
698,0,cluster_A,retain,1.0
699,0,cluster_A,retain,1.0
700,0,cluster_A,downweight,0.3499999940395355
701,0,cluster_A,retain,1.0
702,0,cluster_A,retain,1.0
703,0,cluster_A,retain,1.0
704,0,cluster_A,retain,1.0
705,0,cluster_A,retain,1.0
706,1,cluster_B,downweight,0.3499999940395355
707,0,cluster_A,retain,1.0
708,1,cluster_B,downweight,0.3499999940395355
709,0,cluster_A,downweight,0.3499999940395355
710,0,cluster_A,downweight,0.3499999940395355
711,1,cluster_B,downweight,0.3499999940395355
712,0,cluster_A,retain,1.0
713,1,cluster_B,downweight,0.3499999940395355
714,1,cluster_B,downweight,0.3499999940395355
715,1,cluster_B,downweight,0.3499999940395355
716,0,cluster_A,downweight,0.3499999940395355
717,1,cluster_B,retain,1.0
718,1,cluster_B,retain,1.0
719,0,cluster_A,downweight,0.3499999940395355
720,0,cluster_A,retain,1.0
721,0,cluster_A,downweight,0.3499999940395355
722,0,cluster_A,downweight,0.3499999940395355
723,1,cluster_B,retain,1.0
724,0,cluster_A,downweight,0.3499999940395355
725,1,cluster_B,retain,1.0
726,0,cluster_A,downweight,0.3499999940395355
727,0,cluster_A,retain,1.0
728,0,cluster_A,downweight,0.3499999940395355
729,1,cluster_B,downweight,0.3499999940395355
730,1,cluster_B,downweight,0.3499999940395355
731,1,cluster_B,downweight,0.3499999940395355
732,1,cluster_B,downweight,0.3499999940395355
733,1,cluster_B,retain,1.0
734,1,cluster_B,retain,1.0
735,1,cluster_B,downweight,0.3499999940395355
736,0,cluster_A,downweight,0.3499999940395355
737,1,cluster_B,downweight,0.3499999940395355
738,0,cluster_A,downweight,0.3499999940395355
739,0,cluster_A,downweight,0.3499999940395355
740,0,cluster_A,downweight,0.3499999940395355
741,0,cluster_A,retain,1.0
742,1,cluster_B,retain,1.0
743,0,cluster_A,downweight,0.3499999940395355
744,1,cluster_B,retain,1.0
745,1,cluster_B,retain,1.0
746,0,cluster_A,downweight,0.3499999940395355
747,1,cluster_B,downweight,0.3499999940395355
748,0,cluster_A,downweight,0.3499999940395355
749,1,cluster_B,downweight,0.3499999940395355
750,0,cluster_A,retain,1.0
751,0,cluster_A,downweight,0.3499999940395355
752,0,cluster_A,downweight,0.3499999940395355
753,1,cluster_B,retain,1.0
754,0,cluster_A,downweight,0.3499999940395355
755,1,cluster_B,retain,1.0
756,0,cluster_A,downweight,0.3499999940395355
757,1,cluster_B,downweight,0.3499999940395355
758,0,cluster_A,retain,1.0
759,1,cluster_B,retain,1.0
761,0,cluster_A,retain,1.0
762,0,cluster_A,downweight,0.3499999940395355
763,1,cluster_B,retain,1.0
764,0,cluster_A,downweight,0.3499999940395355
765,0,cluster_A,downweight,0.3499999940395355
766,0,cluster_A,downweight,0.3499999940395355
767,1,cluster_B,retain,1.0
768,0,cluster_A,retain,1.0
769,1,cluster_B,retain,1.0
770,1,cluster_B,downweight,0.3499999940395355
771,0,cluster_A,downweight,0.3499999940395355
772,1,cluster_B,downweight,0.3499999940395355
773,0,cluster_A,retain,1.0
774,1,cluster_B,retain,1.0
775,0,cluster_A,retain,1.0
776,0,cluster_A,retain,1.0
777,1,cluster_B,retain,1.0
778,1,cluster_B,retain,1.0
779,0,cluster_A,retain,1.0
780,0,cluster_A,downweight,0.3499999940395355
781,1,cluster_B,downweight,0.3499999940395355
782,0,cluster_A,downweight,0.3499999940395355
783,1,cluster_B,downweight,0.3499999940395355
784,1,cluster_B,retain,1.0
785,0,cluster_A,downweight,0.3499999940395355
786,1,cluster_B,downweight,0.3499999940395355
787,0,cluster_A,downweight,0.3499999940395355
788,1,cluster_B,retain,1.0
789,1,cluster_B,downweight,0.3499999940395355
790,1,cluster_B,downweight,0.3499999940395355
791,1,cluster_B,downweight,0.3499999940395355
792,1,cluster_B,retain,1.0
793,0,cluster_A,downweight,0.3499999940395355
794,0,cluster_A,downweight,0.3499999940395355
795,1,cluster_B,downweight,0.3499999940395355
796,0,cluster_A,retain,1.0
797,0,cluster_A,downweight,0.3499999940395355
798,0,cluster_A,retain,1.0
799,1,cluster_B,retain,1.0
800,0,cluster_A,downweight,0.3499999940395355
801,0,cluster_A,retain,1.0
802,1,cluster_B,retain,1.0
803,0,cluster_A,retain,1.0
804,0,cluster_A,retain,1.0
805,1,cluster_B,downweight,0.3499999940395355
806,0,cluster_A,downweight,0.3499999940395355
807,0,cluster_A,retain,1.0
808,0,cluster_A,retain,1.0
809,1,cluster_B,downweight,0.3499999940395355
810,1,cluster_B,downweight,0.3499999940395355
811,1,cluster_B,downweight,0.3499999940395355
812,1,cluster_B,downweight,0.3499999940395355
813,1,cluster_B,downweight,0.3499999940395355
814,0,cluster_A,retain,1.0
815,1,cluster_B,retain,1.0
816,1,cluster_B,downweight,0.3499999940395355
817,0,cluster_A,downweight,0.3499999940395355
818,1,cluster_B,downweight,0.3499999940395355
819,0,cluster_A,retain,1.0
820,1,cluster_B,downweight,0.3499999940395355
821,1,cluster_B,downweight,0.3499999940395355
822,0,cluster_A,downweight,0.3499999940395355
823,0,cluster_A,downweight,0.3499999940395355
824,1,cluster_B,downweight,0.3499999940395355
825,0,cluster_A,retain,1.0
826,1,cluster_B,retain,1.0
827,0,cluster_A,downweight,0.3499999940395355
828,1,cluster_B,retain,1.0
829,1,cluster_B,retain,1.0
830,1,cluster_B,downweight,0.3499999940395355
831,0,cluster_A,downweight,0.3499999940395355
832,1,cluster_B,retain,1.0
833,0,cluster_A,downweight,0.3499999940395355
834,0,cluster_A,downweight,0.3499999940395355
835,0,cluster_A,retain,1.0
836,0,cluster_A,retain,1.0
837,1,cluster_B,downweight,0.3499999940395355
838,0,cluster_A,downweight,0.3499999940395355
839,1,cluster_B,downweight,0.3499999940395355
840,0,cluster_A,downweight,0.3499999940395355
841,0,cluster_A,downweight,0.3499999940395355
842,0,cluster_A,retain,1.0
843,1,cluster_B,downweight,0.3499999940395355
844,0,cluster_A,downweight,0.3499999940395355
845,0,cluster_A,retain,1.0
846,1,cluster_B,retain,1.0
847,0,cluster_A,downweight,0.3499999940395355
848,0,cluster_A,retain,1.0
849,0,cluster_A,downweight,0.3499999940395355
850,0,cluster_A,downweight,0.3499999940395355
851,1,cluster_B,downweight,0.3499999940395355
852,0,cluster_A,downweight,0.3499999940395355
853,1,cluster_B,downweight,0.3499999940395355
854,1,cluster_B,downweight,0.3499999940395355
855,0,cluster_A,retain,1.0
856,1,cluster_B,retain,1.0
857,1,cluster_B,retain,1.0
858,0,cluster_A,downweight,0.3499999940395355
859,0,cluster_A,downweight,0.3499999940395355
860,1,cluster_B,retain,1.0
861,0,cluster_A,downweight,0.3499999940395355
862,1,cluster_B,retain,1.0
863,1,cluster_B,downweight,0.3499999940395355
864,1,cluster_B,downweight,0.3499999940395355
865,1,cluster_B,downweight,0.3499999940395355
866,0,cluster_A,downweight,0.3499999940395355
867,0,cluster_A,downweight,0.3499999940395355
868,0,cluster_A,retain,1.0
869,0,cluster_A,retain,1.0
870,1,cluster_B,retain,1.0
871,1,cluster_B,retain,1.0
872,0,cluster_A,downweight,0.3499999940395355
873,1,cluster_B,downweight,0.3499999940395355
874,1,cluster_B,downweight,0.3499999940395355
875,0,cluster_A,retain,1.0
876,0,cluster_A,retain,1.0
877,1,cluster_B,retain,1.0
878,1,cluster_B,downweight,0.3499999940395355
879,0,cluster_A,retain,1.0
880,1,cluster_B,downweight,0.3499999940395355
882,1,cluster_B,downweight,0.3499999940395355
883,1,cluster_B,retain,1.0
884,1,cluster_B,downweight,0.3499999940395355
885,0,cluster_A,downweight,0.3499999940395355
886,1,cluster_B,downweight,0.3499999940395355
887,1,cluster_B,downweight,0.3499999940395355
888,0,cluster_A,downweight,0.3499999940395355
889,0,cluster_A,downweight,0.3499999940395355
890,1,cluster_B,downweight,0.3499999940395355
891,0,cluster_A,downweight,0.3499999940395355
892,0,cluster_A,downweight,0.3499999940395355
893,1,cluster_B,downweight,0.3499999940395355
894,0,cluster_A,downweight,0.3499999940395355
895,1,cluster_B,downweight,0.3499999940395355
896,0,cluster_A,downweight,0.3499999940395355
897,0,cluster_A,downweight,0.3499999940395355
898,0,cluster_A,retain,1.0
899,1,cluster_B,downweight,0.3499999940395355
900,0,cluster_A,retain,1.0
901,1,cluster_B,retain,1.0
902,0,cluster_A,retain,1.0
904,1,cluster_B,retain,1.0
905,1,cluster_B,retain,1.0
906,1,cluster_B,downweight,0.3499999940395355
907,1,cluster_B,downweight,0.3499999940395355
908,1,cluster_B,retain,1.0
909,1,cluster_B,downweight,0.3499999940395355
910,0,cluster_A,retain,1.0
911,0,cluster_A,downweight,0.3499999940395355
912,1,cluster_B,retain,1.0
913,0,cluster_A,retain,1.0
914,1,cluster_B,retain,1.0
915,0,cluster_A,retain,1.0
916,0,cluster_A,downweight,0.3499999940395355
917,1,cluster_B,downweight,0.3499999940395355
918,1,cluster_B,downweight,0.3499999940395355
919,1,cluster_B,retain,1.0
920,0,cluster_A,downweight,0.3499999940395355
921,1,cluster_B,retain,1.0
922,0,cluster_A,downweight,0.3499999940395355
923,0,cluster_A,retain,1.0
924,1,cluster_B,downweight,0.3499999940395355
925,1,cluster_B,downweight,0.3499999940395355
926,0,cluster_A,downweight,0.3499999940395355
927,1,cluster_B,downweight,0.3499999940395355
928,1,cluster_B,downweight,0.3499999940395355
929,1,cluster_B,downweight,0.3499999940395355
930,1,cluster_B,downweight,0.3499999940395355
931,0,cluster_A,downweight,0.3499999940395355
932,0,cluster_A,downweight,0.3499999940395355
933,1,cluster_B,downweight,0.3499999940395355
934,1,cluster_B,downweight,0.3499999940395355
935,0,cluster_A,retain,1.0
936,1,cluster_B,retain,1.0
937,0,cluster_A,retain,1.0
939,0,cluster_A,retain,1.0
940,1,cluster_B,downweight,0.3499999940395355
941,0,cluster_A,retain,1.0
942,0,cluster_A,retain,1.0
943,1,cluster_B,downweight,0.3499999940395355
944,0,cluster_A,downweight,0.3499999940395355
945,1,cluster_B,retain,1.0
946,0,cluster_A,retain,1.0
947,1,cluster_B,retain,1.0
948,0,cluster_A,downweight,0.3499999940395355
949,0,cluster_A,downweight,0.3499999940395355
950,1,cluster_B,downweight,0.3499999940395355
951,0,cluster_A,retain,1.0
952,1,cluster_B,retain,1.0
953,1,cluster_B,downweight,0.3499999940395355
954,0,cluster_A,retain,1.0
955,1,cluster_B,downweight,0.3499999940395355
956,1,cluster_B,retain,1.0
957,1,cluster_B,downweight,0.3499999940395355
958,0,cluster_A,downweight,0.3499999940395355
959,0,cluster_A,downweight,0.3499999940395355
960,0,cluster_A,retain,1.0
961,1,cluster_B,downweight,0.3499999940395355
962,1,cluster_B,downweight,0.3499999940395355
963,1,cluster_B,downweight,0.3499999940395355
964,0,cluster_A,retain,1.0
965,1,cluster_B,retain,1.0
966,0,cluster_A,downweight,0.3499999940395355
967,0,cluster_A,downweight,0.3499999940395355
968,1,cluster_B,retain,1.0
969,1,cluster_B,downweight,0.3499999940395355
970,0,cluster_A,downweight,0.3499999940395355
971,0,cluster_A,retain,1.0
972,1,cluster_B,retain,1.0
973,1,cluster_B,downweight,0.3499999940395355
974,0,cluster_A,downweight,0.3499999940395355
975,1,cluster_B,downweight,0.3499999940395355
976,0,cluster_A,retain,1.0
977,1,cluster_B,retain,1.0
978,0,cluster_A,downweight,0.3499999940395355
979,0,cluster_A,retain,1.0
980,1,cluster_B,downweight,0.3499999940395355
981,0,cluster_A,retain,1.0
982,1,cluster_B,downweight,0.3499999940395355
983,0,cluster_A,downweight,0.3499999940395355
984,1,cluster_B,downweight,0.3499999940395355
985,0,cluster_A,downweight,0.3499999940395355
986,1,cluster_B,downweight,0.3499999940395355
987,1,cluster_B,downweight,0.3499999940395355
988,1,cluster_B,retain,1.0
989,1,cluster_B,downweight,0.3499999940395355
990,0,cluster_A,retain,1.0
991,0,cluster_A,retain,1.0
992,0,cluster_A,retain,1.0
993,0,cluster_A,retain,1.0
994,0,cluster_A,retain,1.0
995,1,cluster_B,retain,1.0
996,1,cluster_B,retain,1.0
997,1,cluster_B,retain,1.0
998,1,cluster_B,retain,1.0
999,0,cluster_A,downweight,0.3499999940395355
1000,1,cluster_B,downweight,0.3499999940395355
1001,0,cluster_A,downweight,0.3499999940395355
1002,1,cluster_B,retain,1.0
1003,1,cluster_B,downweight,0.3499999940395355
1004,0,cluster_A,retain,1.0
1005,0,cluster_A,downweight,0.3499999940395355
1006,0,cluster_A,retain,1.0
1007,0,cluster_A,downweight,0.3499999940395355
1008,0,cluster_A,retain,1.0
1009,0,cluster_A,downweight,0.3499999940395355
1010,1,cluster_B,retain,1.0
1011,1,cluster_B,retain,1.0
1012,1,cluster_B,retain,1.0
1013,1,cluster_B,downweight,0.3499999940395355
1014,0,cluster_A,downweight,0.3499999940395355
1015,1,cluster_B,downweight,0.3499999940395355
1016,1,cluster_B,retain,1.0
1017,0,cluster_A,retain,1.0
1018,1,cluster_B,retain,1.0
1019,0,cluster_A,downweight,0.3499999940395355
1020,0,cluster_A,downweight,0.3499999940395355
1021,0,cluster_A,retain,1.0
1022,1,cluster_B,retain,1.0
1023,0,cluster_A,retain,1.0
1024,0,cluster_A,downweight,0.3499999940395355
1025,0,cluster_A,downweight,0.3499999940395355
1026,0,cluster_A,downweight,0.3499999940395355
1027,0,cluster_A,retain,1.0
1028,1,cluster_B,downweight,0.3499999940395355
1029,0,cluster_A,retain,1.0
1030,1,cluster_B,retain,1.0
1031,0,cluster_A,downweight,0.3499999940395355
1032,1,cluster_B,retain,1.0
1033,1,cluster_B,downweight,0.3499999940395355
1034,1,cluster_B,retain,1.0
1035,1,cluster_B,downweight,0.3499999940395355
1036,1,cluster_B,downweight,0.3499999940395355
1037,0,cluster_A,retain,1.0
1038,1,cluster_B,downweight,0.3499999940395355
1039,1,cluster_B,downweight,0.3499999940395355
1040,0,cluster_A,downweight,0.3499999940395355
1041,0,cluster_A,downweight,0.3499999940395355
1042,1,cluster_B,retain,1.0
1043,0,cluster_A,retain,1.0
1044,1,cluster_B,retain,1.0
1045,0,cluster_A,downweight,0.3499999940395355
1046,0,cluster_A,retain,1.0
1047,1,cluster_B,retain,1.0
1048,0,cluster_A,downweight,0.3499999940395355
1049,1,cluster_B,retain,1.0
1050,0,cluster_A,retain,1.0
1051,0,cluster_A,retain,1.0
1052,0,cluster_A,retain,1.0
1053,0,cluster_A,retain,1.0
1054,1,cluster_B,downweight,0.3499999940395355
1055,1,cluster_B,retain,1.0
1056,1,cluster_B,retain,1.0
1057,1,cluster_B,retain,1.0
1058,0,cluster_A,downweight,0.3499999940395355
1059,1,cluster_B,retain,1.0
1060,1,cluster_B,retain,1.0
1061,0,cluster_A,retain,1.0
1062,0,cluster_A,retain,1.0
1063,1,cluster_B,retain,1.0
1064,1,cluster_B,retain,1.0
1065,0,cluster_A,retain,1.0
1066,1,cluster_B,retain,1.0
1067,0,cluster_A,retain,1.0
1068,1,cluster_B,retain,1.0
1069,0,cluster_A,retain,1.0
1070,1,cluster_B,retain,1.0
1071,0,cluster_A,downweight,0.3499999940395355
1072,0,cluster_A,downweight,0.3499999940395355
1073,1,cluster_B,retain,1.0
1074,0,cluster_A,retain,1.0
1075,1,cluster_B,downweight,0.3499999940395355
1077,1,cluster_B,downweight,0.3499999940395355
1078,1,cluster_B,downweight,0.3499999940395355
1079,0,cluster_A,retain,1.0
1080,0,cluster_A,retain,1.0
1081,1,cluster_B,retain,1.0
1082,0,cluster_A,downweight,0.3499999940395355
1083,0,cluster_A,retain,1.0
1084,1,cluster_B,retain,1.0
1085,0,cluster_A,downweight,0.3499999940395355
1086,1,cluster_B,downweight,0.3499999940395355
1087,0,cluster_A,downweight,0.3499999940395355
1088,1,cluster_B,downweight,0.3499999940395355
1089,0,cluster_A,retain,1.0
1090,0,cluster_A,downweight,0.3499999940395355
1091,1,cluster_B,retain,1.0
1092,0,cluster_A,downweight,0.3499999940395355
1093,1,cluster_B,downweight,0.3499999940395355
1094,1,cluster_B,retain,1.0
1095,1,cluster_B,downweight,0.3499999940395355
1096,0,cluster_A,retain,1.0
1097,0,cluster_A,downweight,0.3499999940395355
1098,1,cluster_B,retain,1.0
1099,0,cluster_A,retain,1.0
1100,0,cluster_A,retain,1.0
1101,0,cluster_A,retain,1.0
1102,0,cluster_A,downweight,0.3499999940395355
1103,1,cluster_B,retain,1.0
1104,0,cluster_A,retain,1.0
1105,1,cluster_B,retain,1.0
1106,1,cluster_B,retain,1.0
1107,1,cluster_B,retain,1.0
1108,1,cluster_B,downweight,0.3499999940395355
1109,1,cluster_B,retain,1.0
1110,1,cluster_B,downweight,0.3499999940395355
1111,0,cluster_A,retain,1.0
1112,1,cluster_B,retain,1.0
1113,1,cluster_B,downweight,0.3499999940395355
1114,1,cluster_B,retain,1.0
1115,1,cluster_B,retain,1.0
1116,0,cluster_A,retain,1.0
1117,0,cluster_A,retain,1.0
1118,0,cluster_A,retain,1.0
1119,0,cluster_A,downweight,0.3499999940395355
1120,0,cluster_A,retain,1.0
1121,0,cluster_A,downweight,0.3499999940395355
1122,1,cluster_B,downweight,0.3499999940395355
1123,0,cluster_A,downweight,0.3499999940395355
1124,1,cluster_B,downweight,0.3499999940395355
1125,1,cluster_B,downweight,0.3499999940395355
1126,0,cluster_A,retain,1.0
1127,0,cluster_A,downweight,0.3499999940395355
1128,1,cluster_B,retain,1.0
1129,1,cluster_B,downweight,0.3499999940395355
1130,1,cluster_B,downweight,0.3499999940395355
1131,1,cluster_B,retain,1.0
1132,1,cluster_B,downweight,0.3499999940395355
1133,1,cluster_B,retain,1.0
1134,0,cluster_A,downweight,0.3499999940395355
1135,0,cluster_A,downweight,0.3499999940395355
1136,0,cluster_A,downweight,0.3499999940395355
1137,1,cluster_B,retain,1.0
1138,0,cluster_A,retain,1.0
1139,0,cluster_A,retain,1.0
1140,0,cluster_A,downweight,0.3499999940395355
1141,0,cluster_A,downweight,0.3499999940395355
1142,1,cluster_B,downweight,0.3499999940395355
1143,0,cluster_A,retain,1.0
1144,1,cluster_B,retain,1.0
1145,1,cluster_B,downweight,0.3499999940395355
1146,0,cluster_A,downweight,0.3499999940395355
1147,1,cluster_B,downweight,0.3499999940395355
1148,1,cluster_B,downweight,0.3499999940395355
1149,0,cluster_A,downweight,0.3499999940395355
1150,0,cluster_A,downweight,0.3499999940395355
1151,1,cluster_B,downweight,0.3499999940395355
1152,0,cluster_A,retain,1.0
1153,1,cluster_B,retain,1.0
1154,0,cluster_A,retain,1.0
1155,1,cluster_B,retain,1.0
1156,1,cluster_B,downweight,0.3499999940395355
1157,1,cluster_B,downweight,0.3499999940395355
1158,1,cluster_B,downweight,0.3499999940395355
1159,0,cluster_A,retain,1.0
1160,0,cluster_A,downweight,0.3499999940395355
1161,0,cluster_A,downweight,0.3499999940395355
1162,1,cluster_B,downweight,0.3499999940395355
1163,1,cluster_B,downweight,0.3499999940395355
1164,1,cluster_B,retain,1.0
1165,0,cluster_A,downweight,0.3499999940395355
1166,0,cluster_A,retain,1.0
1167,1,cluster_B,retain,1.0
1168,1,cluster_B,downweight,0.3499999940395355
1169,1,cluster_B,downweight,0.3499999940395355
1170,1,cluster_B,retain,1.0
1171,1,cluster_B,downweight,0.3499999940395355
1172,1,cluster_B,downweight,0.3499999940395355
1173,0,cluster_A,downweight,0.3499999940395355
1174,1,cluster_B,downweight,0.3499999940395355
1175,1,cluster_B,downweight,0.3499999940395355
1176,0,cluster_A,downweight,0.3499999940395355
1177,1,cluster_B,retain,1.0
1178,0,cluster_A,retain,1.0
1179,0,cluster_A,retain,1.0
1180,1,cluster_B,retain,1.0
1181,1,cluster_B,downweight,0.3499999940395355
1182,0,cluster_A,retain,1.0
1183,1,cluster_B,downweight,0.3499999940395355
1184,0,cluster_A,downweight,0.3499999940395355
1185,1,cluster_B,downweight,0.3499999940395355
1186,1,cluster_B,retain,1.0
1187,1,cluster_B,downweight,0.3499999940395355
1188,0,cluster_A,downweight,0.3499999940395355
1189,0,cluster_A,retain,1.0
1190,0,cluster_A,downweight,0.3499999940395355
1191,1,cluster_B,retain,1.0
1192,0,cluster_A,downweight,0.3499999940395355
1193,1,cluster_B,downweight,0.3499999940395355
1194,0,cluster_A,downweight,0.3499999940395355
1195,1,cluster_B,retain,1.0
1196,0,cluster_A,downweight,0.3499999940395355
1197,0,cluster_A,downweight,0.3499999940395355
1198,1,cluster_B,downweight,0.3499999940395355
1199,0,cluster_A,downweight,0.3499999940395355
1200,0,cluster_A,retain,1.0
1201,1,cluster_B,downweight,0.3499999940395355
1202,0,cluster_A,retain,1.0
1203,1,cluster_B,retain,1.0
1204,0,cluster_A,downweight,0.3499999940395355
1205,0,cluster_A,retain,1.0
1206,0,cluster_A,retain,1.0
1207,0,cluster_A,retain,1.0
1208,1,cluster_B,downweight,0.3499999940395355
1209,1,cluster_B,downweight,0.3499999940395355
1210,1,cluster_B,retain,1.0
1211,1,cluster_B,downweight,0.3499999940395355
1212,0,cluster_A,retain,1.0
1213,0,cluster_A,retain,1.0
1214,0,cluster_A,retain,1.0
1215,1,cluster_B,downweight,0.3499999940395355
1217,1,cluster_B,retain,1.0
1218,1,cluster_B,retain,1.0
1219,0,cluster_A,downweight,0.3499999940395355
1220,1,cluster_B,retain,1.0
1221,1,cluster_B,retain,1.0
1222,0,cluster_A,downweight,0.3499999940395355
1223,0,cluster_A,downweight,0.3499999940395355
1224,0,cluster_A,downweight,0.3499999940395355
1225,1,cluster_B,downweight,0.3499999940395355
1226,0,cluster_A,downweight,0.3499999940395355
1227,1,cluster_B,retain,1.0
1228,1,cluster_B,downweight,0.3499999940395355
1229,0,cluster_A,retain,1.0
1230,1,cluster_B,retain,1.0
1231,0,cluster_A,retain,1.0
1232,0,cluster_A,downweight,0.3499999940395355
1233,1,cluster_B,retain,1.0
1234,0,cluster_A,retain,1.0
1235,0,cluster_A,retain,1.0
1236,0,cluster_A,downweight,0.3499999940395355
1237,0,cluster_A,downweight,0.3499999940395355
1238,1,cluster_B,downweight,0.3499999940395355
1239,1,cluster_B,downweight,0.3499999940395355
1240,1,cluster_B,retain,1.0
1241,0,cluster_A,downweight,0.3499999940395355
1242,1,cluster_B,downweight,0.3499999940395355
1243,0,cluster_A,retain,1.0
1244,0,cluster_A,retain,1.0
1245,0,cluster_A,downweight,0.3499999940395355
1246,0,cluster_A,downweight,0.3499999940395355
1247,1,cluster_B,downweight,0.3499999940395355
1248,0,cluster_A,retain,1.0
1249,0,cluster_A,downweight,0.3499999940395355
1250,0,cluster_A,retain,1.0
1251,1,cluster_B,downweight,0.3499999940395355
1252,0,cluster_A,retain,1.0
1253,0,cluster_A,downweight,0.3499999940395355
1254,1,cluster_B,downweight,0.3499999940395355
1255,1,cluster_B,downweight,0.3499999940395355
1256,0,cluster_A,retain,1.0
1257,1,cluster_B,downweight,0.3499999940395355
1258,1,cluster_B,retain,1.0
1259,0,cluster_A,retain,1.0
1260,1,cluster_B,retain,1.0
1261,1,cluster_B,downweight,0.3499999940395355
1262,0,cluster_A,downweight,0.3499999940395355
1263,0,cluster_A,downweight,0.3499999940395355
1264,1,cluster_B,retain,1.0
1265,0,cluster_A,downweight,0.3499999940395355
1266,1,cluster_B,downweight,0.3499999940395355
1267,1,cluster_B,downweight,0.3499999940395355
1268,0,cluster_A,retain,1.0
1269,0,cluster_A,downweight,0.3499999940395355
1270,1,cluster_B,retain,1.0
1271,1,cluster_B,downweight,0.3499999940395355
1272,1,cluster_B,downweight,0.3499999940395355
1273,0,cluster_A,retain,1.0
1274,1,cluster_B,retain,1.0
1275,0,cluster_A,retain,1.0
1276,0,cluster_A,downweight,0.3499999940395355
1277,0,cluster_A,retain,1.0
1278,1,cluster_B,downweight,0.3499999940395355
1279,1,cluster_B,downweight,0.3499999940395355
1280,1,cluster_B,retain,1.0
1281,0,cluster_A,downweight,0.3499999940395355
1282,0,cluster_A,downweight,0.3499999940395355
1283,1,cluster_B,retain,1.0
1284,0,cluster_A,retain,1.0
1285,0,cluster_A,downweight,0.3499999940395355
1286,1,cluster_B,retain,1.0
1287,1,cluster_B,retain,1.0
1288,1,cluster_B,downweight,0.3499999940395355
1289,0,cluster_A,downweight,0.3499999940395355
1290,0,cluster_A,downweight,0.3499999940395355
1291,0,cluster_A,downweight,0.3499999940395355
1292,0,cluster_A,retain,1.0
1293,0,cluster_A,downweight,0.3499999940395355
1294,1,cluster_B,retain,1.0
1295,0,cluster_A,retain,1.0
1296,1,cluster_B,downweight,0.3499999940395355
1297,1,cluster_B,retain,1.0
1298,0,cluster_A,retain,1.0
1299,1,cluster_B,downweight,0.3499999940395355
1300,0,cluster_A,retain,1.0
1301,1,cluster_B,retain,1.0
1302,1,cluster_B,downweight,0.3499999940395355
1303,1,cluster_B,downweight,0.3499999940395355
1304,1,cluster_B,retain,1.0
1305,0,cluster_A,retain,1.0
1306,0,cluster_A,downweight,0.3499999940395355
1307,1,cluster_B,retain,1.0
1308,1,cluster_B,downweight,0.3499999940395355
1309,1,cluster_B,downweight,0.3499999940395355
1310,0,cluster_A,downweight,0.3499999940395355
1311,1,cluster_B,downweight,0.3499999940395355
1312,0,cluster_A,retain,1.0
1313,1,cluster_B,downweight,0.3499999940395355
1314,1,cluster_B,retain,1.0
1315,1,cluster_B,downweight,0.3499999940395355
1316,1,cluster_B,retain,1.0
1317,0,cluster_A,retain,1.0
1318,0,cluster_A,downweight,0.3499999940395355
1319,0,cluster_A,downweight,0.3499999940395355
1320,0,cluster_A,downweight,0.3499999940395355
1321,1,cluster_B,downweight,0.3499999940395355
1322,0,cluster_A,downweight,0.3499999940395355
1323,1,cluster_B,downweight,0.3499999940395355
1324,0,cluster_A,downweight,0.3499999940395355
1325,1,cluster_B,downweight,0.3499999940395355
1326,0,cluster_A,downweight,0.3499999940395355
1327,0,cluster_A,downweight,0.3499999940395355
1328,0,cluster_A,downweight,0.3499999940395355
1329,0,cluster_A,retain,1.0
1330,1,cluster_B,downweight,0.3499999940395355
1331,1,cluster_B,retain,1.0
1332,0,cluster_A,downweight,0.3499999940395355
1333,1,cluster_B,downweight,0.3499999940395355
1334,0,cluster_A,retain,1.0
1335,1,cluster_B,downweight,0.3499999940395355
1336,1,cluster_B,retain,1.0
1337,0,cluster_A,downweight,0.3499999940395355
1338,0,cluster_A,retain,1.0
1339,1,cluster_B,retain,1.0
1340,0,cluster_A,retain,1.0
1341,0,cluster_A,downweight,0.3499999940395355
1342,1,cluster_B,downweight,0.3499999940395355
1343,1,cluster_B,retain,1.0
1344,1,cluster_B,retain,1.0
1345,0,cluster_A,retain,1.0
1346,0,cluster_A,retain,1.0
1347,0,cluster_A,downweight,0.3499999940395355
1348,1,cluster_B,retain,1.0
1349,1,cluster_B,retain,1.0
1350,1,cluster_B,downweight,0.3499999940395355
1351,0,cluster_A,retain,1.0
1352,1,cluster_B,downweight,0.3499999940395355
1353,0,cluster_A,retain,1.0
1354,0,cluster_A,retain,1.0
1355,0,cluster_A,downweight,0.3499999940395355
1356,1,cluster_B,downweight,0.3499999940395355
1357,1,cluster_B,retain,1.0
1358,0,cluster_A,retain,1.0
1359,0,cluster_A,retain,1.0
1360,1,cluster_B,retain,1.0
1361,0,cluster_A,retain,1.0
1362,0,cluster_A,downweight,0.3499999940395355
1363,0,cluster_A,downweight,0.3499999940395355
1364,1,cluster_B,retain,1.0
1365,1,cluster_B,retain,1.0
1366,0,cluster_A,downweight,0.3499999940395355
1367,1,cluster_B,retain,1.0
1368,0,cluster_A,downweight,0.3499999940395355
1369,1,cluster_B,downweight,0.3499999940395355
1370,0,cluster_A,retain,1.0
1371,1,cluster_B,retain,1.0
1372,0,cluster_A,downweight,0.3499999940395355
1373,0,cluster_A,retain,1.0
1374,1,cluster_B,retain,1.0
1375,0,cluster_A,retain,1.0
1376,1,cluster_B,downweight,0.3499999940395355
1377,1,cluster_B,downweight,0.3499999940395355
1378,0,cluster_A,retain,1.0
1379,1,cluster_B,downweight,0.3499999940395355
1380,0,cluster_A,downweight,0.3499999940395355
1381,0,cluster_A,downweight,0.3499999940395355
1382,1,cluster_B,retain,1.0
1383,0,cluster_A,retain,1.0
1384,1,cluster_B,downweight,0.3499999940395355
1385,1,cluster_B,downweight,0.3499999940395355
1386,1,cluster_B,retain,1.0
1387,1,cluster_B,downweight,0.3499999940395355
1388,1,cluster_B,downweight,0.3499999940395355
1389,1,cluster_B,retain,1.0
1390,1,cluster_B,retain,1.0
1391,0,cluster_A,retain,1.0
1392,0,cluster_A,retain,1.0
1393,0,cluster_A,retain,1.0
1394,1,cluster_B,retain,1.0
1395,1,cluster_B,retain,1.0
1396,1,cluster_B,downweight,0.3499999940395355
1397,0,cluster_A,downweight,0.3499999940395355
1398,0,cluster_A,downweight,0.3499999940395355
1399,1,cluster_B,downweight,0.3499999940395355
1400,1,cluster_B,downweight,0.3499999940395355
1401,0,cluster_A,downweight,0.3499999940395355
1402,0,cluster_A,retain,1.0
1403,1,cluster_B,downweight,0.3499999940395355
1404,1,cluster_B,downweight,0.3499999940395355
1405,0,cluster_A,retain,1.0
1406,1,cluster_B,retain,1.0
1407,1,cluster_B,downweight,0.3499999940395355
1408,1,cluster_B,downweight,0.3499999940395355
1409,0,cluster_A,retain,1.0
1410,1,cluster_B,downweight,0.3499999940395355
1411,1,cluster_B,downweight,0.3499999940395355
1412,1,cluster_B,retain,1.0
1413,0,cluster_A,retain,1.0
1414,0,cluster_A,retain,1.0
1415,1,cluster_B,retain,1.0
1416,0,cluster_A,retain,1.0
1417,1,cluster_B,retain,1.0
1419,0,cluster_A,retain,1.0
1420,0,cluster_A,downweight,0.3499999940395355
1421,1,cluster_B,downweight,0.3499999940395355
1422,0,cluster_A,retain,1.0
1423,0,cluster_A,retain,1.0
1424,0,cluster_A,downweight,0.3499999940395355
1425,0,cluster_A,downweight,0.3499999940395355
1426,0,cluster_A,retain,1.0
1427,1,cluster_B,retain,1.0
1428,0,cluster_A,retain,1.0
1429,1,cluster_B,downweight,0.3499999940395355
1430,1,cluster_B,retain,1.0
1432,1,cluster_B,downweight,0.3499999940395355
1433,1,cluster_B,downweight,0.3499999940395355
1434,0,cluster_A,retain,1.0
1435,1,cluster_B,retain,1.0
1436,1,cluster_B,retain,1.0
1437,0,cluster_A,downweight,0.3499999940395355
1438,0,cluster_A,retain,1.0
1439,1,cluster_B,downweight,0.3499999940395355
1440,1,cluster_B,downweight,0.3499999940395355
1441,1,cluster_B,retain,1.0
1442,1,cluster_B,retain,1.0
1443,0,cluster_A,downweight,0.3499999940395355
1444,0,cluster_A,downweight,0.3499999940395355
1445,0,cluster_A,downweight,0.3499999940395355
1446,0,cluster_A,downweight,0.3499999940395355
1447,0,cluster_A,retain,1.0
1448,0,cluster_A,downweight,0.3499999940395355
1449,1,cluster_B,retain,1.0
1450,0,cluster_A,retain,1.0
1451,1,cluster_B,downweight,0.3499999940395355
1452,1,cluster_B,retain,1.0
1453,1,cluster_B,downweight,0.3499999940395355
1454,0,cluster_A,downweight,0.3499999940395355
1455,0,cluster_A,retain,1.0
1456,1,cluster_B,retain,1.0
1457,1,cluster_B,downweight,0.3499999940395355
1458,0,cluster_A,downweight,0.3499999940395355
1459,1,cluster_B,downweight,0.3499999940395355
1460,1,cluster_B,downweight,0.3499999940395355
1461,1,cluster_B,retain,1.0
1462,1,cluster_B,downweight,0.3499999940395355
1463,0,cluster_A,downweight,0.3499999940395355
1464,0,cluster_A,downweight,0.3499999940395355
1465,1,cluster_B,downweight,0.3499999940395355
1466,1,cluster_B,downweight,0.3499999940395355
1467,0,cluster_A,retain,1.0
1468,0,cluster_A,downweight,0.3499999940395355
1469,0,cluster_A,retain,1.0
1470,0,cluster_A,retain,1.0
1471,1,cluster_B,retain,1.0
1472,1,cluster_B,retain,1.0
1473,1,cluster_B,retain,1.0
1474,1,cluster_B,retain,1.0
1475,1,cluster_B,retain,1.0
1476,0,cluster_A,retain,1.0
1477,1,cluster_B,retain,1.0
1478,1,cluster_B,downweight,0.3499999940395355
1479,0,cluster_A,retain,1.0
1480,0,cluster_A,downweight,0.3499999940395355
1481,0,cluster_A,retain,1.0
1482,0,cluster_A,downweight,0.3499999940395355
1483,1,cluster_B,downweight,0.3499999940395355
1484,0,cluster_A,retain,1.0
1485,1,cluster_B,downweight,0.3499999940395355
1486,0,cluster_A,retain,1.0
1487,0,cluster_A,retain,1.0
1488,1,cluster_B,downweight,0.3499999940395355
1489,0,cluster_A,downweight,0.3499999940395355
1490,1,cluster_B,retain,1.0
1491,1,cluster_B,downweight,0.3499999940395355
1492,0,cluster_A,retain,1.0
1493,0,cluster_A,retain,1.0
1494,1,cluster_B,retain,1.0
1495,0,cluster_A,retain,1.0
1496,1,cluster_B,downweight,0.3499999940395355
1497,1,cluster_B,retain,1.0
1498,1,cluster_B,retain,1.0
1499,0,cluster_A,downweight,0.3499999940395355
1500,0,cluster_A,downweight,0.3499999940395355
1501,0,cluster_A,downweight,0.3499999940395355
1502,1,cluster_B,downweight,0.3499999940395355
1503,0,cluster_A,downweight,0.3499999940395355
1505,0,cluster_A,downweight,0.3499999940395355
1506,1,cluster_B,downweight,0.3499999940395355
1507,0,cluster_A,downweight,0.3499999940395355
1508,1,cluster_B,downweight,0.3499999940395355
1509,1,cluster_B,retain,1.0
1510,0,cluster_A,retain,1.0
1511,1,cluster_B,downweight,0.3499999940395355
1512,0,cluster_A,retain,1.0
1513,1,cluster_B,downweight,0.3499999940395355
1514,0,cluster_A,downweight,0.3499999940395355
1515,1,cluster_B,retain,1.0
1516,1,cluster_B,retain,1.0
1517,0,cluster_A,retain,1.0
1518,0,cluster_A,retain,1.0
1519,1,cluster_B,downweight,0.3499999940395355
1520,0,cluster_A,retain,1.0
1521,0,cluster_A,retain,1.0
1522,1,cluster_B,downweight,0.3499999940395355
1523,0,cluster_A,retain,1.0
1524,0,cluster_A,retain,1.0
1525,1,cluster_B,retain,1.0
1526,0,cluster_A,downweight,0.3499999940395355
1527,1,cluster_B,downweight,0.3499999940395355
1528,0,cluster_A,downweight,0.3499999940395355
1529,1,cluster_B,retain,1.0
1530,1,cluster_B,retain,1.0
1531,0,cluster_A,retain,1.0
1532,1,cluster_B,downweight,0.3499999940395355
1533,1,cluster_B,retain,1.0
1534,1,cluster_B,retain,1.0
1535,1,cluster_B,downweight,0.3499999940395355
1536,0,cluster_A,retain,1.0
1537,0,cluster_A,downweight,0.3499999940395355
1538,0,cluster_A,downweight,0.3499999940395355
1539,1,cluster_B,downweight,0.3499999940395355
1540,1,cluster_B,downweight,0.3499999940395355
1541,1,cluster_B,downweight,0.3499999940395355
1542,1,cluster_B,retain,1.0
1543,0,cluster_A,downweight,0.3499999940395355
1544,0,cluster_A,retain,1.0
1545,0,cluster_A,downweight,0.3499999940395355
1546,1,cluster_B,downweight,0.3499999940395355
1547,0,cluster_A,downweight,0.3499999940395355
1548,0,cluster_A,retain,1.0
1549,0,cluster_A,retain,1.0
1550,1,cluster_B,downweight,0.3499999940395355
1551,1,cluster_B,downweight,0.3499999940395355
1552,1,cluster_B,retain,1.0
1553,1,cluster_B,retain,1.0
1554,0,cluster_A,retain,1.0
1555,1,cluster_B,downweight,0.3499999940395355
1556,0,cluster_A,downweight,0.3499999940395355
1557,0,cluster_A,retain,1.0
1558,0,cluster_A,downweight,0.3499999940395355
1559,1,cluster_B,retain,1.0
1560,0,cluster_A,downweight,0.3499999940395355
1561,1,cluster_B,downweight,0.3499999940395355
1562,0,cluster_A,retain,1.0
1563,0,cluster_A,retain,1.0
1564,0,cluster_A,downweight,0.3499999940395355
1565,0,cluster_A,retain,1.0
1566,0,cluster_A,downweight,0.3499999940395355
1567,0,cluster_A,retain,1.0
1568,0,cluster_A,downweight,0.3499999940395355
1569,0,cluster_A,downweight,0.3499999940395355
1570,0,cluster_A,retain,1.0
1571,1,cluster_B,retain,1.0
1572,1,cluster_B,downweight,0.3499999940395355
1573,0,cluster_A,retain,1.0
1574,1,cluster_B,downweight,0.3499999940395355
1575,0,cluster_A,downweight,0.3499999940395355
1576,0,cluster_A,downweight,0.3499999940395355
1577,0,cluster_A,retain,1.0
1578,1,cluster_B,retain,1.0
1579,1,cluster_B,retain,1.0
1580,1,cluster_B,retain,1.0
1581,0,cluster_A,downweight,0.3499999940395355
1582,1,cluster_B,downweight,0.3499999940395355
1583,1,cluster_B,retain,1.0
1584,1,cluster_B,retain,1.0
1585,1,cluster_B,downweight,0.3499999940395355
1586,1,cluster_B,retain,1.0
1587,1,cluster_B,downweight,0.3499999940395355
1588,1,cluster_B,retain,1.0
1589,1,cluster_B,downweight,0.3499999940395355
1590,0,cluster_A,retain,1.0
1591,0,cluster_A,retain,1.0
1592,0,cluster_A,retain,1.0
1593,0,cluster_A,retain,1.0
1594,1,cluster_B,retain,1.0
1595,0,cluster_A,retain,1.0
1596,1,cluster_B,downweight,0.3499999940395355
1597,0,cluster_A,retain,1.0
1598,1,cluster_B,downweight,0.3499999940395355
1599,0,cluster_A,downweight,0.3499999940395355
1600,0,cluster_A,downweight,0.3499999940395355
1601,1,cluster_B,downweight,0.3499999940395355
1602,1,cluster_B,downweight,0.3499999940395355
1603,0,cluster_A,downweight,0.3499999940395355
1604,0,cluster_A,downweight,0.3499999940395355
1605,0,cluster_A,downweight,0.3499999940395355
1606,0,cluster_A,retain,1.0
1607,1,cluster_B,downweight,0.3499999940395355
1608,0,cluster_A,downweight,0.3499999940395355
1609,0,cluster_A,downweight,0.3499999940395355
1610,0,cluster_A,downweight,0.3499999940395355
1611,0,cluster_A,downweight,0.3499999940395355
1612,1,cluster_B,downweight,0.3499999940395355
1613,0,cluster_A,downweight,0.3499999940395355
1614,1,cluster_B,downweight,0.3499999940395355
1615,0,cluster_A,downweight,0.3499999940395355
1616,1,cluster_B,downweight,0.3499999940395355
1617,0,cluster_A,downweight,0.3499999940395355
1618,0,cluster_A,retain,1.0
1619,1,cluster_B,retain,1.0
1620,0,cluster_A,downweight,0.3499999940395355
1621,0,cluster_A,retain,1.0
1622,0,cluster_A,retain,1.0
1623,1,cluster_B,downweight,0.3499999940395355
1624,1,cluster_B,retain,1.0
1625,1,cluster_B,downweight,0.3499999940395355
1626,1,cluster_B,downweight,0.3499999940395355
1627,1,cluster_B,downweight,0.3499999940395355
1628,1,cluster_B,retain,1.0
1629,1,cluster_B,downweight,0.3499999940395355
1630,0,cluster_A,downweight,0.3499999940395355
1631,0,cluster_A,downweight,0.3499999940395355
1632,1,cluster_B,downweight,0.3499999940395355
1633,0,cluster_A,retain,1.0
1634,0,cluster_A,retain,1.0
1635,1,cluster_B,retain,1.0
1636,1,cluster_B,downweight,0.3499999940395355
1637,1,cluster_B,downweight,0.3499999940395355
1638,0,cluster_A,retain,1.0
1639,0,cluster_A,retain,1.0
1640,0,cluster_A,downweight,0.3499999940395355
1641,0,cluster_A,downweight,0.3499999940395355
1642,1,cluster_B,retain,1.0
1643,0,cluster_A,retain,1.0
1644,1,cluster_B,downweight,0.3499999940395355
1645,1,cluster_B,downweight,0.3499999940395355
1646,0,cluster_A,downweight,0.3499999940395355
1647,0,cluster_A,downweight,0.3499999940395355
1648,1,cluster_B,retain,1.0
1649,0,cluster_A,retain,1.0
1650,0,cluster_A,downweight,0.3499999940395355
1651,0,cluster_A,downweight,0.3499999940395355
1652,0,cluster_A,retain,1.0
1653,0,cluster_A,downweight,0.3499999940395355
1654,0,cluster_A,retain,1.0
1655,1,cluster_B,retain,1.0
1656,1,cluster_B,downweight,0.3499999940395355
1657,0,cluster_A,retain,1.0
1658,0,cluster_A,downweight,0.3499999940395355
1659,0,cluster_A,downweight,0.3499999940395355
1660,1,cluster_B,retain,1.0
1661,1,cluster_B,downweight,0.3499999940395355
1662,0,cluster_A,downweight,0.3499999940395355
1663,1,cluster_B,downweight,0.3499999940395355
1664,1,cluster_B,retain,1.0
1665,1,cluster_B,retain,1.0
1666,0,cluster_A,downweight,0.3499999940395355
1667,0,cluster_A,downweight,0.3499999940395355
1668,0,cluster_A,downweight,0.3499999940395355
1669,1,cluster_B,retain,1.0
1670,0,cluster_A,downweight,0.3499999940395355
1671,1,cluster_B,downweight,0.3499999940395355
1672,0,cluster_A,retain,1.0
1673,1,cluster_B,retain,1.0
1674,1,cluster_B,retain,1.0
1675,0,cluster_A,retain,1.0
1676,0,cluster_A,retain,1.0
1677,1,cluster_B,downweight,0.3499999940395355
1678,0,cluster_A,retain,1.0
1679,0,cluster_A,retain,1.0
1680,1,cluster_B,downweight,0.3499999940395355
1681,1,cluster_B,downweight,0.3499999940395355
1682,1,cluster_B,retain,1.0
1683,0,cluster_A,retain,1.0
1684,0,cluster_A,downweight,0.3499999940395355
1685,1,cluster_B,downweight,0.3499999940395355
1686,0,cluster_A,downweight,0.3499999940395355
1687,1,cluster_B,retain,1.0
1688,1,cluster_B,retain,1.0
1689,0,cluster_A,retain,1.0
1690,0,cluster_A,downweight,0.3499999940395355
1691,1,cluster_B,downweight,0.3499999940395355
1692,1,cluster_B,downweight,0.3499999940395355
1693,0,cluster_A,downweight,0.3499999940395355
1694,0,cluster_A,retain,1.0
1695,1,cluster_B,downweight,0.3499999940395355
1696,1,cluster_B,retain,1.0
1697,0,cluster_A,downweight,0.3499999940395355
1698,1,cluster_B,retain,1.0
1699,1,cluster_B,retain,1.0
1700,1,cluster_B,downweight,0.3499999940395355
1701,1,cluster_B,retain,1.0
1702,1,cluster_B,downweight,0.3499999940395355
1703,1,cluster_B,retain,1.0
1704,1,cluster_B,downweight,0.3499999940395355
1705,0,cluster_A,retain,1.0
1706,1,cluster_B,downweight,0.3499999940395355
1707,1,cluster_B,downweight,0.3499999940395355
1708,0,cluster_A,retain,1.0
1709,1,cluster_B,downweight,0.3499999940395355
1710,1,cluster_B,retain,1.0
1711,0,cluster_A,downweight,0.3499999940395355
1712,0,cluster_A,downweight,0.3499999940395355
1713,1,cluster_B,downweight,0.3499999940395355
1714,1,cluster_B,downweight,0.3499999940395355
1715,1,cluster_B,retain,1.0
1716,0,cluster_A,retain,1.0
1717,0,cluster_A,retain,1.0
1718,0,cluster_A,retain,1.0
1719,1,cluster_B,retain,1.0
1720,1,cluster_B,retain,1.0
1721,1,cluster_B,downweight,0.3499999940395355
1722,0,cluster_A,downweight,0.3499999940395355
1723,1,cluster_B,downweight,0.3499999940395355
1724,0,cluster_A,retain,1.0
1725,0,cluster_A,retain,1.0
1726,1,cluster_B,retain,1.0
1727,0,cluster_A,downweight,0.3499999940395355
1728,0,cluster_A,downweight,0.3499999940395355
1729,1,cluster_B,retain,1.0
1730,1,cluster_B,downweight,0.3499999940395355
1731,0,cluster_A,downweight,0.3499999940395355
1732,1,cluster_B,downweight,0.3499999940395355
1733,0,cluster_A,retain,1.0
1734,1,cluster_B,retain,1.0
1735,0,cluster_A,downweight,0.3499999940395355
1736,1,cluster_B,downweight,0.3499999940395355
1737,1,cluster_B,downweight,0.3499999940395355
1738,0,cluster_A,downweight,0.3499999940395355
1739,0,cluster_A,retain,1.0
1740,1,cluster_B,retain,1.0
1741,1,cluster_B,downweight,0.3499999940395355
1742,0,cluster_A,retain,1.0
1744,0,cluster_A,retain,1.0
1745,0,cluster_A,retain,1.0
1746,0,cluster_A,downweight,0.3499999940395355
1747,0,cluster_A,downweight,0.3499999940395355
1748,1,cluster_B,downweight,0.3499999940395355
1749,1,cluster_B,retain,1.0
1750,1,cluster_B,retain,1.0
1751,1,cluster_B,downweight,0.3499999940395355
1752,0,cluster_A,downweight,0.3499999940395355
1753,1,cluster_B,downweight,0.3499999940395355
1754,0,cluster_A,downweight,0.3499999940395355
1755,1,cluster_B,retain,1.0
1756,1,cluster_B,retain,1.0
1757,0,cluster_A,downweight,0.3499999940395355
1758,1,cluster_B,retain,1.0
1759,1,cluster_B,retain,1.0
1760,1,cluster_B,downweight,0.3499999940395355
1761,0,cluster_A,retain,1.0
1762,0,cluster_A,downweight,0.3499999940395355
1763,1,cluster_B,downweight,0.3499999940395355
1764,1,cluster_B,retain,1.0
1765,0,cluster_A,downweight,0.3499999940395355
1767,1,cluster_B,retain,1.0
1768,1,cluster_B,downweight,0.3499999940395355
1769,0,cluster_A,retain,1.0
1770,0,cluster_A,retain,1.0
1771,0,cluster_A,downweight,0.3499999940395355
1772,0,cluster_A,retain,1.0
1773,1,cluster_B,downweight,0.3499999940395355
1774,0,cluster_A,downweight,0.3499999940395355
1775,1,cluster_B,downweight,0.3499999940395355
1776,1,cluster_B,downweight,0.3499999940395355
1777,1,cluster_B,downweight,0.3499999940395355
1778,0,cluster_A,downweight,0.3499999940395355
1779,1,cluster_B,downweight,0.3499999940395355
1780,0,cluster_A,retain,1.0
1781,0,cluster_A,retain,1.0
1782,1,cluster_B,downweight,0.3499999940395355
1783,0,cluster_A,retain,1.0
1784,0,cluster_A,retain,1.0
1786,0,cluster_A,retain,1.0
1787,0,cluster_A,retain,1.0
1788,1,cluster_B,retain,1.0
1789,1,cluster_B,retain,1.0
1790,1,cluster_B,retain,1.0
1791,1,cluster_B,downweight,0.3499999940395355
1793,0,cluster_A,retain,1.0
1794,1,cluster_B,downweight,0.3499999940395355
1795,0,cluster_A,downweight,0.3499999940395355
1796,0,cluster_A,retain,1.0
1797,1,cluster_B,retain,1.0
1798,1,cluster_B,downweight,0.3499999940395355
1799,1,cluster_B,retain,1.0
1800,0,cluster_A,downweight,0.3499999940395355
1801,0,cluster_A,downweight,0.3499999940395355
1802,0,cluster_A,downweight,0.3499999940395355
1803,0,cluster_A,retain,1.0
1804,1,cluster_B,downweight,0.3499999940395355
1805,1,cluster_B,retain,1.0
1806,0,cluster_A,retain,1.0
1807,0,cluster_A,downweight,0.3499999940395355
1808,1,cluster_B,downweight,0.3499999940395355
1809,0,cluster_A,retain,1.0
1810,1,cluster_B,downweight,0.3499999940395355
1811,1,cluster_B,downweight,0.3499999940395355
1812,1,cluster_B,downweight,0.3499999940395355
1813,0,cluster_A,retain,1.0
1814,0,cluster_A,downweight,0.3499999940395355
1815,0,cluster_A,retain,1.0
1816,1,cluster_B,downweight,0.3499999940395355
1817,0,cluster_A,downweight,0.3499999940395355
1818,1,cluster_B,downweight,0.3499999940395355
1819,1,cluster_B,downweight,0.3499999940395355
1820,1,cluster_B,downweight,0.3499999940395355
1822,1,cluster_B,retain,1.0
1823,1,cluster_B,downweight,0.3499999940395355
1824,1,cluster_B,retain,1.0
1825,1,cluster_B,downweight,0.3499999940395355
1826,1,cluster_B,downweight,0.3499999940395355
1827,0,cluster_A,downweight,0.3499999940395355
1828,0,cluster_A,downweight,0.3499999940395355
1829,0,cluster_A,downweight,0.3499999940395355
1830,1,cluster_B,downweight,0.3499999940395355
1831,0,cluster_A,retain,1.0
1832,0,cluster_A,downweight,0.3499999940395355
1833,0,cluster_A,retain,1.0
1834,1,cluster_B,downweight,0.3499999940395355
1835,0,cluster_A,retain,1.0
1837,1,cluster_B,retain,1.0
1838,1,cluster_B,retain,1.0
1839,1,cluster_B,downweight,0.3499999940395355
1840,1,cluster_B,downweight,0.3499999940395355
1841,1,cluster_B,retain,1.0
1842,1,cluster_B,downweight,0.3499999940395355
1843,0,cluster_A,downweight,0.3499999940395355
1844,1,cluster_B,retain,1.0
1845,0,cluster_A,downweight,0.3499999940395355
1846,0,cluster_A,downweight,0.3499999940395355
1847,0,cluster_A,retain,1.0
1848,0,cluster_A,downweight,0.3499999940395355
1849,0,cluster_A,retain,1.0
1850,0,cluster_A,retain,1.0
1851,0,cluster_A,retain,1.0
1852,0,cluster_A,downweight,0.3499999940395355
1853,0,cluster_A,downweight,0.3499999940395355
1854,1,cluster_B,downweight,0.3499999940395355
1855,0,cluster_A,downweight,0.3499999940395355
1856,1,cluster_B,downweight,0.3499999940395355
1857,1,cluster_B,retain,1.0
1858,0,cluster_A,retain,1.0
1860,1,cluster_B,downweight,0.3499999940395355
1861,0,cluster_A,downweight,0.3499999940395355
1862,0,cluster_A,downweight,0.3499999940395355
1863,0,cluster_A,retain,1.0
1864,1,cluster_B,downweight,0.3499999940395355
1865,0,cluster_A,retain,1.0
1866,1,cluster_B,downweight,0.3499999940395355
1867,1,cluster_B,retain,1.0
1869,1,cluster_B,retain,1.0
1870,0,cluster_A,retain,1.0
1871,1,cluster_B,retain,1.0
1872,1,cluster_B,downweight,0.3499999940395355
1873,0,cluster_A,downweight,0.3499999940395355
1874,0,cluster_A,retain,1.0
1875,0,cluster_A,retain,1.0
1876,0,cluster_A,downweight,0.3499999940395355
1877,0,cluster_A,retain,1.0
1878,0,cluster_A,downweight,0.3499999940395355
1879,0,cluster_A,downweight,0.3499999940395355
1880,1,cluster_B,downweight,0.3499999940395355
1881,1,cluster_B,retain,1.0
1882,0,cluster_A,downweight,0.3499999940395355
1883,1,cluster_B,downweight,0.3499999940395355
1884,0,cluster_A,downweight,0.3499999940395355
1885,0,cluster_A,retain,1.0
1886,0,cluster_A,downweight,0.3499999940395355
1887,1,cluster_B,downweight,0.3499999940395355
1888,0,cluster_A,retain,1.0
1889,1,cluster_B,retain,1.0
1890,1,cluster_B,retain,1.0
1891,1,cluster_B,retain,1.0
1892,1,cluster_B,downweight,0.3499999940395355
1893,0,cluster_A,retain,1.0
1894,1,cluster_B,retain,1.0
1895,0,cluster_A,downweight,0.3499999940395355
1896,0,cluster_A,retain,1.0
1897,0,cluster_A,downweight,0.3499999940395355
1898,0,cluster_A,retain,1.0
1899,1,cluster_B,retain,1.0
1900,1,cluster_B,retain,1.0
1901,1,cluster_B,downweight,0.3499999940395355
1902,0,cluster_A,retain,1.0
1903,1,cluster_B,downweight,0.3499999940395355
1904,1,cluster_B,downweight,0.3499999940395355
1905,0,cluster_A,retain,1.0
1906,1,cluster_B,downweight,0.3499999940395355
1907,1,cluster_B,retain,1.0
1908,1,cluster_B,downweight,0.3499999940395355
1909,1,cluster_B,downweight,0.3499999940395355
1910,1,cluster_B,retain,1.0
1911,1,cluster_B,retain,1.0
1912,0,cluster_A,retain,1.0
1913,0,cluster_A,retain,1.0
1914,0,cluster_A,downweight,0.3499999940395355
1915,0,cluster_A,retain,1.0
1916,0,cluster_A,retain,1.0
1917,1,cluster_B,downweight,0.3499999940395355
1918,0,cluster_A,downweight,0.3499999940395355
1919,0,cluster_A,downweight,0.3499999940395355
1920,0,cluster_A,retain,1.0
1922,1,cluster_B,retain,1.0
1923,0,cluster_A,downweight,0.3499999940395355
1924,0,cluster_A,downweight,0.3499999940395355
1925,0,cluster_A,retain,1.0
1926,0,cluster_A,retain,1.0
1927,1,cluster_B,downweight,0.3499999940395355
1928,1,cluster_B,downweight,0.3499999940395355
1929,0,cluster_A,retain,1.0
1930,1,cluster_B,retain,1.0
1931,1,cluster_B,downweight,0.3499999940395355
1932,1,cluster_B,downweight,0.3499999940395355
1933,0,cluster_A,retain,1.0
1934,0,cluster_A,downweight,0.3499999940395355
1935,0,cluster_A,retain,1.0
1936,0,cluster_A,downweight,0.3499999940395355
1937,0,cluster_A,retain,1.0
1938,1,cluster_B,downweight,0.3499999940395355
1939,1,cluster_B,retain,1.0
1940,1,cluster_B,retain,1.0
1941,1,cluster_B,downweight,0.3499999940395355
1942,0,cluster_A,retain,1.0
1943,1,cluster_B,downweight,0.3499999940395355
1944,1,cluster_B,downweight,0.3499999940395355
1945,0,cluster_A,downweight,0.3499999940395355
1946,0,cluster_A,downweight,0.3499999940395355
1947,0,cluster_A,retain,1.0
1948,0,cluster_A,downweight,0.3499999940395355
1949,0,cluster_A,downweight,0.3499999940395355
1950,1,cluster_B,retain,1.0
1951,0,cluster_A,retain,1.0
1952,1,cluster_B,downweight,0.3499999940395355
1953,1,cluster_B,downweight,0.3499999940395355
1954,0,cluster_A,downweight,0.3499999940395355
1955,0,cluster_A,retain,1.0
1956,1,cluster_B,downweight,0.3499999940395355
1957,1,cluster_B,downweight,0.3499999940395355
1958,0,cluster_A,retain,1.0
1959,1,cluster_B,retain,1.0
1960,1,cluster_B,retain,1.0
1961,0,cluster_A,downweight,0.3499999940395355
1962,1,cluster_B,downweight,0.3499999940395355
1963,1,cluster_B,downweight,0.3499999940395355
1964,0,cluster_A,retain,1.0
1965,0,cluster_A,retain,1.0
1966,1,cluster_B,downweight,0.3499999940395355
1967,1,cluster_B,retain,1.0
1968,0,cluster_A,downweight,0.3499999940395355
1969,1,cluster_B,downweight,0.3499999940395355
1970,1,cluster_B,retain,1.0
1971,1,cluster_B,downweight,0.3499999940395355
1972,1,cluster_B,downweight,0.3499999940395355
1973,0,cluster_A,retain,1.0
1974,1,cluster_B,downweight,0.3499999940395355
1975,0,cluster_A,retain,1.0
1976,0,cluster_A,downweight,0.3499999940395355
1977,0,cluster_A,retain,1.0
1978,0,cluster_A,retain,1.0
1979,1,cluster_B,downweight,0.3499999940395355
1980,1,cluster_B,downweight,0.3499999940395355
1981,1,cluster_B,downweight,0.3499999940395355
1982,0,cluster_A,downweight,0.3499999940395355
1983,1,cluster_B,retain,1.0
1984,1,cluster_B,downweight,0.3499999940395355
1985,1,cluster_B,downweight,0.3499999940395355
1986,0,cluster_A,retain,1.0
1987,1,cluster_B,retain,1.0
1988,0,cluster_A,retain,1.0
1989,1,cluster_B,retain,1.0
1990,1,cluster_B,downweight,0.3499999940395355
1991,0,cluster_A,downweight,0.3499999940395355
1992,0,cluster_A,downweight,0.3499999940395355
1993,1,cluster_B,retain,1.0
1994,0,cluster_A,retain,1.0
1995,1,cluster_B,downweight,0.3499999940395355
1996,1,cluster_B,downweight,0.3499999940395355
1997,1,cluster_B,downweight,0.3499999940395355
1998,0,cluster_A,downweight,0.3499999940395355
1999,0,cluster_A,retain,1.0
2000,0,cluster_A,retain,1.0
2001,1,cluster_B,retain,1.0
2002,0,cluster_A,retain,1.0
2003,1,cluster_B,downweight,0.3499999940395355
2004,0,cluster_A,retain,1.0
2005,0,cluster_A,retain,1.0
2006,0,cluster_A,downweight,0.3499999940395355
2007,1,cluster_B,retain,1.0
2008,0,cluster_A,retain,1.0
2009,0,cluster_A,retain,1.0
2010,1,cluster_B,retain,1.0
2011,1,cluster_B,retain,1.0
2012,0,cluster_A,downweight,0.3499999940395355
2013,1,cluster_B,retain,1.0
2014,0,cluster_A,downweight,0.3499999940395355
2015,1,cluster_B,retain,1.0
2016,0,cluster_A,downweight,0.3499999940395355
2017,0,cluster_A,downweight,0.3499999940395355
2018,0,cluster_A,downweight,0.3499999940395355
2019,1,cluster_B,retain,1.0
2020,1,cluster_B,retain,1.0
2021,1,cluster_B,retain,1.0
2022,0,cluster_A,downweight,0.3499999940395355
2023,0,cluster_A,retain,1.0
2024,0,cluster_A,retain,1.0
2025,0,cluster_A,downweight,0.3499999940395355
2026,1,cluster_B,downweight,0.3499999940395355
2027,1,cluster_B,retain,1.0
2028,1,cluster_B,retain,1.0
2029,0,cluster_A,retain,1.0
2030,1,cluster_B,downweight,0.3499999940395355
2031,1,cluster_B,retain,1.0
2032,0,cluster_A,downweight,0.3499999940395355
2033,0,cluster_A,downweight,0.3499999940395355
2034,1,cluster_B,downweight,0.3499999940395355
2035,0,cluster_A,retain,1.0
2036,1,cluster_B,downweight,0.3499999940395355
2037,1,cluster_B,downweight,0.3499999940395355
2038,0,cluster_A,downweight,0.3499999940395355
2039,1,cluster_B,retain,1.0
2040,1,cluster_B,retain,1.0
2041,1,cluster_B,retain,1.0
2042,1,cluster_B,retain,1.0
2043,0,cluster_A,retain,1.0
2044,0,cluster_A,downweight,0.3499999940395355
2045,0,cluster_A,retain,1.0
2046,0,cluster_A,retain,1.0
2047,1,cluster_B,retain,1.0
2048,1,cluster_B,retain,1.0
2049,1,cluster_B,downweight,0.3499999940395355
2050,0,cluster_A,downweight,0.3499999940395355
2052,0,cluster_A,downweight,0.3499999940395355
2053,1,cluster_B,downweight,0.3499999940395355
2054,0,cluster_A,retain,1.0
2055,0,cluster_A,downweight,0.3499999940395355
2056,1,cluster_B,downweight,0.3499999940395355
2057,0,cluster_A,retain,1.0
2058,1,cluster_B,downweight,0.3499999940395355
2059,1,cluster_B,retain,1.0
2060,0,cluster_A,retain,1.0
2061,0,cluster_A,retain,1.0
2062,1,cluster_B,downweight,0.3499999940395355
2063,1,cluster_B,downweight,0.3499999940395355
2064,1,cluster_B,retain,1.0
2065,0,cluster_A,downweight,0.3499999940395355
2066,1,cluster_B,downweight,0.3499999940395355
2067,0,cluster_A,retain,1.0
2068,0,cluster_A,retain,1.0
2069,1,cluster_B,downweight,0.3499999940395355
2070,1,cluster_B,downweight,0.3499999940395355
2071,0,cluster_A,retain,1.0
2072,0,cluster_A,downweight,0.3499999940395355
2073,0,cluster_A,retain,1.0
2074,0,cluster_A,downweight,0.3499999940395355
2075,0,cluster_A,downweight,0.3499999940395355
2076,1,cluster_B,downweight,0.3499999940395355
2077,1,cluster_B,retain,1.0
2078,1,cluster_B,downweight,0.3499999940395355
2079,0,cluster_A,retain,1.0
2080,0,cluster_A,retain,1.0
2081,0,cluster_A,retain,1.0
2082,0,cluster_A,retain,1.0
2083,1,cluster_B,retain,1.0
2084,1,cluster_B,retain,1.0
2085,1,cluster_B,retain,1.0
2086,0,cluster_A,retain,1.0
2087,1,cluster_B,downweight,0.3499999940395355
2088,1,cluster_B,downweight,0.3499999940395355
2089,1,cluster_B,downweight,0.3499999940395355
2090,1,cluster_B,retain,1.0
2091,1,cluster_B,downweight,0.3499999940395355
2092,1,cluster_B,downweight,0.3499999940395355
2093,0,cluster_A,retain,1.0
2094,1,cluster_B,downweight,0.3499999940395355
2095,1,cluster_B,downweight,0.3499999940395355
2096,0,cluster_A,downweight,0.3499999940395355
2097,1,cluster_B,downweight,0.3499999940395355
2098,0,cluster_A,retain,1.0
2099,1,cluster_B,retain,1.0
2100,1,cluster_B,downweight,0.3499999940395355
2101,0,cluster_A,downweight,0.3499999940395355
2102,1,cluster_B,retain,1.0
2103,1,cluster_B,retain,1.0
2104,1,cluster_B,downweight,0.3499999940395355
2105,0,cluster_A,downweight,0.3499999940395355
2106,0,cluster_A,downweight,0.3499999940395355
2107,1,cluster_B,downweight,0.3499999940395355
2108,1,cluster_B,retain,1.0
2109,1,cluster_B,retain,1.0
2110,1,cluster_B,retain,1.0
2111,0,cluster_A,retain,1.0
2112,0,cluster_A,retain,1.0
2113,0,cluster_A,retain,1.0
2114,1,cluster_B,downweight,0.3499999940395355
2115,0,cluster_A,downweight,0.3499999940395355
2116,0,cluster_A,downweight,0.3499999940395355
2117,1,cluster_B,retain,1.0
2118,1,cluster_B,retain,1.0
2119,0,cluster_A,downweight,0.3499999940395355
2120,0,cluster_A,retain,1.0
2121,1,cluster_B,retain,1.0
2122,0,cluster_A,downweight,0.3499999940395355
2124,0,cluster_A,retain,1.0
2125,0,cluster_A,retain,1.0
2126,1,cluster_B,downweight,0.3499999940395355
2127,0,cluster_A,downweight,0.3499999940395355
2128,0,cluster_A,downweight,0.3499999940395355
2129,1,cluster_B,downweight,0.3499999940395355
2130,0,cluster_A,downweight,0.3499999940395355
2131,0,cluster_A,retain,1.0
2132,0,cluster_A,retain,1.0
2133,0,cluster_A,retain,1.0
2134,0,cluster_A,retain,1.0
2135,0,cluster_A,retain,1.0
2136,0,cluster_A,downweight,0.3499999940395355
2137,0,cluster_A,retain,1.0
2138,0,cluster_A,retain,1.0
2139,1,cluster_B,downweight,0.3499999940395355
2140,1,cluster_B,retain,1.0
2141,1,cluster_B,retain,1.0
2142,0,cluster_A,downweight,0.3499999940395355
2143,0,cluster_A,retain,1.0
2144,1,cluster_B,retain,1.0
2145,0,cluster_A,retain,1.0
2146,0,cluster_A,retain,1.0
2147,1,cluster_B,downweight,0.3499999940395355
2148,0,cluster_A,retain,1.0
2149,0,cluster_A,retain,1.0
2150,1,cluster_B,downweight,0.3499999940395355
2151,0,cluster_A,retain,1.0
2152,1,cluster_B,downweight,0.3499999940395355
2153,1,cluster_B,retain,1.0
2154,1,cluster_B,downweight,0.3499999940395355
2155,1,cluster_B,retain,1.0
2156,0,cluster_A,retain,1.0
2157,0,cluster_A,downweight,0.3499999940395355
2158,1,cluster_B,retain,1.0
2159,1,cluster_B,downweight,0.3499999940395355
2160,1,cluster_B,downweight,0.3499999940395355
2161,1,cluster_B,retain,1.0
2162,0,cluster_A,downweight,0.3499999940395355
2163,1,cluster_B,retain,1.0
2164,0,cluster_A,retain,1.0
2165,0,cluster_A,downweight,0.3499999940395355
2166,1,cluster_B,downweight,0.3499999940395355
2167,1,cluster_B,downweight,0.3499999940395355
2168,0,cluster_A,retain,1.0
2169,1,cluster_B,retain,1.0
2170,1,cluster_B,retain,1.0
2171,0,cluster_A,downweight,0.3499999940395355
2172,0,cluster_A,downweight,0.3499999940395355
2173,0,cluster_A,downweight,0.3499999940395355
2174,1,cluster_B,downweight,0.3499999940395355
2175,1,cluster_B,downweight,0.3499999940395355
2176,0,cluster_A,downweight,0.3499999940395355
2177,0,cluster_A,downweight,0.3499999940395355
2178,1,cluster_B,downweight,0.3499999940395355
2179,1,cluster_B,retain,1.0
2180,0,cluster_A,retain,1.0
2181,1,cluster_B,retain,1.0
2182,0,cluster_A,retain,1.0
2183,0,cluster_A,downweight,0.3499999940395355
2184,0,cluster_A,downweight,0.3499999940395355
2185,1,cluster_B,retain,1.0
2186,0,cluster_A,retain,1.0
2187,0,cluster_A,retain,1.0
2188,0,cluster_A,downweight,0.3499999940395355
2189,1,cluster_B,retain,1.0
2190,0,cluster_A,retain,1.0
2191,1,cluster_B,retain,1.0
2192,1,cluster_B,downweight,0.3499999940395355
2193,0,cluster_A,downweight,0.3499999940395355
2194,1,cluster_B,downweight,0.3499999940395355
2195,1,cluster_B,downweight,0.3499999940395355
2196,1,cluster_B,downweight,0.3499999940395355
2197,1,cluster_B,retain,1.0
2198,1,cluster_B,retain,1.0
2199,0,cluster_A,downweight,0.3499999940395355
2200,0,cluster_A,downweight,0.3499999940395355
2201,1,cluster_B,downweight,0.3499999940395355
2202,1,cluster_B,retain,1.0
2203,0,cluster_A,retain,1.0
2204,0,cluster_A,retain,1.0
2205,1,cluster_B,retain,1.0
2206,0,cluster_A,retain,1.0
2207,0,cluster_A,retain,1.0
2208,0,cluster_A,retain,1.0
2209,1,cluster_B,retain,1.0
2210,0,cluster_A,retain,1.0
2211,1,cluster_B,retain,1.0
2212,0,cluster_A,downweight,0.3499999940395355
2213,1,cluster_B,downweight,0.3499999940395355
2214,0,cluster_A,retain,1.0
2215,0,cluster_A,retain,1.0
2216,0,cluster_A,retain,1.0
2217,0,cluster_A,downweight,0.3499999940395355
2218,0,cluster_A,downweight,0.3499999940395355
2219,1,cluster_B,downweight,0.3499999940395355
2220,1,cluster_B,downweight,0.3499999940395355
2221,0,cluster_A,retain,1.0
2222,1,cluster_B,downweight,0.3499999940395355
2223,0,cluster_A,retain,1.0
2224,1,cluster_B,downweight,0.3499999940395355
2225,0,cluster_A,downweight,0.3499999940395355
2226,1,cluster_B,retain,1.0
2227,0,cluster_A,downweight,0.3499999940395355
2228,0,cluster_A,downweight,0.3499999940395355
2229,1,cluster_B,downweight,0.3499999940395355
2230,1,cluster_B,downweight,0.3499999940395355
2231,1,cluster_B,downweight,0.3499999940395355
2232,0,cluster_A,retain,1.0
2233,1,cluster_B,downweight,0.3499999940395355
2234,0,cluster_A,downweight,0.3499999940395355
2235,0,cluster_A,retain,1.0
2236,1,cluster_B,retain,1.0
2237,0,cluster_A,downweight,0.3499999940395355
2238,1,cluster_B,retain,1.0
2239,1,cluster_B,retain,1.0
2240,0,cluster_A,retain,1.0
2241,0,cluster_A,retain,1.0
2242,1,cluster_B,downweight,0.3499999940395355
2243,1,cluster_B,retain,1.0
2244,1,cluster_B,downweight,0.3499999940395355
2245,0,cluster_A,retain,1.0
2246,0,cluster_A,retain,1.0
2247,1,cluster_B,downweight,0.3499999940395355
2248,1,cluster_B,downweight,0.3499999940395355
2249,0,cluster_A,retain,1.0
2250,1,cluster_B,retain,1.0
2251,1,cluster_B,retain,1.0
2252,1,cluster_B,downweight,0.3499999940395355
2253,0,cluster_A,downweight,0.3499999940395355
2254,0,cluster_A,retain,1.0
2256,0,cluster_A,downweight,0.3499999940395355
2257,1,cluster_B,retain,1.0
2258,0,cluster_A,retain,1.0
2259,1,cluster_B,downweight,0.3499999940395355
2260,1,cluster_B,retain,1.0
2261,0,cluster_A,retain,1.0
2262,1,cluster_B,downweight,0.3499999940395355
2263,0,cluster_A,downweight,0.3499999940395355
2264,0,cluster_A,retain,1.0
2265,0,cluster_A,downweight,0.3499999940395355
2266,0,cluster_A,retain,1.0
2267,1,cluster_B,retain,1.0
2268,0,cluster_A,retain,1.0
2269,1,cluster_B,downweight,0.3499999940395355
2270,0,cluster_A,retain,1.0
2271,1,cluster_B,downweight,0.3499999940395355
2272,0,cluster_A,downweight,0.3499999940395355
2273,1,cluster_B,downweight,0.3499999940395355
2274,1,cluster_B,downweight,0.3499999940395355
2275,0,cluster_A,downweight,0.3499999940395355
2276,0,cluster_A,downweight,0.3499999940395355
2277,0,cluster_A,retain,1.0
2278,1,cluster_B,downweight,0.3499999940395355
2279,0,cluster_A,retain,1.0
2280,0,cluster_A,retain,1.0
2281,0,cluster_A,retain,1.0
2282,1,cluster_B,retain,1.0
2283,0,cluster_A,retain,1.0
2284,0,cluster_A,downweight,0.3499999940395355
2285,0,cluster_A,retain,1.0
2286,1,cluster_B,downweight,0.3499999940395355
2287,1,cluster_B,retain,1.0
2288,1,cluster_B,retain,1.0
2289,0,cluster_A,retain,1.0
2290,0,cluster_A,downweight,0.3499999940395355
2291,1,cluster_B,downweight,0.3499999940395355
2292,0,cluster_A,downweight,0.3499999940395355
2293,1,cluster_B,retain,1.0
2294,0,cluster_A,retain,1.0
2295,0,cluster_A,downweight,0.3499999940395355
2296,1,cluster_B,downweight,0.3499999940395355
2297,1,cluster_B,retain,1.0
2298,0,cluster_A,retain,1.0
2299,1,cluster_B,downweight,0.3499999940395355
2300,0,cluster_A,downweight,0.3499999940395355
2301,0,cluster_A,downweight,0.3499999940395355
2302,1,cluster_B,retain,1.0
2303,1,cluster_B,retain,1.0
2304,0,cluster_A,retain,1.0
2305,0,cluster_A,retain,1.0
2306,0,cluster_A,downweight,0.3499999940395355
2307,1,cluster_B,retain,1.0
2308,1,cluster_B,retain,1.0
2309,1,cluster_B,downweight,0.3499999940395355
2310,1,cluster_B,downweight,0.3499999940395355
2311,0,cluster_A,downweight,0.3499999940395355
2312,1,cluster_B,downweight,0.3499999940395355
2313,1,cluster_B,retain,1.0
2314,0,cluster_A,downweight,0.3499999940395355
2315,1,cluster_B,downweight,0.3499999940395355
2316,1,cluster_B,downweight,0.3499999940395355
2317,1,cluster_B,retain,1.0
2318,0,cluster_A,downweight,0.3499999940395355
2319,0,cluster_A,retain,1.0
2320,0,cluster_A,downweight,0.3499999940395355
2321,1,cluster_B,downweight,0.3499999940395355
2322,1,cluster_B,downweight,0.3499999940395355
2323,1,cluster_B,retain,1.0
2324,1,cluster_B,retain,1.0
2325,1,cluster_B,downweight,0.3499999940395355
2326,0,cluster_A,retain,1.0
2327,0,cluster_A,downweight,0.3499999940395355
2328,0,cluster_A,downweight,0.3499999940395355
2329,1,cluster_B,retain,1.0
2330,0,cluster_A,downweight,0.3499999940395355
2331,0,cluster_A,downweight,0.3499999940395355
2332,0,cluster_A,downweight,0.3499999940395355
2333,1,cluster_B,retain,1.0
2334,0,cluster_A,retain,1.0
2335,0,cluster_A,downweight,0.3499999940395355
2336,0,cluster_A,downweight,0.3499999940395355
2337,0,cluster_A,retain,1.0
2338,0,cluster_A,retain,1.0
2339,1,cluster_B,retain,1.0
2340,0,cluster_A,retain,1.0
2341,0,cluster_A,retain,1.0
2342,0,cluster_A,retain,1.0
2343,0,cluster_A,downweight,0.3499999940395355
2344,1,cluster_B,retain,1.0
2345,1,cluster_B,downweight,0.3499999940395355
2346,0,cluster_A,downweight,0.3499999940395355
2347,1,cluster_B,retain,1.0
2348,0,cluster_A,retain,1.0
2349,1,cluster_B,downweight,0.3499999940395355
2350,0,cluster_A,downweight,0.3499999940395355
2351,1,cluster_B,retain,1.0
2352,0,cluster_A,downweight,0.3499999940395355
2353,0,cluster_A,retain,1.0
2354,1,cluster_B,retain,1.0
2355,0,cluster_A,retain,1.0
2356,0,cluster_A,downweight,0.3499999940395355
2357,1,cluster_B,retain,1.0
2358,0,cluster_A,retain,1.0
2359,0,cluster_A,retain,1.0
2360,1,cluster_B,retain,1.0
2361,1,cluster_B,downweight,0.3499999940395355
2362,1,cluster_B,downweight,0.3499999940395355
2363,1,cluster_B,downweight,0.3499999940395355
2364,0,cluster_A,downweight,0.3499999940395355
2365,0,cluster_A,retain,1.0
2366,1,cluster_B,retain,1.0
2367,0,cluster_A,downweight,0.3499999940395355
2368,0,cluster_A,retain,1.0
2369,1,cluster_B,retain,1.0
2370,1,cluster_B,downweight,0.3499999940395355
2371,1,cluster_B,downweight,0.3499999940395355
2372,0,cluster_A,downweight,0.3499999940395355
2373,0,cluster_A,retain,1.0
2374,0,cluster_A,downweight,0.3499999940395355
2375,0,cluster_A,downweight,0.3499999940395355
2376,0,cluster_A,downweight,0.3499999940395355
2377,0,cluster_A,downweight,0.3499999940395355
2378,1,cluster_B,retain,1.0
2379,1,cluster_B,downweight,0.3499999940395355
2380,0,cluster_A,downweight,0.3499999940395355
2382,1,cluster_B,retain,1.0
2383,0,cluster_A,downweight,0.3499999940395355
2384,0,cluster_A,retain,1.0
2385,1,cluster_B,retain,1.0
2387,1,cluster_B,retain,1.0
2389,1,cluster_B,retain,1.0
2390,1,cluster_B,downweight,0.3499999940395355
2391,0,cluster_A,retain,1.0
2392,0,cluster_A,retain,1.0
2393,1,cluster_B,retain,1.0
2394,1,cluster_B,retain,1.0
2395,1,cluster_B,retain,1.0
2396,1,cluster_B,retain,1.0
2397,1,cluster_B,downweight,0.3499999940395355
2398,1,cluster_B,downweight,0.3499999940395355
2399,1,cluster_B,downweight,0.3499999940395355
2400,1,cluster_B,retain,1.0
2401,1,cluster_B,downweight,0.3499999940395355
2402,1,cluster_B,downweight,0.3499999940395355
2403,1,cluster_B,retain,1.0
2404,1,cluster_B,downweight,0.3499999940395355
2405,0,cluster_A,downweight,0.3499999940395355
2406,0,cluster_A,downweight,0.3499999940395355
2407,0,cluster_A,downweight,0.3499999940395355
2408,0,cluster_A,retain,1.0
2409,1,cluster_B,downweight,0.3499999940395355
2410,1,cluster_B,downweight,0.3499999940395355
2411,1,cluster_B,retain,1.0
2412,0,cluster_A,downweight,0.3499999940395355
2413,0,cluster_A,retain,1.0
2414,1,cluster_B,retain,1.0
2415,0,cluster_A,downweight,0.3499999940395355
2416,1,cluster_B,downweight,0.3499999940395355
2417,1,cluster_B,downweight,0.3499999940395355
2418,1,cluster_B,retain,1.0
2419,1,cluster_B,retain,1.0
2420,0,cluster_A,retain,1.0
2421,0,cluster_A,downweight,0.3499999940395355
2422,1,cluster_B,retain,1.0
2423,0,cluster_A,retain,1.0
2424,0,cluster_A,retain,1.0
2425,0,cluster_A,retain,1.0
2426,1,cluster_B,downweight,0.3499999940395355
2427,1,cluster_B,retain,1.0
2428,1,cluster_B,retain,1.0
2429,1,cluster_B,downweight,0.3499999940395355
2430,0,cluster_A,retain,1.0
2431,1,cluster_B,downweight,0.3499999940395355
2432,1,cluster_B,downweight,0.3499999940395355
2433,0,cluster_A,downweight,0.3499999940395355
2434,1,cluster_B,retain,1.0
2435,1,cluster_B,downweight,0.3499999940395355
2436,0,cluster_A,downweight,0.3499999940395355
2437,0,cluster_A,retain,1.0
2438,1,cluster_B,retain,1.0
2439,0,cluster_A,downweight,0.3499999940395355
2440,0,cluster_A,downweight,0.3499999940395355
2441,1,cluster_B,downweight,0.3499999940395355
2442,0,cluster_A,downweight,0.3499999940395355
2443,0,cluster_A,downweight,0.3499999940395355
2444,0,cluster_A,downweight,0.3499999940395355
2446,0,cluster_A,downweight,0.3499999940395355
2447,1,cluster_B,downweight,0.3499999940395355
2449,0,cluster_A,downweight,0.3499999940395355
2450,0,cluster_A,downweight,0.3499999940395355
2451,0,cluster_A,downweight,0.3499999940395355
2452,1,cluster_B,downweight,0.3499999940395355
2453,1,cluster_B,downweight,0.3499999940395355
2454,0,cluster_A,retain,1.0
2455,1,cluster_B,retain,1.0
2456,1,cluster_B,downweight,0.3499999940395355
2457,0,cluster_A,downweight,0.3499999940395355
2458,0,cluster_A,retain,1.0
2459,1,cluster_B,retain,1.0
2460,1,cluster_B,retain,1.0
2461,1,cluster_B,downweight,0.3499999940395355
2462,1,cluster_B,retain,1.0
2463,1,cluster_B,retain,1.0
2464,0,cluster_A,downweight,0.3499999940395355
2465,0,cluster_A,downweight,0.3499999940395355
2466,1,cluster_B,downweight,0.3499999940395355
2467,1,cluster_B,downweight,0.3499999940395355
2468,0,cluster_A,downweight,0.3499999940395355
2469,1,cluster_B,downweight,0.3499999940395355
2470,0,cluster_A,downweight,0.3499999940395355
2471,1,cluster_B,downweight,0.3499999940395355
2472,0,cluster_A,downweight,0.3499999940395355
2474,0,cluster_A,retain,1.0
2475,0,cluster_A,retain,1.0
2476,0,cluster_A,downweight,0.3499999940395355
2477,1,cluster_B,downweight,0.3499999940395355
2478,0,cluster_A,downweight,0.3499999940395355
2479,0,cluster_A,retain,1.0
2480,1,cluster_B,retain,1.0
2481,0,cluster_A,downweight,0.3499999940395355
2482,1,cluster_B,retain,1.0
2484,1,cluster_B,retain,1.0
2485,1,cluster_B,downweight,0.3499999940395355
2486,0,cluster_A,downweight,0.3499999940395355
2487,1,cluster_B,downweight,0.3499999940395355
2488,1,cluster_B,downweight,0.3499999940395355
2489,1,cluster_B,retain,1.0
2490,0,cluster_A,downweight,0.3499999940395355
2491,0,cluster_A,downweight,0.3499999940395355
2492,0,cluster_A,downweight,0.3499999940395355
2493,0,cluster_A,retain,1.0
2494,1,cluster_B,downweight,0.3499999940395355
2495,0,cluster_A,retain,1.0
2496,0,cluster_A,retain,1.0
2497,0,cluster_A,downweight,0.3499999940395355
2498,0,cluster_A,retain,1.0
2499,0,cluster_A,downweight,0.3499999940395355
2500,0,cluster_A,retain,1.0
2501,0,cluster_A,downweight,0.3499999940395355
2502,1,cluster_B,downweight,0.3499999940395355
2503,0,cluster_A,retain,1.0
2504,0,cluster_A,retain,1.0
2505,1,cluster_B,downweight,0.3499999940395355
2506,0,cluster_A,downweight,0.3499999940395355
2507,1,cluster_B,downweight,0.3499999940395355
2508,0,cluster_A,retain,1.0
2509,1,cluster_B,retain,1.0
2510,0,cluster_A,downweight,0.3499999940395355
2511,0,cluster_A,downweight,0.3499999940395355
2512,0,cluster_A,retain,1.0
2513,1,cluster_B,downweight,0.3499999940395355
2514,1,cluster_B,retain,1.0
2515,0,cluster_A,retain,1.0
2516,1,cluster_B,downweight,0.3499999940395355
2517,1,cluster_B,downweight,0.3499999940395355
2518,1,cluster_B,downweight,0.3499999940395355
2519,0,cluster_A,retain,1.0
2520,0,cluster_A,retain,1.0
2521,0,cluster_A,downweight,0.3499999940395355
2522,0,cluster_A,retain,1.0
2523,1,cluster_B,downweight,0.3499999940395355
2524,0,cluster_A,downweight,0.3499999940395355
2525,0,cluster_A,downweight,0.3499999940395355
2526,1,cluster_B,downweight,0.3499999940395355
2527,0,cluster_A,downweight,0.3499999940395355
2528,0,cluster_A,retain,1.0
2529,1,cluster_B,retain,1.0
2530,1,cluster_B,retain,1.0
2531,1,cluster_B,downweight,0.3499999940395355
2532,1,cluster_B,downweight,0.3499999940395355
2533,0,cluster_A,downweight,0.3499999940395355
2534,0,cluster_A,downweight,0.3499999940395355
2535,0,cluster_A,retain,1.0
2536,0,cluster_A,downweight,0.3499999940395355
2537,0,cluster_A,retain,1.0
2538,1,cluster_B,retain,1.0
2539,0,cluster_A,retain,1.0
2540,0,cluster_A,retain,1.0
2541,1,cluster_B,retain,1.0
2542,1,cluster_B,downweight,0.3499999940395355
2543,1,cluster_B,downweight,0.3499999940395355
2544,0,cluster_A,downweight,0.3499999940395355
2545,0,cluster_A,retain,1.0
2546,1,cluster_B,downweight,0.3499999940395355
2547,0,cluster_A,retain,1.0
2548,1,cluster_B,retain,1.0
2549,0,cluster_A,retain,1.0
2550,0,cluster_A,downweight,0.3499999940395355
2552,1,cluster_B,downweight,0.3499999940395355
2553,0,cluster_A,downweight,0.3499999940395355
2554,0,cluster_A,downweight,0.3499999940395355
2555,1,cluster_B,retain,1.0
2556,0,cluster_A,retain,1.0
2557,1,cluster_B,retain,1.0
2558,1,cluster_B,retain,1.0
2559,1,cluster_B,retain,1.0
2560,0,cluster_A,downweight,0.3499999940395355
2561,1,cluster_B,downweight,0.3499999940395355
2562,0,cluster_A,downweight,0.3499999940395355
2563,1,cluster_B,downweight,0.3499999940395355
2564,0,cluster_A,retain,1.0
2565,0,cluster_A,downweight,0.3499999940395355
2566,1,cluster_B,downweight,0.3499999940395355
2567,0,cluster_A,downweight,0.3499999940395355
2568,1,cluster_B,downweight,0.3499999940395355
2569,0,cluster_A,downweight,0.3499999940395355
2570,1,cluster_B,downweight,0.3499999940395355
2571,0,cluster_A,retain,1.0
2572,0,cluster_A,retain,1.0
2573,0,cluster_A,retain,1.0
2574,1,cluster_B,downweight,0.3499999940395355
2575,0,cluster_A,downweight,0.3499999940395355
2576,1,cluster_B,retain,1.0
2577,0,cluster_A,downweight,0.3499999940395355
2578,1,cluster_B,retain,1.0
2579,1,cluster_B,downweight,0.3499999940395355
2580,0,cluster_A,retain,1.0
2581,0,cluster_A,downweight,0.3499999940395355
2582,1,cluster_B,downweight,0.3499999940395355
2583,1,cluster_B,retain,1.0
2584,0,cluster_A,retain,1.0
2585,1,cluster_B,retain,1.0
2586,1,cluster_B,retain,1.0
2587,0,cluster_A,retain,1.0
2588,0,cluster_A,retain,1.0
2589,1,cluster_B,downweight,0.3499999940395355
2590,1,cluster_B,downweight,0.3499999940395355
2591,0,cluster_A,retain,1.0
2592,1,cluster_B,retain,1.0
2593,1,cluster_B,retain,1.0
2594,1,cluster_B,retain,1.0
2595,0,cluster_A,retain,1.0
2596,1,cluster_B,downweight,0.3499999940395355
2597,1,cluster_B,downweight,0.3499999940395355
2598,1,cluster_B,downweight,0.3499999940395355
2599,1,cluster_B,downweight,0.3499999940395355
2601,0,cluster_A,retain,1.0
2602,1,cluster_B,retain,1.0
2603,0,cluster_A,retain,1.0
2604,0,cluster_A,downweight,0.3499999940395355
2605,0,cluster_A,downweight,0.3499999940395355
2606,1,cluster_B,retain,1.0
2607,0,cluster_A,retain,1.0
2608,0,cluster_A,downweight,0.3499999940395355
2609,1,cluster_B,retain,1.0
2610,0,cluster_A,downweight,0.3499999940395355
2611,0,cluster_A,retain,1.0
2612,1,cluster_B,downweight,0.3499999940395355
2613,0,cluster_A,retain,1.0
2614,1,cluster_B,downweight,0.3499999940395355
2615,1,cluster_B,downweight,0.3499999940395355
2616,0,cluster_A,downweight,0.3499999940395355
2617,0,cluster_A,retain,1.0
2618,1,cluster_B,retain,1.0
2619,1,cluster_B,downweight,0.3499999940395355
2620,0,cluster_A,downweight,0.3499999940395355
2621,0,cluster_A,retain,1.0
2622,0,cluster_A,downweight,0.3499999940395355
2623,0,cluster_A,retain,1.0
2624,0,cluster_A,downweight,0.3499999940395355
2625,1,cluster_B,downweight,0.3499999940395355
2626,1,cluster_B,retain,1.0
2627,0,cluster_A,downweight,0.3499999940395355
2628,0,cluster_A,downweight,0.3499999940395355
2629,1,cluster_B,retain,1.0
2630,1,cluster_B,retain,1.0
2631,0,cluster_A,downweight,0.3499999940395355
2632,1,cluster_B,downweight,0.3499999940395355
2633,0,cluster_A,downweight,0.3499999940395355
2634,1,cluster_B,downweight,0.3499999940395355
2635,1,cluster_B,downweight,0.3499999940395355
2636,0,cluster_A,retain,1.0
2637,1,cluster_B,downweight,0.3499999940395355
2638,1,cluster_B,retain,1.0
2639,0,cluster_A,downweight,0.3499999940395355
2640,1,cluster_B,downweight,0.3499999940395355
2641,0,cluster_A,downweight,0.3499999940395355
2642,0,cluster_A,retain,1.0
2643,1,cluster_B,retain,1.0
2644,1,cluster_B,downweight,0.3499999940395355
2645,1,cluster_B,retain,1.0
2646,0,cluster_A,downweight,0.3499999940395355
2647,1,cluster_B,retain,1.0
2648,1,cluster_B,retain,1.0
2649,0,cluster_A,retain,1.0
2650,0,cluster_A,retain,1.0
2651,1,cluster_B,retain,1.0
2652,1,cluster_B,downweight,0.3499999940395355
2653,1,cluster_B,downweight,0.3499999940395355
2654,0,cluster_A,retain,1.0
2655,0,cluster_A,retain,1.0
2656,0,cluster_A,downweight,0.3499999940395355
2657,1,cluster_B,retain,1.0
2658,0,cluster_A,downweight,0.3499999940395355
2659,0,cluster_A,retain,1.0
2660,1,cluster_B,retain,1.0
2661,1,cluster_B,retain,1.0
2662,1,cluster_B,downweight,0.3499999940395355
2663,0,cluster_A,retain,1.0
2664,1,cluster_B,retain,1.0
2665,0,cluster_A,retain,1.0
2666,0,cluster_A,downweight,0.3499999940395355
2667,1,cluster_B,retain,1.0
2668,1,cluster_B,retain,1.0
2669,1,cluster_B,downweight,0.3499999940395355
2670,1,cluster_B,retain,1.0
2671,1,cluster_B,downweight,0.3499999940395355
2672,0,cluster_A,downweight,0.3499999940395355
2673,1,cluster_B,retain,1.0
2674,0,cluster_A,downweight,0.3499999940395355
2675,1,cluster_B,retain,1.0
2676,0,cluster_A,downweight,0.3499999940395355
2677,0,cluster_A,retain,1.0
2678,0,cluster_A,retain,1.0
2679,1,cluster_B,retain,1.0
2680,0,cluster_A,downweight,0.3499999940395355
2681,0,cluster_A,downweight,0.3499999940395355
2682,1,cluster_B,retain,1.0
2683,1,cluster_B,retain,1.0
2684,1,cluster_B,retain,1.0
2685,1,cluster_B,downweight,0.3499999940395355
2686,0,cluster_A,retain,1.0
2687,0,cluster_A,downweight,0.3499999940395355
2688,1,cluster_B,downweight,0.3499999940395355
2689,0,cluster_A,retain,1.0
2690,0,cluster_A,retain,1.0
2691,1,cluster_B,downweight,0.3499999940395355
2692,0,cluster_A,retain,1.0
2693,0,cluster_A,retain,1.0
2694,1,cluster_B,downweight,0.3499999940395355
2695,0,cluster_A,retain,1.0
2696,0,cluster_A,downweight,0.3499999940395355
2697,0,cluster_A,downweight,0.3499999940395355
2698,0,cluster_A,retain,1.0
2699,1,cluster_B,retain,1.0
2700,1,cluster_B,retain,1.0
2701,1,cluster_B,downweight,0.3499999940395355
2702,1,cluster_B,retain,1.0
2703,1,cluster_B,retain,1.0
2704,1,cluster_B,retain,1.0
2705,1,cluster_B,retain,1.0
2706,0,cluster_A,downweight,0.3499999940395355
2707,0,cluster_A,retain,1.0
2708,1,cluster_B,retain,1.0
2709,1,cluster_B,downweight,0.3499999940395355
2710,0,cluster_A,downweight,0.3499999940395355
2711,1,cluster_B,downweight,0.3499999940395355
2712,0,cluster_A,retain,1.0
2713,1,cluster_B,retain,1.0
2714,1,cluster_B,retain,1.0
2715,0,cluster_A,retain,1.0
2716,1,cluster_B,retain,1.0
2717,0,cluster_A,downweight,0.3499999940395355
2718,1,cluster_B,downweight,0.3499999940395355
2719,0,cluster_A,downweight,0.3499999940395355
2720,0,cluster_A,downweight,0.3499999940395355
2721,1,cluster_B,downweight,0.3499999940395355
2722,1,cluster_B,downweight,0.3499999940395355
2723,1,cluster_B,downweight,0.3499999940395355
2724,0,cluster_A,downweight,0.3499999940395355
2725,0,cluster_A,downweight,0.3499999940395355
2726,1,cluster_B,downweight,0.3499999940395355
2727,1,cluster_B,downweight,0.3499999940395355
2728,1,cluster_B,downweight,0.3499999940395355
2729,1,cluster_B,retain,1.0
2730,0,cluster_A,downweight,0.3499999940395355
2731,1,cluster_B,downweight,0.3499999940395355
2732,1,cluster_B,retain,1.0
2733,0,cluster_A,downweight,0.3499999940395355
2734,1,cluster_B,retain,1.0
2735,1,cluster_B,downweight,0.3499999940395355
2736,1,cluster_B,retain,1.0
2737,1,cluster_B,downweight,0.3499999940395355
2738,0,cluster_A,downweight,0.3499999940395355
2739,0,cluster_A,downweight,0.3499999940395355
2740,1,cluster_B,retain,1.0
2741,1,cluster_B,retain,1.0
2742,0,cluster_A,downweight,0.3499999940395355
2743,1,cluster_B,retain,1.0
2744,1,cluster_B,downweight,0.3499999940395355
2745,0,cluster_A,downweight,0.3499999940395355
2746,1,cluster_B,downweight,0.3499999940395355
2747,1,cluster_B,downweight,0.3499999940395355
2748,0,cluster_A,retain,1.0
2749,1,cluster_B,downweight,0.3499999940395355
2750,0,cluster_A,retain,1.0
2751,1,cluster_B,downweight,0.3499999940395355
2752,0,cluster_A,retain,1.0
2753,0,cluster_A,retain,1.0
2754,0,cluster_A,retain,1.0
2755,0,cluster_A,downweight,0.3499999940395355
2756,1,cluster_B,downweight,0.3499999940395355
2757,1,cluster_B,retain,1.0
2758,1,cluster_B,downweight,0.3499999940395355
2759,1,cluster_B,downweight,0.3499999940395355
2760,0,cluster_A,retain,1.0
2761,0,cluster_A,retain,1.0
2762,1,cluster_B,retain,1.0
2763,0,cluster_A,downweight,0.3499999940395355
2764,1,cluster_B,downweight,0.3499999940395355
2765,0,cluster_A,retain,1.0
2766,1,cluster_B,retain,1.0
2767,0,cluster_A,downweight,0.3499999940395355
2768,1,cluster_B,downweight,0.3499999940395355
2769,1,cluster_B,downweight,0.3499999940395355
2770,0,cluster_A,retain,1.0
2771,1,cluster_B,downweight,0.3499999940395355
2772,0,cluster_A,downweight,0.3499999940395355
2773,0,cluster_A,retain,1.0
2774,1,cluster_B,retain,1.0
2775,1,cluster_B,retain,1.0
2776,0,cluster_A,downweight,0.3499999940395355
2777,0,cluster_A,downweight,0.3499999940395355
2778,0,cluster_A,downweight,0.3499999940395355
2779,1,cluster_B,retain,1.0
2780,1,cluster_B,downweight,0.3499999940395355
2781,1,cluster_B,retain,1.0
2782,1,cluster_B,downweight,0.3499999940395355
2783,1,cluster_B,downweight,0.3499999940395355
2784,1,cluster_B,retain,1.0
2785,0,cluster_A,downweight,0.3499999940395355
2786,0,cluster_A,retain,1.0
2787,1,cluster_B,retain,1.0
2788,0,cluster_A,downweight,0.3499999940395355
2789,0,cluster_A,downweight,0.3499999940395355
2790,1,cluster_B,downweight,0.3499999940395355
2791,0,cluster_A,retain,1.0
2792,0,cluster_A,downweight,0.3499999940395355
2793,1,cluster_B,downweight,0.3499999940395355
2794,0,cluster_A,downweight,0.3499999940395355
2795,0,cluster_A,downweight,0.3499999940395355
2796,1,cluster_B,downweight,0.3499999940395355
2797,1,cluster_B,downweight,0.3499999940395355
2798,0,cluster_A,retain,1.0
2799,0,cluster_A,retain,1.0
2800,1,cluster_B,retain,1.0
2801,0,cluster_A,downweight,0.3499999940395355
2802,0,cluster_A,retain,1.0
2803,1,cluster_B,retain,1.0
2804,0,cluster_A,downweight,0.3499999940395355
2805,0,cluster_A,downweight,0.3499999940395355
2806,1,cluster_B,downweight,0.3499999940395355
2807,0,cluster_A,retain,1.0
2808,0,cluster_A,downweight,0.3499999940395355
2809,1,cluster_B,retain,1.0
2810,1,cluster_B,retain,1.0
2811,0,cluster_A,retain,1.0
2812,0,cluster_A,downweight,0.3499999940395355
2813,1,cluster_B,retain,1.0
2814,0,cluster_A,retain,1.0
2816,1,cluster_B,downweight,0.3499999940395355
2817,0,cluster_A,downweight,0.3499999940395355
2818,0,cluster_A,downweight,0.3499999940395355
2819,1,cluster_B,downweight,0.3499999940395355
2821,1,cluster_B,downweight,0.3499999940395355
2822,0,cluster_A,downweight,0.3499999940395355
2823,0,cluster_A,downweight,0.3499999940395355
2824,1,cluster_B,retain,1.0
2825,1,cluster_B,downweight,0.3499999940395355
2826,0,cluster_A,downweight,0.3499999940395355
2827,1,cluster_B,downweight,0.3499999940395355
2828,0,cluster_A,retain,1.0
2829,0,cluster_A,retain,1.0
2830,0,cluster_A,retain,1.0
2831,1,cluster_B,downweight,0.3499999940395355
2832,1,cluster_B,downweight,0.3499999940395355
2833,0,cluster_A,downweight,0.3499999940395355
2834,1,cluster_B,retain,1.0
2835,1,cluster_B,retain,1.0
2836,1,cluster_B,retain,1.0
2837,1,cluster_B,downweight,0.3499999940395355
2838,0,cluster_A,downweight,0.3499999940395355
2839,0,cluster_A,retain,1.0
2840,1,cluster_B,downweight,0.3499999940395355
2841,1,cluster_B,retain,1.0
2842,0,cluster_A,retain,1.0
2843,0,cluster_A,downweight,0.3499999940395355
2844,1,cluster_B,downweight,0.3499999940395355
2845,0,cluster_A,downweight,0.3499999940395355
2846,0,cluster_A,downweight,0.3499999940395355
2847,1,cluster_B,downweight,0.3499999940395355
2848,1,cluster_B,retain,1.0
2849,0,cluster_A,downweight,0.3499999940395355
2850,0,cluster_A,retain,1.0
2851,1,cluster_B,downweight,0.3499999940395355
2852,0,cluster_A,downweight,0.3499999940395355
2853,1,cluster_B,downweight,0.3499999940395355
2854,0,cluster_A,downweight,0.3499999940395355
2855,1,cluster_B,retain,1.0
2856,1,cluster_B,retain,1.0
2857,0,cluster_A,downweight,0.3499999940395355
2858,0,cluster_A,downweight,0.3499999940395355
2859,1,cluster_B,downweight,0.3499999940395355
2860,0,cluster_A,downweight,0.3499999940395355
2861,0,cluster_A,retain,1.0
2863,1,cluster_B,retain,1.0
2864,0,cluster_A,downweight,0.3499999940395355
2865,1,cluster_B,retain,1.0
2866,0,cluster_A,retain,1.0
2867,0,cluster_A,downweight,0.3499999940395355
2868,0,cluster_A,downweight,0.3499999940395355
2869,0,cluster_A,downweight,0.3499999940395355
2870,0,cluster_A,retain,1.0
2871,1,cluster_B,retain,1.0
2872,0,cluster_A,retain,1.0
2873,0,cluster_A,downweight,0.3499999940395355
2874,1,cluster_B,downweight,0.3499999940395355
2875,0,cluster_A,retain,1.0
2876,0,cluster_A,retain,1.0
2877,1,cluster_B,retain,1.0
2878,1,cluster_B,retain,1.0
2879,1,cluster_B,downweight,0.3499999940395355
2880,1,cluster_B,downweight,0.3499999940395355
2881,0,cluster_A,retain,1.0
2882,1,cluster_B,downweight,0.3499999940395355
2883,1,cluster_B,retain,1.0
2884,1,cluster_B,downweight,0.3499999940395355
2885,1,cluster_B,downweight,0.3499999940395355
2886,0,cluster_A,downweight,0.3499999940395355
2887,0,cluster_A,downweight,0.3499999940395355
2888,1,cluster_B,downweight,0.3499999940395355
2889,0,cluster_A,downweight,0.3499999940395355
2890,0,cluster_A,retain,1.0
2891,1,cluster_B,downweight,0.3499999940395355
2892,1,cluster_B,retain,1.0
2893,1,cluster_B,downweight,0.3499999940395355
2894,0,cluster_A,downweight,0.3499999940395355
2895,1,cluster_B,downweight,0.3499999940395355
2896,0,cluster_A,retain,1.0
2897,1,cluster_B,retain,1.0
2898,0,cluster_A,retain,1.0
2899,1,cluster_B,retain,1.0
2901,1,cluster_B,retain,1.0
2902,0,cluster_A,retain,1.0
2903,0,cluster_A,retain,1.0
2904,0,cluster_A,downweight,0.3499999940395355
2905,1,cluster_B,downweight,0.3499999940395355
2906,1,cluster_B,retain,1.0
2907,0,cluster_A,retain,1.0
2908,0,cluster_A,retain,1.0
2909,0,cluster_A,downweight,0.3499999940395355
2910,1,cluster_B,downweight,0.3499999940395355
2911,1,cluster_B,downweight,0.3499999940395355
2912,0,cluster_A,retain,1.0
2913,1,cluster_B,retain,1.0
2914,1,cluster_B,retain,1.0
2915,1,cluster_B,retain,1.0
2916,1,cluster_B,retain,1.0
2917,0,cluster_A,downweight,0.3499999940395355
2918,1,cluster_B,retain,1.0
2919,0,cluster_A,downweight,0.3499999940395355
2920,0,cluster_A,downweight,0.3499999940395355
2921,1,cluster_B,retain,1.0
2922,1,cluster_B,downweight,0.3499999940395355
2923,1,cluster_B,retain,1.0
2924,0,cluster_A,retain,1.0
2925,0,cluster_A,retain,1.0
2926,0,cluster_A,downweight,0.3499999940395355
2927,0,cluster_A,downweight,0.3499999940395355
2928,0,cluster_A,downweight,0.3499999940395355
2929,1,cluster_B,retain,1.0
2930,1,cluster_B,retain,1.0
2931,0,cluster_A,retain,1.0
2932,1,cluster_B,downweight,0.3499999940395355
2933,1,cluster_B,downweight,0.3499999940395355
2934,1,cluster_B,downweight,0.3499999940395355
2935,0,cluster_A,retain,1.0
2936,1,cluster_B,retain,1.0
2937,1,cluster_B,retain,1.0
2938,1,cluster_B,downweight,0.3499999940395355
2939,1,cluster_B,downweight,0.3499999940395355
2940,0,cluster_A,retain,1.0
2941,1,cluster_B,downweight,0.3499999940395355
2942,0,cluster_A,retain,1.0
2943,1,cluster_B,retain,1.0
2944,1,cluster_B,retain,1.0
2945,0,cluster_A,retain,1.0
2946,0,cluster_A,downweight,0.3499999940395355
2947,0,cluster_A,downweight,0.3499999940395355
2948,0,cluster_A,retain,1.0
2949,0,cluster_A,downweight,0.3499999940395355
2950,0,cluster_A,retain,1.0
2951,0,cluster_A,retain,1.0
2952,1,cluster_B,retain,1.0
2953,0,cluster_A,downweight,0.3499999940395355
2954,0,cluster_A,downweight,0.3499999940395355
2955,1,cluster_B,downweight,0.3499999940395355
2956,0,cluster_A,retain,1.0
2957,0,cluster_A,downweight,0.3499999940395355
2958,0,cluster_A,retain,1.0
2959,0,cluster_A,retain,1.0
2960,1,cluster_B,downweight,0.3499999940395355
2961,1,cluster_B,downweight,0.3499999940395355
2962,0,cluster_A,downweight,0.3499999940395355
2963,1,cluster_B,downweight,0.3499999940395355
2964,0,cluster_A,retain,1.0
2965,1,cluster_B,downweight,0.3499999940395355
2966,1,cluster_B,retain,1.0
2967,1,cluster_B,retain,1.0
2968,1,cluster_B,downweight,0.3499999940395355
2969,1,cluster_B,retain,1.0
2970,1,cluster_B,retain,1.0
2971,1,cluster_B,downweight,0.3499999940395355
2972,1,cluster_B,retain,1.0
2973,1,cluster_B,downweight,0.3499999940395355
2974,0,cluster_A,retain,1.0
2975,0,cluster_A,downweight,0.3499999940395355
2976,1,cluster_B,downweight,0.3499999940395355
2977,0,cluster_A,retain,1.0
2978,1,cluster_B,downweight,0.3499999940395355
2979,1,cluster_B,downweight,0.3499999940395355
2980,0,cluster_A,retain,1.0
2981,1,cluster_B,downweight,0.3499999940395355
2982,0,cluster_A,retain,1.0
2983,0,cluster_A,downweight,0.3499999940395355
2984,0,cluster_A,retain,1.0
2985,0,cluster_A,downweight,0.3499999940395355
2986,0,cluster_A,downweight,0.3499999940395355
2987,0,cluster_A,downweight,0.3499999940395355
2988,1,cluster_B,retain,1.0
2989,1,cluster_B,downweight,0.3499999940395355
2990,0,cluster_A,downweight,0.3499999940395355
2991,0,cluster_A,retain,1.0
2992,1,cluster_B,retain,1.0
2993,0,cluster_A,downweight,0.3499999940395355
2994,1,cluster_B,retain,1.0
2995,0,cluster_A,retain,1.0
2996,1,cluster_B,downweight,0.3499999940395355
2997,0,cluster_A,downweight,0.3499999940395355
2998,0,cluster_A,downweight,0.3499999940395355
2999,1,cluster_B,downweight,0.3499999940395355
3000,0,cluster_A,downweight,0.3499999940395355
3001,1,cluster_B,retain,1.0
3002,1,cluster_B,downweight,0.3499999940395355
3003,1,cluster_B,retain,1.0
3004,0,cluster_A,retain,1.0
3005,1,cluster_B,retain,1.0
3006,0,cluster_A,downweight,0.3499999940395355
3007,0,cluster_A,downweight,0.3499999940395355
3008,1,cluster_B,downweight,0.3499999940395355
3009,1,cluster_B,downweight,0.3499999940395355
3010,1,cluster_B,downweight,0.3499999940395355
3011,1,cluster_B,downweight,0.3499999940395355
3012,0,cluster_A,retain,1.0
3013,1,cluster_B,downweight,0.3499999940395355
3014,1,cluster_B,retain,1.0
3015,1,cluster_B,retain,1.0
3016,1,cluster_B,retain,1.0
3017,0,cluster_A,downweight,0.3499999940395355
3018,1,cluster_B,retain,1.0
3019,1,cluster_B,downweight,0.3499999940395355
3020,0,cluster_A,retain,1.0
3021,0,cluster_A,retain,1.0
3022,1,cluster_B,retain,1.0
3023,0,cluster_A,downweight,0.3499999940395355
3024,0,cluster_A,downweight,0.3499999940395355
3025,1,cluster_B,downweight,0.3499999940395355
3026,0,cluster_A,downweight,0.3499999940395355
3027,1,cluster_B,retain,1.0
3028,1,cluster_B,downweight,0.3499999940395355
3029,1,cluster_B,retain,1.0
3030,0,cluster_A,retain,1.0
3031,0,cluster_A,downweight,0.3499999940395355
3032,0,cluster_A,retain,1.0
3033,0,cluster_A,retain,1.0
3034,0,cluster_A,retain,1.0
3035,1,cluster_B,retain,1.0
3036,0,cluster_A,downweight,0.3499999940395355
3037,0,cluster_A,retain,1.0
3038,1,cluster_B,downweight,0.3499999940395355
3039,0,cluster_A,downweight,0.3499999940395355
3040,1,cluster_B,retain,1.0
3041,1,cluster_B,retain,1.0
3042,1,cluster_B,retain,1.0
3043,0,cluster_A,downweight,0.3499999940395355
3044,0,cluster_A,retain,1.0
3045,1,cluster_B,retain,1.0
3046,0,cluster_A,retain,1.0
3047,0,cluster_A,downweight,0.3499999940395355
3048,0,cluster_A,downweight,0.3499999940395355
3049,1,cluster_B,retain,1.0
3050,0,cluster_A,downweight,0.3499999940395355
3051,0,cluster_A,retain,1.0
3052,0,cluster_A,downweight,0.3499999940395355
3053,1,cluster_B,downweight,0.3499999940395355
3054,0,cluster_A,retain,1.0
3055,0,cluster_A,downweight,0.3499999940395355
3056,1,cluster_B,retain,1.0
3057,0,cluster_A,downweight,0.3499999940395355
3058,1,cluster_B,downweight,0.3499999940395355
3059,1,cluster_B,retain,1.0
3060,1,cluster_B,retain,1.0
3061,1,cluster_B,downweight,0.3499999940395355
3062,0,cluster_A,downweight,0.3499999940395355
3063,1,cluster_B,retain,1.0
3064,0,cluster_A,retain,1.0
3065,0,cluster_A,downweight,0.3499999940395355
3066,0,cluster_A,retain,1.0
3067,0,cluster_A,downweight,0.3499999940395355
3068,0,cluster_A,retain,1.0
3069,0,cluster_A,retain,1.0
3070,0,cluster_A,retain,1.0
3071,0,cluster_A,retain,1.0
3072,1,cluster_B,retain,1.0
3073,0,cluster_A,downweight,0.3499999940395355
3074,0,cluster_A,downweight,0.3499999940395355
3075,1,cluster_B,retain,1.0
3076,1,cluster_B,retain,1.0
3077,0,cluster_A,retain,1.0
3078,1,cluster_B,retain,1.0
3079,0,cluster_A,downweight,0.3499999940395355
3080,1,cluster_B,retain,1.0
3081,1,cluster_B,downweight,0.3499999940395355
3082,1,cluster_B,downweight,0.3499999940395355
3083,0,cluster_A,retain,1.0
3084,0,cluster_A,retain,1.0
3085,1,cluster_B,downweight,0.3499999940395355
3086,1,cluster_B,retain,1.0
3087,1,cluster_B,retain,1.0
3088,0,cluster_A,downweight,0.3499999940395355
3089,1,cluster_B,downweight,0.3499999940395355
3090,1,cluster_B,retain,1.0
3091,0,cluster_A,downweight,0.3499999940395355
3092,0,cluster_A,retain,1.0
3093,0,cluster_A,retain,1.0
3094,0,cluster_A,retain,1.0
3095,0,cluster_A,retain,1.0
3097,0,cluster_A,retain,1.0
3098,1,cluster_B,downweight,0.3499999940395355
3099,1,cluster_B,downweight,0.3499999940395355
3100,1,cluster_B,retain,1.0
3102,1,cluster_B,downweight,0.3499999940395355
3103,1,cluster_B,downweight,0.3499999940395355
3104,1,cluster_B,downweight,0.3499999940395355
3105,1,cluster_B,downweight,0.3499999940395355
3106,0,cluster_A,downweight,0.3499999940395355
3107,1,cluster_B,retain,1.0
3108,0,cluster_A,retain,1.0
3109,0,cluster_A,downweight,0.3499999940395355
3110,0,cluster_A,downweight,0.3499999940395355
3111,1,cluster_B,downweight,0.3499999940395355
3112,1,cluster_B,downweight,0.3499999940395355
3113,0,cluster_A,retain,1.0
3114,1,cluster_B,retain,1.0
3115,1,cluster_B,retain,1.0
3116,1,cluster_B,retain,1.0
3117,1,cluster_B,retain,1.0
3118,1,cluster_B,retain,1.0
3119,0,cluster_A,retain,1.0
3120,0,cluster_A,downweight,0.3499999940395355
3121,0,cluster_A,downweight,0.3499999940395355
3122,0,cluster_A,downweight,0.3499999940395355
3123,0,cluster_A,downweight,0.3499999940395355
3124,0,cluster_A,retain,1.0
3125,1,cluster_B,retain,1.0
3126,0,cluster_A,downweight,0.3499999940395355
3127,0,cluster_A,retain,1.0
3128,0,cluster_A,downweight,0.3499999940395355
3129,1,cluster_B,retain,1.0
3130,0,cluster_A,downweight,0.3499999940395355
3131,0,cluster_A,retain,1.0
3132,1,cluster_B,downweight,0.3499999940395355
3133,1,cluster_B,retain,1.0
3134,1,cluster_B,downweight,0.3499999940395355
3135,0,cluster_A,retain,1.0
3136,1,cluster_B,retain,1.0
3137,1,cluster_B,downweight,0.3499999940395355
3138,1,cluster_B,downweight,0.3499999940395355
3139,1,cluster_B,downweight,0.3499999940395355
3140,0,cluster_A,retain,1.0
3141,1,cluster_B,downweight,0.3499999940395355
3142,0,cluster_A,downweight,0.3499999940395355
3143,0,cluster_A,downweight,0.3499999940395355
3144,0,cluster_A,retain,1.0
3145,1,cluster_B,downweight,0.3499999940395355
3146,0,cluster_A,downweight,0.3499999940395355
3147,0,cluster_A,downweight,0.3499999940395355
3148,0,cluster_A,retain,1.0
3149,1,cluster_B,retain,1.0
3150,0,cluster_A,downweight,0.3499999940395355
3151,0,cluster_A,retain,1.0
3152,1,cluster_B,retain,1.0
3153,1,cluster_B,downweight,0.3499999940395355
3154,0,cluster_A,retain,1.0
3155,1,cluster_B,retain,1.0
3156,1,cluster_B,retain,1.0
3157,0,cluster_A,retain,1.0
3158,1,cluster_B,retain,1.0
3159,0,cluster_A,retain,1.0
3160,1,cluster_B,downweight,0.3499999940395355
3161,1,cluster_B,downweight,0.3499999940395355
3162,1,cluster_B,retain,1.0
3163,1,cluster_B,downweight,0.3499999940395355
3164,0,cluster_A,retain,1.0
3165,1,cluster_B,retain,1.0
3166,0,cluster_A,downweight,0.3499999940395355
3167,1,cluster_B,retain,1.0
3168,0,cluster_A,retain,1.0
3169,0,cluster_A,retain,1.0
3170,0,cluster_A,downweight,0.3499999940395355
3171,0,cluster_A,retain,1.0
3172,0,cluster_A,downweight,0.3499999940395355
3173,0,cluster_A,retain,1.0
3174,1,cluster_B,downweight,0.3499999940395355
3175,1,cluster_B,downweight,0.3499999940395355
3176,0,cluster_A,retain,1.0
3177,1,cluster_B,retain,1.0
3178,0,cluster_A,downweight,0.3499999940395355
3179,0,cluster_A,retain,1.0
3180,0,cluster_A,downweight,0.3499999940395355
3181,0,cluster_A,downweight,0.3499999940395355
3182,1,cluster_B,downweight,0.3499999940395355
3183,0,cluster_A,retain,1.0
3184,0,cluster_A,downweight,0.3499999940395355
3185,0,cluster_A,downweight,0.3499999940395355
3186,1,cluster_B,downweight,0.3499999940395355
3187,0,cluster_A,retain,1.0
3188,1,cluster_B,downweight,0.3499999940395355
3189,0,cluster_A,retain,1.0
3190,0,cluster_A,downweight,0.3499999940395355
3191,1,cluster_B,downweight,0.3499999940395355
3192,0,cluster_A,downweight,0.3499999940395355
3193,1,cluster_B,retain,1.0
3194,1,cluster_B,retain,1.0
3195,1,cluster_B,retain,1.0
3196,1,cluster_B,retain,1.0
3197,1,cluster_B,downweight,0.3499999940395355
3198,0,cluster_A,retain,1.0
3199,0,cluster_A,retain,1.0
3200,1,cluster_B,downweight,0.3499999940395355
3201,0,cluster_A,downweight,0.3499999940395355
3202,0,cluster_A,retain,1.0
3203,1,cluster_B,downweight,0.3499999940395355
3204,1,cluster_B,retain,1.0
3205,0,cluster_A,retain,1.0
3206,0,cluster_A,retain,1.0
3207,1,cluster_B,retain,1.0
3208,0,cluster_A,downweight,0.3499999940395355
3209,1,cluster_B,downweight,0.3499999940395355
3210,1,cluster_B,downweight,0.3499999940395355
3211,1,cluster_B,retain,1.0
3212,0,cluster_A,downweight,0.3499999940395355
3213,0,cluster_A,retain,1.0
3214,1,cluster_B,retain,1.0
3215,0,cluster_A,downweight,0.3499999940395355
3216,1,cluster_B,retain,1.0
3217,0,cluster_A,downweight,0.3499999940395355
3218,1,cluster_B,retain,1.0
3219,1,cluster_B,downweight,0.3499999940395355
3220,0,cluster_A,retain,1.0
3221,0,cluster_A,downweight,0.3499999940395355
3222,1,cluster_B,downweight,0.3499999940395355
3223,0,cluster_A,retain,1.0
3224,0,cluster_A,retain,1.0
3225,0,cluster_A,downweight,0.3499999940395355
3226,1,cluster_B,downweight,0.3499999940395355
3227,1,cluster_B,retain,1.0
3228,1,cluster_B,retain,1.0
3229,0,cluster_A,retain,1.0
3230,0,cluster_A,retain,1.0
3231,0,cluster_A,downweight,0.3499999940395355
3232,0,cluster_A,downweight,0.3499999940395355
3233,1,cluster_B,downweight,0.3499999940395355
3234,0,cluster_A,downweight,0.3499999940395355
3235,1,cluster_B,downweight,0.3499999940395355
3236,0,cluster_A,retain,1.0
3237,0,cluster_A,downweight,0.3499999940395355
3238,1,cluster_B,downweight,0.3499999940395355
3239,0,cluster_A,downweight,0.3499999940395355
3240,1,cluster_B,retain,1.0
3241,0,cluster_A,retain,1.0
3242,1,cluster_B,downweight,0.3499999940395355
3243,1,cluster_B,downweight,0.3499999940395355
3244,1,cluster_B,downweight,0.3499999940395355
3245,1,cluster_B,downweight,0.3499999940395355
3246,0,cluster_A,downweight,0.3499999940395355
3247,0,cluster_A,downweight,0.3499999940395355
3248,1,cluster_B,downweight,0.3499999940395355
3249,1,cluster_B,downweight,0.3499999940395355
3250,1,cluster_B,downweight,0.3499999940395355
3251,0,cluster_A,retain,1.0
3252,0,cluster_A,downweight,0.3499999940395355
3253,0,cluster_A,retain,1.0
3254,1,cluster_B,downweight,0.3499999940395355
3255,0,cluster_A,downweight,0.3499999940395355
3256,1,cluster_B,downweight,0.3499999940395355
3257,1,cluster_B,retain,1.0
3258,0,cluster_A,downweight,0.3499999940395355
3259,0,cluster_A,downweight,0.3499999940395355
3260,0,cluster_A,retain,1.0
3261,0,cluster_A,downweight,0.3499999940395355
3262,0,cluster_A,downweight,0.3499999940395355
3263,1,cluster_B,downweight,0.3499999940395355
3264,1,cluster_B,downweight,0.3499999940395355
3265,0,cluster_A,downweight,0.3499999940395355
3266,0,cluster_A,retain,1.0
3267,1,cluster_B,downweight,0.3499999940395355
3268,1,cluster_B,downweight,0.3499999940395355
3269,0,cluster_A,retain,1.0
3270,1,cluster_B,downweight,0.3499999940395355
3271,1,cluster_B,downweight,0.3499999940395355
3272,0,cluster_A,retain,1.0
3273,1,cluster_B,retain,1.0
3274,0,cluster_A,downweight,0.3499999940395355
3275,0,cluster_A,retain,1.0
3276,0,cluster_A,retain,1.0
3277,1,cluster_B,retain,1.0
3278,1,cluster_B,retain,1.0
3279,0,cluster_A,retain,1.0
3280,1,cluster_B,downweight,0.3499999940395355
3281,1,cluster_B,downweight,0.3499999940395355
3282,1,cluster_B,downweight,0.3499999940395355
3283,0,cluster_A,downweight,0.3499999940395355
3284,1,cluster_B,retain,1.0
3285,1,cluster_B,retain,1.0
3286,0,cluster_A,downweight,0.3499999940395355
3287,0,cluster_A,downweight,0.3499999940395355
3288,1,cluster_B,downweight,0.3499999940395355
3289,0,cluster_A,retain,1.0
3290,1,cluster_B,downweight,0.3499999940395355
3291,0,cluster_A,downweight,0.3499999940395355
3292,1,cluster_B,downweight,0.3499999940395355
3293,0,cluster_A,retain,1.0
3294,1,cluster_B,retain,1.0
3295,1,cluster_B,downweight,0.3499999940395355
3296,0,cluster_A,downweight,0.3499999940395355
3297,0,cluster_A,downweight,0.3499999940395355
3298,1,cluster_B,retain,1.0
3299,0,cluster_A,retain,1.0
3300,1,cluster_B,downweight,0.3499999940395355
3301,1,cluster_B,retain,1.0
3302,0,cluster_A,retain,1.0
3303,1,cluster_B,downweight,0.3499999940395355
3304,1,cluster_B,downweight,0.3499999940395355
3305,0,cluster_A,downweight,0.3499999940395355
3306,0,cluster_A,downweight,0.3499999940395355
3307,0,cluster_A,retain,1.0
3308,1,cluster_B,retain,1.0
3309,0,cluster_A,downweight,0.3499999940395355
3310,0,cluster_A,downweight,0.3499999940395355
3311,1,cluster_B,retain,1.0
3312,0,cluster_A,retain,1.0
3313,1,cluster_B,downweight,0.3499999940395355
3314,1,cluster_B,retain,1.0
3315,0,cluster_A,downweight,0.3499999940395355
3316,0,cluster_A,downweight,0.3499999940395355
3317,1,cluster_B,downweight,0.3499999940395355
3318,1,cluster_B,retain,1.0
3319,0,cluster_A,downweight,0.3499999940395355
3320,0,cluster_A,retain,1.0
3321,1,cluster_B,downweight,0.3499999940395355
3322,1,cluster_B,downweight,0.3499999940395355
3323,0,cluster_A,retain,1.0
3324,1,cluster_B,downweight,0.3499999940395355
3325,0,cluster_A,retain,1.0
3326,1,cluster_B,retain,1.0
3327,0,cluster_A,downweight,0.3499999940395355
3328,0,cluster_A,retain,1.0
3329,1,cluster_B,downweight,0.3499999940395355
3330,0,cluster_A,downweight,0.3499999940395355
3331,0,cluster_A,downweight,0.3499999940395355
3332,1,cluster_B,retain,1.0
3333,1,cluster_B,retain,1.0
3334,0,cluster_A,downweight,0.3499999940395355
3335,1,cluster_B,downweight,0.3499999940395355
3336,1,cluster_B,downweight,0.3499999940395355
3337,0,cluster_A,retain,1.0
3338,1,cluster_B,downweight,0.3499999940395355
3339,0,cluster_A,downweight,0.3499999940395355
3340,0,cluster_A,retain,1.0
3341,0,cluster_A,downweight,0.3499999940395355
3342,0,cluster_A,retain,1.0
3344,0,cluster_A,downweight,0.3499999940395355
3345,1,cluster_B,downweight,0.3499999940395355
3346,0,cluster_A,retain,1.0
3347,1,cluster_B,downweight,0.3499999940395355
3349,0,cluster_A,retain,1.0
3350,0,cluster_A,downweight,0.3499999940395355
3351,0,cluster_A,downweight,0.3499999940395355
3352,0,cluster_A,downweight,0.3499999940395355
3353,0,cluster_A,downweight,0.3499999940395355
3354,0,cluster_A,downweight,0.3499999940395355
3355,1,cluster_B,downweight,0.3499999940395355
3356,0,cluster_A,downweight,0.3499999940395355
3357,0,cluster_A,downweight,0.3499999940395355
3358,0,cluster_A,retain,1.0
3359,1,cluster_B,downweight,0.3499999940395355
3360,1,cluster_B,downweight,0.3499999940395355
3361,0,cluster_A,downweight,0.3499999940395355
3362,1,cluster_B,retain,1.0
3363,1,cluster_B,downweight,0.3499999940395355
3364,0,cluster_A,retain,1.0
3365,0,cluster_A,downweight,0.3499999940395355
3366,0,cluster_A,downweight,0.3499999940395355
3367,0,cluster_A,downweight,0.3499999940395355
3368,1,cluster_B,retain,1.0
3369,1,cluster_B,downweight,0.3499999940395355
3370,1,cluster_B,retain,1.0
3371,0,cluster_A,downweight,0.3499999940395355
3372,0,cluster_A,retain,1.0
3373,1,cluster_B,downweight,0.3499999940395355
3374,1,cluster_B,downweight,0.3499999940395355
3375,1,cluster_B,retain,1.0
3376,1,cluster_B,downweight,0.3499999940395355
3377,0,cluster_A,downweight,0.3499999940395355
3378,1,cluster_B,retain,1.0
3379,0,cluster_A,downweight,0.3499999940395355
3380,1,cluster_B,downweight,0.3499999940395355
3381,1,cluster_B,downweight,0.3499999940395355
3382,0,cluster_A,downweight,0.3499999940395355
3383,0,cluster_A,retain,1.0
3384,1,cluster_B,retain,1.0
3385,0,cluster_A,retain,1.0
3386,1,cluster_B,downweight,0.3499999940395355
3387,0,cluster_A,retain,1.0
3388,1,cluster_B,downweight,0.3499999940395355
3389,1,cluster_B,retain,1.0
3390,1,cluster_B,retain,1.0
3391,0,cluster_A,downweight,0.3499999940395355
3392,1,cluster_B,retain,1.0
3393,1,cluster_B,retain,1.0
3394,0,cluster_A,downweight,0.3499999940395355
3395,1,cluster_B,downweight,0.3499999940395355
3396,1,cluster_B,retain,1.0
3397,0,cluster_A,retain,1.0
3398,0,cluster_A,retain,1.0
3399,0,cluster_A,retain,1.0
3400,0,cluster_A,downweight,0.3499999940395355
3401,0,cluster_A,downweight,0.3499999940395355
3402,0,cluster_A,retain,1.0
3403,1,cluster_B,downweight,0.3499999940395355
3404,1,cluster_B,downweight,0.3499999940395355
3405,0,cluster_A,retain,1.0
3406,0,cluster_A,retain,1.0
3407,1,cluster_B,downweight,0.3499999940395355
3408,0,cluster_A,downweight,0.3499999940395355
3409,0,cluster_A,downweight,0.3499999940395355
3410,1,cluster_B,downweight,0.3499999940395355
3411,0,cluster_A,downweight,0.3499999940395355
3412,0,cluster_A,retain,1.0
3413,1,cluster_B,retain,1.0
3414,1,cluster_B,downweight,0.3499999940395355
3415,1,cluster_B,retain,1.0
3416,0,cluster_A,retain,1.0
3417,1,cluster_B,downweight,0.3499999940395355
3418,1,cluster_B,downweight,0.3499999940395355
3419,0,cluster_A,retain,1.0
3420,0,cluster_A,downweight,0.3499999940395355
3421,1,cluster_B,retain,1.0
3422,1,cluster_B,retain,1.0
3423,1,cluster_B,downweight,0.3499999940395355
3424,1,cluster_B,retain,1.0
3425,1,cluster_B,retain,1.0
3426,0,cluster_A,downweight,0.3499999940395355
3427,0,cluster_A,downweight,0.3499999940395355
3428,1,cluster_B,downweight,0.3499999940395355
3429,1,cluster_B,downweight,0.3499999940395355
3430,0,cluster_A,retain,1.0
3431,0,cluster_A,downweight,0.3499999940395355
3432,1,cluster_B,retain,1.0
3433,1,cluster_B,downweight,0.3499999940395355
3434,0,cluster_A,downweight,0.3499999940395355
3435,0,cluster_A,retain,1.0
3436,0,cluster_A,downweight,0.3499999940395355
3437,0,cluster_A,downweight,0.3499999940395355
3438,0,cluster_A,downweight,0.3499999940395355
3439,0,cluster_A,downweight,0.3499999940395355
3440,0,cluster_A,downweight,0.3499999940395355
3441,1,cluster_B,retain,1.0
3442,1,cluster_B,downweight,0.3499999940395355
3443,0,cluster_A,downweight,0.3499999940395355
3444,1,cluster_B,downweight,0.3499999940395355
3445,0,cluster_A,downweight,0.3499999940395355
3446,0,cluster_A,downweight,0.3499999940395355
3447,0,cluster_A,retain,1.0
3448,1,cluster_B,downweight,0.3499999940395355
3449,1,cluster_B,retain,1.0
3450,0,cluster_A,downweight,0.3499999940395355
3451,0,cluster_A,downweight,0.3499999940395355
3452,1,cluster_B,retain,1.0
3453,1,cluster_B,downweight,0.3499999940395355
3454,1,cluster_B,downweight,0.3499999940395355
3455,0,cluster_A,downweight,0.3499999940395355
3456,1,cluster_B,downweight,0.3499999940395355
3457,1,cluster_B,downweight,0.3499999940395355
3458,1,cluster_B,retain,1.0
3459,1,cluster_B,retain,1.0
3460,1,cluster_B,retain,1.0
3461,1,cluster_B,downweight,0.3499999940395355
3462,1,cluster_B,retain,1.0
3463,0,cluster_A,retain,1.0
3464,0,cluster_A,retain,1.0
3465,0,cluster_A,downweight,0.3499999940395355
3466,0,cluster_A,downweight,0.3499999940395355
3467,1,cluster_B,downweight,0.3499999940395355
3468,1,cluster_B,retain,1.0
3469,1,cluster_B,downweight,0.3499999940395355
3470,1,cluster_B,retain,1.0
3471,0,cluster_A,downweight,0.3499999940395355
3472,1,cluster_B,retain,1.0
3473,1,cluster_B,downweight,0.3499999940395355
3474,1,cluster_B,downweight,0.3499999940395355
3475,1,cluster_B,retain,1.0
3476,1,cluster_B,downweight,0.3499999940395355
3477,0,cluster_A,downweight,0.3499999940395355
3478,0,cluster_A,retain,1.0
3479,1,cluster_B,retain,1.0
3480,1,cluster_B,retain,1.0
3481,0,cluster_A,retain,1.0
3482,0,cluster_A,downweight,0.3499999940395355
3483,1,cluster_B,downweight,0.3499999940395355
3484,1,cluster_B,downweight,0.3499999940395355
3485,1,cluster_B,downweight,0.3499999940395355
3486,0,cluster_A,retain,1.0
3487,1,cluster_B,retain,1.0
3488,0,cluster_A,retain,1.0
3489,0,cluster_A,downweight,0.3499999940395355
3490,1,cluster_B,downweight,0.3499999940395355
3491,0,cluster_A,downweight,0.3499999940395355
3492,1,cluster_B,downweight,0.3499999940395355
3493,1,cluster_B,retain,1.0
3494,1,cluster_B,downweight,0.3499999940395355
3495,1,cluster_B,downweight,0.3499999940395355
3496,1,cluster_B,downweight,0.3499999940395355
3497,1,cluster_B,downweight,0.3499999940395355
3498,1,cluster_B,downweight,0.3499999940395355
3499,0,cluster_A,retain,1.0
3500,1,cluster_B,downweight,0.3499999940395355
3501,1,cluster_B,retain,1.0
3502,0,cluster_A,retain,1.0
3503,0,cluster_A,downweight,0.3499999940395355
3504,1,cluster_B,downweight,0.3499999940395355
3505,0,cluster_A,retain,1.0
3506,0,cluster_A,downweight,0.3499999940395355
3507,0,cluster_A,retain,1.0
3508,0,cluster_A,retain,1.0
3509,0,cluster_A,downweight,0.3499999940395355
3510,1,cluster_B,downweight,0.3499999940395355
3511,1,cluster_B,retain,1.0
3512,1,cluster_B,downweight,0.3499999940395355
3513,1,cluster_B,retain,1.0
3514,0,cluster_A,downweight,0.3499999940395355
3515,0,cluster_A,downweight,0.3499999940395355
3516,1,cluster_B,downweight,0.3499999940395355
3517,1,cluster_B,downweight,0.3499999940395355
3518,1,cluster_B,retain,1.0
3519,0,cluster_A,downweight,0.3499999940395355
3520,1,cluster_B,retain,1.0
3521,0,cluster_A,downweight,0.3499999940395355
3522,0,cluster_A,downweight,0.3499999940395355
3523,0,cluster_A,retain,1.0
3524,0,cluster_A,downweight,0.3499999940395355
3525,0,cluster_A,retain,1.0
3526,1,cluster_B,downweight,0.3499999940395355
3527,0,cluster_A,downweight,0.3499999940395355
3528,1,cluster_B,retain,1.0
3529,0,cluster_A,retain,1.0
3530,0,cluster_A,retain,1.0
3531,1,cluster_B,downweight,0.3499999940395355
3532,0,cluster_A,downweight,0.3499999940395355
3533,0,cluster_A,retain,1.0
3534,0,cluster_A,downweight,0.3499999940395355
3535,0,cluster_A,retain,1.0
3536,0,cluster_A,downweight,0.3499999940395355
3537,1,cluster_B,downweight,0.3499999940395355
3538,1,cluster_B,downweight,0.3499999940395355
3539,0,cluster_A,downweight,0.3499999940395355
3540,0,cluster_A,retain,1.0
3541,1,cluster_B,retain,1.0
3542,0,cluster_A,downweight,0.3499999940395355
3543,0,cluster_A,retain,1.0
3544,0,cluster_A,downweight,0.3499999940395355
3545,0,cluster_A,downweight,0.3499999940395355
3546,1,cluster_B,retain,1.0
3547,1,cluster_B,downweight,0.3499999940395355
3548,1,cluster_B,downweight,0.3499999940395355
3549,0,cluster_A,downweight,0.3499999940395355
3550,0,cluster_A,retain,1.0
3551,1,cluster_B,retain,1.0
3552,0,cluster_A,downweight,0.3499999940395355
3553,1,cluster_B,retain,1.0
3554,1,cluster_B,downweight,0.3499999940395355
3555,1,cluster_B,retain,1.0
3556,1,cluster_B,retain,1.0
3557,1,cluster_B,downweight,0.3499999940395355
3558,1,cluster_B,downweight,0.3499999940395355
3559,0,cluster_A,downweight,0.3499999940395355
3560,0,cluster_A,downweight,0.3499999940395355
3561,1,cluster_B,downweight,0.3499999940395355
3562,1,cluster_B,retain,1.0
3563,1,cluster_B,retain,1.0
3564,0,cluster_A,downweight,0.3499999940395355
3565,0,cluster_A,downweight,0.3499999940395355
3566,0,cluster_A,downweight,0.3499999940395355
3567,1,cluster_B,retain,1.0
3568,1,cluster_B,downweight,0.3499999940395355
3569,0,cluster_A,retain,1.0
3570,0,cluster_A,downweight,0.3499999940395355
3571,1,cluster_B,downweight,0.3499999940395355
3572,0,cluster_A,downweight,0.3499999940395355
3573,1,cluster_B,retain,1.0
3574,1,cluster_B,downweight,0.3499999940395355
3575,1,cluster_B,downweight,0.3499999940395355
3576,1,cluster_B,downweight,0.3499999940395355
3577,1,cluster_B,downweight,0.3499999940395355
3578,1,cluster_B,downweight,0.3499999940395355
3579,0,cluster_A,downweight,0.3499999940395355
3580,0,cluster_A,downweight,0.3499999940395355
3581,1,cluster_B,downweight,0.3499999940395355
3582,1,cluster_B,retain,1.0
3583,0,cluster_A,downweight,0.3499999940395355
3584,1,cluster_B,retain,1.0
3585,0,cluster_A,downweight,0.3499999940395355
3586,0,cluster_A,retain,1.0
3587,0,cluster_A,retain,1.0
3588,0,cluster_A,downweight,0.3499999940395355
3589,1,cluster_B,retain,1.0
3590,1,cluster_B,retain,1.0
3591,0,cluster_A,downweight,0.3499999940395355
3592,1,cluster_B,downweight,0.3499999940395355
3593,0,cluster_A,retain,1.0
3594,0,cluster_A,retain,1.0
3595,0,cluster_A,downweight,0.3499999940395355
3596,1,cluster_B,retain,1.0
3597,1,cluster_B,retain,1.0
3598,0,cluster_A,retain,1.0
3599,0,cluster_A,retain,1.0
3600,1,cluster_B,retain,1.0
3601,0,cluster_A,downweight,0.3499999940395355
3602,0,cluster_A,downweight,0.3499999940395355
3603,0,cluster_A,retain,1.0
3604,0,cluster_A,downweight,0.3499999940395355
3605,0,cluster_A,downweight,0.3499999940395355
3606,1,cluster_B,downweight,0.3499999940395355
3607,1,cluster_B,downweight,0.3499999940395355
3608,1,cluster_B,retain,1.0
3609,1,cluster_B,retain,1.0
3610,0,cluster_A,retain,1.0
3611,1,cluster_B,retain,1.0
3612,0,cluster_A,retain,1.0
3613,0,cluster_A,retain,1.0
3614,0,cluster_A,retain,1.0
3615,1,cluster_B,downweight,0.3499999940395355
3616,1,cluster_B,downweight,0.3499999940395355
3617,0,cluster_A,retain,1.0
3618,0,cluster_A,retain,1.0
3619,1,cluster_B,retain,1.0
3620,0,cluster_A,downweight,0.3499999940395355
3621,1,cluster_B,retain,1.0
3622,1,cluster_B,retain,1.0
3623,1,cluster_B,downweight,0.3499999940395355
3624,0,cluster_A,retain,1.0
3625,1,cluster_B,downweight,0.3499999940395355
3626,1,cluster_B,downweight,0.3499999940395355
3627,1,cluster_B,downweight,0.3499999940395355
3628,1,cluster_B,retain,1.0
3629,0,cluster_A,retain,1.0
3630,1,cluster_B,downweight,0.3499999940395355
3631,0,cluster_A,retain,1.0
3632,1,cluster_B,retain,1.0
3633,0,cluster_A,downweight,0.3499999940395355
3634,1,cluster_B,retain,1.0
3635,1,cluster_B,downweight,0.3499999940395355
3636,0,cluster_A,downweight,0.3499999940395355
3637,1,cluster_B,downweight,0.3499999940395355
3638,0,cluster_A,retain,1.0
3639,0,cluster_A,retain,1.0
3640,0,cluster_A,downweight,0.3499999940395355
3641,1,cluster_B,downweight,0.3499999940395355
3642,0,cluster_A,retain,1.0
3643,0,cluster_A,downweight,0.3499999940395355
3644,0,cluster_A,retain,1.0
3645,1,cluster_B,downweight,0.3499999940395355
3646,1,cluster_B,downweight,0.3499999940395355
3647,1,cluster_B,retain,1.0
3648,1,cluster_B,downweight,0.3499999940395355
3649,0,cluster_A,retain,1.0
3650,0,cluster_A,retain,1.0
3651,1,cluster_B,retain,1.0
3652,1,cluster_B,downweight,0.3499999940395355
3653,1,cluster_B,retain,1.0
3654,1,cluster_B,retain,1.0
3655,1,cluster_B,downweight,0.3499999940395355
3656,0,cluster_A,retain,1.0
3657,0,cluster_A,downweight,0.3499999940395355
3658,0,cluster_A,downweight,0.3499999940395355
3659,0,cluster_A,downweight,0.3499999940395355
3660,0,cluster_A,downweight,0.3499999940395355
3661,0,cluster_A,downweight,0.3499999940395355
3662,0,cluster_A,retain,1.0
3663,0,cluster_A,retain,1.0
3664,1,cluster_B,downweight,0.3499999940395355
3665,1,cluster_B,downweight,0.3499999940395355
3666,0,cluster_A,retain,1.0
3667,0,cluster_A,downweight,0.3499999940395355
3668,1,cluster_B,downweight,0.3499999940395355
3669,1,cluster_B,downweight,0.3499999940395355
3670,0,cluster_A,retain,1.0
3671,1,cluster_B,retain,1.0
3672,1,cluster_B,retain,1.0
3673,0,cluster_A,retain,1.0
3674,0,cluster_A,retain,1.0
3675,0,cluster_A,retain,1.0
3676,0,cluster_A,retain,1.0
3677,1,cluster_B,downweight,0.3499999940395355
3678,0,cluster_A,retain,1.0
3679,1,cluster_B,downweight,0.3499999940395355
3680,1,cluster_B,downweight,0.3499999940395355
3681,1,cluster_B,downweight,0.3499999940395355
3682,0,cluster_A,retain,1.0
3683,0,cluster_A,retain,1.0
3684,1,cluster_B,downweight,0.3499999940395355
3685,1,cluster_B,retain,1.0
3686,1,cluster_B,retain,1.0
3687,1,cluster_B,downweight,0.3499999940395355
3688,1,cluster_B,downweight,0.3499999940395355
3689,0,cluster_A,downweight,0.3499999940395355
3690,1,cluster_B,downweight,0.3499999940395355
3691,1,cluster_B,downweight,0.3499999940395355
3692,0,cluster_A,downweight,0.3499999940395355
3693,0,cluster_A,retain,1.0
3694,0,cluster_A,retain,1.0
3695,1,cluster_B,retain,1.0
3696,1,cluster_B,downweight,0.3499999940395355
3697,0,cluster_A,downweight,0.3499999940395355
3698,1,cluster_B,retain,1.0
3699,1,cluster_B,retain,1.0
3700,0,cluster_A,downweight,0.3499999940395355
3701,1,cluster_B,retain,1.0
3702,1,cluster_B,retain,1.0
3703,1,cluster_B,retain,1.0
3704,1,cluster_B,downweight,0.3499999940395355
3705,0,cluster_A,retain,1.0
3706,1,cluster_B,downweight,0.3499999940395355
3707,0,cluster_A,retain,1.0
3708,1,cluster_B,downweight,0.3499999940395355
3709,0,cluster_A,downweight,0.3499999940395355
3710,1,cluster_B,downweight,0.3499999940395355
3711,1,cluster_B,downweight,0.3499999940395355
3712,0,cluster_A,downweight,0.3499999940395355
3713,1,cluster_B,downweight,0.3499999940395355
3714,0,cluster_A,downweight,0.3499999940395355
3715,1,cluster_B,retain,1.0
3716,0,cluster_A,downweight,0.3499999940395355
3717,0,cluster_A,retain,1.0
3718,1,cluster_B,retain,1.0
3719,1,cluster_B,downweight,0.3499999940395355
3720,0,cluster_A,retain,1.0
3721,0,cluster_A,retain,1.0
3722,1,cluster_B,retain,1.0
3723,0,cluster_A,retain,1.0
3724,1,cluster_B,downweight,0.3499999940395355
3725,1,cluster_B,downweight,0.3499999940395355
3726,1,cluster_B,downweight,0.3499999940395355
3727,1,cluster_B,retain,1.0
3728,1,cluster_B,downweight,0.3499999940395355
3729,0,cluster_A,downweight,0.3499999940395355
3730,1,cluster_B,downweight,0.3499999940395355
3731,1,cluster_B,downweight,0.3499999940395355
3732,0,cluster_A,retain,1.0
3733,1,cluster_B,downweight,0.3499999940395355
3734,1,cluster_B,downweight,0.3499999940395355
3735,1,cluster_B,downweight,0.3499999940395355
3736,1,cluster_B,downweight,0.3499999940395355
3737,1,cluster_B,downweight,0.3499999940395355
3738,0,cluster_A,downweight,0.3499999940395355
3739,1,cluster_B,downweight,0.3499999940395355
3740,0,cluster_A,downweight,0.3499999940395355
3741,0,cluster_A,retain,1.0
3742,0,cluster_A,retain,1.0
3743,1,cluster_B,downweight,0.3499999940395355
3744,0,cluster_A,retain,1.0
3745,0,cluster_A,retain,1.0
3746,0,cluster_A,downweight,0.3499999940395355
3747,0,cluster_A,downweight,0.3499999940395355
3748,0,cluster_A,downweight,0.3499999940395355
3749,1,cluster_B,retain,1.0
3750,1,cluster_B,downweight,0.3499999940395355
3751,1,cluster_B,retain,1.0
3752,0,cluster_A,downweight,0.3499999940395355
3753,1,cluster_B,retain,1.0
3754,1,cluster_B,downweight,0.3499999940395355
3755,0,cluster_A,downweight,0.3499999940395355
3756,1,cluster_B,downweight,0.3499999940395355
3757,0,cluster_A,retain,1.0
3758,1,cluster_B,downweight,0.3499999940395355
3759,0,cluster_A,retain,1.0
3760,1,cluster_B,downweight,0.3499999940395355
3761,0,cluster_A,downweight,0.3499999940395355
3762,0,cluster_A,retain,1.0
3763,0,cluster_A,downweight,0.3499999940395355
3764,1,cluster_B,retain,1.0
3765,1,cluster_B,downweight,0.3499999940395355
3766,0,cluster_A,downweight,0.3499999940395355
3767,0,cluster_A,retain,1.0
3768,1,cluster_B,downweight,0.3499999940395355
3769,0,cluster_A,retain,1.0
3770,1,cluster_B,downweight,0.3499999940395355
3771,0,cluster_A,downweight,0.3499999940395355
3772,1,cluster_B,retain,1.0
3773,1,cluster_B,retain,1.0
3774,1,cluster_B,retain,1.0
3775,1,cluster_B,downweight,0.3499999940395355
3776,0,cluster_A,retain,1.0
3777,1,cluster_B,downweight,0.3499999940395355
3778,0,cluster_A,downweight,0.3499999940395355
3779,1,cluster_B,downweight,0.3499999940395355
3780,1,cluster_B,retain,1.0
3781,0,cluster_A,downweight,0.3499999940395355
3782,0,cluster_A,retain,1.0
3783,1,cluster_B,downweight,0.3499999940395355
3784,1,cluster_B,downweight,0.3499999940395355
3785,0,cluster_A,retain,1.0
3786,0,cluster_A,retain,1.0
3787,0,cluster_A,retain,1.0
3788,1,cluster_B,downweight,0.3499999940395355
3789,0,cluster_A,downweight,0.3499999940395355
3790,1,cluster_B,retain,1.0
3791,1,cluster_B,downweight,0.3499999940395355
3792,0,cluster_A,downweight,0.3499999940395355
3793,1,cluster_B,retain,1.0
3794,1,cluster_B,downweight,0.3499999940395355
3795,0,cluster_A,downweight,0.3499999940395355
3796,1,cluster_B,downweight,0.3499999940395355
3797,0,cluster_A,retain,1.0
3798,0,cluster_A,retain,1.0
3799,1,cluster_B,retain,1.0
3800,1,cluster_B,retain,1.0
3801,1,cluster_B,downweight,0.3499999940395355
3802,0,cluster_A,retain,1.0
3803,0,cluster_A,downweight,0.3499999940395355
3804,1,cluster_B,retain,1.0
3805,1,cluster_B,downweight,0.3499999940395355
3806,0,cluster_A,retain,1.0
3807,1,cluster_B,downweight,0.3499999940395355
3808,0,cluster_A,downweight,0.3499999940395355
3809,1,cluster_B,downweight,0.3499999940395355
3811,1,cluster_B,downweight,0.3499999940395355
3812,0,cluster_A,downweight,0.3499999940395355
3813,1,cluster_B,retain,1.0
3814,1,cluster_B,downweight,0.3499999940395355
3815,0,cluster_A,downweight,0.3499999940395355
3816,1,cluster_B,downweight,0.3499999940395355
3817,0,cluster_A,retain,1.0
3818,1,cluster_B,downweight,0.3499999940395355
3819,1,cluster_B,downweight,0.3499999940395355
3820,0,cluster_A,retain,1.0
3821,0,cluster_A,retain,1.0
3822,0,cluster_A,retain,1.0
3823,1,cluster_B,retain,1.0
3824,1,cluster_B,downweight,0.3499999940395355
3825,1,cluster_B,downweight,0.3499999940395355
3826,1,cluster_B,retain,1.0
3827,0,cluster_A,downweight,0.3499999940395355
3828,0,cluster_A,retain,1.0
3829,1,cluster_B,retain,1.0
3830,0,cluster_A,downweight,0.3499999940395355
3831,1,cluster_B,retain,1.0
3832,0,cluster_A,retain,1.0
3833,1,cluster_B,downweight,0.3499999940395355
3834,0,cluster_A,downweight,0.3499999940395355
3835,1,cluster_B,retain,1.0
3836,1,cluster_B,retain,1.0
3837,1,cluster_B,retain,1.0
3838,1,cluster_B,downweight,0.3499999940395355
3839,1,cluster_B,downweight,0.3499999940395355
3840,1,cluster_B,downweight,0.3499999940395355
3841,0,cluster_A,retain,1.0
3842,0,cluster_A,retain,1.0
3843,0,cluster_A,downweight,0.3499999940395355
3844,0,cluster_A,retain,1.0
3845,1,cluster_B,downweight,0.3499999940395355
3846,0,cluster_A,retain,1.0
3847,1,cluster_B,retain,1.0
3848,0,cluster_A,downweight,0.3499999940395355
3849,1,cluster_B,downweight,0.3499999940395355
3850,0,cluster_A,downweight,0.3499999940395355
3851,1,cluster_B,retain,1.0
3852,0,cluster_A,retain,1.0
3853,0,cluster_A,retain,1.0
3854,1,cluster_B,downweight,0.3499999940395355
3855,1,cluster_B,retain,1.0
3856,0,cluster_A,downweight,0.3499999940395355
3857,0,cluster_A,retain,1.0
3858,1,cluster_B,retain,1.0
3859,1,cluster_B,retain,1.0
3860,0,cluster_A,retain,1.0
3861,0,cluster_A,retain,1.0
3862,1,cluster_B,retain,1.0
3863,1,cluster_B,downweight,0.3499999940395355
3864,0,cluster_A,downweight,0.3499999940395355
3865,0,cluster_A,retain,1.0
3866,0,cluster_A,retain,1.0
3867,1,cluster_B,downweight,0.3499999940395355
3868,1,cluster_B,downweight,0.3499999940395355
3869,0,cluster_A,retain,1.0
3870,0,cluster_A,retain,1.0
3871,0,cluster_A,retain,1.0
3872,0,cluster_A,downweight,0.3499999940395355
3873,1,cluster_B,downweight,0.3499999940395355
3874,0,cluster_A,retain,1.0
3875,1,cluster_B,retain,1.0
3876,0,cluster_A,retain,1.0
3877,1,cluster_B,retain,1.0
3878,1,cluster_B,downweight,0.3499999940395355
3879,1,cluster_B,downweight,0.3499999940395355
3880,1,cluster_B,downweight,0.3499999940395355
3881,1,cluster_B,retain,1.0
3882,0,cluster_A,retain,1.0
3883,1,cluster_B,downweight,0.3499999940395355
3884,0,cluster_A,downweight,0.3499999940395355
3885,0,cluster_A,retain,1.0
3886,1,cluster_B,retain,1.0
3887,0,cluster_A,downweight,0.3499999940395355
3888,0,cluster_A,downweight,0.3499999940395355
3889,0,cluster_A,downweight,0.3499999940395355
3890,0,cluster_A,retain,1.0
3891,1,cluster_B,downweight,0.3499999940395355
3892,0,cluster_A,retain,1.0
3893,1,cluster_B,retain,1.0
3894,1,cluster_B,downweight,0.3499999940395355
3895,0,cluster_A,downweight,0.3499999940395355
3896,1,cluster_B,retain,1.0
3897,0,cluster_A,retain,1.0
3898,1,cluster_B,retain,1.0
3899,0,cluster_A,downweight,0.3499999940395355
3900,0,cluster_A,downweight,0.3499999940395355
3901,1,cluster_B,downweight,0.3499999940395355
3902,1,cluster_B,downweight,0.3499999940395355
3903,0,cluster_A,downweight,0.3499999940395355
3904,1,cluster_B,downweight,0.3499999940395355
3905,1,cluster_B,retain,1.0
3906,0,cluster_A,retain,1.0
3907,1,cluster_B,retain,1.0
3908,0,cluster_A,downweight,0.3499999940395355
3909,0,cluster_A,downweight,0.3499999940395355
3910,0,cluster_A,retain,1.0
3911,0,cluster_A,downweight,0.3499999940395355
3912,1,cluster_B,retain,1.0
3913,1,cluster_B,downweight,0.3499999940395355
3914,0,cluster_A,retain,1.0
3916,1,cluster_B,retain,1.0
3917,0,cluster_A,downweight,0.3499999940395355
3918,0,cluster_A,retain,1.0
3919,1,cluster_B,retain,1.0
3920,0,cluster_A,downweight,0.3499999940395355
3921,0,cluster_A,downweight,0.3499999940395355
3922,1,cluster_B,downweight,0.3499999940395355
3923,0,cluster_A,downweight,0.3499999940395355
3924,1,cluster_B,retain,1.0
3925,0,cluster_A,retain,1.0
3926,0,cluster_A,downweight,0.3499999940395355
3927,1,cluster_B,retain,1.0
3928,0,cluster_A,retain,1.0
3929,1,cluster_B,downweight,0.3499999940395355
3930,1,cluster_B,downweight,0.3499999940395355
3931,0,cluster_A,retain,1.0
3932,1,cluster_B,retain,1.0
3933,1,cluster_B,downweight,0.3499999940395355
3934,1,cluster_B,retain,1.0
3935,1,cluster_B,retain,1.0
3936,1,cluster_B,downweight,0.3499999940395355
3937,0,cluster_A,retain,1.0
3938,0,cluster_A,retain,1.0
3939,1,cluster_B,downweight,0.3499999940395355
3940,0,cluster_A,downweight,0.3499999940395355
3941,0,cluster_A,retain,1.0
3942,1,cluster_B,downweight,0.3499999940395355
3943,0,cluster_A,downweight,0.3499999940395355
3944,0,cluster_A,downweight,0.3499999940395355
3945,1,cluster_B,retain,1.0
3946,1,cluster_B,downweight,0.3499999940395355
3947,0,cluster_A,downweight,0.3499999940395355
3948,1,cluster_B,downweight,0.3499999940395355
3949,0,cluster_A,downweight,0.3499999940395355
3950,1,cluster_B,retain,1.0
3951,1,cluster_B,retain,1.0
3952,0,cluster_A,retain,1.0
3953,0,cluster_A,retain,1.0
3954,0,cluster_A,downweight,0.3499999940395355
3955,0,cluster_A,downweight,0.3499999940395355
3956,0,cluster_A,downweight,0.3499999940395355
3957,0,cluster_A,downweight,0.3499999940395355
3958,0,cluster_A,retain,1.0
3959,1,cluster_B,downweight,0.3499999940395355
3960,0,cluster_A,retain,1.0
3961,0,cluster_A,downweight,0.3499999940395355
3962,0,cluster_A,downweight,0.3499999940395355
3963,1,cluster_B,downweight,0.3499999940395355
3964,0,cluster_A,retain,1.0
3965,1,cluster_B,downweight,0.3499999940395355
3966,1,cluster_B,downweight,0.3499999940395355
3967,0,cluster_A,downweight,0.3499999940395355
3968,1,cluster_B,retain,1.0
3969,0,cluster_A,retain,1.0
3970,1,cluster_B,downweight,0.3499999940395355
3971,0,cluster_A,retain,1.0
3972,0,cluster_A,retain,1.0
3973,1,cluster_B,retain,1.0
3974,0,cluster_A,retain,1.0
3975,1,cluster_B,retain,1.0
3976,1,cluster_B,downweight,0.3499999940395355
3977,1,cluster_B,downweight,0.3499999940395355
3978,0,cluster_A,retain,1.0
3979,1,cluster_B,retain,1.0
3980,1,cluster_B,downweight,0.3499999940395355
3981,0,cluster_A,retain,1.0
3982,1,cluster_B,downweight,0.3499999940395355
3983,0,cluster_A,retain,1.0
3984,1,cluster_B,retain,1.0
3986,0,cluster_A,downweight,0.3499999940395355
3987,0,cluster_A,downweight,0.3499999940395355
3988,0,cluster_A,downweight,0.3499999940395355
3989,1,cluster_B,downweight,0.3499999940395355
3990,0,cluster_A,downweight,0.3499999940395355
3991,0,cluster_A,retain,1.0
3992,0,cluster_A,retain,1.0
3993,0,cluster_A,retain,1.0
3994,0,cluster_A,retain,1.0
3995,1,cluster_B,downweight,0.3499999940395355
3996,0,cluster_A,retain,1.0
3997,0,cluster_A,downweight,0.3499999940395355
3998,1,cluster_B,retain,1.0
3999,0,cluster_A,retain,1.0
4000,1,cluster_B,retain,1.0
4001,1,cluster_B,downweight,0.3499999940395355
4002,0,cluster_A,downweight,0.3499999940395355
4003,1,cluster_B,downweight,0.3499999940395355
4004,0,cluster_A,downweight,0.3499999940395355
4005,1,cluster_B,downweight,0.3499999940395355
4006,0,cluster_A,downweight,0.3499999940395355
4007,0,cluster_A,retain,1.0
4008,0,cluster_A,downweight,0.3499999940395355
4009,1,cluster_B,retain,1.0
4010,0,cluster_A,retain,1.0
4011,1,cluster_B,retain,1.0
4012,0,cluster_A,retain,1.0
4013,1,cluster_B,retain,1.0
4014,1,cluster_B,downweight,0.3499999940395355
4015,0,cluster_A,retain,1.0
4016,1,cluster_B,retain,1.0
4017,1,cluster_B,retain,1.0
4018,0,cluster_A,retain,1.0
4019,1,cluster_B,retain,1.0
4020,0,cluster_A,downweight,0.3499999940395355
4021,1,cluster_B,downweight,0.3499999940395355
4022,0,cluster_A,retain,1.0
4023,0,cluster_A,retain,1.0
4024,1,cluster_B,retain,1.0
4025,0,cluster_A,retain,1.0
4026,1,cluster_B,downweight,0.3499999940395355
4027,1,cluster_B,retain,1.0
4028,0,cluster_A,retain,1.0
4029,1,cluster_B,retain,1.0
4030,0,cluster_A,retain,1.0
4031,0,cluster_A,downweight,0.3499999940395355
4032,0,cluster_A,downweight,0.3499999940395355
4033,1,cluster_B,downweight,0.3499999940395355
4034,0,cluster_A,retain,1.0
4035,0,cluster_A,downweight,0.3499999940395355
4036,1,cluster_B,downweight,0.3499999940395355
4037,1,cluster_B,retain,1.0
4038,1,cluster_B,retain,1.0
4039,0,cluster_A,downweight,0.3499999940395355
4040,0,cluster_A,retain,1.0
4041,0,cluster_A,retain,1.0
4042,1,cluster_B,downweight,0.3499999940395355
4043,1,cluster_B,downweight,0.3499999940395355
4044,1,cluster_B,downweight,0.3499999940395355
4045,0,cluster_A,retain,1.0
4046,0,cluster_A,retain,1.0
4047,0,cluster_A,downweight,0.3499999940395355
4048,1,cluster_B,downweight,0.3499999940395355
4049,0,cluster_A,retain,1.0
4050,0,cluster_A,downweight,0.3499999940395355
4051,0,cluster_A,retain,1.0
4052,1,cluster_B,retain,1.0
4053,0,cluster_A,retain,1.0
4054,0,cluster_A,downweight,0.3499999940395355
4055,1,cluster_B,retain,1.0
4056,0,cluster_A,downweight,0.3499999940395355
4057,0,cluster_A,retain,1.0
4058,0,cluster_A,downweight,0.3499999940395355
4059,0,cluster_A,downweight,0.3499999940395355
4060,1,cluster_B,downweight,0.3499999940395355
4061,1,cluster_B,downweight,0.3499999940395355
4062,0,cluster_A,downweight,0.3499999940395355
4063,0,cluster_A,retain,1.0
4064,1,cluster_B,retain,1.0
4065,1,cluster_B,retain,1.0
4066,1,cluster_B,downweight,0.3499999940395355
4067,1,cluster_B,retain,1.0
4068,1,cluster_B,retain,1.0
4069,0,cluster_A,downweight,0.3499999940395355
4070,1,cluster_B,downweight,0.3499999940395355
4071,0,cluster_A,downweight,0.3499999940395355
4072,1,cluster_B,retain,1.0
4073,1,cluster_B,retain,1.0
4074,1,cluster_B,downweight,0.3499999940395355
4075,1,cluster_B,retain,1.0
4076,0,cluster_A,downweight,0.3499999940395355
4077,1,cluster_B,retain,1.0
4078,1,cluster_B,retain,1.0
4079,0,cluster_A,retain,1.0
4080,1,cluster_B,retain,1.0
4081,0,cluster_A,retain,1.0
4082,1,cluster_B,downweight,0.3499999940395355
4083,0,cluster_A,downweight,0.3499999940395355
4084,1,cluster_B,retain,1.0
4085,1,cluster_B,retain,1.0
4086,1,cluster_B,retain,1.0
4087,1,cluster_B,retain,1.0
4088,1,cluster_B,downweight,0.3499999940395355
4089,1,cluster_B,downweight,0.3499999940395355
4090,1,cluster_B,downweight,0.3499999940395355
4091,0,cluster_A,downweight,0.3499999940395355
4092,0,cluster_A,retain,1.0
4093,0,cluster_A,downweight,0.3499999940395355
4094,0,cluster_A,retain,1.0
4095,0,cluster_A,downweight,0.3499999940395355
4096,0,cluster_A,downweight,0.3499999940395355
4097,1,cluster_B,downweight,0.3499999940395355
4098,0,cluster_A,downweight,0.3499999940395355
4099,0,cluster_A,downweight,0.3499999940395355
4100,0,cluster_A,retain,1.0
4101,0,cluster_A,retain,1.0
4102,0,cluster_A,retain,1.0
4103,1,cluster_B,retain,1.0
4104,0,cluster_A,downweight,0.3499999940395355
4105,1,cluster_B,downweight,0.3499999940395355
4106,0,cluster_A,retain,1.0
4107,0,cluster_A,downweight,0.3499999940395355
4108,1,cluster_B,downweight,0.3499999940395355
4109,1,cluster_B,retain,1.0
4110,0,cluster_A,downweight,0.3499999940395355
4111,0,cluster_A,downweight,0.3499999940395355
4112,0,cluster_A,retain,1.0
4113,1,cluster_B,downweight,0.3499999940395355
4114,0,cluster_A,downweight,0.3499999940395355
4115,1,cluster_B,retain,1.0
4116,1,cluster_B,retain,1.0
4117,1,cluster_B,retain,1.0
4118,1,cluster_B,retain,1.0
4119,0,cluster_A,downweight,0.3499999940395355
4120,1,cluster_B,retain,1.0
4121,0,cluster_A,downweight,0.3499999940395355
4122,0,cluster_A,retain,1.0
4123,1,cluster_B,downweight,0.3499999940395355
4124,1,cluster_B,retain,1.0
4125,1,cluster_B,retain,1.0
4126,0,cluster_A,downweight,0.3499999940395355
4127,1,cluster_B,downweight,0.3499999940395355
4128,0,cluster_A,downweight,0.3499999940395355
4129,0,cluster_A,retain,1.0
4130,1,cluster_B,downweight,0.3499999940395355
4131,1,cluster_B,downweight,0.3499999940395355
4132,1,cluster_B,downweight,0.3499999940395355
4133,1,cluster_B,downweight,0.3499999940395355
4134,0,cluster_A,downweight,0.3499999940395355
4135,0,cluster_A,retain,1.0
4136,1,cluster_B,retain,1.0
4137,0,cluster_A,downweight,0.3499999940395355
4138,1,cluster_B,retain,1.0
4139,1,cluster_B,retain,1.0
4140,0,cluster_A,downweight,0.3499999940395355
4141,1,cluster_B,downweight,0.3499999940395355
4142,1,cluster_B,retain,1.0
4143,0,cluster_A,downweight,0.3499999940395355
4144,0,cluster_A,downweight,0.3499999940395355
4145,1,cluster_B,downweight,0.3499999940395355
4146,0,cluster_A,downweight,0.3499999940395355
4147,1,cluster_B,downweight,0.3499999940395355
4148,1,cluster_B,downweight,0.3499999940395355
4149,1,cluster_B,downweight,0.3499999940395355
4151,0,cluster_A,downweight,0.3499999940395355
4152,0,cluster_A,retain,1.0
4153,1,cluster_B,retain,1.0
4154,1,cluster_B,retain,1.0
4155,0,cluster_A,retain,1.0
4156,0,cluster_A,downweight,0.3499999940395355
4157,1,cluster_B,downweight,0.3499999940395355
4158,1,cluster_B,retain,1.0
4159,1,cluster_B,downweight,0.3499999940395355
4160,1,cluster_B,downweight,0.3499999940395355
4161,0,cluster_A,retain,1.0
4162,1,cluster_B,retain,1.0
4163,0,cluster_A,retain,1.0
4164,0,cluster_A,downweight,0.3499999940395355
4165,0,cluster_A,retain,1.0
4166,1,cluster_B,retain,1.0
4167,0,cluster_A,downweight,0.3499999940395355
4168,1,cluster_B,retain,1.0
4169,1,cluster_B,downweight,0.3499999940395355
4170,1,cluster_B,downweight,0.3499999940395355
4171,0,cluster_A,retain,1.0
4172,1,cluster_B,downweight,0.3499999940395355
4173,0,cluster_A,downweight,0.3499999940395355
4174,1,cluster_B,downweight,0.3499999940395355
4175,0,cluster_A,downweight,0.3499999940395355
4176,1,cluster_B,downweight,0.3499999940395355
4177,1,cluster_B,downweight,0.3499999940395355
4178,1,cluster_B,downweight,0.3499999940395355
4179,1,cluster_B,retain,1.0
4180,1,cluster_B,downweight,0.3499999940395355
4181,1,cluster_B,retain,1.0
4182,1,cluster_B,retain,1.0
4183,1,cluster_B,downweight,0.3499999940395355
4184,0,cluster_A,downweight,0.3499999940395355
4185,1,cluster_B,retain,1.0
4186,0,cluster_A,downweight,0.3499999940395355
4187,1,cluster_B,downweight,0.3499999940395355
4188,0,cluster_A,downweight,0.3499999940395355
4189,1,cluster_B,retain,1.0
4190,0,cluster_A,retain,1.0
4191,1,cluster_B,retain,1.0
4192,0,cluster_A,retain,1.0
4193,0,cluster_A,downweight,0.3499999940395355
4194,1,cluster_B,retain,1.0
4195,0,cluster_A,retain,1.0
4196,1,cluster_B,downweight,0.3499999940395355
4197,1,cluster_B,retain,1.0
4198,0,cluster_A,downweight,0.3499999940395355
4199,0,cluster_A,retain,1.0
4200,0,cluster_A,retain,1.0
4201,0,cluster_A,retain,1.0
4202,1,cluster_B,retain,1.0
4203,0,cluster_A,downweight,0.3499999940395355
4204,1,cluster_B,downweight,0.3499999940395355
4205,1,cluster_B,downweight,0.3499999940395355
4206,0,cluster_A,retain,1.0
4207,1,cluster_B,downweight,0.3499999940395355
4208,0,cluster_A,downweight,0.3499999940395355
4209,0,cluster_A,downweight,0.3499999940395355
4210,1,cluster_B,downweight,0.3499999940395355
4211,0,cluster_A,retain,1.0
4212,1,cluster_B,retain,1.0
4213,0,cluster_A,downweight,0.3499999940395355
4214,1,cluster_B,retain,1.0
4215,0,cluster_A,retain,1.0
4216,0,cluster_A,retain,1.0
4217,1,cluster_B,downweight,0.3499999940395355
4218,0,cluster_A,retain,1.0
4219,0,cluster_A,downweight,0.3499999940395355
4220,1,cluster_B,downweight,0.3499999940395355
4221,1,cluster_B,retain,1.0
4223,1,cluster_B,downweight,0.3499999940395355
4224,1,cluster_B,retain,1.0
4225,1,cluster_B,downweight,0.3499999940395355
4226,1,cluster_B,downweight,0.3499999940395355
4227,0,cluster_A,retain,1.0
4228,0,cluster_A,downweight,0.3499999940395355
4229,0,cluster_A,retain,1.0
4230,1,cluster_B,downweight,0.3499999940395355
4231,1,cluster_B,retain,1.0
4232,0,cluster_A,downweight,0.3499999940395355
4233,1,cluster_B,retain,1.0
4234,1,cluster_B,downweight,0.3499999940395355
4235,1,cluster_B,retain,1.0
4236,1,cluster_B,downweight,0.3499999940395355
4237,0,cluster_A,retain,1.0
4238,1,cluster_B,retain,1.0
4239,0,cluster_A,downweight,0.3499999940395355
4240,0,cluster_A,retain,1.0
4241,1,cluster_B,downweight,0.3499999940395355
4242,1,cluster_B,downweight,0.3499999940395355
4243,1,cluster_B,retain,1.0
4244,0,cluster_A,downweight,0.3499999940395355
4245,0,cluster_A,downweight,0.3499999940395355
4246,0,cluster_A,retain,1.0
4247,0,cluster_A,downweight,0.3499999940395355
4248,0,cluster_A,retain,1.0
4249,0,cluster_A,retain,1.0
4250,0,cluster_A,downweight,0.3499999940395355
4251,1,cluster_B,retain,1.0
4252,0,cluster_A,retain,1.0
4253,0,cluster_A,retain,1.0
4254,1,cluster_B,retain,1.0
4255,1,cluster_B,downweight,0.3499999940395355
4256,0,cluster_A,retain,1.0
4257,0,cluster_A,retain,1.0
4258,0,cluster_A,retain,1.0
4259,0,cluster_A,downweight,0.3499999940395355
4260,1,cluster_B,downweight,0.3499999940395355
4261,0,cluster_A,downweight,0.3499999940395355
4262,0,cluster_A,downweight,0.3499999940395355
4263,0,cluster_A,retain,1.0
4264,1,cluster_B,downweight,0.3499999940395355
4265,1,cluster_B,downweight,0.3499999940395355
4266,1,cluster_B,downweight,0.3499999940395355
4267,0,cluster_A,retain,1.0
4268,1,cluster_B,retain,1.0
4269,0,cluster_A,downweight,0.3499999940395355
4270,1,cluster_B,downweight,0.3499999940395355
4271,0,cluster_A,retain,1.0
4272,0,cluster_A,retain,1.0
4273,1,cluster_B,retain,1.0
4274,0,cluster_A,downweight,0.3499999940395355
4275,1,cluster_B,retain,1.0
4276,0,cluster_A,downweight,0.3499999940395355
4277,1,cluster_B,downweight,0.3499999940395355
4278,0,cluster_A,downweight,0.3499999940395355
4279,0,cluster_A,downweight,0.3499999940395355
4280,1,cluster_B,retain,1.0
4281,0,cluster_A,downweight,0.3499999940395355
4282,0,cluster_A,retain,1.0
4283,1,cluster_B,retain,1.0
4284,0,cluster_A,downweight,0.3499999940395355
4285,1,cluster_B,retain,1.0
4286,1,cluster_B,retain,1.0
4287,0,cluster_A,retain,1.0
4288,1,cluster_B,retain,1.0
4289,0,cluster_A,downweight,0.3499999940395355
4290,0,cluster_A,downweight,0.3499999940395355
4291,1,cluster_B,downweight,0.3499999940395355
4292,1,cluster_B,retain,1.0
4293,1,cluster_B,retain,1.0
4294,1,cluster_B,retain,1.0
4295,1,cluster_B,downweight,0.3499999940395355
4296,0,cluster_A,retain,1.0
4297,0,cluster_A,retain,1.0
4298,0,cluster_A,retain,1.0
4299,1,cluster_B,retain,1.0
4300,0,cluster_A,retain,1.0
4301,0,cluster_A,retain,1.0
4302,0,cluster_A,downweight,0.3499999940395355
4303,0,cluster_A,retain,1.0
4304,0,cluster_A,retain,1.0
4305,0,cluster_A,downweight,0.3499999940395355
4306,1,cluster_B,retain,1.0
4307,1,cluster_B,downweight,0.3499999940395355
4308,0,cluster_A,retain,1.0
4309,0,cluster_A,downweight,0.3499999940395355
4310,1,cluster_B,downweight,0.3499999940395355
4311,1,cluster_B,retain,1.0
4312,1,cluster_B,retain,1.0
4313,1,cluster_B,retain,1.0
4314,1,cluster_B,retain,1.0
4315,1,cluster_B,downweight,0.3499999940395355
4316,1,cluster_B,downweight,0.3499999940395355
4317,0,cluster_A,downweight,0.3499999940395355
4318,1,cluster_B,downweight,0.3499999940395355
4319,0,cluster_A,downweight,0.3499999940395355
4320,0,cluster_A,retain,1.0
4321,0,cluster_A,retain,1.0
4322,1,cluster_B,downweight,0.3499999940395355
4323,0,cluster_A,downweight,0.3499999940395355
4324,0,cluster_A,retain,1.0
4325,0,cluster_A,downweight,0.3499999940395355
4326,0,cluster_A,downweight,0.3499999940395355
4327,0,cluster_A,downweight,0.3499999940395355
4328,1,cluster_B,retain,1.0
4329,0,cluster_A,retain,1.0
4330,1,cluster_B,downweight,0.3499999940395355
4331,0,cluster_A,retain,1.0
4332,0,cluster_A,retain,1.0
4333,0,cluster_A,downweight,0.3499999940395355
4334,0,cluster_A,downweight,0.3499999940395355
4335,1,cluster_B,downweight,0.3499999940395355
4336,0,cluster_A,downweight,0.3499999940395355
4337,0,cluster_A,downweight,0.3499999940395355
4338,0,cluster_A,retain,1.0
4339,1,cluster_B,downweight,0.3499999940395355
4340,0,cluster_A,downweight,0.3499999940395355
4341,1,cluster_B,retain,1.0
4342,1,cluster_B,downweight,0.3499999940395355
4343,1,cluster_B,downweight,0.3499999940395355
4344,1,cluster_B,downweight,0.3499999940395355
4345,0,cluster_A,retain,1.0
4346,1,cluster_B,downweight,0.3499999940395355
4347,1,cluster_B,retain,1.0
4348,1,cluster_B,retain,1.0
4349,1,cluster_B,retain,1.0
4350,0,cluster_A,downweight,0.3499999940395355
4351,0,cluster_A,downweight,0.3499999940395355
4352,1,cluster_B,downweight,0.3499999940395355
4353,0,cluster_A,retain,1.0
4354,0,cluster_A,retain,1.0
4355,0,cluster_A,downweight,0.3499999940395355
4356,0,cluster_A,downweight,0.3499999940395355
4357,0,cluster_A,retain,1.0
4358,1,cluster_B,downweight,0.3499999940395355
4359,0,cluster_A,retain,1.0
4360,1,cluster_B,downweight,0.3499999940395355
4361,0,cluster_A,retain,1.0
4362,1,cluster_B,downweight,0.3499999940395355
4363,1,cluster_B,downweight,0.3499999940395355
4364,1,cluster_B,retain,1.0
4365,1,cluster_B,downweight,0.3499999940395355
4366,1,cluster_B,retain,1.0
4367,1,cluster_B,downweight,0.3499999940395355
4368,0,cluster_A,downweight,0.3499999940395355
4369,1,cluster_B,downweight,0.3499999940395355
4370,0,cluster_A,downweight,0.3499999940395355
4371,1,cluster_B,downweight,0.3499999940395355
4372,0,cluster_A,downweight,0.3499999940395355
4373,0,cluster_A,retain,1.0
4374,0,cluster_A,retain,1.0
4375,0,cluster_A,retain,1.0
4376,0,cluster_A,downweight,0.3499999940395355
4377,1,cluster_B,retain,1.0
4378,0,cluster_A,retain,1.0
4379,1,cluster_B,downweight,0.3499999940395355
4380,0,cluster_A,retain,1.0
4381,1,cluster_B,downweight,0.3499999940395355
4382,1,cluster_B,downweight,0.3499999940395355
4383,1,cluster_B,downweight,0.3499999940395355
4384,1,cluster_B,downweight,0.3499999940395355
4385,1,cluster_B,retain,1.0
4386,1,cluster_B,downweight,0.3499999940395355
4387,1,cluster_B,downweight,0.3499999940395355
4388,0,cluster_A,downweight,0.3499999940395355
4389,0,cluster_A,retain,1.0
4390,1,cluster_B,retain,1.0
4391,0,cluster_A,downweight,0.3499999940395355
4392,1,cluster_B,downweight,0.3499999940395355
4393,1,cluster_B,retain,1.0
4394,1,cluster_B,retain,1.0
4395,1,cluster_B,retain,1.0
4396,0,cluster_A,downweight,0.3499999940395355
4397,0,cluster_A,downweight,0.3499999940395355
4398,0,cluster_A,retain,1.0
4399,1,cluster_B,downweight,0.3499999940395355
4400,1,cluster_B,downweight,0.3499999940395355
4401,1,cluster_B,retain,1.0
4402,0,cluster_A,downweight,0.3499999940395355
4403,0,cluster_A,downweight,0.3499999940395355
4404,0,cluster_A,downweight,0.3499999940395355
4405,0,cluster_A,downweight,0.3499999940395355
4406,0,cluster_A,retain,1.0
4407,1,cluster_B,downweight,0.3499999940395355
4408,0,cluster_A,retain,1.0
4409,0,cluster_A,downweight,0.3499999940395355
4410,0,cluster_A,retain,1.0
4411,1,cluster_B,downweight,0.3499999940395355
4412,0,cluster_A,downweight,0.3499999940395355
4413,0,cluster_A,retain,1.0
4414,1,cluster_B,retain,1.0
4415,1,cluster_B,retain,1.0
4416,0,cluster_A,retain,1.0
4417,1,cluster_B,downweight,0.3499999940395355
4418,0,cluster_A,downweight,0.3499999940395355
4419,1,cluster_B,downweight,0.3499999940395355
4420,0,cluster_A,downweight,0.3499999940395355
4421,0,cluster_A,retain,1.0
4422,1,cluster_B,downweight,0.3499999940395355
4423,1,cluster_B,retain,1.0
4424,1,cluster_B,downweight,0.3499999940395355
4425,1,cluster_B,retain,1.0
4426,1,cluster_B,downweight,0.3499999940395355
4427,1,cluster_B,retain,1.0
4428,1,cluster_B,downweight,0.3499999940395355
4429,1,cluster_B,retain,1.0
4430,0,cluster_A,downweight,0.3499999940395355
4431,1,cluster_B,retain,1.0
4432,1,cluster_B,retain,1.0
4433,0,cluster_A,downweight,0.3499999940395355
4434,1,cluster_B,downweight,0.3499999940395355
4435,0,cluster_A,downweight,0.3499999940395355
4436,0,cluster_A,retain,1.0
4437,0,cluster_A,downweight,0.3499999940395355
4438,0,cluster_A,retain,1.0
4439,1,cluster_B,downweight,0.3499999940395355
4440,0,cluster_A,retain,1.0
4441,1,cluster_B,downweight,0.3499999940395355
4442,1,cluster_B,retain,1.0
4443,0,cluster_A,downweight,0.3499999940395355
4444,0,cluster_A,retain,1.0
4445,0,cluster_A,downweight,0.3499999940395355
4446,1,cluster_B,downweight,0.3499999940395355
4447,1,cluster_B,downweight,0.3499999940395355
4448,0,cluster_A,retain,1.0
4449,0,cluster_A,downweight,0.3499999940395355
4450,1,cluster_B,downweight,0.3499999940395355
4451,0,cluster_A,downweight,0.3499999940395355
4452,0,cluster_A,retain,1.0
4453,1,cluster_B,downweight,0.3499999940395355
4454,1,cluster_B,retain,1.0
4455,1,cluster_B,retain,1.0
4456,1,cluster_B,downweight,0.3499999940395355
4457,1,cluster_B,downweight,0.3499999940395355
4458,1,cluster_B,retain,1.0
4459,0,cluster_A,downweight,0.3499999940395355
4460,1,cluster_B,downweight,0.3499999940395355
4461,0,cluster_A,retain,1.0
4462,1,cluster_B,retain,1.0
4463,1,cluster_B,retain,1.0
4464,0,cluster_A,retain,1.0
4465,1,cluster_B,downweight,0.3499999940395355
4466,1,cluster_B,downweight,0.3499999940395355
4467,0,cluster_A,downweight,0.3499999940395355
4468,0,cluster_A,retain,1.0
4469,0,cluster_A,downweight,0.3499999940395355
4470,0,cluster_A,retain,1.0
4471,0,cluster_A,retain,1.0
4472,1,cluster_B,downweight,0.3499999940395355
4473,1,cluster_B,retain,1.0
4474,0,cluster_A,retain,1.0
4475,1,cluster_B,downweight,0.3499999940395355
4476,0,cluster_A,downweight,0.3499999940395355
4477,1,cluster_B,downweight,0.3499999940395355
4478,1,cluster_B,retain,1.0
4479,1,cluster_B,retain,1.0
4480,0,cluster_A,retain,1.0
4481,0,cluster_A,downweight,0.3499999940395355
4482,1,cluster_B,downweight,0.3499999940395355
4483,1,cluster_B,downweight,0.3499999940395355
4484,1,cluster_B,downweight,0.3499999940395355
4485,0,cluster_A,downweight,0.3499999940395355
4486,0,cluster_A,downweight,0.3499999940395355
4487,0,cluster_A,downweight,0.3499999940395355
4488,0,cluster_A,downweight,0.3499999940395355
4489,1,cluster_B,retain,1.0
4490,1,cluster_B,retain,1.0
4491,0,cluster_A,downweight,0.3499999940395355
4492,0,cluster_A,downweight,0.3499999940395355
4493,0,cluster_A,retain,1.0
4494,0,cluster_A,retain,1.0
4495,0,cluster_A,retain,1.0
4496,0,cluster_A,retain,1.0
4497,0,cluster_A,downweight,0.3499999940395355
4498,0,cluster_A,downweight,0.3499999940395355
4499,1,cluster_B,retain,1.0
4500,0,cluster_A,retain,1.0
4501,1,cluster_B,downweight,0.3499999940395355
4502,0,cluster_A,downweight,0.3499999940395355
4503,1,cluster_B,downweight,0.3499999940395355
4504,1,cluster_B,retain,1.0
4505,1,cluster_B,downweight,0.3499999940395355
4506,0,cluster_A,downweight,0.3499999940395355
4507,1,cluster_B,downweight,0.3499999940395355
4508,0,cluster_A,downweight,0.3499999940395355
4509,0,cluster_A,downweight,0.3499999940395355
4510,0,cluster_A,downweight,0.3499999940395355
4511,0,cluster_A,retain,1.0
4512,0,cluster_A,downweight,0.3499999940395355
4514,0,cluster_A,downweight,0.3499999940395355
4515,1,cluster_B,downweight,0.3499999940395355
4516,0,cluster_A,downweight,0.3499999940395355
4517,0,cluster_A,retain,1.0
4518,1,cluster_B,downweight,0.3499999940395355
4519,1,cluster_B,retain,1.0
4520,0,cluster_A,downweight,0.3499999940395355
4521,0,cluster_A,downweight,0.3499999940395355
4522,1,cluster_B,downweight,0.3499999940395355
4523,1,cluster_B,retain,1.0
4524,0,cluster_A,retain,1.0
4525,1,cluster_B,downweight,0.3499999940395355
4526,0,cluster_A,retain,1.0
4527,1,cluster_B,retain,1.0
4528,0,cluster_A,retain,1.0
4529,0,cluster_A,retain,1.0
4530,0,cluster_A,downweight,0.3499999940395355
4531,1,cluster_B,retain,1.0
4532,1,cluster_B,retain,1.0
4533,0,cluster_A,downweight,0.3499999940395355
4534,1,cluster_B,downweight,0.3499999940395355
4535,0,cluster_A,retain,1.0
4536,1,cluster_B,downweight,0.3499999940395355
4537,1,cluster_B,downweight,0.3499999940395355
4538,1,cluster_B,retain,1.0
4539,0,cluster_A,retain,1.0
4540,0,cluster_A,retain,1.0
4541,1,cluster_B,retain,1.0
4542,1,cluster_B,downweight,0.3499999940395355
4543,0,cluster_A,retain,1.0
4544,1,cluster_B,retain,1.0
4545,0,cluster_A,retain,1.0
4546,0,cluster_A,downweight,0.3499999940395355
4547,0,cluster_A,retain,1.0
4548,1,cluster_B,downweight,0.3499999940395355
4549,0,cluster_A,downweight,0.3499999940395355
4550,1,cluster_B,retain,1.0
4551,0,cluster_A,downweight,0.3499999940395355
4552,1,cluster_B,downweight,0.3499999940395355
4553,0,cluster_A,retain,1.0
4554,0,cluster_A,downweight,0.3499999940395355
4555,1,cluster_B,retain,1.0
4556,1,cluster_B,retain,1.0
4557,1,cluster_B,downweight,0.3499999940395355
4558,0,cluster_A,retain,1.0
4559,1,cluster_B,downweight,0.3499999940395355
4560,1,cluster_B,downweight,0.3499999940395355
4561,0,cluster_A,retain,1.0
4562,0,cluster_A,downweight,0.3499999940395355
4563,1,cluster_B,downweight,0.3499999940395355
4564,1,cluster_B,downweight,0.3499999940395355
4565,0,cluster_A,retain,1.0
4566,0,cluster_A,downweight,0.3499999940395355
4567,0,cluster_A,retain,1.0
4568,0,cluster_A,retain,1.0
4569,0,cluster_A,retain,1.0
4570,1,cluster_B,downweight,0.3499999940395355
4571,1,cluster_B,retain,1.0
4572,1,cluster_B,downweight,0.3499999940395355
4573,0,cluster_A,downweight,0.3499999940395355
4574,0,cluster_A,retain,1.0
4576,1,cluster_B,downweight,0.3499999940395355
4577,0,cluster_A,downweight,0.3499999940395355
4578,0,cluster_A,retain,1.0
4579,0,cluster_A,downweight,0.3499999940395355
4580,0,cluster_A,retain,1.0
4581,1,cluster_B,retain,1.0
4582,1,cluster_B,downweight,0.3499999940395355
4583,1,cluster_B,downweight,0.3499999940395355
4584,1,cluster_B,retain,1.0
4585,1,cluster_B,downweight,0.3499999940395355
4586,0,cluster_A,retain,1.0
4587,0,cluster_A,downweight,0.3499999940395355
4588,1,cluster_B,downweight,0.3499999940395355
4589,1,cluster_B,retain,1.0
4590,1,cluster_B,retain,1.0
4591,1,cluster_B,downweight,0.3499999940395355
4592,1,cluster_B,downweight,0.3499999940395355
4593,1,cluster_B,downweight,0.3499999940395355
4594,1,cluster_B,downweight,0.3499999940395355
4595,0,cluster_A,downweight,0.3499999940395355
4596,1,cluster_B,downweight,0.3499999940395355
4597,1,cluster_B,downweight,0.3499999940395355
4598,0,cluster_A,downweight,0.3499999940395355
4599,0,cluster_A,downweight,0.3499999940395355
4600,0,cluster_A,retain,1.0
4601,0,cluster_A,retain,1.0
4602,1,cluster_B,retain,1.0
4603,0,cluster_A,downweight,0.3499999940395355
4604,1,cluster_B,retain,1.0
4605,0,cluster_A,retain,1.0
4606,0,cluster_A,downweight,0.3499999940395355
4607,0,cluster_A,retain,1.0
4608,0,cluster_A,downweight,0.3499999940395355
4609,0,cluster_A,downweight,0.3499999940395355
4610,0,cluster_A,retain,1.0
4611,1,cluster_B,downweight,0.3499999940395355
4613,1,cluster_B,downweight,0.3499999940395355
4614,1,cluster_B,downweight,0.3499999940395355
4615,0,cluster_A,retain,1.0
4616,1,cluster_B,downweight,0.3499999940395355
4617,0,cluster_A,downweight,0.3499999940395355
4618,0,cluster_A,downweight,0.3499999940395355
4619,0,cluster_A,downweight,0.3499999940395355
4620,1,cluster_B,downweight,0.3499999940395355
4621,0,cluster_A,retain,1.0
4622,0,cluster_A,downweight,0.3499999940395355
4623,1,cluster_B,downweight,0.3499999940395355
4624,0,cluster_A,retain,1.0
4625,0,cluster_A,retain,1.0
4626,1,cluster_B,retain,1.0
4627,0,cluster_A,retain,1.0
4628,1,cluster_B,downweight,0.3499999940395355
4629,0,cluster_A,retain,1.0
4630,0,cluster_A,retain,1.0
4631,1,cluster_B,downweight,0.3499999940395355
4632,0,cluster_A,retain,1.0
4633,1,cluster_B,retain,1.0
4634,1,cluster_B,downweight,0.3499999940395355
4635,0,cluster_A,retain,1.0
4636,1,cluster_B,retain,1.0
4637,0,cluster_A,retain,1.0
4638,0,cluster_A,downweight,0.3499999940395355
4639,0,cluster_A,retain,1.0
4640,0,cluster_A,downweight,0.3499999940395355
4641,1,cluster_B,downweight,0.3499999940395355
4642,1,cluster_B,retain,1.0
4643,0,cluster_A,retain,1.0
4644,0,cluster_A,downweight,0.3499999940395355
4645,0,cluster_A,downweight,0.3499999940395355
4646,0,cluster_A,downweight,0.3499999940395355
4647,0,cluster_A,retain,1.0
4648,1,cluster_B,retain,1.0
4649,0,cluster_A,downweight,0.3499999940395355
4650,0,cluster_A,downweight,0.3499999940395355
4652,1,cluster_B,retain,1.0
4653,1,cluster_B,downweight,0.3499999940395355
4654,1,cluster_B,downweight,0.3499999940395355
4655,0,cluster_A,retain,1.0
4656,0,cluster_A,retain,1.0
4657,0,cluster_A,retain,1.0
4658,0,cluster_A,downweight,0.3499999940395355
4659,1,cluster_B,retain,1.0
4660,0,cluster_A,retain,1.0
4661,1,cluster_B,retain,1.0
4662,0,cluster_A,downweight,0.3499999940395355
4663,1,cluster_B,retain,1.0
4664,1,cluster_B,downweight,0.3499999940395355
4665,0,cluster_A,retain,1.0
4666,0,cluster_A,downweight,0.3499999940395355
4667,0,cluster_A,downweight,0.3499999940395355
4668,1,cluster_B,retain,1.0
4669,1,cluster_B,downweight,0.3499999940395355
4670,1,cluster_B,downweight,0.3499999940395355
4671,1,cluster_B,retain,1.0
4672,0,cluster_A,downweight,0.3499999940395355
4673,0,cluster_A,retain,1.0
4674,1,cluster_B,downweight,0.3499999940395355
4675,0,cluster_A,downweight,0.3499999940395355
4676,0,cluster_A,downweight,0.3499999940395355
4677,0,cluster_A,downweight,0.3499999940395355
4678,0,cluster_A,downweight,0.3499999940395355
4679,1,cluster_B,downweight,0.3499999940395355
4680,1,cluster_B,downweight,0.3499999940395355
4681,0,cluster_A,retain,1.0
4682,1,cluster_B,downweight,0.3499999940395355
4683,0,cluster_A,retain,1.0
4684,1,cluster_B,retain,1.0
4685,1,cluster_B,downweight,0.3499999940395355
4686,0,cluster_A,retain,1.0
4687,0,cluster_A,retain,1.0
4688,1,cluster_B,downweight,0.3499999940395355
4689,0,cluster_A,retain,1.0
4690,0,cluster_A,downweight,0.3499999940395355
4691,0,cluster_A,retain,1.0
4692,1,cluster_B,downweight,0.3499999940395355
4693,1,cluster_B,downweight,0.3499999940395355
4694,1,cluster_B,retain,1.0
4695,0,cluster_A,retain,1.0
4696,1,cluster_B,downweight,0.3499999940395355
4697,1,cluster_B,downweight,0.3499999940395355
4698,0,cluster_A,downweight,0.3499999940395355
4699,0,cluster_A,retain,1.0
4700,1,cluster_B,retain,1.0
4701,1,cluster_B,downweight,0.3499999940395355
4702,0,cluster_A,retain,1.0
4703,1,cluster_B,downweight,0.3499999940395355
4704,1,cluster_B,retain,1.0
4705,0,cluster_A,downweight,0.3499999940395355
4706,1,cluster_B,downweight,0.3499999940395355
4707,0,cluster_A,downweight,0.3499999940395355
4708,0,cluster_A,downweight,0.3499999940395355
4709,1,cluster_B,downweight,0.3499999940395355
4710,0,cluster_A,downweight,0.3499999940395355
4711,1,cluster_B,retain,1.0
4712,1,cluster_B,downweight,0.3499999940395355
4713,1,cluster_B,retain,1.0
4714,0,cluster_A,downweight,0.3499999940395355
4715,1,cluster_B,retain,1.0
4716,1,cluster_B,retain,1.0
4717,0,cluster_A,downweight,0.3499999940395355
4718,0,cluster_A,downweight,0.3499999940395355
4719,1,cluster_B,retain,1.0
4720,1,cluster_B,downweight,0.3499999940395355
4721,0,cluster_A,retain,1.0
4722,0,cluster_A,retain,1.0
4723,1,cluster_B,downweight,0.3499999940395355
4724,0,cluster_A,retain,1.0
4725,0,cluster_A,retain,1.0
4726,1,cluster_B,downweight,0.3499999940395355
4727,1,cluster_B,retain,1.0
4728,0,cluster_A,retain,1.0
4729,0,cluster_A,retain,1.0
4730,1,cluster_B,retain,1.0
4731,0,cluster_A,retain,1.0
4732,0,cluster_A,retain,1.0
4733,1,cluster_B,retain,1.0
4734,1,cluster_B,retain,1.0
4735,1,cluster_B,downweight,0.3499999940395355
4736,1,cluster_B,retain,1.0
4737,1,cluster_B,downweight,0.3499999940395355
4738,1,cluster_B,downweight,0.3499999940395355
4739,1,cluster_B,downweight,0.3499999940395355
4740,1,cluster_B,downweight,0.3499999940395355
4741,1,cluster_B,downweight,0.3499999940395355
4742,0,cluster_A,retain,1.0
4743,1,cluster_B,downweight,0.3499999940395355
4744,1,cluster_B,retain,1.0
4745,0,cluster_A,retain,1.0
4746,1,cluster_B,downweight,0.3499999940395355
4747,0,cluster_A,downweight,0.3499999940395355
4748,0,cluster_A,retain,1.0
4749,0,cluster_A,downweight,0.3499999940395355
4750,0,cluster_A,downweight,0.3499999940395355
4751,1,cluster_B,downweight,0.3499999940395355
4752,0,cluster_A,retain,1.0
4753,0,cluster_A,retain,1.0
4754,0,cluster_A,retain,1.0
4755,1,cluster_B,downweight,0.3499999940395355
4756,0,cluster_A,retain,1.0
4757,1,cluster_B,downweight,0.3499999940395355
4758,1,cluster_B,retain,1.0
4759,1,cluster_B,retain,1.0
4760,0,cluster_A,downweight,0.3499999940395355
4761,1,cluster_B,downweight,0.3499999940395355
4762,0,cluster_A,downweight,0.3499999940395355
4763,0,cluster_A,retain,1.0
4764,0,cluster_A,retain,1.0
4765,0,cluster_A,retain,1.0
4766,1,cluster_B,downweight,0.3499999940395355
4767,1,cluster_B,downweight,0.3499999940395355
4768,1,cluster_B,downweight,0.3499999940395355
4769,1,cluster_B,retain,1.0
4770,0,cluster_A,retain,1.0
4771,0,cluster_A,retain,1.0
4772,1,cluster_B,retain,1.0
4773,0,cluster_A,downweight,0.3499999940395355
4774,1,cluster_B,downweight,0.3499999940395355
4775,1,cluster_B,retain,1.0
4776,0,cluster_A,downweight,0.3499999940395355
4777,1,cluster_B,downweight,0.3499999940395355
4778,0,cluster_A,downweight,0.3499999940395355
4779,1,cluster_B,retain,1.0
4780,1,cluster_B,retain,1.0
4781,0,cluster_A,downweight,0.3499999940395355
4782,1,cluster_B,downweight,0.3499999940395355
4783,0,cluster_A,retain,1.0
4784,0,cluster_A,retain,1.0
4785,1,cluster_B,downweight,0.3499999940395355
4787,1,cluster_B,retain,1.0
4788,1,cluster_B,downweight,0.3499999940395355
4789,0,cluster_A,downweight,0.3499999940395355
4790,0,cluster_A,downweight,0.3499999940395355
4791,1,cluster_B,downweight,0.3499999940395355
4792,1,cluster_B,retain,1.0
4793,0,cluster_A,retain,1.0
4794,1,cluster_B,downweight,0.3499999940395355
4795,0,cluster_A,retain,1.0
4797,1,cluster_B,downweight,0.3499999940395355
4798,1,cluster_B,retain,1.0
4799,0,cluster_A,downweight,0.3499999940395355
4800,0,cluster_A,downweight,0.3499999940395355
4801,0,cluster_A,retain,1.0
4802,0,cluster_A,retain,1.0
4803,0,cluster_A,downweight,0.3499999940395355
4804,1,cluster_B,retain,1.0
4805,1,cluster_B,downweight,0.3499999940395355
4806,0,cluster_A,downweight,0.3499999940395355
4807,0,cluster_A,retain,1.0
4808,1,cluster_B,downweight,0.3499999940395355
4809,1,cluster_B,retain,1.0
4810,1,cluster_B,downweight,0.3499999940395355
4811,1,cluster_B,downweight,0.3499999940395355
4812,0,cluster_A,retain,1.0
4813,0,cluster_A,retain,1.0
4814,1,cluster_B,downweight,0.3499999940395355
4815,0,cluster_A,retain,1.0
4816,1,cluster_B,downweight,0.3499999940395355
4817,0,cluster_A,retain,1.0
4818,1,cluster_B,downweight,0.3499999940395355
4819,1,cluster_B,downweight,0.3499999940395355
4820,1,cluster_B,downweight,0.3499999940395355
4821,0,cluster_A,downweight,0.3499999940395355
4822,0,cluster_A,retain,1.0
4823,1,cluster_B,downweight,0.3499999940395355
4824,1,cluster_B,downweight,0.3499999940395355
4825,0,cluster_A,downweight,0.3499999940395355
4826,1,cluster_B,retain,1.0
4827,1,cluster_B,retain,1.0
4828,1,cluster_B,downweight,0.3499999940395355
4829,0,cluster_A,retain,1.0
4830,1,cluster_B,downweight,0.3499999940395355
4831,0,cluster_A,retain,1.0
4832,0,cluster_A,retain,1.0
4833,0,cluster_A,retain,1.0
4834,1,cluster_B,downweight,0.3499999940395355
4835,1,cluster_B,downweight,0.3499999940395355
4836,0,cluster_A,retain,1.0
4837,0,cluster_A,retain,1.0
4838,1,cluster_B,downweight,0.3499999940395355
4839,1,cluster_B,retain,1.0
4840,1,cluster_B,retain,1.0
4841,0,cluster_A,downweight,0.3499999940395355
4842,1,cluster_B,retain,1.0
4843,0,cluster_A,retain,1.0
4844,1,cluster_B,downweight,0.3499999940395355
4845,0,cluster_A,retain,1.0
4846,0,cluster_A,retain,1.0
4847,0,cluster_A,downweight,0.3499999940395355
4848,0,cluster_A,retain,1.0
4849,0,cluster_A,downweight,0.3499999940395355
4850,1,cluster_B,downweight,0.3499999940395355
4851,0,cluster_A,retain,1.0
4852,1,cluster_B,downweight,0.3499999940395355
4853,0,cluster_A,downweight,0.3499999940395355
4854,1,cluster_B,retain,1.0
4855,0,cluster_A,retain,1.0
4856,1,cluster_B,retain,1.0
4857,1,cluster_B,downweight,0.3499999940395355
4858,0,cluster_A,downweight,0.3499999940395355
4859,0,cluster_A,retain,1.0
4860,0,cluster_A,retain,1.0
4861,1,cluster_B,downweight,0.3499999940395355
4862,1,cluster_B,downweight,0.3499999940395355
4863,1,cluster_B,retain,1.0
4864,1,cluster_B,downweight,0.3499999940395355
4865,1,cluster_B,retain,1.0
4866,1,cluster_B,downweight,0.3499999940395355
4867,1,cluster_B,retain,1.0
4868,0,cluster_A,downweight,0.3499999940395355
4869,1,cluster_B,downweight,0.3499999940395355
4870,0,cluster_A,retain,1.0
4871,0,cluster_A,retain,1.0
4872,1,cluster_B,retain,1.0
4873,0,cluster_A,retain,1.0
4874,1,cluster_B,downweight,0.3499999940395355
4875,0,cluster_A,downweight,0.3499999940395355
4876,1,cluster_B,downweight,0.3499999940395355
4877,0,cluster_A,retain,1.0
4878,0,cluster_A,downweight,0.3499999940395355
4879,0,cluster_A,retain,1.0
4880,1,cluster_B,retain,1.0
4881,1,cluster_B,downweight,0.3499999940395355
4882,0,cluster_A,retain,1.0
4883,0,cluster_A,downweight,0.3499999940395355
4884,0,cluster_A,downweight,0.3499999940395355
4885,1,cluster_B,downweight,0.3499999940395355
4886,0,cluster_A,downweight,0.3499999940395355
4887,1,cluster_B,retain,1.0
4888,0,cluster_A,retain,1.0
4889,1,cluster_B,downweight,0.3499999940395355
4890,1,cluster_B,downweight,0.3499999940395355
4891,0,cluster_A,downweight,0.3499999940395355
4892,0,cluster_A,downweight,0.3499999940395355
4893,0,cluster_A,retain,1.0
4894,0,cluster_A,retain,1.0
4895,1,cluster_B,retain,1.0
4896,1,cluster_B,retain,1.0
4897,0,cluster_A,retain,1.0
4898,1,cluster_B,retain,1.0
4899,1,cluster_B,downweight,0.3499999940395355
4900,1,cluster_B,retain,1.0
4901,0,cluster_A,downweight,0.3499999940395355
4902,1,cluster_B,retain,1.0
4903,1,cluster_B,retain,1.0
4904,0,cluster_A,downweight,0.3499999940395355
4905,0,cluster_A,downweight,0.3499999940395355
4906,0,cluster_A,retain,1.0
4907,0,cluster_A,retain,1.0
4908,1,cluster_B,retain,1.0
4909,1,cluster_B,downweight,0.3499999940395355
4910,1,cluster_B,downweight,0.3499999940395355
4911,1,cluster_B,downweight,0.3499999940395355
4912,0,cluster_A,downweight,0.3499999940395355
4913,0,cluster_A,retain,1.0
4914,0,cluster_A,retain,1.0
4915,1,cluster_B,downweight,0.3499999940395355
4916,0,cluster_A,retain,1.0
4918,1,cluster_B,retain,1.0
4919,0,cluster_A,retain,1.0
4920,0,cluster_A,retain,1.0
4921,1,cluster_B,downweight,0.3499999940395355
4922,0,cluster_A,downweight,0.3499999940395355
4923,1,cluster_B,retain,1.0
4924,0,cluster_A,retain,1.0
4925,1,cluster_B,downweight,0.3499999940395355
4926,0,cluster_A,retain,1.0
4927,1,cluster_B,downweight,0.3499999940395355
4928,0,cluster_A,downweight,0.3499999940395355
4929,1,cluster_B,retain,1.0
4930,0,cluster_A,downweight,0.3499999940395355
4931,0,cluster_A,retain,1.0
4932,0,cluster_A,downweight,0.3499999940395355
4933,1,cluster_B,retain,1.0
4934,1,cluster_B,retain,1.0
4936,1,cluster_B,downweight,0.3499999940395355
4937,0,cluster_A,downweight,0.3499999940395355
4938,0,cluster_A,downweight,0.3499999940395355
4939,0,cluster_A,retain,1.0
4940,1,cluster_B,downweight,0.3499999940395355
4941,0,cluster_A,retain,1.0
4942,1,cluster_B,retain,1.0
4943,1,cluster_B,retain,1.0
4944,0,cluster_A,downweight,0.3499999940395355
4945,0,cluster_A,retain,1.0
4946,1,cluster_B,downweight,0.3499999940395355
4947,0,cluster_A,downweight,0.3499999940395355
4948,0,cluster_A,retain,1.0
4949,1,cluster_B,downweight,0.3499999940395355
4950,0,cluster_A,retain,1.0
4951,0,cluster_A,downweight,0.3499999940395355
4952,1,cluster_B,downweight,0.3499999940395355
4953,1,cluster_B,retain,1.0
4954,1,cluster_B,retain,1.0
4955,0,cluster_A,downweight,0.3499999940395355
4956,1,cluster_B,downweight,0.3499999940395355
4957,1,cluster_B,retain,1.0
4958,1,cluster_B,retain,1.0
4959,1,cluster_B,downweight,0.3499999940395355
4960,1,cluster_B,downweight,0.3499999940395355
4961,1,cluster_B,retain,1.0
4962,1,cluster_B,downweight,0.3499999940395355
4963,0,cluster_A,retain,1.0
4964,1,cluster_B,downweight,0.3499999940395355
4965,0,cluster_A,retain,1.0
4966,1,cluster_B,downweight,0.3499999940395355
4967,1,cluster_B,retain,1.0
4968,0,cluster_A,retain,1.0
4969,0,cluster_A,downweight,0.3499999940395355
4970,0,cluster_A,downweight,0.3499999940395355
4971,1,cluster_B,retain,1.0
4972,1,cluster_B,retain,1.0
4973,0,cluster_A,retain,1.0
4974,1,cluster_B,retain,1.0
4975,1,cluster_B,downweight,0.3499999940395355
4976,1,cluster_B,retain,1.0
4977,0,cluster_A,downweight,0.3499999940395355
4978,1,cluster_B,retain,1.0
4979,0,cluster_A,downweight,0.3499999940395355
4980,0,cluster_A,downweight,0.3499999940395355
4981,0,cluster_A,downweight,0.3499999940395355
4982,0,cluster_A,retain,1.0
4983,0,cluster_A,downweight,0.3499999940395355
4984,1,cluster_B,downweight,0.3499999940395355
4985,0,cluster_A,downweight,0.3499999940395355
4986,1,cluster_B,retain,1.0
4987,1,cluster_B,downweight,0.3499999940395355
4988,1,cluster_B,downweight,0.3499999940395355
4989,0,cluster_A,downweight,0.3499999940395355
4990,1,cluster_B,downweight,0.3499999940395355
4991,1,cluster_B,retain,1.0
4992,0,cluster_A,retain,1.0
4993,1,cluster_B,retain,1.0
4994,1,cluster_B,retain,1.0
4995,0,cluster_A,retain,1.0
4996,1,cluster_B,retain,1.0
4997,0,cluster_A,retain,1.0
4998,1,cluster_B,downweight,0.3499999940395355
4999,0,cluster_A,retain,1.0
5000,1,cluster_B,retain,1.0
5001,0,cluster_A,retain,1.0
5002,0,cluster_A,retain,1.0
5003,1,cluster_B,downweight,0.3499999940395355
5004,1,cluster_B,retain,1.0
5005,1,cluster_B,downweight,0.3499999940395355
5006,0,cluster_A,retain,1.0
5007,1,cluster_B,downweight,0.3499999940395355
5008,1,cluster_B,downweight,0.3499999940395355
5009,0,cluster_A,retain,1.0
5010,0,cluster_A,retain,1.0
5011,1,cluster_B,retain,1.0
5012,1,cluster_B,retain,1.0
5013,1,cluster_B,downweight,0.3499999940395355
5014,1,cluster_B,retain,1.0
5015,1,cluster_B,downweight,0.3499999940395355
5016,1,cluster_B,retain,1.0
5017,0,cluster_A,downweight,0.3499999940395355
5018,0,cluster_A,downweight,0.3499999940395355
5019,1,cluster_B,retain,1.0
5020,1,cluster_B,retain,1.0
5021,1,cluster_B,retain,1.0
5022,0,cluster_A,retain,1.0
5023,1,cluster_B,downweight,0.3499999940395355
5024,1,cluster_B,retain,1.0
5025,0,cluster_A,retain,1.0
5026,1,cluster_B,downweight,0.3499999940395355
5027,1,cluster_B,downweight,0.3499999940395355
5028,0,cluster_A,downweight,0.3499999940395355
5029,1,cluster_B,downweight,0.3499999940395355
5030,1,cluster_B,downweight,0.3499999940395355
5031,0,cluster_A,retain,1.0
5032,1,cluster_B,downweight,0.3499999940395355
5033,0,cluster_A,retain,1.0
5034,1,cluster_B,retain,1.0
5035,0,cluster_A,retain,1.0
5036,0,cluster_A,downweight,0.3499999940395355
5037,0,cluster_A,downweight,0.3499999940395355
5038,0,cluster_A,retain,1.0
5039,0,cluster_A,retain,1.0
5040,1,cluster_B,downweight,0.3499999940395355
5041,0,cluster_A,downweight,0.3499999940395355
5042,1,cluster_B,downweight,0.3499999940395355
5043,0,cluster_A,retain,1.0
5044,0,cluster_A,downweight,0.3499999940395355
5045,0,cluster_A,downweight,0.3499999940395355
5046,1,cluster_B,downweight,0.3499999940395355
5047,0,cluster_A,retain,1.0
5048,0,cluster_A,downweight,0.3499999940395355
5049,0,cluster_A,downweight,0.3499999940395355
5050,1,cluster_B,retain,1.0
5051,0,cluster_A,downweight,0.3499999940395355
5052,0,cluster_A,retain,1.0
5053,1,cluster_B,retain,1.0
5054,0,cluster_A,retain,1.0
5055,0,cluster_A,retain,1.0
5056,1,cluster_B,downweight,0.3499999940395355
5057,0,cluster_A,retain,1.0
5058,1,cluster_B,downweight,0.3499999940395355
5059,1,cluster_B,downweight,0.3499999940395355
5060,0,cluster_A,retain,1.0
5061,0,cluster_A,downweight,0.3499999940395355
5062,1,cluster_B,downweight,0.3499999940395355
5063,0,cluster_A,retain,1.0
5064,1,cluster_B,downweight,0.3499999940395355
5065,0,cluster_A,retain,1.0
5066,0,cluster_A,retain,1.0
5067,1,cluster_B,retain,1.0
5068,0,cluster_A,retain,1.0
5069,0,cluster_A,retain,1.0
5070,0,cluster_A,retain,1.0
5071,0,cluster_A,downweight,0.3499999940395355
5072,0,cluster_A,downweight,0.3499999940395355
5073,0,cluster_A,downweight,0.3499999940395355
5074,1,cluster_B,downweight,0.3499999940395355
5075,0,cluster_A,downweight,0.3499999940395355
5076,0,cluster_A,retain,1.0
5077,0,cluster_A,downweight,0.3499999940395355
5079,1,cluster_B,retain,1.0
5080,0,cluster_A,retain,1.0
5081,0,cluster_A,retain,1.0
5082,1,cluster_B,downweight,0.3499999940395355
5083,0,cluster_A,downweight,0.3499999940395355
5084,1,cluster_B,downweight,0.3499999940395355
5085,0,cluster_A,retain,1.0
5086,0,cluster_A,downweight,0.3499999940395355
5087,0,cluster_A,downweight,0.3499999940395355
5088,0,cluster_A,retain,1.0
5089,0,cluster_A,downweight,0.3499999940395355
5090,0,cluster_A,downweight,0.3499999940395355
5091,1,cluster_B,downweight,0.3499999940395355
5092,0,cluster_A,downweight,0.3499999940395355
5093,1,cluster_B,retain,1.0
5094,0,cluster_A,downweight,0.3499999940395355
5095,0,cluster_A,downweight,0.3499999940395355
5096,1,cluster_B,retain,1.0
5097,1,cluster_B,downweight,0.3499999940395355
5098,0,cluster_A,downweight,0.3499999940395355
5099,0,cluster_A,retain,1.0
5100,0,cluster_A,retain,1.0
5101,0,cluster_A,retain,1.0
5102,1,cluster_B,retain,1.0
5103,0,cluster_A,retain,1.0
5104,0,cluster_A,retain,1.0
5105,0,cluster_A,retain,1.0
5106,0,cluster_A,downweight,0.3499999940395355
5107,0,cluster_A,retain,1.0
5108,0,cluster_A,downweight,0.3499999940395355
5109,0,cluster_A,downweight,0.3499999940395355
5110,0,cluster_A,retain,1.0
5111,1,cluster_B,downweight,0.3499999940395355
5112,1,cluster_B,downweight,0.3499999940395355
5113,1,cluster_B,retain,1.0
5114,1,cluster_B,retain,1.0
5115,0,cluster_A,retain,1.0
5116,1,cluster_B,downweight,0.3499999940395355
5117,0,cluster_A,retain,1.0
5118,0,cluster_A,retain,1.0
5119,0,cluster_A,retain,1.0
5120,1,cluster_B,downweight,0.3499999940395355
5121,1,cluster_B,retain,1.0
5122,1,cluster_B,downweight,0.3499999940395355
5123,0,cluster_A,retain,1.0
5124,0,cluster_A,retain,1.0
5125,0,cluster_A,downweight,0.3499999940395355
5126,0,cluster_A,retain,1.0
5127,1,cluster_B,retain,1.0
5128,0,cluster_A,retain,1.0
5129,0,cluster_A,downweight,0.3499999940395355
5130,0,cluster_A,retain,1.0
5131,1,cluster_B,downweight,0.3499999940395355
5132,0,cluster_A,downweight,0.3499999940395355
5133,1,cluster_B,downweight,0.3499999940395355
5134,1,cluster_B,downweight,0.3499999940395355
5135,1,cluster_B,downweight,0.3499999940395355
5136,1,cluster_B,retain,1.0
5137,1,cluster_B,downweight,0.3499999940395355
5138,1,cluster_B,retain,1.0
5139,1,cluster_B,retain,1.0
5140,0,cluster_A,retain,1.0
5141,1,cluster_B,downweight,0.3499999940395355
5142,1,cluster_B,downweight,0.3499999940395355
5143,0,cluster_A,downweight,0.3499999940395355
5144,0,cluster_A,downweight,0.3499999940395355
5145,1,cluster_B,retain,1.0
5146,0,cluster_A,retain,1.0
5147,1,cluster_B,downweight,0.3499999940395355
5148,0,cluster_A,retain,1.0
5149,0,cluster_A,downweight,0.3499999940395355
5150,1,cluster_B,retain,1.0
5151,0,cluster_A,downweight,0.3499999940395355
5152,0,cluster_A,downweight,0.3499999940395355
5153,1,cluster_B,downweight,0.3499999940395355
5154,1,cluster_B,downweight,0.3499999940395355
5155,0,cluster_A,retain,1.0
5156,0,cluster_A,downweight,0.3499999940395355
5157,1,cluster_B,retain,1.0
5158,0,cluster_A,retain,1.0
5159,1,cluster_B,downweight,0.3499999940395355
5160,1,cluster_B,downweight,0.3499999940395355
5161,1,cluster_B,downweight,0.3499999940395355
5162,1,cluster_B,retain,1.0
5163,1,cluster_B,downweight,0.3499999940395355
5164,0,cluster_A,downweight,0.3499999940395355
5165,1,cluster_B,downweight,0.3499999940395355
5166,1,cluster_B,downweight,0.3499999940395355
5167,0,cluster_A,downweight,0.3499999940395355
5168,0,cluster_A,downweight,0.3499999940395355
5169,1,cluster_B,downweight,0.3499999940395355
5170,1,cluster_B,retain,1.0
5171,1,cluster_B,downweight,0.3499999940395355
5172,1,cluster_B,downweight,0.3499999940395355
5173,1,cluster_B,downweight,0.3499999940395355
5174,0,cluster_A,downweight,0.3499999940395355
5175,1,cluster_B,downweight,0.3499999940395355
5176,1,cluster_B,retain,1.0
5177,1,cluster_B,downweight,0.3499999940395355
5178,1,cluster_B,retain,1.0
5179,1,cluster_B,retain,1.0
5180,0,cluster_A,downweight,0.3499999940395355
5181,1,cluster_B,retain,1.0
5182,1,cluster_B,retain,1.0
5183,1,cluster_B,retain,1.0
5184,0,cluster_A,retain,1.0
5185,0,cluster_A,downweight,0.3499999940395355
5186,0,cluster_A,downweight,0.3499999940395355
5187,0,cluster_A,downweight,0.3499999940395355
5188,0,cluster_A,downweight,0.3499999940395355
5189,1,cluster_B,retain,1.0
5190,1,cluster_B,retain,1.0
5191,0,cluster_A,downweight,0.3499999940395355
5192,1,cluster_B,retain,1.0
5193,0,cluster_A,retain,1.0
5194,1,cluster_B,retain,1.0
5195,0,cluster_A,downweight,0.3499999940395355
5196,1,cluster_B,downweight,0.3499999940395355
5197,0,cluster_A,downweight,0.3499999940395355
5198,1,cluster_B,retain,1.0
5199,1,cluster_B,downweight,0.3499999940395355
5200,1,cluster_B,downweight,0.3499999940395355
5201,1,cluster_B,downweight,0.3499999940395355
5202,0,cluster_A,downweight,0.3499999940395355
5203,1,cluster_B,retain,1.0
5204,0,cluster_A,downweight,0.3499999940395355
5205,0,cluster_A,downweight,0.3499999940395355
5206,1,cluster_B,retain,1.0
5207,1,cluster_B,downweight,0.3499999940395355
5208,0,cluster_A,retain,1.0
5209,0,cluster_A,retain,1.0
5210,1,cluster_B,retain,1.0
5211,1,cluster_B,retain,1.0
5212,1,cluster_B,retain,1.0
5213,1,cluster_B,retain,1.0
5214,0,cluster_A,retain,1.0
5215,0,cluster_A,retain,1.0
5216,0,cluster_A,retain,1.0
5217,1,cluster_B,retain,1.0
5218,0,cluster_A,downweight,0.3499999940395355
5219,1,cluster_B,retain,1.0
5220,0,cluster_A,downweight,0.3499999940395355
5221,1,cluster_B,retain,1.0
5222,0,cluster_A,retain,1.0
5223,0,cluster_A,retain,1.0
5224,0,cluster_A,downweight,0.3499999940395355
5225,1,cluster_B,downweight,0.3499999940395355
5226,0,cluster_A,downweight,0.3499999940395355
5227,1,cluster_B,retain,1.0
5228,1,cluster_B,downweight,0.3499999940395355
5229,0,cluster_A,downweight,0.3499999940395355
5230,1,cluster_B,retain,1.0
5231,0,cluster_A,retain,1.0
5232,1,cluster_B,retain,1.0
5233,0,cluster_A,retain,1.0
5234,1,cluster_B,downweight,0.3499999940395355
5235,0,cluster_A,retain,1.0
5236,1,cluster_B,retain,1.0
5237,0,cluster_A,downweight,0.3499999940395355
5238,1,cluster_B,downweight,0.3499999940395355
5239,0,cluster_A,retain,1.0
5240,0,cluster_A,retain,1.0
5241,1,cluster_B,retain,1.0
5242,1,cluster_B,retain,1.0
5243,0,cluster_A,retain,1.0
5244,0,cluster_A,downweight,0.3499999940395355
5245,0,cluster_A,retain,1.0
5246,0,cluster_A,downweight,0.3499999940395355
5247,1,cluster_B,downweight,0.3499999940395355
5248,1,cluster_B,downweight,0.3499999940395355
5249,0,cluster_A,downweight,0.3499999940395355
5250,1,cluster_B,downweight,0.3499999940395355
5251,1,cluster_B,downweight,0.3499999940395355
5252,0,cluster_A,retain,1.0
5253,0,cluster_A,downweight,0.3499999940395355
5254,0,cluster_A,downweight,0.3499999940395355
5255,1,cluster_B,downweight,0.3499999940395355
5257,1,cluster_B,retain,1.0
5258,0,cluster_A,retain,1.0
5259,1,cluster_B,downweight,0.3499999940395355
5260,0,cluster_A,retain,1.0
5261,0,cluster_A,downweight,0.3499999940395355
5262,1,cluster_B,retain,1.0
5263,0,cluster_A,downweight,0.3499999940395355
5264,1,cluster_B,downweight,0.3499999940395355
5265,1,cluster_B,downweight,0.3499999940395355
5266,0,cluster_A,downweight,0.3499999940395355
5267,0,cluster_A,downweight,0.3499999940395355
5268,0,cluster_A,retain,1.0
5269,1,cluster_B,retain,1.0
5270,0,cluster_A,downweight,0.3499999940395355
5271,1,cluster_B,retain,1.0
5272,1,cluster_B,retain,1.0
5273,0,cluster_A,downweight,0.3499999940395355
5274,1,cluster_B,downweight,0.3499999940395355
5275,1,cluster_B,downweight,0.3499999940395355
5276,0,cluster_A,retain,1.0
5277,1,cluster_B,downweight,0.3499999940395355
5278,0,cluster_A,retain,1.0
5279,0,cluster_A,retain,1.0
5280,1,cluster_B,retain,1.0
5281,0,cluster_A,downweight,0.3499999940395355
5282,1,cluster_B,downweight,0.3499999940395355
5283,0,cluster_A,retain,1.0
5284,0,cluster_A,retain,1.0
5285,1,cluster_B,downweight,0.3499999940395355
5286,0,cluster_A,downweight,0.3499999940395355
5287,1,cluster_B,downweight,0.3499999940395355
5288,1,cluster_B,downweight,0.3499999940395355
5289,1,cluster_B,downweight,0.3499999940395355
5290,1,cluster_B,downweight,0.3499999940395355
5291,0,cluster_A,downweight,0.3499999940395355
5292,1,cluster_B,retain,1.0
5293,1,cluster_B,downweight,0.3499999940395355
5294,0,cluster_A,retain,1.0
5295,0,cluster_A,retain,1.0
5296,1,cluster_B,downweight,0.3499999940395355
5297,1,cluster_B,retain,1.0
5298,0,cluster_A,downweight,0.3499999940395355
5299,1,cluster_B,downweight,0.3499999940395355
5300,1,cluster_B,downweight,0.3499999940395355
5301,0,cluster_A,downweight,0.3499999940395355
5302,1,cluster_B,downweight,0.3499999940395355
5303,1,cluster_B,downweight,0.3499999940395355
5304,0,cluster_A,retain,1.0
5305,1,cluster_B,downweight,0.3499999940395355
5306,0,cluster_A,retain,1.0
5307,1,cluster_B,retain,1.0
5308,0,cluster_A,retain,1.0
5309,0,cluster_A,downweight,0.3499999940395355
5310,1,cluster_B,retain,1.0
5311,0,cluster_A,downweight,0.3499999940395355
5312,1,cluster_B,retain,1.0
5313,1,cluster_B,downweight,0.3499999940395355
5314,0,cluster_A,retain,1.0
5315,1,cluster_B,downweight,0.3499999940395355
5316,1,cluster_B,retain,1.0
5317,1,cluster_B,downweight,0.3499999940395355
5318,1,cluster_B,retain,1.0
5319,0,cluster_A,retain,1.0
5320,1,cluster_B,retain,1.0
5321,0,cluster_A,retain,1.0
5322,1,cluster_B,retain,1.0
5323,1,cluster_B,retain,1.0
5324,0,cluster_A,downweight,0.3499999940395355
5325,0,cluster_A,downweight,0.3499999940395355
5326,1,cluster_B,downweight,0.3499999940395355
5327,0,cluster_A,downweight,0.3499999940395355
5328,0,cluster_A,retain,1.0
5329,0,cluster_A,downweight,0.3499999940395355
5330,0,cluster_A,retain,1.0
5331,0,cluster_A,retain,1.0
5332,0,cluster_A,retain,1.0
5333,0,cluster_A,retain,1.0
5334,1,cluster_B,downweight,0.3499999940395355
5335,0,cluster_A,retain,1.0
5336,1,cluster_B,downweight,0.3499999940395355
5337,1,cluster_B,downweight,0.3499999940395355
5338,1,cluster_B,downweight,0.3499999940395355
5339,0,cluster_A,retain,1.0
5340,1,cluster_B,retain,1.0
5341,0,cluster_A,retain,1.0
5342,1,cluster_B,downweight,0.3499999940395355
5343,1,cluster_B,retain,1.0
5344,1,cluster_B,downweight,0.3499999940395355
5345,1,cluster_B,downweight,0.3499999940395355
5346,1,cluster_B,downweight,0.3499999940395355
5347,0,cluster_A,downweight,0.3499999940395355
5348,1,cluster_B,retain,1.0
5349,1,cluster_B,downweight,0.3499999940395355
5350,0,cluster_A,downweight,0.3499999940395355
5351,1,cluster_B,retain,1.0
5352,1,cluster_B,downweight,0.3499999940395355
5353,1,cluster_B,downweight,0.3499999940395355
5354,0,cluster_A,retain,1.0
5355,0,cluster_A,retain,1.0
5356,1,cluster_B,downweight,0.3499999940395355
5357,1,cluster_B,retain,1.0
5358,0,cluster_A,retain,1.0
5359,0,cluster_A,downweight,0.3499999940395355
5360,0,cluster_A,retain,1.0
5362,0,cluster_A,downweight,0.3499999940395355
5363,0,cluster_A,retain,1.0
5364,0,cluster_A,downweight,0.3499999940395355
5365,0,cluster_A,downweight,0.3499999940395355
5366,0,cluster_A,retain,1.0
5367,1,cluster_B,downweight,0.3499999940395355
5368,0,cluster_A,downweight,0.3499999940395355
5369,0,cluster_A,downweight,0.3499999940395355
5370,0,cluster_A,downweight,0.3499999940395355
5371,0,cluster_A,downweight,0.3499999940395355
5372,0,cluster_A,retain,1.0
5373,0,cluster_A,retain,1.0
5374,1,cluster_B,downweight,0.3499999940395355
5375,0,cluster_A,retain,1.0
5376,1,cluster_B,retain,1.0
5377,1,cluster_B,downweight,0.3499999940395355
5378,1,cluster_B,retain,1.0
5379,1,cluster_B,downweight,0.3499999940395355
5380,0,cluster_A,downweight,0.3499999940395355
5381,0,cluster_A,downweight,0.3499999940395355
5382,0,cluster_A,retain,1.0
5383,0,cluster_A,downweight,0.3499999940395355
5384,1,cluster_B,downweight,0.3499999940395355
5385,1,cluster_B,downweight,0.3499999940395355
5386,1,cluster_B,downweight,0.3499999940395355
5387,0,cluster_A,retain,1.0
5388,1,cluster_B,downweight,0.3499999940395355
5389,0,cluster_A,downweight,0.3499999940395355
5390,0,cluster_A,retain,1.0
5391,0,cluster_A,retain,1.0
5392,0,cluster_A,downweight,0.3499999940395355
5393,0,cluster_A,downweight,0.3499999940395355
5394,0,cluster_A,retain,1.0
5395,1,cluster_B,retain,1.0
5396,1,cluster_B,downweight,0.3499999940395355
5397,1,cluster_B,downweight,0.3499999940395355
5399,0,cluster_A,retain,1.0
5400,1,cluster_B,downweight,0.3499999940395355
5401,0,cluster_A,retain,1.0
5402,1,cluster_B,retain,1.0
5403,1,cluster_B,downweight,0.3499999940395355
5404,1,cluster_B,retain,1.0
5405,0,cluster_A,downweight,0.3499999940395355
5406,0,cluster_A,downweight,0.3499999940395355
5407,1,cluster_B,downweight,0.3499999940395355
5408,0,cluster_A,retain,1.0
5409,1,cluster_B,downweight,0.3499999940395355
5410,0,cluster_A,downweight,0.3499999940395355
5411,1,cluster_B,retain,1.0
5412,0,cluster_A,retain,1.0
5413,0,cluster_A,retain,1.0
5414,1,cluster_B,downweight,0.3499999940395355
5415,0,cluster_A,retain,1.0
5416,0,cluster_A,downweight,0.3499999940395355
5417,0,cluster_A,downweight,0.3499999940395355
5418,1,cluster_B,retain,1.0
5419,1,cluster_B,downweight,0.3499999940395355
5420,0,cluster_A,downweight,0.3499999940395355
5421,0,cluster_A,downweight,0.3499999940395355
5422,0,cluster_A,retain,1.0
5423,0,cluster_A,retain,1.0
5424,1,cluster_B,downweight,0.3499999940395355
5425,0,cluster_A,retain,1.0
5426,1,cluster_B,retain,1.0
5427,1,cluster_B,retain,1.0
5428,1,cluster_B,downweight,0.3499999940395355
5429,1,cluster_B,retain,1.0
5430,0,cluster_A,retain,1.0
5431,0,cluster_A,retain,1.0
5432,0,cluster_A,retain,1.0
5433,1,cluster_B,downweight,0.3499999940395355
5434,0,cluster_A,downweight,0.3499999940395355
5435,0,cluster_A,downweight,0.3499999940395355
5436,0,cluster_A,downweight,0.3499999940395355
5437,1,cluster_B,retain,1.0
5439,0,cluster_A,downweight,0.3499999940395355
5440,1,cluster_B,downweight,0.3499999940395355
5441,0,cluster_A,retain,1.0
5442,0,cluster_A,retain,1.0
5443,1,cluster_B,downweight,0.3499999940395355
5444,1,cluster_B,downweight,0.3499999940395355
5445,1,cluster_B,downweight,0.3499999940395355
5446,1,cluster_B,retain,1.0
5447,1,cluster_B,downweight,0.3499999940395355
5448,1,cluster_B,downweight,0.3499999940395355
5449,1,cluster_B,retain,1.0
5450,1,cluster_B,downweight,0.3499999940395355
5451,1,cluster_B,downweight,0.3499999940395355
5452,1,cluster_B,downweight,0.3499999940395355
5453,1,cluster_B,retain,1.0
5454,1,cluster_B,downweight,0.3499999940395355
5455,1,cluster_B,retain,1.0
5456,0,cluster_A,retain,1.0
5457,0,cluster_A,retain,1.0
5458,0,cluster_A,downweight,0.3499999940395355
5459,0,cluster_A,downweight,0.3499999940395355
5460,1,cluster_B,downweight,0.3499999940395355
5461,1,cluster_B,retain,1.0
5462,1,cluster_B,downweight,0.3499999940395355
5463,0,cluster_A,downweight,0.3499999940395355
5464,0,cluster_A,downweight,0.3499999940395355
5465,0,cluster_A,downweight,0.3499999940395355
5466,0,cluster_A,retain,1.0
5467,1,cluster_B,downweight,0.3499999940395355
5468,0,cluster_A,downweight,0.3499999940395355
5469,1,cluster_B,downweight,0.3499999940395355
5470,1,cluster_B,downweight,0.3499999940395355
5471,1,cluster_B,retain,1.0
5472,0,cluster_A,retain,1.0
5473,0,cluster_A,retain,1.0
5474,0,cluster_A,retain,1.0
5475,1,cluster_B,downweight,0.3499999940395355
5476,0,cluster_A,downweight,0.3499999940395355
5477,1,cluster_B,downweight,0.3499999940395355
5478,1,cluster_B,downweight,0.3499999940395355
5479,1,cluster_B,downweight,0.3499999940395355
5480,0,cluster_A,downweight,0.3499999940395355
5481,1,cluster_B,downweight,0.3499999940395355
5482,1,cluster_B,retain,1.0
5483,0,cluster_A,downweight,0.3499999940395355
5484,1,cluster_B,downweight,0.3499999940395355
5485,0,cluster_A,downweight,0.3499999940395355
5486,0,cluster_A,retain,1.0
5487,1,cluster_B,retain,1.0
5488,1,cluster_B,retain,1.0
5489,0,cluster_A,retain,1.0
5490,1,cluster_B,downweight,0.3499999940395355
5491,1,cluster_B,downweight,0.3499999940395355
5492,0,cluster_A,downweight,0.3499999940395355
5493,1,cluster_B,downweight,0.3499999940395355
5494,0,cluster_A,downweight,0.3499999940395355
5495,0,cluster_A,retain,1.0
5496,1,cluster_B,downweight,0.3499999940395355
5497,0,cluster_A,downweight,0.3499999940395355
5498,0,cluster_A,retain,1.0
5499,1,cluster_B,downweight,0.3499999940395355
5500,1,cluster_B,downweight,0.3499999940395355
5501,1,cluster_B,retain,1.0
5502,0,cluster_A,downweight,0.3499999940395355
5503,0,cluster_A,downweight,0.3499999940395355
5504,1,cluster_B,retain,1.0
5505,0,cluster_A,retain,1.0
5506,0,cluster_A,retain,1.0
5507,0,cluster_A,downweight,0.3499999940395355
5508,1,cluster_B,retain,1.0
5509,1,cluster_B,retain,1.0
5510,1,cluster_B,downweight,0.3499999940395355
5511,0,cluster_A,retain,1.0
5512,0,cluster_A,retain,1.0
5513,0,cluster_A,retain,1.0
5514,0,cluster_A,retain,1.0
5515,1,cluster_B,retain,1.0
5516,0,cluster_A,retain,1.0
5517,0,cluster_A,downweight,0.3499999940395355
5518,0,cluster_A,retain,1.0
5519,0,cluster_A,downweight,0.3499999940395355
5520,1,cluster_B,retain,1.0
5521,0,cluster_A,downweight,0.3499999940395355
5522,0,cluster_A,retain,1.0
5523,0,cluster_A,retain,1.0
5524,1,cluster_B,downweight,0.3499999940395355
5525,1,cluster_B,downweight,0.3499999940395355
5526,0,cluster_A,downweight,0.3499999940395355
5527,1,cluster_B,retain,1.0
5528,1,cluster_B,downweight,0.3499999940395355
5529,1,cluster_B,downweight,0.3499999940395355
5530,0,cluster_A,retain,1.0
5531,1,cluster_B,downweight,0.3499999940395355
5532,0,cluster_A,downweight,0.3499999940395355
5533,0,cluster_A,retain,1.0
5534,1,cluster_B,retain,1.0
5535,1,cluster_B,downweight,0.3499999940395355
5536,0,cluster_A,retain,1.0
5537,1,cluster_B,downweight,0.3499999940395355
5538,0,cluster_A,retain,1.0
5539,0,cluster_A,retain,1.0
5540,1,cluster_B,retain,1.0
5541,1,cluster_B,retain,1.0
5542,1,cluster_B,downweight,0.3499999940395355
5543,1,cluster_B,retain,1.0
5544,0,cluster_A,downweight,0.3499999940395355
5545,1,cluster_B,downweight,0.3499999940395355
5546,1,cluster_B,downweight,0.3499999940395355
5547,0,cluster_A,retain,1.0
5548,0,cluster_A,downweight,0.3499999940395355
5549,0,cluster_A,downweight,0.3499999940395355
5550,0,cluster_A,retain,1.0
5551,1,cluster_B,downweight,0.3499999940395355
5552,1,cluster_B,downweight,0.3499999940395355
5553,1,cluster_B,retain,1.0
5554,0,cluster_A,downweight,0.3499999940395355
5555,0,cluster_A,retain,1.0
5556,0,cluster_A,downweight,0.3499999940395355
5557,0,cluster_A,retain,1.0
5558,0,cluster_A,retain,1.0
5559,1,cluster_B,downweight,0.3499999940395355
5560,1,cluster_B,downweight,0.3499999940395355
5561,0,cluster_A,retain,1.0
5562,1,cluster_B,retain,1.0
5563,0,cluster_A,downweight,0.3499999940395355
5564,0,cluster_A,downweight,0.3499999940395355
5565,1,cluster_B,retain,1.0
5566,0,cluster_A,downweight,0.3499999940395355
5567,1,cluster_B,downweight,0.3499999940395355
5568,1,cluster_B,downweight,0.3499999940395355
5569,1,cluster_B,retain,1.0
5570,0,cluster_A,downweight,0.3499999940395355
5571,1,cluster_B,retain,1.0
5572,0,cluster_A,downweight,0.3499999940395355
5573,0,cluster_A,retain,1.0
5574,0,cluster_A,retain,1.0
5575,1,cluster_B,downweight,0.3499999940395355
5576,0,cluster_A,retain,1.0
5577,0,cluster_A,retain,1.0
5578,0,cluster_A,downweight,0.3499999940395355
5579,1,cluster_B,retain,1.0
5580,0,cluster_A,retain,1.0
5581,1,cluster_B,retain,1.0
5582,0,cluster_A,retain,1.0
5583,0,cluster_A,downweight,0.3499999940395355
5584,0,cluster_A,retain,1.0
5585,0,cluster_A,downweight,0.3499999940395355
5586,0,cluster_A,downweight,0.3499999940395355
5587,1,cluster_B,downweight,0.3499999940395355
5588,0,cluster_A,downweight,0.3499999940395355
5589,1,cluster_B,retain,1.0
5590,0,cluster_A,downweight,0.3499999940395355
5591,0,cluster_A,downweight,0.3499999940395355
5592,0,cluster_A,retain,1.0
5593,1,cluster_B,retain,1.0
5594,0,cluster_A,downweight,0.3499999940395355
5595,0,cluster_A,retain,1.0
5596,1,cluster_B,retain,1.0
5597,1,cluster_B,retain,1.0
5598,0,cluster_A,downweight,0.3499999940395355
5599,0,cluster_A,downweight,0.3499999940395355
5600,1,cluster_B,downweight,0.3499999940395355
5601,0,cluster_A,retain,1.0
5602,0,cluster_A,downweight,0.3499999940395355
5603,0,cluster_A,retain,1.0
5604,1,cluster_B,retain,1.0
5605,1,cluster_B,downweight,0.3499999940395355
5606,0,cluster_A,retain,1.0
5607,1,cluster_B,downweight,0.3499999940395355
5608,1,cluster_B,retain,1.0
5609,1,cluster_B,downweight,0.3499999940395355
5610,0,cluster_A,retain,1.0
5611,0,cluster_A,retain,1.0
5612,0,cluster_A,downweight,0.3499999940395355
5613,0,cluster_A,retain,1.0
5614,0,cluster_A,downweight,0.3499999940395355
5615,1,cluster_B,retain,1.0
5616,0,cluster_A,downweight,0.3499999940395355
5617,0,cluster_A,retain,1.0
5618,0,cluster_A,downweight,0.3499999940395355
5619,1,cluster_B,downweight,0.3499999940395355
5620,1,cluster_B,retain,1.0
5621,1,cluster_B,downweight,0.3499999940395355
5622,1,cluster_B,retain,1.0
5623,1,cluster_B,downweight,0.3499999940395355
5624,0,cluster_A,retain,1.0
5625,0,cluster_A,downweight,0.3499999940395355
5626,0,cluster_A,retain,1.0
5627,0,cluster_A,downweight,0.3499999940395355
5628,1,cluster_B,retain,1.0
5629,0,cluster_A,downweight,0.3499999940395355
5630,0,cluster_A,downweight,0.3499999940395355
5631,0,cluster_A,retain,1.0
5632,0,cluster_A,downweight,0.3499999940395355
5633,0,cluster_A,downweight,0.3499999940395355
5634,0,cluster_A,retain,1.0
5636,1,cluster_B,downweight,0.3499999940395355
5637,0,cluster_A,downweight,0.3499999940395355
5638,0,cluster_A,downweight,0.3499999940395355
5639,1,cluster_B,downweight,0.3499999940395355
5640,1,cluster_B,downweight,0.3499999940395355
5641,1,cluster_B,retain,1.0
5642,1,cluster_B,downweight,0.3499999940395355
5643,1,cluster_B,retain,1.0
5644,0,cluster_A,retain,1.0
5645,1,cluster_B,downweight,0.3499999940395355
5646,1,cluster_B,downweight,0.3499999940395355
5647,1,cluster_B,retain,1.0
5648,0,cluster_A,downweight,0.3499999940395355
5649,1,cluster_B,downweight,0.3499999940395355
5650,1,cluster_B,downweight,0.3499999940395355
5651,0,cluster_A,retain,1.0
5652,1,cluster_B,downweight,0.3499999940395355
5653,0,cluster_A,downweight,0.3499999940395355
5654,0,cluster_A,downweight,0.3499999940395355
5655,0,cluster_A,retain,1.0
5656,0,cluster_A,downweight,0.3499999940395355
5657,0,cluster_A,downweight,0.3499999940395355
5658,1,cluster_B,retain,1.0
5659,0,cluster_A,retain,1.0
5660,0,cluster_A,retain,1.0
5661,1,cluster_B,downweight,0.3499999940395355
5662,0,cluster_A,downweight,0.3499999940395355
5663,1,cluster_B,retain,1.0
5664,1,cluster_B,downweight,0.3499999940395355
5665,1,cluster_B,retain,1.0
5666,1,cluster_B,retain,1.0
5667,1,cluster_B,downweight,0.3499999940395355
5668,0,cluster_A,downweight,0.3499999940395355
5669,1,cluster_B,downweight,0.3499999940395355
5670,0,cluster_A,retain,1.0
5671,1,cluster_B,downweight,0.3499999940395355
5672,1,cluster_B,retain,1.0
5673,1,cluster_B,downweight,0.3499999940395355
5674,0,cluster_A,downweight,0.3499999940395355
5675,1,cluster_B,retain,1.0
5676,0,cluster_A,downweight,0.3499999940395355
5677,1,cluster_B,downweight,0.3499999940395355
5678,1,cluster_B,retain,1.0
5679,0,cluster_A,downweight,0.3499999940395355
5680,0,cluster_A,retain,1.0
5681,0,cluster_A,downweight,0.3499999940395355
5682,1,cluster_B,downweight,0.3499999940395355
5683,1,cluster_B,retain,1.0
5684,0,cluster_A,retain,1.0
5685,1,cluster_B,downweight,0.3499999940395355
5686,1,cluster_B,downweight,0.3499999940395355
5687,0,cluster_A,retain,1.0
5688,0,cluster_A,retain,1.0
5689,0,cluster_A,retain,1.0
5690,1,cluster_B,downweight,0.3499999940395355
5691,0,cluster_A,downweight,0.3499999940395355
5692,1,cluster_B,downweight,0.3499999940395355
5693,0,cluster_A,downweight,0.3499999940395355
5694,0,cluster_A,retain,1.0
5695,0,cluster_A,downweight,0.3499999940395355
5696,1,cluster_B,retain,1.0
5697,0,cluster_A,downweight,0.3499999940395355
5698,1,cluster_B,retain,1.0
5699,1,cluster_B,downweight,0.3499999940395355
5700,0,cluster_A,downweight,0.3499999940395355
5701,0,cluster_A,retain,1.0
5702,1,cluster_B,retain,1.0
5703,1,cluster_B,downweight,0.3499999940395355
5704,1,cluster_B,retain,1.0
5705,1,cluster_B,retain,1.0
5706,0,cluster_A,downweight,0.3499999940395355
5707,0,cluster_A,retain,1.0
5708,0,cluster_A,retain,1.0
5709,0,cluster_A,retain,1.0
5710,1,cluster_B,downweight,0.3499999940395355
5711,0,cluster_A,retain,1.0
5712,1,cluster_B,downweight,0.3499999940395355
5713,0,cluster_A,downweight,0.3499999940395355
5714,1,cluster_B,retain,1.0
5715,1,cluster_B,downweight,0.3499999940395355
5716,0,cluster_A,downweight,0.3499999940395355
5717,0,cluster_A,retain,1.0
5718,1,cluster_B,downweight,0.3499999940395355
5719,1,cluster_B,downweight,0.3499999940395355
5720,0,cluster_A,retain,1.0
5721,0,cluster_A,downweight,0.3499999940395355
5722,0,cluster_A,downweight,0.3499999940395355
5723,0,cluster_A,downweight,0.3499999940395355
5724,1,cluster_B,retain,1.0
5725,0,cluster_A,downweight,0.3499999940395355
5726,0,cluster_A,downweight,0.3499999940395355
5727,0,cluster_A,downweight,0.3499999940395355
5728,0,cluster_A,retain,1.0
5729,0,cluster_A,retain,1.0
5730,1,cluster_B,downweight,0.3499999940395355
5731,1,cluster_B,downweight,0.3499999940395355
5732,0,cluster_A,downweight,0.3499999940395355
5733,1,cluster_B,retain,1.0
5734,0,cluster_A,retain,1.0
5735,0,cluster_A,retain,1.0
5736,1,cluster_B,downweight,0.3499999940395355
5737,1,cluster_B,downweight,0.3499999940395355
5738,1,cluster_B,downweight,0.3499999940395355
5739,0,cluster_A,retain,1.0
5740,1,cluster_B,retain,1.0
5741,0,cluster_A,retain,1.0
5742,1,cluster_B,retain,1.0
5743,0,cluster_A,retain,1.0
5744,1,cluster_B,downweight,0.3499999940395355
5745,0,cluster_A,downweight,0.3499999940395355
5746,0,cluster_A,downweight,0.3499999940395355
5747,0,cluster_A,downweight,0.3499999940395355
5748,0,cluster_A,retain,1.0
5749,0,cluster_A,retain,1.0
5750,1,cluster_B,downweight,0.3499999940395355
5751,1,cluster_B,retain,1.0
5752,0,cluster_A,retain,1.0
5753,0,cluster_A,retain,1.0
5754,1,cluster_B,downweight,0.3499999940395355
5755,0,cluster_A,downweight,0.3499999940395355
5756,1,cluster_B,retain,1.0
5757,1,cluster_B,downweight,0.3499999940395355
5758,1,cluster_B,retain,1.0
5759,1,cluster_B,retain,1.0
5760,0,cluster_A,retain,1.0
5761,0,cluster_A,retain,1.0
5762,1,cluster_B,downweight,0.3499999940395355
5763,1,cluster_B,downweight,0.3499999940395355
5764,0,cluster_A,downweight,0.3499999940395355
5765,0,cluster_A,downweight,0.3499999940395355
5766,0,cluster_A,retain,1.0
5767,1,cluster_B,retain,1.0
5768,0,cluster_A,downweight,0.3499999940395355
5769,0,cluster_A,retain,1.0
5770,0,cluster_A,retain,1.0
5771,0,cluster_A,downweight,0.3499999940395355
5772,0,cluster_A,downweight,0.3499999940395355
5773,0,cluster_A,downweight,0.3499999940395355
5774,0,cluster_A,retain,1.0
5775,1,cluster_B,downweight,0.3499999940395355
5776,1,cluster_B,downweight,0.3499999940395355
5777,1,cluster_B,retain,1.0
5778,1,cluster_B,downweight,0.3499999940395355
5779,0,cluster_A,downweight,0.3499999940395355
5780,0,cluster_A,retain,1.0
5781,1,cluster_B,retain,1.0
5782,0,cluster_A,downweight,0.3499999940395355
5783,0,cluster_A,retain,1.0
5784,1,cluster_B,downweight,0.3499999940395355
5785,0,cluster_A,retain,1.0
5787,0,cluster_A,downweight,0.3499999940395355
5788,1,cluster_B,downweight,0.3499999940395355
5789,0,cluster_A,downweight,0.3499999940395355
5790,0,cluster_A,downweight,0.3499999940395355
5791,0,cluster_A,retain,1.0
5792,1,cluster_B,retain,1.0
5793,1,cluster_B,retain,1.0
5794,0,cluster_A,downweight,0.3499999940395355
5795,0,cluster_A,downweight,0.3499999940395355
5796,0,cluster_A,retain,1.0
5797,1,cluster_B,retain,1.0
5798,0,cluster_A,retain,1.0
5799,1,cluster_B,downweight,0.3499999940395355
5800,0,cluster_A,downweight,0.3499999940395355
5801,0,cluster_A,downweight,0.3499999940395355
5802,1,cluster_B,downweight,0.3499999940395355
5803,0,cluster_A,retain,1.0
5804,1,cluster_B,downweight,0.3499999940395355
5805,0,cluster_A,downweight,0.3499999940395355
5806,0,cluster_A,downweight,0.3499999940395355
5807,1,cluster_B,downweight,0.3499999940395355
5808,0,cluster_A,downweight,0.3499999940395355
5809,0,cluster_A,retain,1.0
5810,0,cluster_A,retain,1.0
5811,1,cluster_B,downweight,0.3499999940395355
5812,0,cluster_A,retain,1.0
5813,0,cluster_A,retain,1.0
5814,0,cluster_A,downweight,0.3499999940395355
5815,1,cluster_B,downweight,0.3499999940395355
5816,1,cluster_B,downweight,0.3499999940395355
5817,0,cluster_A,retain,1.0
5818,1,cluster_B,retain,1.0
5819,0,cluster_A,downweight,0.3499999940395355
5820,0,cluster_A,downweight,0.3499999940395355
5822,1,cluster_B,retain,1.0
5823,1,cluster_B,retain,1.0
5824,1,cluster_B,downweight,0.3499999940395355
5825,0,cluster_A,downweight,0.3499999940395355
5826,0,cluster_A,retain,1.0
5827,0,cluster_A,retain,1.0
5828,0,cluster_A,downweight,0.3499999940395355
5829,1,cluster_B,downweight,0.3499999940395355
5830,0,cluster_A,retain,1.0
5831,0,cluster_A,downweight,0.3499999940395355
5832,1,cluster_B,downweight,0.3499999940395355
5833,1,cluster_B,downweight,0.3499999940395355
5834,0,cluster_A,retain,1.0
5835,0,cluster_A,downweight,0.3499999940395355
5836,1,cluster_B,retain,1.0
5837,1,cluster_B,retain,1.0
5838,0,cluster_A,downweight,0.3499999940395355
5839,1,cluster_B,downweight,0.3499999940395355
5840,1,cluster_B,retain,1.0
5841,0,cluster_A,retain,1.0
5842,0,cluster_A,downweight,0.3499999940395355
5843,0,cluster_A,retain,1.0
5844,1,cluster_B,downweight,0.3499999940395355
5845,0,cluster_A,downweight,0.3499999940395355
5846,0,cluster_A,downweight,0.3499999940395355
5847,0,cluster_A,retain,1.0
5848,1,cluster_B,downweight,0.3499999940395355
5849,1,cluster_B,downweight,0.3499999940395355
5850,1,cluster_B,retain,1.0
5851,0,cluster_A,downweight,0.3499999940395355
5852,0,cluster_A,downweight,0.3499999940395355
5853,1,cluster_B,retain,1.0
5854,1,cluster_B,downweight,0.3499999940395355
5855,1,cluster_B,downweight,0.3499999940395355
5856,1,cluster_B,retain,1.0
5857,1,cluster_B,retain,1.0
5858,0,cluster_A,retain,1.0
5859,1,cluster_B,retain,1.0
5860,0,cluster_A,downweight,0.3499999940395355
5861,0,cluster_A,retain,1.0
5862,1,cluster_B,retain,1.0
5863,0,cluster_A,downweight,0.3499999940395355
5864,0,cluster_A,retain,1.0
5865,0,cluster_A,retain,1.0
5866,0,cluster_A,downweight,0.3499999940395355
5867,1,cluster_B,downweight,0.3499999940395355
5868,0,cluster_A,downweight,0.3499999940395355
5869,0,cluster_A,retain,1.0
5870,1,cluster_B,downweight,0.3499999940395355
5871,1,cluster_B,retain,1.0
5872,1,cluster_B,downweight,0.3499999940395355
5873,1,cluster_B,downweight,0.3499999940395355
5874,0,cluster_A,downweight,0.3499999940395355
5875,1,cluster_B,retain,1.0
5877,1,cluster_B,retain,1.0
5878,0,cluster_A,retain,1.0
5879,0,cluster_A,downweight,0.3499999940395355
5880,1,cluster_B,downweight,0.3499999940395355
5881,0,cluster_A,downweight,0.3499999940395355
5882,1,cluster_B,downweight,0.3499999940395355
5883,1,cluster_B,downweight,0.3499999940395355
5884,0,cluster_A,retain,1.0
5885,0,cluster_A,retain,1.0
5886,0,cluster_A,downweight,0.3499999940395355
5887,0,cluster_A,downweight,0.3499999940395355
5888,1,cluster_B,downweight,0.3499999940395355
5889,1,cluster_B,downweight,0.3499999940395355
5890,0,cluster_A,retain,1.0
5891,1,cluster_B,downweight,0.3499999940395355
5892,1,cluster_B,retain,1.0
5893,1,cluster_B,retain,1.0
5894,0,cluster_A,retain,1.0
5895,1,cluster_B,downweight,0.3499999940395355
5896,0,cluster_A,downweight,0.3499999940395355
5897,1,cluster_B,downweight,0.3499999940395355
5898,0,cluster_A,retain,1.0
5899,0,cluster_A,retain,1.0
5900,0,cluster_A,downweight,0.3499999940395355
5901,1,cluster_B,downweight,0.3499999940395355
5902,1,cluster_B,downweight,0.3499999940395355
5903,0,cluster_A,retain,1.0
5904,1,cluster_B,downweight,0.3499999940395355
5905,0,cluster_A,retain,1.0
5906,1,cluster_B,downweight,0.3499999940395355
5907,0,cluster_A,retain,1.0
5908,1,cluster_B,downweight,0.3499999940395355
5909,1,cluster_B,retain,1.0
5910,1,cluster_B,retain,1.0
5911,1,cluster_B,downweight,0.3499999940395355
5912,1,cluster_B,downweight,0.3499999940395355
5913,1,cluster_B,downweight,0.3499999940395355
5914,1,cluster_B,retain,1.0
5915,1,cluster_B,downweight,0.3499999940395355
5916,1,cluster_B,downweight,0.3499999940395355
5917,1,cluster_B,retain,1.0
5918,1,cluster_B,retain,1.0
5919,1,cluster_B,downweight,0.3499999940395355
5920,1,cluster_B,downweight,0.3499999940395355
5921,0,cluster_A,downweight,0.3499999940395355
5922,0,cluster_A,retain,1.0
5923,0,cluster_A,retain,1.0
5924,1,cluster_B,retain,1.0
5925,1,cluster_B,downweight,0.3499999940395355
5926,0,cluster_A,retain,1.0
5927,1,cluster_B,retain,1.0
5928,0,cluster_A,downweight,0.3499999940395355
5929,0,cluster_A,retain,1.0
5930,0,cluster_A,retain,1.0
5931,0,cluster_A,retain,1.0
5932,1,cluster_B,downweight,0.3499999940395355
5933,1,cluster_B,downweight,0.3499999940395355
5934,0,cluster_A,retain,1.0
5935,0,cluster_A,retain,1.0
5936,0,cluster_A,retain,1.0
5937,1,cluster_B,downweight,0.3499999940395355
5938,1,cluster_B,retain,1.0
5939,0,cluster_A,retain,1.0
5940,1,cluster_B,downweight,0.3499999940395355
5941,0,cluster_A,downweight,0.3499999940395355
5942,0,cluster_A,downweight,0.3499999940395355
5943,0,cluster_A,downweight,0.3499999940395355
5944,0,cluster_A,retain,1.0
5945,1,cluster_B,downweight,0.3499999940395355
5946,1,cluster_B,downweight,0.3499999940395355
5947,1,cluster_B,downweight,0.3499999940395355
5948,1,cluster_B,retain,1.0
5949,1,cluster_B,downweight,0.3499999940395355
5950,0,cluster_A,downweight,0.3499999940395355
5951,0,cluster_A,downweight,0.3499999940395355
5952,1,cluster_B,retain,1.0
5953,1,cluster_B,downweight,0.3499999940395355
5954,1,cluster_B,retain,1.0
5955,1,cluster_B,downweight,0.3499999940395355
5956,0,cluster_A,downweight,0.3499999940395355
5957,1,cluster_B,downweight,0.3499999940395355
5958,0,cluster_A,downweight,0.3499999940395355
5959,1,cluster_B,retain,1.0
5960,0,cluster_A,downweight,0.3499999940395355
5961,1,cluster_B,retain,1.0
5962,1,cluster_B,downweight,0.3499999940395355
5963,0,cluster_A,retain,1.0
5964,1,cluster_B,retain,1.0
5965,0,cluster_A,retain,1.0
5966,1,cluster_B,retain,1.0
5967,0,cluster_A,downweight,0.3499999940395355
5968,0,cluster_A,downweight,0.3499999940395355
5969,0,cluster_A,downweight,0.3499999940395355
5970,0,cluster_A,downweight,0.3499999940395355
5971,1,cluster_B,downweight,0.3499999940395355
5973,0,cluster_A,retain,1.0
5974,0,cluster_A,retain,1.0
5975,0,cluster_A,downweight,0.3499999940395355
5976,1,cluster_B,retain,1.0
5977,1,cluster_B,downweight,0.3499999940395355
5978,1,cluster_B,retain,1.0
5979,0,cluster_A,retain,1.0
5980,1,cluster_B,retain,1.0
5981,0,cluster_A,downweight,0.3499999940395355
5982,1,cluster_B,downweight,0.3499999940395355
5983,0,cluster_A,downweight,0.3499999940395355
5984,0,cluster_A,downweight,0.3499999940395355
5985,1,cluster_B,downweight,0.3499999940395355
5986,1,cluster_B,downweight,0.3499999940395355
5987,1,cluster_B,downweight,0.3499999940395355
5988,1,cluster_B,downweight,0.3499999940395355
5989,0,cluster_A,retain,1.0
5990,0,cluster_A,downweight,0.3499999940395355
5991,1,cluster_B,retain,1.0
5992,0,cluster_A,downweight,0.3499999940395355
5993,1,cluster_B,downweight,0.3499999940395355
5994,1,cluster_B,downweight,0.3499999940395355
5995,1,cluster_B,retain,1.0
5996,0,cluster_A,retain,1.0
5997,0,cluster_A,retain,1.0
5998,0,cluster_A,retain,1.0
5999,1,cluster_B,downweight,0.3499999940395355
6000,0,cluster_A,retain,1.0
6001,1,cluster_B,retain,1.0
6002,1,cluster_B,retain,1.0
6003,1,cluster_B,retain,1.0
6004,1,cluster_B,downweight,0.3499999940395355
6005,1,cluster_B,retain,1.0
6006,0,cluster_A,downweight,0.3499999940395355
6007,1,cluster_B,retain,1.0
6008,0,cluster_A,downweight,0.3499999940395355
6009,0,cluster_A,retain,1.0
6010,1,cluster_B,retain,1.0
6011,0,cluster_A,retain,1.0
6012,0,cluster_A,retain,1.0
6013,1,cluster_B,retain,1.0
6014,1,cluster_B,downweight,0.3499999940395355
6015,1,cluster_B,downweight,0.3499999940395355
6016,0,cluster_A,downweight,0.3499999940395355
6017,1,cluster_B,retain,1.0
6018,1,cluster_B,retain,1.0
6019,0,cluster_A,retain,1.0
6020,0,cluster_A,retain,1.0
6021,1,cluster_B,retain,1.0
6022,0,cluster_A,downweight,0.3499999940395355
6023,1,cluster_B,downweight,0.3499999940395355
6024,1,cluster_B,retain,1.0
6025,0,cluster_A,retain,1.0
6026,0,cluster_A,downweight,0.3499999940395355
6027,0,cluster_A,downweight,0.3499999940395355
6028,0,cluster_A,downweight,0.3499999940395355
6029,0,cluster_A,downweight,0.3499999940395355
6030,1,cluster_B,downweight,0.3499999940395355
6032,1,cluster_B,downweight,0.3499999940395355
6033,1,cluster_B,downweight,0.3499999940395355
6034,0,cluster_A,downweight,0.3499999940395355
6035,0,cluster_A,retain,1.0
6036,0,cluster_A,retain,1.0
6037,1,cluster_B,downweight,0.3499999940395355
6038,0,cluster_A,downweight,0.3499999940395355
6039,0,cluster_A,downweight,0.3499999940395355
6040,1,cluster_B,retain,1.0
6041,0,cluster_A,downweight,0.3499999940395355
6042,1,cluster_B,retain,1.0
6043,1,cluster_B,retain,1.0
6044,1,cluster_B,downweight,0.3499999940395355
6045,1,cluster_B,downweight,0.3499999940395355
6046,1,cluster_B,retain,1.0
6047,0,cluster_A,downweight,0.3499999940395355
6048,0,cluster_A,retain,1.0
6049,0,cluster_A,retain,1.0
6050,0,cluster_A,retain,1.0
6051,1,cluster_B,downweight,0.3499999940395355
6052,0,cluster_A,downweight,0.3499999940395355
6053,0,cluster_A,retain,1.0
6054,1,cluster_B,downweight,0.3499999940395355
6055,1,cluster_B,downweight,0.3499999940395355
6056,1,cluster_B,retain,1.0
6057,0,cluster_A,retain,1.0
6058,1,cluster_B,retain,1.0
6059,0,cluster_A,downweight,0.3499999940395355
6060,1,cluster_B,retain,1.0
6061,1,cluster_B,retain,1.0
6062,1,cluster_B,downweight,0.3499999940395355
6063,1,cluster_B,downweight,0.3499999940395355
6064,0,cluster_A,retain,1.0
6065,0,cluster_A,downweight,0.3499999940395355
6066,1,cluster_B,downweight,0.3499999940395355
6067,1,cluster_B,downweight,0.3499999940395355
6068,0,cluster_A,retain,1.0
6069,1,cluster_B,downweight,0.3499999940395355
6070,0,cluster_A,retain,1.0
6071,0,cluster_A,downweight,0.3499999940395355
6072,1,cluster_B,retain,1.0
6074,0,cluster_A,retain,1.0
6075,0,cluster_A,downweight,0.3499999940395355
6076,1,cluster_B,downweight,0.3499999940395355
6077,1,cluster_B,retain,1.0
6078,1,cluster_B,downweight,0.3499999940395355
6079,1,cluster_B,downweight,0.3499999940395355
6080,0,cluster_A,retain,1.0
6081,1,cluster_B,downweight,0.3499999940395355
6082,1,cluster_B,downweight,0.3499999940395355
6083,1,cluster_B,downweight,0.3499999940395355
6084,0,cluster_A,downweight,0.3499999940395355
6085,1,cluster_B,retain,1.0
6086,1,cluster_B,retain,1.0
6087,0,cluster_A,retain,1.0
6088,1,cluster_B,downweight,0.3499999940395355
6089,1,cluster_B,downweight,0.3499999940395355
6090,0,cluster_A,retain,1.0
6091,1,cluster_B,downweight,0.3499999940395355
6092,0,cluster_A,retain,1.0
6093,1,cluster_B,downweight,0.3499999940395355
6094,1,cluster_B,downweight,0.3499999940395355
6095,1,cluster_B,downweight,0.3499999940395355
6096,0,cluster_A,downweight,0.3499999940395355
6097,1,cluster_B,downweight,0.3499999940395355
6098,1,cluster_B,retain,1.0
6099,0,cluster_A,retain,1.0
6100,0,cluster_A,downweight,0.3499999940395355
6101,0,cluster_A,downweight,0.3499999940395355
6102,0,cluster_A,retain,1.0
6103,1,cluster_B,retain,1.0
6104,1,cluster_B,downweight,0.3499999940395355
6105,0,cluster_A,downweight,0.3499999940395355
6106,0,cluster_A,retain,1.0
6107,1,cluster_B,retain,1.0
6108,0,cluster_A,downweight,0.3499999940395355
6109,1,cluster_B,retain,1.0
6110,0,cluster_A,retain,1.0
6111,0,cluster_A,retain,1.0
6112,0,cluster_A,retain,1.0
6113,0,cluster_A,retain,1.0
6114,1,cluster_B,retain,1.0
6115,1,cluster_B,retain,1.0
6117,1,cluster_B,downweight,0.3499999940395355
6118,1,cluster_B,retain,1.0
6119,0,cluster_A,retain,1.0
6120,1,cluster_B,retain,1.0
6121,1,cluster_B,retain,1.0
6122,0,cluster_A,downweight,0.3499999940395355
6123,1,cluster_B,downweight,0.3499999940395355
6124,0,cluster_A,retain,1.0
6125,0,cluster_A,retain,1.0
6126,1,cluster_B,downweight,0.3499999940395355
6127,1,cluster_B,retain,1.0
6128,0,cluster_A,downweight,0.3499999940395355
6129,1,cluster_B,retain,1.0
6130,1,cluster_B,downweight,0.3499999940395355
6131,1,cluster_B,retain,1.0
6132,0,cluster_A,retain,1.0
6133,0,cluster_A,downweight,0.3499999940395355
6134,1,cluster_B,downweight,0.3499999940395355
6135,1,cluster_B,retain,1.0
6136,0,cluster_A,retain,1.0
6137,0,cluster_A,downweight,0.3499999940395355
6138,1,cluster_B,retain,1.0
6139,1,cluster_B,retain,1.0
6140,1,cluster_B,retain,1.0
6141,0,cluster_A,retain,1.0
6142,1,cluster_B,downweight,0.3499999940395355
6143,1,cluster_B,downweight,0.3499999940395355
6144,1,cluster_B,downweight,0.3499999940395355
6145,1,cluster_B,retain,1.0
6146,1,cluster_B,retain,1.0
6147,1,cluster_B,retain,1.0
6148,0,cluster_A,downweight,0.3499999940395355
6149,0,cluster_A,retain,1.0
6150,1,cluster_B,downweight,0.3499999940395355
6151,0,cluster_A,retain,1.0
6152,0,cluster_A,retain,1.0
6153,1,cluster_B,retain,1.0
6154,1,cluster_B,downweight,0.3499999940395355
6155,1,cluster_B,retain,1.0
6156,1,cluster_B,retain,1.0
6157,1,cluster_B,downweight,0.3499999940395355
6158,0,cluster_A,downweight,0.3499999940395355
6159,0,cluster_A,retain,1.0
6160,0,cluster_A,retain,1.0
6162,1,cluster_B,downweight,0.3499999940395355
6163,1,cluster_B,downweight,0.3499999940395355
6164,0,cluster_A,downweight,0.3499999940395355
6165,1,cluster_B,downweight,0.3499999940395355
6166,1,cluster_B,downweight,0.3499999940395355
6167,1,cluster_B,retain,1.0
6168,0,cluster_A,retain,1.0
6169,0,cluster_A,downweight,0.3499999940395355
6170,0,cluster_A,downweight,0.3499999940395355
6171,0,cluster_A,retain,1.0
6172,0,cluster_A,retain,1.0
6173,0,cluster_A,retain,1.0
6174,1,cluster_B,retain,1.0
6175,1,cluster_B,downweight,0.3499999940395355
6176,0,cluster_A,downweight,0.3499999940395355
6177,1,cluster_B,retain,1.0
6178,0,cluster_A,downweight,0.3499999940395355
6179,0,cluster_A,retain,1.0
6180,0,cluster_A,downweight,0.3499999940395355
6181,1,cluster_B,retain,1.0
6182,1,cluster_B,retain,1.0
6183,0,cluster_A,retain,1.0
6184,0,cluster_A,downweight,0.3499999940395355
6185,1,cluster_B,downweight,0.3499999940395355
6186,0,cluster_A,downweight,0.3499999940395355
6187,0,cluster_A,downweight,0.3499999940395355
6188,0,cluster_A,retain,1.0
6189,1,cluster_B,retain,1.0
6190,1,cluster_B,downweight,0.3499999940395355
6191,0,cluster_A,downweight,0.3499999940395355
6192,1,cluster_B,downweight,0.3499999940395355
6193,0,cluster_A,retain,1.0
6194,1,cluster_B,downweight,0.3499999940395355
6195,1,cluster_B,downweight,0.3499999940395355
6196,1,cluster_B,downweight,0.3499999940395355
6197,0,cluster_A,downweight,0.3499999940395355
6198,1,cluster_B,downweight,0.3499999940395355
6199,0,cluster_A,retain,1.0
6200,0,cluster_A,downweight,0.3499999940395355
6201,1,cluster_B,downweight,0.3499999940395355
6202,1,cluster_B,downweight,0.3499999940395355
6203,1,cluster_B,retain,1.0
6204,1,cluster_B,retain,1.0
6205,1,cluster_B,retain,1.0
6206,1,cluster_B,downweight,0.3499999940395355
6207,0,cluster_A,retain,1.0
6208,1,cluster_B,retain,1.0
6209,1,cluster_B,downweight,0.3499999940395355
6210,1,cluster_B,retain,1.0
6211,1,cluster_B,downweight,0.3499999940395355
6212,1,cluster_B,retain,1.0
6213,0,cluster_A,retain,1.0
6214,1,cluster_B,retain,1.0
6215,1,cluster_B,downweight,0.3499999940395355
6216,0,cluster_A,downweight,0.3499999940395355
6217,1,cluster_B,retain,1.0
6218,1,cluster_B,retain,1.0
6219,0,cluster_A,retain,1.0
6220,1,cluster_B,retain,1.0
6221,1,cluster_B,retain,1.0
6222,0,cluster_A,retain,1.0
6223,1,cluster_B,downweight,0.3499999940395355
6224,1,cluster_B,retain,1.0
6225,0,cluster_A,retain,1.0
6226,0,cluster_A,downweight,0.3499999940395355
6227,0,cluster_A,retain,1.0
6228,1,cluster_B,retain,1.0
6229,1,cluster_B,downweight,0.3499999940395355
6230,0,cluster_A,retain,1.0
6231,1,cluster_B,downweight,0.3499999940395355
6232,1,cluster_B,downweight,0.3499999940395355
6233,0,cluster_A,downweight,0.3499999940395355
6234,1,cluster_B,retain,1.0
6235,0,cluster_A,downweight,0.3499999940395355
6236,0,cluster_A,downweight,0.3499999940395355
6237,1,cluster_B,retain,1.0
6238,1,cluster_B,retain,1.0
6239,0,cluster_A,retain,1.0
6240,1,cluster_B,retain,1.0
6241,1,cluster_B,retain,1.0
6242,0,cluster_A,retain,1.0
6243,1,cluster_B,retain,1.0
6244,0,cluster_A,retain,1.0
6245,0,cluster_A,retain,1.0
6246,0,cluster_A,retain,1.0
6247,0,cluster_A,downweight,0.3499999940395355
6248,0,cluster_A,retain,1.0
6249,1,cluster_B,retain,1.0
6250,0,cluster_A,downweight,0.3499999940395355
6251,1,cluster_B,retain,1.0
6252,0,cluster_A,downweight,0.3499999940395355
6253,0,cluster_A,retain,1.0
6254,0,cluster_A,retain,1.0
6255,1,cluster_B,retain,1.0
6256,0,cluster_A,retain,1.0
6257,1,cluster_B,downweight,0.3499999940395355
6258,0,cluster_A,retain,1.0
6259,1,cluster_B,retain,1.0
6260,0,cluster_A,downweight,0.3499999940395355
6261,1,cluster_B,retain,1.0
6262,1,cluster_B,retain,1.0
6263,0,cluster_A,downweight,0.3499999940395355
6264,0,cluster_A,downweight,0.3499999940395355
6265,0,cluster_A,retain,1.0
6266,1,cluster_B,retain,1.0
6267,0,cluster_A,downweight,0.3499999940395355
6268,1,cluster_B,downweight,0.3499999940395355
6269,0,cluster_A,retain,1.0
6270,0,cluster_A,retain,1.0
6271,0,cluster_A,downweight,0.3499999940395355
6272,0,cluster_A,retain,1.0
6273,1,cluster_B,downweight,0.3499999940395355
6274,1,cluster_B,downweight,0.3499999940395355
6275,1,cluster_B,retain,1.0
6276,1,cluster_B,downweight,0.3499999940395355
6277,1,cluster_B,retain,1.0
6278,1,cluster_B,retain,1.0
6279,1,cluster_B,downweight,0.3499999940395355
6280,1,cluster_B,downweight,0.3499999940395355
6281,1,cluster_B,downweight,0.3499999940395355
6282,0,cluster_A,retain,1.0
6283,0,cluster_A,retain,1.0
6284,1,cluster_B,downweight,0.3499999940395355
6285,1,cluster_B,retain,1.0
6286,1,cluster_B,downweight,0.3499999940395355
6287,0,cluster_A,downweight,0.3499999940395355
6288,1,cluster_B,retain,1.0
6289,0,cluster_A,retain,1.0
6290,0,cluster_A,downweight,0.3499999940395355
6291,1,cluster_B,retain,1.0
6292,0,cluster_A,retain,1.0
6293,1,cluster_B,retain,1.0
6294,0,cluster_A,retain,1.0
6295,1,cluster_B,downweight,0.3499999940395355
6296,0,cluster_A,retain,1.0
6297,0,cluster_A,downweight,0.3499999940395355
6298,1,cluster_B,downweight,0.3499999940395355
6299,1,cluster_B,retain,1.0
6300,1,cluster_B,retain,1.0
6301,1,cluster_B,downweight,0.3499999940395355
6302,0,cluster_A,retain,1.0
6303,0,cluster_A,retain,1.0
6304,1,cluster_B,downweight,0.3499999940395355
6305,1,cluster_B,retain,1.0
6306,0,cluster_A,downweight,0.3499999940395355
6307,1,cluster_B,retain,1.0
6308,1,cluster_B,downweight,0.3499999940395355
6309,1,cluster_B,retain,1.0
6310,1,cluster_B,downweight,0.3499999940395355
6311,1,cluster_B,downweight,0.3499999940395355
6312,0,cluster_A,downweight,0.3499999940395355
6313,0,cluster_A,downweight,0.3499999940395355
6314,1,cluster_B,downweight,0.3499999940395355
6315,1,cluster_B,retain,1.0
6316,1,cluster_B,retain,1.0
6317,0,cluster_A,retain,1.0
6318,0,cluster_A,retain,1.0
6319,0,cluster_A,retain,1.0
6320,1,cluster_B,downweight,0.3499999940395355
6321,0,cluster_A,downweight,0.3499999940395355
6322,1,cluster_B,downweight,0.3499999940395355
6323,1,cluster_B,downweight,0.3499999940395355
6324,0,cluster_A,downweight,0.3499999940395355
6325,1,cluster_B,downweight,0.3499999940395355
6326,1,cluster_B,retain,1.0
6327,1,cluster_B,downweight,0.3499999940395355
6328,0,cluster_A,retain,1.0
6329,0,cluster_A,retain,1.0
6330,1,cluster_B,retain,1.0
6331,0,cluster_A,downweight,0.3499999940395355
6332,1,cluster_B,retain,1.0
6333,0,cluster_A,retain,1.0
6334,1,cluster_B,retain,1.0
6335,1,cluster_B,downweight,0.3499999940395355
6336,0,cluster_A,retain,1.0
6337,0,cluster_A,retain,1.0
6338,1,cluster_B,retain,1.0
6339,0,cluster_A,retain,1.0
6340,1,cluster_B,downweight,0.3499999940395355
6341,1,cluster_B,retain,1.0
6342,1,cluster_B,downweight,0.3499999940395355
6343,1,cluster_B,retain,1.0
6344,1,cluster_B,downweight,0.3499999940395355
6345,0,cluster_A,downweight,0.3499999940395355
6346,0,cluster_A,retain,1.0
6347,0,cluster_A,retain,1.0
6348,1,cluster_B,retain,1.0
6349,1,cluster_B,downweight,0.3499999940395355
6350,1,cluster_B,downweight,0.3499999940395355
6351,1,cluster_B,retain,1.0
6352,1,cluster_B,downweight,0.3499999940395355
6353,0,cluster_A,downweight,0.3499999940395355
6354,1,cluster_B,retain,1.0
6355,0,cluster_A,retain,1.0
6356,1,cluster_B,downweight,0.3499999940395355
6357,1,cluster_B,downweight,0.3499999940395355
6358,1,cluster_B,retain,1.0
6359,0,cluster_A,downweight,0.3499999940395355
6360,1,cluster_B,downweight,0.3499999940395355
6361,0,cluster_A,retain,1.0
6362,1,cluster_B,downweight,0.3499999940395355
6363,0,cluster_A,retain,1.0
6364,0,cluster_A,downweight,0.3499999940395355
6365,1,cluster_B,downweight,0.3499999940395355
6366,0,cluster_A,downweight,0.3499999940395355
6367,0,cluster_A,retain,1.0
6368,1,cluster_B,retain,1.0
6369,1,cluster_B,retain,1.0
6370,0,cluster_A,retain,1.0
6371,0,cluster_A,retain,1.0
6372,0,cluster_A,downweight,0.3499999940395355
6373,0,cluster_A,downweight,0.3499999940395355
6374,1,cluster_B,downweight,0.3499999940395355
6375,1,cluster_B,retain,1.0
6376,1,cluster_B,retain,1.0
6377,1,cluster_B,downweight,0.3499999940395355
6378,1,cluster_B,downweight,0.3499999940395355
6379,1,cluster_B,downweight,0.3499999940395355
6380,1,cluster_B,downweight,0.3499999940395355
6381,1,cluster_B,downweight,0.3499999940395355
6382,1,cluster_B,downweight,0.3499999940395355
6383,0,cluster_A,downweight,0.3499999940395355
6384,1,cluster_B,retain,1.0
6385,1,cluster_B,downweight,0.3499999940395355
6386,0,cluster_A,downweight,0.3499999940395355
6387,1,cluster_B,retain,1.0
6388,0,cluster_A,retain,1.0
6389,0,cluster_A,downweight,0.3499999940395355
6390,1,cluster_B,downweight,0.3499999940395355
6391,1,cluster_B,retain,1.0
6392,0,cluster_A,retain,1.0
6393,1,cluster_B,downweight,0.3499999940395355
6394,1,cluster_B,downweight,0.3499999940395355
6395,1,cluster_B,retain,1.0
6396,1,cluster_B,retain,1.0
6397,1,cluster_B,downweight,0.3499999940395355
6398,0,cluster_A,retain,1.0
6399,0,cluster_A,retain,1.0
6400,1,cluster_B,retain,1.0
6401,0,cluster_A,retain,1.0
6402,1,cluster_B,retain,1.0
6403,1,cluster_B,downweight,0.3499999940395355
6404,0,cluster_A,retain,1.0
6405,1,cluster_B,retain,1.0
6406,1,cluster_B,retain,1.0
6407,0,cluster_A,retain,1.0
6408,1,cluster_B,retain,1.0
6409,0,cluster_A,retain,1.0
6410,0,cluster_A,retain,1.0
6411,1,cluster_B,retain,1.0
6412,1,cluster_B,retain,1.0
6413,1,cluster_B,retain,1.0
6414,1,cluster_B,retain,1.0
6415,1,cluster_B,downweight,0.3499999940395355
6416,1,cluster_B,retain,1.0
6417,1,cluster_B,downweight,0.3499999940395355
6418,1,cluster_B,downweight,0.3499999940395355
6419,1,cluster_B,downweight,0.3499999940395355
6420,1,cluster_B,downweight,0.3499999940395355
6421,0,cluster_A,retain,1.0
6422,0,cluster_A,downweight,0.3499999940395355
6423,1,cluster_B,downweight,0.3499999940395355
6424,1,cluster_B,downweight,0.3499999940395355
6425,1,cluster_B,retain,1.0
6426,1,cluster_B,downweight,0.3499999940395355
6427,1,cluster_B,retain,1.0
6428,1,cluster_B,downweight,0.3499999940395355
6429,1,cluster_B,retain,1.0
6430,1,cluster_B,downweight,0.3499999940395355
6431,1,cluster_B,retain,1.0
6432,0,cluster_A,downweight,0.3499999940395355
6433,1,cluster_B,retain,1.0
6435,0,cluster_A,downweight,0.3499999940395355
6436,1,cluster_B,downweight,0.3499999940395355
6437,1,cluster_B,retain,1.0
6438,0,cluster_A,retain,1.0
6439,0,cluster_A,retain,1.0
6440,1,cluster_B,retain,1.0
6441,0,cluster_A,retain,1.0
6442,1,cluster_B,retain,1.0
6443,1,cluster_B,retain,1.0
6444,0,cluster_A,retain,1.0
6445,1,cluster_B,downweight,0.3499999940395355
6446,0,cluster_A,retain,1.0
6447,1,cluster_B,downweight,0.3499999940395355
6448,1,cluster_B,downweight,0.3499999940395355
6449,0,cluster_A,downweight,0.3499999940395355
6450,0,cluster_A,retain,1.0
6451,1,cluster_B,downweight,0.3499999940395355
6452,1,cluster_B,retain,1.0
6453,1,cluster_B,retain,1.0
6454,0,cluster_A,downweight,0.3499999940395355
6455,0,cluster_A,retain,1.0
6456,0,cluster_A,retain,1.0
6457,1,cluster_B,downweight,0.3499999940395355
6458,0,cluster_A,downweight,0.3499999940395355
6459,1,cluster_B,retain,1.0
6460,0,cluster_A,downweight,0.3499999940395355
6461,0,cluster_A,retain,1.0
6462,1,cluster_B,retain,1.0
6463,1,cluster_B,retain,1.0
6464,0,cluster_A,downweight,0.3499999940395355
6465,1,cluster_B,retain,1.0
6466,0,cluster_A,retain,1.0
6467,1,cluster_B,downweight,0.3499999940395355
6468,0,cluster_A,retain,1.0
6469,1,cluster_B,downweight,0.3499999940395355
6470,0,cluster_A,downweight,0.3499999940395355
6471,1,cluster_B,downweight,0.3499999940395355
6472,1,cluster_B,downweight,0.3499999940395355
6473,1,cluster_B,retain,1.0
6474,1,cluster_B,retain,1.0
6475,0,cluster_A,downweight,0.3499999940395355
6476,0,cluster_A,retain,1.0
6477,1,cluster_B,retain,1.0
6478,1,cluster_B,downweight,0.3499999940395355
6479,1,cluster_B,downweight,0.3499999940395355
6480,0,cluster_A,retain,1.0
6481,1,cluster_B,retain,1.0
6482,0,cluster_A,downweight,0.3499999940395355
6483,1,cluster_B,downweight,0.3499999940395355
6484,0,cluster_A,retain,1.0
6485,0,cluster_A,retain,1.0
6486,0,cluster_A,retain,1.0
6487,1,cluster_B,retain,1.0
6488,1,cluster_B,retain,1.0
6489,1,cluster_B,downweight,0.3499999940395355
6490,0,cluster_A,downweight,0.3499999940395355
6491,1,cluster_B,retain,1.0
6492,1,cluster_B,downweight,0.3499999940395355
6493,0,cluster_A,retain,1.0
6494,1,cluster_B,retain,1.0
6495,1,cluster_B,retain,1.0
6496,1,cluster_B,downweight,0.3499999940395355
6497,0,cluster_A,downweight,0.3499999940395355
6498,0,cluster_A,retain,1.0
6499,1,cluster_B,downweight,0.3499999940395355
6500,0,cluster_A,downweight,0.3499999940395355
6501,1,cluster_B,retain,1.0
6502,0,cluster_A,downweight,0.3499999940395355
6503,1,cluster_B,downweight,0.3499999940395355
6504,1,cluster_B,retain,1.0
6505,0,cluster_A,retain,1.0
6507,1,cluster_B,downweight,0.3499999940395355
6508,0,cluster_A,downweight,0.3499999940395355
6509,1,cluster_B,downweight,0.3499999940395355
6510,0,cluster_A,downweight,0.3499999940395355
6511,1,cluster_B,retain,1.0
6512,0,cluster_A,retain,1.0
6513,0,cluster_A,retain,1.0
6514,1,cluster_B,downweight,0.3499999940395355
6515,0,cluster_A,retain,1.0
6516,0,cluster_A,retain,1.0
6517,0,cluster_A,downweight,0.3499999940395355
6518,0,cluster_A,downweight,0.3499999940395355
6519,1,cluster_B,retain,1.0
6520,1,cluster_B,retain,1.0
6521,0,cluster_A,downweight,0.3499999940395355
6522,1,cluster_B,retain,1.0
6523,0,cluster_A,retain,1.0
6524,0,cluster_A,downweight,0.3499999940395355
6525,0,cluster_A,downweight,0.3499999940395355
6526,0,cluster_A,retain,1.0
6527,1,cluster_B,retain,1.0
6528,0,cluster_A,downweight,0.3499999940395355
6529,0,cluster_A,retain,1.0
6530,1,cluster_B,downweight,0.3499999940395355
6531,0,cluster_A,retain,1.0
6532,0,cluster_A,retain,1.0
6533,1,cluster_B,retain,1.0
6534,1,cluster_B,retain,1.0
6535,0,cluster_A,downweight,0.3499999940395355
6536,1,cluster_B,retain,1.0
6537,1,cluster_B,retain,1.0
6538,1,cluster_B,retain,1.0
6539,1,cluster_B,downweight,0.3499999940395355
6540,1,cluster_B,downweight,0.3499999940395355
6541,0,cluster_A,retain,1.0
6542,1,cluster_B,retain,1.0
6543,0,cluster_A,downweight,0.3499999940395355
6544,0,cluster_A,downweight,0.3499999940395355
6545,0,cluster_A,retain,1.0
6546,0,cluster_A,retain,1.0
6547,1,cluster_B,downweight,0.3499999940395355
6548,1,cluster_B,retain,1.0
6549,1,cluster_B,downweight,0.3499999940395355
6550,1,cluster_B,downweight,0.3499999940395355
6551,1,cluster_B,retain,1.0
6552,0,cluster_A,retain,1.0
6553,1,cluster_B,downweight,0.3499999940395355
6554,0,cluster_A,retain,1.0
6555,1,cluster_B,downweight,0.3499999940395355
6556,0,cluster_A,retain,1.0
6557,1,cluster_B,retain,1.0
6558,1,cluster_B,downweight,0.3499999940395355
6559,1,cluster_B,downweight,0.3499999940395355
6560,1,cluster_B,retain,1.0
6561,1,cluster_B,downweight,0.3499999940395355
6562,0,cluster_A,downweight,0.3499999940395355
6563,0,cluster_A,downweight,0.3499999940395355
6564,1,cluster_B,retain,1.0
6565,0,cluster_A,downweight,0.3499999940395355
6566,1,cluster_B,downweight,0.3499999940395355
6567,0,cluster_A,downweight,0.3499999940395355
6568,0,cluster_A,downweight,0.3499999940395355
6569,1,cluster_B,downweight,0.3499999940395355
6570,1,cluster_B,downweight,0.3499999940395355
6571,0,cluster_A,downweight,0.3499999940395355
6572,0,cluster_A,downweight,0.3499999940395355
6573,1,cluster_B,downweight,0.3499999940395355
6574,0,cluster_A,downweight,0.3499999940395355
6575,0,cluster_A,retain,1.0
6576,0,cluster_A,retain,1.0
6577,0,cluster_A,retain,1.0
6578,0,cluster_A,downweight,0.3499999940395355
6579,0,cluster_A,retain,1.0
6580,0,cluster_A,downweight,0.3499999940395355
6581,1,cluster_B,downweight,0.3499999940395355
6582,0,cluster_A,downweight,0.3499999940395355
6583,0,cluster_A,retain,1.0
6584,0,cluster_A,downweight,0.3499999940395355
6585,1,cluster_B,downweight,0.3499999940395355
6586,0,cluster_A,downweight,0.3499999940395355
6587,1,cluster_B,retain,1.0
6588,1,cluster_B,retain,1.0
6589,0,cluster_A,downweight,0.3499999940395355
6590,1,cluster_B,downweight,0.3499999940395355
6591,0,cluster_A,downweight,0.3499999940395355
6592,0,cluster_A,downweight,0.3499999940395355
6593,0,cluster_A,downweight,0.3499999940395355
6594,1,cluster_B,retain,1.0
6595,1,cluster_B,downweight,0.3499999940395355
6596,1,cluster_B,retain,1.0
6597,0,cluster_A,retain,1.0
6598,0,cluster_A,retain,1.0
6599,1,cluster_B,downweight,0.3499999940395355
6600,1,cluster_B,downweight,0.3499999940395355
6601,1,cluster_B,downweight,0.3499999940395355
6602,0,cluster_A,downweight,0.3499999940395355
6603,1,cluster_B,downweight,0.3499999940395355
6604,0,cluster_A,downweight,0.3499999940395355
6605,1,cluster_B,downweight,0.3499999940395355
6606,0,cluster_A,downweight,0.3499999940395355
6607,0,cluster_A,retain,1.0
6608,1,cluster_B,downweight,0.3499999940395355
6609,0,cluster_A,retain,1.0
6610,1,cluster_B,downweight,0.3499999940395355
6611,1,cluster_B,downweight,0.3499999940395355
6612,0,cluster_A,downweight,0.3499999940395355
6613,1,cluster_B,downweight,0.3499999940395355
6614,0,cluster_A,retain,1.0
6615,1,cluster_B,retain,1.0
6616,1,cluster_B,downweight,0.3499999940395355
6617,0,cluster_A,downweight,0.3499999940395355
6618,0,cluster_A,retain,1.0
6619,0,cluster_A,retain,1.0
6620,0,cluster_A,downweight,0.3499999940395355
6621,0,cluster_A,downweight,0.3499999940395355
6622,1,cluster_B,retain,1.0
6623,0,cluster_A,retain,1.0
6624,1,cluster_B,retain,1.0
6625,0,cluster_A,retain,1.0
6626,1,cluster_B,downweight,0.3499999940395355
6627,0,cluster_A,downweight,0.3499999940395355
6628,0,cluster_A,downweight,0.3499999940395355
6629,1,cluster_B,downweight,0.3499999940395355
6630,0,cluster_A,retain,1.0
6631,1,cluster_B,downweight,0.3499999940395355
6632,1,cluster_B,retain,1.0
6633,0,cluster_A,downweight,0.3499999940395355
6634,1,cluster_B,downweight,0.3499999940395355
6635,1,cluster_B,downweight,0.3499999940395355
6636,0,cluster_A,downweight,0.3499999940395355
6637,1,cluster_B,downweight,0.3499999940395355
6638,0,cluster_A,retain,1.0
6639,0,cluster_A,downweight,0.3499999940395355
6640,1,cluster_B,retain,1.0
6641,1,cluster_B,downweight,0.3499999940395355
6642,0,cluster_A,retain,1.0
6643,1,cluster_B,downweight,0.3499999940395355
6644,0,cluster_A,downweight,0.3499999940395355
6645,0,cluster_A,retain,1.0
6646,1,cluster_B,retain,1.0
6647,0,cluster_A,retain,1.0
6648,0,cluster_A,retain,1.0
6649,0,cluster_A,downweight,0.3499999940395355
6650,0,cluster_A,downweight,0.3499999940395355
6651,0,cluster_A,retain,1.0
6652,1,cluster_B,retain,1.0
6653,0,cluster_A,downweight,0.3499999940395355
6654,0,cluster_A,retain,1.0
6655,0,cluster_A,downweight,0.3499999940395355
6656,0,cluster_A,downweight,0.3499999940395355
6657,1,cluster_B,retain,1.0
6658,1,cluster_B,retain,1.0
6659,1,cluster_B,retain,1.0
6660,0,cluster_A,retain,1.0
6661,1,cluster_B,retain,1.0
6662,1,cluster_B,retain,1.0
6663,0,cluster_A,downweight,0.3499999940395355
6664,1,cluster_B,retain,1.0
6665,1,cluster_B,downweight,0.3499999940395355
6666,1,cluster_B,downweight,0.3499999940395355
6667,0,cluster_A,downweight,0.3499999940395355
6668,0,cluster_A,retain,1.0
6669,0,cluster_A,retain,1.0
6670,1,cluster_B,downweight,0.3499999940395355
6671,1,cluster_B,downweight,0.3499999940395355
6672,1,cluster_B,downweight,0.3499999940395355
6673,1,cluster_B,downweight,0.3499999940395355
6674,1,cluster_B,retain,1.0
6675,0,cluster_A,downweight,0.3499999940395355
6676,1,cluster_B,retain,1.0
6677,1,cluster_B,downweight,0.3499999940395355
6678,0,cluster_A,downweight,0.3499999940395355
6679,1,cluster_B,downweight,0.3499999940395355
6680,1,cluster_B,downweight,0.3499999940395355
6681,0,cluster_A,downweight,0.3499999940395355
6682,1,cluster_B,downweight,0.3499999940395355
6683,0,cluster_A,retain,1.0
6684,1,cluster_B,retain,1.0
6685,0,cluster_A,downweight,0.3499999940395355
6686,0,cluster_A,downweight,0.3499999940395355
6687,1,cluster_B,downweight,0.3499999940395355
6688,1,cluster_B,downweight,0.3499999940395355
6689,0,cluster_A,downweight,0.3499999940395355
6690,0,cluster_A,downweight,0.3499999940395355
6691,1,cluster_B,downweight,0.3499999940395355
6692,1,cluster_B,downweight,0.3499999940395355
6693,0,cluster_A,retain,1.0
6694,1,cluster_B,retain,1.0
6695,1,cluster_B,downweight,0.3499999940395355
6696,1,cluster_B,downweight,0.3499999940395355
6697,0,cluster_A,retain,1.0
6698,1,cluster_B,downweight,0.3499999940395355
6699,1,cluster_B,downweight,0.3499999940395355
6700,1,cluster_B,retain,1.0
6701,1,cluster_B,retain,1.0
6702,1,cluster_B,retain,1.0
6703,0,cluster_A,downweight,0.3499999940395355
6704,1,cluster_B,downweight,0.3499999940395355
6705,1,cluster_B,retain,1.0
6706,1,cluster_B,downweight,0.3499999940395355
6707,0,cluster_A,downweight,0.3499999940395355
6708,0,cluster_A,downweight,0.3499999940395355
6709,0,cluster_A,retain,1.0
6710,1,cluster_B,downweight,0.3499999940395355
6711,1,cluster_B,retain,1.0
6712,1,cluster_B,downweight,0.3499999940395355
6713,1,cluster_B,downweight,0.3499999940395355
6714,0,cluster_A,retain,1.0
6715,1,cluster_B,downweight,0.3499999940395355
6716,1,cluster_B,retain,1.0
6717,1,cluster_B,downweight,0.3499999940395355
6718,1,cluster_B,downweight,0.3499999940395355
6719,0,cluster_A,downweight,0.3499999940395355
6720,1,cluster_B,retain,1.0
6721,0,cluster_A,retain,1.0
6722,1,cluster_B,downweight,0.3499999940395355
6723,0,cluster_A,downweight,0.3499999940395355
6724,1,cluster_B,retain,1.0
6725,0,cluster_A,downweight,0.3499999940395355
6726,1,cluster_B,downweight,0.3499999940395355
6727,0,cluster_A,downweight,0.3499999940395355
6728,0,cluster_A,retain,1.0
6729,1,cluster_B,retain,1.0
6730,0,cluster_A,downweight,0.3499999940395355
6731,1,cluster_B,downweight,0.3499999940395355
6732,0,cluster_A,downweight,0.3499999940395355
6733,0,cluster_A,downweight,0.3499999940395355
6734,0,cluster_A,retain,1.0
6735,1,cluster_B,downweight,0.3499999940395355
6736,0,cluster_A,retain,1.0
6737,1,cluster_B,downweight,0.3499999940395355
6738,1,cluster_B,downweight,0.3499999940395355
6739,0,cluster_A,retain,1.0
6740,1,cluster_B,retain,1.0
6741,0,cluster_A,downweight,0.3499999940395355
6742,1,cluster_B,retain,1.0
6743,0,cluster_A,retain,1.0
6744,0,cluster_A,downweight,0.3499999940395355
6745,1,cluster_B,retain,1.0
6746,0,cluster_A,downweight,0.3499999940395355
6747,0,cluster_A,downweight,0.3499999940395355
6748,1,cluster_B,downweight,0.3499999940395355
6749,1,cluster_B,retain,1.0
6750,1,cluster_B,retain,1.0
6751,1,cluster_B,downweight,0.3499999940395355
6752,1,cluster_B,downweight,0.3499999940395355
6753,0,cluster_A,downweight,0.3499999940395355
6754,0,cluster_A,downweight,0.3499999940395355
6755,1,cluster_B,retain,1.0
6756,1,cluster_B,retain,1.0
6757,1,cluster_B,downweight,0.3499999940395355
6758,1,cluster_B,retain,1.0
6759,0,cluster_A,retain,1.0
6760,1,cluster_B,retain,1.0
6761,0,cluster_A,retain,1.0
6762,0,cluster_A,downweight,0.3499999940395355
6763,0,cluster_A,downweight,0.3499999940395355
6764,0,cluster_A,retain,1.0
6765,1,cluster_B,downweight,0.3499999940395355
6766,0,cluster_A,downweight,0.3499999940395355
6767,0,cluster_A,downweight,0.3499999940395355
6768,0,cluster_A,retain,1.0
6769,1,cluster_B,downweight,0.3499999940395355
6770,0,cluster_A,downweight,0.3499999940395355
6771,0,cluster_A,downweight,0.3499999940395355
6772,1,cluster_B,downweight,0.3499999940395355
6773,0,cluster_A,downweight,0.3499999940395355
6774,1,cluster_B,downweight,0.3499999940395355
6776,0,cluster_A,retain,1.0
6777,0,cluster_A,retain,1.0
6778,0,cluster_A,downweight,0.3499999940395355
6779,1,cluster_B,downweight,0.3499999940395355
6780,0,cluster_A,retain,1.0
6781,0,cluster_A,downweight,0.3499999940395355
6782,1,cluster_B,retain,1.0
6783,0,cluster_A,retain,1.0
6784,1,cluster_B,downweight,0.3499999940395355
6785,0,cluster_A,downweight,0.3499999940395355
6786,1,cluster_B,downweight,0.3499999940395355
6787,1,cluster_B,downweight,0.3499999940395355
6788,0,cluster_A,downweight,0.3499999940395355
6789,0,cluster_A,downweight,0.3499999940395355
6790,0,cluster_A,downweight,0.3499999940395355
6791,0,cluster_A,retain,1.0
6792,1,cluster_B,retain,1.0
6793,1,cluster_B,retain,1.0
6794,0,cluster_A,retain,1.0
6795,0,cluster_A,retain,1.0
6796,1,cluster_B,downweight,0.3499999940395355
6797,1,cluster_B,downweight,0.3499999940395355
6798,1,cluster_B,downweight,0.3499999940395355
6799,0,cluster_A,retain,1.0
6800,1,cluster_B,retain,1.0
6801,0,cluster_A,downweight,0.3499999940395355
6802,0,cluster_A,downweight,0.3499999940395355
6803,1,cluster_B,downweight,0.3499999940395355
6804,0,cluster_A,downweight,0.3499999940395355
6805,1,cluster_B,downweight,0.3499999940395355
6806,0,cluster_A,downweight,0.3499999940395355
6807,1,cluster_B,retain,1.0
6808,0,cluster_A,downweight,0.3499999940395355
6809,0,cluster_A,retain,1.0
6810,1,cluster_B,downweight,0.3499999940395355
6811,0,cluster_A,downweight,0.3499999940395355
6812,1,cluster_B,retain,1.0
6813,1,cluster_B,downweight,0.3499999940395355
6814,1,cluster_B,retain,1.0
6815,0,cluster_A,retain,1.0
6816,0,cluster_A,downweight,0.3499999940395355
6817,0,cluster_A,retain,1.0
6818,0,cluster_A,downweight,0.3499999940395355
6819,1,cluster_B,downweight,0.3499999940395355
6820,0,cluster_A,downweight,0.3499999940395355
6821,1,cluster_B,downweight,0.3499999940395355
6822,1,cluster_B,retain,1.0
6823,1,cluster_B,downweight,0.3499999940395355
6824,0,cluster_A,retain,1.0
6825,1,cluster_B,retain,1.0
6826,1,cluster_B,downweight,0.3499999940395355
6827,1,cluster_B,downweight,0.3499999940395355
6828,1,cluster_B,retain,1.0
6829,1,cluster_B,retain,1.0
6830,0,cluster_A,retain,1.0
6831,0,cluster_A,downweight,0.3499999940395355
6832,1,cluster_B,retain,1.0
6833,1,cluster_B,downweight,0.3499999940395355
6834,1,cluster_B,retain,1.0
6835,0,cluster_A,retain,1.0
6836,0,cluster_A,retain,1.0
6837,1,cluster_B,retain,1.0
6838,0,cluster_A,retain,1.0
6839,0,cluster_A,retain,1.0
6840,1,cluster_B,downweight,0.3499999940395355
6841,0,cluster_A,retain,1.0
6842,0,cluster_A,downweight,0.3499999940395355
6843,0,cluster_A,downweight,0.3499999940395355
6844,1,cluster_B,retain,1.0
6845,1,cluster_B,downweight,0.3499999940395355
6846,1,cluster_B,downweight,0.3499999940395355
6847,1,cluster_B,downweight,0.3499999940395355
6848,0,cluster_A,downweight,0.3499999940395355
6849,0,cluster_A,downweight,0.3499999940395355
6850,0,cluster_A,retain,1.0
6851,1,cluster_B,downweight,0.3499999940395355
6852,0,cluster_A,downweight,0.3499999940395355
6853,0,cluster_A,downweight,0.3499999940395355
6854,1,cluster_B,downweight,0.3499999940395355
6855,0,cluster_A,retain,1.0
6856,1,cluster_B,downweight,0.3499999940395355
6857,0,cluster_A,retain,1.0
6858,1,cluster_B,downweight,0.3499999940395355
6859,0,cluster_A,retain,1.0
6860,1,cluster_B,downweight,0.3499999940395355
6861,1,cluster_B,downweight,0.3499999940395355
6862,0,cluster_A,downweight,0.3499999940395355
6863,1,cluster_B,downweight,0.3499999940395355
6864,1,cluster_B,retain,1.0
6865,0,cluster_A,downweight,0.3499999940395355
6866,1,cluster_B,downweight,0.3499999940395355
6867,0,cluster_A,downweight,0.3499999940395355
6868,0,cluster_A,retain,1.0
6869,0,cluster_A,downweight,0.3499999940395355
6870,0,cluster_A,retain,1.0
6871,0,cluster_A,downweight,0.3499999940395355
6872,1,cluster_B,downweight,0.3499999940395355
6873,0,cluster_A,retain,1.0
6874,0,cluster_A,retain,1.0
6875,0,cluster_A,retain,1.0
6876,0,cluster_A,downweight,0.3499999940395355
6877,0,cluster_A,downweight,0.3499999940395355
6878,1,cluster_B,retain,1.0
6879,1,cluster_B,retain,1.0
6880,0,cluster_A,retain,1.0
6881,0,cluster_A,downweight,0.3499999940395355
6882,1,cluster_B,downweight,0.3499999940395355
6883,0,cluster_A,downweight,0.3499999940395355
6884,1,cluster_B,retain,1.0
6885,1,cluster_B,downweight,0.3499999940395355
6886,1,cluster_B,retain,1.0
6887,0,cluster_A,downweight,0.3499999940395355
6888,1,cluster_B,downweight,0.3499999940395355
6889,0,cluster_A,retain,1.0
6890,1,cluster_B,downweight,0.3499999940395355
6891,0,cluster_A,retain,1.0
6892,1,cluster_B,retain,1.0
6893,1,cluster_B,downweight,0.3499999940395355
6894,1,cluster_B,retain,1.0
6895,0,cluster_A,downweight,0.3499999940395355
6896,1,cluster_B,retain,1.0
6897,0,cluster_A,retain,1.0
6898,1,cluster_B,retain,1.0
6899,0,cluster_A,downweight,0.3499999940395355
6900,1,cluster_B,downweight,0.3499999940395355
6901,1,cluster_B,retain,1.0
6902,1,cluster_B,retain,1.0
6903,0,cluster_A,retain,1.0
6904,0,cluster_A,retain,1.0
6905,0,cluster_A,retain,1.0
6906,0,cluster_A,retain,1.0
6907,1,cluster_B,retain,1.0
6908,0,cluster_A,retain,1.0
6909,1,cluster_B,retain,1.0
6910,0,cluster_A,retain,1.0
6911,1,cluster_B,downweight,0.3499999940395355
6912,0,cluster_A,downweight,0.3499999940395355
6913,1,cluster_B,retain,1.0
6914,1,cluster_B,retain,1.0
6915,0,cluster_A,retain,1.0
6916,1,cluster_B,downweight,0.3499999940395355
6917,1,cluster_B,retain,1.0
6918,1,cluster_B,downweight,0.3499999940395355
6919,1,cluster_B,retain,1.0
6920,1,cluster_B,retain,1.0
6921,0,cluster_A,downweight,0.3499999940395355
6922,0,cluster_A,retain,1.0
6923,1,cluster_B,retain,1.0
6924,0,cluster_A,retain,1.0
6925,1,cluster_B,downweight,0.3499999940395355
6926,1,cluster_B,retain,1.0
6927,1,cluster_B,downweight,0.3499999940395355
6928,0,cluster_A,downweight,0.3499999940395355
6929,0,cluster_A,retain,1.0
6930,1,cluster_B,downweight,0.3499999940395355
6931,1,cluster_B,downweight,0.3499999940395355
6932,1,cluster_B,downweight,0.3499999940395355
6933,0,cluster_A,downweight,0.3499999940395355
6934,1,cluster_B,retain,1.0
6935,0,cluster_A,retain,1.0
6936,0,cluster_A,retain,1.0
6937,0,cluster_A,downweight,0.3499999940395355
6938,1,cluster_B,downweight,0.3499999940395355
6939,0,cluster_A,retain,1.0
6940,1,cluster_B,retain,1.0
6941,1,cluster_B,retain,1.0
6942,1,cluster_B,downweight,0.3499999940395355
6943,0,cluster_A,retain,1.0
6944,0,cluster_A,downweight,0.3499999940395355
6945,0,cluster_A,downweight,0.3499999940395355
6946,1,cluster_B,retain,1.0
6947,1,cluster_B,retain,1.0
6948,1,cluster_B,downweight,0.3499999940395355
6949,0,cluster_A,downweight,0.3499999940395355
6950,0,cluster_A,retain,1.0
6951,1,cluster_B,retain,1.0
6952,1,cluster_B,downweight,0.3499999940395355
6953,1,cluster_B,retain,1.0
6954,1,cluster_B,downweight,0.3499999940395355
6955,0,cluster_A,retain,1.0
6956,0,cluster_A,retain,1.0
6957,1,cluster_B,retain,1.0
6958,0,cluster_A,downweight,0.3499999940395355
6959,0,cluster_A,downweight,0.3499999940395355
6960,0,cluster_A,retain,1.0
6961,1,cluster_B,retain,1.0
6962,0,cluster_A,retain,1.0
6963,0,cluster_A,downweight,0.3499999940395355
6964,1,cluster_B,downweight,0.3499999940395355
6965,1,cluster_B,retain,1.0
6966,1,cluster_B,retain,1.0
6967,1,cluster_B,retain,1.0
6968,0,cluster_A,downweight,0.3499999940395355
6969,0,cluster_A,retain,1.0
6970,1,cluster_B,downweight,0.3499999940395355
6971,1,cluster_B,downweight,0.3499999940395355
6972,1,cluster_B,downweight,0.3499999940395355
6973,0,cluster_A,downweight,0.3499999940395355
6974,0,cluster_A,downweight,0.3499999940395355
6975,1,cluster_B,retain,1.0
6976,0,cluster_A,downweight,0.3499999940395355
6977,1,cluster_B,downweight,0.3499999940395355
6978,1,cluster_B,downweight,0.3499999940395355
6979,1,cluster_B,downweight,0.3499999940395355
6980,0,cluster_A,retain,1.0
6981,1,cluster_B,downweight,0.3499999940395355
6982,0,cluster_A,downweight,0.3499999940395355
6983,1,cluster_B,downweight,0.3499999940395355
6984,0,cluster_A,downweight,0.3499999940395355
6985,0,cluster_A,downweight,0.3499999940395355
6986,1,cluster_B,downweight,0.3499999940395355
6987,1,cluster_B,downweight,0.3499999940395355
6988,0,cluster_A,retain,1.0
6989,0,cluster_A,retain,1.0
6990,1,cluster_B,downweight,0.3499999940395355
6991,1,cluster_B,downweight,0.3499999940395355
6992,0,cluster_A,downweight,0.3499999940395355
6993,0,cluster_A,retain,1.0
6994,0,cluster_A,retain,1.0
6995,1,cluster_B,retain,1.0
6996,1,cluster_B,retain,1.0
6997,1,cluster_B,downweight,0.3499999940395355
6998,0,cluster_A,retain,1.0
6999,1,cluster_B,downweight,0.3499999940395355
7000,0,cluster_A,retain,1.0
7001,1,cluster_B,retain,1.0
7002,0,cluster_A,downweight,0.3499999940395355
7003,0,cluster_A,downweight,0.3499999940395355
7004,1,cluster_B,downweight,0.3499999940395355
7005,1,cluster_B,downweight,0.3499999940395355
7006,0,cluster_A,retain,1.0
7007,0,cluster_A,retain,1.0
7008,0,cluster_A,retain,1.0
7009,0,cluster_A,retain,1.0
7010,0,cluster_A,retain,1.0
7011,1,cluster_B,retain,1.0
7012,0,cluster_A,retain,1.0
7013,0,cluster_A,downweight,0.3499999940395355
7014,0,cluster_A,downweight,0.3499999940395355
7015,0,cluster_A,retain,1.0
7016,0,cluster_A,retain,1.0
7017,0,cluster_A,retain,1.0
7018,0,cluster_A,downweight,0.3499999940395355
7019,1,cluster_B,downweight,0.3499999940395355
7020,0,cluster_A,downweight,0.3499999940395355
7021,1,cluster_B,retain,1.0
7022,0,cluster_A,retain,1.0
7023,0,cluster_A,retain,1.0
7024,0,cluster_A,downweight,0.3499999940395355
7025,0,cluster_A,downweight,0.3499999940395355
7026,1,cluster_B,downweight,0.3499999940395355
7027,1,cluster_B,retain,1.0
7028,0,cluster_A,retain,1.0
7029,0,cluster_A,retain,1.0
7030,1,cluster_B,retain,1.0
7031,1,cluster_B,downweight,0.3499999940395355
7032,0,cluster_A,retain,1.0
7033,0,cluster_A,downweight,0.3499999940395355
7034,1,cluster_B,downweight,0.3499999940395355
7035,1,cluster_B,downweight,0.3499999940395355
7036,0,cluster_A,retain,1.0
7037,0,cluster_A,downweight,0.3499999940395355
7038,1,cluster_B,retain,1.0
7039,1,cluster_B,downweight,0.3499999940395355
7040,0,cluster_A,retain,1.0
7041,0,cluster_A,downweight,0.3499999940395355
7042,1,cluster_B,retain,1.0
7043,1,cluster_B,downweight,0.3499999940395355
7044,1,cluster_B,downweight,0.3499999940395355
7045,0,cluster_A,downweight,0.3499999940395355
7046,0,cluster_A,downweight,0.3499999940395355
7047,1,cluster_B,retain,1.0
7048,0,cluster_A,downweight,0.3499999940395355
7049,1,cluster_B,downweight,0.3499999940395355
7050,0,cluster_A,downweight,0.3499999940395355
7051,1,cluster_B,downweight,0.3499999940395355
7052,0,cluster_A,downweight,0.3499999940395355
7053,1,cluster_B,downweight,0.3499999940395355
7054,0,cluster_A,retain,1.0
7055,1,cluster_B,downweight,0.3499999940395355
7056,1,cluster_B,downweight,0.3499999940395355
7057,1,cluster_B,downweight,0.3499999940395355
7058,0,cluster_A,retain,1.0
7059,0,cluster_A,downweight,0.3499999940395355
7060,0,cluster_A,retain,1.0
7061,0,cluster_A,retain,1.0
7062,1,cluster_B,downweight,0.3499999940395355
7063,0,cluster_A,retain,1.0
7064,0,cluster_A,downweight,0.3499999940395355
7065,0,cluster_A,downweight,0.3499999940395355
7066,1,cluster_B,retain,1.0
7067,0,cluster_A,downweight,0.3499999940395355
7068,1,cluster_B,downweight,0.3499999940395355
7069,1,cluster_B,downweight,0.3499999940395355
7070,0,cluster_A,downweight,0.3499999940395355
7071,1,cluster_B,retain,1.0
7072,0,cluster_A,downweight,0.3499999940395355
7073,1,cluster_B,downweight,0.3499999940395355
7074,1,cluster_B,downweight,0.3499999940395355
7075,1,cluster_B,retain,1.0
7076,1,cluster_B,downweight,0.3499999940395355
7077,0,cluster_A,downweight,0.3499999940395355
7078,1,cluster_B,downweight,0.3499999940395355
7079,1,cluster_B,downweight,0.3499999940395355
7080,0,cluster_A,downweight,0.3499999940395355
7081,1,cluster_B,downweight,0.3499999940395355
7082,0,cluster_A,downweight,0.3499999940395355
7083,0,cluster_A,downweight,0.3499999940395355
7084,0,cluster_A,downweight,0.3499999940395355
7085,0,cluster_A,downweight,0.3499999940395355
7086,0,cluster_A,downweight,0.3499999940395355
7087,0,cluster_A,downweight,0.3499999940395355
7088,0,cluster_A,retain,1.0
7089,0,cluster_A,downweight,0.3499999940395355
7090,1,cluster_B,downweight,0.3499999940395355
7091,0,cluster_A,retain,1.0
7092,1,cluster_B,downweight,0.3499999940395355
7093,0,cluster_A,retain,1.0
7094,0,cluster_A,retain,1.0
7095,1,cluster_B,retain,1.0
7096,1,cluster_B,retain,1.0
7097,0,cluster_A,retain,1.0
7098,1,cluster_B,downweight,0.3499999940395355
7099,1,cluster_B,retain,1.0
7100,0,cluster_A,retain,1.0
7101,0,cluster_A,downweight,0.3499999940395355
7102,1,cluster_B,retain,1.0
7103,0,cluster_A,downweight,0.3499999940395355
7104,1,cluster_B,downweight,0.3499999940395355
7105,0,cluster_A,downweight,0.3499999940395355
7106,0,cluster_A,downweight,0.3499999940395355
7107,1,cluster_B,retain,1.0
7108,0,cluster_A,retain,1.0
7109,1,cluster_B,downweight,0.3499999940395355
7110,0,cluster_A,downweight,0.3499999940395355
7111,1,cluster_B,downweight,0.3499999940395355
7112,0,cluster_A,downweight,0.3499999940395355
7113,0,cluster_A,retain,1.0
7114,0,cluster_A,retain,1.0
7115,0,cluster_A,retain,1.0
7116,1,cluster_B,retain,1.0
7117,1,cluster_B,downweight,0.3499999940395355
7118,0,cluster_A,downweight,0.3499999940395355
7119,0,cluster_A,retain,1.0
7120,1,cluster_B,downweight,0.3499999940395355
7121,0,cluster_A,downweight,0.3499999940395355
7122,1,cluster_B,downweight,0.3499999940395355
7123,1,cluster_B,retain,1.0
7124,0,cluster_A,downweight,0.3499999940395355
7125,1,cluster_B,retain,1.0
7126,1,cluster_B,downweight,0.3499999940395355
7127,1,cluster_B,downweight,0.3499999940395355
7128,1,cluster_B,downweight,0.3499999940395355
7129,0,cluster_A,downweight,0.3499999940395355
7130,1,cluster_B,downweight,0.3499999940395355
7131,0,cluster_A,retain,1.0
7132,0,cluster_A,retain,1.0
7133,0,cluster_A,downweight,0.3499999940395355
7134,1,cluster_B,downweight,0.3499999940395355
7135,1,cluster_B,downweight,0.3499999940395355
7136,0,cluster_A,retain,1.0
7137,0,cluster_A,downweight,0.3499999940395355
7138,1,cluster_B,downweight,0.3499999940395355
7139,0,cluster_A,retain,1.0
7140,0,cluster_A,retain,1.0
7141,0,cluster_A,retain,1.0
7142,0,cluster_A,retain,1.0
7143,0,cluster_A,downweight,0.3499999940395355
7144,0,cluster_A,downweight,0.3499999940395355
7145,0,cluster_A,retain,1.0
7146,0,cluster_A,downweight,0.3499999940395355
7147,1,cluster_B,downweight,0.3499999940395355
7148,0,cluster_A,retain,1.0
7149,0,cluster_A,downweight,0.3499999940395355
7150,1,cluster_B,downweight,0.3499999940395355
7151,1,cluster_B,retain,1.0
7152,1,cluster_B,retain,1.0
7153,1,cluster_B,retain,1.0
7154,0,cluster_A,retain,1.0
7155,1,cluster_B,retain,1.0
7156,1,cluster_B,retain,1.0
7157,0,cluster_A,downweight,0.3499999940395355
7158,1,cluster_B,downweight,0.3499999940395355
7159,0,cluster_A,downweight,0.3499999940395355
7160,0,cluster_A,downweight,0.3499999940395355
7161,1,cluster_B,retain,1.0
7163,0,cluster_A,retain,1.0
7164,0,cluster_A,downweight,0.3499999940395355
7165,1,cluster_B,retain,1.0
7166,1,cluster_B,downweight,0.3499999940395355
7167,1,cluster_B,downweight,0.3499999940395355
7168,1,cluster_B,downweight,0.3499999940395355
7169,1,cluster_B,downweight,0.3499999940395355
7170,0,cluster_A,downweight,0.3499999940395355
7171,0,cluster_A,retain,1.0
7172,0,cluster_A,downweight,0.3499999940395355
7173,0,cluster_A,downweight,0.3499999940395355
7174,1,cluster_B,retain,1.0
7175,0,cluster_A,retain,1.0
7176,0,cluster_A,retain,1.0
7177,1,cluster_B,downweight,0.3499999940395355
7178,0,cluster_A,retain,1.0
7179,0,cluster_A,retain,1.0
7180,1,cluster_B,downweight,0.3499999940395355
7181,0,cluster_A,downweight,0.3499999940395355
7182,0,cluster_A,downweight,0.3499999940395355
7183,1,cluster_B,retain,1.0
7184,0,cluster_A,retain,1.0
7185,1,cluster_B,retain,1.0
7186,1,cluster_B,retain,1.0
7187,0,cluster_A,retain,1.0
7188,0,cluster_A,retain,1.0
7189,1,cluster_B,retain,1.0
7190,1,cluster_B,retain,1.0
7191,1,cluster_B,retain,1.0
7192,0,cluster_A,retain,1.0
7193,1,cluster_B,downweight,0.3499999940395355
7194,0,cluster_A,retain,1.0
7195,1,cluster_B,retain,1.0
7196,0,cluster_A,retain,1.0
7197,1,cluster_B,downweight,0.3499999940395355
7198,1,cluster_B,retain,1.0
7199,0,cluster_A,retain,1.0
7200,1,cluster_B,downweight,0.3499999940395355
7201,0,cluster_A,retain,1.0
7202,0,cluster_A,downweight,0.3499999940395355
7203,1,cluster_B,downweight,0.3499999940395355
7204,0,cluster_A,downweight,0.3499999940395355
7205,1,cluster_B,downweight,0.3499999940395355
7206,0,cluster_A,retain,1.0
7207,1,cluster_B,downweight,0.3499999940395355
7208,1,cluster_B,downweight,0.3499999940395355
7209,0,cluster_A,downweight,0.3499999940395355
7210,0,cluster_A,downweight,0.3499999940395355
7211,1,cluster_B,downweight,0.3499999940395355
7212,1,cluster_B,retain,1.0
7213,0,cluster_A,retain,1.0
7214,1,cluster_B,retain,1.0
7215,0,cluster_A,retain,1.0
7216,0,cluster_A,retain,1.0
7217,1,cluster_B,downweight,0.3499999940395355
7218,1,cluster_B,downweight,0.3499999940395355
7219,1,cluster_B,retain,1.0
7220,1,cluster_B,retain,1.0
7221,0,cluster_A,downweight,0.3499999940395355
7222,0,cluster_A,downweight,0.3499999940395355
7223,0,cluster_A,retain,1.0
7224,0,cluster_A,retain,1.0
7225,1,cluster_B,downweight,0.3499999940395355
7226,1,cluster_B,retain,1.0
7227,0,cluster_A,downweight,0.3499999940395355
7229,1,cluster_B,downweight,0.3499999940395355
7230,1,cluster_B,retain,1.0
7231,0,cluster_A,downweight,0.3499999940395355
7232,0,cluster_A,downweight,0.3499999940395355
7233,1,cluster_B,retain,1.0
7234,0,cluster_A,downweight,0.3499999940395355
7235,0,cluster_A,retain,1.0
7236,1,cluster_B,retain,1.0
7237,0,cluster_A,retain,1.0
7238,0,cluster_A,downweight,0.3499999940395355
7239,0,cluster_A,downweight,0.3499999940395355
7240,0,cluster_A,retain,1.0
7241,1,cluster_B,retain,1.0
7242,1,cluster_B,downweight,0.3499999940395355
7243,1,cluster_B,retain,1.0
7244,0,cluster_A,downweight,0.3499999940395355
7245,1,cluster_B,downweight,0.3499999940395355
7246,1,cluster_B,downweight,0.3499999940395355
7247,1,cluster_B,retain,1.0
7248,0,cluster_A,downweight,0.3499999940395355
7249,0,cluster_A,retain,1.0
7250,1,cluster_B,downweight,0.3499999940395355
7251,1,cluster_B,retain,1.0
7252,1,cluster_B,downweight,0.3499999940395355
7253,0,cluster_A,downweight,0.3499999940395355
7254,1,cluster_B,retain,1.0
7255,1,cluster_B,retain,1.0
7256,0,cluster_A,downweight,0.3499999940395355
7257,0,cluster_A,retain,1.0
7258,0,cluster_A,retain,1.0
7259,1,cluster_B,downweight,0.3499999940395355
7260,0,cluster_A,downweight,0.3499999940395355
7261,1,cluster_B,retain,1.0
7262,1,cluster_B,retain,1.0
7263,0,cluster_A,retain,1.0
7264,1,cluster_B,retain,1.0
7265,1,cluster_B,downweight,0.3499999940395355
7266,1,cluster_B,retain,1.0
7267,1,cluster_B,retain,1.0
7268,0,cluster_A,downweight,0.3499999940395355
7269,0,cluster_A,downweight,0.3499999940395355
7270,0,cluster_A,downweight,0.3499999940395355
7271,1,cluster_B,retain,1.0
7272,0,cluster_A,retain,1.0
7273,1,cluster_B,downweight,0.3499999940395355
7274,1,cluster_B,downweight,0.3499999940395355
7275,1,cluster_B,downweight,0.3499999940395355
7276,0,cluster_A,downweight,0.3499999940395355
7277,0,cluster_A,downweight,0.3499999940395355
7278,1,cluster_B,retain,1.0
7279,0,cluster_A,retain,1.0
7280,1,cluster_B,downweight,0.3499999940395355
7281,1,cluster_B,downweight,0.3499999940395355
7282,0,cluster_A,downweight,0.3499999940395355
7283,0,cluster_A,retain,1.0
7284,1,cluster_B,retain,1.0
7285,1,cluster_B,downweight,0.3499999940395355
7286,0,cluster_A,downweight,0.3499999940395355
7287,0,cluster_A,downweight,0.3499999940395355
7288,0,cluster_A,downweight,0.3499999940395355
7289,0,cluster_A,retain,1.0
7290,0,cluster_A,retain,1.0
7291,0,cluster_A,retain,1.0
7292,1,cluster_B,downweight,0.3499999940395355
7293,1,cluster_B,downweight,0.3499999940395355
7294,1,cluster_B,downweight,0.3499999940395355
7295,1,cluster_B,retain,1.0
7296,0,cluster_A,downweight,0.3499999940395355
7297,1,cluster_B,downweight,0.3499999940395355
7298,1,cluster_B,retain,1.0
7299,0,cluster_A,downweight,0.3499999940395355
7300,1,cluster_B,retain,1.0
7301,0,cluster_A,retain,1.0
7302,1,cluster_B,retain,1.0
7303,0,cluster_A,retain,1.0
7304,0,cluster_A,retain,1.0
7305,0,cluster_A,downweight,0.3499999940395355
7306,0,cluster_A,downweight,0.3499999940395355
7307,1,cluster_B,retain,1.0
7308,0,cluster_A,retain,1.0
7309,1,cluster_B,retain,1.0
7310,1,cluster_B,retain,1.0
7311,1,cluster_B,retain,1.0
7312,1,cluster_B,retain,1.0
7313,0,cluster_A,downweight,0.3499999940395355
7314,1,cluster_B,retain,1.0
7315,1,cluster_B,downweight,0.3499999940395355
7316,1,cluster_B,downweight,0.3499999940395355
7317,1,cluster_B,downweight,0.3499999940395355
7318,1,cluster_B,retain,1.0
7319,0,cluster_A,downweight,0.3499999940395355
7320,1,cluster_B,retain,1.0
7321,0,cluster_A,downweight,0.3499999940395355
7322,0,cluster_A,downweight,0.3499999940395355
7323,1,cluster_B,retain,1.0
7324,0,cluster_A,downweight,0.3499999940395355
7325,0,cluster_A,retain,1.0
7326,1,cluster_B,retain,1.0
7327,0,cluster_A,downweight,0.3499999940395355
7328,1,cluster_B,retain,1.0
7329,0,cluster_A,retain,1.0
7330,1,cluster_B,retain,1.0
7331,0,cluster_A,downweight,0.3499999940395355
7332,1,cluster_B,retain,1.0
7333,0,cluster_A,retain,1.0
7334,0,cluster_A,retain,1.0
7335,0,cluster_A,downweight,0.3499999940395355
7336,0,cluster_A,downweight,0.3499999940395355
7337,1,cluster_B,downweight,0.3499999940395355
7338,0,cluster_A,downweight,0.3499999940395355
7339,0,cluster_A,retain,1.0
7340,1,cluster_B,retain,1.0
7341,1,cluster_B,retain,1.0
7342,1,cluster_B,retain,1.0
7343,1,cluster_B,downweight,0.3499999940395355
7344,1,cluster_B,retain,1.0
7345,1,cluster_B,downweight,0.3499999940395355
7346,0,cluster_A,downweight,0.3499999940395355
7348,0,cluster_A,retain,1.0
7349,1,cluster_B,retain,1.0
7350,0,cluster_A,retain,1.0
7351,1,cluster_B,downweight,0.3499999940395355
7352,0,cluster_A,retain,1.0
7353,1,cluster_B,retain,1.0
7354,1,cluster_B,retain,1.0
7355,0,cluster_A,retain,1.0
7356,0,cluster_A,retain,1.0
7357,0,cluster_A,retain,1.0
7358,0,cluster_A,retain,1.0
7359,0,cluster_A,downweight,0.3499999940395355
7360,0,cluster_A,retain,1.0
7361,0,cluster_A,downweight,0.3499999940395355
7362,1,cluster_B,downweight,0.3499999940395355
7363,1,cluster_B,retain,1.0
7364,0,cluster_A,downweight,0.3499999940395355
7365,1,cluster_B,downweight,0.3499999940395355
7366,1,cluster_B,retain,1.0
7367,0,cluster_A,downweight,0.3499999940395355
7368,1,cluster_B,retain,1.0
7369,1,cluster_B,retain,1.0
7370,0,cluster_A,downweight,0.3499999940395355
7371,0,cluster_A,downweight,0.3499999940395355
7372,0,cluster_A,downweight,0.3499999940395355
7373,1,cluster_B,retain,1.0
7374,0,cluster_A,downweight,0.3499999940395355
7375,0,cluster_A,downweight,0.3499999940395355
7376,1,cluster_B,downweight,0.3499999940395355
7377,0,cluster_A,downweight,0.3499999940395355
7378,0,cluster_A,downweight,0.3499999940395355
7379,1,cluster_B,downweight,0.3499999940395355
7380,0,cluster_A,downweight,0.3499999940395355
7381,1,cluster_B,retain,1.0
7382,0,cluster_A,retain,1.0
7383,1,cluster_B,retain,1.0
7384,0,cluster_A,retain,1.0
7385,0,cluster_A,downweight,0.3499999940395355
7386,0,cluster_A,retain,1.0
7387,1,cluster_B,downweight,0.3499999940395355
7388,0,cluster_A,downweight,0.3499999940395355
7389,1,cluster_B,downweight,0.3499999940395355
7390,1,cluster_B,downweight,0.3499999940395355
7391,0,cluster_A,retain,1.0
7392,1,cluster_B,downweight,0.3499999940395355
7393,1,cluster_B,retain,1.0
7394,0,cluster_A,downweight,0.3499999940395355
7395,1,cluster_B,downweight,0.3499999940395355
7396,1,cluster_B,downweight,0.3499999940395355
7397,1,cluster_B,downweight,0.3499999940395355
7398,1,cluster_B,retain,1.0
7399,0,cluster_A,retain,1.0
7400,1,cluster_B,downweight,0.3499999940395355
7401,0,cluster_A,retain,1.0
7402,1,cluster_B,downweight,0.3499999940395355
7403,0,cluster_A,downweight,0.3499999940395355
7404,1,cluster_B,retain,1.0
7405,0,cluster_A,downweight,0.3499999940395355
7406,1,cluster_B,downweight,0.3499999940395355
7407,0,cluster_A,downweight,0.3499999940395355
7408,0,cluster_A,retain,1.0
7409,0,cluster_A,downweight,0.3499999940395355
7410,1,cluster_B,downweight,0.3499999940395355
7411,0,cluster_A,downweight,0.3499999940395355
7412,1,cluster_B,downweight,0.3499999940395355
7413,0,cluster_A,retain,1.0
7414,0,cluster_A,downweight,0.3499999940395355
7415,0,cluster_A,downweight,0.3499999940395355
7416,1,cluster_B,downweight,0.3499999940395355
7417,1,cluster_B,downweight,0.3499999940395355
7418,1,cluster_B,retain,1.0
7419,0,cluster_A,retain,1.0
7420,1,cluster_B,retain,1.0
7421,0,cluster_A,downweight,0.3499999940395355
7422,1,cluster_B,downweight,0.3499999940395355
7423,1,cluster_B,downweight,0.3499999940395355
7424,0,cluster_A,retain,1.0
7425,0,cluster_A,downweight,0.3499999940395355
7426,0,cluster_A,retain,1.0
7427,0,cluster_A,retain,1.0
7428,0,cluster_A,retain,1.0
7429,1,cluster_B,downweight,0.3499999940395355
7430,0,cluster_A,downweight,0.3499999940395355
7431,1,cluster_B,retain,1.0
7432,0,cluster_A,downweight,0.3499999940395355
7433,1,cluster_B,downweight,0.3499999940395355
7434,0,cluster_A,downweight,0.3499999940395355
7435,1,cluster_B,downweight,0.3499999940395355
7436,0,cluster_A,retain,1.0
7437,1,cluster_B,retain,1.0
7438,0,cluster_A,retain,1.0
7439,0,cluster_A,retain,1.0
7440,0,cluster_A,downweight,0.3499999940395355
7441,1,cluster_B,downweight,0.3499999940395355
7442,1,cluster_B,downweight,0.3499999940395355
7443,1,cluster_B,retain,1.0
7444,1,cluster_B,retain,1.0
7445,0,cluster_A,retain,1.0
7446,1,cluster_B,downweight,0.3499999940395355
7447,0,cluster_A,downweight,0.3499999940395355
7448,1,cluster_B,downweight,0.3499999940395355
7449,0,cluster_A,downweight,0.3499999940395355
7450,1,cluster_B,downweight,0.3499999940395355
7451,0,cluster_A,retain,1.0
7452,1,cluster_B,retain,1.0
7453,1,cluster_B,retain,1.0
7454,0,cluster_A,retain,1.0
7455,0,cluster_A,downweight,0.3499999940395355
7456,1,cluster_B,retain,1.0
7457,0,cluster_A,retain,1.0
7458,1,cluster_B,retain,1.0
7459,0,cluster_A,retain,1.0
7460,1,cluster_B,retain,1.0
7461,0,cluster_A,retain,1.0
7462,1,cluster_B,downweight,0.3499999940395355
7463,0,cluster_A,downweight,0.3499999940395355
7464,0,cluster_A,retain,1.0
7465,1,cluster_B,retain,1.0
7466,1,cluster_B,retain,1.0
7467,1,cluster_B,retain,1.0
7468,0,cluster_A,retain,1.0
7469,0,cluster_A,downweight,0.3499999940395355
7470,0,cluster_A,retain,1.0
7471,0,cluster_A,downweight,0.3499999940395355
7472,0,cluster_A,retain,1.0
7473,0,cluster_A,retain,1.0
7474,1,cluster_B,retain,1.0
7475,1,cluster_B,downweight,0.3499999940395355
7476,1,cluster_B,downweight,0.3499999940395355
7477,0,cluster_A,retain,1.0
7478,0,cluster_A,downweight,0.3499999940395355
7479,1,cluster_B,retain,1.0
7480,1,cluster_B,downweight,0.3499999940395355
7481,1,cluster_B,downweight,0.3499999940395355
7482,1,cluster_B,downweight,0.3499999940395355
7483,1,cluster_B,retain,1.0
7484,1,cluster_B,downweight,0.3499999940395355
7485,1,cluster_B,downweight,0.3499999940395355
7486,0,cluster_A,downweight,0.3499999940395355
7487,1,cluster_B,downweight,0.3499999940395355
7488,0,cluster_A,downweight,0.3499999940395355
7489,0,cluster_A,retain,1.0
7490,1,cluster_B,downweight,0.3499999940395355
7491,0,cluster_A,downweight,0.3499999940395355
7492,1,cluster_B,retain,1.0
7493,1,cluster_B,downweight,0.3499999940395355
7494,0,cluster_A,retain,1.0
7495,1,cluster_B,retain,1.0
7496,1,cluster_B,retain,1.0
7497,0,cluster_A,downweight,0.3499999940395355
7498,0,cluster_A,retain,1.0
7500,1,cluster_B,downweight,0.3499999940395355
7501,1,cluster_B,downweight,0.3499999940395355
7502,0,cluster_A,retain,1.0
7503,0,cluster_A,retain,1.0
7504,0,cluster_A,downweight,0.3499999940395355
7505,1,cluster_B,downweight,0.3499999940395355
7506,1,cluster_B,retain,1.0
7507,0,cluster_A,downweight,0.3499999940395355
7508,1,cluster_B,downweight,0.3499999940395355
7509,1,cluster_B,downweight,0.3499999940395355
7510,1,cluster_B,retain,1.0
7511,1,cluster_B,downweight,0.3499999940395355
7512,1,cluster_B,downweight,0.3499999940395355
7513,1,cluster_B,downweight,0.3499999940395355
7514,1,cluster_B,downweight,0.3499999940395355
7515,1,cluster_B,retain,1.0
7516,1,cluster_B,downweight,0.3499999940395355
7517,1,cluster_B,downweight,0.3499999940395355
7518,1,cluster_B,retain,1.0
7519,0,cluster_A,downweight,0.3499999940395355
7520,0,cluster_A,retain,1.0
7521,0,cluster_A,downweight,0.3499999940395355
7522,0,cluster_A,downweight,0.3499999940395355
7523,1,cluster_B,downweight,0.3499999940395355
7524,0,cluster_A,retain,1.0
7525,1,cluster_B,downweight,0.3499999940395355
7526,1,cluster_B,downweight,0.3499999940395355
7527,0,cluster_A,retain,1.0
7528,0,cluster_A,retain,1.0
7529,1,cluster_B,retain,1.0
7530,1,cluster_B,retain,1.0
7531,1,cluster_B,downweight,0.3499999940395355
7532,0,cluster_A,retain,1.0
7533,1,cluster_B,downweight,0.3499999940395355
7534,1,cluster_B,retain,1.0
7535,1,cluster_B,downweight,0.3499999940395355
7536,1,cluster_B,downweight,0.3499999940395355
7537,0,cluster_A,downweight,0.3499999940395355
7538,0,cluster_A,downweight,0.3499999940395355
7539,1,cluster_B,retain,1.0
7540,1,cluster_B,downweight,0.3499999940395355
7541,1,cluster_B,retain,1.0
7542,0,cluster_A,retain,1.0
7543,0,cluster_A,downweight,0.3499999940395355
7544,1,cluster_B,retain,1.0
7545,1,cluster_B,retain,1.0
7546,0,cluster_A,downweight,0.3499999940395355
7547,0,cluster_A,retain,1.0
7548,0,cluster_A,downweight,0.3499999940395355
7549,1,cluster_B,retain,1.0
7550,0,cluster_A,downweight,0.3499999940395355
7551,1,cluster_B,retain,1.0
7552,1,cluster_B,retain,1.0
7553,0,cluster_A,downweight,0.3499999940395355
7554,1,cluster_B,downweight,0.3499999940395355
7555,0,cluster_A,downweight,0.3499999940395355
7556,1,cluster_B,retain,1.0
7557,1,cluster_B,downweight,0.3499999940395355
7558,1,cluster_B,downweight,0.3499999940395355
7559,1,cluster_B,downweight,0.3499999940395355
7560,0,cluster_A,downweight,0.3499999940395355
7561,0,cluster_A,downweight,0.3499999940395355
7562,1,cluster_B,downweight,0.3499999940395355
7563,1,cluster_B,retain,1.0
7564,0,cluster_A,downweight,0.3499999940395355
7565,0,cluster_A,retain,1.0
7566,0,cluster_A,retain,1.0
7567,1,cluster_B,downweight,0.3499999940395355
7568,0,cluster_A,retain,1.0
7569,1,cluster_B,downweight,0.3499999940395355
7570,1,cluster_B,retain,1.0
7571,0,cluster_A,retain,1.0
7572,1,cluster_B,retain,1.0
7573,1,cluster_B,downweight,0.3499999940395355
7574,0,cluster_A,retain,1.0
7575,0,cluster_A,retain,1.0
7576,0,cluster_A,retain,1.0
7577,1,cluster_B,downweight,0.3499999940395355
7578,1,cluster_B,retain,1.0
7579,1,cluster_B,downweight,0.3499999940395355
7580,0,cluster_A,retain,1.0
7581,0,cluster_A,downweight,0.3499999940395355
7582,0,cluster_A,retain,1.0
7583,0,cluster_A,retain,1.0
7584,1,cluster_B,downweight,0.3499999940395355
7585,0,cluster_A,retain,1.0
7586,0,cluster_A,downweight,0.3499999940395355
7587,0,cluster_A,downweight,0.3499999940395355
7588,0,cluster_A,downweight,0.3499999940395355
7589,0,cluster_A,retain,1.0
7590,0,cluster_A,retain,1.0
7591,1,cluster_B,downweight,0.3499999940395355
7592,0,cluster_A,retain,1.0
7593,0,cluster_A,retain,1.0
7594,0,cluster_A,retain,1.0
7595,1,cluster_B,retain,1.0
7596,0,cluster_A,downweight,0.3499999940395355
7597,1,cluster_B,downweight,0.3499999940395355
7598,1,cluster_B,downweight,0.3499999940395355
7599,0,cluster_A,downweight,0.3499999940395355
7600,1,cluster_B,downweight,0.3499999940395355
7601,0,cluster_A,downweight,0.3499999940395355
7602,1,cluster_B,downweight,0.3499999940395355
7603,0,cluster_A,downweight,0.3499999940395355
7604,1,cluster_B,downweight,0.3499999940395355
7605,1,cluster_B,retain,1.0
7606,0,cluster_A,retain,1.0
7607,0,cluster_A,retain,1.0
7608,0,cluster_A,retain,1.0
7609,0,cluster_A,downweight,0.3499999940395355
7610,1,cluster_B,downweight,0.3499999940395355
7611,1,cluster_B,downweight,0.3499999940395355
7612,1,cluster_B,retain,1.0
7613,0,cluster_A,downweight,0.3499999940395355
7614,0,cluster_A,retain,1.0
7615,0,cluster_A,downweight,0.3499999940395355
7616,1,cluster_B,downweight,0.3499999940395355
7617,1,cluster_B,downweight,0.3499999940395355
7618,1,cluster_B,retain,1.0
7619,1,cluster_B,retain,1.0
7620,1,cluster_B,downweight,0.3499999940395355
7621,0,cluster_A,downweight,0.3499999940395355
7622,1,cluster_B,downweight,0.3499999940395355
7623,1,cluster_B,retain,1.0
7625,0,cluster_A,downweight,0.3499999940395355
7626,1,cluster_B,downweight,0.3499999940395355
7627,0,cluster_A,downweight,0.3499999940395355
7628,1,cluster_B,retain,1.0
7629,0,cluster_A,retain,1.0
7630,1,cluster_B,retain,1.0
7631,1,cluster_B,downweight,0.3499999940395355
7632,0,cluster_A,downweight,0.3499999940395355
7633,0,cluster_A,downweight,0.3499999940395355
7634,1,cluster_B,downweight,0.3499999940395355
7635,0,cluster_A,downweight,0.3499999940395355
7636,1,cluster_B,retain,1.0
7637,0,cluster_A,downweight,0.3499999940395355
7638,0,cluster_A,downweight,0.3499999940395355
7639,0,cluster_A,retain,1.0
7640,0,cluster_A,retain,1.0
7641,1,cluster_B,downweight,0.3499999940395355
7642,0,cluster_A,retain,1.0
7643,0,cluster_A,retain,1.0
7644,0,cluster_A,downweight,0.3499999940395355
7645,0,cluster_A,retain,1.0
7646,1,cluster_B,downweight,0.3499999940395355
7647,0,cluster_A,retain,1.0
7648,1,cluster_B,retain,1.0
7649,1,cluster_B,retain,1.0
7650,1,cluster_B,retain,1.0
7651,1,cluster_B,downweight,0.3499999940395355
7652,1,cluster_B,retain,1.0
7653,0,cluster_A,retain,1.0
7654,0,cluster_A,retain,1.0
7655,1,cluster_B,downweight,0.3499999940395355
7656,1,cluster_B,downweight,0.3499999940395355
7657,0,cluster_A,retain,1.0
7658,1,cluster_B,downweight,0.3499999940395355
7659,1,cluster_B,downweight,0.3499999940395355
7660,0,cluster_A,retain,1.0
7661,0,cluster_A,retain,1.0
7662,1,cluster_B,downweight,0.3499999940395355
7663,1,cluster_B,retain,1.0
7664,1,cluster_B,retain,1.0
7665,1,cluster_B,retain,1.0
7666,1,cluster_B,downweight,0.3499999940395355
7667,0,cluster_A,retain,1.0
7668,1,cluster_B,retain,1.0
7669,0,cluster_A,retain,1.0
7670,1,cluster_B,downweight,0.3499999940395355
7671,0,cluster_A,downweight,0.3499999940395355
7672,1,cluster_B,downweight,0.3499999940395355
7673,0,cluster_A,downweight,0.3499999940395355
7674,1,cluster_B,retain,1.0
7675,1,cluster_B,downweight,0.3499999940395355
7676,1,cluster_B,downweight,0.3499999940395355
7677,1,cluster_B,downweight,0.3499999940395355
7678,1,cluster_B,retain,1.0
7679,1,cluster_B,retain,1.0
7680,0,cluster_A,retain,1.0
7681,0,cluster_A,downweight,0.3499999940395355
7682,0,cluster_A,downweight,0.3499999940395355
7683,1,cluster_B,downweight,0.3499999940395355
7684,1,cluster_B,downweight,0.3499999940395355
7685,0,cluster_A,retain,1.0
7686,0,cluster_A,downweight,0.3499999940395355
7687,0,cluster_A,downweight,0.3499999940395355
7688,0,cluster_A,retain,1.0
7689,0,cluster_A,downweight,0.3499999940395355
7690,1,cluster_B,downweight,0.3499999940395355
7691,1,cluster_B,retain,1.0
7692,0,cluster_A,downweight,0.3499999940395355
7693,1,cluster_B,retain,1.0
7694,1,cluster_B,downweight,0.3499999940395355
7695,1,cluster_B,downweight,0.3499999940395355
7696,1,cluster_B,retain,1.0
7697,0,cluster_A,downweight,0.3499999940395355
7698,0,cluster_A,retain,1.0
7699,0,cluster_A,retain,1.0
7700,0,cluster_A,retain,1.0
7701,1,cluster_B,retain,1.0
7702,0,cluster_A,downweight,0.3499999940395355
7703,0,cluster_A,retain,1.0
7704,1,cluster_B,retain,1.0
7705,1,cluster_B,retain,1.0
7706,0,cluster_A,retain,1.0
7707,0,cluster_A,retain,1.0
7708,1,cluster_B,downweight,0.3499999940395355
7709,0,cluster_A,retain,1.0
7710,1,cluster_B,retain,1.0
7711,1,cluster_B,downweight,0.3499999940395355
7712,0,cluster_A,downweight,0.3499999940395355
7713,1,cluster_B,retain,1.0
7714,1,cluster_B,downweight,0.3499999940395355
7715,0,cluster_A,retain,1.0
7716,0,cluster_A,downweight,0.3499999940395355
7717,0,cluster_A,downweight,0.3499999940395355
7718,0,cluster_A,downweight,0.3499999940395355
7719,0,cluster_A,downweight,0.3499999940395355
7720,1,cluster_B,downweight,0.3499999940395355
7721,0,cluster_A,retain,1.0
7722,0,cluster_A,retain,1.0
7723,1,cluster_B,retain,1.0
7724,0,cluster_A,downweight,0.3499999940395355
7725,0,cluster_A,downweight,0.3499999940395355
7726,0,cluster_A,downweight,0.3499999940395355
7727,0,cluster_A,retain,1.0
7728,0,cluster_A,retain,1.0
7729,1,cluster_B,downweight,0.3499999940395355
7730,1,cluster_B,downweight,0.3499999940395355
7731,1,cluster_B,downweight,0.3499999940395355
7732,0,cluster_A,retain,1.0
7733,1,cluster_B,retain,1.0
7734,0,cluster_A,downweight,0.3499999940395355
7735,1,cluster_B,downweight,0.3499999940395355
7736,0,cluster_A,retain,1.0
7737,1,cluster_B,downweight,0.3499999940395355
7738,1,cluster_B,downweight,0.3499999940395355
7739,1,cluster_B,downweight,0.3499999940395355
7740,0,cluster_A,downweight,0.3499999940395355
7741,0,cluster_A,downweight,0.3499999940395355
7742,1,cluster_B,downweight,0.3499999940395355
7744,1,cluster_B,retain,1.0
7745,1,cluster_B,downweight,0.3499999940395355
7746,1,cluster_B,downweight,0.3499999940395355
7747,1,cluster_B,downweight,0.3499999940395355
7748,0,cluster_A,retain,1.0
7749,0,cluster_A,downweight,0.3499999940395355
7750,0,cluster_A,downweight,0.3499999940395355
7751,0,cluster_A,downweight,0.3499999940395355
7752,1,cluster_B,downweight,0.3499999940395355
7753,1,cluster_B,retain,1.0
7754,1,cluster_B,retain,1.0
7755,1,cluster_B,retain,1.0
7756,0,cluster_A,retain,1.0
7757,0,cluster_A,downweight,0.3499999940395355
7758,0,cluster_A,downweight,0.3499999940395355
7759,1,cluster_B,downweight,0.3499999940395355
7760,0,cluster_A,retain,1.0
7761,1,cluster_B,retain,1.0
7762,0,cluster_A,downweight,0.3499999940395355
7763,0,cluster_A,downweight,0.3499999940395355
7764,1,cluster_B,retain,1.0
7765,1,cluster_B,retain,1.0
7766,0,cluster_A,downweight,0.3499999940395355
7767,0,cluster_A,retain,1.0
7768,1,cluster_B,downweight,0.3499999940395355
7769,1,cluster_B,downweight,0.3499999940395355
7770,0,cluster_A,downweight,0.3499999940395355
7771,0,cluster_A,downweight,0.3499999940395355
7772,1,cluster_B,downweight,0.3499999940395355
7773,1,cluster_B,downweight,0.3499999940395355
7774,1,cluster_B,retain,1.0
7775,1,cluster_B,retain,1.0
7776,0,cluster_A,downweight,0.3499999940395355
7777,0,cluster_A,downweight,0.3499999940395355
7778,1,cluster_B,retain,1.0
7779,0,cluster_A,retain,1.0
7780,1,cluster_B,retain,1.0
7781,1,cluster_B,retain,1.0
7782,0,cluster_A,retain,1.0
7783,1,cluster_B,downweight,0.3499999940395355
7784,1,cluster_B,retain,1.0
7785,0,cluster_A,retain,1.0
7786,0,cluster_A,downweight,0.3499999940395355
7787,1,cluster_B,downweight,0.3499999940395355
7788,1,cluster_B,retain,1.0
7789,0,cluster_A,downweight,0.3499999940395355
7790,0,cluster_A,downweight,0.3499999940395355
7791,0,cluster_A,downweight,0.3499999940395355
7792,0,cluster_A,retain,1.0
7793,1,cluster_B,retain,1.0
7794,1,cluster_B,downweight,0.3499999940395355
7795,0,cluster_A,downweight,0.3499999940395355
7796,0,cluster_A,downweight,0.3499999940395355
7797,0,cluster_A,retain,1.0
7798,0,cluster_A,retain,1.0
7799,0,cluster_A,downweight,0.3499999940395355
7800,1,cluster_B,retain,1.0
7801,0,cluster_A,downweight,0.3499999940395355
7802,0,cluster_A,retain,1.0
7803,0,cluster_A,retain,1.0
7804,0,cluster_A,retain,1.0
7805,0,cluster_A,retain,1.0
7806,0,cluster_A,retain,1.0
7807,1,cluster_B,downweight,0.3499999940395355
7808,1,cluster_B,retain,1.0
7809,1,cluster_B,downweight,0.3499999940395355
7810,1,cluster_B,downweight,0.3499999940395355
7811,0,cluster_A,downweight,0.3499999940395355
7812,1,cluster_B,downweight,0.3499999940395355
7813,0,cluster_A,retain,1.0
7814,1,cluster_B,retain,1.0
7815,0,cluster_A,downweight,0.3499999940395355
7816,1,cluster_B,downweight,0.3499999940395355
7817,0,cluster_A,retain,1.0
7818,0,cluster_A,retain,1.0
7819,0,cluster_A,downweight,0.3499999940395355
7820,0,cluster_A,downweight,0.3499999940395355
7821,0,cluster_A,downweight,0.3499999940395355
7822,1,cluster_B,downweight,0.3499999940395355
7823,0,cluster_A,retain,1.0
7824,1,cluster_B,retain,1.0
7825,0,cluster_A,downweight,0.3499999940395355
7826,0,cluster_A,retain,1.0
7827,1,cluster_B,downweight,0.3499999940395355
7828,1,cluster_B,retain,1.0
7829,1,cluster_B,retain,1.0
7830,1,cluster_B,retain,1.0
7831,0,cluster_A,retain,1.0
7832,0,cluster_A,retain,1.0
7833,0,cluster_A,downweight,0.3499999940395355
7834,1,cluster_B,retain,1.0
7835,0,cluster_A,downweight,0.3499999940395355
7836,1,cluster_B,retain,1.0
7837,0,cluster_A,retain,1.0
7838,1,cluster_B,retain,1.0
7839,0,cluster_A,retain,1.0
7840,0,cluster_A,downweight,0.3499999940395355
7841,1,cluster_B,retain,1.0
7842,1,cluster_B,retain,1.0
7843,0,cluster_A,downweight,0.3499999940395355
7844,1,cluster_B,retain,1.0
7845,1,cluster_B,downweight,0.3499999940395355
7846,1,cluster_B,downweight,0.3499999940395355
7847,1,cluster_B,retain,1.0
7848,1,cluster_B,retain,1.0
7849,1,cluster_B,retain,1.0
7850,0,cluster_A,downweight,0.3499999940395355
7851,0,cluster_A,downweight,0.3499999940395355
7852,1,cluster_B,retain,1.0
7853,1,cluster_B,downweight,0.3499999940395355
7854,1,cluster_B,downweight,0.3499999940395355
7855,1,cluster_B,retain,1.0
7856,0,cluster_A,downweight,0.3499999940395355
7857,0,cluster_A,retain,1.0
7858,1,cluster_B,retain,1.0
7859,1,cluster_B,retain,1.0
7860,0,cluster_A,retain,1.0
7861,1,cluster_B,downweight,0.3499999940395355
7862,0,cluster_A,retain,1.0
7863,0,cluster_A,downweight,0.3499999940395355
7864,1,cluster_B,downweight,0.3499999940395355
7865,0,cluster_A,downweight,0.3499999940395355
7866,1,cluster_B,downweight,0.3499999940395355
7867,1,cluster_B,downweight,0.3499999940395355
7868,0,cluster_A,retain,1.0
7869,0,cluster_A,downweight,0.3499999940395355
7870,0,cluster_A,downweight,0.3499999940395355
7871,1,cluster_B,downweight,0.3499999940395355
7872,0,cluster_A,downweight,0.3499999940395355
7873,0,cluster_A,retain,1.0
7874,1,cluster_B,downweight,0.3499999940395355
7875,0,cluster_A,retain,1.0
7876,1,cluster_B,retain,1.0
7877,0,cluster_A,downweight,0.3499999940395355
7878,0,cluster_A,downweight,0.3499999940395355
7879,1,cluster_B,downweight,0.3499999940395355
7880,0,cluster_A,retain,1.0
7881,1,cluster_B,downweight,0.3499999940395355
7882,1,cluster_B,retain,1.0
7883,1,cluster_B,retain,1.0
7884,1,cluster_B,retain,1.0
7885,1,cluster_B,retain,1.0
7886,0,cluster_A,retain,1.0
7887,0,cluster_A,retain,1.0
7888,1,cluster_B,downweight,0.3499999940395355
7889,1,cluster_B,downweight,0.3499999940395355
7890,1,cluster_B,retain,1.0
7891,0,cluster_A,retain,1.0
7892,1,cluster_B,retain,1.0
7893,1,cluster_B,downweight,0.3499999940395355
7894,1,cluster_B,retain,1.0
7895,0,cluster_A,retain,1.0
7896,1,cluster_B,downweight,0.3499999940395355
7897,0,cluster_A,retain,1.0
7898,0,cluster_A,retain,1.0
7899,1,cluster_B,downweight,0.3499999940395355
7900,1,cluster_B,retain,1.0
7901,1,cluster_B,downweight,0.3499999940395355
7902,1,cluster_B,retain,1.0
7903,0,cluster_A,downweight,0.3499999940395355
7904,1,cluster_B,downweight,0.3499999940395355
7905,0,cluster_A,retain,1.0
7906,0,cluster_A,retain,1.0
7907,1,cluster_B,downweight,0.3499999940395355
7908,0,cluster_A,retain,1.0
7909,0,cluster_A,retain,1.0
7910,1,cluster_B,downweight,0.3499999940395355
7911,0,cluster_A,downweight,0.3499999940395355
7912,0,cluster_A,retain,1.0
7913,1,cluster_B,downweight,0.3499999940395355
7914,1,cluster_B,downweight,0.3499999940395355
7915,1,cluster_B,retain,1.0
7916,1,cluster_B,downweight,0.3499999940395355
7917,0,cluster_A,downweight,0.3499999940395355
7918,0,cluster_A,retain,1.0
7919,0,cluster_A,downweight,0.3499999940395355
7920,0,cluster_A,downweight,0.3499999940395355
7921,1,cluster_B,downweight,0.3499999940395355
7922,0,cluster_A,downweight,0.3499999940395355
7923,0,cluster_A,retain,1.0
7924,0,cluster_A,retain,1.0
7925,1,cluster_B,downweight,0.3499999940395355
7926,1,cluster_B,downweight,0.3499999940395355
7927,0,cluster_A,downweight,0.3499999940395355
7928,0,cluster_A,retain,1.0
7929,1,cluster_B,retain,1.0
7930,0,cluster_A,downweight,0.3499999940395355
7931,0,cluster_A,retain,1.0
7932,0,cluster_A,downweight,0.3499999940395355
7933,1,cluster_B,retain,1.0
7934,0,cluster_A,downweight,0.3499999940395355
7935,0,cluster_A,retain,1.0
7936,0,cluster_A,retain,1.0
7937,0,cluster_A,retain,1.0
7938,1,cluster_B,downweight,0.3499999940395355
7939,0,cluster_A,downweight,0.3499999940395355
7940,0,cluster_A,retain,1.0
7941,0,cluster_A,downweight,0.3499999940395355
7942,0,cluster_A,retain,1.0
7943,1,cluster_B,retain,1.0
7944,1,cluster_B,downweight,0.3499999940395355
7945,0,cluster_A,downweight,0.3499999940395355
7946,1,cluster_B,downweight,0.3499999940395355
7947,1,cluster_B,downweight,0.3499999940395355
7948,0,cluster_A,retain,1.0
7949,1,cluster_B,retain,1.0
7950,1,cluster_B,downweight,0.3499999940395355
7951,1,cluster_B,downweight,0.3499999940395355
7952,1,cluster_B,retain,1.0
7953,1,cluster_B,downweight,0.3499999940395355
7954,1,cluster_B,downweight,0.3499999940395355
7955,0,cluster_A,retain,1.0
7956,0,cluster_A,downweight,0.3499999940395355
7957,1,cluster_B,retain,1.0
7958,0,cluster_A,retain,1.0
7959,0,cluster_A,retain,1.0
7960,1,cluster_B,downweight,0.3499999940395355
7961,1,cluster_B,downweight,0.3499999940395355
7962,0,cluster_A,downweight,0.3499999940395355
7963,0,cluster_A,retain,1.0
7964,0,cluster_A,retain,1.0
7965,0,cluster_A,retain,1.0
7966,0,cluster_A,downweight,0.3499999940395355
7967,0,cluster_A,retain,1.0
7968,1,cluster_B,downweight,0.3499999940395355
7969,0,cluster_A,downweight,0.3499999940395355
7970,0,cluster_A,retain,1.0
7971,0,cluster_A,retain,1.0
7972,0,cluster_A,retain,1.0
7973,0,cluster_A,downweight,0.3499999940395355
7974,0,cluster_A,downweight,0.3499999940395355
7975,0,cluster_A,downweight,0.3499999940395355
7976,1,cluster_B,downweight,0.3499999940395355
7977,1,cluster_B,retain,1.0
7978,1,cluster_B,downweight,0.3499999940395355
7979,1,cluster_B,downweight,0.3499999940395355
7980,0,cluster_A,downweight,0.3499999940395355
7981,0,cluster_A,retain,1.0
7982,1,cluster_B,retain,1.0
7983,0,cluster_A,retain,1.0
7984,1,cluster_B,downweight,0.3499999940395355
7985,0,cluster_A,downweight,0.3499999940395355
7986,0,cluster_A,downweight,0.3499999940395355
7987,1,cluster_B,downweight,0.3499999940395355
7988,1,cluster_B,downweight,0.3499999940395355
7989,0,cluster_A,retain,1.0
7990,1,cluster_B,downweight,0.3499999940395355
7992,1,cluster_B,retain,1.0
7993,0,cluster_A,retain,1.0
7994,1,cluster_B,retain,1.0
7995,1,cluster_B,retain,1.0
7997,1,cluster_B,downweight,0.3499999940395355
7998,0,cluster_A,downweight,0.3499999940395355
7999,0,cluster_A,downweight,0.3499999940395355
8000,1,cluster_B,downweight,0.3499999940395355
8001,0,cluster_A,downweight,0.3499999940395355
8002,0,cluster_A,retain,1.0
8003,1,cluster_B,retain,1.0
8004,1,cluster_B,downweight,0.3499999940395355
8005,1,cluster_B,downweight,0.3499999940395355
8006,1,cluster_B,downweight,0.3499999940395355
8007,0,cluster_A,downweight,0.3499999940395355
8008,0,cluster_A,downweight,0.3499999940395355
8009,1,cluster_B,downweight,0.3499999940395355
8010,1,cluster_B,downweight,0.3499999940395355
8011,0,cluster_A,retain,1.0
8012,0,cluster_A,downweight,0.3499999940395355
8013,1,cluster_B,retain,1.0
8014,1,cluster_B,retain,1.0
8015,0,cluster_A,retain,1.0
8016,0,cluster_A,retain,1.0
8017,1,cluster_B,downweight,0.3499999940395355
8018,1,cluster_B,retain,1.0
8019,0,cluster_A,downweight,0.3499999940395355
8020,0,cluster_A,downweight,0.3499999940395355
8021,1,cluster_B,downweight,0.3499999940395355
8022,0,cluster_A,retain,1.0
8023,1,cluster_B,retain,1.0
8024,1,cluster_B,downweight,0.3499999940395355
8025,1,cluster_B,retain,1.0
8026,0,cluster_A,retain,1.0
8027,1,cluster_B,downweight,0.3499999940395355
8028,0,cluster_A,retain,1.0
8029,0,cluster_A,downweight,0.3499999940395355
8030,0,cluster_A,downweight,0.3499999940395355
8031,1,cluster_B,downweight,0.3499999940395355
8032,0,cluster_A,retain,1.0
8033,1,cluster_B,downweight,0.3499999940395355
8034,1,cluster_B,retain,1.0
8035,1,cluster_B,retain,1.0
8036,0,cluster_A,downweight,0.3499999940395355
8037,1,cluster_B,downweight,0.3499999940395355
8038,0,cluster_A,downweight,0.3499999940395355
8039,0,cluster_A,retain,1.0
8040,0,cluster_A,downweight,0.3499999940395355
8041,1,cluster_B,downweight,0.3499999940395355
8042,1,cluster_B,retain,1.0
8043,1,cluster_B,retain,1.0
8044,0,cluster_A,retain,1.0
8045,1,cluster_B,downweight,0.3499999940395355
8046,0,cluster_A,downweight,0.3499999940395355
8047,0,cluster_A,retain,1.0
8048,1,cluster_B,retain,1.0
8049,1,cluster_B,downweight,0.3499999940395355
8050,0,cluster_A,downweight,0.3499999940395355
8051,0,cluster_A,retain,1.0
8052,0,cluster_A,retain,1.0
8053,1,cluster_B,retain,1.0
8054,0,cluster_A,retain,1.0
8055,1,cluster_B,downweight,0.3499999940395355
8056,1,cluster_B,downweight,0.3499999940395355
8057,0,cluster_A,retain,1.0
8058,1,cluster_B,retain,1.0
8059,1,cluster_B,retain,1.0
8060,1,cluster_B,downweight,0.3499999940395355
8061,1,cluster_B,downweight,0.3499999940395355
8062,1,cluster_B,downweight,0.3499999940395355
8063,0,cluster_A,retain,1.0
8064,0,cluster_A,downweight,0.3499999940395355
8065,1,cluster_B,retain,1.0
8066,1,cluster_B,retain,1.0
8067,1,cluster_B,downweight,0.3499999940395355
8068,0,cluster_A,retain,1.0
8069,1,cluster_B,downweight,0.3499999940395355
8070,0,cluster_A,downweight,0.3499999940395355
8071,1,cluster_B,downweight,0.3499999940395355
8073,0,cluster_A,retain,1.0
8074,1,cluster_B,downweight,0.3499999940395355
8075,1,cluster_B,downweight,0.3499999940395355
8076,1,cluster_B,retain,1.0
8077,1,cluster_B,retain,1.0
8078,1,cluster_B,retain,1.0
8079,0,cluster_A,downweight,0.3499999940395355
8080,0,cluster_A,retain,1.0
8081,1,cluster_B,downweight,0.3499999940395355
8082,1,cluster_B,retain,1.0
8083,1,cluster_B,retain,1.0
8084,0,cluster_A,downweight,0.3499999940395355
8085,1,cluster_B,retain,1.0
8086,0,cluster_A,retain,1.0
8087,0,cluster_A,retain,1.0
8088,0,cluster_A,retain,1.0
8089,0,cluster_A,retain,1.0
8090,1,cluster_B,downweight,0.3499999940395355
8091,1,cluster_B,downweight,0.3499999940395355
8092,0,cluster_A,retain,1.0
8093,0,cluster_A,retain,1.0
8094,1,cluster_B,downweight,0.3499999940395355
8095,0,cluster_A,retain,1.0
8096,1,cluster_B,retain,1.0
8097,1,cluster_B,downweight,0.3499999940395355
8098,1,cluster_B,downweight,0.3499999940395355
8099,0,cluster_A,retain,1.0
8100,0,cluster_A,downweight,0.3499999940395355
8101,0,cluster_A,downweight,0.3499999940395355
8102,0,cluster_A,downweight,0.3499999940395355
8103,1,cluster_B,retain,1.0
8104,1,cluster_B,downweight,0.3499999940395355
8105,1,cluster_B,downweight,0.3499999940395355
8106,1,cluster_B,retain,1.0
8107,1,cluster_B,retain,1.0
8108,1,cluster_B,downweight,0.3499999940395355
8109,0,cluster_A,retain,1.0
8110,1,cluster_B,retain,1.0
8111,1,cluster_B,retain,1.0
8112,0,cluster_A,downweight,0.3499999940395355
8113,1,cluster_B,downweight,0.3499999940395355
8114,1,cluster_B,downweight,0.3499999940395355
8115,1,cluster_B,downweight,0.3499999940395355
8116,0,cluster_A,downweight,0.3499999940395355
8117,0,cluster_A,downweight,0.3499999940395355
8118,1,cluster_B,retain,1.0
8119,0,cluster_A,downweight,0.3499999940395355
8120,1,cluster_B,downweight,0.3499999940395355
8121,0,cluster_A,downweight,0.3499999940395355
8122,0,cluster_A,retain,1.0
8123,1,cluster_B,retain,1.0
8124,1,cluster_B,downweight,0.3499999940395355
8125,1,cluster_B,downweight,0.3499999940395355
8126,0,cluster_A,retain,1.0
8127,0,cluster_A,retain,1.0
8128,0,cluster_A,downweight,0.3499999940395355
8129,0,cluster_A,downweight,0.3499999940395355
8130,1,cluster_B,downweight,0.3499999940395355
8131,0,cluster_A,downweight,0.3499999940395355
8132,0,cluster_A,retain,1.0
8133,1,cluster_B,retain,1.0
8134,1,cluster_B,downweight,0.3499999940395355
8135,0,cluster_A,retain,1.0
8136,1,cluster_B,retain,1.0
8137,0,cluster_A,retain,1.0
8138,0,cluster_A,retain,1.0
8139,0,cluster_A,retain,1.0
8140,1,cluster_B,retain,1.0
8141,1,cluster_B,downweight,0.3499999940395355
8142,1,cluster_B,downweight,0.3499999940395355
8143,0,cluster_A,downweight,0.3499999940395355
8144,1,cluster_B,retain,1.0
8145,0,cluster_A,downweight,0.3499999940395355
8146,1,cluster_B,downweight,0.3499999940395355
8147,0,cluster_A,downweight,0.3499999940395355
8148,1,cluster_B,downweight,0.3499999940395355
8149,0,cluster_A,retain,1.0
8150,0,cluster_A,downweight,0.3499999940395355
8151,1,cluster_B,retain,1.0
8152,0,cluster_A,retain,1.0
8153,1,cluster_B,downweight,0.3499999940395355
8154,0,cluster_A,downweight,0.3499999940395355
8155,0,cluster_A,downweight,0.3499999940395355
8156,0,cluster_A,downweight,0.3499999940395355
8157,0,cluster_A,downweight,0.3499999940395355
8158,1,cluster_B,retain,1.0
8159,1,cluster_B,downweight,0.3499999940395355
8160,0,cluster_A,retain,1.0
8161,0,cluster_A,retain,1.0
8162,0,cluster_A,downweight,0.3499999940395355
8163,0,cluster_A,retain,1.0
8164,1,cluster_B,downweight,0.3499999940395355
8165,0,cluster_A,downweight,0.3499999940395355
8166,0,cluster_A,retain,1.0
8167,0,cluster_A,downweight,0.3499999940395355
8168,0,cluster_A,retain,1.0
8169,1,cluster_B,retain,1.0
8170,1,cluster_B,downweight,0.3499999940395355
8171,1,cluster_B,downweight,0.3499999940395355
8172,1,cluster_B,retain,1.0
8173,0,cluster_A,downweight,0.3499999940395355
8174,1,cluster_B,downweight,0.3499999940395355
8175,1,cluster_B,retain,1.0
8176,0,cluster_A,retain,1.0
8177,0,cluster_A,retain,1.0
8178,1,cluster_B,downweight,0.3499999940395355
8179,1,cluster_B,downweight,0.3499999940395355
8180,0,cluster_A,retain,1.0
8181,1,cluster_B,retain,1.0
8182,0,cluster_A,downweight,0.3499999940395355
8183,0,cluster_A,retain,1.0
8184,0,cluster_A,downweight,0.3499999940395355
8185,1,cluster_B,downweight,0.3499999940395355
8186,1,cluster_B,retain,1.0
8187,0,cluster_A,retain,1.0
8188,0,cluster_A,retain,1.0
8189,0,cluster_A,downweight,0.3499999940395355
8190,0,cluster_A,downweight,0.3499999940395355
8191,0,cluster_A,retain,1.0
8192,1,cluster_B,downweight,0.3499999940395355
8193,1,cluster_B,retain,1.0
8194,1,cluster_B,downweight,0.3499999940395355
8195,0,cluster_A,downweight,0.3499999940395355
8196,1,cluster_B,downweight,0.3499999940395355
8197,0,cluster_A,downweight,0.3499999940395355
8198,0,cluster_A,downweight,0.3499999940395355
8199,1,cluster_B,downweight,0.3499999940395355
8200,1,cluster_B,downweight,0.3499999940395355
8201,0,cluster_A,retain,1.0
8202,0,cluster_A,retain,1.0
8203,0,cluster_A,retain,1.0
8204,1,cluster_B,downweight,0.3499999940395355
8205,0,cluster_A,retain,1.0
8206,1,cluster_B,retain,1.0
8207,1,cluster_B,retain,1.0
8208,1,cluster_B,downweight,0.3499999940395355
8209,0,cluster_A,retain,1.0
8210,1,cluster_B,retain,1.0
8211,0,cluster_A,retain,1.0
8212,0,cluster_A,downweight,0.3499999940395355
8213,0,cluster_A,retain,1.0
8214,1,cluster_B,downweight,0.3499999940395355
8215,1,cluster_B,retain,1.0
8216,0,cluster_A,downweight,0.3499999940395355
8217,0,cluster_A,retain,1.0
8218,0,cluster_A,downweight,0.3499999940395355
8219,1,cluster_B,downweight,0.3499999940395355
8220,0,cluster_A,retain,1.0
8221,0,cluster_A,downweight,0.3499999940395355
8222,0,cluster_A,retain,1.0
8223,0,cluster_A,retain,1.0
8224,1,cluster_B,retain,1.0
8225,0,cluster_A,downweight,0.3499999940395355
8226,1,cluster_B,downweight,0.3499999940395355
8227,0,cluster_A,retain,1.0
8228,0,cluster_A,downweight,0.3499999940395355
8229,1,cluster_B,retain,1.0
8230,1,cluster_B,retain,1.0
8231,1,cluster_B,retain,1.0
8232,0,cluster_A,retain,1.0
8233,1,cluster_B,retain,1.0
8234,1,cluster_B,retain,1.0
8235,1,cluster_B,downweight,0.3499999940395355
8236,0,cluster_A,downweight,0.3499999940395355
8237,1,cluster_B,downweight,0.3499999940395355
8238,0,cluster_A,downweight,0.3499999940395355
8239,0,cluster_A,downweight,0.3499999940395355
8240,0,cluster_A,retain,1.0
8241,1,cluster_B,retain,1.0
8242,1,cluster_B,retain,1.0
8243,0,cluster_A,retain,1.0
8244,1,cluster_B,retain,1.0
8245,0,cluster_A,downweight,0.3499999940395355
8246,1,cluster_B,retain,1.0
8247,0,cluster_A,retain,1.0
8248,1,cluster_B,downweight,0.3499999940395355
8249,0,cluster_A,retain,1.0
8250,1,cluster_B,retain,1.0
8251,1,cluster_B,retain,1.0
8252,1,cluster_B,downweight,0.3499999940395355
8253,1,cluster_B,retain,1.0
8254,0,cluster_A,downweight,0.3499999940395355
8255,0,cluster_A,downweight,0.3499999940395355
8256,0,cluster_A,retain,1.0
8257,1,cluster_B,retain,1.0
8258,0,cluster_A,downweight,0.3499999940395355
8259,1,cluster_B,downweight,0.3499999940395355
8260,0,cluster_A,retain,1.0
8261,0,cluster_A,downweight,0.3499999940395355
8262,1,cluster_B,retain,1.0
8263,1,cluster_B,retain,1.0
8264,0,cluster_A,downweight,0.3499999940395355
8265,1,cluster_B,retain,1.0
8266,1,cluster_B,downweight,0.3499999940395355
8267,0,cluster_A,downweight,0.3499999940395355
8268,0,cluster_A,downweight,0.3499999940395355
8269,1,cluster_B,downweight,0.3499999940395355
8270,1,cluster_B,downweight,0.3499999940395355
8271,1,cluster_B,downweight,0.3499999940395355
8272,0,cluster_A,retain,1.0
8273,0,cluster_A,retain,1.0
8274,0,cluster_A,retain,1.0
8275,1,cluster_B,downweight,0.3499999940395355
8276,0,cluster_A,retain,1.0
8277,0,cluster_A,retain,1.0
8278,1,cluster_B,downweight,0.3499999940395355
8279,0,cluster_A,retain,1.0
8280,0,cluster_A,retain,1.0
8281,1,cluster_B,downweight,0.3499999940395355
8282,0,cluster_A,downweight,0.3499999940395355
8283,1,cluster_B,retain,1.0
8284,1,cluster_B,retain,1.0
8285,0,cluster_A,downweight,0.3499999940395355
8286,1,cluster_B,downweight,0.3499999940395355
8287,1,cluster_B,retain,1.0
8288,0,cluster_A,downweight,0.3499999940395355
8289,0,cluster_A,retain,1.0
8290,0,cluster_A,retain,1.0
8291,0,cluster_A,retain,1.0
8292,1,cluster_B,downweight,0.3499999940395355
8293,1,cluster_B,retain,1.0
8294,0,cluster_A,retain,1.0
8295,1,cluster_B,retain,1.0
8296,1,cluster_B,downweight,0.3499999940395355
8297,1,cluster_B,downweight,0.3499999940395355
8298,0,cluster_A,downweight,0.3499999940395355
8299,0,cluster_A,downweight,0.3499999940395355
8300,1,cluster_B,retain,1.0
8301,0,cluster_A,retain,1.0
8302,1,cluster_B,retain,1.0
8303,0,cluster_A,downweight,0.3499999940395355
8304,1,cluster_B,downweight,0.3499999940395355
8305,1,cluster_B,retain,1.0
8306,1,cluster_B,retain,1.0
8307,0,cluster_A,retain,1.0
8308,0,cluster_A,retain,1.0
8309,1,cluster_B,downweight,0.3499999940395355
8310,1,cluster_B,downweight,0.3499999940395355
8311,1,cluster_B,downweight,0.3499999940395355
8312,0,cluster_A,retain,1.0
8313,0,cluster_A,retain,1.0
8314,0,cluster_A,retain,1.0
8315,1,cluster_B,downweight,0.3499999940395355
8316,1,cluster_B,retain,1.0
8317,0,cluster_A,retain,1.0
8318,1,cluster_B,retain,1.0
8319,0,cluster_A,downweight,0.3499999940395355
8320,1,cluster_B,downweight,0.3499999940395355
8321,0,cluster_A,retain,1.0
8322,0,cluster_A,retain,1.0
8323,1,cluster_B,downweight,0.3499999940395355
8324,0,cluster_A,retain,1.0
8325,1,cluster_B,retain,1.0
8326,0,cluster_A,downweight,0.3499999940395355
8327,1,cluster_B,retain,1.0
8328,1,cluster_B,retain,1.0
8329,1,cluster_B,downweight,0.3499999940395355
8330,1,cluster_B,retain,1.0
8331,1,cluster_B,retain,1.0
8332,1,cluster_B,retain,1.0
8333,0,cluster_A,retain,1.0
8334,0,cluster_A,retain,1.0
8335,1,cluster_B,retain,1.0
8336,0,cluster_A,retain,1.0
8337,0,cluster_A,downweight,0.3499999940395355
8338,1,cluster_B,downweight,0.3499999940395355
8339,1,cluster_B,retain,1.0
8340,1,cluster_B,retain,1.0
8341,1,cluster_B,retain,1.0
8342,0,cluster_A,downweight,0.3499999940395355
8343,0,cluster_A,downweight,0.3499999940395355
8344,0,cluster_A,retain,1.0
8345,0,cluster_A,retain,1.0
8346,0,cluster_A,downweight,0.3499999940395355
8347,1,cluster_B,retain,1.0
8348,1,cluster_B,downweight,0.3499999940395355
8349,1,cluster_B,retain,1.0
8350,1,cluster_B,retain,1.0
8351,0,cluster_A,downweight,0.3499999940395355
8352,1,cluster_B,retain,1.0
8353,0,cluster_A,downweight,0.3499999940395355
8354,1,cluster_B,downweight,0.3499999940395355
8355,0,cluster_A,downweight,0.3499999940395355
8356,1,cluster_B,retain,1.0
8357,0,cluster_A,retain,1.0
8358,0,cluster_A,retain,1.0
8359,1,cluster_B,retain,1.0
8360,1,cluster_B,downweight,0.3499999940395355
8361,0,cluster_A,downweight,0.3499999940395355
8363,1,cluster_B,downweight,0.3499999940395355
8364,1,cluster_B,retain,1.0
8365,0,cluster_A,retain,1.0
8366,0,cluster_A,downweight,0.3499999940395355
8367,0,cluster_A,retain,1.0
8368,1,cluster_B,downweight,0.3499999940395355
8369,0,cluster_A,retain,1.0
8370,1,cluster_B,retain,1.0
8371,0,cluster_A,retain,1.0
8372,0,cluster_A,retain,1.0
8373,0,cluster_A,retain,1.0
8374,0,cluster_A,retain,1.0
8375,1,cluster_B,retain,1.0
8376,1,cluster_B,downweight,0.3499999940395355
8377,0,cluster_A,retain,1.0
8378,0,cluster_A,downweight,0.3499999940395355
8379,0,cluster_A,retain,1.0
8380,0,cluster_A,retain,1.0
8381,0,cluster_A,downweight,0.3499999940395355
8382,0,cluster_A,retain,1.0
8383,1,cluster_B,retain,1.0
8384,0,cluster_A,retain,1.0
8385,0,cluster_A,retain,1.0
8386,1,cluster_B,downweight,0.3499999940395355
8387,0,cluster_A,downweight,0.3499999940395355
8388,1,cluster_B,downweight,0.3499999940395355
8389,1,cluster_B,downweight,0.3499999940395355
8390,1,cluster_B,downweight,0.3499999940395355
8391,1,cluster_B,retain,1.0
8392,1,cluster_B,retain,1.0
8393,0,cluster_A,retain,1.0
8394,0,cluster_A,retain,1.0
8395,0,cluster_A,downweight,0.3499999940395355
8396,1,cluster_B,downweight,0.3499999940395355
8397,1,cluster_B,retain,1.0
8398,1,cluster_B,retain,1.0
8399,0,cluster_A,retain,1.0
8400,1,cluster_B,retain,1.0
8401,0,cluster_A,retain,1.0
8402,0,cluster_A,downweight,0.3499999940395355
8403,0,cluster_A,downweight,0.3499999940395355
8404,1,cluster_B,downweight,0.3499999940395355
8405,0,cluster_A,downweight,0.3499999940395355
8406,1,cluster_B,retain,1.0
8407,0,cluster_A,downweight,0.3499999940395355
8408,1,cluster_B,downweight,0.3499999940395355
8409,0,cluster_A,retain,1.0
8410,0,cluster_A,downweight,0.3499999940395355
8411,0,cluster_A,downweight,0.3499999940395355
8412,1,cluster_B,downweight,0.3499999940395355
8413,1,cluster_B,downweight,0.3499999940395355
8414,0,cluster_A,downweight,0.3499999940395355
8415,1,cluster_B,downweight,0.3499999940395355
8416,1,cluster_B,retain,1.0
8417,0,cluster_A,retain,1.0
8418,1,cluster_B,downweight,0.3499999940395355
8419,0,cluster_A,downweight,0.3499999940395355
8420,1,cluster_B,retain,1.0
8421,0,cluster_A,downweight,0.3499999940395355
8422,0,cluster_A,retain,1.0
8423,0,cluster_A,downweight,0.3499999940395355
8424,1,cluster_B,retain,1.0
8425,1,cluster_B,downweight,0.3499999940395355
8426,1,cluster_B,retain,1.0
8427,1,cluster_B,downweight,0.3499999940395355
8428,1,cluster_B,retain,1.0
8430,0,cluster_A,downweight,0.3499999940395355
8431,1,cluster_B,downweight,0.3499999940395355
8432,1,cluster_B,downweight,0.3499999940395355
8433,1,cluster_B,retain,1.0
8434,1,cluster_B,downweight,0.3499999940395355
8435,1,cluster_B,downweight,0.3499999940395355
8436,0,cluster_A,retain,1.0
8437,0,cluster_A,retain,1.0
8438,1,cluster_B,retain,1.0
8439,1,cluster_B,retain,1.0
8440,0,cluster_A,retain,1.0
8441,1,cluster_B,downweight,0.3499999940395355
8442,0,cluster_A,retain,1.0
8443,1,cluster_B,retain,1.0
8444,1,cluster_B,retain,1.0
8445,0,cluster_A,downweight,0.3499999940395355
8446,1,cluster_B,downweight,0.3499999940395355
8447,1,cluster_B,downweight,0.3499999940395355
8448,1,cluster_B,downweight,0.3499999940395355
8449,1,cluster_B,downweight,0.3499999940395355
8450,1,cluster_B,retain,1.0
8451,1,cluster_B,retain,1.0
8452,0,cluster_A,downweight,0.3499999940395355
8453,1,cluster_B,downweight,0.3499999940395355
8454,1,cluster_B,retain,1.0
8455,0,cluster_A,downweight,0.3499999940395355
8456,1,cluster_B,downweight,0.3499999940395355
8457,1,cluster_B,downweight,0.3499999940395355
8458,0,cluster_A,downweight,0.3499999940395355
8459,1,cluster_B,downweight,0.3499999940395355
8460,0,cluster_A,retain,1.0
8461,1,cluster_B,downweight,0.3499999940395355
8462,0,cluster_A,retain,1.0
8463,0,cluster_A,downweight,0.3499999940395355
8464,0,cluster_A,retain,1.0
8465,0,cluster_A,retain,1.0
8466,1,cluster_B,downweight,0.3499999940395355
8467,0,cluster_A,downweight,0.3499999940395355
8468,1,cluster_B,retain,1.0
8469,0,cluster_A,downweight,0.3499999940395355
8470,0,cluster_A,retain,1.0
8471,0,cluster_A,retain,1.0
8472,0,cluster_A,downweight,0.3499999940395355
8473,0,cluster_A,retain,1.0
8474,0,cluster_A,downweight,0.3499999940395355
8475,0,cluster_A,downweight,0.3499999940395355
8476,0,cluster_A,retain,1.0
8477,0,cluster_A,downweight,0.3499999940395355
8478,1,cluster_B,retain,1.0
8479,0,cluster_A,downweight,0.3499999940395355
8480,1,cluster_B,downweight,0.3499999940395355
8481,0,cluster_A,downweight,0.3499999940395355
8482,0,cluster_A,retain,1.0
8483,1,cluster_B,retain,1.0
8484,0,cluster_A,retain,1.0
8485,0,cluster_A,retain,1.0
8486,0,cluster_A,downweight,0.3499999940395355
8487,0,cluster_A,retain,1.0
8488,1,cluster_B,downweight,0.3499999940395355
8489,1,cluster_B,retain,1.0
8490,0,cluster_A,retain,1.0
8491,1,cluster_B,downweight,0.3499999940395355
8492,0,cluster_A,downweight,0.3499999940395355
8493,1,cluster_B,retain,1.0
8494,0,cluster_A,retain,1.0
8495,0,cluster_A,retain,1.0
8496,1,cluster_B,downweight,0.3499999940395355
8497,0,cluster_A,downweight,0.3499999940395355
8498,1,cluster_B,retain,1.0
8499,0,cluster_A,retain,1.0
8500,0,cluster_A,downweight,0.3499999940395355
8501,0,cluster_A,downweight,0.3499999940395355
8502,1,cluster_B,downweight,0.3499999940395355
8503,1,cluster_B,retain,1.0
8504,0,cluster_A,downweight,0.3499999940395355
8505,1,cluster_B,retain,1.0
8506,1,cluster_B,downweight,0.3499999940395355
8507,1,cluster_B,downweight,0.3499999940395355
8508,0,cluster_A,downweight,0.3499999940395355
8509,1,cluster_B,downweight,0.3499999940395355
8510,0,cluster_A,downweight,0.3499999940395355
8511,1,cluster_B,downweight,0.3499999940395355
8512,0,cluster_A,retain,1.0
8513,1,cluster_B,downweight,0.3499999940395355
8514,1,cluster_B,retain,1.0
8515,0,cluster_A,retain,1.0
8516,0,cluster_A,downweight,0.3499999940395355
8517,0,cluster_A,downweight,0.3499999940395355
8518,1,cluster_B,retain,1.0
8519,1,cluster_B,downweight,0.3499999940395355
8520,0,cluster_A,downweight,0.3499999940395355
8521,1,cluster_B,retain,1.0
8522,0,cluster_A,retain,1.0
8523,1,cluster_B,retain,1.0
8524,0,cluster_A,downweight,0.3499999940395355
8525,0,cluster_A,downweight,0.3499999940395355
8526,0,cluster_A,retain,1.0
8527,0,cluster_A,downweight,0.3499999940395355
8528,0,cluster_A,downweight,0.3499999940395355
8529,0,cluster_A,retain,1.0
8530,1,cluster_B,downweight,0.3499999940395355
8531,1,cluster_B,downweight,0.3499999940395355
8532,1,cluster_B,downweight,0.3499999940395355
8533,1,cluster_B,retain,1.0
8534,1,cluster_B,retain,1.0
8535,1,cluster_B,downweight,0.3499999940395355
8536,1,cluster_B,downweight,0.3499999940395355
8537,1,cluster_B,downweight,0.3499999940395355
8538,1,cluster_B,retain,1.0
8539,1,cluster_B,retain,1.0
8540,1,cluster_B,downweight,0.3499999940395355
8541,0,cluster_A,retain,1.0
8542,0,cluster_A,retain,1.0
8543,1,cluster_B,downweight,0.3499999940395355
8544,0,cluster_A,retain,1.0
8545,0,cluster_A,retain,1.0
8546,1,cluster_B,downweight,0.3499999940395355
8547,1,cluster_B,downweight,0.3499999940395355
8548,1,cluster_B,retain,1.0
8550,1,cluster_B,retain,1.0
8551,1,cluster_B,downweight,0.3499999940395355
8552,0,cluster_A,downweight,0.3499999940395355
8553,0,cluster_A,downweight,0.3499999940395355
8554,1,cluster_B,retain,1.0
8555,0,cluster_A,downweight,0.3499999940395355
8556,0,cluster_A,retain,1.0
8557,0,cluster_A,downweight,0.3499999940395355
8558,1,cluster_B,retain,1.0
8559,1,cluster_B,downweight,0.3499999940395355
8560,0,cluster_A,downweight,0.3499999940395355
8561,1,cluster_B,downweight,0.3499999940395355
8562,1,cluster_B,retain,1.0
8563,0,cluster_A,retain,1.0
8564,0,cluster_A,retain,1.0
8565,0,cluster_A,downweight,0.3499999940395355
8566,1,cluster_B,retain,1.0
8567,1,cluster_B,retain,1.0
8568,1,cluster_B,downweight,0.3499999940395355
8569,1,cluster_B,downweight,0.3499999940395355
8570,1,cluster_B,downweight,0.3499999940395355
8571,1,cluster_B,retain,1.0
8572,1,cluster_B,downweight,0.3499999940395355
8573,1,cluster_B,downweight,0.3499999940395355
8574,0,cluster_A,downweight,0.3499999940395355
8575,1,cluster_B,retain,1.0
8576,1,cluster_B,downweight,0.3499999940395355
8577,1,cluster_B,retain,1.0
8578,0,cluster_A,downweight,0.3499999940395355
8579,1,cluster_B,downweight,0.3499999940395355
8580,0,cluster_A,downweight,0.3499999940395355
8581,0,cluster_A,retain,1.0
8582,0,cluster_A,downweight,0.3499999940395355
8583,0,cluster_A,downweight,0.3499999940395355
8584,1,cluster_B,retain,1.0
8585,0,cluster_A,retain,1.0
8586,1,cluster_B,retain,1.0
8587,1,cluster_B,retain,1.0
8588,1,cluster_B,retain,1.0
8589,0,cluster_A,retain,1.0
8590,0,cluster_A,downweight,0.3499999940395355
8591,0,cluster_A,downweight,0.3499999940395355
8592,1,cluster_B,downweight,0.3499999940395355
8593,0,cluster_A,downweight,0.3499999940395355
8594,1,cluster_B,retain,1.0
8595,0,cluster_A,retain,1.0
8596,1,cluster_B,retain,1.0
8597,0,cluster_A,retain,1.0
8598,0,cluster_A,retain,1.0
8599,1,cluster_B,retain,1.0
8600,1,cluster_B,downweight,0.3499999940395355
8601,1,cluster_B,retain,1.0
8602,0,cluster_A,downweight,0.3499999940395355
8603,0,cluster_A,downweight,0.3499999940395355
8604,1,cluster_B,downweight,0.3499999940395355
8605,0,cluster_A,retain,1.0
8606,0,cluster_A,retain,1.0
8607,0,cluster_A,downweight,0.3499999940395355
8608,1,cluster_B,retain,1.0
8609,0,cluster_A,downweight,0.3499999940395355
8610,1,cluster_B,downweight,0.3499999940395355
8611,1,cluster_B,downweight,0.3499999940395355
8612,1,cluster_B,retain,1.0
8613,0,cluster_A,downweight,0.3499999940395355
8614,1,cluster_B,downweight,0.3499999940395355
8615,0,cluster_A,downweight,0.3499999940395355
8616,1,cluster_B,retain,1.0
8617,0,cluster_A,retain,1.0
8618,1,cluster_B,retain,1.0
8619,0,cluster_A,downweight,0.3499999940395355
8620,0,cluster_A,retain,1.0
8621,0,cluster_A,retain,1.0
8622,1,cluster_B,retain,1.0
8623,1,cluster_B,downweight,0.3499999940395355
8624,0,cluster_A,retain,1.0
8625,0,cluster_A,downweight,0.3499999940395355
8626,1,cluster_B,retain,1.0
8627,0,cluster_A,downweight,0.3499999940395355
8629,1,cluster_B,retain,1.0
8630,1,cluster_B,retain,1.0
8631,0,cluster_A,retain,1.0
8632,1,cluster_B,downweight,0.3499999940395355
8633,0,cluster_A,downweight,0.3499999940395355
8634,0,cluster_A,downweight,0.3499999940395355
8635,1,cluster_B,retain,1.0
8636,1,cluster_B,downweight,0.3499999940395355
8637,1,cluster_B,downweight,0.3499999940395355
8638,0,cluster_A,retain,1.0
8639,1,cluster_B,downweight,0.3499999940395355
8640,0,cluster_A,retain,1.0
8641,0,cluster_A,downweight,0.3499999940395355
8642,0,cluster_A,downweight,0.3499999940395355
8643,0,cluster_A,retain,1.0
8644,1,cluster_B,retain,1.0
8645,0,cluster_A,retain,1.0
8646,1,cluster_B,downweight,0.3499999940395355
8647,0,cluster_A,retain,1.0
8648,1,cluster_B,retain,1.0
8649,1,cluster_B,retain,1.0
8650,1,cluster_B,retain,1.0
8651,0,cluster_A,downweight,0.3499999940395355
8652,0,cluster_A,retain,1.0
8653,1,cluster_B,retain,1.0
8654,0,cluster_A,downweight,0.3499999940395355
8655,1,cluster_B,downweight,0.3499999940395355
8656,1,cluster_B,downweight,0.3499999940395355
8657,1,cluster_B,retain,1.0
8658,1,cluster_B,downweight,0.3499999940395355
8659,0,cluster_A,retain,1.0
8660,1,cluster_B,downweight,0.3499999940395355
8661,0,cluster_A,downweight,0.3499999940395355
8662,0,cluster_A,retain,1.0
8663,0,cluster_A,downweight,0.3499999940395355
8664,0,cluster_A,retain,1.0
8665,1,cluster_B,retain,1.0
8666,1,cluster_B,downweight,0.3499999940395355
8667,0,cluster_A,retain,1.0
8668,1,cluster_B,retain,1.0
8669,1,cluster_B,downweight,0.3499999940395355
8670,1,cluster_B,downweight,0.3499999940395355
8671,1,cluster_B,retain,1.0
8672,0,cluster_A,downweight,0.3499999940395355
8673,1,cluster_B,downweight,0.3499999940395355
8674,1,cluster_B,downweight,0.3499999940395355
8675,0,cluster_A,downweight,0.3499999940395355
8676,0,cluster_A,retain,1.0
8677,0,cluster_A,downweight,0.3499999940395355
8678,0,cluster_A,downweight,0.3499999940395355
8679,1,cluster_B,retain,1.0
8680,1,cluster_B,retain,1.0
8681,1,cluster_B,retain,1.0
8682,0,cluster_A,downweight,0.3499999940395355
8683,1,cluster_B,retain,1.0
8684,1,cluster_B,retain,1.0
8685,0,cluster_A,downweight,0.3499999940395355
8686,0,cluster_A,downweight,0.3499999940395355
8687,1,cluster_B,retain,1.0
8688,1,cluster_B,downweight,0.3499999940395355
8689,1,cluster_B,retain,1.0
8690,0,cluster_A,retain,1.0
8691,1,cluster_B,retain,1.0
8692,1,cluster_B,retain,1.0
8693,1,cluster_B,retain,1.0
8694,0,cluster_A,downweight,0.3499999940395355
8695,0,cluster_A,downweight,0.3499999940395355
8696,1,cluster_B,downweight,0.3499999940395355
8697,0,cluster_A,downweight,0.3499999940395355
8698,0,cluster_A,downweight,0.3499999940395355
8699,1,cluster_B,downweight,0.3499999940395355
8700,0,cluster_A,downweight,0.3499999940395355
8701,1,cluster_B,retain,1.0
8702,1,cluster_B,downweight,0.3499999940395355
8703,0,cluster_A,downweight,0.3499999940395355
8704,1,cluster_B,downweight,0.3499999940395355
8705,1,cluster_B,downweight,0.3499999940395355
8706,0,cluster_A,retain,1.0
8707,0,cluster_A,retain,1.0
8708,0,cluster_A,retain,1.0
8709,1,cluster_B,downweight,0.3499999940395355
8710,1,cluster_B,retain,1.0
8711,0,cluster_A,downweight,0.3499999940395355
8712,1,cluster_B,retain,1.0
8713,0,cluster_A,downweight,0.3499999940395355
8714,1,cluster_B,downweight,0.3499999940395355
8715,0,cluster_A,retain,1.0
8716,1,cluster_B,retain,1.0
8717,1,cluster_B,retain,1.0
8718,0,cluster_A,downweight,0.3499999940395355
8719,0,cluster_A,retain,1.0
8720,0,cluster_A,downweight,0.3499999940395355
8721,1,cluster_B,retain,1.0
8722,0,cluster_A,retain,1.0
8723,1,cluster_B,retain,1.0
8724,0,cluster_A,downweight,0.3499999940395355
8725,0,cluster_A,downweight,0.3499999940395355
8726,0,cluster_A,retain,1.0
8727,1,cluster_B,retain,1.0
8728,0,cluster_A,retain,1.0
8729,0,cluster_A,downweight,0.3499999940395355
8730,0,cluster_A,retain,1.0
8731,1,cluster_B,retain,1.0
8732,1,cluster_B,downweight,0.3499999940395355
8733,0,cluster_A,retain,1.0
8734,0,cluster_A,retain,1.0
8735,1,cluster_B,retain,1.0
8736,1,cluster_B,downweight,0.3499999940395355
8737,0,cluster_A,retain,1.0
8738,0,cluster_A,downweight,0.3499999940395355
8739,1,cluster_B,downweight,0.3499999940395355
8740,1,cluster_B,retain,1.0
8741,1,cluster_B,retain,1.0
8742,0,cluster_A,downweight,0.3499999940395355
8743,0,cluster_A,downweight,0.3499999940395355
8744,0,cluster_A,downweight,0.3499999940395355
8746,1,cluster_B,downweight,0.3499999940395355
8747,1,cluster_B,retain,1.0
8748,0,cluster_A,downweight,0.3499999940395355
8749,1,cluster_B,retain,1.0
8750,1,cluster_B,downweight,0.3499999940395355
8751,0,cluster_A,downweight,0.3499999940395355
8752,0,cluster_A,retain,1.0
8753,0,cluster_A,retain,1.0
8754,1,cluster_B,downweight,0.3499999940395355
8755,1,cluster_B,downweight,0.3499999940395355
8756,0,cluster_A,retain,1.0
8757,0,cluster_A,retain,1.0
8758,1,cluster_B,downweight,0.3499999940395355
8759,0,cluster_A,retain,1.0
8760,1,cluster_B,retain,1.0
8761,0,cluster_A,retain,1.0
8762,1,cluster_B,downweight,0.3499999940395355
8763,0,cluster_A,downweight,0.3499999940395355
8765,0,cluster_A,retain,1.0
8766,0,cluster_A,retain,1.0
8767,1,cluster_B,retain,1.0
8768,1,cluster_B,downweight,0.3499999940395355
8769,0,cluster_A,downweight,0.3499999940395355
8770,1,cluster_B,downweight,0.3499999940395355
8771,1,cluster_B,retain,1.0
8772,0,cluster_A,retain,1.0
8773,1,cluster_B,downweight,0.3499999940395355
8775,1,cluster_B,downweight,0.3499999940395355
8776,0,cluster_A,downweight,0.3499999940395355
8777,1,cluster_B,downweight,0.3499999940395355
8778,0,cluster_A,downweight,0.3499999940395355
8779,1,cluster_B,downweight,0.3499999940395355
8780,1,cluster_B,retain,1.0
8781,1,cluster_B,downweight,0.3499999940395355
8782,1,cluster_B,downweight,0.3499999940395355
8783,0,cluster_A,retain,1.0
8784,0,cluster_A,downweight,0.3499999940395355
8785,0,cluster_A,downweight,0.3499999940395355
8786,1,cluster_B,downweight,0.3499999940395355
8787,0,cluster_A,retain,1.0
8788,1,cluster_B,retain,1.0
8789,1,cluster_B,downweight,0.3499999940395355
8790,1,cluster_B,retain,1.0
8791,0,cluster_A,retain,1.0
8792,0,cluster_A,downweight,0.3499999940395355
8793,0,cluster_A,downweight,0.3499999940395355
8794,0,cluster_A,retain,1.0
8795,0,cluster_A,retain,1.0
8796,1,cluster_B,retain,1.0
8797,0,cluster_A,downweight,0.3499999940395355
8798,0,cluster_A,retain,1.0
8799,1,cluster_B,downweight,0.3499999940395355
8800,1,cluster_B,retain,1.0
8801,0,cluster_A,downweight,0.3499999940395355
8802,1,cluster_B,retain,1.0
8803,1,cluster_B,retain,1.0
8804,0,cluster_A,retain,1.0
8805,1,cluster_B,downweight,0.3499999940395355
8806,0,cluster_A,downweight,0.3499999940395355
8807,0,cluster_A,retain,1.0
8808,1,cluster_B,downweight,0.3499999940395355
8809,1,cluster_B,downweight,0.3499999940395355
8810,0,cluster_A,downweight,0.3499999940395355
8811,1,cluster_B,downweight,0.3499999940395355
8812,0,cluster_A,downweight,0.3499999940395355
8813,0,cluster_A,retain,1.0
8814,1,cluster_B,downweight,0.3499999940395355
8815,0,cluster_A,retain,1.0
8816,0,cluster_A,retain,1.0
8817,1,cluster_B,downweight,0.3499999940395355
8818,0,cluster_A,retain,1.0
8819,1,cluster_B,downweight,0.3499999940395355
8820,0,cluster_A,downweight,0.3499999940395355
8821,0,cluster_A,retain,1.0
8822,0,cluster_A,retain,1.0
8823,0,cluster_A,downweight,0.3499999940395355
8824,1,cluster_B,downweight,0.3499999940395355
8825,1,cluster_B,retain,1.0
8826,1,cluster_B,downweight,0.3499999940395355
8827,1,cluster_B,downweight,0.3499999940395355
8828,0,cluster_A,retain,1.0
8829,0,cluster_A,retain,1.0
8830,0,cluster_A,downweight,0.3499999940395355
8831,0,cluster_A,downweight,0.3499999940395355
8832,1,cluster_B,downweight,0.3499999940395355
8833,1,cluster_B,retain,1.0
8834,1,cluster_B,retain,1.0
8835,1,cluster_B,downweight,0.3499999940395355
8836,0,cluster_A,retain,1.0
8837,0,cluster_A,retain,1.0
8838,1,cluster_B,retain,1.0
8839,1,cluster_B,downweight,0.3499999940395355
8840,0,cluster_A,retain,1.0
8841,1,cluster_B,downweight,0.3499999940395355
8842,1,cluster_B,retain,1.0
8844,1,cluster_B,downweight,0.3499999940395355
8845,1,cluster_B,downweight,0.3499999940395355
8846,1,cluster_B,retain,1.0
8847,0,cluster_A,downweight,0.3499999940395355
8848,0,cluster_A,downweight,0.3499999940395355
8849,1,cluster_B,downweight,0.3499999940395355
8850,1,cluster_B,downweight,0.3499999940395355
8851,1,cluster_B,retain,1.0
8852,0,cluster_A,retain,1.0
8853,0,cluster_A,downweight,0.3499999940395355
8854,1,cluster_B,retain,1.0
8855,0,cluster_A,downweight,0.3499999940395355
8856,0,cluster_A,retain,1.0
8857,0,cluster_A,downweight,0.3499999940395355
8858,1,cluster_B,retain,1.0
8859,0,cluster_A,downweight,0.3499999940395355
8860,1,cluster_B,downweight,0.3499999940395355
8861,0,cluster_A,retain,1.0
8862,1,cluster_B,retain,1.0
8863,1,cluster_B,downweight,0.3499999940395355
8864,1,cluster_B,retain,1.0
8865,1,cluster_B,downweight,0.3499999940395355
8866,1,cluster_B,downweight,0.3499999940395355
8867,1,cluster_B,retain,1.0
8868,1,cluster_B,downweight,0.3499999940395355
8869,1,cluster_B,downweight,0.3499999940395355
8870,1,cluster_B,retain,1.0
8871,0,cluster_A,downweight,0.3499999940395355
8872,1,cluster_B,retain,1.0
8873,1,cluster_B,downweight,0.3499999940395355
8874,0,cluster_A,downweight,0.3499999940395355
8875,0,cluster_A,downweight,0.3499999940395355
8876,0,cluster_A,downweight,0.3499999940395355
8877,1,cluster_B,retain,1.0
8878,0,cluster_A,retain,1.0
8879,1,cluster_B,downweight,0.3499999940395355
8880,1,cluster_B,downweight,0.3499999940395355
8881,1,cluster_B,retain,1.0
8882,0,cluster_A,retain,1.0
8883,1,cluster_B,retain,1.0
8884,0,cluster_A,downweight,0.3499999940395355
8885,1,cluster_B,retain,1.0
8886,1,cluster_B,downweight,0.3499999940395355
8887,1,cluster_B,retain,1.0
8888,1,cluster_B,downweight,0.3499999940395355
8889,1,cluster_B,downweight,0.3499999940395355
8890,1,cluster_B,downweight,0.3499999940395355
8891,0,cluster_A,downweight,0.3499999940395355
8892,1,cluster_B,retain,1.0
8893,0,cluster_A,retain,1.0
8894,1,cluster_B,retain,1.0
8895,0,cluster_A,retain,1.0
8896,1,cluster_B,downweight,0.3499999940395355
8897,0,cluster_A,retain,1.0
8898,1,cluster_B,downweight,0.3499999940395355
8899,1,cluster_B,downweight,0.3499999940395355
8900,0,cluster_A,retain,1.0
8901,0,cluster_A,retain,1.0
8902,0,cluster_A,downweight,0.3499999940395355
8903,0,cluster_A,retain,1.0
8904,0,cluster_A,downweight,0.3499999940395355
8905,0,cluster_A,downweight,0.3499999940395355
8906,1,cluster_B,retain,1.0
8907,1,cluster_B,retain,1.0
8908,1,cluster_B,retain,1.0
8909,0,cluster_A,retain,1.0
8910,1,cluster_B,downweight,0.3499999940395355
8911,0,cluster_A,downweight,0.3499999940395355
8912,1,cluster_B,downweight,0.3499999940395355
8913,1,cluster_B,retain,1.0
8914,1,cluster_B,downweight,0.3499999940395355
8915,0,cluster_A,downweight,0.3499999940395355
8916,0,cluster_A,downweight,0.3499999940395355
8917,1,cluster_B,retain,1.0
8918,1,cluster_B,downweight,0.3499999940395355
8919,0,cluster_A,downweight,0.3499999940395355
8920,1,cluster_B,downweight,0.3499999940395355
8921,1,cluster_B,retain,1.0
8922,0,cluster_A,retain,1.0
8923,1,cluster_B,downweight,0.3499999940395355
8924,0,cluster_A,downweight,0.3499999940395355
8925,1,cluster_B,retain,1.0
8926,0,cluster_A,retain,1.0
8927,0,cluster_A,downweight,0.3499999940395355
8928,1,cluster_B,retain,1.0
8929,0,cluster_A,retain,1.0
8930,0,cluster_A,retain,1.0
8931,0,cluster_A,downweight,0.3499999940395355
8932,1,cluster_B,retain,1.0
8933,0,cluster_A,downweight,0.3499999940395355
8934,1,cluster_B,downweight,0.3499999940395355
8935,0,cluster_A,retain,1.0
8936,1,cluster_B,downweight,0.3499999940395355
8937,0,cluster_A,downweight,0.3499999940395355
8938,0,cluster_A,retain,1.0
8939,0,cluster_A,retain,1.0
8940,1,cluster_B,retain,1.0
8941,0,cluster_A,downweight,0.3499999940395355
8942,0,cluster_A,downweight,0.3499999940395355
8943,1,cluster_B,retain,1.0
8944,0,cluster_A,retain,1.0
8945,1,cluster_B,retain,1.0
8947,0,cluster_A,retain,1.0
8948,0,cluster_A,downweight,0.3499999940395355
8949,0,cluster_A,downweight,0.3499999940395355
8950,0,cluster_A,retain,1.0
8951,0,cluster_A,retain,1.0
8952,0,cluster_A,downweight,0.3499999940395355
8953,1,cluster_B,retain,1.0
8954,1,cluster_B,retain,1.0
8955,1,cluster_B,retain,1.0
8956,1,cluster_B,retain,1.0
8957,1,cluster_B,downweight,0.3499999940395355
8958,0,cluster_A,retain,1.0
8959,1,cluster_B,downweight,0.3499999940395355
8960,1,cluster_B,downweight,0.3499999940395355
8961,0,cluster_A,retain,1.0
8962,0,cluster_A,downweight,0.3499999940395355
8963,0,cluster_A,downweight,0.3499999940395355
8964,1,cluster_B,retain,1.0
8965,1,cluster_B,downweight,0.3499999940395355
8966,0,cluster_A,retain,1.0
8967,1,cluster_B,retain,1.0
8968,1,cluster_B,retain,1.0
8969,1,cluster_B,downweight,0.3499999940395355
8970,1,cluster_B,downweight,0.3499999940395355
8971,1,cluster_B,retain,1.0
8972,1,cluster_B,downweight,0.3499999940395355
8973,1,cluster_B,downweight,0.3499999940395355
8974,0,cluster_A,retain,1.0
8975,1,cluster_B,downweight,0.3499999940395355
8976,1,cluster_B,downweight,0.3499999940395355
8977,1,cluster_B,downweight,0.3499999940395355
8978,1,cluster_B,downweight,0.3499999940395355
8979,1,cluster_B,retain,1.0
8980,0,cluster_A,downweight,0.3499999940395355
8981,1,cluster_B,downweight,0.3499999940395355
8982,0,cluster_A,downweight,0.3499999940395355
8983,0,cluster_A,retain,1.0
8984,1,cluster_B,downweight,0.3499999940395355
8985,0,cluster_A,retain,1.0
8986,1,cluster_B,downweight,0.3499999940395355
8987,0,cluster_A,downweight,0.3499999940395355
8988,0,cluster_A,downweight,0.3499999940395355
8989,0,cluster_A,retain,1.0
8990,0,cluster_A,downweight,0.3499999940395355
8991,0,cluster_A,downweight,0.3499999940395355
8992,0,cluster_A,retain,1.0
8993,0,cluster_A,retain,1.0
8994,0,cluster_A,retain,1.0
8995,1,cluster_B,downweight,0.3499999940395355
8996,1,cluster_B,retain,1.0
8997,1,cluster_B,downweight,0.3499999940395355
8998,1,cluster_B,downweight,0.3499999940395355
8999,1,cluster_B,downweight,0.3499999940395355
9000,1,cluster_B,downweight,0.3499999940395355
9001,0,cluster_A,downweight,0.3499999940395355
9002,0,cluster_A,downweight,0.3499999940395355
9003,0,cluster_A,retain,1.0
9004,1,cluster_B,downweight,0.3499999940395355
9005,1,cluster_B,retain,1.0
9006,1,cluster_B,retain,1.0
9007,0,cluster_A,retain,1.0
9008,1,cluster_B,downweight,0.3499999940395355
9009,0,cluster_A,downweight,0.3499999940395355
9010,0,cluster_A,downweight,0.3499999940395355
9012,0,cluster_A,downweight,0.3499999940395355
9013,0,cluster_A,retain,1.0
9014,1,cluster_B,retain,1.0
9015,0,cluster_A,retain,1.0
9016,1,cluster_B,retain,1.0
9017,0,cluster_A,downweight,0.3499999940395355
9018,0,cluster_A,downweight,0.3499999940395355
9019,0,cluster_A,downweight,0.3499999940395355
9020,1,cluster_B,downweight,0.3499999940395355
9021,0,cluster_A,downweight,0.3499999940395355
9022,1,cluster_B,retain,1.0
9023,0,cluster_A,retain,1.0
9024,1,cluster_B,downweight,0.3499999940395355
9025,1,cluster_B,retain,1.0
9026,0,cluster_A,retain,1.0
9027,1,cluster_B,downweight,0.3499999940395355
9028,0,cluster_A,retain,1.0
9029,0,cluster_A,downweight,0.3499999940395355
9030,0,cluster_A,retain,1.0
9031,0,cluster_A,retain,1.0
9032,1,cluster_B,downweight,0.3499999940395355
9033,0,cluster_A,retain,1.0
9034,1,cluster_B,downweight,0.3499999940395355
9035,1,cluster_B,downweight,0.3499999940395355
9036,0,cluster_A,downweight,0.3499999940395355
9038,0,cluster_A,retain,1.0
9039,0,cluster_A,retain,1.0
9040,1,cluster_B,retain,1.0
9041,1,cluster_B,retain,1.0
9042,0,cluster_A,retain,1.0
9043,0,cluster_A,retain,1.0
9044,1,cluster_B,downweight,0.3499999940395355
9045,0,cluster_A,downweight,0.3499999940395355
9046,0,cluster_A,downweight,0.3499999940395355
9047,0,cluster_A,retain,1.0
9048,1,cluster_B,downweight,0.3499999940395355
9049,0,cluster_A,downweight,0.3499999940395355
9050,0,cluster_A,retain,1.0
9051,0,cluster_A,retain,1.0
9052,0,cluster_A,retain,1.0
9053,1,cluster_B,retain,1.0
9054,1,cluster_B,downweight,0.3499999940395355
9055,1,cluster_B,downweight,0.3499999940395355
9056,1,cluster_B,retain,1.0
9057,0,cluster_A,downweight,0.3499999940395355
9058,0,cluster_A,downweight,0.3499999940395355
9059,0,cluster_A,retain,1.0
9060,1,cluster_B,retain,1.0
9061,0,cluster_A,retain,1.0
9062,1,cluster_B,retain,1.0
9063,0,cluster_A,retain,1.0
9064,0,cluster_A,downweight,0.3499999940395355
9065,0,cluster_A,downweight,0.3499999940395355
9066,0,cluster_A,downweight,0.3499999940395355
9067,0,cluster_A,retain,1.0
9068,0,cluster_A,retain,1.0
9069,1,cluster_B,retain,1.0
9070,1,cluster_B,retain,1.0
9071,0,cluster_A,retain,1.0
9072,0,cluster_A,retain,1.0
9073,0,cluster_A,retain,1.0
9074,0,cluster_A,downweight,0.3499999940395355
9075,0,cluster_A,downweight,0.3499999940395355
9076,1,cluster_B,retain,1.0
9077,1,cluster_B,retain,1.0
9078,1,cluster_B,retain,1.0
9079,0,cluster_A,downweight,0.3499999940395355
9080,1,cluster_B,retain,1.0
9081,1,cluster_B,downweight,0.3499999940395355
9082,1,cluster_B,retain,1.0
9083,0,cluster_A,downweight,0.3499999940395355
9084,0,cluster_A,downweight,0.3499999940395355
9085,1,cluster_B,downweight,0.3499999940395355
9086,1,cluster_B,retain,1.0
9087,1,cluster_B,downweight,0.3499999940395355
9088,1,cluster_B,downweight,0.3499999940395355
9089,0,cluster_A,retain,1.0
9090,0,cluster_A,downweight,0.3499999940395355
9091,1,cluster_B,downweight,0.3499999940395355
9092,0,cluster_A,retain,1.0
9093,1,cluster_B,downweight,0.3499999940395355
9094,1,cluster_B,retain,1.0
9095,1,cluster_B,retain,1.0
9096,1,cluster_B,downweight,0.3499999940395355
9097,0,cluster_A,downweight,0.3499999940395355
9098,1,cluster_B,downweight,0.3499999940395355
9099,1,cluster_B,downweight,0.3499999940395355
9100,0,cluster_A,downweight,0.3499999940395355
9101,1,cluster_B,retain,1.0
9102,1,cluster_B,downweight,0.3499999940395355
9103,1,cluster_B,retain,1.0
9104,0,cluster_A,downweight,0.3499999940395355
9105,1,cluster_B,downweight,0.3499999940395355
9106,1,cluster_B,retain,1.0
9107,0,cluster_A,downweight,0.3499999940395355
9108,1,cluster_B,retain,1.0
9109,0,cluster_A,retain,1.0
9110,0,cluster_A,retain,1.0
9111,1,cluster_B,retain,1.0
9112,0,cluster_A,retain,1.0
9113,0,cluster_A,downweight,0.3499999940395355
9114,0,cluster_A,downweight,0.3499999940395355
9115,0,cluster_A,retain,1.0
9116,0,cluster_A,downweight,0.3499999940395355
9117,0,cluster_A,downweight,0.3499999940395355
9118,1,cluster_B,downweight,0.3499999940395355
9119,0,cluster_A,downweight,0.3499999940395355
9120,0,cluster_A,retain,1.0
9121,1,cluster_B,downweight,0.3499999940395355
9122,1,cluster_B,retain,1.0
9123,0,cluster_A,retain,1.0
9124,0,cluster_A,downweight,0.3499999940395355
9125,0,cluster_A,downweight,0.3499999940395355
9126,0,cluster_A,downweight,0.3499999940395355
9127,1,cluster_B,retain,1.0
9128,1,cluster_B,downweight,0.3499999940395355
9129,1,cluster_B,retain,1.0
9130,1,cluster_B,downweight,0.3499999940395355
9131,1,cluster_B,downweight,0.3499999940395355
9132,1,cluster_B,downweight,0.3499999940395355
9133,1,cluster_B,downweight,0.3499999940395355
9134,1,cluster_B,retain,1.0
9135,0,cluster_A,retain,1.0
9136,0,cluster_A,retain,1.0
9137,1,cluster_B,retain,1.0
9138,1,cluster_B,downweight,0.3499999940395355
9139,1,cluster_B,downweight,0.3499999940395355
9140,0,cluster_A,downweight,0.3499999940395355
9141,0,cluster_A,retain,1.0
9142,0,cluster_A,retain,1.0
9143,0,cluster_A,retain,1.0
9144,0,cluster_A,retain,1.0
9145,0,cluster_A,downweight,0.3499999940395355
9146,1,cluster_B,downweight,0.3499999940395355
9147,1,cluster_B,downweight,0.3499999940395355
9148,1,cluster_B,downweight,0.3499999940395355
9149,0,cluster_A,downweight,0.3499999940395355
9150,1,cluster_B,downweight,0.3499999940395355
9151,1,cluster_B,retain,1.0
9152,0,cluster_A,retain,1.0
9153,0,cluster_A,downweight,0.3499999940395355
9154,0,cluster_A,downweight,0.3499999940395355
9155,1,cluster_B,downweight,0.3499999940395355
9156,1,cluster_B,retain,1.0
9157,0,cluster_A,retain,1.0
9158,0,cluster_A,retain,1.0
9159,0,cluster_A,downweight,0.3499999940395355
9160,1,cluster_B,retain,1.0
9161,1,cluster_B,downweight,0.3499999940395355
9162,1,cluster_B,downweight,0.3499999940395355
9163,1,cluster_B,downweight,0.3499999940395355
9164,1,cluster_B,downweight,0.3499999940395355
9165,1,cluster_B,downweight,0.3499999940395355
9166,0,cluster_A,downweight,0.3499999940395355
9167,1,cluster_B,downweight,0.3499999940395355
9168,0,cluster_A,retain,1.0
9169,1,cluster_B,downweight,0.3499999940395355
9170,1,cluster_B,downweight,0.3499999940395355
9171,0,cluster_A,downweight,0.3499999940395355
9172,1,cluster_B,downweight,0.3499999940395355
9173,1,cluster_B,downweight,0.3499999940395355
9174,1,cluster_B,downweight,0.3499999940395355
9175,1,cluster_B,retain,1.0
9176,1,cluster_B,downweight,0.3499999940395355
9177,0,cluster_A,downweight,0.3499999940395355
9178,0,cluster_A,retain,1.0
9179,1,cluster_B,retain,1.0
9180,1,cluster_B,retain,1.0
9181,1,cluster_B,retain,1.0
9182,0,cluster_A,downweight,0.3499999940395355
9183,1,cluster_B,retain,1.0
9184,0,cluster_A,retain,1.0
9185,0,cluster_A,downweight,0.3499999940395355
9186,0,cluster_A,downweight,0.3499999940395355
9187,0,cluster_A,retain,1.0
9188,1,cluster_B,retain,1.0
9189,1,cluster_B,retain,1.0
9190,1,cluster_B,downweight,0.3499999940395355
9191,0,cluster_A,retain,1.0
9192,0,cluster_A,retain,1.0
9193,1,cluster_B,retain,1.0
9194,0,cluster_A,retain,1.0
9195,0,cluster_A,retain,1.0
9196,1,cluster_B,downweight,0.3499999940395355
9197,1,cluster_B,downweight,0.3499999940395355
9198,0,cluster_A,downweight,0.3499999940395355
9199,1,cluster_B,downweight,0.3499999940395355
9200,0,cluster_A,retain,1.0
9201,1,cluster_B,downweight,0.3499999940395355
9202,0,cluster_A,downweight,0.3499999940395355
9203,0,cluster_A,downweight,0.3499999940395355
9204,0,cluster_A,downweight,0.3499999940395355
9205,0,cluster_A,retain,1.0
9206,0,cluster_A,retain,1.0
9207,1,cluster_B,retain,1.0
9208,1,cluster_B,downweight,0.3499999940395355
9209,1,cluster_B,downweight,0.3499999940395355
9210,0,cluster_A,retain,1.0
9211,0,cluster_A,retain,1.0
9212,1,cluster_B,retain,1.0
9213,1,cluster_B,downweight,0.3499999940395355
9214,1,cluster_B,downweight,0.3499999940395355
9215,0,cluster_A,retain,1.0
9216,0,cluster_A,downweight,0.3499999940395355
9217,0,cluster_A,retain,1.0
9218,0,cluster_A,downweight,0.3499999940395355
9219,1,cluster_B,retain,1.0
9220,0,cluster_A,downweight,0.3499999940395355
9221,1,cluster_B,retain,1.0
9222,0,cluster_A,downweight,0.3499999940395355
9223,0,cluster_A,retain,1.0
9224,0,cluster_A,downweight,0.3499999940395355
9225,1,cluster_B,downweight,0.3499999940395355
9226,0,cluster_A,downweight,0.3499999940395355
9227,0,cluster_A,retain,1.0
9228,1,cluster_B,downweight,0.3499999940395355
9229,0,cluster_A,retain,1.0
9230,1,cluster_B,downweight,0.3499999940395355
9231,1,cluster_B,retain,1.0
9232,0,cluster_A,retain,1.0
9233,0,cluster_A,retain,1.0
9234,0,cluster_A,retain,1.0
9235,0,cluster_A,downweight,0.3499999940395355
9236,1,cluster_B,downweight,0.3499999940395355
9237,1,cluster_B,downweight,0.3499999940395355
9238,1,cluster_B,retain,1.0
9239,1,cluster_B,downweight,0.3499999940395355
9240,0,cluster_A,downweight,0.3499999940395355
9241,0,cluster_A,downweight,0.3499999940395355
9242,0,cluster_A,downweight,0.3499999940395355
9243,1,cluster_B,retain,1.0
9244,1,cluster_B,retain,1.0
9245,0,cluster_A,retain,1.0
9246,0,cluster_A,downweight,0.3499999940395355
9247,1,cluster_B,retain,1.0
9248,1,cluster_B,downweight,0.3499999940395355
9249,1,cluster_B,downweight,0.3499999940395355
9250,1,cluster_B,downweight,0.3499999940395355
9251,1,cluster_B,retain,1.0
9252,1,cluster_B,retain,1.0
9253,1,cluster_B,downweight,0.3499999940395355
9254,0,cluster_A,downweight,0.3499999940395355
9255,1,cluster_B,downweight,0.3499999940395355
9256,1,cluster_B,downweight,0.3499999940395355
9257,0,cluster_A,downweight,0.3499999940395355
9258,1,cluster_B,retain,1.0
9259,0,cluster_A,downweight,0.3499999940395355
9260,0,cluster_A,retain,1.0
9261,0,cluster_A,downweight,0.3499999940395355
9262,1,cluster_B,retain,1.0
9263,1,cluster_B,downweight,0.3499999940395355
9264,1,cluster_B,retain,1.0
9265,1,cluster_B,downweight,0.3499999940395355
9266,1,cluster_B,downweight,0.3499999940395355
9267,1,cluster_B,downweight,0.3499999940395355
9268,0,cluster_A,retain,1.0
9269,0,cluster_A,downweight,0.3499999940395355
9270,1,cluster_B,downweight,0.3499999940395355
9271,0,cluster_A,downweight,0.3499999940395355
9272,0,cluster_A,downweight,0.3499999940395355
9273,1,cluster_B,downweight,0.3499999940395355
9274,1,cluster_B,retain,1.0
9275,0,cluster_A,downweight,0.3499999940395355
9276,1,cluster_B,downweight,0.3499999940395355
9277,1,cluster_B,retain,1.0
9278,1,cluster_B,downweight,0.3499999940395355
9279,1,cluster_B,downweight,0.3499999940395355
9280,0,cluster_A,retain,1.0
9281,1,cluster_B,retain,1.0
9282,1,cluster_B,retain,1.0
9283,1,cluster_B,downweight,0.3499999940395355
9284,1,cluster_B,retain,1.0
9285,0,cluster_A,retain,1.0
9286,1,cluster_B,downweight,0.3499999940395355
9287,0,cluster_A,retain,1.0
9288,0,cluster_A,downweight,0.3499999940395355
9289,0,cluster_A,downweight,0.3499999940395355
9290,1,cluster_B,downweight,0.3499999940395355
9291,0,cluster_A,retain,1.0
9292,1,cluster_B,retain,1.0
9293,0,cluster_A,downweight,0.3499999940395355
9294,1,cluster_B,downweight,0.3499999940395355
9295,0,cluster_A,downweight,0.3499999940395355
9296,1,cluster_B,downweight,0.3499999940395355
9297,1,cluster_B,downweight,0.3499999940395355
9298,1,cluster_B,downweight,0.3499999940395355
9299,1,cluster_B,downweight,0.3499999940395355
9300,0,cluster_A,downweight,0.3499999940395355
9301,0,cluster_A,downweight,0.3499999940395355
9302,0,cluster_A,downweight,0.3499999940395355
9303,0,cluster_A,retain,1.0
9304,1,cluster_B,downweight,0.3499999940395355
9305,1,cluster_B,downweight,0.3499999940395355
9306,0,cluster_A,downweight,0.3499999940395355
9307,0,cluster_A,retain,1.0
9308,1,cluster_B,downweight,0.3499999940395355
9309,1,cluster_B,downweight,0.3499999940395355
9310,1,cluster_B,downweight,0.3499999940395355
9311,1,cluster_B,retain,1.0
9312,1,cluster_B,retain,1.0
9313,1,cluster_B,downweight,0.3499999940395355
9314,1,cluster_B,downweight,0.3499999940395355
9315,0,cluster_A,retain,1.0
9316,1,cluster_B,retain,1.0
9317,1,cluster_B,retain,1.0
9318,1,cluster_B,retain,1.0
9319,1,cluster_B,downweight,0.3499999940395355
9320,1,cluster_B,retain,1.0
9321,1,cluster_B,downweight,0.3499999940395355
9322,1,cluster_B,downweight,0.3499999940395355
9323,0,cluster_A,retain,1.0
9324,0,cluster_A,retain,1.0
9325,0,cluster_A,retain,1.0
9326,0,cluster_A,retain,1.0
9327,1,cluster_B,downweight,0.3499999940395355
9328,1,cluster_B,retain,1.0
9329,1,cluster_B,downweight,0.3499999940395355
9330,0,cluster_A,downweight,0.3499999940395355
9331,0,cluster_A,downweight,0.3499999940395355
9332,0,cluster_A,downweight,0.3499999940395355
9333,1,cluster_B,retain,1.0
9334,1,cluster_B,downweight,0.3499999940395355
9335,1,cluster_B,retain,1.0
9336,1,cluster_B,downweight,0.3499999940395355
9337,0,cluster_A,downweight,0.3499999940395355
9338,0,cluster_A,retain,1.0
9339,1,cluster_B,retain,1.0
9340,0,cluster_A,retain,1.0
9341,0,cluster_A,retain,1.0
9342,0,cluster_A,downweight,0.3499999940395355
9343,0,cluster_A,retain,1.0
9344,0,cluster_A,retain,1.0
9345,0,cluster_A,retain,1.0
9346,0,cluster_A,retain,1.0
9347,1,cluster_B,retain,1.0
9348,0,cluster_A,downweight,0.3499999940395355
9349,0,cluster_A,retain,1.0
9350,0,cluster_A,retain,1.0
9351,0,cluster_A,downweight,0.3499999940395355
9352,1,cluster_B,downweight,0.3499999940395355
9353,1,cluster_B,downweight,0.3499999940395355
9354,1,cluster_B,downweight,0.3499999940395355
9355,1,cluster_B,downweight,0.3499999940395355
9356,1,cluster_B,retain,1.0
9357,0,cluster_A,downweight,0.3499999940395355
9358,0,cluster_A,retain,1.0
9359,0,cluster_A,downweight,0.3499999940395355
9360,0,cluster_A,downweight,0.3499999940395355
9361,1,cluster_B,downweight,0.3499999940395355
9362,0,cluster_A,retain,1.0
9363,0,cluster_A,downweight,0.3499999940395355
9364,1,cluster_B,downweight,0.3499999940395355
9365,0,cluster_A,retain,1.0
9366,1,cluster_B,downweight,0.3499999940395355
9367,1,cluster_B,retain,1.0
9368,1,cluster_B,retain,1.0
9369,1,cluster_B,retain,1.0
9370,1,cluster_B,downweight,0.3499999940395355
9371,1,cluster_B,retain,1.0
9372,1,cluster_B,downweight,0.3499999940395355
9373,1,cluster_B,downweight,0.3499999940395355
9374,1,cluster_B,downweight,0.3499999940395355
9375,0,cluster_A,retain,1.0
9376,0,cluster_A,downweight,0.3499999940395355
9377,1,cluster_B,downweight,0.3499999940395355
9378,0,cluster_A,downweight,0.3499999940395355
9379,1,cluster_B,retain,1.0
9380,0,cluster_A,downweight,0.3499999940395355
9381,1,cluster_B,downweight,0.3499999940395355
9382,0,cluster_A,retain,1.0
9383,0,cluster_A,retain,1.0
9384,0,cluster_A,retain,1.0
9385,1,cluster_B,retain,1.0
9386,1,cluster_B,retain,1.0
9387,1,cluster_B,retain,1.0
9388,1,cluster_B,downweight,0.3499999940395355
9389,1,cluster_B,downweight,0.3499999940395355
9390,1,cluster_B,retain,1.0
9391,1,cluster_B,retain,1.0
9392,1,cluster_B,retain,1.0
9393,0,cluster_A,retain,1.0
9394,0,cluster_A,downweight,0.3499999940395355
9395,0,cluster_A,downweight,0.3499999940395355
9396,1,cluster_B,downweight,0.3499999940395355
9397,1,cluster_B,downweight,0.3499999940395355
9398,0,cluster_A,downweight,0.3499999940395355
9399,0,cluster_A,downweight,0.3499999940395355
9400,0,cluster_A,downweight,0.3499999940395355
9401,1,cluster_B,downweight,0.3499999940395355
9402,1,cluster_B,downweight,0.3499999940395355
9403,0,cluster_A,retain,1.0
9404,1,cluster_B,retain,1.0
9405,1,cluster_B,downweight,0.3499999940395355
9406,1,cluster_B,retain,1.0
9407,0,cluster_A,retain,1.0
9408,1,cluster_B,retain,1.0
9409,0,cluster_A,downweight,0.3499999940395355
9410,0,cluster_A,retain,1.0
9411,1,cluster_B,downweight,0.3499999940395355
9412,1,cluster_B,downweight,0.3499999940395355
9413,0,cluster_A,retain,1.0
9414,1,cluster_B,downweight,0.3499999940395355
9415,1,cluster_B,retain,1.0
9416,0,cluster_A,retain,1.0
9417,1,cluster_B,downweight,0.3499999940395355
9418,0,cluster_A,retain,1.0
9419,1,cluster_B,retain,1.0
9420,1,cluster_B,retain,1.0
9421,1,cluster_B,downweight,0.3499999940395355
9422,1,cluster_B,downweight,0.3499999940395355
9423,0,cluster_A,retain,1.0
9424,0,cluster_A,retain,1.0
9425,0,cluster_A,downweight,0.3499999940395355
9426,1,cluster_B,retain,1.0
9427,1,cluster_B,retain,1.0
9428,1,cluster_B,downweight,0.3499999940395355
9429,0,cluster_A,retain,1.0
9430,1,cluster_B,retain,1.0
9431,0,cluster_A,downweight,0.3499999940395355
9432,1,cluster_B,downweight,0.3499999940395355
9433,1,cluster_B,downweight,0.3499999940395355
9434,1,cluster_B,retain,1.0
9435,0,cluster_A,downweight,0.3499999940395355
9436,1,cluster_B,downweight,0.3499999940395355
9437,0,cluster_A,retain,1.0
9438,1,cluster_B,retain,1.0
9439,0,cluster_A,retain,1.0
9440,1,cluster_B,retain,1.0
9441,1,cluster_B,downweight,0.3499999940395355
9442,1,cluster_B,retain,1.0
9443,1,cluster_B,retain,1.0
9444,0,cluster_A,downweight,0.3499999940395355
9445,0,cluster_A,retain,1.0
9446,1,cluster_B,downweight,0.3499999940395355
9447,0,cluster_A,downweight,0.3499999940395355
9448,1,cluster_B,downweight,0.3499999940395355
9449,0,cluster_A,retain,1.0
9450,0,cluster_A,downweight,0.3499999940395355
9451,0,cluster_A,retain,1.0
9452,0,cluster_A,retain,1.0
9453,0,cluster_A,retain,1.0
9454,1,cluster_B,downweight,0.3499999940395355
9455,1,cluster_B,retain,1.0
9456,1,cluster_B,downweight,0.3499999940395355
9457,1,cluster_B,retain,1.0
9458,1,cluster_B,downweight,0.3499999940395355
9459,0,cluster_A,downweight,0.3499999940395355
9460,1,cluster_B,retain,1.0
9461,1,cluster_B,retain,1.0
9462,0,cluster_A,downweight,0.3499999940395355
9463,0,cluster_A,downweight,0.3499999940395355
9464,1,cluster_B,retain,1.0
9465,0,cluster_A,downweight,0.3499999940395355
9466,1,cluster_B,downweight,0.3499999940395355
9467,1,cluster_B,retain,1.0
9468,1,cluster_B,downweight,0.3499999940395355
9469,0,cluster_A,downweight,0.3499999940395355
9470,0,cluster_A,retain,1.0
9471,0,cluster_A,retain,1.0
9472,0,cluster_A,retain,1.0
9473,0,cluster_A,downweight,0.3499999940395355
9474,0,cluster_A,retain,1.0
9475,0,cluster_A,retain,1.0
9476,0,cluster_A,downweight,0.3499999940395355
9477,1,cluster_B,retain,1.0
9478,0,cluster_A,downweight,0.3499999940395355
9479,1,cluster_B,downweight,0.3499999940395355
9480,1,cluster_B,downweight,0.3499999940395355
9481,0,cluster_A,retain,1.0
9482,0,cluster_A,retain,1.0
9483,0,cluster_A,retain,1.0
9484,1,cluster_B,retain,1.0
9485,1,cluster_B,downweight,0.3499999940395355
9486,1,cluster_B,retain,1.0
9487,1,cluster_B,downweight,0.3499999940395355
9488,1,cluster_B,downweight,0.3499999940395355
9489,0,cluster_A,downweight,0.3499999940395355
9490,0,cluster_A,retain,1.0
9491,1,cluster_B,downweight,0.3499999940395355
9492,1,cluster_B,retain,1.0
9493,0,cluster_A,retain,1.0
9494,1,cluster_B,downweight,0.3499999940395355
9495,1,cluster_B,downweight,0.3499999940395355
9496,0,cluster_A,downweight,0.3499999940395355
9497,1,cluster_B,downweight,0.3499999940395355
9498,1,cluster_B,downweight,0.3499999940395355
9499,0,cluster_A,downweight,0.3499999940395355
9500,1,cluster_B,retain,1.0
9501,1,cluster_B,retain,1.0
9502,1,cluster_B,retain,1.0
9503,1,cluster_B,downweight,0.3499999940395355
9504,0,cluster_A,retain,1.0
9505,0,cluster_A,retain,1.0
9506,0,cluster_A,downweight,0.3499999940395355
9507,0,cluster_A,downweight,0.3499999940395355
9508,0,cluster_A,retain,1.0
9509,0,cluster_A,downweight,0.3499999940395355
9510,0,cluster_A,retain,1.0
9511,0,cluster_A,retain,1.0
9512,0,cluster_A,retain,1.0
9513,0,cluster_A,downweight,0.3499999940395355
9514,1,cluster_B,downweight,0.3499999940395355
9515,0,cluster_A,retain,1.0
9516,0,cluster_A,downweight,0.3499999940395355
9517,1,cluster_B,downweight,0.3499999940395355
9518,0,cluster_A,retain,1.0
9519,1,cluster_B,downweight,0.3499999940395355
9520,1,cluster_B,retain,1.0
9521,0,cluster_A,retain,1.0
9522,0,cluster_A,downweight,0.3499999940395355
9523,1,cluster_B,retain,1.0
9524,0,cluster_A,retain,1.0
9525,1,cluster_B,retain,1.0
9526,0,cluster_A,retain,1.0
9527,0,cluster_A,downweight,0.3499999940395355
9528,1,cluster_B,downweight,0.3499999940395355
9529,0,cluster_A,retain,1.0
9530,0,cluster_A,downweight,0.3499999940395355
9531,1,cluster_B,downweight,0.3499999940395355
9532,0,cluster_A,downweight,0.3499999940395355
9533,1,cluster_B,retain,1.0
9534,1,cluster_B,downweight,0.3499999940395355
9535,0,cluster_A,downweight,0.3499999940395355
9536,0,cluster_A,retain,1.0
9537,0,cluster_A,downweight,0.3499999940395355
9538,1,cluster_B,downweight,0.3499999940395355
9539,0,cluster_A,retain,1.0
9540,1,cluster_B,downweight,0.3499999940395355
9541,1,cluster_B,retain,1.0
9542,1,cluster_B,downweight,0.3499999940395355
9543,0,cluster_A,retain,1.0
9544,1,cluster_B,downweight,0.3499999940395355
9545,1,cluster_B,retain,1.0
9546,1,cluster_B,retain,1.0
9547,1,cluster_B,retain,1.0
9548,0,cluster_A,downweight,0.3499999940395355
9549,1,cluster_B,retain,1.0
9550,1,cluster_B,downweight,0.3499999940395355
9551,1,cluster_B,retain,1.0
9552,0,cluster_A,downweight,0.3499999940395355
9553,1,cluster_B,downweight,0.3499999940395355
9554,0,cluster_A,downweight,0.3499999940395355
9555,1,cluster_B,downweight,0.3499999940395355
9556,1,cluster_B,retain,1.0
9557,1,cluster_B,downweight,0.3499999940395355
9558,0,cluster_A,downweight,0.3499999940395355
9559,1,cluster_B,downweight,0.3499999940395355
9560,0,cluster_A,retain,1.0
9561,1,cluster_B,downweight,0.3499999940395355
9562,0,cluster_A,retain,1.0
9563,1,cluster_B,retain,1.0
9564,0,cluster_A,downweight,0.3499999940395355
9565,0,cluster_A,retain,1.0
9566,1,cluster_B,downweight,0.3499999940395355
9567,0,cluster_A,retain,1.0
9568,1,cluster_B,downweight,0.3499999940395355
9569,0,cluster_A,downweight,0.3499999940395355
9570,1,cluster_B,downweight,0.3499999940395355
9571,1,cluster_B,retain,1.0
9572,0,cluster_A,retain,1.0
9573,0,cluster_A,retain,1.0
9574,1,cluster_B,downweight,0.3499999940395355
9575,0,cluster_A,downweight,0.3499999940395355
9576,0,cluster_A,retain,1.0
9577,0,cluster_A,downweight,0.3499999940395355
9578,1,cluster_B,downweight,0.3499999940395355
9579,1,cluster_B,retain,1.0
9580,1,cluster_B,retain,1.0
9581,1,cluster_B,downweight,0.3499999940395355
9582,1,cluster_B,retain,1.0
9583,0,cluster_A,retain,1.0
9584,0,cluster_A,downweight,0.3499999940395355
9585,0,cluster_A,retain,1.0
9586,0,cluster_A,downweight,0.3499999940395355
9587,1,cluster_B,retain,1.0
9588,1,cluster_B,downweight,0.3499999940395355
9589,1,cluster_B,retain,1.0
9590,0,cluster_A,retain,1.0
9591,1,cluster_B,retain,1.0
9592,0,cluster_A,retain,1.0
9593,1,cluster_B,retain,1.0
9594,1,cluster_B,retain,1.0
9595,1,cluster_B,retain,1.0
9596,0,cluster_A,retain,1.0
9597,0,cluster_A,downweight,0.3499999940395355
9598,1,cluster_B,downweight,0.3499999940395355
9599,0,cluster_A,retain,1.0
9600,1,cluster_B,retain,1.0
9601,1,cluster_B,retain,1.0
9602,0,cluster_A,retain,1.0
9603,0,cluster_A,retain,1.0
9604,0,cluster_A,retain,1.0
9605,0,cluster_A,retain,1.0
9606,1,cluster_B,downweight,0.3499999940395355
9607,1,cluster_B,retain,1.0
9608,0,cluster_A,retain,1.0
9609,1,cluster_B,retain,1.0
9610,1,cluster_B,retain,1.0
9611,0,cluster_A,downweight,0.3499999940395355
9612,0,cluster_A,downweight,0.3499999940395355
9613,0,cluster_A,downweight,0.3499999940395355
9614,0,cluster_A,downweight,0.3499999940395355
9615,0,cluster_A,downweight,0.3499999940395355
9616,0,cluster_A,downweight,0.3499999940395355
9617,1,cluster_B,retain,1.0
9618,1,cluster_B,downweight,0.3499999940395355
9619,1,cluster_B,downweight,0.3499999940395355
9620,0,cluster_A,downweight,0.3499999940395355
9621,1,cluster_B,downweight,0.3499999940395355
9622,0,cluster_A,downweight,0.3499999940395355
9623,1,cluster_B,downweight,0.3499999940395355
9624,1,cluster_B,retain,1.0
9625,0,cluster_A,retain,1.0
9626,1,cluster_B,downweight,0.3499999940395355
9627,0,cluster_A,retain,1.0
9628,1,cluster_B,retain,1.0
9629,1,cluster_B,downweight,0.3499999940395355
9630,0,cluster_A,downweight,0.3499999940395355
9632,0,cluster_A,downweight,0.3499999940395355
9633,0,cluster_A,retain,1.0
9634,1,cluster_B,downweight,0.3499999940395355
9635,0,cluster_A,retain,1.0
9636,0,cluster_A,downweight,0.3499999940395355
9637,0,cluster_A,retain,1.0
9638,0,cluster_A,retain,1.0
9639,1,cluster_B,retain,1.0
9640,0,cluster_A,retain,1.0
9641,1,cluster_B,downweight,0.3499999940395355
9642,0,cluster_A,downweight,0.3499999940395355
9643,0,cluster_A,retain,1.0
9644,0,cluster_A,downweight,0.3499999940395355
9645,1,cluster_B,retain,1.0
9646,1,cluster_B,downweight,0.3499999940395355
9647,0,cluster_A,downweight,0.3499999940395355
9648,1,cluster_B,downweight,0.3499999940395355
9649,0,cluster_A,downweight,0.3499999940395355
9650,0,cluster_A,retain,1.0
9651,0,cluster_A,downweight,0.3499999940395355
9652,0,cluster_A,downweight,0.3499999940395355
9653,1,cluster_B,retain,1.0
9654,0,cluster_A,retain,1.0
9655,1,cluster_B,downweight,0.3499999940395355
9656,0,cluster_A,retain,1.0
9657,1,cluster_B,retain,1.0
9658,0,cluster_A,downweight,0.3499999940395355
9659,1,cluster_B,retain,1.0
9660,0,cluster_A,retain,1.0
9661,0,cluster_A,downweight,0.3499999940395355
9662,0,cluster_A,retain,1.0
9663,1,cluster_B,retain,1.0
9664,0,cluster_A,downweight,0.3499999940395355
9665,1,cluster_B,retain,1.0
9667,0,cluster_A,retain,1.0
9668,0,cluster_A,downweight,0.3499999940395355
9669,0,cluster_A,downweight,0.3499999940395355
9670,0,cluster_A,downweight,0.3499999940395355
9671,0,cluster_A,retain,1.0
9672,0,cluster_A,downweight,0.3499999940395355
9673,1,cluster_B,downweight,0.3499999940395355
9674,0,cluster_A,retain,1.0
9675,0,cluster_A,retain,1.0
9676,0,cluster_A,downweight,0.3499999940395355
9677,0,cluster_A,downweight,0.3499999940395355
9678,1,cluster_B,downweight,0.3499999940395355
9679,0,cluster_A,retain,1.0
9680,1,cluster_B,downweight,0.3499999940395355
9681,0,cluster_A,retain,1.0
9682,1,cluster_B,retain,1.0
9683,1,cluster_B,retain,1.0
9684,1,cluster_B,downweight,0.3499999940395355
9685,0,cluster_A,retain,1.0
9686,0,cluster_A,retain,1.0
9687,1,cluster_B,downweight,0.3499999940395355
9688,0,cluster_A,downweight,0.3499999940395355
9689,1,cluster_B,retain,1.0
9690,0,cluster_A,downweight,0.3499999940395355
9691,0,cluster_A,retain,1.0
9692,1,cluster_B,downweight,0.3499999940395355
9693,0,cluster_A,downweight,0.3499999940395355
9694,1,cluster_B,downweight,0.3499999940395355
9695,1,cluster_B,downweight,0.3499999940395355
9696,0,cluster_A,retain,1.0
9697,1,cluster_B,downweight,0.3499999940395355
9698,0,cluster_A,retain,1.0
9699,1,cluster_B,downweight,0.3499999940395355
9700,0,cluster_A,retain,1.0
9701,1,cluster_B,downweight,0.3499999940395355
9702,1,cluster_B,downweight,0.3499999940395355
9703,1,cluster_B,downweight,0.3499999940395355
9704,0,cluster_A,downweight,0.3499999940395355
9705,0,cluster_A,retain,1.0
9706,0,cluster_A,downweight,0.3499999940395355
9707,1,cluster_B,downweight,0.3499999940395355
9708,1,cluster_B,retain,1.0
9709,1,cluster_B,retain,1.0
9710,0,cluster_A,retain,1.0
9711,1,cluster_B,downweight,0.3499999940395355
9712,1,cluster_B,retain,1.0
9713,0,cluster_A,retain,1.0
9714,0,cluster_A,downweight,0.3499999940395355
9716,0,cluster_A,downweight,0.3499999940395355
9718,0,cluster_A,retain,1.0
9719,0,cluster_A,downweight,0.3499999940395355
9720,0,cluster_A,downweight,0.3499999940395355
9721,0,cluster_A,retain,1.0
9722,1,cluster_B,retain,1.0
9723,1,cluster_B,downweight,0.3499999940395355
9724,0,cluster_A,retain,1.0
9725,1,cluster_B,retain,1.0
9726,1,cluster_B,downweight,0.3499999940395355
9727,0,cluster_A,downweight,0.3499999940395355
9728,1,cluster_B,downweight,0.3499999940395355
9729,0,cluster_A,retain,1.0
9730,1,cluster_B,retain,1.0
9731,1,cluster_B,retain,1.0
9732,0,cluster_A,retain,1.0
9733,1,cluster_B,retain,1.0
9734,0,cluster_A,downweight,0.3499999940395355
9735,0,cluster_A,downweight,0.3499999940395355
9736,1,cluster_B,retain,1.0
9737,1,cluster_B,retain,1.0
9738,1,cluster_B,downweight,0.3499999940395355
9739,1,cluster_B,retain,1.0
9740,0,cluster_A,downweight,0.3499999940395355
9741,0,cluster_A,retain,1.0
9742,1,cluster_B,retain,1.0
9743,0,cluster_A,downweight,0.3499999940395355
9744,1,cluster_B,retain,1.0
9745,1,cluster_B,retain,1.0
9746,0,cluster_A,downweight,0.3499999940395355
9747,1,cluster_B,retain,1.0
9748,1,cluster_B,downweight,0.3499999940395355
9749,1,cluster_B,downweight,0.3499999940395355
9750,0,cluster_A,downweight,0.3499999940395355
9751,0,cluster_A,downweight,0.3499999940395355
9752,1,cluster_B,downweight,0.3499999940395355
9753,0,cluster_A,downweight,0.3499999940395355
9754,0,cluster_A,downweight,0.3499999940395355
9755,1,cluster_B,retain,1.0
9756,1,cluster_B,downweight,0.3499999940395355
9757,0,cluster_A,downweight,0.3499999940395355
9758,1,cluster_B,downweight,0.3499999940395355
9759,1,cluster_B,downweight,0.3499999940395355
9760,0,cluster_A,retain,1.0
9761,1,cluster_B,downweight,0.3499999940395355
9762,0,cluster_A,retain,1.0
9763,0,cluster_A,retain,1.0
9764,1,cluster_B,retain,1.0
9765,0,cluster_A,downweight,0.3499999940395355
9766,1,cluster_B,retain,1.0
9767,1,cluster_B,downweight,0.3499999940395355
9768,0,cluster_A,retain,1.0
9769,1,cluster_B,downweight,0.3499999940395355
9770,0,cluster_A,downweight,0.3499999940395355
9771,1,cluster_B,retain,1.0
9772,1,cluster_B,downweight,0.3499999940395355
9773,1,cluster_B,downweight,0.3499999940395355
9774,0,cluster_A,downweight,0.3499999940395355
9775,1,cluster_B,retain,1.0
9776,0,cluster_A,downweight,0.3499999940395355
9777,0,cluster_A,downweight,0.3499999940395355
9778,1,cluster_B,retain,1.0
9779,1,cluster_B,downweight,0.3499999940395355
9780,1,cluster_B,downweight,0.3499999940395355
9781,0,cluster_A,retain,1.0
9782,1,cluster_B,retain,1.0
9783,0,cluster_A,downweight,0.3499999940395355
9784,1,cluster_B,downweight,0.3499999940395355
9785,0,cluster_A,downweight,0.3499999940395355
9786,0,cluster_A,retain,1.0
9787,0,cluster_A,retain,1.0
9788,0,cluster_A,downweight,0.3499999940395355
9789,0,cluster_A,retain,1.0
9790,0,cluster_A,downweight,0.3499999940395355
9791,1,cluster_B,downweight,0.3499999940395355
9792,0,cluster_A,retain,1.0
9793,1,cluster_B,downweight,0.3499999940395355
9794,1,cluster_B,retain,1.0
9795,0,cluster_A,downweight,0.3499999940395355
9796,0,cluster_A,downweight,0.3499999940395355
9797,1,cluster_B,retain,1.0
9798,1,cluster_B,downweight,0.3499999940395355
9799,1,cluster_B,downweight,0.3499999940395355
9800,1,cluster_B,retain,1.0
9801,1,cluster_B,retain,1.0
9802,0,cluster_A,retain,1.0
9803,1,cluster_B,downweight,0.3499999940395355
9804,1,cluster_B,retain,1.0
9805,1,cluster_B,downweight,0.3499999940395355
9806,1,cluster_B,retain,1.0
9807,1,cluster_B,downweight,0.3499999940395355
9808,1,cluster_B,downweight,0.3499999940395355
9809,0,cluster_A,downweight,0.3499999940395355
9810,1,cluster_B,retain,1.0
9811,1,cluster_B,retain,1.0
9812,1,cluster_B,retain,1.0
9813,1,cluster_B,downweight,0.3499999940395355
9814,0,cluster_A,retain,1.0
9815,0,cluster_A,downweight,0.3499999940395355
9816,0,cluster_A,retain,1.0
9817,1,cluster_B,retain,1.0
9818,1,cluster_B,downweight,0.3499999940395355
9819,1,cluster_B,downweight,0.3499999940395355
9820,1,cluster_B,retain,1.0
9821,0,cluster_A,retain,1.0
9822,0,cluster_A,downweight,0.3499999940395355
9823,1,cluster_B,retain,1.0
9824,1,cluster_B,retain,1.0
9825,0,cluster_A,downweight,0.3499999940395355
9826,0,cluster_A,downweight,0.3499999940395355
9827,1,cluster_B,downweight,0.3499999940395355
9828,1,cluster_B,downweight,0.3499999940395355
9829,1,cluster_B,downweight,0.3499999940395355
9830,1,cluster_B,retain,1.0
9831,1,cluster_B,retain,1.0
9832,0,cluster_A,downweight,0.3499999940395355
9833,1,cluster_B,retain,1.0
9834,0,cluster_A,downweight,0.3499999940395355
9835,1,cluster_B,downweight,0.3499999940395355
9836,1,cluster_B,downweight,0.3499999940395355
9837,1,cluster_B,downweight,0.3499999940395355
9838,1,cluster_B,downweight,0.3499999940395355
9839,0,cluster_A,downweight,0.3499999940395355
9840,0,cluster_A,downweight,0.3499999940395355
9841,0,cluster_A,retain,1.0
9842,1,cluster_B,downweight,0.3499999940395355
9843,1,cluster_B,retain,1.0
9844,0,cluster_A,retain,1.0
9845,0,cluster_A,retain,1.0
9846,1,cluster_B,retain,1.0
9847,0,cluster_A,downweight,0.3499999940395355
9848,0,cluster_A,retain,1.0
9849,0,cluster_A,downweight,0.3499999940395355
9850,0,cluster_A,downweight,0.3499999940395355
9851,0,cluster_A,retain,1.0
9852,1,cluster_B,retain,1.0
9853,0,cluster_A,downweight,0.3499999940395355
9854,0,cluster_A,retain,1.0
9855,0,cluster_A,downweight,0.3499999940395355
9856,0,cluster_A,retain,1.0
9857,0,cluster_A,retain,1.0
9858,0,cluster_A,retain,1.0
9859,0,cluster_A,retain,1.0
9860,1,cluster_B,downweight,0.3499999940395355
9861,0,cluster_A,retain,1.0
9862,0,cluster_A,retain,1.0
9863,1,cluster_B,downweight,0.3499999940395355
9864,1,cluster_B,downweight,0.3499999940395355
9865,1,cluster_B,downweight,0.3499999940395355
9866,1,cluster_B,downweight,0.3499999940395355
9867,1,cluster_B,downweight,0.3499999940395355
9868,0,cluster_A,downweight,0.3499999940395355
9869,1,cluster_B,retain,1.0
9870,1,cluster_B,retain,1.0
9871,0,cluster_A,downweight,0.3499999940395355
9872,0,cluster_A,downweight,0.3499999940395355
9873,1,cluster_B,downweight,0.3499999940395355
9874,1,cluster_B,downweight,0.3499999940395355
9875,0,cluster_A,retain,1.0
9876,1,cluster_B,downweight,0.3499999940395355
9877,0,cluster_A,downweight,0.3499999940395355
9878,0,cluster_A,downweight,0.3499999940395355
9879,1,cluster_B,retain,1.0
9880,0,cluster_A,retain,1.0
9881,0,cluster_A,downweight,0.3499999940395355
9882,0,cluster_A,retain,1.0
9883,1,cluster_B,downweight,0.3499999940395355
9884,0,cluster_A,retain,1.0
9885,1,cluster_B,downweight,0.3499999940395355
9886,0,cluster_A,retain,1.0
9887,1,cluster_B,downweight,0.3499999940395355
9888,0,cluster_A,downweight,0.3499999940395355
9889,1,cluster_B,downweight,0.3499999940395355
9890,0,cluster_A,downweight,0.3499999940395355
9891,1,cluster_B,downweight,0.3499999940395355
9892,1,cluster_B,retain,1.0
9893,0,cluster_A,downweight,0.3499999940395355
9894,1,cluster_B,downweight,0.3499999940395355
9895,1,cluster_B,downweight,0.3499999940395355
9896,0,cluster_A,downweight,0.3499999940395355
9897,0,cluster_A,downweight,0.3499999940395355
9898,1,cluster_B,downweight,0.3499999940395355
9899,1,cluster_B,downweight,0.3499999940395355
9900,1,cluster_B,retain,1.0
9901,1,cluster_B,downweight,0.3499999940395355
9902,0,cluster_A,retain,1.0
9903,1,cluster_B,downweight,0.3499999940395355
9904,0,cluster_A,retain,1.0
9905,1,cluster_B,downweight,0.3499999940395355
9906,1,cluster_B,retain,1.0
9907,1,cluster_B,retain,1.0
9908,1,cluster_B,downweight,0.3499999940395355
9909,0,cluster_A,downweight,0.3499999940395355
9910,1,cluster_B,downweight,0.3499999940395355
9911,1,cluster_B,retain,1.0
9912,1,cluster_B,retain,1.0
9913,0,cluster_A,downweight,0.3499999940395355
9914,0,cluster_A,retain,1.0
9915,0,cluster_A,retain,1.0
9916,0,cluster_A,downweight,0.3499999940395355
9917,0,cluster_A,downweight,0.3499999940395355
9918,1,cluster_B,retain,1.0
9919,0,cluster_A,downweight,0.3499999940395355
9920,1,cluster_B,retain,1.0
9921,1,cluster_B,downweight,0.3499999940395355
9922,1,cluster_B,downweight,0.3499999940395355
9923,0,cluster_A,downweight,0.3499999940395355
9924,0,cluster_A,downweight,0.3499999940395355
9925,1,cluster_B,retain,1.0
9926,1,cluster_B,retain,1.0
9927,1,cluster_B,downweight,0.3499999940395355
9928,1,cluster_B,retain,1.0
9929,1,cluster_B,retain,1.0
9930,0,cluster_A,retain,1.0
9931,1,cluster_B,downweight,0.3499999940395355
9932,1,cluster_B,retain,1.0
9933,1,cluster_B,retain,1.0
9934,0,cluster_A,retain,1.0
9935,0,cluster_A,downweight,0.3499999940395355
9936,1,cluster_B,retain,1.0
9937,0,cluster_A,downweight,0.3499999940395355
9938,0,cluster_A,downweight,0.3499999940395355
9939,0,cluster_A,downweight,0.3499999940395355
9940,0,cluster_A,retain,1.0
9941,0,cluster_A,retain,1.0
9942,0,cluster_A,retain,1.0
9943,1,cluster_B,downweight,0.3499999940395355
9944,0,cluster_A,retain,1.0
9945,0,cluster_A,downweight,0.3499999940395355
9946,0,cluster_A,retain,1.0
9947,0,cluster_A,retain,1.0
9948,1,cluster_B,downweight,0.3499999940395355
9949,0,cluster_A,retain,1.0
9950,0,cluster_A,retain,1.0
9951,0,cluster_A,retain,1.0
9952,0,cluster_A,retain,1.0
9953,1,cluster_B,retain,1.0
9954,1,cluster_B,downweight,0.3499999940395355
9955,0,cluster_A,downweight,0.3499999940395355
9956,0,cluster_A,retain,1.0
9957,0,cluster_A,retain,1.0
9958,0,cluster_A,downweight,0.3499999940395355
9959,0,cluster_A,retain,1.0
9960,1,cluster_B,downweight,0.3499999940395355
9961,0,cluster_A,downweight,0.3499999940395355
9962,0,cluster_A,downweight,0.3499999940395355
9963,0,cluster_A,downweight,0.3499999940395355
9964,1,cluster_B,downweight,0.3499999940395355
9965,1,cluster_B,retain,1.0
9966,0,cluster_A,downweight,0.3499999940395355
9967,1,cluster_B,retain,1.0
9968,0,cluster_A,retain,1.0
9969,1,cluster_B,downweight,0.3499999940395355
9970,0,cluster_A,retain,1.0
9971,1,cluster_B,retain,1.0
9972,1,cluster_B,downweight,0.3499999940395355
9973,0,cluster_A,downweight,0.3499999940395355
9974,0,cluster_A,downweight,0.3499999940395355
9976,1,cluster_B,retain,1.0
9977,1,cluster_B,downweight,0.3499999940395355
9978,0,cluster_A,retain,1.0
9979,1,cluster_B,downweight,0.3499999940395355
9980,0,cluster_A,downweight,0.3499999940395355
9981,1,cluster_B,downweight,0.3499999940395355
9982,0,cluster_A,retain,1.0
9983,0,cluster_A,retain,1.0
9984,1,cluster_B,retain,1.0
9985,0,cluster_A,downweight,0.3499999940395355
9986,0,cluster_A,downweight,0.3499999940395355
9987,0,cluster_A,downweight,0.3499999940395355
9988,1,cluster_B,retain,1.0
9989,0,cluster_A,retain,1.0
9990,1,cluster_B,downweight,0.3499999940395355
9991,1,cluster_B,retain,1.0
9992,1,cluster_B,retain,1.0
9993,0,cluster_A,retain,1.0
9994,1,cluster_B,downweight,0.3499999940395355
9995,0,cluster_A,retain,1.0
9996,0,cluster_A,downweight,0.3499999940395355
9997,0,cluster_A,downweight,0.3499999940395355
9998,1,cluster_B,retain,1.0
9999,1,cluster_B,retain,1.0
